solid OpenSCAD_Model
  facet normal 0 0 -1
    outer loop
      vertex 23.8 -11.9 2.5
      vertex 24.4 -11.3 2.5
      vertex 24.3849 -11.4335 2.5
    endloop
  endfacet
  facet normal 0 0 -1
    outer loop
      vertex 24.4 -11.3 2.5
      vertex 23.2 -10.7 2.5
      vertex 24.4 11.3 2.5
    endloop
  endfacet
  facet normal 0 0 -1
    outer loop
      vertex 23.8 -11.9 2.5
      vertex 24.3849 -11.4335 2.5
      vertex 24.3406 -11.5603 2.5
    endloop
  endfacet
  facet normal 0 0 -1
    outer loop
      vertex 23.2 10.7 2.5
      vertex 24.4 11.3 2.5
      vertex 23.2 -10.7 2.5
    endloop
  endfacet
  facet normal 0 0 -1
    outer loop
      vertex 23.8 -11.9 2.5
      vertex 24.3406 -11.5603 2.5
      vertex 24.2691 -11.6741 2.5
    endloop
  endfacet
  facet normal 0 -0 -1
    outer loop
      vertex 23.8 11.9 2.5
      vertex 24.4 11.3 2.5
      vertex 23.2 10.7 2.5
    endloop
  endfacet
  facet normal 0 0 -1
    outer loop
      vertex 23.8 -11.9 2.5
      vertex 24.2691 -11.6741 2.5
      vertex 24.1741 -11.7691 2.5
    endloop
  endfacet
  facet normal 0 0 -1
    outer loop
      vertex 24.4 11.3 2.5
      vertex 23.8 11.9 2.5
      vertex 24.3849 11.4335 2.5
    endloop
  endfacet
  facet normal 0 0 -1
    outer loop
      vertex 23.8 -11.9 2.5
      vertex 24.1741 -11.7691 2.5
      vertex 24.0603 -11.8406 2.5
    endloop
  endfacet
  facet normal 0 0 -1
    outer loop
      vertex 24.3849 11.4335 2.5
      vertex 23.8 11.9 2.5
      vertex 24.3406 11.5603 2.5
    endloop
  endfacet
  facet normal 0 0 -1
    outer loop
      vertex 23.8 -11.9 2.5
      vertex 24.0603 -11.8406 2.5
      vertex 23.9335 -11.8849 2.5
    endloop
  endfacet
  facet normal 0 0 -1
    outer loop
      vertex 24.3406 11.5603 2.5
      vertex 23.8 11.9 2.5
      vertex 24.2691 11.6741 2.5
    endloop
  endfacet
  facet normal -0 0 -1
    outer loop
      vertex 24.4 -11.3 2.5
      vertex 23.8 -11.9 2.5
      vertex 23.2 -10.7 2.5
    endloop
  endfacet
  facet normal 0 0 -1
    outer loop
      vertex 24.2691 11.6741 2.5
      vertex 23.8 11.9 2.5
      vertex 24.1741 11.7691 2.5
    endloop
  endfacet
  facet normal 0 0 -1
    outer loop
      vertex 24.1741 11.7691 2.5
      vertex 23.8 11.9 2.5
      vertex 24.0603 11.8406 2.5
    endloop
  endfacet
  facet normal 0 0 -1
    outer loop
      vertex 23.8 -11.9 2.5
      vertex -23.2 -10.7 2.5
      vertex 23.2 -10.7 2.5
    endloop
  endfacet
  facet normal 0 0 -1
    outer loop
      vertex -24.4 -11.3 2.5
      vertex -23.2 -10.7 2.5
      vertex -23.8 -11.9 2.5
    endloop
  endfacet
  facet normal 0 0 -1
    outer loop
      vertex -23.8 -11.9 2.5
      vertex -23.2 -10.7 2.5
      vertex 23.8 -11.9 2.5
    endloop
  endfacet
  facet normal 0 0 -1
    outer loop
      vertex 24.0603 11.8406 2.5
      vertex 23.8 11.9 2.5
      vertex 23.9335 11.8849 2.5
    endloop
  endfacet
  facet normal 0 0 -1
    outer loop
      vertex -23.2 10.7 2.5
      vertex 23.8 11.9 2.5
      vertex 23.2 10.7 2.5
    endloop
  endfacet
  facet normal 0 0 -1
    outer loop
      vertex -23.2 10.7 2.5
      vertex -23.8 11.9 2.5
      vertex 23.8 11.9 2.5
    endloop
  endfacet
  facet normal -0 0 -1
    outer loop
      vertex -23.2 -10.7 2.5
      vertex -24.4 -11.3 2.5
      vertex -23.2 10.7 2.5
    endloop
  endfacet
  facet normal 0 0 -1
    outer loop
      vertex -24.4 -11.3 2.5
      vertex -23.8 -11.9 2.5
      vertex -23.9335 -11.8849 2.5
    endloop
  endfacet
  facet normal 0 0 -1
    outer loop
      vertex -24.4 11.3 2.5
      vertex -23.2 10.7 2.5
      vertex -24.4 -11.3 2.5
    endloop
  endfacet
  facet normal 0 0 -1
    outer loop
      vertex -24.4 -11.3 2.5
      vertex -23.9335 -11.8849 2.5
      vertex -24.0603 -11.8406 2.5
    endloop
  endfacet
  facet normal 0 0 -1
    outer loop
      vertex -23.2 10.7 2.5
      vertex -24.4 11.3 2.5
      vertex -23.8 11.9 2.5
    endloop
  endfacet
  facet normal 0 0 -1
    outer loop
      vertex -24.4 -11.3 2.5
      vertex -24.0603 -11.8406 2.5
      vertex -24.1741 -11.7691 2.5
    endloop
  endfacet
  facet normal 0 0 -1
    outer loop
      vertex -23.8 11.9 2.5
      vertex -24.4 11.3 2.5
      vertex -23.9335 11.8849 2.5
    endloop
  endfacet
  facet normal 0 0 -1
    outer loop
      vertex -24.4 -11.3 2.5
      vertex -24.1741 -11.7691 2.5
      vertex -24.2691 -11.6741 2.5
    endloop
  endfacet
  facet normal 0 0 -1
    outer loop
      vertex -23.9335 11.8849 2.5
      vertex -24.4 11.3 2.5
      vertex -24.0603 11.8406 2.5
    endloop
  endfacet
  facet normal 0 0 -1
    outer loop
      vertex -24.4 -11.3 2.5
      vertex -24.2691 -11.6741 2.5
      vertex -24.3406 -11.5603 2.5
    endloop
  endfacet
  facet normal 0 0 -1
    outer loop
      vertex -24.0603 11.8406 2.5
      vertex -24.4 11.3 2.5
      vertex -24.1741 11.7691 2.5
    endloop
  endfacet
  facet normal 0 0 -1
    outer loop
      vertex -24.4 -11.3 2.5
      vertex -24.3406 -11.5603 2.5
      vertex -24.3849 -11.4335 2.5
    endloop
  endfacet
  facet normal 0 0 -1
    outer loop
      vertex -24.1741 11.7691 2.5
      vertex -24.4 11.3 2.5
      vertex -24.2691 11.6741 2.5
    endloop
  endfacet
  facet normal 0 0 -1
    outer loop
      vertex -24.2691 11.6741 2.5
      vertex -24.4 11.3 2.5
      vertex -24.3406 11.5603 2.5
    endloop
  endfacet
  facet normal 0 0 -1
    outer loop
      vertex -24.3406 11.5603 2.5
      vertex -24.4 11.3 2.5
      vertex -24.3849 11.4335 2.5
    endloop
  endfacet
  facet normal 0 0 1
    outer loop
      vertex 23.8 11.9 3.2
      vertex 24.4 11.3 3.2
      vertex 24.3849 11.4335 3.2
    endloop
  endfacet
  facet normal 0 0 1
    outer loop
      vertex 24.4 11.3 3.2
      vertex 23.2 10.7 3.2
      vertex 24.4 -11.3 3.2
    endloop
  endfacet
  facet normal 0 0 1
    outer loop
      vertex 23.8 11.9 3.2
      vertex 24.3849 11.4335 3.2
      vertex 24.3406 11.5603 3.2
    endloop
  endfacet
  facet normal -0 0 1
    outer loop
      vertex 23.2 -10.7 3.2
      vertex 24.4 -11.3 3.2
      vertex 23.2 10.7 3.2
    endloop
  endfacet
  facet normal 0 0 1
    outer loop
      vertex 23.8 11.9 3.2
      vertex 24.3406 11.5603 3.2
      vertex 24.2691 11.6741 3.2
    endloop
  endfacet
  facet normal 0 -0 1
    outer loop
      vertex 23.8 -11.9 3.2
      vertex 24.4 -11.3 3.2
      vertex 23.2 -10.7 3.2
    endloop
  endfacet
  facet normal 0 0 1
    outer loop
      vertex 23.8 11.9 3.2
      vertex 24.2691 11.6741 3.2
      vertex 24.1741 11.7691 3.2
    endloop
  endfacet
  facet normal 0 0 1
    outer loop
      vertex 24.4 -11.3 3.2
      vertex 23.8 -11.9 3.2
      vertex 24.3849 -11.4335 3.2
    endloop
  endfacet
  facet normal 0 0 1
    outer loop
      vertex 23.8 11.9 3.2
      vertex 24.1741 11.7691 3.2
      vertex 24.0603 11.8406 3.2
    endloop
  endfacet
  facet normal 0 0 1
    outer loop
      vertex 24.3849 -11.4335 3.2
      vertex 23.8 -11.9 3.2
      vertex 24.3406 -11.5603 3.2
    endloop
  endfacet
  facet normal 0 0 1
    outer loop
      vertex 23.8 11.9 3.2
      vertex 24.0603 11.8406 3.2
      vertex 23.9335 11.8849 3.2
    endloop
  endfacet
  facet normal 0 0 1
    outer loop
      vertex 24.3406 -11.5603 3.2
      vertex 23.8 -11.9 3.2
      vertex 24.2691 -11.6741 3.2
    endloop
  endfacet
  facet normal 0 0 1
    outer loop
      vertex 24.4 11.3 3.2
      vertex 23.8 11.9 3.2
      vertex 23.2 10.7 3.2
    endloop
  endfacet
  facet normal 0 0 1
    outer loop
      vertex 24.2691 -11.6741 3.2
      vertex 23.8 -11.9 3.2
      vertex 24.1741 -11.7691 3.2
    endloop
  endfacet
  facet normal 0 0 1
    outer loop
      vertex 24.1741 -11.7691 3.2
      vertex 23.8 -11.9 3.2
      vertex 24.0603 -11.8406 3.2
    endloop
  endfacet
  facet normal 0 0 1
    outer loop
      vertex 23.8 11.9 3.2
      vertex -23.2 10.7 3.2
      vertex 23.2 10.7 3.2
    endloop
  endfacet
  facet normal -0 0 1
    outer loop
      vertex -24.4 11.3 3.2
      vertex -23.2 10.7 3.2
      vertex -23.8 11.9 3.2
    endloop
  endfacet
  facet normal -0 0 1
    outer loop
      vertex -23.8 11.9 3.2
      vertex -23.2 10.7 3.2
      vertex 23.8 11.9 3.2
    endloop
  endfacet
  facet normal 0 0 1
    outer loop
      vertex 24.0603 -11.8406 3.2
      vertex 23.8 -11.9 3.2
      vertex 23.9335 -11.8849 3.2
    endloop
  endfacet
  facet normal -0 0 1
    outer loop
      vertex -23.2 -10.7 3.2
      vertex 23.8 -11.9 3.2
      vertex 23.2 -10.7 3.2
    endloop
  endfacet
  facet normal 0 0 1
    outer loop
      vertex -23.2 -10.7 3.2
      vertex -23.8 -11.9 3.2
      vertex 23.8 -11.9 3.2
    endloop
  endfacet
  facet normal 0 0 1
    outer loop
      vertex -23.2 10.7 3.2
      vertex -24.4 11.3 3.2
      vertex -23.2 -10.7 3.2
    endloop
  endfacet
  facet normal 0 0 1
    outer loop
      vertex -24.4 11.3 3.2
      vertex -23.8 11.9 3.2
      vertex -23.9335 11.8849 3.2
    endloop
  endfacet
  facet normal 0 0 1
    outer loop
      vertex -24.4 -11.3 3.2
      vertex -23.2 -10.7 3.2
      vertex -24.4 11.3 3.2
    endloop
  endfacet
  facet normal 0 0 1
    outer loop
      vertex -24.4 11.3 3.2
      vertex -23.9335 11.8849 3.2
      vertex -24.0603 11.8406 3.2
    endloop
  endfacet
  facet normal 0 0 1
    outer loop
      vertex -23.2 -10.7 3.2
      vertex -24.4 -11.3 3.2
      vertex -23.8 -11.9 3.2
    endloop
  endfacet
  facet normal 0 0 1
    outer loop
      vertex -24.4 11.3 3.2
      vertex -24.0603 11.8406 3.2
      vertex -24.1741 11.7691 3.2
    endloop
  endfacet
  facet normal 0 0 1
    outer loop
      vertex -23.8 -11.9 3.2
      vertex -24.4 -11.3 3.2
      vertex -23.9335 -11.8849 3.2
    endloop
  endfacet
  facet normal 0 0 1
    outer loop
      vertex -24.4 11.3 3.2
      vertex -24.1741 11.7691 3.2
      vertex -24.2691 11.6741 3.2
    endloop
  endfacet
  facet normal 0 0 1
    outer loop
      vertex -23.9335 -11.8849 3.2
      vertex -24.4 -11.3 3.2
      vertex -24.0603 -11.8406 3.2
    endloop
  endfacet
  facet normal 0 0 1
    outer loop
      vertex -24.4 11.3 3.2
      vertex -24.2691 11.6741 3.2
      vertex -24.3406 11.5603 3.2
    endloop
  endfacet
  facet normal 0 0 1
    outer loop
      vertex -24.0603 -11.8406 3.2
      vertex -24.4 -11.3 3.2
      vertex -24.1741 -11.7691 3.2
    endloop
  endfacet
  facet normal 0 0 1
    outer loop
      vertex -24.4 11.3 3.2
      vertex -24.3406 11.5603 3.2
      vertex -24.3849 11.4335 3.2
    endloop
  endfacet
  facet normal 0 0 1
    outer loop
      vertex -24.1741 -11.7691 3.2
      vertex -24.4 -11.3 3.2
      vertex -24.2691 -11.6741 3.2
    endloop
  endfacet
  facet normal 0 0 1
    outer loop
      vertex -24.2691 -11.6741 3.2
      vertex -24.4 -11.3 3.2
      vertex -24.3406 -11.5603 3.2
    endloop
  endfacet
  facet normal 0 0 1
    outer loop
      vertex -24.3406 -11.5603 3.2
      vertex -24.4 -11.3 3.2
      vertex -24.3849 -11.4335 3.2
    endloop
  endfacet
  facet normal 0.32982 -0.944044 0
    outer loop
      vertex 23.9335 -11.8849 2.5
      vertex 24.0603 -11.8406 3.2
      vertex 23.9335 -11.8849 3.2
    endloop
  endfacet
  facet normal 0.32982 -0.944044 0
    outer loop
      vertex 24.0603 -11.8406 3.2
      vertex 23.9335 -11.8849 2.5
      vertex 24.0603 -11.8406 2.5
    endloop
  endfacet
  facet normal 0.532004 -0.846742 0
    outer loop
      vertex 24.0603 -11.8406 2.5
      vertex 24.1741 -11.7691 3.2
      vertex 24.0603 -11.8406 3.2
    endloop
  endfacet
  facet normal 0.532004 -0.846742 0
    outer loop
      vertex 24.1741 -11.7691 3.2
      vertex 24.0603 -11.8406 2.5
      vertex 24.1741 -11.7691 2.5
    endloop
  endfacet
  facet normal 0.707107 -0.707107 0
    outer loop
      vertex 24.1741 -11.7691 3.2
      vertex 24.2691 -11.6741 2.5
      vertex 24.2691 -11.6741 3.2
    endloop
  endfacet
  facet normal 0.707107 -0.707107 0
    outer loop
      vertex 24.2691 -11.6741 2.5
      vertex 24.1741 -11.7691 3.2
      vertex 24.1741 -11.7691 2.5
    endloop
  endfacet
  facet normal 0.846742 -0.532004 0
    outer loop
      vertex 24.2691 -11.6741 3.2
      vertex 24.3406 -11.5603 2.5
      vertex 24.3406 -11.5603 3.2
    endloop
  endfacet
  facet normal 0.846742 -0.532004 0
    outer loop
      vertex 24.3406 -11.5603 2.5
      vertex 24.2691 -11.6741 3.2
      vertex 24.2691 -11.6741 2.5
    endloop
  endfacet
  facet normal 0.944044 -0.32982 0
    outer loop
      vertex 24.3406 -11.5603 3.2
      vertex 24.3849 -11.4335 2.5
      vertex 24.3849 -11.4335 3.2
    endloop
  endfacet
  facet normal 0.944044 -0.32982 0
    outer loop
      vertex 24.3849 -11.4335 2.5
      vertex 24.3406 -11.5603 3.2
      vertex 24.3406 -11.5603 2.5
    endloop
  endfacet
  facet normal 0.993664 -0.112392 0
    outer loop
      vertex 24.3849 -11.4335 3.2
      vertex 24.4 -11.3 2.5
      vertex 24.4 -11.3 3.2
    endloop
  endfacet
  facet normal 0.993664 -0.112392 0
    outer loop
      vertex 24.4 -11.3 2.5
      vertex 24.3849 -11.4335 3.2
      vertex 24.3849 -11.4335 2.5
    endloop
  endfacet
  facet normal 1 -0 0
    outer loop
      vertex 24.4 -11.3 3.2
      vertex 24.4 11.3 2.5
      vertex 24.4 11.3 3.2
    endloop
  endfacet
  facet normal 1 0 0
    outer loop
      vertex 24.4 11.3 2.5
      vertex 24.4 -11.3 3.2
      vertex 24.4 -11.3 2.5
    endloop
  endfacet
  facet normal 0.993664 0.112392 0
    outer loop
      vertex 24.4 11.3 3.2
      vertex 24.3849 11.4335 2.5
      vertex 24.3849 11.4335 3.2
    endloop
  endfacet
  facet normal 0.993664 0.112392 0
    outer loop
      vertex 24.3849 11.4335 2.5
      vertex 24.4 11.3 3.2
      vertex 24.4 11.3 2.5
    endloop
  endfacet
  facet normal 0.944044 0.32982 0
    outer loop
      vertex 24.3849 11.4335 3.2
      vertex 24.3406 11.5603 2.5
      vertex 24.3406 11.5603 3.2
    endloop
  endfacet
  facet normal 0.944044 0.32982 0
    outer loop
      vertex 24.3406 11.5603 2.5
      vertex 24.3849 11.4335 3.2
      vertex 24.3849 11.4335 2.5
    endloop
  endfacet
  facet normal 0.846742 0.532004 0
    outer loop
      vertex 24.3406 11.5603 3.2
      vertex 24.2691 11.6741 2.5
      vertex 24.2691 11.6741 3.2
    endloop
  endfacet
  facet normal 0.846742 0.532004 0
    outer loop
      vertex 24.2691 11.6741 2.5
      vertex 24.3406 11.5603 3.2
      vertex 24.3406 11.5603 2.5
    endloop
  endfacet
  facet normal 0.707107 0.707107 0
    outer loop
      vertex 24.2691 11.6741 3.2
      vertex 24.1741 11.7691 2.5
      vertex 24.1741 11.7691 3.2
    endloop
  endfacet
  facet normal 0.707107 0.707107 0
    outer loop
      vertex 24.1741 11.7691 2.5
      vertex 24.2691 11.6741 3.2
      vertex 24.2691 11.6741 2.5
    endloop
  endfacet
  facet normal 0.532004 0.846742 -0
    outer loop
      vertex 24.1741 11.7691 2.5
      vertex 24.0603 11.8406 3.2
      vertex 24.1741 11.7691 3.2
    endloop
  endfacet
  facet normal 0.532004 0.846742 0
    outer loop
      vertex 24.0603 11.8406 3.2
      vertex 24.1741 11.7691 2.5
      vertex 24.0603 11.8406 2.5
    endloop
  endfacet
  facet normal 0.32982 0.944044 -0
    outer loop
      vertex 24.0603 11.8406 2.5
      vertex 23.9335 11.8849 3.2
      vertex 24.0603 11.8406 3.2
    endloop
  endfacet
  facet normal 0.32982 0.944044 0
    outer loop
      vertex 23.9335 11.8849 3.2
      vertex 24.0603 11.8406 2.5
      vertex 23.9335 11.8849 2.5
    endloop
  endfacet
  facet normal 0.112392 0.993664 -0
    outer loop
      vertex 23.9335 11.8849 2.5
      vertex 23.8 11.9 3.2
      vertex 23.9335 11.8849 3.2
    endloop
  endfacet
  facet normal 0.112392 0.993664 0
    outer loop
      vertex 23.8 11.9 3.2
      vertex 23.9335 11.8849 2.5
      vertex 23.8 11.9 2.5
    endloop
  endfacet
  facet normal 0 1 -0
    outer loop
      vertex 23.8 11.9 2.5
      vertex -23.8 11.9 3.2
      vertex 23.8 11.9 3.2
    endloop
  endfacet
  facet normal 0 1 0
    outer loop
      vertex -23.8 11.9 3.2
      vertex 23.8 11.9 2.5
      vertex -23.8 11.9 2.5
    endloop
  endfacet
  facet normal -0.112392 0.993664 0
    outer loop
      vertex -23.8 11.9 2.5
      vertex -23.9335 11.8849 3.2
      vertex -23.8 11.9 3.2
    endloop
  endfacet
  facet normal -0.112392 0.993664 0
    outer loop
      vertex -23.9335 11.8849 3.2
      vertex -23.8 11.9 2.5
      vertex -23.9335 11.8849 2.5
    endloop
  endfacet
  facet normal -0.32982 0.944044 0
    outer loop
      vertex -23.9335 11.8849 2.5
      vertex -24.0603 11.8406 3.2
      vertex -23.9335 11.8849 3.2
    endloop
  endfacet
  facet normal -0.32982 0.944044 0
    outer loop
      vertex -24.0603 11.8406 3.2
      vertex -23.9335 11.8849 2.5
      vertex -24.0603 11.8406 2.5
    endloop
  endfacet
  facet normal -0.532004 0.846742 0
    outer loop
      vertex -24.0603 11.8406 2.5
      vertex -24.1741 11.7691 3.2
      vertex -24.0603 11.8406 3.2
    endloop
  endfacet
  facet normal -0.532004 0.846742 0
    outer loop
      vertex -24.1741 11.7691 3.2
      vertex -24.0603 11.8406 2.5
      vertex -24.1741 11.7691 2.5
    endloop
  endfacet
  facet normal -0.707107 0.707107 0
    outer loop
      vertex -24.2691 11.6741 2.5
      vertex -24.1741 11.7691 3.2
      vertex -24.1741 11.7691 2.5
    endloop
  endfacet
  facet normal -0.707107 0.707107 0
    outer loop
      vertex -24.1741 11.7691 3.2
      vertex -24.2691 11.6741 2.5
      vertex -24.2691 11.6741 3.2
    endloop
  endfacet
  facet normal -0.846742 0.532004 0
    outer loop
      vertex -24.3406 11.5603 2.5
      vertex -24.2691 11.6741 3.2
      vertex -24.2691 11.6741 2.5
    endloop
  endfacet
  facet normal -0.846742 0.532004 0
    outer loop
      vertex -24.2691 11.6741 3.2
      vertex -24.3406 11.5603 2.5
      vertex -24.3406 11.5603 3.2
    endloop
  endfacet
  facet normal -0.944044 0.32982 0
    outer loop
      vertex -24.3849 11.4335 2.5
      vertex -24.3406 11.5603 3.2
      vertex -24.3406 11.5603 2.5
    endloop
  endfacet
  facet normal -0.944044 0.32982 0
    outer loop
      vertex -24.3406 11.5603 3.2
      vertex -24.3849 11.4335 2.5
      vertex -24.3849 11.4335 3.2
    endloop
  endfacet
  facet normal -0.993664 0.112392 0
    outer loop
      vertex -24.4 11.3 2.5
      vertex -24.3849 11.4335 3.2
      vertex -24.3849 11.4335 2.5
    endloop
  endfacet
  facet normal -0.993664 0.112392 0
    outer loop
      vertex -24.3849 11.4335 3.2
      vertex -24.4 11.3 2.5
      vertex -24.4 11.3 3.2
    endloop
  endfacet
  facet normal -1 0 0
    outer loop
      vertex -24.4 -11.3 2.5
      vertex -24.4 11.3 3.2
      vertex -24.4 11.3 2.5
    endloop
  endfacet
  facet normal -1 -0 0
    outer loop
      vertex -24.4 11.3 3.2
      vertex -24.4 -11.3 2.5
      vertex -24.4 -11.3 3.2
    endloop
  endfacet
  facet normal -0.993664 -0.112392 0
    outer loop
      vertex -24.3849 -11.4335 2.5
      vertex -24.4 -11.3 3.2
      vertex -24.4 -11.3 2.5
    endloop
  endfacet
  facet normal -0.993664 -0.112392 0
    outer loop
      vertex -24.4 -11.3 3.2
      vertex -24.3849 -11.4335 2.5
      vertex -24.3849 -11.4335 3.2
    endloop
  endfacet
  facet normal -0.944044 -0.32982 0
    outer loop
      vertex -24.3406 -11.5603 2.5
      vertex -24.3849 -11.4335 3.2
      vertex -24.3849 -11.4335 2.5
    endloop
  endfacet
  facet normal -0.944044 -0.32982 0
    outer loop
      vertex -24.3849 -11.4335 3.2
      vertex -24.3406 -11.5603 2.5
      vertex -24.3406 -11.5603 3.2
    endloop
  endfacet
  facet normal -0.846742 -0.532004 0
    outer loop
      vertex -24.2691 -11.6741 2.5
      vertex -24.3406 -11.5603 3.2
      vertex -24.3406 -11.5603 2.5
    endloop
  endfacet
  facet normal -0.846742 -0.532004 0
    outer loop
      vertex -24.3406 -11.5603 3.2
      vertex -24.2691 -11.6741 2.5
      vertex -24.2691 -11.6741 3.2
    endloop
  endfacet
  facet normal -0.707107 -0.707107 0
    outer loop
      vertex -24.1741 -11.7691 2.5
      vertex -24.2691 -11.6741 3.2
      vertex -24.2691 -11.6741 2.5
    endloop
  endfacet
  facet normal -0.707107 -0.707107 0
    outer loop
      vertex -24.2691 -11.6741 3.2
      vertex -24.1741 -11.7691 2.5
      vertex -24.1741 -11.7691 3.2
    endloop
  endfacet
  facet normal -0.532004 -0.846742 0
    outer loop
      vertex -24.1741 -11.7691 2.5
      vertex -24.0603 -11.8406 3.2
      vertex -24.1741 -11.7691 3.2
    endloop
  endfacet
  facet normal -0.532004 -0.846742 -0
    outer loop
      vertex -24.0603 -11.8406 3.2
      vertex -24.1741 -11.7691 2.5
      vertex -24.0603 -11.8406 2.5
    endloop
  endfacet
  facet normal -0.32982 -0.944044 0
    outer loop
      vertex -24.0603 -11.8406 2.5
      vertex -23.9335 -11.8849 3.2
      vertex -24.0603 -11.8406 3.2
    endloop
  endfacet
  facet normal -0.32982 -0.944044 -0
    outer loop
      vertex -23.9335 -11.8849 3.2
      vertex -24.0603 -11.8406 2.5
      vertex -23.9335 -11.8849 2.5
    endloop
  endfacet
  facet normal -0.112392 -0.993664 0
    outer loop
      vertex -23.9335 -11.8849 2.5
      vertex -23.8 -11.9 3.2
      vertex -23.9335 -11.8849 3.2
    endloop
  endfacet
  facet normal -0.112392 -0.993664 -0
    outer loop
      vertex -23.8 -11.9 3.2
      vertex -23.9335 -11.8849 2.5
      vertex -23.8 -11.9 2.5
    endloop
  endfacet
  facet normal 0 -1 0
    outer loop
      vertex -23.8 -11.9 2.5
      vertex 23.8 -11.9 3.2
      vertex -23.8 -11.9 3.2
    endloop
  endfacet
  facet normal 0 -1 -0
    outer loop
      vertex 23.8 -11.9 3.2
      vertex -23.8 -11.9 2.5
      vertex 23.8 -11.9 2.5
    endloop
  endfacet
  facet normal 0.112392 -0.993664 0
    outer loop
      vertex 23.8 -11.9 2.5
      vertex 23.9335 -11.8849 3.2
      vertex 23.8 -11.9 3.2
    endloop
  endfacet
  facet normal 0.112392 -0.993664 0
    outer loop
      vertex 23.9335 -11.8849 3.2
      vertex 23.8 -11.9 2.5
      vertex 23.9335 -11.8849 2.5
    endloop
  endfacet
  facet normal 1 -0 0
    outer loop
      vertex -23.2 -10.7 3.2
      vertex -23.2 10.7 2.5
      vertex -23.2 10.7 3.2
    endloop
  endfacet
  facet normal 1 0 0
    outer loop
      vertex -23.2 10.7 2.5
      vertex -23.2 -10.7 3.2
      vertex -23.2 -10.7 2.5
    endloop
  endfacet
  facet normal 0 -1 0
    outer loop
      vertex -23.2 10.7 2.5
      vertex 23.2 10.7 3.2
      vertex -23.2 10.7 3.2
    endloop
  endfacet
  facet normal 0 -1 -0
    outer loop
      vertex 23.2 10.7 3.2
      vertex -23.2 10.7 2.5
      vertex 23.2 10.7 2.5
    endloop
  endfacet
  facet normal -1 0 0
    outer loop
      vertex 23.2 -10.7 2.5
      vertex 23.2 10.7 3.2
      vertex 23.2 10.7 2.5
    endloop
  endfacet
  facet normal -1 -0 0
    outer loop
      vertex 23.2 10.7 3.2
      vertex 23.2 -10.7 2.5
      vertex 23.2 -10.7 3.2
    endloop
  endfacet
  facet normal 0 1 -0
    outer loop
      vertex 23.2 -10.7 2.5
      vertex -23.2 -10.7 3.2
      vertex 23.2 -10.7 3.2
    endloop
  endfacet
  facet normal 0 1 0
    outer loop
      vertex -23.2 -10.7 3.2
      vertex 23.2 -10.7 2.5
      vertex -23.2 -10.7 2.5
    endloop
  endfacet
  facet normal 0 0 1
    outer loop
      vertex -14.1016 1.50452 2.85
      vertex -15.3253 1.32472 2.85
      vertex -15.2972 0.84462 2.85
    endloop
  endfacet
  facet normal 0 0 1
    outer loop
      vertex -14.8435 3.09055 2.85
      vertex -15.4096 1.73972 2.85
      vertex -15.3253 1.32472 2.85
    endloop
  endfacet
  facet normal 0 0 1
    outer loop
      vertex -14.8435 3.09055 2.85
      vertex -15.5501 2.08963 2.85
      vertex -15.4096 1.73972 2.85
    endloop
  endfacet
  facet normal 0 0 1
    outer loop
      vertex -14.8435 3.09055 2.85
      vertex -15.7468 2.37445 2.85
      vertex -15.5501 2.08963 2.85
    endloop
  endfacet
  facet normal 0 0 1
    outer loop
      vertex -15.99 2.59518 2.85
      vertex -15.2721 3.44833 2.85
      vertex -15.7666 3.7039 2.85
    endloop
  endfacet
  facet normal 0 0 1
    outer loop
      vertex -15.2721 3.44833 2.85
      vertex -15.99 2.59518 2.85
      vertex -15.7468 2.37445 2.85
    endloop
  endfacet
  facet normal 0 0 1
    outer loop
      vertex -15.7666 3.7039 2.85
      vertex -16.2701 2.75285 2.85
      vertex -15.99 2.59518 2.85
    endloop
  endfacet
  facet normal 0 0 1
    outer loop
      vertex -16.3269 3.85724 2.85
      vertex -16.2701 2.75285 2.85
      vertex -15.7666 3.7039 2.85
    endloop
  endfacet
  facet normal 0 0 1
    outer loop
      vertex -16.3269 3.85724 2.85
      vertex -16.5871 2.84746 2.85
      vertex -16.2701 2.75285 2.85
    endloop
  endfacet
  facet normal 0 0 1
    outer loop
      vertex -16.9532 3.90834 2.85
      vertex -16.5871 2.84746 2.85
      vertex -16.3269 3.85724 2.85
    endloop
  endfacet
  facet normal 0 0 1
    outer loop
      vertex -16.5871 2.84746 2.85
      vertex -16.9532 3.90834 2.85
      vertex -16.9409 2.87898 2.85
    endloop
  endfacet
  facet normal -0 0 1
    outer loop
      vertex -17.3066 3.8936 2.85
      vertex -16.9409 2.87898 2.85
      vertex -16.9532 3.90834 2.85
    endloop
  endfacet
  facet normal 0 0 1
    outer loop
      vertex -16.9409 2.87898 2.85
      vertex -17.3066 3.8936 2.85
      vertex -17.2952 2.84708 2.85
    endloop
  endfacet
  facet normal -0 0 1
    outer loop
      vertex -17.6387 3.84935 2.85
      vertex -17.2952 2.84708 2.85
      vertex -17.3066 3.8936 2.85
    endloop
  endfacet
  facet normal 0 0 1
    outer loop
      vertex -17.2952 2.84708 2.85
      vertex -17.6387 3.84935 2.85
      vertex -17.6133 2.75133 2.85
    endloop
  endfacet
  facet normal -0 0 1
    outer loop
      vertex -17.9495 3.7756 2.85
      vertex -17.6133 2.75133 2.85
      vertex -17.6387 3.84935 2.85
    endloop
  endfacet
  facet normal -0 0 1
    outer loop
      vertex -18.2388 3.67236 2.85
      vertex -17.6133 2.75133 2.85
      vertex -17.9495 3.7756 2.85
    endloop
  endfacet
  facet normal 0 0 1
    outer loop
      vertex -17.6133 2.75133 2.85
      vertex -18.2388 3.67236 2.85
      vertex -17.8953 2.59174 2.85
    endloop
  endfacet
  facet normal -0 0 1
    outer loop
      vertex -18.4442 3.5732 2.85
      vertex -17.8953 2.59174 2.85
      vertex -18.2388 3.67236 2.85
    endloop
  endfacet
  facet normal -0 0 1
    outer loop
      vertex -18.6412 3.45062 2.85
      vertex -17.8953 2.59174 2.85
      vertex -18.4442 3.5732 2.85
    endloop
  endfacet
  facet normal -0 0 1
    outer loop
      vertex -18.8297 3.30466 2.85
      vertex -17.8953 2.59174 2.85
      vertex -18.6412 3.45062 2.85
    endloop
  endfacet
  facet normal 0 0 1
    outer loop
      vertex -17.8953 2.59174 2.85
      vertex -18.8297 3.30466 2.85
      vertex -18.1412 2.36833 2.85
    endloop
  endfacet
  facet normal -0 0 1
    outer loop
      vertex -19.0099 3.13531 2.85
      vertex -18.1412 2.36833 2.85
      vertex -18.8297 3.30466 2.85
    endloop
  endfacet
  facet normal -0 0 1
    outer loop
      vertex -19.1766 2.94841 2.85
      vertex -18.1412 2.36833 2.85
      vertex -19.0099 3.13531 2.85
    endloop
  endfacet
  facet normal 0 0 1
    outer loop
      vertex -18.1412 2.36833 2.85
      vertex -19.1766 2.94841 2.85
      vertex -18.3406 2.0806 2.85
    endloop
  endfacet
  facet normal -0 0 1
    outer loop
      vertex -19.3247 2.7498 2.85
      vertex -18.3406 2.0806 2.85
      vertex -19.1766 2.94841 2.85
    endloop
  endfacet
  facet normal -0 0 1
    outer loop
      vertex -19.4543 2.53951 2.85
      vertex -18.3406 2.0806 2.85
      vertex -19.3247 2.7498 2.85
    endloop
  endfacet
  facet normal -0 0 1
    outer loop
      vertex -19.5653 2.3175 2.85
      vertex -18.3406 2.0806 2.85
      vertex -19.4543 2.53951 2.85
    endloop
  endfacet
  facet normal 0 -0 1
    outer loop
      vertex -19.7888 0.113876 2.85
      vertex -18.5969 0.828308 2.85
      vertex -19.8379 0.787628 2.85
    endloop
  endfacet
  facet normal 0 0 1
    outer loop
      vertex -18.3406 2.0806 2.85
      vertex -19.5653 2.3175 2.85
      vertex -18.483 1.72803 2.85
    endloop
  endfacet
  facet normal -0 0 1
    outer loop
      vertex -19.6845 1.98996 2.85
      vertex -18.483 1.72803 2.85
      vertex -19.5653 2.3175 2.85
    endloop
  endfacet
  facet normal 0 -0 1
    outer loop
      vertex -19.6416 -0.483322 2.85
      vertex -18.5969 0.828308 2.85
      vertex -19.7888 0.113876 2.85
    endloop
  endfacet
  facet normal 0 0 1
    outer loop
      vertex -19.7697 1.62579 2.85
      vertex -18.483 1.72803 2.85
      vertex -19.6845 1.98996 2.85
    endloop
  endfacet
  facet normal 0 0 1
    outer loop
      vertex -18.483 1.72803 2.85
      vertex -19.7697 1.62579 2.85
      vertex -18.5685 1.31059 2.85
    endloop
  endfacet
  facet normal 0 -0 1
    outer loop
      vertex -19.3962 -1.004 2.85
      vertex -18.5969 0.828308 2.85
      vertex -19.6416 -0.483322 2.85
    endloop
  endfacet
  facet normal 0 0 1
    outer loop
      vertex -19.8209 1.22502 2.85
      vertex -18.5685 1.31059 2.85
      vertex -19.7697 1.62579 2.85
    endloop
  endfacet
  facet normal 0 0 1
    outer loop
      vertex -18.5685 1.31059 2.85
      vertex -19.8209 1.22502 2.85
      vertex -18.5969 0.828308 2.85
    endloop
  endfacet
  facet normal 0 0 1
    outer loop
      vertex -18.5969 0.828308 2.85
      vertex -19.8209 1.22502 2.85
      vertex -19.8379 0.787628 2.85
    endloop
  endfacet
  facet normal 0 0 1
    outer loop
      vertex -18.5969 0.828308 2.85
      vertex -19.0526 -1.44814 2.85
      vertex -18.6259 -1.80325 2.85
    endloop
  endfacet
  facet normal 0 0 1
    outer loop
      vertex -18.5969 0.828308 2.85
      vertex -19.3962 -1.004 2.85
      vertex -19.0526 -1.44814 2.85
    endloop
  endfacet
  facet normal -0 0 1
    outer loop
      vertex -15.2972 0.84462 2.85
      vertex -14.0521 0.816132 2.85
      vertex -14.1016 1.50452 2.85
    endloop
  endfacet
  facet normal 0 0 1
    outer loop
      vertex -15.326 0.358261 2.85
      vertex -14.0521 0.816132 2.85
      vertex -15.2972 0.84462 2.85
    endloop
  endfacet
  facet normal 0 0 1
    outer loop
      vertex -15.3253 1.32472 2.85
      vertex -14.1016 1.50452 2.85
      vertex -14.25 2.11304 2.85
    endloop
  endfacet
  facet normal 0 0 1
    outer loop
      vertex -14.0521 0.816132 2.85
      vertex -15.326 0.358261 2.85
      vertex -14.1012 0.133224 2.85
    endloop
  endfacet
  facet normal 0 0 1
    outer loop
      vertex -15.3253 1.32472 2.85
      vertex -14.25 2.11304 2.85
      vertex -14.4973 2.64172 2.85
    endloop
  endfacet
  facet normal 0 0 1
    outer loop
      vertex -15.4126 -0.0632324 2.85
      vertex -14.1012 0.133224 2.85
      vertex -15.326 0.358261 2.85
    endloop
  endfacet
  facet normal 0 0 1
    outer loop
      vertex -15.3253 1.32472 2.85
      vertex -14.4973 2.64172 2.85
      vertex -14.8435 3.09055 2.85
    endloop
  endfacet
  facet normal 0 0 1
    outer loop
      vertex -14.1012 0.133224 2.85
      vertex -15.4126 -0.0632324 2.85
      vertex -14.2484 -0.4711 2.85
    endloop
  endfacet
  facet normal 0 0 1
    outer loop
      vertex -15.7468 2.37445 2.85
      vertex -14.8435 3.09055 2.85
      vertex -15.2721 3.44833 2.85
    endloop
  endfacet
  facet normal -0 0 1
    outer loop
      vertex -15.5569 -0.419891 2.85
      vertex -14.2484 -0.4711 2.85
      vertex -15.4126 -0.0632324 2.85
    endloop
  endfacet
  facet normal 0 0 1
    outer loop
      vertex -14.2484 -0.4711 2.85
      vertex -15.5569 -0.419891 2.85
      vertex -14.4938 -0.996857 2.85
    endloop
  endfacet
  facet normal 0 0 1
    outer loop
      vertex -14.4938 -0.996857 2.85
      vertex -15.5569 -0.419891 2.85
      vertex -14.8374 -1.44406 2.85
    endloop
  endfacet
  facet normal -0 0 1
    outer loop
      vertex -15.759 -0.7117 2.85
      vertex -14.8374 -1.44406 2.85
      vertex -15.5569 -0.419891 2.85
    endloop
  endfacet
  facet normal 0 0 1
    outer loop
      vertex -14.8374 -1.44406 2.85
      vertex -15.759 -0.7117 2.85
      vertex -15.2631 -1.80095 2.85
    endloop
  endfacet
  facet normal -0 0 1
    outer loop
      vertex -16.006 -0.93866 2.85
      vertex -15.2631 -1.80095 2.85
      vertex -15.759 -0.7117 2.85
    endloop
  endfacet
  facet normal 0 0 1
    outer loop
      vertex -15.2631 -1.80095 2.85
      vertex -16.006 -0.93866 2.85
      vertex -15.7549 -2.05588 2.85
    endloop
  endfacet
  facet normal -0 0 1
    outer loop
      vertex -16.2854 -1.10077 2.85
      vertex -15.7549 -2.05588 2.85
      vertex -16.006 -0.93866 2.85
    endloop
  endfacet
  facet normal 0 0 1
    outer loop
      vertex -16.2854 -1.10077 2.85
      vertex -16.3128 -2.20883 2.85
      vertex -15.7549 -2.05588 2.85
    endloop
  endfacet
  facet normal -0 0 1
    outer loop
      vertex -16.597 -1.19803 2.85
      vertex -16.3128 -2.20883 2.85
      vertex -16.2854 -1.10077 2.85
    endloop
  endfacet
  facet normal 0 0 1
    outer loop
      vertex -16.597 -1.19803 2.85
      vertex -16.9368 -2.25981 2.85
      vertex -16.3128 -2.20883 2.85
    endloop
  endfacet
  facet normal -0 0 1
    outer loop
      vertex -16.9409 -1.23045 2.85
      vertex -16.9368 -2.25981 2.85
      vertex -16.597 -1.19803 2.85
    endloop
  endfacet
  facet normal 0 0 1
    outer loop
      vertex -17.2853 -1.19778 2.85
      vertex -16.9368 -2.25981 2.85
      vertex -16.9409 -1.23045 2.85
    endloop
  endfacet
  facet normal 0 0 1
    outer loop
      vertex -17.2853 -1.19778 2.85
      vertex -17.568 -2.20909 2.85
      vertex -16.9368 -2.25981 2.85
    endloop
  endfacet
  facet normal 0 0 1
    outer loop
      vertex -17.598 -1.09975 2.85
      vertex -17.568 -2.20909 2.85
      vertex -17.2853 -1.19778 2.85
    endloop
  endfacet
  facet normal 0 0 1
    outer loop
      vertex -18.131 -2.0569 2.85
      vertex -17.598 -1.09975 2.85
      vertex -17.8793 -0.936356 2.85
    endloop
  endfacet
  facet normal 0 0 1
    outer loop
      vertex -18.6259 -1.80325 2.85
      vertex -17.8793 -0.936356 2.85
      vertex -18.129 -0.707611 2.85
    endloop
  endfacet
  facet normal 0 0 1
    outer loop
      vertex -17.598 -1.09975 2.85
      vertex -18.131 -2.0569 2.85
      vertex -17.568 -2.20909 2.85
    endloop
  endfacet
  facet normal 0 0 1
    outer loop
      vertex -18.6259 -1.80325 2.85
      vertex -18.129 -0.707611 2.85
      vertex -18.3337 -0.415558 2.85
    endloop
  endfacet
  facet normal 0 0 1
    outer loop
      vertex -18.6259 -1.80325 2.85
      vertex -18.3337 -0.415558 2.85
      vertex -18.48 -0.0622101 2.85
    endloop
  endfacet
  facet normal 0 0 1
    outer loop
      vertex -18.6259 -1.80325 2.85
      vertex -18.48 -0.0622101 2.85
      vertex -18.5677 0.352402 2.85
    endloop
  endfacet
  facet normal 0 0 1
    outer loop
      vertex -17.8793 -0.936356 2.85
      vertex -18.6259 -1.80325 2.85
      vertex -18.131 -2.0569 2.85
    endloop
  endfacet
  facet normal 0 0 1
    outer loop
      vertex -18.6259 -1.80325 2.85
      vertex -18.5677 0.352402 2.85
      vertex -18.5969 0.828308 2.85
    endloop
  endfacet
  facet normal 0 0 1
    outer loop
      vertex -12.2384 2.16289 2.85
      vertex -13.3044 2.16289 2.85
      vertex -12.2384 1.52815 2.85
    endloop
  endfacet
  facet normal -0 0 1
    outer loop
      vertex -10.2699 0.336517 2.85
      vertex -9.08921 0.0267639 2.85
      vertex -9.12201 0.524689 2.85
    endloop
  endfacet
  facet normal -0 0 1
    outer loop
      vertex -10.3211 0.610641 2.85
      vertex -9.12201 0.524689 2.85
      vertex -9.22043 0.96463 2.85
    endloop
  endfacet
  facet normal 0 0 1
    outer loop
      vertex -10.2694 -0.319931 2.85
      vertex -9.08921 0.0267639 2.85
      vertex -10.2529 0.0186615 2.85
    endloop
  endfacet
  facet normal 0 0 1
    outer loop
      vertex -10.4063 0.841034 2.85
      vertex -9.22043 0.96463 2.85
      vertex -9.38445 1.34657 2.85
    endloop
  endfacet
  facet normal 0 0 1
    outer loop
      vertex -9.08921 0.0267639 2.85
      vertex -10.2694 -0.319931 2.85
      vertex -9.12227 -0.484222 2.85
    endloop
  endfacet
  facet normal 0 0 1
    outer loop
      vertex -10.4063 0.841034 2.85
      vertex -9.38445 1.34657 2.85
      vertex -9.61409 1.67053 2.85
    endloop
  endfacet
  facet normal 0 0 1
    outer loop
      vertex -10.319 -0.607422 2.85
      vertex -9.12227 -0.484222 2.85
      vertex -10.2694 -0.319931 2.85
    endloop
  endfacet
  facet normal 0 0 1
    outer loop
      vertex -10.5255 1.02769 2.85
      vertex -9.61409 1.67053 2.85
      vertex -9.89077 1.92865 2.85
    endloop
  endfacet
  facet normal 0 0 1
    outer loop
      vertex -9.12227 -0.484222 2.85
      vertex -10.319 -0.607422 2.85
      vertex -9.22145 -0.934967 2.85
    endloop
  endfacet
  facet normal 0 0 1
    outer loop
      vertex -10.67 1.17188 2.85
      vertex -9.89077 1.92865 2.85
      vertex -10.1959 2.11301 2.85
    endloop
  endfacet
  facet normal 0 0 1
    outer loop
      vertex -9.08921 0.0267639 2.85
      vertex -10.2699 0.336517 2.85
      vertex -10.2529 0.0186615 2.85
    endloop
  endfacet
  facet normal -0 0 1
    outer loop
      vertex -10.4017 -0.843781 2.85
      vertex -9.38675 -1.32545 2.85
      vertex -10.319 -0.607422 2.85
    endloop
  endfacet
  facet normal 0 0 1
    outer loop
      vertex -9.22145 -0.934967 2.85
      vertex -10.319 -0.607422 2.85
      vertex -9.38675 -1.32545 2.85
    endloop
  endfacet
  facet normal 0 0 1
    outer loop
      vertex -9.12201 0.524689 2.85
      vertex -10.3211 0.610641 2.85
      vertex -10.2699 0.336517 2.85
    endloop
  endfacet
  facet normal 0 0 1
    outer loop
      vertex -9.22043 0.96463 2.85
      vertex -10.4063 0.841034 2.85
      vertex -10.3211 0.610641 2.85
    endloop
  endfacet
  facet normal 0 0 1
    outer loop
      vertex -9.61409 1.67053 2.85
      vertex -10.5255 1.02769 2.85
      vertex -10.4063 0.841034 2.85
    endloop
  endfacet
  facet normal 0 0 1
    outer loop
      vertex -10.8307 1.27487 2.85
      vertex -10.1959 2.11301 2.85
      vertex -10.5296 2.22363 2.85
    endloop
  endfacet
  facet normal 0 0 1
    outer loop
      vertex -9.89077 1.92865 2.85
      vertex -10.67 1.17188 2.85
      vertex -10.5255 1.02769 2.85
    endloop
  endfacet
  facet normal 0 0 1
    outer loop
      vertex -10.1959 2.11301 2.85
      vertex -10.8307 1.27487 2.85
      vertex -10.67 1.17188 2.85
    endloop
  endfacet
  facet normal 0 0 1
    outer loop
      vertex -10.8917 2.26051 2.85
      vertex -10.8307 1.27487 2.85
      vertex -10.5296 2.22363 2.85
    endloop
  endfacet
  facet normal 0 0 1
    outer loop
      vertex -10.8917 2.26051 2.85
      vertex -11.0076 1.33667 2.85
      vertex -10.8307 1.27487 2.85
    endloop
  endfacet
  facet normal -0 0 1
    outer loop
      vertex -11.1025 2.24779 2.85
      vertex -11.0076 1.33667 2.85
      vertex -10.8917 2.26051 2.85
    endloop
  endfacet
  facet normal 0 0 1
    outer loop
      vertex -11.1025 2.24779 2.85
      vertex -11.2009 1.35727 2.85
      vertex -11.0076 1.33667 2.85
    endloop
  endfacet
  facet normal -0 0 1
    outer loop
      vertex -11.3036 2.20964 2.85
      vertex -11.2009 1.35727 2.85
      vertex -11.1025 2.24779 2.85
    endloop
  endfacet
  facet normal -0 0 1
    outer loop
      vertex -11.4951 2.14606 2.85
      vertex -11.2009 1.35727 2.85
      vertex -11.3036 2.20964 2.85
    endloop
  endfacet
  facet normal 0 0 1
    outer loop
      vertex -11.2009 1.35727 2.85
      vertex -11.4951 2.14606 2.85
      vertex -11.4016 1.33705 2.85
    endloop
  endfacet
  facet normal -0 0 1
    outer loop
      vertex -11.6769 2.05705 2.85
      vertex -11.4016 1.33705 2.85
      vertex -11.4951 2.14606 2.85
    endloop
  endfacet
  facet normal -0 0 1
    outer loop
      vertex -11.8448 1.94772 2.85
      vertex -11.4016 1.33705 2.85
      vertex -11.6769 2.05705 2.85
    endloop
  endfacet
  facet normal 0 0 1
    outer loop
      vertex -11.4016 1.33705 2.85
      vertex -11.8448 1.94772 2.85
      vertex -11.5844 1.2764 2.85
    endloop
  endfacet
  facet normal -0 0 1
    outer loop
      vertex -11.9943 1.82312 2.85
      vertex -11.5844 1.2764 2.85
      vertex -11.8448 1.94772 2.85
    endloop
  endfacet
  facet normal -0 0 1
    outer loop
      vertex -12.1255 1.68327 2.85
      vertex -11.5844 1.2764 2.85
      vertex -11.9943 1.82312 2.85
    endloop
  endfacet
  facet normal 0 0 1
    outer loop
      vertex -11.5844 1.2764 2.85
      vertex -12.1255 1.68327 2.85
      vertex -11.7494 1.17532 2.85
    endloop
  endfacet
  facet normal -0 0 1
    outer loop
      vertex -12.2384 1.52815 2.85
      vertex -11.7494 1.17532 2.85
      vertex -12.1255 1.68327 2.85
    endloop
  endfacet
  facet normal 0 0 1
    outer loop
      vertex -11.7494 1.17532 2.85
      vertex -12.2384 1.52815 2.85
      vertex -11.8967 1.03381 2.85
    endloop
  endfacet
  facet normal 0 0 1
    outer loop
      vertex -11.8967 1.03381 2.85
      vertex -12.2384 1.52815 2.85
      vertex -12.0177 0.852615 2.85
    endloop
  endfacet
  facet normal 0 0 1
    outer loop
      vertex -12.0177 0.852615 2.85
      vertex -12.2384 1.52815 2.85
      vertex -12.1042 0.632523 2.85
    endloop
  endfacet
  facet normal 0 0 1
    outer loop
      vertex -13.3044 2.16289 2.85
      vertex -12.1042 0.632523 2.85
      vertex -12.2384 1.52815 2.85
    endloop
  endfacet
  facet normal 0 0 1
    outer loop
      vertex -12.1042 0.632523 2.85
      vertex -13.3044 2.16289 2.85
      vertex -12.156 0.37352 2.85
    endloop
  endfacet
  facet normal 0 0 1
    outer loop
      vertex -9.38675 -1.32545 2.85
      vertex -10.4017 -0.843781 2.85
      vertex -9.61817 -1.65567 2.85
    endloop
  endfacet
  facet normal -0 0 1
    outer loop
      vertex -10.5174 -1.02904 2.85
      vertex -9.61817 -1.65567 2.85
      vertex -10.4017 -0.843781 2.85
    endloop
  endfacet
  facet normal 0 0 1
    outer loop
      vertex -9.61817 -1.65567 2.85
      vertex -10.5174 -1.02904 2.85
      vertex -9.89662 -1.91823 2.85
    endloop
  endfacet
  facet normal -0 0 1
    outer loop
      vertex -10.658 -1.16876 2.85
      vertex -9.89662 -1.91823 2.85
      vertex -10.5174 -1.02904 2.85
    endloop
  endfacet
  facet normal 0 0 1
    outer loop
      vertex -9.89662 -1.91823 2.85
      vertex -10.658 -1.16876 2.85
      vertex -10.2031 -2.10577 2.85
    endloop
  endfacet
  facet normal -0 0 1
    outer loop
      vertex -10.8154 -1.26857 2.85
      vertex -10.2031 -2.10577 2.85
      vertex -10.658 -1.16876 2.85
    endloop
  endfacet
  facet normal 0 0 1
    outer loop
      vertex -10.2031 -2.10577 2.85
      vertex -10.8154 -1.26857 2.85
      vertex -10.5375 -2.21829 2.85
    endloop
  endfacet
  facet normal -0 0 1
    outer loop
      vertex -10.9896 -1.32846 2.85
      vertex -10.5375 -2.21829 2.85
      vertex -10.8154 -1.26857 2.85
    endloop
  endfacet
  facet normal 0 0 1
    outer loop
      vertex -10.5375 -2.21829 2.85
      vertex -10.9896 -1.32846 2.85
      vertex -10.8998 -2.2558 2.85
    endloop
  endfacet
  facet normal 0 0 1
    outer loop
      vertex -10.9896 -1.32846 2.85
      vertex -11.0746 -2.2469 2.85
      vertex -10.8998 -2.2558 2.85
    endloop
  endfacet
  facet normal -0 0 1
    outer loop
      vertex -11.1806 -1.34842 2.85
      vertex -11.0746 -2.2469 2.85
      vertex -10.9896 -1.32846 2.85
    endloop
  endfacet
  facet normal 0 0 1
    outer loop
      vertex -11.1806 -1.34842 2.85
      vertex -11.2411 -2.2202 2.85
      vertex -11.0746 -2.2469 2.85
    endloop
  endfacet
  facet normal 0 0 1
    outer loop
      vertex -11.5488 -2.11342 2.85
      vertex -11.1806 -1.34842 2.85
      vertex -11.3802 -1.32668 2.85
    endloop
  endfacet
  facet normal 0 0 1
    outer loop
      vertex -11.1806 -1.34842 2.85
      vertex -11.3991 -2.1757 2.85
      vertex -11.2411 -2.2202 2.85
    endloop
  endfacet
  facet normal 0 0 1
    outer loop
      vertex -11.1806 -1.34842 2.85
      vertex -11.5488 -2.11342 2.85
      vertex -11.3991 -2.1757 2.85
    endloop
  endfacet
  facet normal 0 0 1
    outer loop
      vertex -11.8474 -1.92012 2.85
      vertex -11.3802 -1.32668 2.85
      vertex -11.5641 -1.26144 2.85
    endloop
  endfacet
  facet normal 0 0 1
    outer loop
      vertex -11.3802 -1.32668 2.85
      vertex -11.6962 -2.02948 2.85
      vertex -11.5488 -2.11342 2.85
    endloop
  endfacet
  facet normal 0 0 1
    outer loop
      vertex -12.0023 -1.78534 2.85
      vertex -11.5641 -1.26144 2.85
      vertex -11.7322 -1.15274 2.85
    endloop
  endfacet
  facet normal 0 0 1
    outer loop
      vertex -11.3802 -1.32668 2.85
      vertex -11.8474 -1.92012 2.85
      vertex -11.6962 -2.02948 2.85
    endloop
  endfacet
  facet normal 0 0 1
    outer loop
      vertex -12.1612 -1.62514 2.85
      vertex -11.7322 -1.15274 2.85
      vertex -11.8845 -1.00053 2.85
    endloop
  endfacet
  facet normal 0 0 1
    outer loop
      vertex -11.5641 -1.26144 2.85
      vertex -12.0023 -1.78534 2.85
      vertex -11.8474 -1.92012 2.85
    endloop
  endfacet
  facet normal 0 0 1
    outer loop
      vertex -12.1612 -1.62514 2.85
      vertex -11.8845 -1.00053 2.85
      vertex -12.0109 -0.802826 2.85
    endloop
  endfacet
  facet normal 0 0 1
    outer loop
      vertex -12.1612 -1.62514 2.85
      vertex -12.0109 -0.802826 2.85
      vertex -12.1011 -0.557556 2.85
    endloop
  endfacet
  facet normal 0 0 1
    outer loop
      vertex -12.1612 -1.62514 2.85
      vertex -12.1011 -0.557556 2.85
      vertex -12.1553 -0.26474 2.85
    endloop
  endfacet
  facet normal 0 0 1
    outer loop
      vertex -11.7322 -1.15274 2.85
      vertex -12.1612 -1.62514 2.85
      vertex -12.0023 -1.78534 2.85
    endloop
  endfacet
  facet normal 0 0 1
    outer loop
      vertex -13.3044 2.16289 2.85
      vertex -12.1553 -0.26474 2.85
      vertex -12.1733 0.0756073 2.85
    endloop
  endfacet
  facet normal 0 0 1
    outer loop
      vertex -12.1553 -0.26474 2.85
      vertex -13.3044 -3.80188 2.85
      vertex -12.1612 -1.62514 2.85
    endloop
  endfacet
  facet normal 0 0 1
    outer loop
      vertex -12.156 0.37352 2.85
      vertex -13.3044 2.16289 2.85
      vertex -12.1733 0.0756073 2.85
    endloop
  endfacet
  facet normal 0 0 1
    outer loop
      vertex -12.1553 -0.26474 2.85
      vertex -13.3044 2.16289 2.85
      vertex -13.3044 -3.80188 2.85
    endloop
  endfacet
  facet normal 0 0 1
    outer loop
      vertex -12.1612 -1.62514 2.85
      vertex -13.3044 -3.80188 2.85
      vertex -12.1612 -3.80188 2.85
    endloop
  endfacet
  facet normal 0 0 1
    outer loop
      vertex 5.48137 2.5209 2.85
      vertex 6.58006 2.68658 2.85
      vertex 6.45839 2.98424 2.85
    endloop
  endfacet
  facet normal 0 0 1
    outer loop
      vertex 5.48137 2.5209 2.85
      vertex 6.45839 2.98424 2.85
      vertex 6.29626 3.23892 2.85
    endloop
  endfacet
  facet normal 0 0 1
    outer loop
      vertex 5.42035 2.63583 2.85
      vertex 6.29626 3.23892 2.85
      vertex 6.0937 3.45061 2.85
    endloop
  endfacet
  facet normal 0 0 1
    outer loop
      vertex 5.34304 2.72839 2.85
      vertex 6.0937 3.45061 2.85
      vertex 5.85632 3.61707 2.85
    endloop
  endfacet
  facet normal 0 0 1
    outer loop
      vertex 5.25123 2.79961 2.85
      vertex 5.85632 3.61707 2.85
      vertex 5.5897 3.73595 2.85
    endloop
  endfacet
  facet normal 0 0 1
    outer loop
      vertex 6.29626 3.23892 2.85
      vertex 5.42035 2.63583 2.85
      vertex 5.48137 2.5209 2.85
    endloop
  endfacet
  facet normal 0 0 1
    outer loop
      vertex 6.58006 2.68658 2.85
      vertex 5.55459 2.22391 2.85
      vertex 6.6613 2.34595 2.85
    endloop
  endfacet
  facet normal 0 -0 1
    outer loop
      vertex 5.55459 2.22391 2.85
      vertex 6.58006 2.68658 2.85
      vertex 5.52612 2.38359 2.85
    endloop
  endfacet
  facet normal 0 0 1
    outer loop
      vertex 6.58006 2.68658 2.85
      vertex 5.48137 2.5209 2.85
      vertex 5.52612 2.38359 2.85
    endloop
  endfacet
  facet normal 0 0 1
    outer loop
      vertex 6.0937 3.45061 2.85
      vertex 5.34304 2.72839 2.85
      vertex 5.42035 2.63583 2.85
    endloop
  endfacet
  facet normal 0 0 1
    outer loop
      vertex 5.14672 2.85048 2.85
      vertex 5.5897 3.73595 2.85
      vertex 5.29382 3.80728 2.85
    endloop
  endfacet
  facet normal 0 0 1
    outer loop
      vertex 5.85632 3.61707 2.85
      vertex 5.25123 2.79961 2.85
      vertex 5.34304 2.72839 2.85
    endloop
  endfacet
  facet normal 0 0 1
    outer loop
      vertex 5.5897 3.73595 2.85
      vertex 5.14672 2.85048 2.85
      vertex 5.25123 2.79961 2.85
    endloop
  endfacet
  facet normal 0 0 1
    outer loop
      vertex 5.29382 3.80728 2.85
      vertex 5.02948 2.881 2.85
      vertex 5.14672 2.85048 2.85
    endloop
  endfacet
  facet normal 0 0 1
    outer loop
      vertex 4.9687 3.83107 2.85
      vertex 5.02948 2.881 2.85
      vertex 5.29382 3.80728 2.85
    endloop
  endfacet
  facet normal 0 0 1
    outer loop
      vertex 4.9687 3.83107 2.85
      vertex 4.89952 2.89117 2.85
      vertex 5.02948 2.881 2.85
    endloop
  endfacet
  facet normal -0 0 1
    outer loop
      vertex 4.50715 3.7858 2.85
      vertex 4.89952 2.89117 2.85
      vertex 4.9687 3.83107 2.85
    endloop
  endfacet
  facet normal 0 0 1
    outer loop
      vertex 4.89952 2.89117 2.85
      vertex 4.50715 3.7858 2.85
      vertex 4.72546 2.87082 2.85
    endloop
  endfacet
  facet normal 0 0 1
    outer loop
      vertex 4.72546 2.87082 2.85
      vertex 4.50715 3.7858 2.85
      vertex 4.56538 2.8098 2.85
    endloop
  endfacet
  facet normal -0 0 1
    outer loop
      vertex 4.09088 3.65001 2.85
      vertex 4.56538 2.8098 2.85
      vertex 4.50715 3.7858 2.85
    endloop
  endfacet
  facet normal 0 0 1
    outer loop
      vertex 4.56538 2.8098 2.85
      vertex 4.09088 3.65001 2.85
      vertex 4.41928 2.70807 2.85
    endloop
  endfacet
  facet normal -0 0 1
    outer loop
      vertex 3.71988 3.42368 2.85
      vertex 4.41928 2.70807 2.85
      vertex 4.09088 3.65001 2.85
    endloop
  endfacet
  facet normal 0 0 1
    outer loop
      vertex 4.41928 2.70807 2.85
      vertex 3.71988 3.42368 2.85
      vertex 4.28715 2.56567 2.85
    endloop
  endfacet
  facet normal -0 0 1
    outer loop
      vertex 3.39412 3.10681 2.85
      vertex 4.28715 2.56567 2.85
      vertex 3.71988 3.42368 2.85
    endloop
  endfacet
  facet normal 0 0 1
    outer loop
      vertex 4.28715 2.56567 2.85
      vertex 3.39412 3.10681 2.85
      vertex 4.17363 2.35893 2.85
    endloop
  endfacet
  facet normal -0 0 1
    outer loop
      vertex 3.12889 2.68748 2.85
      vertex 4.17363 2.35893 2.85
      vertex 3.39412 3.10681 2.85
    endloop
  endfacet
  facet normal 0 0 1
    outer loop
      vertex 4.17363 2.35893 2.85
      vertex 3.12889 2.68748 2.85
      vertex 4.08323 2.06421 2.85
    endloop
  endfacet
  facet normal 0 0 1
    outer loop
      vertex 6.77116 -0.23764 2.85
      vertex 5.63804 0.0215607 2.85
      vertex 5.65228 -0.249878 2.85
    endloop
  endfacet
  facet normal 0 0 1
    outer loop
      vertex 5.99235 1.40866 2.85
      vertex 5.5953 0.254105 2.85
      vertex 5.63804 0.0215607 2.85
    endloop
  endfacet
  facet normal 0 0 1
    outer loop
      vertex 5.99235 1.40866 2.85
      vertex 5.52409 0.447739 2.85
      vertex 5.5953 0.254105 2.85
    endloop
  endfacet
  facet normal 0 0 1
    outer loop
      vertex 5.99235 1.40866 2.85
      vertex 5.4244 0.602463 2.85
      vertex 5.52409 0.447739 2.85
    endloop
  endfacet
  facet normal 0 0 1
    outer loop
      vertex 5.16807 0.80542 2.85
      vertex 5.69853 1.57904 2.85
      vertex 5.37901 1.68127 2.85
    endloop
  endfacet
  facet normal 0 0 1
    outer loop
      vertex 5.99235 1.40866 2.85
      vertex 5.30336 0.720856 2.85
      vertex 5.4244 0.602463 2.85
    endloop
  endfacet
  facet normal 0 0 1
    outer loop
      vertex 5.69853 1.57904 2.85
      vertex 5.16807 0.80542 2.85
      vertex 5.30336 0.720856 2.85
    endloop
  endfacet
  facet normal 0 0 1
    outer loop
      vertex 5.01855 0.856155 2.85
      vertex 5.37901 1.68127 2.85
      vertex 5.03379 1.71535 2.85
    endloop
  endfacet
  facet normal 0 0 1
    outer loop
      vertex 5.37901 1.68127 2.85
      vertex 5.01855 0.856155 2.85
      vertex 5.16807 0.80542 2.85
    endloop
  endfacet
  facet normal 0 0 1
    outer loop
      vertex 5.03379 1.71535 2.85
      vertex 4.85476 0.873062 2.85
      vertex 5.01855 0.856155 2.85
    endloop
  endfacet
  facet normal -0 0 1
    outer loop
      vertex 4.7294 1.68381 2.85
      vertex 4.85476 0.873062 2.85
      vertex 5.03379 1.71535 2.85
    endloop
  endfacet
  facet normal 0 0 1
    outer loop
      vertex 4.7294 1.68381 2.85
      vertex 4.69635 0.856918 2.85
      vertex 4.85476 0.873062 2.85
    endloop
  endfacet
  facet normal -0 0 1
    outer loop
      vertex 4.45094 1.58922 2.85
      vertex 4.69635 0.856918 2.85
      vertex 4.7294 1.68381 2.85
    endloop
  endfacet
  facet normal -0 0 1
    outer loop
      vertex 4.19844 1.43155 2.85
      vertex 4.69635 0.856918 2.85
      vertex 4.45094 1.58922 2.85
    endloop
  endfacet
  facet normal 0 0 1
    outer loop
      vertex 4.69635 0.856918 2.85
      vertex 4.19844 1.43155 2.85
      vertex 4.55066 0.808472 2.85
    endloop
  endfacet
  facet normal -0 0 1
    outer loop
      vertex 3.97186 1.2108 2.85
      vertex 4.55066 0.808472 2.85
      vertex 4.19844 1.43155 2.85
    endloop
  endfacet
  facet normal 0 0 1
    outer loop
      vertex 4.55066 0.808472 2.85
      vertex 3.97186 1.2108 2.85
      vertex 4.41764 0.727737 2.85
    endloop
  endfacet
  facet normal 0 0 1
    outer loop
      vertex 4.41764 0.727737 2.85
      vertex 3.97186 1.2108 2.85
      vertex 4.29736 0.6147 2.85
    endloop
  endfacet
  facet normal 0 0 1
    outer loop
      vertex 4.29736 0.6147 2.85
      vertex 3.97186 1.2108 2.85
      vertex 4.19769 0.470139 2.85
    endloop
  endfacet
  facet normal -0 0 1
    outer loop
      vertex 2.78788 0.742874 2.85
      vertex 4.19769 0.470139 2.85
      vertex 3.97186 1.2108 2.85
    endloop
  endfacet
  facet normal 0 0 1
    outer loop
      vertex 4.19769 0.470139 2.85
      vertex 2.78788 0.742874 2.85
      vertex 4.12649 0.2948 2.85
    endloop
  endfacet
  facet normal 0 -0 1
    outer loop
      vertex 2.82425 -0.000549316 2.85
      vertex 4.12649 0.2948 2.85
      vertex 2.78788 0.742874 2.85
    endloop
  endfacet
  facet normal 0 0 1
    outer loop
      vertex 4.12649 0.2948 2.85
      vertex 2.82425 -0.000549316 2.85
      vertex 4.08378 0.0886841 2.85
    endloop
  endfacet
  facet normal -0 0 1
    outer loop
      vertex 2.93943 2.15372 2.85
      vertex 4.08323 2.06421 2.85
      vertex 3.12889 2.68748 2.85
    endloop
  endfacet
  facet normal 0 0 1
    outer loop
      vertex 4.08378 0.0886841 2.85
      vertex 2.82425 -0.000549316 2.85
      vertex 4.06955 -0.148178 2.85
    endloop
  endfacet
  facet normal 0 0 1
    outer loop
      vertex 4.08323 2.06421 2.85
      vertex 2.93943 2.15372 2.85
      vertex 4.01597 1.6815 2.85
    endloop
  endfacet
  facet normal 0 0 1
    outer loop
      vertex 4.06955 -0.148178 2.85
      vertex 2.82425 -0.000549316 2.85
      vertex 2.93333 -0.631836 2.85
    endloop
  endfacet
  facet normal 0 0 1
    outer loop
      vertex 2.82577 1.50552 2.85
      vertex 4.01597 1.6815 2.85
      vertex 2.93943 2.15372 2.85
    endloop
  endfacet
  facet normal 0 0 1
    outer loop
      vertex 4.06955 -0.148178 2.85
      vertex 2.93333 -0.631836 2.85
      vertex 3.11515 -1.15099 2.85
    endloop
  endfacet
  facet normal 0 0 1
    outer loop
      vertex 4.01597 1.6815 2.85
      vertex 2.82577 1.50552 2.85
      vertex 3.97186 1.2108 2.85
    endloop
  endfacet
  facet normal 0 0 1
    outer loop
      vertex 4.06955 -0.148178 2.85
      vertex 3.11515 -1.15099 2.85
      vertex 3.3697 -1.558 2.85
    endloop
  endfacet
  facet normal 0 0 1
    outer loop
      vertex 3.97186 1.2108 2.85
      vertex 2.82577 1.50552 2.85
      vertex 2.78788 0.742874 2.85
    endloop
  endfacet
  facet normal 0 0 1
    outer loop
      vertex 4.06955 -0.148178 2.85
      vertex 3.68069 -1.86504 2.85
      vertex 4.03187 -2.08437 2.85
    endloop
  endfacet
  facet normal 0 0 1
    outer loop
      vertex 4.06955 -0.148178 2.85
      vertex 3.3697 -1.558 2.85
      vertex 3.68069 -1.86504 2.85
    endloop
  endfacet
  facet normal -0 0 1
    outer loop
      vertex 5.63804 0.0215607 2.85
      vertex 6.77116 -0.23764 2.85
      vertex 6.73924 0.173798 2.85
    endloop
  endfacet
  facet normal 0 0 1
    outer loop
      vertex 5.63804 0.0215607 2.85
      vertex 6.73924 0.173798 2.85
      vertex 6.64349 0.545578 2.85
    endloop
  endfacet
  facet normal 0 0 1
    outer loop
      vertex 6.77116 -0.23764 2.85
      vertex 5.65228 -0.249878 2.85
      vertex 6.73759 -0.672745 2.85
    endloop
  endfacet
  facet normal 0 0 1
    outer loop
      vertex 5.63804 0.0215607 2.85
      vertex 6.64349 0.545578 2.85
      vertex 6.48391 0.877686 2.85
    endloop
  endfacet
  facet normal -0 0 1
    outer loop
      vertex 5.63905 -0.512817 2.85
      vertex 6.73759 -0.672745 2.85
      vertex 5.65228 -0.249878 2.85
    endloop
  endfacet
  facet normal 0 0 1
    outer loop
      vertex 5.63804 0.0215607 2.85
      vertex 6.48391 0.877686 2.85
      vertex 6.26049 1.17012 2.85
    endloop
  endfacet
  facet normal 0 0 1
    outer loop
      vertex 5.59938 -0.736099 2.85
      vertex 6.73759 -0.672745 2.85
      vertex 5.63905 -0.512817 2.85
    endloop
  endfacet
  facet normal 0 0 1
    outer loop
      vertex 5.63804 0.0215607 2.85
      vertex 6.26049 1.17012 2.85
      vertex 5.99235 1.40866 2.85
    endloop
  endfacet
  facet normal 0 0 1
    outer loop
      vertex 6.73759 -0.672745 2.85
      vertex 5.59938 -0.736099 2.85
      vertex 6.6369 -1.06259 2.85
    endloop
  endfacet
  facet normal 0 0 1
    outer loop
      vertex 5.30336 0.720856 2.85
      vertex 5.99235 1.40866 2.85
      vertex 5.69853 1.57904 2.85
    endloop
  endfacet
  facet normal 0 0 1
    outer loop
      vertex 6.6369 -1.06259 2.85
      vertex 5.59938 -0.736099 2.85
      vertex 6.46907 -1.40718 2.85
    endloop
  endfacet
  facet normal -0 0 1
    outer loop
      vertex 5.53325 -0.919708 2.85
      vertex 6.46907 -1.40718 2.85
      vertex 5.59938 -0.736099 2.85
    endloop
  endfacet
  facet normal 0 0 1
    outer loop
      vertex 6.46907 -1.40718 2.85
      vertex 5.53325 -0.919708 2.85
      vertex 6.2341 -1.7065 2.85
    endloop
  endfacet
  facet normal -0 0 1
    outer loop
      vertex 5.44065 -1.06366 2.85
      vertex 6.2341 -1.7065 2.85
      vertex 5.53325 -0.919708 2.85
    endloop
  endfacet
  facet normal 0 0 1
    outer loop
      vertex 6.2341 -1.7065 2.85
      vertex 5.44065 -1.06366 2.85
      vertex 5.9465 -1.94858 2.85
    endloop
  endfacet
  facet normal -0 0 1
    outer loop
      vertex 5.32827 -1.17223 2.85
      vertex 5.9465 -1.94858 2.85
      vertex 5.44065 -1.06366 2.85
    endloop
  endfacet
  facet normal 0 0 1
    outer loop
      vertex 5.9465 -1.94858 2.85
      vertex 5.32827 -1.17223 2.85
      vertex 5.62074 -2.12149 2.85
    endloop
  endfacet
  facet normal -0 0 1
    outer loop
      vertex 5.20265 -1.24977 2.85
      vertex 5.62074 -2.12149 2.85
      vertex 5.32827 -1.17223 2.85
    endloop
  endfacet
  facet normal 0 0 1
    outer loop
      vertex 5.62074 -2.12149 2.85
      vertex 5.20265 -1.24977 2.85
      vertex 5.25682 -2.22523 2.85
    endloop
  endfacet
  facet normal -0 0 1
    outer loop
      vertex 5.06382 -1.29631 2.85
      vertex 5.25682 -2.22523 2.85
      vertex 5.20265 -1.24977 2.85
    endloop
  endfacet
  facet normal -0 0 1
    outer loop
      vertex 4.91175 -1.31181 2.85
      vertex 5.25682 -2.22523 2.85
      vertex 5.06382 -1.29631 2.85
    endloop
  endfacet
  facet normal 0 0 1
    outer loop
      vertex 4.91175 -1.31181 2.85
      vertex 4.85476 -2.25981 2.85
      vertex 5.25682 -2.22523 2.85
    endloop
  endfacet
  facet normal 0 0 1
    outer loop
      vertex 4.75155 -1.29288 2.85
      vertex 4.85476 -2.25981 2.85
      vertex 4.91175 -1.31181 2.85
    endloop
  endfacet
  facet normal 0 0 1
    outer loop
      vertex 4.42323 -2.21596 2.85
      vertex 4.75155 -1.29288 2.85
      vertex 4.60049 -1.23604 2.85
    endloop
  endfacet
  facet normal 0 0 1
    outer loop
      vertex 4.03187 -2.08437 2.85
      vertex 4.60049 -1.23604 2.85
      vertex 4.4586 -1.14131 2.85
    endloop
  endfacet
  facet normal 0 0 1
    outer loop
      vertex 4.75155 -1.29288 2.85
      vertex 4.42323 -2.21596 2.85
      vertex 4.85476 -2.25981 2.85
    endloop
  endfacet
  facet normal 0 0 1
    outer loop
      vertex 4.03187 -2.08437 2.85
      vertex 4.4586 -1.14131 2.85
      vertex 4.32586 -1.0087 2.85
    endloop
  endfacet
  facet normal 0 0 1
    outer loop
      vertex 4.03187 -2.08437 2.85
      vertex 4.32586 -1.0087 2.85
      vertex 4.21371 -0.841248 2.85
    endloop
  endfacet
  facet normal 0 0 1
    outer loop
      vertex 4.03187 -2.08437 2.85
      vertex 4.21371 -0.841248 2.85
      vertex 4.13362 -0.642014 2.85
    endloop
  endfacet
  facet normal 0 0 1
    outer loop
      vertex 4.03187 -2.08437 2.85
      vertex 4.13362 -0.642014 2.85
      vertex 4.08555 -0.41098 2.85
    endloop
  endfacet
  facet normal 0 0 1
    outer loop
      vertex 4.60049 -1.23604 2.85
      vertex 4.03187 -2.08437 2.85
      vertex 4.42323 -2.21596 2.85
    endloop
  endfacet
  facet normal 0 0 1
    outer loop
      vertex 4.03187 -2.08437 2.85
      vertex 4.08555 -0.41098 2.85
      vertex 4.06955 -0.148178 2.85
    endloop
  endfacet
  facet normal 0 0 1
    outer loop
      vertex -2.44713 -0.131851 2.85
      vertex -1.30791 3.80664 2.85
      vertex -2.44713 3.80664 2.85
    endloop
  endfacet
  facet normal 0 0 1
    outer loop
      vertex -1.30791 3.80664 2.85
      vertex -2.44713 -0.131851 2.85
      vertex -1.30791 -2.15811 2.85
    endloop
  endfacet
  facet normal 0 0 1
    outer loop
      vertex -2.44713 -0.131851 2.85
      vertex -2.53665 -2.15811 2.85
      vertex -1.30791 -2.15811 2.85
    endloop
  endfacet
  facet normal -0 0 1
    outer loop
      vertex -4.84767 1.67461 2.85
      vertex -2.44713 -0.131851 2.85
      vertex -4.79482 3.80664 2.85
    endloop
  endfacet
  facet normal 0 0 1
    outer loop
      vertex -2.44713 -0.131851 2.85
      vertex -4.84767 1.67461 2.85
      vertex -2.53665 -2.15811 2.85
    endloop
  endfacet
  facet normal -0 0 1
    outer loop
      vertex -5.97478 3.80664 2.85
      vertex -4.84767 1.67461 2.85
      vertex -4.79482 3.80664 2.85
    endloop
  endfacet
  facet normal 0 0 1
    outer loop
      vertex -5.97478 -2.15811 2.85
      vertex -4.84767 1.67461 2.85
      vertex -5.97478 3.80664 2.85
    endloop
  endfacet
  facet normal 0 0 1
    outer loop
      vertex -4.84767 1.67461 2.85
      vertex -5.97478 -2.15811 2.85
      vertex -4.84767 -2.15811 2.85
    endloop
  endfacet
  facet normal -0 0 1
    outer loop
      vertex -8.30089 -1.01482 2.85
      vertex -7.15753 -2.15811 2.85
      vertex -7.15753 -1.01482 2.85
    endloop
  endfacet
  facet normal 0 0 1
    outer loop
      vertex -7.15753 -2.15811 2.85
      vertex -8.30089 -1.01482 2.85
      vertex -8.30089 -2.15811 2.85
    endloop
  endfacet
  facet normal -0 0 1
    outer loop
      vertex -0.778964 -0.994476 2.85
      vertex 2.1302 -1.89363 2.85
      vertex 2.1302 -0.994476 2.85
    endloop
  endfacet
  facet normal 0 0 1
    outer loop
      vertex 2.1302 -1.89363 2.85
      vertex -0.778964 -0.994476 2.85
      vertex -0.778964 -1.89363 2.85
    endloop
  endfacet
  facet normal 0 0 1
    outer loop
      vertex 2.27259 1.3869 2.85
      vertex 1.20314 1.33669 2.85
      vertex 1.21064 1.14978 2.85
    endloop
  endfacet
  facet normal 0 0 1
    outer loop
      vertex 1.60177 2.45723 2.85
      vertex 1.18063 1.49866 2.85
      vertex 1.20314 1.33669 2.85
    endloop
  endfacet
  facet normal 0 0 1
    outer loop
      vertex 1.60177 2.45723 2.85
      vertex 1.14311 1.63573 2.85
      vertex 1.18063 1.49866 2.85
    endloop
  endfacet
  facet normal 0 0 1
    outer loop
      vertex 1.60177 2.45723 2.85
      vertex 1.09059 1.74786 2.85
      vertex 1.14311 1.63573 2.85
    endloop
  endfacet
  facet normal 0 0 1
    outer loop
      vertex 1.60177 2.45723 2.85
      vertex 1.02308 1.8351 2.85
      vertex 1.09059 1.74786 2.85
    endloop
  endfacet
  facet normal 0 0 1
    outer loop
      vertex 0.940563 1.8974 2.85
      vertex 1.32663 2.60791 2.85
      vertex 1.01995 2.69832 2.85
    endloop
  endfacet
  facet normal 0 0 1
    outer loop
      vertex 1.32663 2.60791 2.85
      vertex 0.940563 1.8974 2.85
      vertex 1.02308 1.8351 2.85
    endloop
  endfacet
  facet normal 0 0 1
    outer loop
      vertex 1.01995 2.69832 2.85
      vertex 0.843044 1.93478 2.85
      vertex 0.940563 1.8974 2.85
    endloop
  endfacet
  facet normal 0 0 1
    outer loop
      vertex 1.01995 2.69832 2.85
      vertex 0.730526 1.94725 2.85
      vertex 0.843044 1.93478 2.85
    endloop
  endfacet
  facet normal 0 0 1
    outer loop
      vertex 0.681744 2.72845 2.85
      vertex 0.730526 1.94725 2.85
      vertex 1.01995 2.69832 2.85
    endloop
  endfacet
  facet normal 0 0 1
    outer loop
      vertex 0.681744 2.72845 2.85
      vertex 0.602627 1.93185 2.85
      vertex 0.730526 1.94725 2.85
    endloop
  endfacet
  facet normal -0 0 1
    outer loop
      vertex 0.34721 2.70035 2.85
      vertex 0.602627 1.93185 2.85
      vertex 0.681744 2.72845 2.85
    endloop
  endfacet
  facet normal 0 0 1
    outer loop
      vertex 0.602627 1.93185 2.85
      vertex 0.34721 2.70035 2.85
      vertex 0.491497 1.8857 2.85
    endloop
  endfacet
  facet normal -0 0 1
    outer loop
      vertex 0.0434532 2.61604 2.85
      vertex 0.491497 1.8857 2.85
      vertex 0.34721 2.70035 2.85
    endloop
  endfacet
  facet normal 0 0 1
    outer loop
      vertex 0.491497 1.8857 2.85
      vertex 0.0434532 2.61604 2.85
      vertex 0.397152 1.80878 2.85
    endloop
  endfacet
  facet normal -0 0 1
    outer loop
      vertex -0.229541 2.47552 2.85
      vertex 0.397152 1.80878 2.85
      vertex 0.0434532 2.61604 2.85
    endloop
  endfacet
  facet normal 0 0 1
    outer loop
      vertex 0.397152 1.80878 2.85
      vertex -0.229541 2.47552 2.85
      vertex 0.319576 1.70107 2.85
    endloop
  endfacet
  facet normal -0 0 1
    outer loop
      vertex -0.471759 2.27881 2.85
      vertex 0.319576 1.70107 2.85
      vertex -0.229541 2.47552 2.85
    endloop
  endfacet
  facet normal -0 0 1
    outer loop
      vertex -0.67023 2.03456 2.85
      vertex 0.259075 1.56262 2.85
      vertex -0.471759 2.27881 2.85
    endloop
  endfacet
  facet normal 0 0 1
    outer loop
      vertex 0.319576 1.70107 2.85
      vertex -0.471759 2.27881 2.85
      vertex 0.259075 1.56262 2.85
    endloop
  endfacet
  facet normal -0 0 1
    outer loop
      vertex 1.21064 1.14978 2.85
      vertex 2.30108 1.03993 2.85
      vertex 2.27259 1.3869 2.85
    endloop
  endfacet
  facet normal 0 0 1
    outer loop
      vertex 1.20251 0.924728 2.85
      vertex 2.30108 1.03993 2.85
      vertex 1.21064 1.14978 2.85
    endloop
  endfacet
  facet normal 0 0 1
    outer loop
      vertex 2.28964 0.818314 2.85
      vertex 1.20251 0.924728 2.85
      vertex 2.25531 0.609146 2.85
    endloop
  endfacet
  facet normal 0 0 1
    outer loop
      vertex 1.20314 1.33669 2.85
      vertex 2.27259 1.3869 2.85
      vertex 2.18716 1.70361 2.85
    endloop
  endfacet
  facet normal 0 0 1
    outer loop
      vertex 2.30108 1.03993 2.85
      vertex 1.20251 0.924728 2.85
      vertex 2.28964 0.818314 2.85
    endloop
  endfacet
  facet normal 0 0 1
    outer loop
      vertex 1.20314 1.33669 2.85
      vertex 2.18716 1.70361 2.85
      vertex 2.04475 1.99008 2.85
    endloop
  endfacet
  facet normal -0 0 1
    outer loop
      vertex 1.1781 0.729675 2.85
      vertex 2.25531 0.609146 2.85
      vertex 1.20251 0.924728 2.85
    endloop
  endfacet
  facet normal 0 0 1
    outer loop
      vertex 2.25531 0.609146 2.85
      vertex 1.1781 0.729675 2.85
      vertex 2.19807 0.41243 2.85
    endloop
  endfacet
  facet normal 0 0 1
    outer loop
      vertex 1.20314 1.33669 2.85
      vertex 2.04475 1.99008 2.85
      vertex 1.84538 2.24629 2.85
    endloop
  endfacet
  facet normal 0 0 1
    outer loop
      vertex 2.19807 0.41243 2.85
      vertex 1.1781 0.729675 2.85
      vertex 2.11796 0.22818 2.85
    endloop
  endfacet
  facet normal 0 0 1
    outer loop
      vertex 1.20314 1.33669 2.85
      vertex 1.84538 2.24629 2.85
      vertex 1.60177 2.45723 2.85
    endloop
  endfacet
  facet normal -0 0 1
    outer loop
      vertex 1.1374 0.564636 2.85
      vertex 2.11796 0.22818 2.85
      vertex 1.1781 0.729675 2.85
    endloop
  endfacet
  facet normal 0 0 1
    outer loop
      vertex 2.11796 0.22818 2.85
      vertex 1.1374 0.564636 2.85
      vertex 2.01664 0.0575409 2.85
    endloop
  endfacet
  facet normal 0 0 1
    outer loop
      vertex 1.02308 1.8351 2.85
      vertex 1.60177 2.45723 2.85
      vertex 1.32663 2.60791 2.85
    endloop
  endfacet
  facet normal -0 0 1
    outer loop
      vertex 1.08044 0.429611 2.85
      vertex 2.01664 0.0575409 2.85
      vertex 1.1374 0.564636 2.85
    endloop
  endfacet
  facet normal 0 0 1
    outer loop
      vertex 2.01664 0.0575409 2.85
      vertex 1.08044 0.429611 2.85
      vertex 1.89572 -0.0983276 2.85
    endloop
  endfacet
  facet normal 0 0 1
    outer loop
      vertex 1.89572 -0.0983276 2.85
      vertex 1.08044 0.429611 2.85
      vertex 1.75521 -0.239471 2.85
    endloop
  endfacet
  facet normal -0 0 1
    outer loop
      vertex 1.00695 0.324585 2.85
      vertex 1.75521 -0.239471 2.85
      vertex 1.08044 0.429611 2.85
    endloop
  endfacet
  facet normal 0 0 1
    outer loop
      vertex 1.75521 -0.239471 2.85
      vertex 1.00695 0.324585 2.85
      vertex 1.59512 -0.36586 2.85
    endloop
  endfacet
  facet normal 0 0 1
    outer loop
      vertex 1.59512 -0.36586 2.85
      vertex 1.00695 0.324585 2.85
      vertex 1.41267 -0.469986 2.85
    endloop
  endfacet
  facet normal -0 0 1
    outer loop
      vertex 0.916683 0.249557 2.85
      vertex 1.41267 -0.469986 2.85
      vertex 1.00695 0.324585 2.85
    endloop
  endfacet
  facet normal 0 0 1
    outer loop
      vertex 1.41267 -0.469986 2.85
      vertex 0.916683 0.249557 2.85
      vertex 1.20504 -0.544373 2.85
    endloop
  endfacet
  facet normal -0 0 1
    outer loop
      vertex 0.809643 0.204544 2.85
      vertex 1.20504 -0.544373 2.85
      vertex 0.916683 0.249557 2.85
    endloop
  endfacet
  facet normal 0 0 1
    outer loop
      vertex 1.20504 -0.544373 2.85
      vertex 0.809643 0.204544 2.85
      vertex 0.97224 -0.589005 2.85
    endloop
  endfacet
  facet normal 0 0 1
    outer loop
      vertex 0.809643 0.204544 2.85
      vertex 0.71426 -0.603882 2.85
      vertex 0.97224 -0.589005 2.85
    endloop
  endfacet
  facet normal -0 0 1
    outer loop
      vertex 0.685818 0.189545 2.85
      vertex 0.71426 -0.603882 2.85
      vertex 0.809643 0.204544 2.85
    endloop
  endfacet
  facet normal 0 0 1
    outer loop
      vertex 0.567562 0.20163 2.85
      vertex 0.71426 -0.603882 2.85
      vertex 0.685818 0.189545 2.85
    endloop
  endfacet
  facet normal 0 0 1
    outer loop
      vertex 0.352261 -0.573608 2.85
      vertex 0.567562 0.20163 2.85
      vertex 0.465069 0.237869 2.85
    endloop
  endfacet
  facet normal 0 0 1
    outer loop
      vertex 0.0312004 -0.482834 2.85
      vertex 0.465069 0.237869 2.85
      vertex 0.378353 0.298264 2.85
    endloop
  endfacet
  facet normal 0 0 1
    outer loop
      vertex 0.567562 0.20163 2.85
      vertex 0.352261 -0.573608 2.85
      vertex 0.71426 -0.603882 2.85
    endloop
  endfacet
  facet normal 0 0 1
    outer loop
      vertex -0.248904 -0.331512 2.85
      vertex 0.378353 0.298264 2.85
      vertex 0.3074 0.382812 2.85
    endloop
  endfacet
  facet normal 0 0 1
    outer loop
      vertex -0.48807 -0.119675 2.85
      vertex 0.3074 0.382812 2.85
      vertex 0.252224 0.491516 2.85
    endloop
  endfacet
  facet normal 0 0 1
    outer loop
      vertex -0.679416 0.136139 2.85
      vertex 0.252224 0.491516 2.85
      vertex 0.212811 0.62439 2.85
    endloop
  endfacet
  facet normal 0 0 1
    outer loop
      vertex -0.816089 0.419418 2.85
      vertex 0.212811 0.62439 2.85
      vertex 0.189159 0.781403 2.85
    endloop
  endfacet
  facet normal -0 0 1
    outer loop
      vertex -0.811999 1.7514 2.85
      vertex 0.259075 1.56262 2.85
      vertex -0.67023 2.03456 2.85
    endloop
  endfacet
  facet normal 0 0 1
    outer loop
      vertex 0.465069 0.237869 2.85
      vertex 0.0312004 -0.482834 2.85
      vertex 0.352261 -0.573608 2.85
    endloop
  endfacet
  facet normal 0 0 1
    outer loop
      vertex 0.259075 1.56262 2.85
      vertex -0.811999 1.7514 2.85
      vertex 0.215862 1.39339 2.85
    endloop
  endfacet
  facet normal -0 0 1
    outer loop
      vertex -0.897067 1.42934 2.85
      vertex 0.215862 1.39339 2.85
      vertex -0.811999 1.7514 2.85
    endloop
  endfacet
  facet normal 0 0 1
    outer loop
      vertex 0.181286 0.962585 2.85
      vertex -0.898089 0.730164 2.85
      vertex 0.189159 0.781403 2.85
    endloop
  endfacet
  facet normal 0 0 1
    outer loop
      vertex 0.215862 1.39339 2.85
      vertex -0.897067 1.42934 2.85
      vertex 0.189922 1.19337 2.85
    endloop
  endfacet
  facet normal 0 -0 1
    outer loop
      vertex -0.816089 0.419418 2.85
      vertex 0.189159 0.781403 2.85
      vertex -0.898089 0.730164 2.85
    endloop
  endfacet
  facet normal 0 0 1
    outer loop
      vertex -0.925418 1.06837 2.85
      vertex 0.189922 1.19337 2.85
      vertex -0.897067 1.42934 2.85
    endloop
  endfacet
  facet normal 0 0 1
    outer loop
      vertex 0.252224 0.491516 2.85
      vertex -0.679416 0.136139 2.85
      vertex -0.48807 -0.119675 2.85
    endloop
  endfacet
  facet normal 0 0 1
    outer loop
      vertex 0.189922 1.19337 2.85
      vertex -0.925418 1.06837 2.85
      vertex 0.181286 0.962585 2.85
    endloop
  endfacet
  facet normal 0 -0 1
    outer loop
      vertex -0.898089 0.730164 2.85
      vertex 0.181286 0.962585 2.85
      vertex -0.925418 1.06837 2.85
    endloop
  endfacet
  facet normal 0 0 1
    outer loop
      vertex 0.378353 0.298264 2.85
      vertex -0.248904 -0.331512 2.85
      vertex 0.0312004 -0.482834 2.85
    endloop
  endfacet
  facet normal 0 0 1
    outer loop
      vertex 0.3074 0.382812 2.85
      vertex -0.48807 -0.119675 2.85
      vertex -0.248904 -0.331512 2.85
    endloop
  endfacet
  facet normal 0 0 1
    outer loop
      vertex 0.212811 0.62439 2.85
      vertex -0.816089 0.419418 2.85
      vertex -0.679416 0.136139 2.85
    endloop
  endfacet
  facet normal 0.264397 -0.964414 0
    outer loop
      vertex -16.3128 -2.20883 2.5
      vertex -15.7549 -2.05588 2.85
      vertex -16.3128 -2.20883 2.85
    endloop
  endfacet
  facet normal 0.264397 -0.964414 0
    outer loop
      vertex -15.7549 -2.05588 2.85
      vertex -16.3128 -2.20883 2.5
      vertex -15.7549 -2.05588 2.5
    endloop
  endfacet
  facet normal 0.460207 -0.887812 0
    outer loop
      vertex -15.7549 -2.05588 2.5
      vertex -15.2631 -1.80095 2.85
      vertex -15.7549 -2.05588 2.85
    endloop
  endfacet
  facet normal 0.460207 -0.887812 0
    outer loop
      vertex -15.2631 -1.80095 2.85
      vertex -15.7549 -2.05588 2.5
      vertex -15.2631 -1.80095 2.5
    endloop
  endfacet
  facet normal 0.642455 -0.766323 0
    outer loop
      vertex -15.2631 -1.80095 2.5
      vertex -14.8374 -1.44406 2.85
      vertex -15.2631 -1.80095 2.85
    endloop
  endfacet
  facet normal 0.642455 -0.766323 0
    outer loop
      vertex -14.8374 -1.44406 2.85
      vertex -15.2631 -1.80095 2.5
      vertex -14.8374 -1.44406 2.5
    endloop
  endfacet
  facet normal 0.792969 -0.609262 0
    outer loop
      vertex -14.8374 -1.44406 2.85
      vertex -14.4938 -0.996857 2.5
      vertex -14.4938 -0.996857 2.85
    endloop
  endfacet
  facet normal 0.792969 -0.609262 0
    outer loop
      vertex -14.4938 -0.996857 2.5
      vertex -14.8374 -1.44406 2.85
      vertex -14.8374 -1.44406 2.5
    endloop
  endfacet
  facet normal 0.906152 -0.422952 0
    outer loop
      vertex -14.4938 -0.996857 2.85
      vertex -14.2484 -0.4711 2.5
      vertex -14.2484 -0.4711 2.85
    endloop
  endfacet
  facet normal 0.906152 -0.422952 0
    outer loop
      vertex -14.2484 -0.4711 2.5
      vertex -14.4938 -0.996857 2.85
      vertex -14.4938 -0.996857 2.5
    endloop
  endfacet
  facet normal 0.971593 -0.236659 0
    outer loop
      vertex -14.2484 -0.4711 2.85
      vertex -14.1012 0.133224 2.5
      vertex -14.1012 0.133224 2.85
    endloop
  endfacet
  facet normal 0.971593 -0.236659 0
    outer loop
      vertex -14.1012 0.133224 2.5
      vertex -14.2484 -0.4711 2.85
      vertex -14.2484 -0.4711 2.5
    endloop
  endfacet
  facet normal 0.997425 -0.0717133 0
    outer loop
      vertex -14.1012 0.133224 2.85
      vertex -14.0521 0.816132 2.5
      vertex -14.0521 0.816132 2.85
    endloop
  endfacet
  facet normal 0.997425 -0.0717133 0
    outer loop
      vertex -14.0521 0.816132 2.5
      vertex -14.1012 0.133224 2.85
      vertex -14.1012 0.133224 2.5
    endloop
  endfacet
  facet normal 0.997425 0.0717219 0
    outer loop
      vertex -14.0521 0.816132 2.85
      vertex -14.1016 1.50452 2.5
      vertex -14.1016 1.50452 2.85
    endloop
  endfacet
  facet normal 0.997425 0.0717219 0
    outer loop
      vertex -14.1016 1.50452 2.5
      vertex -14.0521 0.816132 2.85
      vertex -14.0521 0.816132 2.5
    endloop
  endfacet
  facet normal 0.971528 0.236927 0
    outer loop
      vertex -14.1016 1.50452 2.85
      vertex -14.25 2.11304 2.5
      vertex -14.25 2.11304 2.85
    endloop
  endfacet
  facet normal 0.971528 0.236927 0
    outer loop
      vertex -14.25 2.11304 2.5
      vertex -14.1016 1.50452 2.85
      vertex -14.1016 1.50452 2.5
    endloop
  endfacet
  facet normal 0.9058 0.423705 0
    outer loop
      vertex -14.25 2.11304 2.85
      vertex -14.4973 2.64172 2.5
      vertex -14.4973 2.64172 2.85
    endloop
  endfacet
  facet normal 0.9058 0.423705 0
    outer loop
      vertex -14.4973 2.64172 2.5
      vertex -14.25 2.11304 2.85
      vertex -14.25 2.11304 2.5
    endloop
  endfacet
  facet normal 0.791817 0.610759 0
    outer loop
      vertex -14.4973 2.64172 2.85
      vertex -14.8435 3.09055 2.5
      vertex -14.8435 3.09055 2.85
    endloop
  endfacet
  facet normal 0.791817 0.610759 0
    outer loop
      vertex -14.8435 3.09055 2.5
      vertex -14.4973 2.64172 2.85
      vertex -14.4973 2.64172 2.5
    endloop
  endfacet
  facet normal 0.640833 0.767681 -0
    outer loop
      vertex -14.8435 3.09055 2.5
      vertex -15.2721 3.44833 2.85
      vertex -14.8435 3.09055 2.85
    endloop
  endfacet
  facet normal 0.640833 0.767681 0
    outer loop
      vertex -15.2721 3.44833 2.85
      vertex -14.8435 3.09055 2.5
      vertex -15.2721 3.44833 2.5
    endloop
  endfacet
  facet normal 0.459131 0.888369 -0
    outer loop
      vertex -15.2721 3.44833 2.5
      vertex -15.7666 3.7039 2.85
      vertex -15.2721 3.44833 2.85
    endloop
  endfacet
  facet normal 0.459131 0.888369 0
    outer loop
      vertex -15.7666 3.7039 2.85
      vertex -15.2721 3.44833 2.5
      vertex -15.7666 3.7039 2.5
    endloop
  endfacet
  facet normal 0.263968 0.964531 -0
    outer loop
      vertex -15.7666 3.7039 2.5
      vertex -16.3269 3.85724 2.85
      vertex -15.7666 3.7039 2.85
    endloop
  endfacet
  facet normal 0.263968 0.964531 0
    outer loop
      vertex -16.3269 3.85724 2.85
      vertex -15.7666 3.7039 2.5
      vertex -16.3269 3.85724 2.5
    endloop
  endfacet
  facet normal 0.0813201 0.996688 -0
    outer loop
      vertex -16.3269 3.85724 2.5
      vertex -16.9532 3.90834 2.85
      vertex -16.3269 3.85724 2.85
    endloop
  endfacet
  facet normal 0.0813201 0.996688 0
    outer loop
      vertex -16.9532 3.90834 2.85
      vertex -16.3269 3.85724 2.5
      vertex -16.9532 3.90834 2.5
    endloop
  endfacet
  facet normal -0.0416729 0.999131 0
    outer loop
      vertex -16.9532 3.90834 2.5
      vertex -17.3066 3.8936 2.85
      vertex -16.9532 3.90834 2.85
    endloop
  endfacet
  facet normal -0.0416729 0.999131 0
    outer loop
      vertex -17.3066 3.8936 2.85
      vertex -16.9532 3.90834 2.5
      vertex -17.3066 3.8936 2.5
    endloop
  endfacet
  facet normal -0.132076 0.99124 0
    outer loop
      vertex -17.3066 3.8936 2.5
      vertex -17.6387 3.84935 2.85
      vertex -17.3066 3.8936 2.85
    endloop
  endfacet
  facet normal -0.132076 0.99124 0
    outer loop
      vertex -17.6387 3.84935 2.85
      vertex -17.3066 3.8936 2.5
      vertex -17.6387 3.84935 2.5
    endloop
  endfacet
  facet normal -0.23088 0.972982 0
    outer loop
      vertex -17.6387 3.84935 2.5
      vertex -17.9495 3.7756 2.85
      vertex -17.6387 3.84935 2.85
    endloop
  endfacet
  facet normal -0.23088 0.972982 0
    outer loop
      vertex -17.9495 3.7756 2.85
      vertex -17.6387 3.84935 2.5
      vertex -17.9495 3.7756 2.5
    endloop
  endfacet
  facet normal -0.336101 0.941826 0
    outer loop
      vertex -17.9495 3.7756 2.5
      vertex -18.2388 3.67236 2.85
      vertex -17.9495 3.7756 2.85
    endloop
  endfacet
  facet normal -0.336101 0.941826 0
    outer loop
      vertex -18.2388 3.67236 2.85
      vertex -17.9495 3.7756 2.5
      vertex -18.2388 3.67236 2.5
    endloop
  endfacet
  facet normal -0.434754 0.900549 0
    outer loop
      vertex -18.2388 3.67236 2.5
      vertex -18.4442 3.5732 2.85
      vertex -18.2388 3.67236 2.85
    endloop
  endfacet
  facet normal -0.434754 0.900549 0
    outer loop
      vertex -18.4442 3.5732 2.85
      vertex -18.2388 3.67236 2.5
      vertex -18.4442 3.5732 2.5
    endloop
  endfacet
  facet normal -0.528309 0.849052 0
    outer loop
      vertex -18.4442 3.5732 2.5
      vertex -18.6412 3.45062 2.85
      vertex -18.4442 3.5732 2.85
    endloop
  endfacet
  facet normal -0.528309 0.849052 0
    outer loop
      vertex -18.6412 3.45062 2.85
      vertex -18.4442 3.5732 2.5
      vertex -18.6412 3.45062 2.5
    endloop
  endfacet
  facet normal -0.612237 0.790674 0
    outer loop
      vertex -18.6412 3.45062 2.5
      vertex -18.8297 3.30466 2.85
      vertex -18.6412 3.45062 2.85
    endloop
  endfacet
  facet normal -0.612237 0.790674 0
    outer loop
      vertex -18.8297 3.30466 2.85
      vertex -18.6412 3.45062 2.5
      vertex -18.8297 3.30466 2.5
    endloop
  endfacet
  facet normal -0.684828 0.728704 0
    outer loop
      vertex -18.8297 3.30466 2.5
      vertex -19.0099 3.13531 2.85
      vertex -18.8297 3.30466 2.85
    endloop
  endfacet
  facet normal -0.684828 0.728704 0
    outer loop
      vertex -19.0099 3.13531 2.85
      vertex -18.8297 3.30466 2.5
      vertex -19.0099 3.13531 2.5
    endloop
  endfacet
  facet normal -0.746285 0.665627 0
    outer loop
      vertex -19.1766 2.94841 2.5
      vertex -19.0099 3.13531 2.85
      vertex -19.0099 3.13531 2.5
    endloop
  endfacet
  facet normal -0.746285 0.665627 0
    outer loop
      vertex -19.0099 3.13531 2.85
      vertex -19.1766 2.94841 2.5
      vertex -19.1766 2.94841 2.85
    endloop
  endfacet
  facet normal -0.801658 0.597783 0
    outer loop
      vertex -19.3247 2.7498 2.5
      vertex -19.1766 2.94841 2.85
      vertex -19.1766 2.94841 2.5
    endloop
  endfacet
  facet normal -0.801658 0.597783 0
    outer loop
      vertex -19.1766 2.94841 2.85
      vertex -19.3247 2.7498 2.5
      vertex -19.3247 2.7498 2.85
    endloop
  endfacet
  facet normal -0.851313 0.524657 0
    outer loop
      vertex -19.4543 2.53951 2.5
      vertex -19.3247 2.7498 2.85
      vertex -19.3247 2.7498 2.5
    endloop
  endfacet
  facet normal -0.851313 0.524657 0
    outer loop
      vertex -19.3247 2.7498 2.85
      vertex -19.4543 2.53951 2.5
      vertex -19.4543 2.53951 2.85
    endloop
  endfacet
  facet normal -0.894435 0.447197 0
    outer loop
      vertex -19.5653 2.3175 2.5
      vertex -19.4543 2.53951 2.85
      vertex -19.4543 2.53951 2.5
    endloop
  endfacet
  facet normal -0.894435 0.447197 0
    outer loop
      vertex -19.4543 2.53951 2.85
      vertex -19.5653 2.3175 2.5
      vertex -19.5653 2.3175 2.85
    endloop
  endfacet
  facet normal -0.939706 0.341983 0
    outer loop
      vertex -19.6845 1.98996 2.5
      vertex -19.5653 2.3175 2.85
      vertex -19.5653 2.3175 2.5
    endloop
  endfacet
  facet normal -0.939706 0.341983 0
    outer loop
      vertex -19.5653 2.3175 2.85
      vertex -19.6845 1.98996 2.5
      vertex -19.6845 1.98996 2.85
    endloop
  endfacet
  facet normal -0.973707 0.227805 0
    outer loop
      vertex -19.7697 1.62579 2.5
      vertex -19.6845 1.98996 2.85
      vertex -19.6845 1.98996 2.5
    endloop
  endfacet
  facet normal -0.973707 0.227805 0
    outer loop
      vertex -19.6845 1.98996 2.85
      vertex -19.7697 1.62579 2.5
      vertex -19.7697 1.62579 2.85
    endloop
  endfacet
  facet normal -0.991938 0.126724 0
    outer loop
      vertex -19.8209 1.22502 2.5
      vertex -19.7697 1.62579 2.85
      vertex -19.7697 1.62579 2.5
    endloop
  endfacet
  facet normal -0.991938 0.126724 0
    outer loop
      vertex -19.7697 1.62579 2.85
      vertex -19.8209 1.22502 2.5
      vertex -19.8209 1.22502 2.85
    endloop
  endfacet
  facet normal -0.999246 0.0388374 0
    outer loop
      vertex -19.8379 0.787628 2.5
      vertex -19.8209 1.22502 2.85
      vertex -19.8209 1.22502 2.5
    endloop
  endfacet
  facet normal -0.999246 0.0388374 0
    outer loop
      vertex -19.8209 1.22502 2.85
      vertex -19.8379 0.787628 2.5
      vertex -19.8379 0.787628 2.85
    endloop
  endfacet
  facet normal -0.997355 -0.0726827 0
    outer loop
      vertex -19.7888 0.113876 2.5
      vertex -19.8379 0.787628 2.85
      vertex -19.8379 0.787628 2.5
    endloop
  endfacet
  facet normal -0.997355 -0.0726827 0
    outer loop
      vertex -19.8379 0.787628 2.85
      vertex -19.7888 0.113876 2.5
      vertex -19.7888 0.113876 2.85
    endloop
  endfacet
  facet normal -0.97094 -0.239322 0
    outer loop
      vertex -19.6416 -0.483322 2.5
      vertex -19.7888 0.113876 2.85
      vertex -19.7888 0.113876 2.5
    endloop
  endfacet
  facet normal -0.97094 -0.239322 0
    outer loop
      vertex -19.7888 0.113876 2.85
      vertex -19.6416 -0.483322 2.5
      vertex -19.6416 -0.483322 2.85
    endloop
  endfacet
  facet normal -0.904568 -0.42633 0
    outer loop
      vertex -19.3962 -1.004 2.5
      vertex -19.6416 -0.483322 2.85
      vertex -19.6416 -0.483322 2.5
    endloop
  endfacet
  facet normal -0.904568 -0.42633 0
    outer loop
      vertex -19.6416 -0.483322 2.85
      vertex -19.3962 -1.004 2.5
      vertex -19.3962 -1.004 2.85
    endloop
  endfacet
  facet normal -0.790939 -0.611894 0
    outer loop
      vertex -19.0526 -1.44814 2.5
      vertex -19.3962 -1.004 2.85
      vertex -19.3962 -1.004 2.5
    endloop
  endfacet
  facet normal -0.790939 -0.611894 0
    outer loop
      vertex -19.3962 -1.004 2.85
      vertex -19.0526 -1.44814 2.5
      vertex -19.0526 -1.44814 2.85
    endloop
  endfacet
  facet normal -0.639681 -0.76864 0
    outer loop
      vertex -19.0526 -1.44814 2.5
      vertex -18.6259 -1.80325 2.85
      vertex -19.0526 -1.44814 2.85
    endloop
  endfacet
  facet normal -0.639681 -0.76864 -0
    outer loop
      vertex -18.6259 -1.80325 2.85
      vertex -19.0526 -1.44814 2.5
      vertex -18.6259 -1.80325 2.5
    endloop
  endfacet
  facet normal -0.45611 -0.889923 0
    outer loop
      vertex -18.6259 -1.80325 2.5
      vertex -18.131 -2.0569 2.85
      vertex -18.6259 -1.80325 2.85
    endloop
  endfacet
  facet normal -0.45611 -0.889923 -0
    outer loop
      vertex -18.131 -2.0569 2.85
      vertex -18.6259 -1.80325 2.5
      vertex -18.131 -2.0569 2.5
    endloop
  endfacet
  facet normal -0.260954 -0.965351 0
    outer loop
      vertex -18.131 -2.0569 2.5
      vertex -17.568 -2.20909 2.85
      vertex -18.131 -2.0569 2.85
    endloop
  endfacet
  facet normal -0.260954 -0.965351 -0
    outer loop
      vertex -17.568 -2.20909 2.85
      vertex -18.131 -2.0569 2.5
      vertex -17.568 -2.20909 2.5
    endloop
  endfacet
  facet normal -0.0800967 -0.996787 0
    outer loop
      vertex -17.568 -2.20909 2.5
      vertex -16.9368 -2.25981 2.85
      vertex -17.568 -2.20909 2.85
    endloop
  endfacet
  facet normal -0.0800967 -0.996787 -0
    outer loop
      vertex -16.9368 -2.25981 2.85
      vertex -17.568 -2.20909 2.5
      vertex -16.9368 -2.25981 2.5
    endloop
  endfacet
  facet normal 0.0814274 -0.996679 0
    outer loop
      vertex -16.9368 -2.25981 2.5
      vertex -16.3128 -2.20883 2.85
      vertex -16.9368 -2.25981 2.85
    endloop
  endfacet
  facet normal 0.0814274 -0.996679 0
    outer loop
      vertex -16.3128 -2.20883 2.85
      vertex -16.9368 -2.25981 2.5
      vertex -16.3128 -2.20883 2.5
    endloop
  endfacet
  facet normal 0.29914 0.954209 -0
    outer loop
      vertex -17.2853 -1.19778 2.5
      vertex -17.598 -1.09975 2.85
      vertex -17.2853 -1.19778 2.85
    endloop
  endfacet
  facet normal 0.29914 0.954209 0
    outer loop
      vertex -17.598 -1.09975 2.85
      vertex -17.2853 -1.19778 2.5
      vertex -17.598 -1.09975 2.5
    endloop
  endfacet
  facet normal 0.50227 0.864711 -0
    outer loop
      vertex -17.598 -1.09975 2.5
      vertex -17.8793 -0.936356 2.85
      vertex -17.598 -1.09975 2.85
    endloop
  endfacet
  facet normal 0.50227 0.864711 0
    outer loop
      vertex -17.8793 -0.936356 2.85
      vertex -17.598 -1.09975 2.5
      vertex -17.8793 -0.936356 2.5
    endloop
  endfacet
  facet normal 0.675489 0.73737 -0
    outer loop
      vertex -17.8793 -0.936356 2.5
      vertex -18.129 -0.707611 2.85
      vertex -17.8793 -0.936356 2.85
    endloop
  endfacet
  facet normal 0.675489 0.73737 0
    outer loop
      vertex -18.129 -0.707611 2.85
      vertex -17.8793 -0.936356 2.5
      vertex -18.129 -0.707611 2.5
    endloop
  endfacet
  facet normal 0.818885 0.573957 0
    outer loop
      vertex -18.129 -0.707611 2.85
      vertex -18.3337 -0.415558 2.5
      vertex -18.3337 -0.415558 2.85
    endloop
  endfacet
  facet normal 0.818885 0.573957 0
    outer loop
      vertex -18.3337 -0.415558 2.5
      vertex -18.129 -0.707611 2.85
      vertex -18.129 -0.707611 2.5
    endloop
  endfacet
  facet normal 0.923936 0.382546 0
    outer loop
      vertex -18.3337 -0.415558 2.85
      vertex -18.48 -0.0622101 2.5
      vertex -18.48 -0.0622101 2.85
    endloop
  endfacet
  facet normal 0.923936 0.382546 0
    outer loop
      vertex -18.48 -0.0622101 2.5
      vertex -18.3337 -0.415558 2.85
      vertex -18.3337 -0.415558 2.5
    endloop
  endfacet
  facet normal 0.978353 0.206944 0
    outer loop
      vertex -18.48 -0.0622101 2.85
      vertex -18.5677 0.352402 2.5
      vertex -18.5677 0.352402 2.85
    endloop
  endfacet
  facet normal 0.978353 0.206944 0
    outer loop
      vertex -18.5677 0.352402 2.5
      vertex -18.48 -0.0622101 2.85
      vertex -18.48 -0.0622101 2.5
    endloop
  endfacet
  facet normal 0.998123 0.0612415 0
    outer loop
      vertex -18.5677 0.352402 2.85
      vertex -18.5969 0.828308 2.5
      vertex -18.5969 0.828308 2.85
    endloop
  endfacet
  facet normal 0.998123 0.0612415 0
    outer loop
      vertex -18.5969 0.828308 2.5
      vertex -18.5677 0.352402 2.85
      vertex -18.5677 0.352402 2.5
    endloop
  endfacet
  facet normal 0.998271 -0.0587849 0
    outer loop
      vertex -18.5969 0.828308 2.85
      vertex -18.5685 1.31059 2.5
      vertex -18.5685 1.31059 2.85
    endloop
  endfacet
  facet normal 0.998271 -0.0587849 0
    outer loop
      vertex -18.5685 1.31059 2.5
      vertex -18.5969 0.828308 2.85
      vertex -18.5969 0.828308 2.5
    endloop
  endfacet
  facet normal 0.979662 -0.200654 0
    outer loop
      vertex -18.5685 1.31059 2.85
      vertex -18.483 1.72803 2.5
      vertex -18.483 1.72803 2.85
    endloop
  endfacet
  facet normal 0.979662 -0.200654 0
    outer loop
      vertex -18.483 1.72803 2.5
      vertex -18.5685 1.31059 2.85
      vertex -18.5685 1.31059 2.5
    endloop
  endfacet
  facet normal 0.927227 -0.374499 0
    outer loop
      vertex -18.483 1.72803 2.85
      vertex -18.3406 2.0806 2.5
      vertex -18.3406 2.0806 2.85
    endloop
  endfacet
  facet normal 0.927227 -0.374499 0
    outer loop
      vertex -18.3406 2.0806 2.5
      vertex -18.483 1.72803 2.85
      vertex -18.483 1.72803 2.5
    endloop
  endfacet
  facet normal 0.821922 -0.569601 0
    outer loop
      vertex -18.3406 2.0806 2.85
      vertex -18.1412 2.36833 2.5
      vertex -18.1412 2.36833 2.85
    endloop
  endfacet
  facet normal 0.821922 -0.569601 0
    outer loop
      vertex -18.1412 2.36833 2.5
      vertex -18.3406 2.0806 2.85
      vertex -18.3406 2.0806 2.5
    endloop
  endfacet
  facet normal 0.67245 -0.740143 0
    outer loop
      vertex -18.1412 2.36833 2.5
      vertex -17.8953 2.59174 2.85
      vertex -18.1412 2.36833 2.85
    endloop
  endfacet
  facet normal 0.67245 -0.740143 0
    outer loop
      vertex -17.8953 2.59174 2.85
      vertex -18.1412 2.36833 2.5
      vertex -17.8953 2.59174 2.5
    endloop
  endfacet
  facet normal 0.492522 -0.8703 0
    outer loop
      vertex -17.8953 2.59174 2.5
      vertex -17.6133 2.75133 2.85
      vertex -17.8953 2.59174 2.85
    endloop
  endfacet
  facet normal 0.492522 -0.8703 0
    outer loop
      vertex -17.6133 2.75133 2.85
      vertex -17.8953 2.59174 2.5
      vertex -17.6133 2.75133 2.5
    endloop
  endfacet
  facet normal 0.288232 -0.957561 0
    outer loop
      vertex -17.6133 2.75133 2.5
      vertex -17.2952 2.84708 2.85
      vertex -17.6133 2.75133 2.85
    endloop
  endfacet
  facet normal 0.288232 -0.957561 0
    outer loop
      vertex -17.2952 2.84708 2.85
      vertex -17.6133 2.75133 2.5
      vertex -17.2952 2.84708 2.5
    endloop
  endfacet
  facet normal 0.089674 -0.995971 0
    outer loop
      vertex -17.2952 2.84708 2.5
      vertex -16.9409 2.87898 2.85
      vertex -17.2952 2.84708 2.85
    endloop
  endfacet
  facet normal 0.089674 -0.995971 0
    outer loop
      vertex -16.9409 2.87898 2.85
      vertex -17.2952 2.84708 2.5
      vertex -16.9409 2.87898 2.5
    endloop
  endfacet
  facet normal -0.0887384 -0.996055 0
    outer loop
      vertex -16.9409 2.87898 2.5
      vertex -16.5871 2.84746 2.85
      vertex -16.9409 2.87898 2.85
    endloop
  endfacet
  facet normal -0.0887384 -0.996055 -0
    outer loop
      vertex -16.5871 2.84746 2.85
      vertex -16.9409 2.87898 2.5
      vertex -16.5871 2.84746 2.5
    endloop
  endfacet
  facet normal -0.285989 -0.958233 0
    outer loop
      vertex -16.5871 2.84746 2.5
      vertex -16.2701 2.75285 2.85
      vertex -16.5871 2.84746 2.85
    endloop
  endfacet
  facet normal -0.285989 -0.958233 -0
    outer loop
      vertex -16.2701 2.75285 2.85
      vertex -16.5871 2.84746 2.5
      vertex -16.2701 2.75285 2.5
    endloop
  endfacet
  facet normal -0.49053 -0.871424 0
    outer loop
      vertex -16.2701 2.75285 2.5
      vertex -15.99 2.59518 2.85
      vertex -16.2701 2.75285 2.85
    endloop
  endfacet
  facet normal -0.49053 -0.871424 -0
    outer loop
      vertex -15.99 2.59518 2.85
      vertex -16.2701 2.75285 2.5
      vertex -15.99 2.59518 2.5
    endloop
  endfacet
  facet normal -0.672071 -0.740487 0
    outer loop
      vertex -15.99 2.59518 2.5
      vertex -15.7468 2.37445 2.85
      vertex -15.99 2.59518 2.85
    endloop
  endfacet
  facet normal -0.672071 -0.740487 -0
    outer loop
      vertex -15.7468 2.37445 2.85
      vertex -15.99 2.59518 2.5
      vertex -15.7468 2.37445 2.5
    endloop
  endfacet
  facet normal -0.822845 -0.568266 0
    outer loop
      vertex -15.5501 2.08963 2.5
      vertex -15.7468 2.37445 2.85
      vertex -15.7468 2.37445 2.5
    endloop
  endfacet
  facet normal -0.822845 -0.568266 0
    outer loop
      vertex -15.7468 2.37445 2.85
      vertex -15.5501 2.08963 2.5
      vertex -15.5501 2.08963 2.85
    endloop
  endfacet
  facet normal -0.927986 -0.372616 0
    outer loop
      vertex -15.4096 1.73972 2.5
      vertex -15.5501 2.08963 2.85
      vertex -15.5501 2.08963 2.5
    endloop
  endfacet
  facet normal -0.927986 -0.372616 0
    outer loop
      vertex -15.5501 2.08963 2.85
      vertex -15.4096 1.73972 2.5
      vertex -15.4096 1.73972 2.85
    endloop
  endfacet
  facet normal -0.979986 -0.199067 0
    outer loop
      vertex -15.3253 1.32472 2.5
      vertex -15.4096 1.73972 2.85
      vertex -15.4096 1.73972 2.5
    endloop
  endfacet
  facet normal -0.979986 -0.199067 0
    outer loop
      vertex -15.4096 1.73972 2.85
      vertex -15.3253 1.32472 2.5
      vertex -15.3253 1.32472 2.85
    endloop
  endfacet
  facet normal -0.998292 -0.0584295 0
    outer loop
      vertex -15.2972 0.84462 2.5
      vertex -15.3253 1.32472 2.85
      vertex -15.3253 1.32472 2.5
    endloop
  endfacet
  facet normal -0.998292 -0.0584295 0
    outer loop
      vertex -15.3253 1.32472 2.85
      vertex -15.2972 0.84462 2.5
      vertex -15.2972 0.84462 2.85
    endloop
  endfacet
  facet normal -0.998251 0.059112 0
    outer loop
      vertex -15.326 0.358261 2.5
      vertex -15.2972 0.84462 2.85
      vertex -15.2972 0.84462 2.5
    endloop
  endfacet
  facet normal -0.998251 0.059112 0
    outer loop
      vertex -15.2972 0.84462 2.85
      vertex -15.326 0.358261 2.5
      vertex -15.326 0.358261 2.85
    endloop
  endfacet
  facet normal -0.979539 0.201256 0
    outer loop
      vertex -15.4126 -0.0632324 2.5
      vertex -15.326 0.358261 2.85
      vertex -15.326 0.358261 2.5
    endloop
  endfacet
  facet normal -0.979539 0.201256 0
    outer loop
      vertex -15.326 0.358261 2.85
      vertex -15.4126 -0.0632324 2.5
      vertex -15.4126 -0.0632324 2.85
    endloop
  endfacet
  facet normal -0.927003 0.375055 0
    outer loop
      vertex -15.5569 -0.419891 2.5
      vertex -15.4126 -0.0632324 2.85
      vertex -15.4126 -0.0632324 2.5
    endloop
  endfacet
  facet normal -0.927003 0.375055 0
    outer loop
      vertex -15.4126 -0.0632324 2.85
      vertex -15.5569 -0.419891 2.5
      vertex -15.5569 -0.419891 2.85
    endloop
  endfacet
  facet normal -0.822089 0.569359 0
    outer loop
      vertex -15.759 -0.7117 2.5
      vertex -15.5569 -0.419891 2.85
      vertex -15.5569 -0.419891 2.5
    endloop
  endfacet
  facet normal -0.822089 0.569359 0
    outer loop
      vertex -15.5569 -0.419891 2.85
      vertex -15.759 -0.7117 2.5
      vertex -15.759 -0.7117 2.85
    endloop
  endfacet
  facet normal -0.676604 0.736347 0
    outer loop
      vertex -15.759 -0.7117 2.5
      vertex -16.006 -0.93866 2.85
      vertex -15.759 -0.7117 2.85
    endloop
  endfacet
  facet normal -0.676604 0.736347 0
    outer loop
      vertex -16.006 -0.93866 2.85
      vertex -15.759 -0.7117 2.5
      vertex -16.006 -0.93866 2.5
    endloop
  endfacet
  facet normal -0.501852 0.864953 0
    outer loop
      vertex -16.006 -0.93866 2.5
      vertex -16.2854 -1.10077 2.85
      vertex -16.006 -0.93866 2.85
    endloop
  endfacet
  facet normal -0.501852 0.864953 0
    outer loop
      vertex -16.2854 -1.10077 2.85
      vertex -16.006 -0.93866 2.5
      vertex -16.2854 -1.10077 2.5
    endloop
  endfacet
  facet normal -0.297954 0.95458 0
    outer loop
      vertex -16.2854 -1.10077 2.5
      vertex -16.597 -1.19803 2.85
      vertex -16.2854 -1.10077 2.85
    endloop
  endfacet
  facet normal -0.297954 0.95458 0
    outer loop
      vertex -16.597 -1.19803 2.85
      vertex -16.2854 -1.10077 2.5
      vertex -16.597 -1.19803 2.5
    endloop
  endfacet
  facet normal -0.0938555 0.995586 0
    outer loop
      vertex -16.597 -1.19803 2.5
      vertex -16.9409 -1.23045 2.85
      vertex -16.597 -1.19803 2.85
    endloop
  endfacet
  facet normal -0.0938555 0.995586 0
    outer loop
      vertex -16.9409 -1.23045 2.85
      vertex -16.597 -1.19803 2.5
      vertex -16.9409 -1.23045 2.5
    endloop
  endfacet
  facet normal 0.0944367 0.995531 -0
    outer loop
      vertex -16.9409 -1.23045 2.5
      vertex -17.2853 -1.19778 2.85
      vertex -16.9409 -1.23045 2.85
    endloop
  endfacet
  facet normal 0.0944367 0.995531 0
    outer loop
      vertex -17.2853 -1.19778 2.85
      vertex -16.9409 -1.23045 2.5
      vertex -17.2853 -1.19778 2.5
    endloop
  endfacet
  facet normal 0.274142 -0.961689 0
    outer loop
      vertex 5.25682 -2.22523 2.5
      vertex 5.62074 -2.12149 2.85
      vertex 5.25682 -2.22523 2.85
    endloop
  endfacet
  facet normal 0.274142 -0.961689 0
    outer loop
      vertex 5.62074 -2.12149 2.85
      vertex 5.25682 -2.22523 2.5
      vertex 5.62074 -2.12149 2.5
    endloop
  endfacet
  facet normal 0.468838 -0.883284 0
    outer loop
      vertex 5.62074 -2.12149 2.5
      vertex 5.9465 -1.94858 2.85
      vertex 5.62074 -2.12149 2.85
    endloop
  endfacet
  facet normal 0.468838 -0.883284 0
    outer loop
      vertex 5.9465 -1.94858 2.85
      vertex 5.62074 -2.12149 2.5
      vertex 5.9465 -1.94858 2.5
    endloop
  endfacet
  facet normal 0.643965 -0.765055 0
    outer loop
      vertex 5.9465 -1.94858 2.5
      vertex 6.2341 -1.7065 2.85
      vertex 5.9465 -1.94858 2.85
    endloop
  endfacet
  facet normal 0.643965 -0.765055 0
    outer loop
      vertex 6.2341 -1.7065 2.85
      vertex 5.9465 -1.94858 2.5
      vertex 6.2341 -1.7065 2.5
    endloop
  endfacet
  facet normal 0.786586 -0.61748 0
    outer loop
      vertex 6.2341 -1.7065 2.85
      vertex 6.46907 -1.40718 2.5
      vertex 6.46907 -1.40718 2.85
    endloop
  endfacet
  facet normal 0.786586 -0.61748 0
    outer loop
      vertex 6.46907 -1.40718 2.5
      vertex 6.2341 -1.7065 2.85
      vertex 6.2341 -1.7065 2.5
    endloop
  endfacet
  facet normal 0.899038 -0.43787 0
    outer loop
      vertex 6.46907 -1.40718 2.85
      vertex 6.6369 -1.06259 2.5
      vertex 6.6369 -1.06259 2.85
    endloop
  endfacet
  facet normal 0.899038 -0.43787 0
    outer loop
      vertex 6.6369 -1.06259 2.5
      vertex 6.46907 -1.40718 2.85
      vertex 6.46907 -1.40718 2.5
    endloop
  endfacet
  facet normal 0.968226 -0.250076 0
    outer loop
      vertex 6.6369 -1.06259 2.85
      vertex 6.73759 -0.672745 2.5
      vertex 6.73759 -0.672745 2.85
    endloop
  endfacet
  facet normal 0.968226 -0.250076 0
    outer loop
      vertex 6.73759 -0.672745 2.5
      vertex 6.6369 -1.06259 2.85
      vertex 6.6369 -1.06259 2.5
    endloop
  endfacet
  facet normal 0.997037 -0.0769252 0
    outer loop
      vertex 6.73759 -0.672745 2.85
      vertex 6.77116 -0.23764 2.5
      vertex 6.77116 -0.23764 2.85
    endloop
  endfacet
  facet normal 0.997037 -0.0769252 0
    outer loop
      vertex 6.77116 -0.23764 2.5
      vertex 6.73759 -0.672745 2.85
      vertex 6.73759 -0.672745 2.5
    endloop
  endfacet
  facet normal 0.997004 0.0773491 0
    outer loop
      vertex 6.77116 -0.23764 2.85
      vertex 6.73924 0.173798 2.5
      vertex 6.73924 0.173798 2.85
    endloop
  endfacet
  facet normal 0.997004 0.0773491 0
    outer loop
      vertex 6.73924 0.173798 2.5
      vertex 6.77116 -0.23764 2.85
      vertex 6.77116 -0.23764 2.5
    endloop
  endfacet
  facet normal 0.968399 0.249406 0
    outer loop
      vertex 6.73924 0.173798 2.85
      vertex 6.64349 0.545578 2.5
      vertex 6.64349 0.545578 2.85
    endloop
  endfacet
  facet normal 0.968399 0.249406 0
    outer loop
      vertex 6.64349 0.545578 2.5
      vertex 6.73924 0.173798 2.85
      vertex 6.73924 0.173798 2.5
    endloop
  endfacet
  facet normal 0.901345 0.433102 0
    outer loop
      vertex 6.64349 0.545578 2.85
      vertex 6.48391 0.877686 2.5
      vertex 6.48391 0.877686 2.85
    endloop
  endfacet
  facet normal 0.901345 0.433102 0
    outer loop
      vertex 6.48391 0.877686 2.5
      vertex 6.64349 0.545578 2.85
      vertex 6.64349 0.545578 2.5
    endloop
  endfacet
  facet normal 0.794628 0.607097 0
    outer loop
      vertex 6.48391 0.877686 2.85
      vertex 6.26049 1.17012 2.5
      vertex 6.26049 1.17012 2.85
    endloop
  endfacet
  facet normal 0.794628 0.607097 0
    outer loop
      vertex 6.26049 1.17012 2.5
      vertex 6.48391 0.877686 2.85
      vertex 6.48391 0.877686 2.5
    endloop
  endfacet
  facet normal 0.664665 0.747142 -0
    outer loop
      vertex 6.26049 1.17012 2.5
      vertex 5.99235 1.40866 2.85
      vertex 6.26049 1.17012 2.85
    endloop
  endfacet
  facet normal 0.664665 0.747142 0
    outer loop
      vertex 5.99235 1.40866 2.85
      vertex 6.26049 1.17012 2.5
      vertex 5.99235 1.40866 2.5
    endloop
  endfacet
  facet normal 0.50164 0.865077 -0
    outer loop
      vertex 5.99235 1.40866 2.5
      vertex 5.69853 1.57904 2.85
      vertex 5.99235 1.40866 2.85
    endloop
  endfacet
  facet normal 0.50164 0.865077 0
    outer loop
      vertex 5.69853 1.57904 2.85
      vertex 5.99235 1.40866 2.5
      vertex 5.69853 1.57904 2.5
    endloop
  endfacet
  facet normal 0.304731 0.952438 -0
    outer loop
      vertex 5.69853 1.57904 2.5
      vertex 5.37901 1.68127 2.85
      vertex 5.69853 1.57904 2.85
    endloop
  endfacet
  facet normal 0.304731 0.952438 0
    outer loop
      vertex 5.37901 1.68127 2.85
      vertex 5.69853 1.57904 2.5
      vertex 5.37901 1.68127 2.5
    endloop
  endfacet
  facet normal 0.0982421 0.995163 -0
    outer loop
      vertex 5.37901 1.68127 2.5
      vertex 5.03379 1.71535 2.85
      vertex 5.37901 1.68127 2.85
    endloop
  endfacet
  facet normal 0.0982421 0.995163 0
    outer loop
      vertex 5.03379 1.71535 2.85
      vertex 5.37901 1.68127 2.5
      vertex 5.03379 1.71535 2.5
    endloop
  endfacet
  facet normal -0.103065 0.994675 0
    outer loop
      vertex 5.03379 1.71535 2.5
      vertex 4.7294 1.68381 2.85
      vertex 5.03379 1.71535 2.85
    endloop
  endfacet
  facet normal -0.103065 0.994675 0
    outer loop
      vertex 4.7294 1.68381 2.85
      vertex 5.03379 1.71535 2.5
      vertex 4.7294 1.68381 2.5
    endloop
  endfacet
  facet normal -0.321639 0.946862 0
    outer loop
      vertex 4.7294 1.68381 2.5
      vertex 4.45094 1.58922 2.85
      vertex 4.7294 1.68381 2.85
    endloop
  endfacet
  facet normal -0.321639 0.946862 0
    outer loop
      vertex 4.45094 1.58922 2.85
      vertex 4.7294 1.68381 2.5
      vertex 4.45094 1.58922 2.5
    endloop
  endfacet
  facet normal -0.529655 0.848213 0
    outer loop
      vertex 4.45094 1.58922 2.5
      vertex 4.19844 1.43155 2.85
      vertex 4.45094 1.58922 2.85
    endloop
  endfacet
  facet normal -0.529655 0.848213 0
    outer loop
      vertex 4.19844 1.43155 2.85
      vertex 4.45094 1.58922 2.5
      vertex 4.19844 1.43155 2.5
    endloop
  endfacet
  facet normal -0.697832 0.716262 0
    outer loop
      vertex 4.19844 1.43155 2.5
      vertex 3.97186 1.2108 2.85
      vertex 4.19844 1.43155 2.85
    endloop
  endfacet
  facet normal -0.697832 0.716262 0
    outer loop
      vertex 3.97186 1.2108 2.85
      vertex 4.19844 1.43155 2.5
      vertex 3.97186 1.2108 2.5
    endloop
  endfacet
  facet normal 0.995638 -0.0933027 0
    outer loop
      vertex 3.97186 1.2108 2.85
      vertex 4.01597 1.6815 2.5
      vertex 4.01597 1.6815 2.85
    endloop
  endfacet
  facet normal 0.995638 -0.0933027 0
    outer loop
      vertex 4.01597 1.6815 2.5
      vertex 3.97186 1.2108 2.85
      vertex 3.97186 1.2108 2.5
    endloop
  endfacet
  facet normal 0.984905 -0.173094 0
    outer loop
      vertex 4.01597 1.6815 2.85
      vertex 4.08323 2.06421 2.5
      vertex 4.08323 2.06421 2.85
    endloop
  endfacet
  facet normal 0.984905 -0.173094 0
    outer loop
      vertex 4.08323 2.06421 2.5
      vertex 4.01597 1.6815 2.85
      vertex 4.01597 1.6815 2.5
    endloop
  endfacet
  facet normal 0.956037 -0.293247 0
    outer loop
      vertex 4.08323 2.06421 2.85
      vertex 4.17363 2.35893 2.5
      vertex 4.17363 2.35893 2.85
    endloop
  endfacet
  facet normal 0.956037 -0.293247 0
    outer loop
      vertex 4.17363 2.35893 2.5
      vertex 4.08323 2.06421 2.85
      vertex 4.08323 2.06421 2.5
    endloop
  endfacet
  facet normal 0.87655 -0.48131 0
    outer loop
      vertex 4.17363 2.35893 2.85
      vertex 4.28715 2.56567 2.5
      vertex 4.28715 2.56567 2.85
    endloop
  endfacet
  facet normal 0.87655 -0.48131 0
    outer loop
      vertex 4.28715 2.56567 2.5
      vertex 4.17363 2.35893 2.85
      vertex 4.17363 2.35893 2.5
    endloop
  endfacet
  facet normal 0.733046 -0.680179 0
    outer loop
      vertex 4.28715 2.56567 2.85
      vertex 4.41928 2.70807 2.5
      vertex 4.41928 2.70807 2.85
    endloop
  endfacet
  facet normal 0.733046 -0.680179 0
    outer loop
      vertex 4.41928 2.70807 2.5
      vertex 4.28715 2.56567 2.85
      vertex 4.28715 2.56567 2.5
    endloop
  endfacet
  facet normal 0.571425 -0.820654 0
    outer loop
      vertex 4.41928 2.70807 2.5
      vertex 4.56538 2.8098 2.85
      vertex 4.41928 2.70807 2.85
    endloop
  endfacet
  facet normal 0.571425 -0.820654 0
    outer loop
      vertex 4.56538 2.8098 2.85
      vertex 4.41928 2.70807 2.5
      vertex 4.56538 2.8098 2.5
    endloop
  endfacet
  facet normal 0.356185 -0.934416 0
    outer loop
      vertex 4.56538 2.8098 2.5
      vertex 4.72546 2.87082 2.85
      vertex 4.56538 2.8098 2.85
    endloop
  endfacet
  facet normal 0.356185 -0.934416 0
    outer loop
      vertex 4.72546 2.87082 2.85
      vertex 4.56538 2.8098 2.5
      vertex 4.72546 2.87082 2.5
    endloop
  endfacet
  facet normal 0.116123 -0.993235 0
    outer loop
      vertex 4.72546 2.87082 2.5
      vertex 4.89952 2.89117 2.85
      vertex 4.72546 2.87082 2.85
    endloop
  endfacet
  facet normal 0.116123 -0.993235 0
    outer loop
      vertex 4.89952 2.89117 2.85
      vertex 4.72546 2.87082 2.5
      vertex 4.89952 2.89117 2.5
    endloop
  endfacet
  facet normal -0.0780163 -0.996952 0
    outer loop
      vertex 4.89952 2.89117 2.5
      vertex 5.02948 2.881 2.85
      vertex 4.89952 2.89117 2.85
    endloop
  endfacet
  facet normal -0.0780163 -0.996952 -0
    outer loop
      vertex 5.02948 2.881 2.85
      vertex 4.89952 2.89117 2.5
      vertex 5.02948 2.881 2.5
    endloop
  endfacet
  facet normal -0.251925 -0.967747 0
    outer loop
      vertex 5.02948 2.881 2.5
      vertex 5.14672 2.85048 2.85
      vertex 5.02948 2.881 2.85
    endloop
  endfacet
  facet normal -0.251925 -0.967747 -0
    outer loop
      vertex 5.14672 2.85048 2.85
      vertex 5.02948 2.881 2.5
      vertex 5.14672 2.85048 2.5
    endloop
  endfacet
  facet normal -0.437656 -0.899143 0
    outer loop
      vertex 5.14672 2.85048 2.5
      vertex 5.25123 2.79961 2.85
      vertex 5.14672 2.85048 2.85
    endloop
  endfacet
  facet normal -0.437656 -0.899143 -0
    outer loop
      vertex 5.25123 2.79961 2.85
      vertex 5.14672 2.85048 2.5
      vertex 5.25123 2.79961 2.5
    endloop
  endfacet
  facet normal -0.612933 -0.790135 0
    outer loop
      vertex 5.25123 2.79961 2.5
      vertex 5.34304 2.72839 2.85
      vertex 5.25123 2.79961 2.85
    endloop
  endfacet
  facet normal -0.612933 -0.790135 -0
    outer loop
      vertex 5.34304 2.72839 2.85
      vertex 5.25123 2.79961 2.5
      vertex 5.34304 2.72839 2.5
    endloop
  endfacet
  facet normal -0.7675 -0.641049 0
    outer loop
      vertex 5.42035 2.63583 2.5
      vertex 5.34304 2.72839 2.85
      vertex 5.34304 2.72839 2.5
    endloop
  endfacet
  facet normal -0.7675 -0.641049 0
    outer loop
      vertex 5.34304 2.72839 2.85
      vertex 5.42035 2.63583 2.5
      vertex 5.42035 2.63583 2.85
    endloop
  endfacet
  facet normal -0.883232 -0.468936 0
    outer loop
      vertex 5.48137 2.5209 2.5
      vertex 5.42035 2.63583 2.85
      vertex 5.42035 2.63583 2.5
    endloop
  endfacet
  facet normal -0.883232 -0.468936 0
    outer loop
      vertex 5.42035 2.63583 2.85
      vertex 5.48137 2.5209 2.5
      vertex 5.48137 2.5209 2.85
    endloop
  endfacet
  facet normal -0.950781 -0.309864 0
    outer loop
      vertex 5.52612 2.38359 2.5
      vertex 5.48137 2.5209 2.85
      vertex 5.48137 2.5209 2.5
    endloop
  endfacet
  facet normal -0.950781 -0.309864 0
    outer loop
      vertex 5.48137 2.5209 2.85
      vertex 5.52612 2.38359 2.5
      vertex 5.52612 2.38359 2.85
    endloop
  endfacet
  facet normal -0.984475 -0.175526 0
    outer loop
      vertex 5.55459 2.22391 2.5
      vertex 5.52612 2.38359 2.85
      vertex 5.52612 2.38359 2.5
    endloop
  endfacet
  facet normal -0.984475 -0.175526 0
    outer loop
      vertex 5.52612 2.38359 2.85
      vertex 5.55459 2.22391 2.5
      vertex 5.55459 2.22391 2.85
    endloop
  endfacet
  facet normal 0.109608 -0.993975 0
    outer loop
      vertex 5.55459 2.22391 2.5
      vertex 6.6613 2.34595 2.85
      vertex 5.55459 2.22391 2.85
    endloop
  endfacet
  facet normal 0.109608 -0.993975 0
    outer loop
      vertex 6.6613 2.34595 2.85
      vertex 5.55459 2.22391 2.5
      vertex 6.6613 2.34595 2.5
    endloop
  endfacet
  facet normal 0.972718 0.231992 0
    outer loop
      vertex 6.6613 2.34595 2.85
      vertex 6.58006 2.68658 2.5
      vertex 6.58006 2.68658 2.85
    endloop
  endfacet
  facet normal 0.972718 0.231992 0
    outer loop
      vertex 6.58006 2.68658 2.5
      vertex 6.6613 2.34595 2.85
      vertex 6.6613 2.34595 2.5
    endloop
  endfacet
  facet normal 0.925656 0.378366 0
    outer loop
      vertex 6.58006 2.68658 2.85
      vertex 6.45839 2.98424 2.5
      vertex 6.45839 2.98424 2.85
    endloop
  endfacet
  facet normal 0.925656 0.378366 0
    outer loop
      vertex 6.45839 2.98424 2.5
      vertex 6.58006 2.68658 2.85
      vertex 6.58006 2.68658 2.5
    endloop
  endfacet
  facet normal 0.84357 0.537019 0
    outer loop
      vertex 6.45839 2.98424 2.85
      vertex 6.29626 3.23892 2.5
      vertex 6.29626 3.23892 2.85
    endloop
  endfacet
  facet normal 0.84357 0.537019 0
    outer loop
      vertex 6.29626 3.23892 2.5
      vertex 6.45839 2.98424 2.85
      vertex 6.45839 2.98424 2.5
    endloop
  endfacet
  facet normal 0.722516 0.691354 0
    outer loop
      vertex 6.29626 3.23892 2.85
      vertex 6.0937 3.45061 2.5
      vertex 6.0937 3.45061 2.85
    endloop
  endfacet
  facet normal 0.722516 0.691354 0
    outer loop
      vertex 6.0937 3.45061 2.5
      vertex 6.29626 3.23892 2.85
      vertex 6.29626 3.23892 2.5
    endloop
  endfacet
  facet normal 0.574143 0.818755 -0
    outer loop
      vertex 6.0937 3.45061 2.5
      vertex 5.85632 3.61707 2.85
      vertex 6.0937 3.45061 2.85
    endloop
  endfacet
  facet normal 0.574143 0.818755 0
    outer loop
      vertex 5.85632 3.61707 2.85
      vertex 6.0937 3.45061 2.5
      vertex 5.85632 3.61707 2.5
    endloop
  endfacet
  facet normal 0.407232 0.913325 -0
    outer loop
      vertex 5.85632 3.61707 2.5
      vertex 5.5897 3.73595 2.85
      vertex 5.85632 3.61707 2.85
    endloop
  endfacet
  facet normal 0.407232 0.913325 0
    outer loop
      vertex 5.5897 3.73595 2.85
      vertex 5.85632 3.61707 2.5
      vertex 5.5897 3.73595 2.5
    endloop
  endfacet
  facet normal 0.234363 0.972149 -0
    outer loop
      vertex 5.5897 3.73595 2.5
      vertex 5.29382 3.80728 2.85
      vertex 5.5897 3.73595 2.85
    endloop
  endfacet
  facet normal 0.234363 0.972149 0
    outer loop
      vertex 5.29382 3.80728 2.85
      vertex 5.5897 3.73595 2.5
      vertex 5.29382 3.80728 2.5
    endloop
  endfacet
  facet normal 0.0729779 0.997334 -0
    outer loop
      vertex 5.29382 3.80728 2.5
      vertex 4.9687 3.83107 2.85
      vertex 5.29382 3.80728 2.85
    endloop
  endfacet
  facet normal 0.0729779 0.997334 0
    outer loop
      vertex 4.9687 3.83107 2.85
      vertex 5.29382 3.80728 2.5
      vertex 4.9687 3.83107 2.5
    endloop
  endfacet
  facet normal -0.0976141 0.995224 0
    outer loop
      vertex 4.9687 3.83107 2.5
      vertex 4.50715 3.7858 2.85
      vertex 4.9687 3.83107 2.85
    endloop
  endfacet
  facet normal -0.0976141 0.995224 0
    outer loop
      vertex 4.50715 3.7858 2.85
      vertex 4.9687 3.83107 2.5
      vertex 4.50715 3.7858 2.5
    endloop
  endfacet
  facet normal -0.310123 0.950696 0
    outer loop
      vertex 4.50715 3.7858 2.5
      vertex 4.09088 3.65001 2.85
      vertex 4.50715 3.7858 2.85
    endloop
  endfacet
  facet normal -0.310123 0.950696 0
    outer loop
      vertex 4.09088 3.65001 2.85
      vertex 4.50715 3.7858 2.5
      vertex 4.09088 3.65001 2.5
    endloop
  endfacet
  facet normal -0.520793 0.853683 0
    outer loop
      vertex 4.09088 3.65001 2.5
      vertex 3.71988 3.42368 2.85
      vertex 4.09088 3.65001 2.85
    endloop
  endfacet
  facet normal -0.520793 0.853683 0
    outer loop
      vertex 3.71988 3.42368 2.85
      vertex 4.09088 3.65001 2.5
      vertex 3.71988 3.42368 2.5
    endloop
  endfacet
  facet normal -0.697258 0.71682 0
    outer loop
      vertex 3.71988 3.42368 2.5
      vertex 3.39412 3.10681 2.85
      vertex 3.71988 3.42368 2.85
    endloop
  endfacet
  facet normal -0.697258 0.71682 0
    outer loop
      vertex 3.39412 3.10681 2.85
      vertex 3.71988 3.42368 2.5
      vertex 3.39412 3.10681 2.5
    endloop
  endfacet
  facet normal -0.845134 0.534555 0
    outer loop
      vertex 3.12889 2.68748 2.5
      vertex 3.39412 3.10681 2.85
      vertex 3.39412 3.10681 2.5
    endloop
  endfacet
  facet normal -0.845134 0.534555 0
    outer loop
      vertex 3.39412 3.10681 2.85
      vertex 3.12889 2.68748 2.5
      vertex 3.12889 2.68748 2.85
    endloop
  endfacet
  facet normal -0.942394 0.334506 0
    outer loop
      vertex 2.93943 2.15372 2.5
      vertex 3.12889 2.68748 2.85
      vertex 3.12889 2.68748 2.5
    endloop
  endfacet
  facet normal -0.942394 0.334506 0
    outer loop
      vertex 3.12889 2.68748 2.85
      vertex 2.93943 2.15372 2.5
      vertex 2.93943 2.15372 2.85
    endloop
  endfacet
  facet normal -0.984972 0.172712 0
    outer loop
      vertex 2.82577 1.50552 2.5
      vertex 2.93943 2.15372 2.85
      vertex 2.93943 2.15372 2.5
    endloop
  endfacet
  facet normal -0.984972 0.172712 0
    outer loop
      vertex 2.93943 2.15372 2.85
      vertex 2.82577 1.50552 2.5
      vertex 2.82577 1.50552 2.85
    endloop
  endfacet
  facet normal -0.998768 0.0496211 0
    outer loop
      vertex 2.78788 0.742874 2.5
      vertex 2.82577 1.50552 2.85
      vertex 2.82577 1.50552 2.5
    endloop
  endfacet
  facet normal -0.998768 0.0496211 0
    outer loop
      vertex 2.82577 1.50552 2.85
      vertex 2.78788 0.742874 2.5
      vertex 2.78788 0.742874 2.85
    endloop
  endfacet
  facet normal -0.998805 -0.0488639 0
    outer loop
      vertex 2.82425 -0.000549316 2.5
      vertex 2.78788 0.742874 2.85
      vertex 2.78788 0.742874 2.5
    endloop
  endfacet
  facet normal -0.998805 -0.0488639 0
    outer loop
      vertex 2.78788 0.742874 2.85
      vertex 2.82425 -0.000549316 2.5
      vertex 2.82425 -0.000549316 2.85
    endloop
  endfacet
  facet normal -0.985398 -0.170267 0
    outer loop
      vertex 2.93333 -0.631836 2.5
      vertex 2.82425 -0.000549316 2.85
      vertex 2.82425 -0.000549316 2.5
    endloop
  endfacet
  facet normal -0.985398 -0.170267 0
    outer loop
      vertex 2.82425 -0.000549316 2.85
      vertex 2.93333 -0.631836 2.5
      vertex 2.93333 -0.631836 2.85
    endloop
  endfacet
  facet normal -0.943793 -0.330538 0
    outer loop
      vertex 3.11515 -1.15099 2.5
      vertex 2.93333 -0.631836 2.85
      vertex 2.93333 -0.631836 2.5
    endloop
  endfacet
  facet normal -0.943793 -0.330538 0
    outer loop
      vertex 2.93333 -0.631836 2.85
      vertex 3.11515 -1.15099 2.5
      vertex 3.11515 -1.15099 2.85
    endloop
  endfacet
  facet normal -0.84784 -0.530252 0
    outer loop
      vertex 3.3697 -1.558 2.5
      vertex 3.11515 -1.15099 2.85
      vertex 3.11515 -1.15099 2.5
    endloop
  endfacet
  facet normal -0.84784 -0.530252 0
    outer loop
      vertex 3.11515 -1.15099 2.85
      vertex 3.3697 -1.558 2.5
      vertex 3.3697 -1.558 2.85
    endloop
  endfacet
  facet normal -0.702573 -0.711612 0
    outer loop
      vertex 3.3697 -1.558 2.5
      vertex 3.68069 -1.86504 2.85
      vertex 3.3697 -1.558 2.85
    endloop
  endfacet
  facet normal -0.702573 -0.711612 -0
    outer loop
      vertex 3.68069 -1.86504 2.85
      vertex 3.3697 -1.558 2.5
      vertex 3.68069 -1.86504 2.5
    endloop
  endfacet
  facet normal -0.529725 -0.848169 0
    outer loop
      vertex 3.68069 -1.86504 2.5
      vertex 4.03187 -2.08437 2.85
      vertex 3.68069 -1.86504 2.85
    endloop
  endfacet
  facet normal -0.529725 -0.848169 -0
    outer loop
      vertex 4.03187 -2.08437 2.85
      vertex 3.68069 -1.86504 2.5
      vertex 4.03187 -2.08437 2.5
    endloop
  endfacet
  facet normal -0.318704 -0.947854 0
    outer loop
      vertex 4.03187 -2.08437 2.5
      vertex 4.42323 -2.21596 2.85
      vertex 4.03187 -2.08437 2.85
    endloop
  endfacet
  facet normal -0.318704 -0.947854 -0
    outer loop
      vertex 4.42323 -2.21596 2.85
      vertex 4.03187 -2.08437 2.5
      vertex 4.42323 -2.21596 2.5
    endloop
  endfacet
  facet normal -0.101095 -0.994877 0
    outer loop
      vertex 4.42323 -2.21596 2.5
      vertex 4.85476 -2.25981 2.85
      vertex 4.42323 -2.21596 2.85
    endloop
  endfacet
  facet normal -0.101095 -0.994877 -0
    outer loop
      vertex 4.85476 -2.25981 2.85
      vertex 4.42323 -2.21596 2.5
      vertex 4.85476 -2.25981 2.5
    endloop
  endfacet
  facet normal 0.0856907 -0.996322 0
    outer loop
      vertex 4.85476 -2.25981 2.5
      vertex 5.25682 -2.22523 2.85
      vertex 4.85476 -2.25981 2.85
    endloop
  endfacet
  facet normal 0.0856907 -0.996322 0
    outer loop
      vertex 5.25682 -2.22523 2.85
      vertex 4.85476 -2.25981 2.5
      vertex 5.25682 -2.22523 2.5
    endloop
  endfacet
  facet normal 0.352169 0.935936 -0
    outer loop
      vertex 4.75155 -1.29288 2.5
      vertex 4.60049 -1.23604 2.85
      vertex 4.75155 -1.29288 2.85
    endloop
  endfacet
  facet normal 0.352169 0.935936 0
    outer loop
      vertex 4.60049 -1.23604 2.85
      vertex 4.75155 -1.29288 2.5
      vertex 4.60049 -1.23604 2.5
    endloop
  endfacet
  facet normal 0.555255 0.83168 -0
    outer loop
      vertex 4.60049 -1.23604 2.5
      vertex 4.4586 -1.14131 2.85
      vertex 4.60049 -1.23604 2.85
    endloop
  endfacet
  facet normal 0.555255 0.83168 0
    outer loop
      vertex 4.4586 -1.14131 2.85
      vertex 4.60049 -1.23604 2.5
      vertex 4.4586 -1.14131 2.5
    endloop
  endfacet
  facet normal 0.70676 0.707453 -0
    outer loop
      vertex 4.4586 -1.14131 2.5
      vertex 4.32586 -1.0087 2.85
      vertex 4.4586 -1.14131 2.85
    endloop
  endfacet
  facet normal 0.70676 0.707453 0
    outer loop
      vertex 4.32586 -1.0087 2.85
      vertex 4.4586 -1.14131 2.5
      vertex 4.32586 -1.0087 2.5
    endloop
  endfacet
  facet normal 0.830868 0.556469 0
    outer loop
      vertex 4.32586 -1.0087 2.85
      vertex 4.21371 -0.841248 2.5
      vertex 4.21371 -0.841248 2.85
    endloop
  endfacet
  facet normal 0.830868 0.556469 0
    outer loop
      vertex 4.21371 -0.841248 2.5
      vertex 4.32586 -1.0087 2.85
      vertex 4.32586 -1.0087 2.5
    endloop
  endfacet
  facet normal 0.927839 0.372982 0
    outer loop
      vertex 4.21371 -0.841248 2.85
      vertex 4.13362 -0.642014 2.5
      vertex 4.13362 -0.642014 2.85
    endloop
  endfacet
  facet normal 0.927839 0.372982 0
    outer loop
      vertex 4.13362 -0.642014 2.5
      vertex 4.21371 -0.841248 2.85
      vertex 4.21371 -0.841248 2.5
    endloop
  endfacet
  facet normal 0.979033 0.203702 0
    outer loop
      vertex 4.13362 -0.642014 2.85
      vertex 4.08555 -0.41098 2.5
      vertex 4.08555 -0.41098 2.85
    endloop
  endfacet
  facet normal 0.979033 0.203702 0
    outer loop
      vertex 4.08555 -0.41098 2.5
      vertex 4.13362 -0.642014 2.85
      vertex 4.13362 -0.642014 2.5
    endloop
  endfacet
  facet normal 0.998152 0.0607698 0
    outer loop
      vertex 4.08555 -0.41098 2.85
      vertex 4.06955 -0.148178 2.5
      vertex 4.06955 -0.148178 2.85
    endloop
  endfacet
  facet normal 0.998152 0.0607698 0
    outer loop
      vertex 4.06955 -0.148178 2.5
      vertex 4.08555 -0.41098 2.85
      vertex 4.08555 -0.41098 2.5
    endloop
  endfacet
  facet normal 0.9982 -0.059969 0
    outer loop
      vertex 4.06955 -0.148178 2.85
      vertex 4.08378 0.0886841 2.5
      vertex 4.08378 0.0886841 2.85
    endloop
  endfacet
  facet normal 0.9982 -0.059969 0
    outer loop
      vertex 4.08378 0.0886841 2.5
      vertex 4.06955 -0.148178 2.85
      vertex 4.06955 -0.148178 2.5
    endloop
  endfacet
  facet normal 0.979199 -0.202903 0
    outer loop
      vertex 4.08378 0.0886841 2.85
      vertex 4.12649 0.2948 2.5
      vertex 4.12649 0.2948 2.85
    endloop
  endfacet
  facet normal 0.979199 -0.202903 0
    outer loop
      vertex 4.12649 0.2948 2.5
      vertex 4.08378 0.0886841 2.85
      vertex 4.08378 0.0886841 2.5
    endloop
  endfacet
  facet normal 0.926525 -0.376234 0
    outer loop
      vertex 4.12649 0.2948 2.85
      vertex 4.19769 0.470139 2.5
      vertex 4.19769 0.470139 2.85
    endloop
  endfacet
  facet normal 0.926525 -0.376234 0
    outer loop
      vertex 4.19769 0.470139 2.5
      vertex 4.12649 0.2948 2.85
      vertex 4.12649 0.2948 2.5
    endloop
  endfacet
  facet normal 0.823285 -0.567628 0
    outer loop
      vertex 4.19769 0.470139 2.85
      vertex 4.29736 0.6147 2.5
      vertex 4.29736 0.6147 2.85
    endloop
  endfacet
  facet normal 0.823285 -0.567628 0
    outer loop
      vertex 4.29736 0.6147 2.5
      vertex 4.19769 0.470139 2.85
      vertex 4.19769 0.470139 2.5
    endloop
  endfacet
  facet normal 0.684826 -0.728707 0
    outer loop
      vertex 4.29736 0.6147 2.5
      vertex 4.41764 0.727737 2.85
      vertex 4.29736 0.6147 2.85
    endloop
  endfacet
  facet normal 0.684826 -0.728707 0
    outer loop
      vertex 4.41764 0.727737 2.85
      vertex 4.29736 0.6147 2.5
      vertex 4.41764 0.727737 2.5
    endloop
  endfacet
  facet normal 0.518851 -0.854865 0
    outer loop
      vertex 4.41764 0.727737 2.5
      vertex 4.55066 0.808472 2.85
      vertex 4.41764 0.727737 2.85
    endloop
  endfacet
  facet normal 0.518851 -0.854865 0
    outer loop
      vertex 4.55066 0.808472 2.85
      vertex 4.41764 0.727737 2.5
      vertex 4.55066 0.808472 2.5
    endloop
  endfacet
  facet normal 0.31554 -0.948912 0
    outer loop
      vertex 4.55066 0.808472 2.5
      vertex 4.69635 0.856918 2.85
      vertex 4.55066 0.808472 2.85
    endloop
  endfacet
  facet normal 0.31554 -0.948912 0
    outer loop
      vertex 4.69635 0.856918 2.85
      vertex 4.55066 0.808472 2.5
      vertex 4.69635 0.856918 2.5
    endloop
  endfacet
  facet normal 0.101388 -0.994847 0
    outer loop
      vertex 4.69635 0.856918 2.5
      vertex 4.85476 0.873062 2.85
      vertex 4.69635 0.856918 2.85
    endloop
  endfacet
  facet normal 0.101388 -0.994847 0
    outer loop
      vertex 4.85476 0.873062 2.85
      vertex 4.69635 0.856918 2.5
      vertex 4.85476 0.873062 2.5
    endloop
  endfacet
  facet normal -0.102678 -0.994715 0
    outer loop
      vertex 4.85476 0.873062 2.5
      vertex 5.01855 0.856155 2.85
      vertex 4.85476 0.873062 2.85
    endloop
  endfacet
  facet normal -0.102678 -0.994715 -0
    outer loop
      vertex 5.01855 0.856155 2.85
      vertex 4.85476 0.873062 2.5
      vertex 5.01855 0.856155 2.5
    endloop
  endfacet
  facet normal -0.321325 -0.946969 0
    outer loop
      vertex 5.01855 0.856155 2.5
      vertex 5.16807 0.80542 2.85
      vertex 5.01855 0.856155 2.85
    endloop
  endfacet
  facet normal -0.321325 -0.946969 -0
    outer loop
      vertex 5.16807 0.80542 2.85
      vertex 5.01855 0.856155 2.5
      vertex 5.16807 0.80542 2.5
    endloop
  endfacet
  facet normal -0.530034 -0.847976 0
    outer loop
      vertex 5.16807 0.80542 2.5
      vertex 5.30336 0.720856 2.85
      vertex 5.16807 0.80542 2.85
    endloop
  endfacet
  facet normal -0.530034 -0.847976 -0
    outer loop
      vertex 5.30336 0.720856 2.85
      vertex 5.16807 0.80542 2.5
      vertex 5.30336 0.720856 2.5
    endloop
  endfacet
  facet normal -0.699247 -0.71488 0
    outer loop
      vertex 5.30336 0.720856 2.5
      vertex 5.4244 0.602463 2.85
      vertex 5.30336 0.720856 2.85
    endloop
  endfacet
  facet normal -0.699247 -0.71488 -0
    outer loop
      vertex 5.4244 0.602463 2.85
      vertex 5.30336 0.720856 2.5
      vertex 5.4244 0.602463 2.5
    endloop
  endfacet
  facet normal -0.840623 -0.541621 0
    outer loop
      vertex 5.52409 0.447739 2.5
      vertex 5.4244 0.602463 2.85
      vertex 5.4244 0.602463 2.5
    endloop
  endfacet
  facet normal -0.840623 -0.541621 0
    outer loop
      vertex 5.4244 0.602463 2.85
      vertex 5.52409 0.447739 2.5
      vertex 5.52409 0.447739 2.85
    endloop
  endfacet
  facet normal -0.938546 -0.345155 0
    outer loop
      vertex 5.5953 0.254105 2.5
      vertex 5.52409 0.447739 2.85
      vertex 5.52409 0.447739 2.5
    endloop
  endfacet
  facet normal -0.938546 -0.345155 0
    outer loop
      vertex 5.52409 0.447739 2.85
      vertex 5.5953 0.254105 2.5
      vertex 5.5953 0.254105 2.85
    endloop
  endfacet
  facet normal -0.983526 -0.180765 0
    outer loop
      vertex 5.63804 0.0215607 2.5
      vertex 5.5953 0.254105 2.85
      vertex 5.5953 0.254105 2.5
    endloop
  endfacet
  facet normal -0.983526 -0.180765 0
    outer loop
      vertex 5.5953 0.254105 2.85
      vertex 5.63804 0.0215607 2.5
      vertex 5.63804 0.0215607 2.85
    endloop
  endfacet
  facet normal -0.998627 -0.0523892 0
    outer loop
      vertex 5.65228 -0.249878 2.5
      vertex 5.63804 0.0215607 2.85
      vertex 5.63804 0.0215607 2.5
    endloop
  endfacet
  facet normal -0.998627 -0.0523892 0
    outer loop
      vertex 5.63804 0.0215607 2.85
      vertex 5.65228 -0.249878 2.5
      vertex 5.65228 -0.249878 2.85
    endloop
  endfacet
  facet normal -0.998737 0.0502523 0
    outer loop
      vertex 5.63905 -0.512817 2.5
      vertex 5.65228 -0.249878 2.85
      vertex 5.65228 -0.249878 2.5
    endloop
  endfacet
  facet normal -0.998737 0.0502523 0
    outer loop
      vertex 5.65228 -0.249878 2.85
      vertex 5.63905 -0.512817 2.5
      vertex 5.63905 -0.512817 2.85
    endloop
  endfacet
  facet normal -0.984581 0.174928 0
    outer loop
      vertex 5.59938 -0.736099 2.5
      vertex 5.63905 -0.512817 2.85
      vertex 5.63905 -0.512817 2.5
    endloop
  endfacet
  facet normal -0.984581 0.174928 0
    outer loop
      vertex 5.63905 -0.512817 2.85
      vertex 5.59938 -0.736099 2.5
      vertex 5.59938 -0.736099 2.85
    endloop
  endfacet
  facet normal -0.940837 0.338859 0
    outer loop
      vertex 5.53325 -0.919708 2.5
      vertex 5.59938 -0.736099 2.85
      vertex 5.59938 -0.736099 2.5
    endloop
  endfacet
  facet normal -0.940837 0.338859 0
    outer loop
      vertex 5.59938 -0.736099 2.85
      vertex 5.53325 -0.919708 2.5
      vertex 5.53325 -0.919708 2.85
    endloop
  endfacet
  facet normal -0.841021 0.541003 0
    outer loop
      vertex 5.44065 -1.06366 2.5
      vertex 5.53325 -0.919708 2.85
      vertex 5.53325 -0.919708 2.5
    endloop
  endfacet
  facet normal -0.841021 0.541003 0
    outer loop
      vertex 5.53325 -0.919708 2.85
      vertex 5.44065 -1.06366 2.5
      vertex 5.44065 -1.06366 2.85
    endloop
  endfacet
  facet normal -0.69481 0.719193 0
    outer loop
      vertex 5.44065 -1.06366 2.5
      vertex 5.32827 -1.17223 2.85
      vertex 5.44065 -1.06366 2.85
    endloop
  endfacet
  facet normal -0.69481 0.719193 0
    outer loop
      vertex 5.32827 -1.17223 2.85
      vertex 5.44065 -1.06366 2.5
      vertex 5.32827 -1.17223 2.5
    endloop
  endfacet
  facet normal -0.525253 0.850946 0
    outer loop
      vertex 5.32827 -1.17223 2.5
      vertex 5.20265 -1.24977 2.85
      vertex 5.32827 -1.17223 2.85
    endloop
  endfacet
  facet normal -0.525253 0.850946 0
    outer loop
      vertex 5.20265 -1.24977 2.85
      vertex 5.32827 -1.17223 2.5
      vertex 5.20265 -1.24977 2.5
    endloop
  endfacet
  facet normal -0.317846 0.948142 0
    outer loop
      vertex 5.20265 -1.24977 2.5
      vertex 5.06382 -1.29631 2.85
      vertex 5.20265 -1.24977 2.85
    endloop
  endfacet
  facet normal -0.317846 0.948142 0
    outer loop
      vertex 5.06382 -1.29631 2.85
      vertex 5.20265 -1.24977 2.5
      vertex 5.06382 -1.29631 2.5
    endloop
  endfacet
  facet normal -0.101401 0.994846 0
    outer loop
      vertex 5.06382 -1.29631 2.5
      vertex 4.91175 -1.31181 2.85
      vertex 5.06382 -1.29631 2.85
    endloop
  endfacet
  facet normal -0.101401 0.994846 0
    outer loop
      vertex 4.91175 -1.31181 2.85
      vertex 5.06382 -1.29631 2.5
      vertex 4.91175 -1.31181 2.5
    endloop
  endfacet
  facet normal 0.117348 0.993091 -0
    outer loop
      vertex 4.91175 -1.31181 2.5
      vertex 4.75155 -1.29288 2.85
      vertex 4.91175 -1.31181 2.85
    endloop
  endfacet
  facet normal 0.117348 0.993091 0
    outer loop
      vertex 4.75155 -1.29288 2.85
      vertex 4.91175 -1.31181 2.5
      vertex 4.75155 -1.29288 2.5
    endloop
  endfacet
  facet normal -0.856368 -0.516365 0
    outer loop
      vertex -2.53665 -2.15811 2.5
      vertex -4.84767 1.67461 2.85
      vertex -4.84767 1.67461 2.5
    endloop
  endfacet
  facet normal -0.856368 -0.516365 0
    outer loop
      vertex -4.84767 1.67461 2.85
      vertex -2.53665 -2.15811 2.5
      vertex -2.53665 -2.15811 2.85
    endloop
  endfacet
  facet normal 0 -1 0
    outer loop
      vertex -2.53665 -2.15811 2.5
      vertex -1.30791 -2.15811 2.85
      vertex -2.53665 -2.15811 2.85
    endloop
  endfacet
  facet normal 0 -1 -0
    outer loop
      vertex -1.30791 -2.15811 2.85
      vertex -2.53665 -2.15811 2.5
      vertex -1.30791 -2.15811 2.5
    endloop
  endfacet
  facet normal 1 -0 0
    outer loop
      vertex -1.30791 -2.15811 2.85
      vertex -1.30791 3.80664 2.5
      vertex -1.30791 3.80664 2.85
    endloop
  endfacet
  facet normal 1 0 0
    outer loop
      vertex -1.30791 3.80664 2.5
      vertex -1.30791 -2.15811 2.85
      vertex -1.30791 -2.15811 2.5
    endloop
  endfacet
  facet normal 0 1 -0
    outer loop
      vertex -1.30791 3.80664 2.5
      vertex -2.44713 3.80664 2.85
      vertex -1.30791 3.80664 2.85
    endloop
  endfacet
  facet normal 0 1 0
    outer loop
      vertex -2.44713 3.80664 2.85
      vertex -1.30791 3.80664 2.5
      vertex -2.44713 3.80664 2.5
    endloop
  endfacet
  facet normal -1 0 0
    outer loop
      vertex -2.44713 -0.131851 2.5
      vertex -2.44713 3.80664 2.85
      vertex -2.44713 3.80664 2.5
    endloop
  endfacet
  facet normal -1 -0 0
    outer loop
      vertex -2.44713 3.80664 2.85
      vertex -2.44713 -0.131851 2.5
      vertex -2.44713 -0.131851 2.85
    endloop
  endfacet
  facet normal 0.858972 0.512023 0
    outer loop
      vertex -2.44713 -0.131851 2.85
      vertex -4.79482 3.80664 2.5
      vertex -4.79482 3.80664 2.85
    endloop
  endfacet
  facet normal 0.858972 0.512023 0
    outer loop
      vertex -4.79482 3.80664 2.5
      vertex -2.44713 -0.131851 2.85
      vertex -2.44713 -0.131851 2.5
    endloop
  endfacet
  facet normal 0 1 -0
    outer loop
      vertex -4.79482 3.80664 2.5
      vertex -5.97478 3.80664 2.85
      vertex -4.79482 3.80664 2.85
    endloop
  endfacet
  facet normal 0 1 0
    outer loop
      vertex -5.97478 3.80664 2.85
      vertex -4.79482 3.80664 2.5
      vertex -5.97478 3.80664 2.5
    endloop
  endfacet
  facet normal -1 0 0
    outer loop
      vertex -5.97478 -2.15811 2.5
      vertex -5.97478 3.80664 2.85
      vertex -5.97478 3.80664 2.5
    endloop
  endfacet
  facet normal -1 -0 0
    outer loop
      vertex -5.97478 3.80664 2.85
      vertex -5.97478 -2.15811 2.5
      vertex -5.97478 -2.15811 2.85
    endloop
  endfacet
  facet normal 0 -1 0
    outer loop
      vertex -5.97478 -2.15811 2.5
      vertex -4.84767 -2.15811 2.85
      vertex -5.97478 -2.15811 2.85
    endloop
  endfacet
  facet normal 0 -1 -0
    outer loop
      vertex -4.84767 -2.15811 2.85
      vertex -5.97478 -2.15811 2.5
      vertex -4.84767 -2.15811 2.5
    endloop
  endfacet
  facet normal 1 -0 0
    outer loop
      vertex -4.84767 -2.15811 2.85
      vertex -4.84767 1.67461 2.5
      vertex -4.84767 1.67461 2.85
    endloop
  endfacet
  facet normal 1 0 0
    outer loop
      vertex -4.84767 1.67461 2.5
      vertex -4.84767 -2.15811 2.85
      vertex -4.84767 -2.15811 2.5
    endloop
  endfacet
  facet normal 0.188289 -0.982114 0
    outer loop
      vertex 0.97224 -0.589005 2.5
      vertex 1.20504 -0.544373 2.85
      vertex 0.97224 -0.589005 2.85
    endloop
  endfacet
  facet normal 0.188289 -0.982114 0
    outer loop
      vertex 1.20504 -0.544373 2.85
      vertex 0.97224 -0.589005 2.5
      vertex 1.20504 -0.544373 2.5
    endloop
  endfacet
  facet normal 0.337275 -0.941406 0
    outer loop
      vertex 1.20504 -0.544373 2.5
      vertex 1.41267 -0.469986 2.85
      vertex 1.20504 -0.544373 2.85
    endloop
  endfacet
  facet normal 0.337275 -0.941406 0
    outer loop
      vertex 1.41267 -0.469986 2.85
      vertex 1.20504 -0.544373 2.5
      vertex 1.41267 -0.469986 2.5
    endloop
  endfacet
  facet normal 0.495668 -0.868512 0
    outer loop
      vertex 1.41267 -0.469986 2.5
      vertex 1.59512 -0.36586 2.85
      vertex 1.41267 -0.469986 2.85
    endloop
  endfacet
  facet normal 0.495668 -0.868512 0
    outer loop
      vertex 1.59512 -0.36586 2.85
      vertex 1.41267 -0.469986 2.5
      vertex 1.59512 -0.36586 2.5
    endloop
  endfacet
  facet normal 0.619651 -0.784878 0
    outer loop
      vertex 1.59512 -0.36586 2.5
      vertex 1.75521 -0.239471 2.85
      vertex 1.59512 -0.36586 2.85
    endloop
  endfacet
  facet normal 0.619651 -0.784878 0
    outer loop
      vertex 1.75521 -0.239471 2.85
      vertex 1.59512 -0.36586 2.5
      vertex 1.75521 -0.239471 2.5
    endloop
  endfacet
  facet normal 0.708695 -0.705515 0
    outer loop
      vertex 1.75521 -0.239471 2.85
      vertex 1.89572 -0.0983276 2.5
      vertex 1.89572 -0.0983276 2.85
    endloop
  endfacet
  facet normal 0.708695 -0.705515 0
    outer loop
      vertex 1.89572 -0.0983276 2.5
      vertex 1.75521 -0.239471 2.85
      vertex 1.75521 -0.239471 2.5
    endloop
  endfacet
  facet normal 0.790116 -0.612958 0
    outer loop
      vertex 1.89572 -0.0983276 2.85
      vertex 2.01664 0.0575409 2.5
      vertex 2.01664 0.0575409 2.85
    endloop
  endfacet
  facet normal 0.790116 -0.612958 0
    outer loop
      vertex 2.01664 0.0575409 2.5
      vertex 1.89572 -0.0983276 2.85
      vertex 1.89572 -0.0983276 2.5
    endloop
  endfacet
  facet normal 0.859848 -0.51055 0
    outer loop
      vertex 2.01664 0.0575409 2.85
      vertex 2.11796 0.22818 2.5
      vertex 2.11796 0.22818 2.85
    endloop
  endfacet
  facet normal 0.859848 -0.51055 0
    outer loop
      vertex 2.11796 0.22818 2.5
      vertex 2.01664 0.0575409 2.85
      vertex 2.01664 0.0575409 2.5
    endloop
  endfacet
  facet normal 0.917068 -0.398732 0
    outer loop
      vertex 2.11796 0.22818 2.85
      vertex 2.19807 0.41243 2.5
      vertex 2.19807 0.41243 2.85
    endloop
  endfacet
  facet normal 0.917068 -0.398732 0
    outer loop
      vertex 2.19807 0.41243 2.5
      vertex 2.11796 0.22818 2.85
      vertex 2.11796 0.22818 2.5
    endloop
  endfacet
  facet normal 0.960178 -0.27939 0
    outer loop
      vertex 2.19807 0.41243 2.85
      vertex 2.25531 0.609146 2.5
      vertex 2.25531 0.609146 2.85
    endloop
  endfacet
  facet normal 0.960178 -0.27939 0
    outer loop
      vertex 2.25531 0.609146 2.5
      vertex 2.19807 0.41243 2.85
      vertex 2.19807 0.41243 2.5
    endloop
  endfacet
  facet normal 0.986797 -0.16196 0
    outer loop
      vertex 2.25531 0.609146 2.85
      vertex 2.28964 0.818314 2.5
      vertex 2.28964 0.818314 2.85
    endloop
  endfacet
  facet normal 0.986797 -0.16196 0
    outer loop
      vertex 2.28964 0.818314 2.5
      vertex 2.25531 0.609146 2.85
      vertex 2.25531 0.609146 2.5
    endloop
  endfacet
  facet normal 0.99867 -0.0515522 0
    outer loop
      vertex 2.28964 0.818314 2.85
      vertex 2.30108 1.03993 2.5
      vertex 2.30108 1.03993 2.85
    endloop
  endfacet
  facet normal 0.99867 -0.0515522 0
    outer loop
      vertex 2.30108 1.03993 2.5
      vertex 2.28964 0.818314 2.85
      vertex 2.28964 0.818314 2.5
    endloop
  endfacet
  facet normal 0.996646 0.0818354 0
    outer loop
      vertex 2.30108 1.03993 2.85
      vertex 2.27259 1.3869 2.5
      vertex 2.27259 1.3869 2.85
    endloop
  endfacet
  facet normal 0.996646 0.0818354 0
    outer loop
      vertex 2.27259 1.3869 2.5
      vertex 2.30108 1.03993 2.85
      vertex 2.30108 1.03993 2.5
    endloop
  endfacet
  facet normal 0.965492 0.260434 0
    outer loop
      vertex 2.27259 1.3869 2.85
      vertex 2.18716 1.70361 2.5
      vertex 2.18716 1.70361 2.85
    endloop
  endfacet
  facet normal 0.965492 0.260434 0
    outer loop
      vertex 2.18716 1.70361 2.5
      vertex 2.27259 1.3869 2.85
      vertex 2.27259 1.3869 2.5
    endloop
  endfacet
  facet normal 0.895456 0.445149 0
    outer loop
      vertex 2.18716 1.70361 2.85
      vertex 2.04475 1.99008 2.5
      vertex 2.04475 1.99008 2.85
    endloop
  endfacet
  facet normal 0.895456 0.445149 0
    outer loop
      vertex 2.04475 1.99008 2.5
      vertex 2.18716 1.70361 2.85
      vertex 2.18716 1.70361 2.5
    endloop
  endfacet
  facet normal 0.78921 0.614124 0
    outer loop
      vertex 2.04475 1.99008 2.85
      vertex 1.84538 2.24629 2.5
      vertex 1.84538 2.24629 2.85
    endloop
  endfacet
  facet normal 0.78921 0.614124 0
    outer loop
      vertex 1.84538 2.24629 2.5
      vertex 2.04475 1.99008 2.85
      vertex 2.04475 1.99008 2.5
    endloop
  endfacet
  facet normal 0.654596 0.755979 -0
    outer loop
      vertex 1.84538 2.24629 2.5
      vertex 1.60177 2.45723 2.85
      vertex 1.84538 2.24629 2.85
    endloop
  endfacet
  facet normal 0.654596 0.755979 0
    outer loop
      vertex 1.60177 2.45723 2.85
      vertex 1.84538 2.24629 2.5
      vertex 1.60177 2.45723 2.5
    endloop
  endfacet
  facet normal 0.480334 0.877085 -0
    outer loop
      vertex 1.60177 2.45723 2.5
      vertex 1.32663 2.60791 2.85
      vertex 1.60177 2.45723 2.85
    endloop
  endfacet
  facet normal 0.480334 0.877085 0
    outer loop
      vertex 1.32663 2.60791 2.85
      vertex 1.60177 2.45723 2.5
      vertex 1.32663 2.60791 2.5
    endloop
  endfacet
  facet normal 0.282771 0.959188 -0
    outer loop
      vertex 1.32663 2.60791 2.5
      vertex 1.01995 2.69832 2.85
      vertex 1.32663 2.60791 2.85
    endloop
  endfacet
  facet normal 0.282771 0.959188 0
    outer loop
      vertex 1.01995 2.69832 2.85
      vertex 1.32663 2.60791 2.5
      vertex 1.01995 2.69832 2.5
    endloop
  endfacet
  facet normal 0.0887363 0.996055 -0
    outer loop
      vertex 1.01995 2.69832 2.5
      vertex 0.681744 2.72845 2.85
      vertex 1.01995 2.69832 2.85
    endloop
  endfacet
  facet normal 0.0887363 0.996055 0
    outer loop
      vertex 0.681744 2.72845 2.85
      vertex 1.01995 2.69832 2.5
      vertex 0.681744 2.72845 2.5
    endloop
  endfacet
  facet normal -0.0837027 0.996491 0
    outer loop
      vertex 0.681744 2.72845 2.5
      vertex 0.34721 2.70035 2.85
      vertex 0.681744 2.72845 2.85
    endloop
  endfacet
  facet normal -0.0837027 0.996491 0
    outer loop
      vertex 0.34721 2.70035 2.85
      vertex 0.681744 2.72845 2.5
      vertex 0.34721 2.70035 2.5
    endloop
  endfacet
  facet normal -0.267447 0.963573 0
    outer loop
      vertex 0.34721 2.70035 2.5
      vertex 0.0434532 2.61604 2.85
      vertex 0.34721 2.70035 2.85
    endloop
  endfacet
  facet normal -0.267447 0.963573 0
    outer loop
      vertex 0.0434532 2.61604 2.85
      vertex 0.34721 2.70035 2.5
      vertex 0.0434532 2.61604 2.5
    endloop
  endfacet
  facet normal -0.457665 0.889125 0
    outer loop
      vertex 0.0434532 2.61604 2.5
      vertex -0.229541 2.47552 2.85
      vertex 0.0434532 2.61604 2.85
    endloop
  endfacet
  facet normal -0.457665 0.889125 0
    outer loop
      vertex -0.229541 2.47552 2.85
      vertex 0.0434532 2.61604 2.5
      vertex -0.229541 2.47552 2.5
    endloop
  endfacet
  facet normal -0.630415 0.776258 0
    outer loop
      vertex -0.229541 2.47552 2.5
      vertex -0.471759 2.27881 2.85
      vertex -0.229541 2.47552 2.85
    endloop
  endfacet
  facet normal -0.630415 0.776258 0
    outer loop
      vertex -0.471759 2.27881 2.85
      vertex -0.229541 2.47552 2.5
      vertex -0.471759 2.27881 2.5
    endloop
  endfacet
  facet normal -0.776086 0.630627 0
    outer loop
      vertex -0.67023 2.03456 2.5
      vertex -0.471759 2.27881 2.85
      vertex -0.471759 2.27881 2.5
    endloop
  endfacet
  facet normal -0.776086 0.630627 0
    outer loop
      vertex -0.471759 2.27881 2.85
      vertex -0.67023 2.03456 2.5
      vertex -0.67023 2.03456 2.85
    endloop
  endfacet
  facet normal -0.894188 0.447691 0
    outer loop
      vertex -0.811999 1.7514 2.5
      vertex -0.67023 2.03456 2.85
      vertex -0.67023 2.03456 2.5
    endloop
  endfacet
  facet normal -0.894188 0.447691 0
    outer loop
      vertex -0.67023 2.03456 2.85
      vertex -0.811999 1.7514 2.5
      vertex -0.811999 1.7514 2.85
    endloop
  endfacet
  facet normal -0.966841 0.255379 0
    outer loop
      vertex -0.897067 1.42934 2.5
      vertex -0.811999 1.7514 2.85
      vertex -0.811999 1.7514 2.5
    endloop
  endfacet
  facet normal -0.966841 0.255379 0
    outer loop
      vertex -0.811999 1.7514 2.85
      vertex -0.897067 1.42934 2.5
      vertex -0.897067 1.42934 2.85
    endloop
  endfacet
  facet normal -0.99693 0.0783 0
    outer loop
      vertex -0.925418 1.06837 2.5
      vertex -0.897067 1.42934 2.85
      vertex -0.897067 1.42934 2.5
    endloop
  endfacet
  facet normal -0.99693 0.0783 0
    outer loop
      vertex -0.897067 1.42934 2.85
      vertex -0.925418 1.06837 2.5
      vertex -0.925418 1.06837 2.85
    endloop
  endfacet
  facet normal -0.996751 -0.0805433 0
    outer loop
      vertex -0.898089 0.730164 2.5
      vertex -0.925418 1.06837 2.85
      vertex -0.925418 1.06837 2.5
    endloop
  endfacet
  facet normal -0.996751 -0.0805433 0
    outer loop
      vertex -0.925418 1.06837 2.85
      vertex -0.898089 0.730164 2.5
      vertex -0.898089 0.730164 2.85
    endloop
  endfacet
  facet normal -0.966902 -0.255147 0
    outer loop
      vertex -0.816089 0.419418 2.5
      vertex -0.898089 0.730164 2.85
      vertex -0.898089 0.730164 2.5
    endloop
  endfacet
  facet normal -0.966902 -0.255147 0
    outer loop
      vertex -0.898089 0.730164 2.85
      vertex -0.816089 0.419418 2.5
      vertex -0.816089 0.419418 2.85
    endloop
  endfacet
  facet normal -0.900654 -0.434537 0
    outer loop
      vertex -0.679416 0.136139 2.5
      vertex -0.816089 0.419418 2.85
      vertex -0.816089 0.419418 2.5
    endloop
  endfacet
  facet normal -0.900654 -0.434537 0
    outer loop
      vertex -0.816089 0.419418 2.85
      vertex -0.679416 0.136139 2.5
      vertex -0.679416 0.136139 2.85
    endloop
  endfacet
  facet normal -0.800772 -0.598969 0
    outer loop
      vertex -0.48807 -0.119675 2.5
      vertex -0.679416 0.136139 2.85
      vertex -0.679416 0.136139 2.5
    endloop
  endfacet
  facet normal -0.800772 -0.598969 0
    outer loop
      vertex -0.679416 0.136139 2.85
      vertex -0.48807 -0.119675 2.5
      vertex -0.48807 -0.119675 2.85
    endloop
  endfacet
  facet normal -0.663043 -0.748582 0
    outer loop
      vertex -0.48807 -0.119675 2.5
      vertex -0.248904 -0.331512 2.85
      vertex -0.48807 -0.119675 2.85
    endloop
  endfacet
  facet normal -0.663043 -0.748582 -0
    outer loop
      vertex -0.248904 -0.331512 2.85
      vertex -0.48807 -0.119675 2.5
      vertex -0.248904 -0.331512 2.5
    endloop
  endfacet
  facet normal -0.475308 -0.879819 0
    outer loop
      vertex -0.248904 -0.331512 2.5
      vertex 0.0312004 -0.482834 2.85
      vertex -0.248904 -0.331512 2.85
    endloop
  endfacet
  facet normal -0.475308 -0.879819 -0
    outer loop
      vertex 0.0312004 -0.482834 2.85
      vertex -0.248904 -0.331512 2.5
      vertex 0.0312004 -0.482834 2.5
    endloop
  endfacet
  facet normal -0.272067 -0.962278 0
    outer loop
      vertex 0.0312004 -0.482834 2.5
      vertex 0.352261 -0.573608 2.85
      vertex 0.0312004 -0.482834 2.85
    endloop
  endfacet
  facet normal -0.272067 -0.962278 -0
    outer loop
      vertex 0.352261 -0.573608 2.85
      vertex 0.0312004 -0.482834 2.5
      vertex 0.352261 -0.573608 2.5
    endloop
  endfacet
  facet normal -0.0833391 -0.996521 0
    outer loop
      vertex 0.352261 -0.573608 2.5
      vertex 0.71426 -0.603882 2.85
      vertex 0.352261 -0.573608 2.85
    endloop
  endfacet
  facet normal -0.0833391 -0.996521 -0
    outer loop
      vertex 0.71426 -0.603882 2.85
      vertex 0.352261 -0.573608 2.5
      vertex 0.71426 -0.603882 2.5
    endloop
  endfacet
  facet normal 0.0575716 -0.998341 0
    outer loop
      vertex 0.71426 -0.603882 2.5
      vertex 0.97224 -0.589005 2.85
      vertex 0.71426 -0.603882 2.85
    endloop
  endfacet
  facet normal 0.0575716 -0.998341 0
    outer loop
      vertex 0.97224 -0.589005 2.85
      vertex 0.71426 -0.603882 2.5
      vertex 0.97224 -0.589005 2.5
    endloop
  endfacet
  facet normal 0.333352 0.942803 -0
    outer loop
      vertex 0.567562 0.20163 2.5
      vertex 0.465069 0.237869 2.85
      vertex 0.567562 0.20163 2.85
    endloop
  endfacet
  facet normal 0.333352 0.942803 0
    outer loop
      vertex 0.465069 0.237869 2.85
      vertex 0.567562 0.20163 2.5
      vertex 0.465069 0.237869 2.5
    endloop
  endfacet
  facet normal 0.571516 0.820591 -0
    outer loop
      vertex 0.465069 0.237869 2.5
      vertex 0.378353 0.298264 2.85
      vertex 0.465069 0.237869 2.85
    endloop
  endfacet
  facet normal 0.571516 0.820591 0
    outer loop
      vertex 0.378353 0.298264 2.85
      vertex 0.465069 0.237869 2.5
      vertex 0.378353 0.298264 2.5
    endloop
  endfacet
  facet normal 0.766005 0.642834 0
    outer loop
      vertex 0.378353 0.298264 2.85
      vertex 0.3074 0.382812 2.5
      vertex 0.3074 0.382812 2.85
    endloop
  endfacet
  facet normal 0.766005 0.642834 0
    outer loop
      vertex 0.3074 0.382812 2.5
      vertex 0.378353 0.298264 2.85
      vertex 0.378353 0.298264 2.5
    endloop
  endfacet
  facet normal 0.891707 0.452613 0
    outer loop
      vertex 0.3074 0.382812 2.85
      vertex 0.252224 0.491516 2.5
      vertex 0.252224 0.491516 2.85
    endloop
  endfacet
  facet normal 0.891707 0.452613 0
    outer loop
      vertex 0.252224 0.491516 2.5
      vertex 0.3074 0.382812 2.85
      vertex 0.3074 0.382812 2.5
    endloop
  endfacet
  facet normal 0.958714 0.284373 0
    outer loop
      vertex 0.252224 0.491516 2.85
      vertex 0.212811 0.62439 2.5
      vertex 0.212811 0.62439 2.85
    endloop
  endfacet
  facet normal 0.958714 0.284373 0
    outer loop
      vertex 0.212811 0.62439 2.5
      vertex 0.252224 0.491516 2.85
      vertex 0.252224 0.491516 2.5
    endloop
  endfacet
  facet normal 0.988844 0.148957 0
    outer loop
      vertex 0.212811 0.62439 2.85
      vertex 0.189159 0.781403 2.5
      vertex 0.189159 0.781403 2.85
    endloop
  endfacet
  facet normal 0.988844 0.148957 0
    outer loop
      vertex 0.189159 0.781403 2.5
      vertex 0.212811 0.62439 2.85
      vertex 0.212811 0.62439 2.5
    endloop
  endfacet
  facet normal 0.999057 0.0434126 0
    outer loop
      vertex 0.189159 0.781403 2.85
      vertex 0.181286 0.962585 2.5
      vertex 0.181286 0.962585 2.85
    endloop
  endfacet
  facet normal 0.999057 0.0434126 0
    outer loop
      vertex 0.181286 0.962585 2.5
      vertex 0.189159 0.781403 2.85
      vertex 0.189159 0.781403 2.5
    endloop
  endfacet
  facet normal 0.999301 -0.0373939 0
    outer loop
      vertex 0.181286 0.962585 2.85
      vertex 0.189922 1.19337 2.5
      vertex 0.189922 1.19337 2.85
    endloop
  endfacet
  facet normal 0.999301 -0.0373939 0
    outer loop
      vertex 0.189922 1.19337 2.5
      vertex 0.181286 0.962585 2.85
      vertex 0.181286 0.962585 2.5
    endloop
  endfacet
  facet normal 0.991695 -0.12861 0
    outer loop
      vertex 0.189922 1.19337 2.85
      vertex 0.215862 1.39339 2.5
      vertex 0.215862 1.39339 2.85
    endloop
  endfacet
  facet normal 0.991695 -0.12861 0
    outer loop
      vertex 0.215862 1.39339 2.5
      vertex 0.189922 1.19337 2.85
      vertex 0.189922 1.19337 2.5
    endloop
  endfacet
  facet normal 0.96891 -0.247412 0
    outer loop
      vertex 0.215862 1.39339 2.85
      vertex 0.259075 1.56262 2.5
      vertex 0.259075 1.56262 2.85
    endloop
  endfacet
  facet normal 0.96891 -0.247412 0
    outer loop
      vertex 0.259075 1.56262 2.5
      vertex 0.215862 1.39339 2.85
      vertex 0.215862 1.39339 2.5
    endloop
  endfacet
  facet normal 0.91633 -0.400425 0
    outer loop
      vertex 0.259075 1.56262 2.85
      vertex 0.319576 1.70107 2.5
      vertex 0.319576 1.70107 2.85
    endloop
  endfacet
  facet normal 0.91633 -0.400425 0
    outer loop
      vertex 0.319576 1.70107 2.5
      vertex 0.259075 1.56262 2.85
      vertex 0.259075 1.56262 2.5
    endloop
  endfacet
  facet normal 0.811446 -0.584428 0
    outer loop
      vertex 0.319576 1.70107 2.85
      vertex 0.397152 1.80878 2.5
      vertex 0.397152 1.80878 2.85
    endloop
  endfacet
  facet normal 0.811446 -0.584428 0
    outer loop
      vertex 0.397152 1.80878 2.5
      vertex 0.319576 1.70107 2.85
      vertex 0.319576 1.70107 2.5
    endloop
  endfacet
  facet normal 0.631901 -0.775049 0
    outer loop
      vertex 0.397152 1.80878 2.5
      vertex 0.491497 1.8857 2.85
      vertex 0.397152 1.80878 2.85
    endloop
  endfacet
  facet normal 0.631901 -0.775049 0
    outer loop
      vertex 0.491497 1.8857 2.85
      vertex 0.397152 1.80878 2.5
      vertex 0.491497 1.8857 2.5
    endloop
  endfacet
  facet normal 0.383523 -0.923531 0
    outer loop
      vertex 0.491497 1.8857 2.5
      vertex 0.602627 1.93185 2.85
      vertex 0.491497 1.8857 2.85
    endloop
  endfacet
  facet normal 0.383523 -0.923531 0
    outer loop
      vertex 0.602627 1.93185 2.85
      vertex 0.491497 1.8857 2.5
      vertex 0.602627 1.93185 2.5
    endloop
  endfacet
  facet normal 0.119544 -0.992829 0
    outer loop
      vertex 0.602627 1.93185 2.5
      vertex 0.730526 1.94725 2.85
      vertex 0.602627 1.93185 2.85
    endloop
  endfacet
  facet normal 0.119544 -0.992829 0
    outer loop
      vertex 0.730526 1.94725 2.85
      vertex 0.602627 1.93185 2.5
      vertex 0.730526 1.94725 2.5
    endloop
  endfacet
  facet normal -0.110152 -0.993915 0
    outer loop
      vertex 0.730526 1.94725 2.5
      vertex 0.843044 1.93478 2.85
      vertex 0.730526 1.94725 2.85
    endloop
  endfacet
  facet normal -0.110152 -0.993915 -0
    outer loop
      vertex 0.843044 1.93478 2.85
      vertex 0.730526 1.94725 2.5
      vertex 0.843044 1.93478 2.5
    endloop
  endfacet
  facet normal -0.357917 -0.933753 0
    outer loop
      vertex 0.843044 1.93478 2.5
      vertex 0.940563 1.8974 2.85
      vertex 0.843044 1.93478 2.85
    endloop
  endfacet
  facet normal -0.357917 -0.933753 -0
    outer loop
      vertex 0.940563 1.8974 2.85
      vertex 0.843044 1.93478 2.5
      vertex 0.940563 1.8974 2.5
    endloop
  endfacet
  facet normal -0.602549 -0.798082 0
    outer loop
      vertex 0.940563 1.8974 2.5
      vertex 1.02308 1.8351 2.85
      vertex 0.940563 1.8974 2.85
    endloop
  endfacet
  facet normal -0.602549 -0.798082 -0
    outer loop
      vertex 1.02308 1.8351 2.85
      vertex 0.940563 1.8974 2.5
      vertex 1.02308 1.8351 2.5
    endloop
  endfacet
  facet normal -0.790858 -0.611999 0
    outer loop
      vertex 1.09059 1.74786 2.5
      vertex 1.02308 1.8351 2.85
      vertex 1.02308 1.8351 2.5
    endloop
  endfacet
  facet normal -0.790858 -0.611999 0
    outer loop
      vertex 1.02308 1.8351 2.85
      vertex 1.09059 1.74786 2.5
      vertex 1.09059 1.74786 2.85
    endloop
  endfacet
  facet normal -0.905586 -0.424163 0
    outer loop
      vertex 1.14311 1.63573 2.5
      vertex 1.09059 1.74786 2.85
      vertex 1.09059 1.74786 2.5
    endloop
  endfacet
  facet normal -0.905586 -0.424163 0
    outer loop
      vertex 1.09059 1.74786 2.85
      vertex 1.14311 1.63573 2.5
      vertex 1.14311 1.63573 2.85
    endloop
  endfacet
  facet normal -0.964518 -0.264016 0
    outer loop
      vertex 1.18063 1.49866 2.5
      vertex 1.14311 1.63573 2.85
      vertex 1.14311 1.63573 2.5
    endloop
  endfacet
  facet normal -0.964518 -0.264016 0
    outer loop
      vertex 1.14311 1.63573 2.85
      vertex 1.18063 1.49866 2.5
      vertex 1.18063 1.49866 2.85
    endloop
  endfacet
  facet normal -0.99048 -0.137653 0
    outer loop
      vertex 1.20314 1.33669 2.5
      vertex 1.18063 1.49866 2.85
      vertex 1.18063 1.49866 2.5
    endloop
  endfacet
  facet normal -0.99048 -0.137653 0
    outer loop
      vertex 1.18063 1.49866 2.85
      vertex 1.20314 1.33669 2.5
      vertex 1.20314 1.33669 2.85
    endloop
  endfacet
  facet normal -0.999196 -0.040094 0
    outer loop
      vertex 1.21064 1.14978 2.5
      vertex 1.20314 1.33669 2.85
      vertex 1.20314 1.33669 2.5
    endloop
  endfacet
  facet normal -0.999196 -0.040094 0
    outer loop
      vertex 1.20314 1.33669 2.85
      vertex 1.21064 1.14978 2.5
      vertex 1.21064 1.14978 2.85
    endloop
  endfacet
  facet normal -0.999348 0.0361014 0
    outer loop
      vertex 1.20251 0.924728 2.5
      vertex 1.21064 1.14978 2.85
      vertex 1.21064 1.14978 2.5
    endloop
  endfacet
  facet normal -0.999348 0.0361014 0
    outer loop
      vertex 1.21064 1.14978 2.85
      vertex 1.20251 0.924728 2.5
      vertex 1.20251 0.924728 2.85
    endloop
  endfacet
  facet normal -0.99226 0.124177 0
    outer loop
      vertex 1.1781 0.729675 2.5
      vertex 1.20251 0.924728 2.85
      vertex 1.20251 0.924728 2.5
    endloop
  endfacet
  facet normal -0.99226 0.124177 0
    outer loop
      vertex 1.20251 0.924728 2.85
      vertex 1.1781 0.729675 2.5
      vertex 1.1781 0.729675 2.85
    endloop
  endfacet
  facet normal -0.970912 0.239435 0
    outer loop
      vertex 1.1374 0.564636 2.5
      vertex 1.1781 0.729675 2.85
      vertex 1.1781 0.729675 2.5
    endloop
  endfacet
  facet normal -0.970912 0.239435 0
    outer loop
      vertex 1.1781 0.729675 2.85
      vertex 1.1374 0.564636 2.5
      vertex 1.1374 0.564636 2.85
    endloop
  endfacet
  facet normal -0.921373 0.388679 0
    outer loop
      vertex 1.08044 0.429611 2.5
      vertex 1.1374 0.564636 2.85
      vertex 1.1374 0.564636 2.5
    endloop
  endfacet
  facet normal -0.921373 0.388679 0
    outer loop
      vertex 1.1374 0.564636 2.85
      vertex 1.08044 0.429611 2.5
      vertex 1.08044 0.429611 2.85
    endloop
  endfacet
  facet normal -0.819335 0.573315 0
    outer loop
      vertex 1.00695 0.324585 2.5
      vertex 1.08044 0.429611 2.85
      vertex 1.08044 0.429611 2.5
    endloop
  endfacet
  facet normal -0.819335 0.573315 0
    outer loop
      vertex 1.08044 0.429611 2.85
      vertex 1.00695 0.324585 2.5
      vertex 1.00695 0.324585 2.85
    endloop
  endfacet
  facet normal -0.639206 0.769036 0
    outer loop
      vertex 1.00695 0.324585 2.5
      vertex 0.916683 0.249557 2.85
      vertex 1.00695 0.324585 2.85
    endloop
  endfacet
  facet normal -0.639206 0.769036 0
    outer loop
      vertex 0.916683 0.249557 2.85
      vertex 1.00695 0.324585 2.5
      vertex 0.916683 0.249557 2.5
    endloop
  endfacet
  facet normal -0.387644 0.921809 0
    outer loop
      vertex 0.916683 0.249557 2.5
      vertex 0.809643 0.204544 2.85
      vertex 0.916683 0.249557 2.85
    endloop
  endfacet
  facet normal -0.387644 0.921809 0
    outer loop
      vertex 0.809643 0.204544 2.85
      vertex 0.916683 0.249557 2.5
      vertex 0.809643 0.204544 2.5
    endloop
  endfacet
  facet normal -0.120252 0.992743 0
    outer loop
      vertex 0.809643 0.204544 2.5
      vertex 0.685818 0.189545 2.85
      vertex 0.809643 0.204544 2.85
    endloop
  endfacet
  facet normal -0.120252 0.992743 0
    outer loop
      vertex 0.685818 0.189545 2.85
      vertex 0.809643 0.204544 2.5
      vertex 0.685818 0.189545 2.5
    endloop
  endfacet
  facet normal 0.101664 0.994819 -0
    outer loop
      vertex 0.685818 0.189545 2.5
      vertex 0.567562 0.20163 2.85
      vertex 0.685818 0.189545 2.85
    endloop
  endfacet
  facet normal 0.101664 0.994819 0
    outer loop
      vertex 0.567562 0.20163 2.85
      vertex 0.685818 0.189545 2.5
      vertex 0.567562 0.20163 2.5
    endloop
  endfacet
  facet normal -0.709982 -0.70422 0
    outer loop
      vertex -12.0023 -1.78534 2.5
      vertex -12.1612 -1.62514 2.85
      vertex -12.1612 -1.62514 2.5
    endloop
  endfacet
  facet normal -0.709982 -0.70422 0
    outer loop
      vertex -12.1612 -1.62514 2.85
      vertex -12.0023 -1.78534 2.5
      vertex -12.0023 -1.78534 2.85
    endloop
  endfacet
  facet normal -0.656413 -0.754402 0
    outer loop
      vertex -12.0023 -1.78534 2.5
      vertex -11.8474 -1.92012 2.85
      vertex -12.0023 -1.78534 2.85
    endloop
  endfacet
  facet normal -0.656413 -0.754402 -0
    outer loop
      vertex -11.8474 -1.92012 2.85
      vertex -12.0023 -1.78534 2.5
      vertex -11.8474 -1.92012 2.5
    endloop
  endfacet
  facet normal -0.586054 -0.810272 0
    outer loop
      vertex -11.8474 -1.92012 2.5
      vertex -11.6962 -2.02948 2.85
      vertex -11.8474 -1.92012 2.85
    endloop
  endfacet
  facet normal -0.586054 -0.810272 -0
    outer loop
      vertex -11.6962 -2.02948 2.85
      vertex -11.8474 -1.92012 2.5
      vertex -11.6962 -2.02948 2.5
    endloop
  endfacet
  facet normal -0.494856 -0.868975 0
    outer loop
      vertex -11.6962 -2.02948 2.5
      vertex -11.5488 -2.11342 2.85
      vertex -11.6962 -2.02948 2.85
    endloop
  endfacet
  facet normal -0.494856 -0.868975 -0
    outer loop
      vertex -11.5488 -2.11342 2.85
      vertex -11.6962 -2.02948 2.5
      vertex -11.5488 -2.11342 2.5
    endloop
  endfacet
  facet normal -0.384116 -0.923285 0
    outer loop
      vertex -11.5488 -2.11342 2.5
      vertex -11.3991 -2.1757 2.85
      vertex -11.5488 -2.11342 2.85
    endloop
  endfacet
  facet normal -0.384116 -0.923285 -0
    outer loop
      vertex -11.3991 -2.1757 2.85
      vertex -11.5488 -2.11342 2.5
      vertex -11.3991 -2.1757 2.5
    endloop
  endfacet
  facet normal -0.271098 -0.962552 0
    outer loop
      vertex -11.3991 -2.1757 2.5
      vertex -11.2411 -2.2202 2.85
      vertex -11.3991 -2.1757 2.85
    endloop
  endfacet
  facet normal -0.271098 -0.962552 -0
    outer loop
      vertex -11.2411 -2.2202 2.85
      vertex -11.3991 -2.1757 2.5
      vertex -11.2411 -2.2202 2.5
    endloop
  endfacet
  facet normal -0.158337 -0.987385 0
    outer loop
      vertex -11.2411 -2.2202 2.5
      vertex -11.0746 -2.2469 2.85
      vertex -11.2411 -2.2202 2.85
    endloop
  endfacet
  facet normal -0.158337 -0.987385 -0
    outer loop
      vertex -11.0746 -2.2469 2.85
      vertex -11.2411 -2.2202 2.5
      vertex -11.0746 -2.2469 2.5
    endloop
  endfacet
  facet normal -0.0508495 -0.998706 0
    outer loop
      vertex -11.0746 -2.2469 2.5
      vertex -10.8998 -2.2558 2.85
      vertex -11.0746 -2.2469 2.85
    endloop
  endfacet
  facet normal -0.0508495 -0.998706 -0
    outer loop
      vertex -10.8998 -2.2558 2.85
      vertex -11.0746 -2.2469 2.5
      vertex -10.8998 -2.2558 2.5
    endloop
  endfacet
  facet normal 0.102983 -0.994683 0
    outer loop
      vertex -10.8998 -2.2558 2.5
      vertex -10.5375 -2.21829 2.85
      vertex -10.8998 -2.2558 2.85
    endloop
  endfacet
  facet normal 0.102983 -0.994683 0
    outer loop
      vertex -10.5375 -2.21829 2.85
      vertex -10.8998 -2.2558 2.5
      vertex -10.5375 -2.21829 2.5
    endloop
  endfacet
  facet normal 0.318913 -0.947784 0
    outer loop
      vertex -10.5375 -2.21829 2.5
      vertex -10.2031 -2.10577 2.85
      vertex -10.5375 -2.21829 2.85
    endloop
  endfacet
  facet normal 0.318913 -0.947784 0
    outer loop
      vertex -10.2031 -2.10577 2.85
      vertex -10.5375 -2.21829 2.5
      vertex -10.2031 -2.10577 2.5
    endloop
  endfacet
  facet normal 0.52195 -0.852976 0
    outer loop
      vertex -10.2031 -2.10577 2.5
      vertex -9.89662 -1.91823 2.85
      vertex -10.2031 -2.10577 2.85
    endloop
  endfacet
  facet normal 0.52195 -0.852976 0
    outer loop
      vertex -9.89662 -1.91823 2.85
      vertex -10.2031 -2.10577 2.5
      vertex -9.89662 -1.91823 2.5
    endloop
  endfacet
  facet normal 0.686043 -0.727561 0
    outer loop
      vertex -9.89662 -1.91823 2.5
      vertex -9.61817 -1.65567 2.85
      vertex -9.89662 -1.91823 2.85
    endloop
  endfacet
  facet normal 0.686043 -0.727561 0
    outer loop
      vertex -9.61817 -1.65567 2.85
      vertex -9.89662 -1.91823 2.5
      vertex -9.61817 -1.65567 2.5
    endloop
  endfacet
  facet normal 0.818922 -0.573905 0
    outer loop
      vertex -9.61817 -1.65567 2.85
      vertex -9.38675 -1.32545 2.5
      vertex -9.38675 -1.32545 2.85
    endloop
  endfacet
  facet normal 0.818922 -0.573905 0
    outer loop
      vertex -9.38675 -1.32545 2.5
      vertex -9.61817 -1.65567 2.85
      vertex -9.61817 -1.65567 2.5
    endloop
  endfacet
  facet normal 0.920886 -0.389831 0
    outer loop
      vertex -9.38675 -1.32545 2.85
      vertex -9.22145 -0.934967 2.5
      vertex -9.22145 -0.934967 2.85
    endloop
  endfacet
  facet normal 0.920886 -0.389831 0
    outer loop
      vertex -9.22145 -0.934967 2.5
      vertex -9.38675 -1.32545 2.85
      vertex -9.38675 -1.32545 2.5
    endloop
  endfacet
  facet normal 0.976637 -0.214895 0
    outer loop
      vertex -9.22145 -0.934967 2.85
      vertex -9.12227 -0.484222 2.5
      vertex -9.12227 -0.484222 2.85
    endloop
  endfacet
  facet normal 0.976637 -0.214895 0
    outer loop
      vertex -9.12227 -0.484222 2.5
      vertex -9.22145 -0.934967 2.85
      vertex -9.22145 -0.934967 2.5
    endloop
  endfacet
  facet normal 0.997914 -0.0645635 0
    outer loop
      vertex -9.12227 -0.484222 2.85
      vertex -9.08921 0.0267639 2.5
      vertex -9.08921 0.0267639 2.85
    endloop
  endfacet
  facet normal 0.997914 -0.0645635 0
    outer loop
      vertex -9.08921 0.0267639 2.5
      vertex -9.12227 -0.484222 2.85
      vertex -9.12227 -0.484222 2.5
    endloop
  endfacet
  facet normal 0.997837 0.0657309 0
    outer loop
      vertex -9.08921 0.0267639 2.85
      vertex -9.12201 0.524689 2.5
      vertex -9.12201 0.524689 2.85
    endloop
  endfacet
  facet normal 0.997837 0.0657309 0
    outer loop
      vertex -9.12201 0.524689 2.5
      vertex -9.08921 0.0267639 2.85
      vertex -9.08921 0.0267639 2.5
    endloop
  endfacet
  facet normal 0.975878 0.218315 0
    outer loop
      vertex -9.12201 0.524689 2.85
      vertex -9.22043 0.96463 2.5
      vertex -9.22043 0.96463 2.85
    endloop
  endfacet
  facet normal 0.975878 0.218315 0
    outer loop
      vertex -9.22043 0.96463 2.5
      vertex -9.12201 0.524689 2.85
      vertex -9.12201 0.524689 2.5
    endloop
  endfacet
  facet normal 0.918856 0.394593 0
    outer loop
      vertex -9.22043 0.96463 2.85
      vertex -9.38445 1.34657 2.5
      vertex -9.38445 1.34657 2.85
    endloop
  endfacet
  facet normal 0.918856 0.394593 0
    outer loop
      vertex -9.38445 1.34657 2.5
      vertex -9.22043 0.96463 2.85
      vertex -9.22043 0.96463 2.5
    endloop
  endfacet
  facet normal 0.815824 0.5783 0
    outer loop
      vertex -9.38445 1.34657 2.85
      vertex -9.61409 1.67053 2.5
      vertex -9.61409 1.67053 2.85
    endloop
  endfacet
  facet normal 0.815824 0.5783 0
    outer loop
      vertex -9.61409 1.67053 2.5
      vertex -9.38445 1.34657 2.85
      vertex -9.38445 1.34657 2.5
    endloop
  endfacet
  facet normal 0.682156 0.731206 -0
    outer loop
      vertex -9.61409 1.67053 2.5
      vertex -9.89077 1.92865 2.85
      vertex -9.61409 1.67053 2.85
    endloop
  endfacet
  facet normal 0.682156 0.731206 0
    outer loop
      vertex -9.89077 1.92865 2.85
      vertex -9.61409 1.67053 2.5
      vertex -9.89077 1.92865 2.5
    endloop
  endfacet
  facet normal 0.517137 0.855902 -0
    outer loop
      vertex -9.89077 1.92865 2.5
      vertex -10.1959 2.11301 2.85
      vertex -9.89077 1.92865 2.85
    endloop
  endfacet
  facet normal 0.517137 0.855902 0
    outer loop
      vertex -10.1959 2.11301 2.85
      vertex -9.89077 1.92865 2.5
      vertex -10.1959 2.11301 2.5
    endloop
  endfacet
  facet normal 0.314657 0.949205 -0
    outer loop
      vertex -10.1959 2.11301 2.5
      vertex -10.5296 2.22363 2.85
      vertex -10.1959 2.11301 2.85
    endloop
  endfacet
  facet normal 0.314657 0.949205 0
    outer loop
      vertex -10.5296 2.22363 2.85
      vertex -10.1959 2.11301 2.5
      vertex -10.5296 2.22363 2.5
    endloop
  endfacet
  facet normal 0.101326 0.994853 -0
    outer loop
      vertex -10.5296 2.22363 2.5
      vertex -10.8917 2.26051 2.85
      vertex -10.5296 2.22363 2.85
    endloop
  endfacet
  facet normal 0.101326 0.994853 0
    outer loop
      vertex -10.8917 2.26051 2.85
      vertex -10.5296 2.22363 2.5
      vertex -10.8917 2.26051 2.5
    endloop
  endfacet
  facet normal -0.060232 0.998184 0
    outer loop
      vertex -10.8917 2.26051 2.5
      vertex -11.1025 2.24779 2.85
      vertex -10.8917 2.26051 2.85
    endloop
  endfacet
  facet normal -0.060232 0.998184 0
    outer loop
      vertex -11.1025 2.24779 2.85
      vertex -10.8917 2.26051 2.5
      vertex -11.1025 2.24779 2.5
    endloop
  endfacet
  facet normal -0.186382 0.982477 0
    outer loop
      vertex -11.1025 2.24779 2.5
      vertex -11.3036 2.20964 2.85
      vertex -11.1025 2.24779 2.85
    endloop
  endfacet
  facet normal -0.186382 0.982477 0
    outer loop
      vertex -11.3036 2.20964 2.85
      vertex -11.1025 2.24779 2.5
      vertex -11.3036 2.20964 2.5
    endloop
  endfacet
  facet normal -0.315098 0.949059 0
    outer loop
      vertex -11.3036 2.20964 2.5
      vertex -11.4951 2.14606 2.85
      vertex -11.3036 2.20964 2.85
    endloop
  endfacet
  facet normal -0.315098 0.949059 0
    outer loop
      vertex -11.4951 2.14606 2.85
      vertex -11.3036 2.20964 2.5
      vertex -11.4951 2.14606 2.5
    endloop
  endfacet
  facet normal -0.439728 0.898131 0
    outer loop
      vertex -11.4951 2.14606 2.5
      vertex -11.6769 2.05705 2.85
      vertex -11.4951 2.14606 2.85
    endloop
  endfacet
  facet normal -0.439728 0.898131 0
    outer loop
      vertex -11.6769 2.05705 2.85
      vertex -11.4951 2.14606 2.5
      vertex -11.6769 2.05705 2.5
    endloop
  endfacet
  facet normal -0.545672 0.837999 0
    outer loop
      vertex -11.6769 2.05705 2.5
      vertex -11.8448 1.94772 2.85
      vertex -11.6769 2.05705 2.85
    endloop
  endfacet
  facet normal -0.545672 0.837999 0
    outer loop
      vertex -11.8448 1.94772 2.85
      vertex -11.6769 2.05705 2.5
      vertex -11.8448 1.94772 2.5
    endloop
  endfacet
  facet normal -0.640235 0.768179 0
    outer loop
      vertex -11.8448 1.94772 2.5
      vertex -11.9943 1.82312 2.85
      vertex -11.8448 1.94772 2.85
    endloop
  endfacet
  facet normal -0.640235 0.768179 0
    outer loop
      vertex -11.9943 1.82312 2.85
      vertex -11.8448 1.94772 2.5
      vertex -11.9943 1.82312 2.5
    endloop
  endfacet
  facet normal -0.729301 0.684193 0
    outer loop
      vertex -12.1255 1.68327 2.5
      vertex -11.9943 1.82312 2.85
      vertex -11.9943 1.82312 2.5
    endloop
  endfacet
  facet normal -0.729301 0.684193 0
    outer loop
      vertex -11.9943 1.82312 2.85
      vertex -12.1255 1.68327 2.5
      vertex -12.1255 1.68327 2.85
    endloop
  endfacet
  facet normal -0.808524 0.588463 0
    outer loop
      vertex -12.2384 1.52815 2.5
      vertex -12.1255 1.68327 2.85
      vertex -12.1255 1.68327 2.5
    endloop
  endfacet
  facet normal -0.808524 0.588463 0
    outer loop
      vertex -12.1255 1.68327 2.85
      vertex -12.2384 1.52815 2.5
      vertex -12.2384 1.52815 2.85
    endloop
  endfacet
  facet normal 1 -0 0
    outer loop
      vertex -12.2384 1.52815 2.85
      vertex -12.2384 2.16289 2.5
      vertex -12.2384 2.16289 2.85
    endloop
  endfacet
  facet normal 1 0 0
    outer loop
      vertex -12.2384 2.16289 2.5
      vertex -12.2384 1.52815 2.85
      vertex -12.2384 1.52815 2.5
    endloop
  endfacet
  facet normal 0 1 -0
    outer loop
      vertex -12.2384 2.16289 2.5
      vertex -13.3044 2.16289 2.85
      vertex -12.2384 2.16289 2.85
    endloop
  endfacet
  facet normal 0 1 0
    outer loop
      vertex -13.3044 2.16289 2.85
      vertex -12.2384 2.16289 2.5
      vertex -13.3044 2.16289 2.5
    endloop
  endfacet
  facet normal -1 0 0
    outer loop
      vertex -13.3044 -3.80188 2.5
      vertex -13.3044 2.16289 2.85
      vertex -13.3044 2.16289 2.5
    endloop
  endfacet
  facet normal -1 -0 0
    outer loop
      vertex -13.3044 2.16289 2.85
      vertex -13.3044 -3.80188 2.5
      vertex -13.3044 -3.80188 2.85
    endloop
  endfacet
  facet normal 0 -1 0
    outer loop
      vertex -13.3044 -3.80188 2.5
      vertex -12.1612 -3.80188 2.85
      vertex -13.3044 -3.80188 2.85
    endloop
  endfacet
  facet normal 0 -1 -0
    outer loop
      vertex -12.1612 -3.80188 2.85
      vertex -13.3044 -3.80188 2.5
      vertex -12.1612 -3.80188 2.5
    endloop
  endfacet
  facet normal 1 -0 0
    outer loop
      vertex -12.1612 -3.80188 2.85
      vertex -12.1612 -1.62514 2.5
      vertex -12.1612 -1.62514 2.85
    endloop
  endfacet
  facet normal 1 0 0
    outer loop
      vertex -12.1612 -1.62514 2.5
      vertex -12.1612 -3.80188 2.85
      vertex -12.1612 -3.80188 2.5
    endloop
  endfacet
  facet normal 0.334342 0.942452 -0
    outer loop
      vertex -11.3802 -1.32668 2.5
      vertex -11.5641 -1.26144 2.85
      vertex -11.3802 -1.32668 2.85
    endloop
  endfacet
  facet normal 0.334342 0.942452 0
    outer loop
      vertex -11.5641 -1.26144 2.85
      vertex -11.3802 -1.32668 2.5
      vertex -11.5641 -1.26144 2.5
    endloop
  endfacet
  facet normal 0.543003 0.839731 -0
    outer loop
      vertex -11.5641 -1.26144 2.5
      vertex -11.7322 -1.15274 2.85
      vertex -11.5641 -1.26144 2.85
    endloop
  endfacet
  facet normal 0.543003 0.839731 0
    outer loop
      vertex -11.7322 -1.15274 2.85
      vertex -11.5641 -1.26144 2.5
      vertex -11.7322 -1.15274 2.5
    endloop
  endfacet
  facet normal 0.706898 0.707316 -0
    outer loop
      vertex -11.7322 -1.15274 2.5
      vertex -11.8845 -1.00053 2.85
      vertex -11.7322 -1.15274 2.85
    endloop
  endfacet
  facet normal 0.706898 0.707316 0
    outer loop
      vertex -11.8845 -1.00053 2.85
      vertex -11.7322 -1.15274 2.5
      vertex -11.8845 -1.00053 2.5
    endloop
  endfacet
  facet normal 0.842524 0.538659 0
    outer loop
      vertex -11.8845 -1.00053 2.85
      vertex -12.0109 -0.802826 2.5
      vertex -12.0109 -0.802826 2.85
    endloop
  endfacet
  facet normal 0.842524 0.538659 0
    outer loop
      vertex -12.0109 -0.802826 2.5
      vertex -11.8845 -1.00053 2.85
      vertex -11.8845 -1.00053 2.5
    endloop
  endfacet
  facet normal 0.938545 0.345157 0
    outer loop
      vertex -12.0109 -0.802826 2.85
      vertex -12.1011 -0.557556 2.5
      vertex -12.1011 -0.557556 2.85
    endloop
  endfacet
  facet normal 0.938545 0.345157 0
    outer loop
      vertex -12.1011 -0.557556 2.5
      vertex -12.0109 -0.802826 2.85
      vertex -12.0109 -0.802826 2.5
    endloop
  endfacet
  facet normal 0.983297 0.182007 0
    outer loop
      vertex -12.1011 -0.557556 2.85
      vertex -12.1553 -0.26474 2.5
      vertex -12.1553 -0.26474 2.85
    endloop
  endfacet
  facet normal 0.983297 0.182007 0
    outer loop
      vertex -12.1553 -0.26474 2.5
      vertex -12.1011 -0.557556 2.85
      vertex -12.1011 -0.557556 2.5
    endloop
  endfacet
  facet normal 0.998604 0.0528133 0
    outer loop
      vertex -12.1553 -0.26474 2.85
      vertex -12.1733 0.0756073 2.5
      vertex -12.1733 0.0756073 2.85
    endloop
  endfacet
  facet normal 0.998604 0.0528133 0
    outer loop
      vertex -12.1733 0.0756073 2.5
      vertex -12.1553 -0.26474 2.85
      vertex -12.1553 -0.26474 2.5
    endloop
  endfacet
  facet normal 0.998318 -0.057973 0
    outer loop
      vertex -12.1733 0.0756073 2.85
      vertex -12.156 0.37352 2.5
      vertex -12.156 0.37352 2.85
    endloop
  endfacet
  facet normal 0.998318 -0.057973 0
    outer loop
      vertex -12.156 0.37352 2.5
      vertex -12.1733 0.0756073 2.85
      vertex -12.1733 0.0756073 2.5
    endloop
  endfacet
  facet normal 0.980581 -0.196114 0
    outer loop
      vertex -12.156 0.37352 2.85
      vertex -12.1042 0.632523 2.5
      vertex -12.1042 0.632523 2.85
    endloop
  endfacet
  facet normal 0.980581 -0.196114 0
    outer loop
      vertex -12.1042 0.632523 2.5
      vertex -12.156 0.37352 2.85
      vertex -12.156 0.37352 2.5
    endloop
  endfacet
  facet normal 0.930701 -0.365782 0
    outer loop
      vertex -12.1042 0.632523 2.85
      vertex -12.0177 0.852615 2.5
      vertex -12.0177 0.852615 2.85
    endloop
  endfacet
  facet normal 0.930701 -0.365782 0
    outer loop
      vertex -12.0177 0.852615 2.5
      vertex -12.1042 0.632523 2.85
      vertex -12.1042 0.632523 2.5
    endloop
  endfacet
  facet normal 0.831619 -0.555346 0
    outer loop
      vertex -12.0177 0.852615 2.85
      vertex -11.8967 1.03381 2.5
      vertex -11.8967 1.03381 2.85
    endloop
  endfacet
  facet normal 0.831619 -0.555346 0
    outer loop
      vertex -11.8967 1.03381 2.5
      vertex -12.0177 0.852615 2.85
      vertex -12.0177 0.852615 2.5
    endloop
  endfacet
  facet normal 0.692792 -0.721138 0
    outer loop
      vertex -11.8967 1.03381 2.5
      vertex -11.7494 1.17532 2.85
      vertex -11.8967 1.03381 2.85
    endloop
  endfacet
  facet normal 0.692792 -0.721138 0
    outer loop
      vertex -11.7494 1.17532 2.85
      vertex -11.8967 1.03381 2.5
      vertex -11.7494 1.17532 2.5
    endloop
  endfacet
  facet normal 0.522378 -0.852714 0
    outer loop
      vertex -11.7494 1.17532 2.5
      vertex -11.5844 1.2764 2.85
      vertex -11.7494 1.17532 2.85
    endloop
  endfacet
  facet normal 0.522378 -0.852714 0
    outer loop
      vertex -11.5844 1.2764 2.85
      vertex -11.7494 1.17532 2.5
      vertex -11.5844 1.2764 2.5
    endloop
  endfacet
  facet normal 0.314903 -0.949124 0
    outer loop
      vertex -11.5844 1.2764 2.5
      vertex -11.4016 1.33705 2.85
      vertex -11.5844 1.2764 2.85
    endloop
  endfacet
  facet normal 0.314903 -0.949124 0
    outer loop
      vertex -11.4016 1.33705 2.85
      vertex -11.5844 1.2764 2.5
      vertex -11.4016 1.33705 2.5
    endloop
  endfacet
  facet normal 0.10024 -0.994963 0
    outer loop
      vertex -11.4016 1.33705 2.5
      vertex -11.2009 1.35727 2.85
      vertex -11.4016 1.33705 2.85
    endloop
  endfacet
  facet normal 0.10024 -0.994963 0
    outer loop
      vertex -11.2009 1.35727 2.85
      vertex -11.4016 1.33705 2.5
      vertex -11.2009 1.35727 2.5
    endloop
  endfacet
  facet normal -0.10597 -0.994369 0
    outer loop
      vertex -11.2009 1.35727 2.5
      vertex -11.0076 1.33667 2.85
      vertex -11.2009 1.35727 2.85
    endloop
  endfacet
  facet normal -0.10597 -0.994369 -0
    outer loop
      vertex -11.0076 1.33667 2.85
      vertex -11.2009 1.35727 2.5
      vertex -11.0076 1.33667 2.5
    endloop
  endfacet
  facet normal -0.329804 -0.94405 0
    outer loop
      vertex -11.0076 1.33667 2.5
      vertex -10.8307 1.27487 2.85
      vertex -11.0076 1.33667 2.85
    endloop
  endfacet
  facet normal -0.329804 -0.94405 -0
    outer loop
      vertex -10.8307 1.27487 2.85
      vertex -11.0076 1.33667 2.5
      vertex -10.8307 1.27487 2.5
    endloop
  endfacet
  facet normal -0.539581 -0.841933 0
    outer loop
      vertex -10.8307 1.27487 2.5
      vertex -10.67 1.17188 2.85
      vertex -10.8307 1.27487 2.85
    endloop
  endfacet
  facet normal -0.539581 -0.841933 -0
    outer loop
      vertex -10.67 1.17188 2.85
      vertex -10.8307 1.27487 2.5
      vertex -10.67 1.17188 2.5
    endloop
  endfacet
  facet normal -0.706347 -0.707866 0
    outer loop
      vertex -10.67 1.17188 2.5
      vertex -10.5255 1.02769 2.85
      vertex -10.67 1.17188 2.85
    endloop
  endfacet
  facet normal -0.706347 -0.707866 -0
    outer loop
      vertex -10.5255 1.02769 2.85
      vertex -10.67 1.17188 2.5
      vertex -10.5255 1.02769 2.5
    endloop
  endfacet
  facet normal -0.842804 -0.538221 0
    outer loop
      vertex -10.4063 0.841034 2.5
      vertex -10.5255 1.02769 2.85
      vertex -10.5255 1.02769 2.5
    endloop
  endfacet
  facet normal -0.842804 -0.538221 0
    outer loop
      vertex -10.5255 1.02769 2.85
      vertex -10.4063 0.841034 2.5
      vertex -10.4063 0.841034 2.85
    endloop
  endfacet
  facet normal -0.937922 -0.346846 0
    outer loop
      vertex -10.3211 0.610641 2.5
      vertex -10.4063 0.841034 2.85
      vertex -10.4063 0.841034 2.5
    endloop
  endfacet
  facet normal -0.937922 -0.346846 0
    outer loop
      vertex -10.4063 0.841034 2.85
      vertex -10.3211 0.610641 2.5
      vertex -10.3211 0.610641 2.85
    endloop
  endfacet
  facet normal -0.983001 -0.183602 0
    outer loop
      vertex -10.2699 0.336517 2.5
      vertex -10.3211 0.610641 2.85
      vertex -10.3211 0.610641 2.5
    endloop
  endfacet
  facet normal -0.983001 -0.183602 0
    outer loop
      vertex -10.3211 0.610641 2.85
      vertex -10.2699 0.336517 2.5
      vertex -10.2699 0.336517 2.85
    endloop
  endfacet
  facet normal -0.998573 -0.0534071 0
    outer loop
      vertex -10.2529 0.0186615 2.5
      vertex -10.2699 0.336517 2.85
      vertex -10.2699 0.336517 2.5
    endloop
  endfacet
  facet normal -0.998573 -0.0534071 0
    outer loop
      vertex -10.2699 0.336517 2.85
      vertex -10.2529 0.0186615 2.5
      vertex -10.2529 0.0186615 2.85
    endloop
  endfacet
  facet normal -0.998815 0.0486734 0
    outer loop
      vertex -10.2694 -0.319931 2.5
      vertex -10.2529 0.0186615 2.85
      vertex -10.2529 0.0186615 2.5
    endloop
  endfacet
  facet normal -0.998815 0.0486734 0
    outer loop
      vertex -10.2529 0.0186615 2.85
      vertex -10.2694 -0.319931 2.5
      vertex -10.2694 -0.319931 2.85
    endloop
  endfacet
  facet normal -0.985441 0.170015 0
    outer loop
      vertex -10.319 -0.607422 2.5
      vertex -10.2694 -0.319931 2.85
      vertex -10.2694 -0.319931 2.5
    endloop
  endfacet
  facet normal -0.985441 0.170015 0
    outer loop
      vertex -10.2694 -0.319931 2.85
      vertex -10.319 -0.607422 2.5
      vertex -10.319 -0.607422 2.85
    endloop
  endfacet
  facet normal -0.94389 0.330259 0
    outer loop
      vertex -10.4017 -0.843781 2.5
      vertex -10.319 -0.607422 2.85
      vertex -10.319 -0.607422 2.5
    endloop
  endfacet
  facet normal -0.94389 0.330259 0
    outer loop
      vertex -10.319 -0.607422 2.85
      vertex -10.4017 -0.843781 2.5
      vertex -10.4017 -0.843781 2.85
    endloop
  endfacet
  facet normal -0.848177 0.529713 0
    outer loop
      vertex -10.5174 -1.02904 2.5
      vertex -10.4017 -0.843781 2.85
      vertex -10.4017 -0.843781 2.5
    endloop
  endfacet
  facet normal -0.848177 0.529713 0
    outer loop
      vertex -10.4017 -0.843781 2.85
      vertex -10.5174 -1.02904 2.5
      vertex -10.5174 -1.02904 2.85
    endloop
  endfacet
  facet normal -0.704884 0.709323 0
    outer loop
      vertex -10.5174 -1.02904 2.5
      vertex -10.658 -1.16876 2.85
      vertex -10.5174 -1.02904 2.85
    endloop
  endfacet
  facet normal -0.704884 0.709323 0
    outer loop
      vertex -10.658 -1.16876 2.85
      vertex -10.5174 -1.02904 2.5
      vertex -10.658 -1.16876 2.5
    endloop
  endfacet
  facet normal -0.535524 0.84452 0
    outer loop
      vertex -10.658 -1.16876 2.5
      vertex -10.8154 -1.26857 2.85
      vertex -10.658 -1.16876 2.85
    endloop
  endfacet
  facet normal -0.535524 0.84452 0
    outer loop
      vertex -10.8154 -1.26857 2.85
      vertex -10.658 -1.16876 2.5
      vertex -10.8154 -1.26857 2.5
    endloop
  endfacet
  facet normal -0.325122 0.945672 0
    outer loop
      vertex -10.8154 -1.26857 2.5
      vertex -10.9896 -1.32846 2.85
      vertex -10.8154 -1.26857 2.85
    endloop
  endfacet
  facet normal -0.325122 0.945672 0
    outer loop
      vertex -10.9896 -1.32846 2.85
      vertex -10.8154 -1.26857 2.5
      vertex -10.9896 -1.32846 2.5
    endloop
  endfacet
  facet normal -0.103937 0.994584 0
    outer loop
      vertex -10.9896 -1.32846 2.5
      vertex -11.1806 -1.34842 2.85
      vertex -10.9896 -1.32846 2.85
    endloop
  endfacet
  facet normal -0.103937 0.994584 0
    outer loop
      vertex -11.1806 -1.34842 2.85
      vertex -10.9896 -1.32846 2.5
      vertex -11.1806 -1.34842 2.5
    endloop
  endfacet
  facet normal 0.108277 0.994121 -0
    outer loop
      vertex -11.1806 -1.34842 2.5
      vertex -11.3802 -1.32668 2.85
      vertex -11.1806 -1.34842 2.85
    endloop
  endfacet
  facet normal 0.108277 0.994121 0
    outer loop
      vertex -11.3802 -1.32668 2.85
      vertex -11.1806 -1.34842 2.5
      vertex -11.3802 -1.32668 2.5
    endloop
  endfacet
  facet normal 0 1 -0
    outer loop
      vertex 2.1302 -0.994476 2.5
      vertex -0.778964 -0.994476 2.85
      vertex 2.1302 -0.994476 2.85
    endloop
  endfacet
  facet normal 0 1 0
    outer loop
      vertex -0.778964 -0.994476 2.85
      vertex 2.1302 -0.994476 2.5
      vertex -0.778964 -0.994476 2.5
    endloop
  endfacet
  facet normal -1 0 0
    outer loop
      vertex -0.778964 -1.89363 2.5
      vertex -0.778964 -0.994476 2.85
      vertex -0.778964 -0.994476 2.5
    endloop
  endfacet
  facet normal -1 -0 0
    outer loop
      vertex -0.778964 -0.994476 2.85
      vertex -0.778964 -1.89363 2.5
      vertex -0.778964 -1.89363 2.85
    endloop
  endfacet
  facet normal 0 -1 0
    outer loop
      vertex -0.778964 -1.89363 2.5
      vertex 2.1302 -1.89363 2.85
      vertex -0.778964 -1.89363 2.85
    endloop
  endfacet
  facet normal 0 -1 -0
    outer loop
      vertex 2.1302 -1.89363 2.85
      vertex -0.778964 -1.89363 2.5
      vertex 2.1302 -1.89363 2.5
    endloop
  endfacet
  facet normal 1 -0 0
    outer loop
      vertex 2.1302 -1.89363 2.85
      vertex 2.1302 -0.994476 2.5
      vertex 2.1302 -0.994476 2.85
    endloop
  endfacet
  facet normal 1 0 0
    outer loop
      vertex 2.1302 -0.994476 2.5
      vertex 2.1302 -1.89363 2.85
      vertex 2.1302 -1.89363 2.5
    endloop
  endfacet
  facet normal 0 1 -0
    outer loop
      vertex -7.15753 -1.01482 2.5
      vertex -8.30089 -1.01482 2.85
      vertex -7.15753 -1.01482 2.85
    endloop
  endfacet
  facet normal 0 1 0
    outer loop
      vertex -8.30089 -1.01482 2.85
      vertex -7.15753 -1.01482 2.5
      vertex -8.30089 -1.01482 2.5
    endloop
  endfacet
  facet normal -1 0 0
    outer loop
      vertex -8.30089 -2.15811 2.5
      vertex -8.30089 -1.01482 2.85
      vertex -8.30089 -1.01482 2.5
    endloop
  endfacet
  facet normal -1 -0 0
    outer loop
      vertex -8.30089 -1.01482 2.85
      vertex -8.30089 -2.15811 2.5
      vertex -8.30089 -2.15811 2.85
    endloop
  endfacet
  facet normal 0 -1 0
    outer loop
      vertex -8.30089 -2.15811 2.5
      vertex -7.15753 -2.15811 2.85
      vertex -8.30089 -2.15811 2.85
    endloop
  endfacet
  facet normal 0 -1 -0
    outer loop
      vertex -7.15753 -2.15811 2.85
      vertex -8.30089 -2.15811 2.5
      vertex -7.15753 -2.15811 2.5
    endloop
  endfacet
  facet normal 1 -0 0
    outer loop
      vertex -7.15753 -2.15811 2.85
      vertex -7.15753 -1.01482 2.5
      vertex -7.15753 -1.01482 2.85
    endloop
  endfacet
  facet normal 1 0 0
    outer loop
      vertex -7.15753 -1.01482 2.5
      vertex -7.15753 -2.15811 2.85
      vertex -7.15753 -2.15811 2.5
    endloop
  endfacet
  facet normal -0.634598 -0.772842 0
    outer loop
      vertex -24.7071 -12.2071 -2.5
      vertex -24.5556 -12.3315 2.5
      vertex -24.7071 -12.2071 2.5
    endloop
  endfacet
  facet normal -0.634598 -0.772842 -0
    outer loop
      vertex -24.5556 -12.3315 2.5
      vertex -24.7071 -12.2071 -2.5
      vertex -24.5556 -12.3315 -2.5
    endloop
  endfacet
  facet normal 0 1 -0
    outer loop
      vertex 24 12.5 -2.5
      vertex -24 12.5 2.5
      vertex 24 12.5 2.5
    endloop
  endfacet
  facet normal 0 1 0
    outer loop
      vertex -24 12.5 2.5
      vertex 24 12.5 -2.5
      vertex -24 12.5 -2.5
    endloop
  endfacet
  facet normal 0.956951 -0.290248 0
    outer loop
      vertex 24.9239 -11.8827 2.5
      vertex 24.9808 -11.6951 -2.5
      vertex 24.9808 -11.6951 2.5
    endloop
  endfacet
  facet normal 0.956951 -0.290248 0
    outer loop
      vertex 24.9808 -11.6951 -2.5
      vertex 24.9239 -11.8827 2.5
      vertex 24.9239 -11.8827 -2.5
    endloop
  endfacet
  facet normal 0.881957 -0.471329 0
    outer loop
      vertex 24.8315 -12.0556 2.5
      vertex 24.9239 -11.8827 -2.5
      vertex 24.9239 -11.8827 2.5
    endloop
  endfacet
  facet normal 0.881957 -0.471329 0
    outer loop
      vertex 24.9239 -11.8827 -2.5
      vertex 24.8315 -12.0556 2.5
      vertex 24.8315 -12.0556 -2.5
    endloop
  endfacet
  facet normal -0.772842 -0.634598 0
    outer loop
      vertex -24.7071 -12.2071 -2.5
      vertex -24.8315 -12.0556 2.5
      vertex -24.8315 -12.0556 -2.5
    endloop
  endfacet
  facet normal -0.772842 -0.634598 0
    outer loop
      vertex -24.8315 -12.0556 2.5
      vertex -24.7071 -12.2071 -2.5
      vertex -24.7071 -12.2071 2.5
    endloop
  endfacet
  facet normal -0.772842 0.634598 0
    outer loop
      vertex -24.8315 12.0556 -2.5
      vertex -24.7071 12.2071 2.5
      vertex -24.7071 12.2071 -2.5
    endloop
  endfacet
  facet normal -0.772842 0.634598 0
    outer loop
      vertex -24.7071 12.2071 2.5
      vertex -24.8315 12.0556 -2.5
      vertex -24.8315 12.0556 2.5
    endloop
  endfacet
  facet normal -0.634598 0.772842 0
    outer loop
      vertex -24.5556 12.3315 -2.5
      vertex -24.7071 12.2071 2.5
      vertex -24.5556 12.3315 2.5
    endloop
  endfacet
  facet normal -0.634598 0.772842 0
    outer loop
      vertex -24.7071 12.2071 2.5
      vertex -24.5556 12.3315 -2.5
      vertex -24.7071 12.2071 -2.5
    endloop
  endfacet
  facet normal -0.290248 -0.956951 0
    outer loop
      vertex -24.3827 -12.4239 -2.5
      vertex -24.1951 -12.4808 2.5
      vertex -24.3827 -12.4239 2.5
    endloop
  endfacet
  facet normal -0.290248 -0.956951 -0
    outer loop
      vertex -24.1951 -12.4808 2.5
      vertex -24.3827 -12.4239 -2.5
      vertex -24.1951 -12.4808 -2.5
    endloop
  endfacet
  facet normal 0 0 1
    outer loop
      vertex -12.1255 1.68327 2.5
      vertex -12.2384 2.16289 2.5
      vertex -12.2384 1.52815 2.5
    endloop
  endfacet
  facet normal -0 0 1
    outer loop
      vertex 2.01664 0.0575409 2.5
      vertex 2.82425 -0.000549316 2.5
      vertex 2.11796 0.22818 2.5
    endloop
  endfacet
  facet normal 0 0 1
    outer loop
      vertex 1.89572 -0.0983276 2.5
      vertex 2.82425 -0.000549316 2.5
      vertex 2.01664 0.0575409 2.5
    endloop
  endfacet
  facet normal 0 0 1
    outer loop
      vertex 2.82425 -0.000549316 2.5
      vertex 1.89572 -0.0983276 2.5
      vertex 2.1302 -0.994476 2.5
    endloop
  endfacet
  facet normal -0 0 1
    outer loop
      vertex 1.75521 -0.239471 2.5
      vertex 2.1302 -0.994476 2.5
      vertex 1.89572 -0.0983276 2.5
    endloop
  endfacet
  facet normal -0 0 1
    outer loop
      vertex 1.59512 -0.36586 2.5
      vertex 2.1302 -0.994476 2.5
      vertex 1.75521 -0.239471 2.5
    endloop
  endfacet
  facet normal -0 0 1
    outer loop
      vertex 1.41267 -0.469986 2.5
      vertex 2.1302 -0.994476 2.5
      vertex 1.59512 -0.36586 2.5
    endloop
  endfacet
  facet normal -0 0 1
    outer loop
      vertex 1.20504 -0.544373 2.5
      vertex 2.1302 -0.994476 2.5
      vertex 1.41267 -0.469986 2.5
    endloop
  endfacet
  facet normal -0 0 1
    outer loop
      vertex 0.97224 -0.589005 2.5
      vertex 2.1302 -0.994476 2.5
      vertex 1.20504 -0.544373 2.5
    endloop
  endfacet
  facet normal -0 0 1
    outer loop
      vertex 0.71426 -0.603882 2.5
      vertex 2.1302 -0.994476 2.5
      vertex 0.97224 -0.589005 2.5
    endloop
  endfacet
  facet normal 0 0 1
    outer loop
      vertex -0.778964 -0.994476 2.5
      vertex 0.71426 -0.603882 2.5
      vertex 0.352261 -0.573608 2.5
    endloop
  endfacet
  facet normal 0 0 1
    outer loop
      vertex 0.71426 -0.603882 2.5
      vertex -0.778964 -0.994476 2.5
      vertex 2.1302 -0.994476 2.5
    endloop
  endfacet
  facet normal 0 0 1
    outer loop
      vertex 0.0312004 -0.482834 2.5
      vertex -0.778964 -0.994476 2.5
      vertex 0.352261 -0.573608 2.5
    endloop
  endfacet
  facet normal 0 0 1
    outer loop
      vertex -0.248904 -0.331512 2.5
      vertex -0.778964 -0.994476 2.5
      vertex 0.0312004 -0.482834 2.5
    endloop
  endfacet
  facet normal 0 0 1
    outer loop
      vertex -0.48807 -0.119675 2.5
      vertex -0.778964 -0.994476 2.5
      vertex -0.248904 -0.331512 2.5
    endloop
  endfacet
  facet normal 0 0 1
    outer loop
      vertex -0.679416 0.136139 2.5
      vertex -0.778964 -0.994476 2.5
      vertex -0.48807 -0.119675 2.5
    endloop
  endfacet
  facet normal 0 0 1
    outer loop
      vertex -1.30791 -2.15811 2.5
      vertex -0.778964 -0.994476 2.5
      vertex -0.816089 0.419418 2.5
    endloop
  endfacet
  facet normal 0 0 1
    outer loop
      vertex -0.816089 0.419418 2.5
      vertex -0.778964 -0.994476 2.5
      vertex -0.679416 0.136139 2.5
    endloop
  endfacet
  facet normal 0 0 1
    outer loop
      vertex 24 12.5 2.5
      vertex 25 11.5 2.5
      vertex 24.9808 11.6951 2.5
    endloop
  endfacet
  facet normal 0 0 1
    outer loop
      vertex 25 11.5 2.5
      vertex 6.77116 -0.23764 2.5
      vertex 25 -11.5 2.5
    endloop
  endfacet
  facet normal 0 0 1
    outer loop
      vertex 24 12.5 2.5
      vertex 24.9808 11.6951 2.5
      vertex 24.9239 11.8827 2.5
    endloop
  endfacet
  facet normal -0 0 1
    outer loop
      vertex 6.73759 -0.672745 2.5
      vertex 25 -11.5 2.5
      vertex 6.77116 -0.23764 2.5
    endloop
  endfacet
  facet normal 0 0 1
    outer loop
      vertex 24 12.5 2.5
      vertex 24.9239 11.8827 2.5
      vertex 24.8315 12.0556 2.5
    endloop
  endfacet
  facet normal -0 0 1
    outer loop
      vertex 6.6369 -1.06259 2.5
      vertex 25 -11.5 2.5
      vertex 6.73759 -0.672745 2.5
    endloop
  endfacet
  facet normal 0 0 1
    outer loop
      vertex 24 12.5 2.5
      vertex 24.8315 12.0556 2.5
      vertex 24.7071 12.2071 2.5
    endloop
  endfacet
  facet normal 0 0 1
    outer loop
      vertex 25 -11.5 2.5
      vertex 24 -12.5 2.5
      vertex 24.9808 -11.6951 2.5
    endloop
  endfacet
  facet normal 0 0 1
    outer loop
      vertex 24 12.5 2.5
      vertex 24.7071 12.2071 2.5
      vertex 24.5556 12.3315 2.5
    endloop
  endfacet
  facet normal 0 0 1
    outer loop
      vertex 25 11.5 2.5
      vertex 24 12.5 2.5
      vertex 6.6613 2.34595 2.5
    endloop
  endfacet
  facet normal 0 0 1
    outer loop
      vertex 24 12.5 2.5
      vertex 24.5556 12.3315 2.5
      vertex 24.3827 12.4239 2.5
    endloop
  endfacet
  facet normal 0 0 1
    outer loop
      vertex 24.9808 -11.6951 2.5
      vertex 24 -12.5 2.5
      vertex 24.9239 -11.8827 2.5
    endloop
  endfacet
  facet normal 0 0 1
    outer loop
      vertex 24 12.5 2.5
      vertex 24.3827 12.4239 2.5
      vertex 24.1951 12.4808 2.5
    endloop
  endfacet
  facet normal 0 0 1
    outer loop
      vertex 24.7071 -12.2071 2.5
      vertex 24 -12.5 2.5
      vertex 24.5556 -12.3315 2.5
    endloop
  endfacet
  facet normal 0 0 1
    outer loop
      vertex 24.5556 -12.3315 2.5
      vertex 24 -12.5 2.5
      vertex 24.3827 -12.4239 2.5
    endloop
  endfacet
  facet normal 0 0 1
    outer loop
      vertex 24.3827 -12.4239 2.5
      vertex 24 -12.5 2.5
      vertex 24.1951 -12.4808 2.5
    endloop
  endfacet
  facet normal 0 0 1
    outer loop
      vertex 24.8315 -12.0556 2.5
      vertex 24 -12.5 2.5
      vertex 24.7071 -12.2071 2.5
    endloop
  endfacet
  facet normal 0 0 1
    outer loop
      vertex 25 11.5 2.5
      vertex 6.73924 0.173798 2.5
      vertex 6.77116 -0.23764 2.5
    endloop
  endfacet
  facet normal 0 0 1
    outer loop
      vertex 25 11.5 2.5
      vertex 6.6613 2.34595 2.5
      vertex 6.73924 0.173798 2.5
    endloop
  endfacet
  facet normal 0 0 1
    outer loop
      vertex 24 12.5 2.5
      vertex 6.58006 2.68658 2.5
      vertex 6.6613 2.34595 2.5
    endloop
  endfacet
  facet normal 0 0 1
    outer loop
      vertex 24 12.5 2.5
      vertex 6.45839 2.98424 2.5
      vertex 6.58006 2.68658 2.5
    endloop
  endfacet
  facet normal 0 0 1
    outer loop
      vertex 24 12.5 2.5
      vertex 6.29626 3.23892 2.5
      vertex 6.45839 2.98424 2.5
    endloop
  endfacet
  facet normal 0 0 1
    outer loop
      vertex 24 12.5 2.5
      vertex 6.0937 3.45061 2.5
      vertex 6.29626 3.23892 2.5
    endloop
  endfacet
  facet normal 0 0 1
    outer loop
      vertex 24 12.5 2.5
      vertex 5.85632 3.61707 2.5
      vertex 6.0937 3.45061 2.5
    endloop
  endfacet
  facet normal 0 0 1
    outer loop
      vertex 24 12.5 2.5
      vertex 5.5897 3.73595 2.5
      vertex 5.85632 3.61707 2.5
    endloop
  endfacet
  facet normal 0 0 1
    outer loop
      vertex 24 12.5 2.5
      vertex 5.29382 3.80728 2.5
      vertex 5.5897 3.73595 2.5
    endloop
  endfacet
  facet normal 0 0 1
    outer loop
      vertex 24 12.5 2.5
      vertex 4.9687 3.83107 2.5
      vertex 5.29382 3.80728 2.5
    endloop
  endfacet
  facet normal 0 0 1
    outer loop
      vertex 24 12.5 2.5
      vertex 4.50715 3.7858 2.5
      vertex 4.9687 3.83107 2.5
    endloop
  endfacet
  facet normal -0 0 1
    outer loop
      vertex -1.30791 3.80664 2.5
      vertex 4.50715 3.7858 2.5
      vertex 24 12.5 2.5
    endloop
  endfacet
  facet normal 0 0 1
    outer loop
      vertex 2.82577 1.50552 2.5
      vertex 2.30108 1.03993 2.5
      vertex 2.78788 0.742874 2.5
    endloop
  endfacet
  facet normal -0 0 1
    outer loop
      vertex 2.18716 1.70361 2.5
      vertex 2.82577 1.50552 2.5
      vertex 2.93943 2.15372 2.5
    endloop
  endfacet
  facet normal -0 0 1
    outer loop
      vertex 1.84538 2.24629 2.5
      vertex 2.93943 2.15372 2.5
      vertex 3.12889 2.68748 2.5
    endloop
  endfacet
  facet normal 0 0 1
    outer loop
      vertex 2.82577 1.50552 2.5
      vertex 2.27259 1.3869 2.5
      vertex 2.30108 1.03993 2.5
    endloop
  endfacet
  facet normal 0 0 1
    outer loop
      vertex 1.60177 2.45723 2.5
      vertex 3.12889 2.68748 2.5
      vertex 3.39412 3.10681 2.5
    endloop
  endfacet
  facet normal 0 0 1
    outer loop
      vertex 2.82577 1.50552 2.5
      vertex 2.18716 1.70361 2.5
      vertex 2.27259 1.3869 2.5
    endloop
  endfacet
  facet normal 0 0 1
    outer loop
      vertex 2.93943 2.15372 2.5
      vertex 2.04475 1.99008 2.5
      vertex 2.18716 1.70361 2.5
    endloop
  endfacet
  facet normal 0 0 1
    outer loop
      vertex 1.01995 2.69832 2.5
      vertex 3.39412 3.10681 2.5
      vertex 3.71988 3.42368 2.5
    endloop
  endfacet
  facet normal 0 0 1
    outer loop
      vertex 2.93943 2.15372 2.5
      vertex 1.84538 2.24629 2.5
      vertex 2.04475 1.99008 2.5
    endloop
  endfacet
  facet normal 0 0 1
    outer loop
      vertex 3.12889 2.68748 2.5
      vertex 1.60177 2.45723 2.5
      vertex 1.84538 2.24629 2.5
    endloop
  endfacet
  facet normal 0 0 1
    outer loop
      vertex -1.30791 3.80664 2.5
      vertex 3.71988 3.42368 2.5
      vertex 4.09088 3.65001 2.5
    endloop
  endfacet
  facet normal 0 0 1
    outer loop
      vertex 3.39412 3.10681 2.5
      vertex 1.32663 2.60791 2.5
      vertex 1.60177 2.45723 2.5
    endloop
  endfacet
  facet normal 0 0 1
    outer loop
      vertex 4.50715 3.7858 2.5
      vertex -1.30791 3.80664 2.5
      vertex 4.09088 3.65001 2.5
    endloop
  endfacet
  facet normal 0 0 1
    outer loop
      vertex 3.71988 3.42368 2.5
      vertex -1.30791 3.80664 2.5
      vertex 1.01995 2.69832 2.5
    endloop
  endfacet
  facet normal 0 0 1
    outer loop
      vertex 3.39412 3.10681 2.5
      vertex 1.01995 2.69832 2.5
      vertex 1.32663 2.60791 2.5
    endloop
  endfacet
  facet normal 0 0 1
    outer loop
      vertex 1.01995 2.69832 2.5
      vertex -1.30791 3.80664 2.5
      vertex 0.681744 2.72845 2.5
    endloop
  endfacet
  facet normal 0 0 1
    outer loop
      vertex 0.681744 2.72845 2.5
      vertex -1.30791 3.80664 2.5
      vertex 0.34721 2.70035 2.5
    endloop
  endfacet
  facet normal 0 0 1
    outer loop
      vertex -0.897067 1.42934 2.5
      vertex -1.30791 3.80664 2.5
      vertex -0.925418 1.06837 2.5
    endloop
  endfacet
  facet normal 0 0 1
    outer loop
      vertex -0.811999 1.7514 2.5
      vertex -1.30791 3.80664 2.5
      vertex -0.897067 1.42934 2.5
    endloop
  endfacet
  facet normal 0 0 1
    outer loop
      vertex -0.67023 2.03456 2.5
      vertex -1.30791 3.80664 2.5
      vertex -0.811999 1.7514 2.5
    endloop
  endfacet
  facet normal 0 0 1
    outer loop
      vertex -0.471759 2.27881 2.5
      vertex -1.30791 3.80664 2.5
      vertex -0.67023 2.03456 2.5
    endloop
  endfacet
  facet normal 0 0 1
    outer loop
      vertex -0.229541 2.47552 2.5
      vertex -1.30791 3.80664 2.5
      vertex -0.471759 2.27881 2.5
    endloop
  endfacet
  facet normal 0 0 1
    outer loop
      vertex 0.0434532 2.61604 2.5
      vertex -1.30791 3.80664 2.5
      vertex -0.229541 2.47552 2.5
    endloop
  endfacet
  facet normal 0 0 1
    outer loop
      vertex 0.34721 2.70035 2.5
      vertex -1.30791 3.80664 2.5
      vertex 0.0434532 2.61604 2.5
    endloop
  endfacet
  facet normal -0 0 1
    outer loop
      vertex -24 12.5 2.5
      vertex -1.30791 3.80664 2.5
      vertex 24 12.5 2.5
    endloop
  endfacet
  facet normal 0 0 1
    outer loop
      vertex -2.44713 3.80664 2.5
      vertex -4.79482 3.80664 2.5
      vertex -2.44713 -0.131851 2.5
    endloop
  endfacet
  facet normal 0 0 1
    outer loop
      vertex -1.30791 3.80664 2.5
      vertex -24 12.5 2.5
      vertex -2.44713 3.80664 2.5
    endloop
  endfacet
  facet normal 0 0 1
    outer loop
      vertex -2.44713 3.80664 2.5
      vertex -24 12.5 2.5
      vertex -4.79482 3.80664 2.5
    endloop
  endfacet
  facet normal 0 0 1
    outer loop
      vertex -5.97478 3.80664 2.5
      vertex -7.15753 -1.01482 2.5
      vertex -5.97478 -2.15811 2.5
    endloop
  endfacet
  facet normal -0 0 1
    outer loop
      vertex -9.22043 0.96463 2.5
      vertex -7.15753 -1.01482 2.5
      vertex -5.97478 3.80664 2.5
    endloop
  endfacet
  facet normal -0 0 1
    outer loop
      vertex -9.12227 -0.484222 2.5
      vertex -8.30089 -1.01482 2.5
      vertex -9.08921 0.0267639 2.5
    endloop
  endfacet
  facet normal -0 -0 1
    outer loop
      vertex -9.08921 0.0267639 2.5
      vertex -7.15753 -1.01482 2.5
      vertex -9.12201 0.524689 2.5
    endloop
  endfacet
  facet normal 0 0 1
    outer loop
      vertex -7.15753 -1.01482 2.5
      vertex -9.08921 0.0267639 2.5
      vertex -8.30089 -1.01482 2.5
    endloop
  endfacet
  facet normal 0 0 1
    outer loop
      vertex -7.15753 -1.01482 2.5
      vertex -9.22043 0.96463 2.5
      vertex -9.12201 0.524689 2.5
    endloop
  endfacet
  facet normal 0 0 1
    outer loop
      vertex -5.97478 3.80664 2.5
      vertex -9.38445 1.34657 2.5
      vertex -9.22043 0.96463 2.5
    endloop
  endfacet
  facet normal 0 0 1
    outer loop
      vertex -5.97478 3.80664 2.5
      vertex -9.61409 1.67053 2.5
      vertex -9.38445 1.34657 2.5
    endloop
  endfacet
  facet normal 0 0 1
    outer loop
      vertex -5.97478 3.80664 2.5
      vertex -9.89077 1.92865 2.5
      vertex -9.61409 1.67053 2.5
    endloop
  endfacet
  facet normal 0 0 1
    outer loop
      vertex -5.97478 3.80664 2.5
      vertex -10.1959 2.11301 2.5
      vertex -9.89077 1.92865 2.5
    endloop
  endfacet
  facet normal 0 0 1
    outer loop
      vertex -5.97478 3.80664 2.5
      vertex -10.5296 2.22363 2.5
      vertex -10.1959 2.11301 2.5
    endloop
  endfacet
  facet normal 0 0 1
    outer loop
      vertex -5.97478 3.80664 2.5
      vertex -10.8917 2.26051 2.5
      vertex -10.5296 2.22363 2.5
    endloop
  endfacet
  facet normal -0 0 1
    outer loop
      vertex -15.2721 3.44833 2.5
      vertex -10.8917 2.26051 2.5
      vertex -5.97478 3.80664 2.5
    endloop
  endfacet
  facet normal 0 0 1
    outer loop
      vertex -10.8917 2.26051 2.5
      vertex -15.2721 3.44833 2.5
      vertex -11.1025 2.24779 2.5
    endloop
  endfacet
  facet normal 0 0 1
    outer loop
      vertex -11.9943 1.82312 2.5
      vertex -12.2384 2.16289 2.5
      vertex -12.1255 1.68327 2.5
    endloop
  endfacet
  facet normal 0 0 1
    outer loop
      vertex -11.8448 1.94772 2.5
      vertex -12.2384 2.16289 2.5
      vertex -11.9943 1.82312 2.5
    endloop
  endfacet
  facet normal 0 0 1
    outer loop
      vertex -11.6769 2.05705 2.5
      vertex -12.2384 2.16289 2.5
      vertex -11.8448 1.94772 2.5
    endloop
  endfacet
  facet normal 0 0 1
    outer loop
      vertex -11.4951 2.14606 2.5
      vertex -12.2384 2.16289 2.5
      vertex -11.6769 2.05705 2.5
    endloop
  endfacet
  facet normal 0 0 1
    outer loop
      vertex -11.3036 2.20964 2.5
      vertex -12.2384 2.16289 2.5
      vertex -11.4951 2.14606 2.5
    endloop
  endfacet
  facet normal 0 -0 1
    outer loop
      vertex -12.2384 2.16289 2.5
      vertex -11.1025 2.24779 2.5
      vertex -15.2721 3.44833 2.5
    endloop
  endfacet
  facet normal 0 0 1
    outer loop
      vertex -4.79482 3.80664 2.5
      vertex -24 12.5 2.5
      vertex -5.97478 3.80664 2.5
    endloop
  endfacet
  facet normal 0 -0 1
    outer loop
      vertex -15.7666 3.7039 2.5
      vertex -5.97478 3.80664 2.5
      vertex -24 12.5 2.5
    endloop
  endfacet
  facet normal 0 0 1
    outer loop
      vertex -14.1012 0.133224 2.5
      vertex -13.3044 2.16289 2.5
      vertex -14.0521 0.816132 2.5
    endloop
  endfacet
  facet normal 0 0 1
    outer loop
      vertex -13.3044 2.16289 2.5
      vertex -14.1016 1.50452 2.5
      vertex -14.0521 0.816132 2.5
    endloop
  endfacet
  facet normal 0 0 1
    outer loop
      vertex -13.3044 2.16289 2.5
      vertex -14.25 2.11304 2.5
      vertex -14.1016 1.50452 2.5
    endloop
  endfacet
  facet normal -0 -0 1
    outer loop
      vertex -14.8435 3.09055 2.5
      vertex -12.2384 2.16289 2.5
      vertex -15.2721 3.44833 2.5
    endloop
  endfacet
  facet normal 0 0 1
    outer loop
      vertex -13.3044 2.16289 2.5
      vertex -14.4973 2.64172 2.5
      vertex -14.25 2.11304 2.5
    endloop
  endfacet
  facet normal 0 0 1
    outer loop
      vertex -13.3044 2.16289 2.5
      vertex -14.8435 3.09055 2.5
      vertex -14.4973 2.64172 2.5
    endloop
  endfacet
  facet normal 0 0 1
    outer loop
      vertex -12.2384 2.16289 2.5
      vertex -14.8435 3.09055 2.5
      vertex -13.3044 2.16289 2.5
    endloop
  endfacet
  facet normal 0 0 1
    outer loop
      vertex -11.1025 2.24779 2.5
      vertex -12.2384 2.16289 2.5
      vertex -11.3036 2.20964 2.5
    endloop
  endfacet
  facet normal 0 0 1
    outer loop
      vertex -5.97478 3.80664 2.5
      vertex -15.7666 3.7039 2.5
      vertex -15.2721 3.44833 2.5
    endloop
  endfacet
  facet normal 0 0 1
    outer loop
      vertex -15.7666 3.7039 2.5
      vertex -24 12.5 2.5
      vertex -16.3269 3.85724 2.5
    endloop
  endfacet
  facet normal 0 0 1
    outer loop
      vertex -16.3269 3.85724 2.5
      vertex -24 12.5 2.5
      vertex -16.9532 3.90834 2.5
    endloop
  endfacet
  facet normal 0 0 1
    outer loop
      vertex -16.9532 3.90834 2.5
      vertex -24 12.5 2.5
      vertex -17.3066 3.8936 2.5
    endloop
  endfacet
  facet normal 0 0 1
    outer loop
      vertex -19.7697 1.62579 2.5
      vertex -25 11.5 2.5
      vertex -19.8209 1.22502 2.5
    endloop
  endfacet
  facet normal 0 0 1
    outer loop
      vertex -19.6845 1.98996 2.5
      vertex -25 11.5 2.5
      vertex -19.7697 1.62579 2.5
    endloop
  endfacet
  facet normal 0 0 1
    outer loop
      vertex -19.5653 2.3175 2.5
      vertex -25 11.5 2.5
      vertex -19.6845 1.98996 2.5
    endloop
  endfacet
  facet normal 0 0 1
    outer loop
      vertex -19.4543 2.53951 2.5
      vertex -25 11.5 2.5
      vertex -19.5653 2.3175 2.5
    endloop
  endfacet
  facet normal 0 0 1
    outer loop
      vertex -19.3247 2.7498 2.5
      vertex -25 11.5 2.5
      vertex -19.4543 2.53951 2.5
    endloop
  endfacet
  facet normal 0 0 1
    outer loop
      vertex -19.1766 2.94841 2.5
      vertex -25 11.5 2.5
      vertex -19.3247 2.7498 2.5
    endloop
  endfacet
  facet normal 0 0 1
    outer loop
      vertex -19.0099 3.13531 2.5
      vertex -25 11.5 2.5
      vertex -19.1766 2.94841 2.5
    endloop
  endfacet
  facet normal 0 0 1
    outer loop
      vertex -18.8297 3.30466 2.5
      vertex -25 11.5 2.5
      vertex -19.0099 3.13531 2.5
    endloop
  endfacet
  facet normal 0 0 1
    outer loop
      vertex -18.6412 3.45062 2.5
      vertex -25 11.5 2.5
      vertex -18.8297 3.30466 2.5
    endloop
  endfacet
  facet normal 0 0 1
    outer loop
      vertex -18.4442 3.5732 2.5
      vertex -25 11.5 2.5
      vertex -18.6412 3.45062 2.5
    endloop
  endfacet
  facet normal -0 0 1
    outer loop
      vertex -25 11.5 2.5
      vertex -18.4442 3.5732 2.5
      vertex -24 12.5 2.5
    endloop
  endfacet
  facet normal 0 0 1
    outer loop
      vertex -18.2388 3.67236 2.5
      vertex -24 12.5 2.5
      vertex -18.4442 3.5732 2.5
    endloop
  endfacet
  facet normal 0 0 1
    outer loop
      vertex -17.9495 3.7756 2.5
      vertex -24 12.5 2.5
      vertex -18.2388 3.67236 2.5
    endloop
  endfacet
  facet normal 0 0 1
    outer loop
      vertex -17.6387 3.84935 2.5
      vertex -24 12.5 2.5
      vertex -17.9495 3.7756 2.5
    endloop
  endfacet
  facet normal 0 0 1
    outer loop
      vertex -17.3066 3.8936 2.5
      vertex -24 12.5 2.5
      vertex -17.6387 3.84935 2.5
    endloop
  endfacet
  facet normal 0 0 1
    outer loop
      vertex 24.9239 -11.8827 2.5
      vertex 24 -12.5 2.5
      vertex 24.8315 -12.0556 2.5
    endloop
  endfacet
  facet normal 0 0 1
    outer loop
      vertex 25 -11.5 2.5
      vertex 6.6369 -1.06259 2.5
      vertex 24 -12.5 2.5
    endloop
  endfacet
  facet normal -0 0 1
    outer loop
      vertex 6.46907 -1.40718 2.5
      vertex 24 -12.5 2.5
      vertex 6.6369 -1.06259 2.5
    endloop
  endfacet
  facet normal -0 0 1
    outer loop
      vertex 6.2341 -1.7065 2.5
      vertex 24 -12.5 2.5
      vertex 6.46907 -1.40718 2.5
    endloop
  endfacet
  facet normal -0 0 1
    outer loop
      vertex 5.9465 -1.94858 2.5
      vertex 24 -12.5 2.5
      vertex 6.2341 -1.7065 2.5
    endloop
  endfacet
  facet normal -0 0 1
    outer loop
      vertex 5.62074 -2.12149 2.5
      vertex 24 -12.5 2.5
      vertex 5.9465 -1.94858 2.5
    endloop
  endfacet
  facet normal -0 0 1
    outer loop
      vertex 5.25682 -2.22523 2.5
      vertex 24 -12.5 2.5
      vertex 5.62074 -2.12149 2.5
    endloop
  endfacet
  facet normal -0 0 1
    outer loop
      vertex 4.85476 -2.25981 2.5
      vertex 24 -12.5 2.5
      vertex 5.25682 -2.22523 2.5
    endloop
  endfacet
  facet normal 0 0 1
    outer loop
      vertex 4.42323 -2.21596 2.5
      vertex 24 -12.5 2.5
      vertex 4.85476 -2.25981 2.5
    endloop
  endfacet
  facet normal 0 0 1
    outer loop
      vertex 2.1302 -1.89363 2.5
      vertex 4.42323 -2.21596 2.5
      vertex 4.03187 -2.08437 2.5
    endloop
  endfacet
  facet normal -0 0 1
    outer loop
      vertex 2.28964 0.818314 2.5
      vertex 2.78788 0.742874 2.5
      vertex 2.30108 1.03993 2.5
    endloop
  endfacet
  facet normal 0 0 1
    outer loop
      vertex 2.25531 0.609146 2.5
      vertex 2.78788 0.742874 2.5
      vertex 2.28964 0.818314 2.5
    endloop
  endfacet
  facet normal 0 0 1
    outer loop
      vertex 2.19807 0.41243 2.5
      vertex 2.78788 0.742874 2.5
      vertex 2.25531 0.609146 2.5
    endloop
  endfacet
  facet normal 0 0 1
    outer loop
      vertex 2.78788 0.742874 2.5
      vertex 2.19807 0.41243 2.5
      vertex 2.82425 -0.000549316 2.5
    endloop
  endfacet
  facet normal -0 0 1
    outer loop
      vertex 2.11796 0.22818 2.5
      vertex 2.82425 -0.000549316 2.5
      vertex 2.19807 0.41243 2.5
    endloop
  endfacet
  facet normal 0 0 1
    outer loop
      vertex 2.82425 -0.000549316 2.5
      vertex 2.1302 -0.994476 2.5
      vertex 2.93333 -0.631836 2.5
    endloop
  endfacet
  facet normal 0 0 1
    outer loop
      vertex 2.93333 -0.631836 2.5
      vertex 2.1302 -0.994476 2.5
      vertex 3.11515 -1.15099 2.5
    endloop
  endfacet
  facet normal 0 0 1
    outer loop
      vertex 2.1302 -1.89363 2.5
      vertex 3.11515 -1.15099 2.5
      vertex 2.1302 -0.994476 2.5
    endloop
  endfacet
  facet normal 0 0 1
    outer loop
      vertex 3.11515 -1.15099 2.5
      vertex 2.1302 -1.89363 2.5
      vertex 3.3697 -1.558 2.5
    endloop
  endfacet
  facet normal 0 0 1
    outer loop
      vertex 3.3697 -1.558 2.5
      vertex 2.1302 -1.89363 2.5
      vertex 3.68069 -1.86504 2.5
    endloop
  endfacet
  facet normal 0 0 1
    outer loop
      vertex 3.68069 -1.86504 2.5
      vertex 2.1302 -1.89363 2.5
      vertex 4.03187 -2.08437 2.5
    endloop
  endfacet
  facet normal 0 0 1
    outer loop
      vertex 4.42323 -2.21596 2.5
      vertex 2.1302 -1.89363 2.5
      vertex -1.30791 -2.15811 2.5
    endloop
  endfacet
  facet normal 0 0 1
    outer loop
      vertex -1.30791 -2.15811 2.5
      vertex 2.1302 -1.89363 2.5
      vertex -0.778964 -1.89363 2.5
    endloop
  endfacet
  facet normal 0 0 1
    outer loop
      vertex -1.30791 -2.15811 2.5
      vertex -0.816089 0.419418 2.5
      vertex -0.898089 0.730164 2.5
    endloop
  endfacet
  facet normal 0 0 1
    outer loop
      vertex -1.30791 -2.15811 2.5
      vertex -0.898089 0.730164 2.5
      vertex -0.925418 1.06837 2.5
    endloop
  endfacet
  facet normal 0 0 1
    outer loop
      vertex -1.30791 -2.15811 2.5
      vertex -0.925418 1.06837 2.5
      vertex -1.30791 3.80664 2.5
    endloop
  endfacet
  facet normal 0 0 1
    outer loop
      vertex -0.778964 -0.994476 2.5
      vertex -1.30791 -2.15811 2.5
      vertex -0.778964 -1.89363 2.5
    endloop
  endfacet
  facet normal 0 0 1
    outer loop
      vertex 4.42323 -2.21596 2.5
      vertex -1.30791 -2.15811 2.5
      vertex 24 -12.5 2.5
    endloop
  endfacet
  facet normal 0 0 1
    outer loop
      vertex -24 -12.5 2.5
      vertex -1.30791 -2.15811 2.5
      vertex -2.53665 -2.15811 2.5
    endloop
  endfacet
  facet normal 0 0 1
    outer loop
      vertex -4.84767 -2.15811 2.5
      vertex -2.53665 -2.15811 2.5
      vertex -4.84767 1.67461 2.5
    endloop
  endfacet
  facet normal 0 0 1
    outer loop
      vertex -12.1612 -3.80188 2.5
      vertex -2.53665 -2.15811 2.5
      vertex -4.84767 -2.15811 2.5
    endloop
  endfacet
  facet normal 0 0 1
    outer loop
      vertex -12.1612 -3.80188 2.5
      vertex -4.84767 -2.15811 2.5
      vertex -5.97478 -2.15811 2.5
    endloop
  endfacet
  facet normal 0 0 1
    outer loop
      vertex -7.15753 -2.15811 2.5
      vertex -5.97478 -2.15811 2.5
      vertex -7.15753 -1.01482 2.5
    endloop
  endfacet
  facet normal 0 0 1
    outer loop
      vertex -12.1612 -3.80188 2.5
      vertex -5.97478 -2.15811 2.5
      vertex -7.15753 -2.15811 2.5
    endloop
  endfacet
  facet normal 0 0 1
    outer loop
      vertex -12.1612 -3.80188 2.5
      vertex -7.15753 -2.15811 2.5
      vertex -8.30089 -2.15811 2.5
    endloop
  endfacet
  facet normal -0 0 1
    outer loop
      vertex -9.22145 -0.934967 2.5
      vertex -8.30089 -1.01482 2.5
      vertex -9.12227 -0.484222 2.5
    endloop
  endfacet
  facet normal 0 0 1
    outer loop
      vertex -9.38675 -1.32545 2.5
      vertex -8.30089 -1.01482 2.5
      vertex -9.22145 -0.934967 2.5
    endloop
  endfacet
  facet normal 0 0 1
    outer loop
      vertex -8.30089 -1.01482 2.5
      vertex -9.38675 -1.32545 2.5
      vertex -8.30089 -2.15811 2.5
    endloop
  endfacet
  facet normal -0 0 1
    outer loop
      vertex -9.61817 -1.65567 2.5
      vertex -8.30089 -2.15811 2.5
      vertex -9.38675 -1.32545 2.5
    endloop
  endfacet
  facet normal -0 0 1
    outer loop
      vertex -9.89662 -1.91823 2.5
      vertex -8.30089 -2.15811 2.5
      vertex -9.61817 -1.65567 2.5
    endloop
  endfacet
  facet normal -0 0 1
    outer loop
      vertex -10.2031 -2.10577 2.5
      vertex -8.30089 -2.15811 2.5
      vertex -9.89662 -1.91823 2.5
    endloop
  endfacet
  facet normal 0 0 1
    outer loop
      vertex -8.30089 -2.15811 2.5
      vertex -10.2031 -2.10577 2.5
      vertex -12.1612 -3.80188 2.5
    endloop
  endfacet
  facet normal 0 0 1
    outer loop
      vertex -12.1612 -3.80188 2.5
      vertex -10.2031 -2.10577 2.5
      vertex -10.5375 -2.21829 2.5
    endloop
  endfacet
  facet normal 0 0 1
    outer loop
      vertex -12.1612 -3.80188 2.5
      vertex -10.5375 -2.21829 2.5
      vertex -10.8998 -2.2558 2.5
    endloop
  endfacet
  facet normal 0 0 1
    outer loop
      vertex -12.1612 -3.80188 2.5
      vertex -10.8998 -2.2558 2.5
      vertex -11.0746 -2.2469 2.5
    endloop
  endfacet
  facet normal 0 0 1
    outer loop
      vertex -12.1612 -3.80188 2.5
      vertex -11.0746 -2.2469 2.5
      vertex -11.2411 -2.2202 2.5
    endloop
  endfacet
  facet normal 0 0 1
    outer loop
      vertex -12.1612 -3.80188 2.5
      vertex -11.2411 -2.2202 2.5
      vertex -11.3991 -2.1757 2.5
    endloop
  endfacet
  facet normal 0 0 1
    outer loop
      vertex -12.1612 -3.80188 2.5
      vertex -12.0023 -1.78534 2.5
      vertex -12.1612 -1.62514 2.5
    endloop
  endfacet
  facet normal 0 0 1
    outer loop
      vertex -12.1612 -3.80188 2.5
      vertex -11.8474 -1.92012 2.5
      vertex -12.0023 -1.78534 2.5
    endloop
  endfacet
  facet normal 0 0 1
    outer loop
      vertex -12.1612 -3.80188 2.5
      vertex -11.6962 -2.02948 2.5
      vertex -11.8474 -1.92012 2.5
    endloop
  endfacet
  facet normal 0 0 1
    outer loop
      vertex -12.1612 -3.80188 2.5
      vertex -11.5488 -2.11342 2.5
      vertex -11.6962 -2.02948 2.5
    endloop
  endfacet
  facet normal 0 0 1
    outer loop
      vertex -12.1612 -3.80188 2.5
      vertex -11.3991 -2.1757 2.5
      vertex -11.5488 -2.11342 2.5
    endloop
  endfacet
  facet normal 0 0 1
    outer loop
      vertex -2.53665 -2.15811 2.5
      vertex -12.1612 -3.80188 2.5
      vertex -24 -12.5 2.5
    endloop
  endfacet
  facet normal 0 0 1
    outer loop
      vertex -24 -12.5 2.5
      vertex -12.1612 -3.80188 2.5
      vertex -13.3044 -3.80188 2.5
    endloop
  endfacet
  facet normal 0 0 1
    outer loop
      vertex -13.3044 2.16289 2.5
      vertex -14.1012 0.133224 2.5
      vertex -13.3044 -3.80188 2.5
    endloop
  endfacet
  facet normal -0 0 1
    outer loop
      vertex -14.2484 -0.4711 2.5
      vertex -13.3044 -3.80188 2.5
      vertex -14.1012 0.133224 2.5
    endloop
  endfacet
  facet normal -0 0 1
    outer loop
      vertex -14.4938 -0.996857 2.5
      vertex -13.3044 -3.80188 2.5
      vertex -14.2484 -0.4711 2.5
    endloop
  endfacet
  facet normal -0 0 1
    outer loop
      vertex -14.8374 -1.44406 2.5
      vertex -13.3044 -3.80188 2.5
      vertex -14.4938 -0.996857 2.5
    endloop
  endfacet
  facet normal -0 0 1
    outer loop
      vertex -15.2631 -1.80095 2.5
      vertex -13.3044 -3.80188 2.5
      vertex -14.8374 -1.44406 2.5
    endloop
  endfacet
  facet normal -0 0 1
    outer loop
      vertex -15.7549 -2.05588 2.5
      vertex -13.3044 -3.80188 2.5
      vertex -15.2631 -1.80095 2.5
    endloop
  endfacet
  facet normal -0 0 1
    outer loop
      vertex -16.3128 -2.20883 2.5
      vertex -13.3044 -3.80188 2.5
      vertex -15.7549 -2.05588 2.5
    endloop
  endfacet
  facet normal -0 0 1
    outer loop
      vertex -16.9368 -2.25981 2.5
      vertex -13.3044 -3.80188 2.5
      vertex -16.3128 -2.20883 2.5
    endloop
  endfacet
  facet normal 0 0 1
    outer loop
      vertex -17.568 -2.20909 2.5
      vertex -13.3044 -3.80188 2.5
      vertex -16.9368 -2.25981 2.5
    endloop
  endfacet
  facet normal 0 0 1
    outer loop
      vertex -24 -12.5 2.5
      vertex -17.568 -2.20909 2.5
      vertex -18.131 -2.0569 2.5
    endloop
  endfacet
  facet normal 0 0 1
    outer loop
      vertex -19.8209 1.22502 2.5
      vertex -25 11.5 2.5
      vertex -19.8379 0.787628 2.5
    endloop
  endfacet
  facet normal 0 0 1
    outer loop
      vertex -25 -11.5 2.5
      vertex -19.8379 0.787628 2.5
      vertex -25 11.5 2.5
    endloop
  endfacet
  facet normal 0 0 1
    outer loop
      vertex -1.30791 -2.15811 2.5
      vertex -24 -12.5 2.5
      vertex 24 -12.5 2.5
    endloop
  endfacet
  facet normal 0 0 1
    outer loop
      vertex -17.568 -2.20909 2.5
      vertex -24 -12.5 2.5
      vertex -13.3044 -3.80188 2.5
    endloop
  endfacet
  facet normal 0 0 1
    outer loop
      vertex -25 -11.5 2.5
      vertex -18.131 -2.0569 2.5
      vertex -18.6259 -1.80325 2.5
    endloop
  endfacet
  facet normal 0 0 1
    outer loop
      vertex -25 -11.5 2.5
      vertex -18.6259 -1.80325 2.5
      vertex -19.0526 -1.44814 2.5
    endloop
  endfacet
  facet normal 0 0 1
    outer loop
      vertex -25 -11.5 2.5
      vertex -19.0526 -1.44814 2.5
      vertex -19.3962 -1.004 2.5
    endloop
  endfacet
  facet normal 0 0 1
    outer loop
      vertex -25 -11.5 2.5
      vertex -19.3962 -1.004 2.5
      vertex -19.6416 -0.483322 2.5
    endloop
  endfacet
  facet normal 0 0 1
    outer loop
      vertex -19.8379 0.787628 2.5
      vertex -25 -11.5 2.5
      vertex -19.7888 0.113876 2.5
    endloop
  endfacet
  facet normal 0 0 1
    outer loop
      vertex -25 11.5 2.5
      vertex -24 12.5 2.5
      vertex -24.1951 12.4808 2.5
    endloop
  endfacet
  facet normal 0 0 1
    outer loop
      vertex -19.7888 0.113876 2.5
      vertex -25 -11.5 2.5
      vertex -19.6416 -0.483322 2.5
    endloop
  endfacet
  facet normal 0 0 1
    outer loop
      vertex -25 11.5 2.5
      vertex -24.1951 12.4808 2.5
      vertex -24.3827 12.4239 2.5
    endloop
  endfacet
  facet normal 0 0 1
    outer loop
      vertex -18.131 -2.0569 2.5
      vertex -25 -11.5 2.5
      vertex -24 -12.5 2.5
    endloop
  endfacet
  facet normal 0 0 1
    outer loop
      vertex -25 11.5 2.5
      vertex -24.3827 12.4239 2.5
      vertex -24.5556 12.3315 2.5
    endloop
  endfacet
  facet normal 0 0 1
    outer loop
      vertex -24 -12.5 2.5
      vertex -25 -11.5 2.5
      vertex -24.1951 -12.4808 2.5
    endloop
  endfacet
  facet normal 0 0 1
    outer loop
      vertex -25 11.5 2.5
      vertex -24.5556 12.3315 2.5
      vertex -24.7071 12.2071 2.5
    endloop
  endfacet
  facet normal 0 0 1
    outer loop
      vertex -24.1951 -12.4808 2.5
      vertex -25 -11.5 2.5
      vertex -24.3827 -12.4239 2.5
    endloop
  endfacet
  facet normal 0 0 1
    outer loop
      vertex -25 11.5 2.5
      vertex -24.7071 12.2071 2.5
      vertex -24.8315 12.0556 2.5
    endloop
  endfacet
  facet normal 0 0 1
    outer loop
      vertex -24.3827 -12.4239 2.5
      vertex -25 -11.5 2.5
      vertex -24.5556 -12.3315 2.5
    endloop
  endfacet
  facet normal 0 0 1
    outer loop
      vertex -25 11.5 2.5
      vertex -24.8315 12.0556 2.5
      vertex -24.9239 11.8827 2.5
    endloop
  endfacet
  facet normal 0 0 1
    outer loop
      vertex -24.5556 -12.3315 2.5
      vertex -25 -11.5 2.5
      vertex -24.7071 -12.2071 2.5
    endloop
  endfacet
  facet normal 0 0 1
    outer loop
      vertex -25 11.5 2.5
      vertex -24.9239 11.8827 2.5
      vertex -24.9808 11.6951 2.5
    endloop
  endfacet
  facet normal 0 0 1
    outer loop
      vertex -24.7071 -12.2071 2.5
      vertex -25 -11.5 2.5
      vertex -24.8315 -12.0556 2.5
    endloop
  endfacet
  facet normal 0 0 1
    outer loop
      vertex -24.8315 -12.0556 2.5
      vertex -25 -11.5 2.5
      vertex -24.9239 -11.8827 2.5
    endloop
  endfacet
  facet normal 0 0 1
    outer loop
      vertex -24.9239 -11.8827 2.5
      vertex -25 -11.5 2.5
      vertex -24.9808 -11.6951 2.5
    endloop
  endfacet
  facet normal 0 0 1
    outer loop
      vertex 6.6613 2.34595 2.5
      vertex 6.64349 0.545578 2.5
      vertex 6.73924 0.173798 2.5
    endloop
  endfacet
  facet normal 0 0 1
    outer loop
      vertex 6.6613 2.34595 2.5
      vertex 6.48391 0.877686 2.5
      vertex 6.64349 0.545578 2.5
    endloop
  endfacet
  facet normal 0 0 1
    outer loop
      vertex 6.6613 2.34595 2.5
      vertex 6.26049 1.17012 2.5
      vertex 6.48391 0.877686 2.5
    endloop
  endfacet
  facet normal 0 0 1
    outer loop
      vertex 6.6613 2.34595 2.5
      vertex 5.99235 1.40866 2.5
      vertex 6.26049 1.17012 2.5
    endloop
  endfacet
  facet normal 0 0 1
    outer loop
      vertex 6.6613 2.34595 2.5
      vertex 5.69853 1.57904 2.5
      vertex 5.99235 1.40866 2.5
    endloop
  endfacet
  facet normal -0 0 1
    outer loop
      vertex 5.55459 2.22391 2.5
      vertex 5.69853 1.57904 2.5
      vertex 6.6613 2.34595 2.5
    endloop
  endfacet
  facet normal 0 0 1
    outer loop
      vertex 5.03379 1.71535 2.5
      vertex 5.52612 2.38359 2.5
      vertex 5.48137 2.5209 2.5
    endloop
  endfacet
  facet normal 0 0 1
    outer loop
      vertex 5.52612 2.38359 2.5
      vertex 5.03379 1.71535 2.5
      vertex 5.55459 2.22391 2.5
    endloop
  endfacet
  facet normal 0 0 1
    outer loop
      vertex 5.03379 1.71535 2.5
      vertex 5.48137 2.5209 2.5
      vertex 5.42035 2.63583 2.5
    endloop
  endfacet
  facet normal 0 0 1
    outer loop
      vertex 5.55459 2.22391 2.5
      vertex 5.37901 1.68127 2.5
      vertex 5.69853 1.57904 2.5
    endloop
  endfacet
  facet normal 0 0 1
    outer loop
      vertex 5.25123 2.79961 2.5
      vertex 5.42035 2.63583 2.5
      vertex 5.34304 2.72839 2.5
    endloop
  endfacet
  facet normal 0 0 1
    outer loop
      vertex 5.14672 2.85048 2.5
      vertex 5.42035 2.63583 2.5
      vertex 5.25123 2.79961 2.5
    endloop
  endfacet
  facet normal 0 0 1
    outer loop
      vertex 5.42035 2.63583 2.5
      vertex 5.14672 2.85048 2.5
      vertex 5.03379 1.71535 2.5
    endloop
  endfacet
  facet normal 0 0 1
    outer loop
      vertex 5.55459 2.22391 2.5
      vertex 5.03379 1.71535 2.5
      vertex 5.37901 1.68127 2.5
    endloop
  endfacet
  facet normal 0 0 1
    outer loop
      vertex 5.02948 2.881 2.5
      vertex 5.03379 1.71535 2.5
      vertex 5.14672 2.85048 2.5
    endloop
  endfacet
  facet normal 0 0 1
    outer loop
      vertex 4.89952 2.89117 2.5
      vertex 5.03379 1.71535 2.5
      vertex 5.02948 2.881 2.5
    endloop
  endfacet
  facet normal -0 0 1
    outer loop
      vertex 4.72546 2.87082 2.5
      vertex 5.03379 1.71535 2.5
      vertex 4.89952 2.89117 2.5
    endloop
  endfacet
  facet normal -0 0 1
    outer loop
      vertex 4.56538 2.8098 2.5
      vertex 5.03379 1.71535 2.5
      vertex 4.72546 2.87082 2.5
    endloop
  endfacet
  facet normal -0 0 1
    outer loop
      vertex 4.41928 2.70807 2.5
      vertex 5.03379 1.71535 2.5
      vertex 4.56538 2.8098 2.5
    endloop
  endfacet
  facet normal 0 0 1
    outer loop
      vertex 5.03379 1.71535 2.5
      vertex 4.41928 2.70807 2.5
      vertex 4.7294 1.68381 2.5
    endloop
  endfacet
  facet normal -0 0 1
    outer loop
      vertex 4.28715 2.56567 2.5
      vertex 4.7294 1.68381 2.5
      vertex 4.41928 2.70807 2.5
    endloop
  endfacet
  facet normal -0 0 1
    outer loop
      vertex 4.17363 2.35893 2.5
      vertex 4.7294 1.68381 2.5
      vertex 4.28715 2.56567 2.5
    endloop
  endfacet
  facet normal -0 0 1
    outer loop
      vertex 4.08323 2.06421 2.5
      vertex 4.7294 1.68381 2.5
      vertex 4.17363 2.35893 2.5
    endloop
  endfacet
  facet normal 0 0 1
    outer loop
      vertex 4.7294 1.68381 2.5
      vertex 4.08323 2.06421 2.5
      vertex 4.45094 1.58922 2.5
    endloop
  endfacet
  facet normal -0 0 1
    outer loop
      vertex 4.01597 1.6815 2.5
      vertex 4.45094 1.58922 2.5
      vertex 4.08323 2.06421 2.5
    endloop
  endfacet
  facet normal 0 0 1
    outer loop
      vertex 4.45094 1.58922 2.5
      vertex 4.01597 1.6815 2.5
      vertex 4.19844 1.43155 2.5
    endloop
  endfacet
  facet normal 0 0 1
    outer loop
      vertex 4.19844 1.43155 2.5
      vertex 4.01597 1.6815 2.5
      vertex 3.97186 1.2108 2.5
    endloop
  endfacet
  facet normal 0 0 1
    outer loop
      vertex -18.5969 0.828308 2.5
      vertex -15.2972 0.84462 2.5
      vertex -15.3253 1.32472 2.5
    endloop
  endfacet
  facet normal 0 0 1
    outer loop
      vertex -18.5685 1.31059 2.5
      vertex -15.3253 1.32472 2.5
      vertex -15.4096 1.73972 2.5
    endloop
  endfacet
  facet normal 0 0 1
    outer loop
      vertex -15.2972 0.84462 2.5
      vertex -18.5969 0.828308 2.5
      vertex -15.326 0.358261 2.5
    endloop
  endfacet
  facet normal 0 0 1
    outer loop
      vertex -16.9409 2.87898 2.5
      vertex -15.4096 1.73972 2.5
      vertex -15.5501 2.08963 2.5
    endloop
  endfacet
  facet normal 0 -0 1
    outer loop
      vertex -18.5677 0.352402 2.5
      vertex -15.326 0.358261 2.5
      vertex -18.5969 0.828308 2.5
    endloop
  endfacet
  facet normal 0 0 1
    outer loop
      vertex -16.5871 2.84746 2.5
      vertex -15.5501 2.08963 2.5
      vertex -15.7468 2.37445 2.5
    endloop
  endfacet
  facet normal 0 0 1
    outer loop
      vertex -15.326 0.358261 2.5
      vertex -18.5677 0.352402 2.5
      vertex -15.4126 -0.0632324 2.5
    endloop
  endfacet
  facet normal 0 0 1
    outer loop
      vertex -16.5871 2.84746 2.5
      vertex -15.7468 2.37445 2.5
      vertex -15.99 2.59518 2.5
    endloop
  endfacet
  facet normal -0 -0 1
    outer loop
      vertex -18.48 -0.0622101 2.5
      vertex -15.4126 -0.0632324 2.5
      vertex -18.5677 0.352402 2.5
    endloop
  endfacet
  facet normal 0 0 1
    outer loop
      vertex -16.5871 2.84746 2.5
      vertex -15.99 2.59518 2.5
      vertex -16.2701 2.75285 2.5
    endloop
  endfacet
  facet normal 0 0 1
    outer loop
      vertex -15.4126 -0.0632324 2.5
      vertex -18.48 -0.0622101 2.5
      vertex -15.5569 -0.419891 2.5
    endloop
  endfacet
  facet normal 0 0 1
    outer loop
      vertex -15.5501 2.08963 2.5
      vertex -16.5871 2.84746 2.5
      vertex -16.9409 2.87898 2.5
    endloop
  endfacet
  facet normal 0 -0 1
    outer loop
      vertex -16.9409 -1.23045 2.5
      vertex -15.5569 -0.419891 2.5
      vertex -18.48 -0.0622101 2.5
    endloop
  endfacet
  facet normal 0 0 1
    outer loop
      vertex -15.4096 1.73972 2.5
      vertex -16.9409 2.87898 2.5
      vertex -18.483 1.72803 2.5
    endloop
  endfacet
  facet normal 0 0 1
    outer loop
      vertex -15.5569 -0.419891 2.5
      vertex -16.9409 -1.23045 2.5
      vertex -15.759 -0.7117 2.5
    endloop
  endfacet
  facet normal 0 0 1
    outer loop
      vertex -15.759 -0.7117 2.5
      vertex -16.9409 -1.23045 2.5
      vertex -16.006 -0.93866 2.5
    endloop
  endfacet
  facet normal 0 0 1
    outer loop
      vertex -18.483 1.72803 2.5
      vertex -16.9409 2.87898 2.5
      vertex -17.2952 2.84708 2.5
    endloop
  endfacet
  facet normal 0 0 1
    outer loop
      vertex -16.006 -0.93866 2.5
      vertex -16.597 -1.19803 2.5
      vertex -16.2854 -1.10077 2.5
    endloop
  endfacet
  facet normal 0 0 1
    outer loop
      vertex -18.3406 2.0806 2.5
      vertex -17.2952 2.84708 2.5
      vertex -17.6133 2.75133 2.5
    endloop
  endfacet
  facet normal 0 0 1
    outer loop
      vertex -16.006 -0.93866 2.5
      vertex -16.9409 -1.23045 2.5
      vertex -16.597 -1.19803 2.5
    endloop
  endfacet
  facet normal 0 0 1
    outer loop
      vertex -18.3406 2.0806 2.5
      vertex -17.6133 2.75133 2.5
      vertex -17.8953 2.59174 2.5
    endloop
  endfacet
  facet normal -0 -0 1
    outer loop
      vertex -18.3337 -0.415558 2.5
      vertex -16.9409 -1.23045 2.5
      vertex -18.48 -0.0622101 2.5
    endloop
  endfacet
  facet normal 0 0 1
    outer loop
      vertex -18.3406 2.0806 2.5
      vertex -17.8953 2.59174 2.5
      vertex -18.1412 2.36833 2.5
    endloop
  endfacet
  facet normal 0 0 1
    outer loop
      vertex -16.9409 -1.23045 2.5
      vertex -18.3337 -0.415558 2.5
      vertex -17.2853 -1.19778 2.5
    endloop
  endfacet
  facet normal 0 0 1
    outer loop
      vertex -17.2952 2.84708 2.5
      vertex -18.3406 2.0806 2.5
      vertex -18.483 1.72803 2.5
    endloop
  endfacet
  facet normal 0 0 1
    outer loop
      vertex -17.2853 -1.19778 2.5
      vertex -17.8793 -0.936356 2.5
      vertex -17.598 -1.09975 2.5
    endloop
  endfacet
  facet normal 0 0 1
    outer loop
      vertex -15.4096 1.73972 2.5
      vertex -18.483 1.72803 2.5
      vertex -18.5685 1.31059 2.5
    endloop
  endfacet
  facet normal 0 0 1
    outer loop
      vertex -17.2853 -1.19778 2.5
      vertex -18.129 -0.707611 2.5
      vertex -17.8793 -0.936356 2.5
    endloop
  endfacet
  facet normal 0 0 1
    outer loop
      vertex -15.3253 1.32472 2.5
      vertex -18.5685 1.31059 2.5
      vertex -18.5969 0.828308 2.5
    endloop
  endfacet
  facet normal 0 0 1
    outer loop
      vertex -17.2853 -1.19778 2.5
      vertex -18.3337 -0.415558 2.5
      vertex -18.129 -0.707611 2.5
    endloop
  endfacet
  facet normal -0 0 1
    outer loop
      vertex -12.1733 0.0756073 2.5
      vertex -10.2529 0.0186615 2.5
      vertex -10.2699 0.336517 2.5
    endloop
  endfacet
  facet normal 0 -0 1
    outer loop
      vertex -12.1553 -0.26474 2.5
      vertex -10.2529 0.0186615 2.5
      vertex -12.1733 0.0756073 2.5
    endloop
  endfacet
  facet normal -0 0 1
    outer loop
      vertex -12.156 0.37352 2.5
      vertex -10.2699 0.336517 2.5
      vertex -10.3211 0.610641 2.5
    endloop
  endfacet
  facet normal 0 0 1
    outer loop
      vertex -10.2529 0.0186615 2.5
      vertex -12.1553 -0.26474 2.5
      vertex -10.2694 -0.319931 2.5
    endloop
  endfacet
  facet normal -0 0 1
    outer loop
      vertex -12.1042 0.632523 2.5
      vertex -10.3211 0.610641 2.5
      vertex -10.4063 0.841034 2.5
    endloop
  endfacet
  facet normal 0 -0 1
    outer loop
      vertex -12.1011 -0.557556 2.5
      vertex -10.2694 -0.319931 2.5
      vertex -12.1553 -0.26474 2.5
    endloop
  endfacet
  facet normal -0 0 1
    outer loop
      vertex -12.0177 0.852615 2.5
      vertex -10.4063 0.841034 2.5
      vertex -10.5255 1.02769 2.5
    endloop
  endfacet
  facet normal 0 0 1
    outer loop
      vertex -10.2694 -0.319931 2.5
      vertex -12.1011 -0.557556 2.5
      vertex -10.319 -0.607422 2.5
    endloop
  endfacet
  facet normal -0 0 1
    outer loop
      vertex -11.8967 1.03381 2.5
      vertex -10.5255 1.02769 2.5
      vertex -10.67 1.17188 2.5
    endloop
  endfacet
  facet normal 0 -0 1
    outer loop
      vertex -12.0109 -0.802826 2.5
      vertex -10.319 -0.607422 2.5
      vertex -12.1011 -0.557556 2.5
    endloop
  endfacet
  facet normal 0 0 1
    outer loop
      vertex -11.2009 1.35727 2.5
      vertex -10.67 1.17188 2.5
      vertex -10.8307 1.27487 2.5
    endloop
  endfacet
  facet normal 0 -0 1
    outer loop
      vertex -11.8845 -1.00053 2.5
      vertex -10.319 -0.607422 2.5
      vertex -12.0109 -0.802826 2.5
    endloop
  endfacet
  facet normal 0 0 1
    outer loop
      vertex -11.2009 1.35727 2.5
      vertex -10.8307 1.27487 2.5
      vertex -11.0076 1.33667 2.5
    endloop
  endfacet
  facet normal 0 0 1
    outer loop
      vertex -10.319 -0.607422 2.5
      vertex -11.8845 -1.00053 2.5
      vertex -10.4017 -0.843781 2.5
    endloop
  endfacet
  facet normal 0 0 1
    outer loop
      vertex -10.67 1.17188 2.5
      vertex -11.2009 1.35727 2.5
      vertex -11.8967 1.03381 2.5
    endloop
  endfacet
  facet normal 0 -0 1
    outer loop
      vertex -11.7322 -1.15274 2.5
      vertex -10.4017 -0.843781 2.5
      vertex -11.8845 -1.00053 2.5
    endloop
  endfacet
  facet normal 0 0 1
    outer loop
      vertex -11.8967 1.03381 2.5
      vertex -11.2009 1.35727 2.5
      vertex -11.4016 1.33705 2.5
    endloop
  endfacet
  facet normal 0 0 1
    outer loop
      vertex -10.4017 -0.843781 2.5
      vertex -11.7322 -1.15274 2.5
      vertex -10.5174 -1.02904 2.5
    endloop
  endfacet
  facet normal 0 0 1
    outer loop
      vertex -11.7494 1.17532 2.5
      vertex -11.4016 1.33705 2.5
      vertex -11.5844 1.2764 2.5
    endloop
  endfacet
  facet normal 0 0 1
    outer loop
      vertex -10.5174 -1.02904 2.5
      vertex -11.7322 -1.15274 2.5
      vertex -10.658 -1.16876 2.5
    endloop
  endfacet
  facet normal 0 0 1
    outer loop
      vertex -11.8967 1.03381 2.5
      vertex -11.4016 1.33705 2.5
      vertex -11.7494 1.17532 2.5
    endloop
  endfacet
  facet normal 0 -0 1
    outer loop
      vertex -11.1806 -1.34842 2.5
      vertex -10.658 -1.16876 2.5
      vertex -11.7322 -1.15274 2.5
    endloop
  endfacet
  facet normal 0 0 1
    outer loop
      vertex -10.5255 1.02769 2.5
      vertex -11.8967 1.03381 2.5
      vertex -12.0177 0.852615 2.5
    endloop
  endfacet
  facet normal 0 0 1
    outer loop
      vertex -10.658 -1.16876 2.5
      vertex -11.1806 -1.34842 2.5
      vertex -10.8154 -1.26857 2.5
    endloop
  endfacet
  facet normal 0 0 1
    outer loop
      vertex -10.4063 0.841034 2.5
      vertex -12.0177 0.852615 2.5
      vertex -12.1042 0.632523 2.5
    endloop
  endfacet
  facet normal 0 0 1
    outer loop
      vertex -11.3802 -1.32668 2.5
      vertex -11.7322 -1.15274 2.5
      vertex -11.5641 -1.26144 2.5
    endloop
  endfacet
  facet normal 0 0 1
    outer loop
      vertex -10.3211 0.610641 2.5
      vertex -12.1042 0.632523 2.5
      vertex -12.156 0.37352 2.5
    endloop
  endfacet
  facet normal 0 0 1
    outer loop
      vertex -11.1806 -1.34842 2.5
      vertex -11.7322 -1.15274 2.5
      vertex -11.3802 -1.32668 2.5
    endloop
  endfacet
  facet normal 0 0 1
    outer loop
      vertex -10.2699 0.336517 2.5
      vertex -12.156 0.37352 2.5
      vertex -12.1733 0.0756073 2.5
    endloop
  endfacet
  facet normal 0 0 1
    outer loop
      vertex -10.8154 -1.26857 2.5
      vertex -11.1806 -1.34842 2.5
      vertex -10.9896 -1.32846 2.5
    endloop
  endfacet
  facet normal -0 0 1
    outer loop
      vertex 0.189922 1.19337 2.5
      vertex 1.21064 1.14978 2.5
      vertex 1.20314 1.33669 2.5
    endloop
  endfacet
  facet normal -0 0 1
    outer loop
      vertex 0.215862 1.39339 2.5
      vertex 1.20314 1.33669 2.5
      vertex 1.18063 1.49866 2.5
    endloop
  endfacet
  facet normal 0 0 1
    outer loop
      vertex 1.21064 1.14978 2.5
      vertex 0.189922 1.19337 2.5
      vertex 1.20251 0.924728 2.5
    endloop
  endfacet
  facet normal -0 0 1
    outer loop
      vertex 0.259075 1.56262 2.5
      vertex 1.18063 1.49866 2.5
      vertex 1.14311 1.63573 2.5
    endloop
  endfacet
  facet normal -0 0 1
    outer loop
      vertex 0.181286 0.962585 2.5
      vertex 1.20251 0.924728 2.5
      vertex 0.189922 1.19337 2.5
    endloop
  endfacet
  facet normal 0 0 1
    outer loop
      vertex 0.397152 1.80878 2.5
      vertex 1.14311 1.63573 2.5
      vertex 1.09059 1.74786 2.5
    endloop
  endfacet
  facet normal 0 0 1
    outer loop
      vertex 1.20251 0.924728 2.5
      vertex 0.181286 0.962585 2.5
      vertex 1.1781 0.729675 2.5
    endloop
  endfacet
  facet normal 0 0 1
    outer loop
      vertex 0.843044 1.93478 2.5
      vertex 1.09059 1.74786 2.5
      vertex 1.02308 1.8351 2.5
    endloop
  endfacet
  facet normal -0 -0 1
    outer loop
      vertex 0.189159 0.781403 2.5
      vertex 1.1781 0.729675 2.5
      vertex 0.181286 0.962585 2.5
    endloop
  endfacet
  facet normal 0 0 1
    outer loop
      vertex 0.843044 1.93478 2.5
      vertex 1.02308 1.8351 2.5
      vertex 0.940563 1.8974 2.5
    endloop
  endfacet
  facet normal 0 -0 1
    outer loop
      vertex 0.212811 0.62439 2.5
      vertex 1.1781 0.729675 2.5
      vertex 0.189159 0.781403 2.5
    endloop
  endfacet
  facet normal 0 0 1
    outer loop
      vertex 1.09059 1.74786 2.5
      vertex 0.843044 1.93478 2.5
      vertex 0.730526 1.94725 2.5
    endloop
  endfacet
  facet normal 0 0 1
    outer loop
      vertex 1.1781 0.729675 2.5
      vertex 0.212811 0.62439 2.5
      vertex 1.1374 0.564636 2.5
    endloop
  endfacet
  facet normal -0 0 1
    outer loop
      vertex 0.397152 1.80878 2.5
      vertex 1.09059 1.74786 2.5
      vertex 0.730526 1.94725 2.5
    endloop
  endfacet
  facet normal 0 -0 1
    outer loop
      vertex 0.252224 0.491516 2.5
      vertex 1.1374 0.564636 2.5
      vertex 0.212811 0.62439 2.5
    endloop
  endfacet
  facet normal 0 0 1
    outer loop
      vertex 0.397152 1.80878 2.5
      vertex 0.730526 1.94725 2.5
      vertex 0.602627 1.93185 2.5
    endloop
  endfacet
  facet normal 0 0 1
    outer loop
      vertex 1.1374 0.564636 2.5
      vertex 0.252224 0.491516 2.5
      vertex 1.08044 0.429611 2.5
    endloop
  endfacet
  facet normal 0 0 1
    outer loop
      vertex 0.397152 1.80878 2.5
      vertex 0.602627 1.93185 2.5
      vertex 0.491497 1.8857 2.5
    endloop
  endfacet
  facet normal 0 -0 1
    outer loop
      vertex 0.685818 0.189545 2.5
      vertex 1.08044 0.429611 2.5
      vertex 0.252224 0.491516 2.5
    endloop
  endfacet
  facet normal 0 0 1
    outer loop
      vertex 1.14311 1.63573 2.5
      vertex 0.397152 1.80878 2.5
      vertex 0.319576 1.70107 2.5
    endloop
  endfacet
  facet normal 0 0 1
    outer loop
      vertex 1.08044 0.429611 2.5
      vertex 0.685818 0.189545 2.5
      vertex 1.00695 0.324585 2.5
    endloop
  endfacet
  facet normal 0 0 1
    outer loop
      vertex 1.14311 1.63573 2.5
      vertex 0.319576 1.70107 2.5
      vertex 0.259075 1.56262 2.5
    endloop
  endfacet
  facet normal 0 -0 1
    outer loop
      vertex 0.809643 0.204544 2.5
      vertex 1.00695 0.324585 2.5
      vertex 0.685818 0.189545 2.5
    endloop
  endfacet
  facet normal 0 0 1
    outer loop
      vertex 1.18063 1.49866 2.5
      vertex 0.259075 1.56262 2.5
      vertex 0.215862 1.39339 2.5
    endloop
  endfacet
  facet normal 0 0 1
    outer loop
      vertex 1.00695 0.324585 2.5
      vertex 0.809643 0.204544 2.5
      vertex 0.916683 0.249557 2.5
    endloop
  endfacet
  facet normal 0 0 1
    outer loop
      vertex 1.20314 1.33669 2.5
      vertex 0.215862 1.39339 2.5
      vertex 0.189922 1.19337 2.5
    endloop
  endfacet
  facet normal -0 -0 1
    outer loop
      vertex 0.3074 0.382812 2.5
      vertex 0.685818 0.189545 2.5
      vertex 0.252224 0.491516 2.5
    endloop
  endfacet
  facet normal 0 0 1
    outer loop
      vertex 0.685818 0.189545 2.5
      vertex 0.3074 0.382812 2.5
      vertex 0.567562 0.20163 2.5
    endloop
  endfacet
  facet normal 0 0 1
    outer loop
      vertex 0.567562 0.20163 2.5
      vertex 0.3074 0.382812 2.5
      vertex 0.465069 0.237869 2.5
    endloop
  endfacet
  facet normal 0 0 1
    outer loop
      vertex 0.465069 0.237869 2.5
      vertex 0.3074 0.382812 2.5
      vertex 0.378353 0.298264 2.5
    endloop
  endfacet
  facet normal -0 0 1
    outer loop
      vertex 4.06955 -0.148178 2.5
      vertex 5.65228 -0.249878 2.5
      vertex 5.63804 0.0215607 2.5
    endloop
  endfacet
  facet normal 0 0 1
    outer loop
      vertex 5.65228 -0.249878 2.5
      vertex 4.08555 -0.41098 2.5
      vertex 5.63905 -0.512817 2.5
    endloop
  endfacet
  facet normal -0 0 1
    outer loop
      vertex 4.08378 0.0886841 2.5
      vertex 5.63804 0.0215607 2.5
      vertex 5.5953 0.254105 2.5
    endloop
  endfacet
  facet normal 0 -0 1
    outer loop
      vertex 4.13362 -0.642014 2.5
      vertex 5.63905 -0.512817 2.5
      vertex 4.08555 -0.41098 2.5
    endloop
  endfacet
  facet normal -0 0 1
    outer loop
      vertex 4.12649 0.2948 2.5
      vertex 5.5953 0.254105 2.5
      vertex 5.52409 0.447739 2.5
    endloop
  endfacet
  facet normal 0 -0 1
    outer loop
      vertex 4.21371 -0.841248 2.5
      vertex 5.63905 -0.512817 2.5
      vertex 4.13362 -0.642014 2.5
    endloop
  endfacet
  facet normal -0 0 1
    outer loop
      vertex 4.19769 0.470139 2.5
      vertex 5.52409 0.447739 2.5
      vertex 5.4244 0.602463 2.5
    endloop
  endfacet
  facet normal 0 0 1
    outer loop
      vertex 5.63905 -0.512817 2.5
      vertex 4.21371 -0.841248 2.5
      vertex 5.59938 -0.736099 2.5
    endloop
  endfacet
  facet normal -0 0 1
    outer loop
      vertex 4.29736 0.6147 2.5
      vertex 5.4244 0.602463 2.5
      vertex 5.30336 0.720856 2.5
    endloop
  endfacet
  facet normal 0 -0 1
    outer loop
      vertex 4.32586 -1.0087 2.5
      vertex 5.59938 -0.736099 2.5
      vertex 4.21371 -0.841248 2.5
    endloop
  endfacet
  facet normal 0 0 1
    outer loop
      vertex 5.01855 0.856155 2.5
      vertex 5.30336 0.720856 2.5
      vertex 5.16807 0.80542 2.5
    endloop
  endfacet
  facet normal 0 -0 1
    outer loop
      vertex 4.4586 -1.14131 2.5
      vertex 5.59938 -0.736099 2.5
      vertex 4.32586 -1.0087 2.5
    endloop
  endfacet
  facet normal 0 0 1
    outer loop
      vertex 4.85476 0.873062 2.5
      vertex 5.30336 0.720856 2.5
      vertex 5.01855 0.856155 2.5
    endloop
  endfacet
  facet normal 0 0 1
    outer loop
      vertex 5.59938 -0.736099 2.5
      vertex 4.4586 -1.14131 2.5
      vertex 5.53325 -0.919708 2.5
    endloop
  endfacet
  facet normal 0 0 1
    outer loop
      vertex 4.29736 0.6147 2.5
      vertex 5.30336 0.720856 2.5
      vertex 4.85476 0.873062 2.5
    endloop
  endfacet
  facet normal 0 0 1
    outer loop
      vertex 5.53325 -0.919708 2.5
      vertex 4.4586 -1.14131 2.5
      vertex 5.44065 -1.06366 2.5
    endloop
  endfacet
  facet normal 0 0 1
    outer loop
      vertex 4.41764 0.727737 2.5
      vertex 4.85476 0.873062 2.5
      vertex 4.69635 0.856918 2.5
    endloop
  endfacet
  facet normal 0 0 1
    outer loop
      vertex 5.44065 -1.06366 2.5
      vertex 4.4586 -1.14131 2.5
      vertex 5.32827 -1.17223 2.5
    endloop
  endfacet
  facet normal 0 0 1
    outer loop
      vertex 4.41764 0.727737 2.5
      vertex 4.69635 0.856918 2.5
      vertex 4.55066 0.808472 2.5
    endloop
  endfacet
  facet normal 0 0 1
    outer loop
      vertex 5.65228 -0.249878 2.5
      vertex 4.06955 -0.148178 2.5
      vertex 4.08555 -0.41098 2.5
    endloop
  endfacet
  facet normal 0 0 1
    outer loop
      vertex 4.85476 0.873062 2.5
      vertex 4.41764 0.727737 2.5
      vertex 4.29736 0.6147 2.5
    endloop
  endfacet
  facet normal 0 -0 1
    outer loop
      vertex 4.91175 -1.31181 2.5
      vertex 5.32827 -1.17223 2.5
      vertex 4.4586 -1.14131 2.5
    endloop
  endfacet
  facet normal 0 0 1
    outer loop
      vertex 5.4244 0.602463 2.5
      vertex 4.29736 0.6147 2.5
      vertex 4.19769 0.470139 2.5
    endloop
  endfacet
  facet normal 0 0 1
    outer loop
      vertex 5.32827 -1.17223 2.5
      vertex 5.06382 -1.29631 2.5
      vertex 5.20265 -1.24977 2.5
    endloop
  endfacet
  facet normal 0 0 1
    outer loop
      vertex 5.52409 0.447739 2.5
      vertex 4.19769 0.470139 2.5
      vertex 4.12649 0.2948 2.5
    endloop
  endfacet
  facet normal -0 -0 1
    outer loop
      vertex 4.60049 -1.23604 2.5
      vertex 4.91175 -1.31181 2.5
      vertex 4.4586 -1.14131 2.5
    endloop
  endfacet
  facet normal 0 0 1
    outer loop
      vertex 5.5953 0.254105 2.5
      vertex 4.12649 0.2948 2.5
      vertex 4.08378 0.0886841 2.5
    endloop
  endfacet
  facet normal 0 0 1
    outer loop
      vertex 5.32827 -1.17223 2.5
      vertex 4.91175 -1.31181 2.5
      vertex 5.06382 -1.29631 2.5
    endloop
  endfacet
  facet normal 0 0 1
    outer loop
      vertex 5.63804 0.0215607 2.5
      vertex 4.08378 0.0886841 2.5
      vertex 4.06955 -0.148178 2.5
    endloop
  endfacet
  facet normal 0 0 1
    outer loop
      vertex 4.91175 -1.31181 2.5
      vertex 4.60049 -1.23604 2.5
      vertex 4.75155 -1.29288 2.5
    endloop
  endfacet
  facet normal 0 -1 0
    outer loop
      vertex -24 -12.5 -2.5
      vertex 24 -12.5 2.5
      vertex -24 -12.5 2.5
    endloop
  endfacet
  facet normal 0 -1 -0
    outer loop
      vertex 24 -12.5 2.5
      vertex -24 -12.5 -2.5
      vertex 24 -12.5 -2.5
    endloop
  endfacet
  facet normal -0.881957 0.471329 0
    outer loop
      vertex -24.9239 11.8827 -2.5
      vertex -24.8315 12.0556 2.5
      vertex -24.8315 12.0556 -2.5
    endloop
  endfacet
  facet normal -0.881957 0.471329 0
    outer loop
      vertex -24.8315 12.0556 2.5
      vertex -24.9239 11.8827 -2.5
      vertex -24.9239 11.8827 2.5
    endloop
  endfacet
  facet normal -1 0 0
    outer loop
      vertex -25 -11.5 -2.5
      vertex -25 11.5 2.5
      vertex -25 11.5 -2.5
    endloop
  endfacet
  facet normal -1 -0 0
    outer loop
      vertex -25 11.5 2.5
      vertex -25 -11.5 -2.5
      vertex -25 -11.5 2.5
    endloop
  endfacet
  facet normal 0.881957 0.471329 0
    outer loop
      vertex 24.9239 11.8827 2.5
      vertex 24.8315 12.0556 -2.5
      vertex 24.8315 12.0556 2.5
    endloop
  endfacet
  facet normal 0.881957 0.471329 0
    outer loop
      vertex 24.8315 12.0556 -2.5
      vertex 24.9239 11.8827 2.5
      vertex 24.9239 11.8827 -2.5
    endloop
  endfacet
  facet normal -0.097938 -0.995193 0
    outer loop
      vertex -24.1951 -12.4808 -2.5
      vertex -24 -12.5 2.5
      vertex -24.1951 -12.4808 2.5
    endloop
  endfacet
  facet normal -0.097938 -0.995193 -0
    outer loop
      vertex -24 -12.5 2.5
      vertex -24.1951 -12.4808 -2.5
      vertex -24 -12.5 -2.5
    endloop
  endfacet
  facet normal 0.290248 -0.956951 0
    outer loop
      vertex 24.1951 -12.4808 -2.5
      vertex 24.3827 -12.4239 2.5
      vertex 24.1951 -12.4808 2.5
    endloop
  endfacet
  facet normal 0.290248 -0.956951 0
    outer loop
      vertex 24.3827 -12.4239 2.5
      vertex 24.1951 -12.4808 -2.5
      vertex 24.3827 -12.4239 -2.5
    endloop
  endfacet
  facet normal 0.097938 -0.995193 0
    outer loop
      vertex 24 -12.5 -2.5
      vertex 24.1951 -12.4808 2.5
      vertex 24 -12.5 2.5
    endloop
  endfacet
  facet normal 0.097938 -0.995193 0
    outer loop
      vertex 24.1951 -12.4808 2.5
      vertex 24 -12.5 -2.5
      vertex 24.1951 -12.4808 -2.5
    endloop
  endfacet
  facet normal -0.097938 0.995193 0
    outer loop
      vertex -24 12.5 -2.5
      vertex -24.1951 12.4808 2.5
      vertex -24 12.5 2.5
    endloop
  endfacet
  facet normal -0.097938 0.995193 0
    outer loop
      vertex -24.1951 12.4808 2.5
      vertex -24 12.5 -2.5
      vertex -24.1951 12.4808 -2.5
    endloop
  endfacet
  facet normal 0.995193 0.097938 0
    outer loop
      vertex 25 11.5 2.5
      vertex 24.9808 11.6951 -2.5
      vertex 24.9808 11.6951 2.5
    endloop
  endfacet
  facet normal 0.995193 0.097938 0
    outer loop
      vertex 24.9808 11.6951 -2.5
      vertex 25 11.5 2.5
      vertex 25 11.5 -2.5
    endloop
  endfacet
  facet normal -0.290248 0.956951 0
    outer loop
      vertex -24.1951 12.4808 -2.5
      vertex -24.3827 12.4239 2.5
      vertex -24.1951 12.4808 2.5
    endloop
  endfacet
  facet normal -0.290248 0.956951 0
    outer loop
      vertex -24.3827 12.4239 2.5
      vertex -24.1951 12.4808 -2.5
      vertex -24.3827 12.4239 -2.5
    endloop
  endfacet
  facet normal 1 -0 0
    outer loop
      vertex 25 -11.5 2.5
      vertex 25 11.5 -2.5
      vertex 25 11.5 2.5
    endloop
  endfacet
  facet normal 1 0 0
    outer loop
      vertex 25 11.5 -2.5
      vertex 25 -11.5 2.5
      vertex 25 -11.5 -2.5
    endloop
  endfacet
  facet normal 0.772842 0.634598 0
    outer loop
      vertex 24.8315 12.0556 2.5
      vertex 24.7071 12.2071 -2.5
      vertex 24.7071 12.2071 2.5
    endloop
  endfacet
  facet normal 0.772842 0.634598 0
    outer loop
      vertex 24.7071 12.2071 -2.5
      vertex 24.8315 12.0556 2.5
      vertex 24.8315 12.0556 -2.5
    endloop
  endfacet
  facet normal 0.772842 -0.634598 0
    outer loop
      vertex 24.7071 -12.2071 2.5
      vertex 24.8315 -12.0556 -2.5
      vertex 24.8315 -12.0556 2.5
    endloop
  endfacet
  facet normal 0.772842 -0.634598 0
    outer loop
      vertex 24.8315 -12.0556 -2.5
      vertex 24.7071 -12.2071 2.5
      vertex 24.7071 -12.2071 -2.5
    endloop
  endfacet
  facet normal -0.471329 -0.881957 0
    outer loop
      vertex -24.5556 -12.3315 -2.5
      vertex -24.3827 -12.4239 2.5
      vertex -24.5556 -12.3315 2.5
    endloop
  endfacet
  facet normal -0.471329 -0.881957 -0
    outer loop
      vertex -24.3827 -12.4239 2.5
      vertex -24.5556 -12.3315 -2.5
      vertex -24.3827 -12.4239 -2.5
    endloop
  endfacet
  facet normal -0.881957 -0.471329 0
    outer loop
      vertex -24.8315 -12.0556 -2.5
      vertex -24.9239 -11.8827 2.5
      vertex -24.9239 -11.8827 -2.5
    endloop
  endfacet
  facet normal -0.881957 -0.471329 0
    outer loop
      vertex -24.9239 -11.8827 2.5
      vertex -24.8315 -12.0556 -2.5
      vertex -24.8315 -12.0556 2.5
    endloop
  endfacet
  facet normal -0.471329 0.881957 0
    outer loop
      vertex -24.3827 12.4239 -2.5
      vertex -24.5556 12.3315 2.5
      vertex -24.3827 12.4239 2.5
    endloop
  endfacet
  facet normal -0.471329 0.881957 0
    outer loop
      vertex -24.5556 12.3315 2.5
      vertex -24.3827 12.4239 -2.5
      vertex -24.5556 12.3315 -2.5
    endloop
  endfacet
  facet normal -0.956951 0.290248 0
    outer loop
      vertex -24.9808 11.6951 -2.5
      vertex -24.9239 11.8827 2.5
      vertex -24.9239 11.8827 -2.5
    endloop
  endfacet
  facet normal -0.956951 0.290248 0
    outer loop
      vertex -24.9239 11.8827 2.5
      vertex -24.9808 11.6951 -2.5
      vertex -24.9808 11.6951 2.5
    endloop
  endfacet
  facet normal -0.995193 0.097938 0
    outer loop
      vertex -25 11.5 -2.5
      vertex -24.9808 11.6951 2.5
      vertex -24.9808 11.6951 -2.5
    endloop
  endfacet
  facet normal -0.995193 0.097938 0
    outer loop
      vertex -24.9808 11.6951 2.5
      vertex -25 11.5 -2.5
      vertex -25 11.5 2.5
    endloop
  endfacet
  facet normal 0.471329 -0.881957 0
    outer loop
      vertex 24.3827 -12.4239 -2.5
      vertex 24.5556 -12.3315 2.5
      vertex 24.3827 -12.4239 2.5
    endloop
  endfacet
  facet normal 0.471329 -0.881957 0
    outer loop
      vertex 24.5556 -12.3315 2.5
      vertex 24.3827 -12.4239 -2.5
      vertex 24.5556 -12.3315 -2.5
    endloop
  endfacet
  facet normal 0.634598 -0.772842 0
    outer loop
      vertex 24.5556 -12.3315 -2.5
      vertex 24.7071 -12.2071 2.5
      vertex 24.5556 -12.3315 2.5
    endloop
  endfacet
  facet normal 0.634598 -0.772842 0
    outer loop
      vertex 24.7071 -12.2071 2.5
      vertex 24.5556 -12.3315 -2.5
      vertex 24.7071 -12.2071 -2.5
    endloop
  endfacet
  facet normal -0.995193 -0.097938 0
    outer loop
      vertex -24.9808 -11.6951 -2.5
      vertex -25 -11.5 2.5
      vertex -25 -11.5 -2.5
    endloop
  endfacet
  facet normal -0.995193 -0.097938 0
    outer loop
      vertex -25 -11.5 2.5
      vertex -24.9808 -11.6951 -2.5
      vertex -24.9808 -11.6951 2.5
    endloop
  endfacet
  facet normal 0.290248 0.956951 -0
    outer loop
      vertex 24.3827 12.4239 -2.5
      vertex 24.1951 12.4808 2.5
      vertex 24.3827 12.4239 2.5
    endloop
  endfacet
  facet normal 0.290248 0.956951 0
    outer loop
      vertex 24.1951 12.4808 2.5
      vertex 24.3827 12.4239 -2.5
      vertex 24.1951 12.4808 -2.5
    endloop
  endfacet
  facet normal -0.956951 -0.290248 0
    outer loop
      vertex -24.9239 -11.8827 -2.5
      vertex -24.9808 -11.6951 2.5
      vertex -24.9808 -11.6951 -2.5
    endloop
  endfacet
  facet normal -0.956951 -0.290248 0
    outer loop
      vertex -24.9808 -11.6951 2.5
      vertex -24.9239 -11.8827 -2.5
      vertex -24.9239 -11.8827 2.5
    endloop
  endfacet
  facet normal 0.471329 0.881957 -0
    outer loop
      vertex 24.5556 12.3315 -2.5
      vertex 24.3827 12.4239 2.5
      vertex 24.5556 12.3315 2.5
    endloop
  endfacet
  facet normal 0.471329 0.881957 0
    outer loop
      vertex 24.3827 12.4239 2.5
      vertex 24.5556 12.3315 -2.5
      vertex 24.3827 12.4239 -2.5
    endloop
  endfacet
  facet normal 0.956951 0.290248 0
    outer loop
      vertex 24.9808 11.6951 2.5
      vertex 24.9239 11.8827 -2.5
      vertex 24.9239 11.8827 2.5
    endloop
  endfacet
  facet normal 0.956951 0.290248 0
    outer loop
      vertex 24.9239 11.8827 -2.5
      vertex 24.9808 11.6951 2.5
      vertex 24.9808 11.6951 -2.5
    endloop
  endfacet
  facet normal -0 0 -1
    outer loop
      vertex 4.3 0 -2.5
      vertex 2.641 -0.561361 -2.5
      vertex 2.7 0 -2.5
    endloop
  endfacet
  facet normal 0 0 -1
    outer loop
      vertex 1.80665 -2.00649 -2.5
      vertex 5.19762 -2.76259 -2.5
      vertex 2.14122 -5.12194 -2.5
    endloop
  endfacet
  facet normal 0 0 -1
    outer loop
      vertex 4.70634 -1.91166 -2.5
      vertex 2.46657 -1.09819 -2.5
      vertex 2.641 -0.561361 -2.5
    endloop
  endfacet
  facet normal 0 0 -1
    outer loop
      vertex 4.70634 -1.91166 -2.5
      vertex 2.18435 -1.58702 -2.5
      vertex 2.46657 -1.09819 -2.5
    endloop
  endfacet
  facet normal 0 0 -1
    outer loop
      vertex 5.19762 -2.76259 -2.5
      vertex 1.80665 -2.00649 -2.5
      vertex 4.70634 -1.91166 -2.5
    endloop
  endfacet
  facet normal -0 0 -1
    outer loop
      vertex 4.70634 -1.91166 -2.5
      vertex 1.80665 -2.00649 -2.5
      vertex 2.18435 -1.58702 -2.5
    endloop
  endfacet
  facet normal 0 0 -1
    outer loop
      vertex 1.6 -4.72872 -2.5
      vertex 1.80665 -2.00649 -2.5
      vertex 2.14122 -5.12194 -2.5
    endloop
  endfacet
  facet normal 0 0 -1
    outer loop
      vertex 1.6 -4.72872 -2.5
      vertex 1.35 -2.33827 -2.5
      vertex 1.80665 -2.00649 -2.5
    endloop
  endfacet
  facet normal 0 0 -1
    outer loop
      vertex 0.988853 -4.45662 -2.5
      vertex 1.35 -2.33827 -2.5
      vertex 1.6 -4.72872 -2.5
    endloop
  endfacet
  facet normal 0 0 -1
    outer loop
      vertex 0.988853 -4.45662 -2.5
      vertex 0.834346 -2.56785 -2.5
      vertex 1.35 -2.33827 -2.5
    endloop
  endfacet
  facet normal 0 0 -1
    outer loop
      vertex 0.334491 -4.31753 -2.5
      vertex 0.834346 -2.56785 -2.5
      vertex 0.988853 -4.45662 -2.5
    endloop
  endfacet
  facet normal 0 0 -1
    outer loop
      vertex 0.334491 -4.31753 -2.5
      vertex 0.282227 -2.68521 -2.5
      vertex 0.834346 -2.56785 -2.5
    endloop
  endfacet
  facet normal 0 0 -1
    outer loop
      vertex 0.334491 -4.31753 -2.5
      vertex -0.282227 -2.68521 -2.5
      vertex 0.282227 -2.68521 -2.5
    endloop
  endfacet
  facet normal 0 0 -1
    outer loop
      vertex -0.334491 -4.31753 -2.5
      vertex -0.282227 -2.68521 -2.5
      vertex 0.334491 -4.31753 -2.5
    endloop
  endfacet
  facet normal 0 0 -1
    outer loop
      vertex -0.334491 -4.31753 -2.5
      vertex -0.834346 -2.56785 -2.5
      vertex -0.282227 -2.68521 -2.5
    endloop
  endfacet
  facet normal 0 0 -1
    outer loop
      vertex -0.988853 -4.45662 -2.5
      vertex -0.834346 -2.56785 -2.5
      vertex -0.334491 -4.31753 -2.5
    endloop
  endfacet
  facet normal 0 0 -1
    outer loop
      vertex -0.988853 -4.45662 -2.5
      vertex -1.35 -2.33827 -2.5
      vertex -0.834346 -2.56785 -2.5
    endloop
  endfacet
  facet normal 0 0 -1
    outer loop
      vertex -1.6 -4.72872 -2.5
      vertex -1.35 -2.33827 -2.5
      vertex -0.988853 -4.45662 -2.5
    endloop
  endfacet
  facet normal 0 0 -1
    outer loop
      vertex -1.6 -4.72872 -2.5
      vertex -1.80665 -2.00649 -2.5
      vertex -1.35 -2.33827 -2.5
    endloop
  endfacet
  facet normal 0 0 -1
    outer loop
      vertex -2.14122 -5.12194 -2.5
      vertex -1.80665 -2.00649 -2.5
      vertex -1.6 -4.72872 -2.5
    endloop
  endfacet
  facet normal 0 0 -1
    outer loop
      vertex -2.14122 -5.12194 -2.5
      vertex -2.18435 -1.58702 -2.5
      vertex -1.80665 -2.00649 -2.5
    endloop
  endfacet
  facet normal 0 0 -1
    outer loop
      vertex -2.58885 -5.61909 -2.5
      vertex -2.18435 -1.58702 -2.5
      vertex -2.14122 -5.12194 -2.5
    endloop
  endfacet
  facet normal -0 0 -1
    outer loop
      vertex -2.18435 -1.58702 -2.5
      vertex -2.58885 -5.61909 -2.5
      vertex -2.46657 -1.09819 -2.5
    endloop
  endfacet
  facet normal 0 0 -1
    outer loop
      vertex -2.92334 -6.19844 -2.5
      vertex -2.46657 -1.09819 -2.5
      vertex -2.58885 -5.61909 -2.5
    endloop
  endfacet
  facet normal -0 0 -1
    outer loop
      vertex -2.46657 -1.09819 -2.5
      vertex -2.92334 -6.19844 -2.5
      vertex -2.641 -0.561361 -2.5
    endloop
  endfacet
  facet normal 0 0 -1
    outer loop
      vertex -3.13007 -6.83468 -2.5
      vertex -2.641 -0.561361 -2.5
      vertex -2.92334 -6.19844 -2.5
    endloop
  endfacet
  facet normal 0 0 -1
    outer loop
      vertex 24 -12.5 -2.5
      vertex 25 -11.5 -2.5
      vertex 24.9808 -11.6951 -2.5
    endloop
  endfacet
  facet normal 0 0 -1
    outer loop
      vertex 25 -11.5 -2.5
      vertex 13.7 0 -2.5
      vertex 25 11.5 -2.5
    endloop
  endfacet
  facet normal 0 0 -1
    outer loop
      vertex 24 -12.5 -2.5
      vertex 24.9808 -11.6951 -2.5
      vertex 24.9239 -11.8827 -2.5
    endloop
  endfacet
  facet normal 0 0 -1
    outer loop
      vertex 13.5973 0.977184 -2.5
      vertex 25 11.5 -2.5
      vertex 13.7 0 -2.5
    endloop
  endfacet
  facet normal 0 0 -1
    outer loop
      vertex 24 -12.5 -2.5
      vertex 24.9239 -11.8827 -2.5
      vertex 24.8315 -12.0556 -2.5
    endloop
  endfacet
  facet normal 0 0 -1
    outer loop
      vertex 13.2937 1.91166 -2.5
      vertex 25 11.5 -2.5
      vertex 13.5973 0.977184 -2.5
    endloop
  endfacet
  facet normal 0 0 -1
    outer loop
      vertex 24 -12.5 -2.5
      vertex 24.8315 -12.0556 -2.5
      vertex 24.7071 -12.2071 -2.5
    endloop
  endfacet
  facet normal 0 0 -1
    outer loop
      vertex 12.8024 2.76259 -2.5
      vertex 25 11.5 -2.5
      vertex 13.2937 1.91166 -2.5
    endloop
  endfacet
  facet normal 0 0 -1
    outer loop
      vertex 24 -12.5 -2.5
      vertex 24.7071 -12.2071 -2.5
      vertex 24.5556 -12.3315 -2.5
    endloop
  endfacet
  facet normal 0 0 -1
    outer loop
      vertex 25 11.5 -2.5
      vertex 24 12.5 -2.5
      vertex 24.9808 11.6951 -2.5
    endloop
  endfacet
  facet normal 0 0 -1
    outer loop
      vertex 24 -12.5 -2.5
      vertex 24.5556 -12.3315 -2.5
      vertex 24.3827 -12.4239 -2.5
    endloop
  endfacet
  facet normal 0 0 -1
    outer loop
      vertex 24.9808 11.6951 -2.5
      vertex 24 12.5 -2.5
      vertex 24.9239 11.8827 -2.5
    endloop
  endfacet
  facet normal 0 0 -1
    outer loop
      vertex 24 -12.5 -2.5
      vertex 24.3827 -12.4239 -2.5
      vertex 24.1951 -12.4808 -2.5
    endloop
  endfacet
  facet normal 0 0 -1
    outer loop
      vertex 24.9239 11.8827 -2.5
      vertex 24 12.5 -2.5
      vertex 24.8315 12.0556 -2.5
    endloop
  endfacet
  facet normal 0 0 -1
    outer loop
      vertex 12.8024 -2.76259 -2.5
      vertex 25 -11.5 -2.5
      vertex 24 -12.5 -2.5
    endloop
  endfacet
  facet normal 0 0 -1
    outer loop
      vertex 24.7071 12.2071 -2.5
      vertex 24 12.5 -2.5
      vertex 24.5556 12.3315 -2.5
    endloop
  endfacet
  facet normal 0 0 -1
    outer loop
      vertex 24.5556 12.3315 -2.5
      vertex 24 12.5 -2.5
      vertex 24.3827 12.4239 -2.5
    endloop
  endfacet
  facet normal 0 0 -1
    outer loop
      vertex 25 -11.5 -2.5
      vertex 13.5973 -0.977184 -2.5
      vertex 13.7 0 -2.5
    endloop
  endfacet
  facet normal 0 0 -1
    outer loop
      vertex 25 -11.5 -2.5
      vertex 13.2937 -1.91166 -2.5
      vertex 13.5973 -0.977184 -2.5
    endloop
  endfacet
  facet normal 0 0 -1
    outer loop
      vertex 25 -11.5 -2.5
      vertex 12.8024 -2.76259 -2.5
      vertex 13.2937 -1.91166 -2.5
    endloop
  endfacet
  facet normal 0 0 -1
    outer loop
      vertex 24 -12.5 -2.5
      vertex 12.1449 -3.49278 -2.5
      vertex 12.8024 -2.76259 -2.5
    endloop
  endfacet
  facet normal 0 0 -1
    outer loop
      vertex 24 -12.5 -2.5
      vertex 11.35 -4.07032 -2.5
      vertex 12.1449 -3.49278 -2.5
    endloop
  endfacet
  facet normal 0 0 -1
    outer loop
      vertex 24 -12.5 -2.5
      vertex 10.4524 -4.46996 -2.5
      vertex 11.35 -4.07032 -2.5
    endloop
  endfacet
  facet normal 0 0 -1
    outer loop
      vertex 24 -12.5 -2.5
      vertex 9.49128 -4.67425 -2.5
      vertex 10.4524 -4.46996 -2.5
    endloop
  endfacet
  facet normal 0 0 -1
    outer loop
      vertex 2.58885 -9.38091 -2.5
      vertex 9.49128 -4.67425 -2.5
      vertex 24 -12.5 -2.5
    endloop
  endfacet
  facet normal 0 -0 -1
    outer loop
      vertex 2.92334 -8.80156 -2.5
      vertex 9.49128 -4.67425 -2.5
      vertex 2.58885 -9.38091 -2.5
    endloop
  endfacet
  facet normal 0 -0 -1
    outer loop
      vertex 3.13007 -8.16532 -2.5
      vertex 8.50872 -4.67425 -2.5
      vertex 2.92334 -8.80156 -2.5
    endloop
  endfacet
  facet normal 0 0 -1
    outer loop
      vertex 7.54762 4.46996 -2.5
      vertex 3.61915 7.23073 -2.5
      vertex 3.7 8 -2.5
    endloop
  endfacet
  facet normal 0 0 -1
    outer loop
      vertex 4.40271 0.977184 -2.5
      vertex 3.38012 6.49508 -2.5
      vertex 3.61915 7.23073 -2.5
    endloop
  endfacet
  facet normal 0 0 -1
    outer loop
      vertex 2.641 -0.561361 -2.5
      vertex 4.3 0 -2.5
      vertex 4.40271 -0.977184 -2.5
    endloop
  endfacet
  facet normal -0 0 -1
    outer loop
      vertex 5.85509 -3.49278 -2.5
      vertex 2.58885 -5.61909 -2.5
      vertex 5.19762 -2.76259 -2.5
    endloop
  endfacet
  facet normal 0 0 -1
    outer loop
      vertex 2.58885 -5.61909 -2.5
      vertex 5.85509 -3.49278 -2.5
      vertex 2.92334 -6.19844 -2.5
    endloop
  endfacet
  facet normal -0 0 -1
    outer loop
      vertex 6.65 -4.07032 -2.5
      vertex 2.92334 -6.19844 -2.5
      vertex 5.85509 -3.49278 -2.5
    endloop
  endfacet
  facet normal 0 0 -1
    outer loop
      vertex 2.92334 -6.19844 -2.5
      vertex 6.65 -4.07032 -2.5
      vertex 3.13007 -6.83468 -2.5
    endloop
  endfacet
  facet normal -0 0 -1
    outer loop
      vertex 7.54762 -4.46996 -2.5
      vertex 3.13007 -6.83468 -2.5
      vertex 6.65 -4.07032 -2.5
    endloop
  endfacet
  facet normal -0 0 -1
    outer loop
      vertex 8.50872 -4.67425 -2.5
      vertex 3.13007 -8.16532 -2.5
      vertex 7.54762 -4.46996 -2.5
    endloop
  endfacet
  facet normal 0 0 -1
    outer loop
      vertex 3.13007 -6.83468 -2.5
      vertex 7.54762 -4.46996 -2.5
      vertex 3.2 -7.5 -2.5
    endloop
  endfacet
  facet normal 0 -0 -1
    outer loop
      vertex 3.2 -7.5 -2.5
      vertex 7.54762 -4.46996 -2.5
      vertex 3.13007 -8.16532 -2.5
    endloop
  endfacet
  facet normal -0 0 -1
    outer loop
      vertex 9.49128 -4.67425 -2.5
      vertex 2.92334 -8.80156 -2.5
      vertex 8.50872 -4.67425 -2.5
    endloop
  endfacet
  facet normal 0 0 -1
    outer loop
      vertex 24 -12.5 -2.5
      vertex 2.14122 -9.87806 -2.5
      vertex 2.58885 -9.38091 -2.5
    endloop
  endfacet
  facet normal 0 0 -1
    outer loop
      vertex 24 -12.5 -2.5
      vertex 1.6 -10.2713 -2.5
      vertex 2.14122 -9.87806 -2.5
    endloop
  endfacet
  facet normal 0 0 -1
    outer loop
      vertex 24 -12.5 -2.5
      vertex 0.988853 -10.5434 -2.5
      vertex 1.6 -10.2713 -2.5
    endloop
  endfacet
  facet normal 0 0 -1
    outer loop
      vertex 24 -12.5 -2.5
      vertex 0.334491 -10.6825 -2.5
      vertex 0.988853 -10.5434 -2.5
    endloop
  endfacet
  facet normal 0 0 -1
    outer loop
      vertex 24 -12.5 -2.5
      vertex -0.334491 -10.6825 -2.5
      vertex 0.334491 -10.6825 -2.5
    endloop
  endfacet
  facet normal 0 0 -1
    outer loop
      vertex -2.7 0 -2.5
      vertex -3.61915 7.23073 -2.5
      vertex -3.38012 6.49508 -2.5
    endloop
  endfacet
  facet normal 0 0 -1
    outer loop
      vertex -3.13007 -6.83468 -2.5
      vertex -4.3 0 -2.5
      vertex -3.61915 7.23073 -2.5
    endloop
  endfacet
  facet normal 0 0 -1
    outer loop
      vertex -4.39178 0.873229 -2.5
      vertex -3.61915 7.23073 -2.5
      vertex -4.3 0 -2.5
    endloop
  endfacet
  facet normal 0 0 -1
    outer loop
      vertex -8.06098 -4.17699 -2.5
      vertex -3.2 -7.5 -2.5
      vertex -3.13007 -8.16532 -2.5
    endloop
  endfacet
  facet normal 0 0 -1
    outer loop
      vertex -3.13007 -6.83468 -2.5
      vertex -4.39178 -0.873229 -2.5
      vertex -4.3 0 -2.5
    endloop
  endfacet
  facet normal 0 0 -1
    outer loop
      vertex -3.13007 -6.83468 -2.5
      vertex -4.66311 -1.70829 -2.5
      vertex -4.39178 -0.873229 -2.5
    endloop
  endfacet
  facet normal 0 0 -1
    outer loop
      vertex -3.13007 -6.83468 -2.5
      vertex -5.10213 -2.4687 -2.5
      vertex -4.66311 -1.70829 -2.5
    endloop
  endfacet
  facet normal 0 0 -1
    outer loop
      vertex -8.93902 -4.17699 -2.5
      vertex -3.13007 -8.16532 -2.5
      vertex -2.92334 -8.80156 -2.5
    endloop
  endfacet
  facet normal 0 0 -1
    outer loop
      vertex -3.13007 -6.83468 -2.5
      vertex -5.68965 -3.12121 -2.5
      vertex -5.10213 -2.4687 -2.5
    endloop
  endfacet
  facet normal 0 0 -1
    outer loop
      vertex -3.13007 -6.83468 -2.5
      vertex -6.4 -3.63731 -2.5
      vertex -5.68965 -3.12121 -2.5
    endloop
  endfacet
  facet normal 0 0 -1
    outer loop
      vertex -9.79787 -3.99444 -2.5
      vertex -2.92334 -8.80156 -2.5
      vertex -2.58885 -9.38091 -2.5
    endloop
  endfacet
  facet normal 0 0 -1
    outer loop
      vertex -3.13007 -6.83468 -2.5
      vertex -7.20213 -3.99444 -2.5
      vertex -6.4 -3.63731 -2.5
    endloop
  endfacet
  facet normal 0 0 -1
    outer loop
      vertex -3.2 -7.5 -2.5
      vertex -8.06098 -4.17699 -2.5
      vertex -7.20213 -3.99444 -2.5
    endloop
  endfacet
  facet normal 0 0 -1
    outer loop
      vertex -24 -12.5 -2.5
      vertex -2.58885 -9.38091 -2.5
      vertex -2.14122 -9.87806 -2.5
    endloop
  endfacet
  facet normal 0 0 -1
    outer loop
      vertex -3.13007 -8.16532 -2.5
      vertex -8.93902 -4.17699 -2.5
      vertex -8.06098 -4.17699 -2.5
    endloop
  endfacet
  facet normal 0 0 -1
    outer loop
      vertex -2.92334 -8.80156 -2.5
      vertex -9.79787 -3.99444 -2.5
      vertex -8.93902 -4.17699 -2.5
    endloop
  endfacet
  facet normal -0 0 -1
    outer loop
      vertex -2.58885 -9.38091 -2.5
      vertex -24 -12.5 -2.5
      vertex -9.79787 -3.99444 -2.5
    endloop
  endfacet
  facet normal -0 0 -1
    outer loop
      vertex -9.79787 -3.99444 -2.5
      vertex -24 -12.5 -2.5
      vertex -10.6 -3.63731 -2.5
    endloop
  endfacet
  facet normal -0 0 -1
    outer loop
      vertex -12.3369 -1.70829 -2.5
      vertex -25 -11.5 -2.5
      vertex -12.6082 -0.873229 -2.5
    endloop
  endfacet
  facet normal -0 0 -1
    outer loop
      vertex -11.8979 -2.4687 -2.5
      vertex -25 -11.5 -2.5
      vertex -12.3369 -1.70829 -2.5
    endloop
  endfacet
  facet normal 0 0 -1
    outer loop
      vertex -25 -11.5 -2.5
      vertex -11.8979 -2.4687 -2.5
      vertex -24 -12.5 -2.5
    endloop
  endfacet
  facet normal -0 0 -1
    outer loop
      vertex -11.3103 -3.12121 -2.5
      vertex -24 -12.5 -2.5
      vertex -11.8979 -2.4687 -2.5
    endloop
  endfacet
  facet normal -0 0 -1
    outer loop
      vertex -10.6 -3.63731 -2.5
      vertex -24 -12.5 -2.5
      vertex -11.3103 -3.12121 -2.5
    endloop
  endfacet
  facet normal -0 0 -1
    outer loop
      vertex -1.6 -10.2713 -2.5
      vertex -24 -12.5 -2.5
      vertex -2.14122 -9.87806 -2.5
    endloop
  endfacet
  facet normal -0 0 -1
    outer loop
      vertex -0.988853 -10.5434 -2.5
      vertex -24 -12.5 -2.5
      vertex -1.6 -10.2713 -2.5
    endloop
  endfacet
  facet normal -0 0 -1
    outer loop
      vertex -0.334491 -10.6825 -2.5
      vertex -24 -12.5 -2.5
      vertex -0.988853 -10.5434 -2.5
    endloop
  endfacet
  facet normal 0 0 -1
    outer loop
      vertex -24 -12.5 -2.5
      vertex -0.334491 -10.6825 -2.5
      vertex 24 -12.5 -2.5
    endloop
  endfacet
  facet normal 0 0 -1
    outer loop
      vertex 24.3827 12.4239 -2.5
      vertex 24 12.5 -2.5
      vertex 24.1951 12.4808 -2.5
    endloop
  endfacet
  facet normal 0 0 -1
    outer loop
      vertex 24.8315 12.0556 -2.5
      vertex 24 12.5 -2.5
      vertex 24.7071 12.2071 -2.5
    endloop
  endfacet
  facet normal -0 0 -1
    outer loop
      vertex 25 11.5 -2.5
      vertex 12.8024 2.76259 -2.5
      vertex 24 12.5 -2.5
    endloop
  endfacet
  facet normal 0 0 -1
    outer loop
      vertex 12.1449 3.49278 -2.5
      vertex 24 12.5 -2.5
      vertex 12.8024 2.76259 -2.5
    endloop
  endfacet
  facet normal 0 0 -1
    outer loop
      vertex 11.35 4.07032 -2.5
      vertex 24 12.5 -2.5
      vertex 12.1449 3.49278 -2.5
    endloop
  endfacet
  facet normal 0 0 -1
    outer loop
      vertex 10.4524 4.46996 -2.5
      vertex 24 12.5 -2.5
      vertex 11.35 4.07032 -2.5
    endloop
  endfacet
  facet normal 0 0 -1
    outer loop
      vertex 3.38012 9.50492 -2.5
      vertex 10.4524 4.46996 -2.5
      vertex 9.49128 4.67425 -2.5
    endloop
  endfacet
  facet normal 0 0 -1
    outer loop
      vertex 3.61915 8.76927 -2.5
      vertex 9.49128 4.67425 -2.5
      vertex 8.50872 4.67425 -2.5
    endloop
  endfacet
  facet normal 0 0 -1
    outer loop
      vertex 3.7 8 -2.5
      vertex 8.50872 4.67425 -2.5
      vertex 7.54762 4.46996 -2.5
    endloop
  endfacet
  facet normal 0 0 -1
    outer loop
      vertex 3.61915 7.23073 -2.5
      vertex 7.54762 4.46996 -2.5
      vertex 6.65 4.07032 -2.5
    endloop
  endfacet
  facet normal 0 0 -1
    outer loop
      vertex 2.641 0.561361 -2.5
      vertex 4.40271 0.977184 -2.5
      vertex 4.3 0 -2.5
    endloop
  endfacet
  facet normal 0 0 -1
    outer loop
      vertex 3.61915 7.23073 -2.5
      vertex 4.70634 1.91166 -2.5
      vertex 4.40271 0.977184 -2.5
    endloop
  endfacet
  facet normal 0 0 -1
    outer loop
      vertex 3.61915 7.23073 -2.5
      vertex 5.19762 2.76259 -2.5
      vertex 4.70634 1.91166 -2.5
    endloop
  endfacet
  facet normal 0 0 -1
    outer loop
      vertex 3.61915 7.23073 -2.5
      vertex 5.85509 3.49278 -2.5
      vertex 5.19762 2.76259 -2.5
    endloop
  endfacet
  facet normal 0 0 -1
    outer loop
      vertex 3.61915 7.23073 -2.5
      vertex 6.65 4.07032 -2.5
      vertex 5.85509 3.49278 -2.5
    endloop
  endfacet
  facet normal 0 0 -1
    outer loop
      vertex 8.50872 4.67425 -2.5
      vertex 3.7 8 -2.5
      vertex 3.61915 8.76927 -2.5
    endloop
  endfacet
  facet normal 0 0 -1
    outer loop
      vertex 9.49128 4.67425 -2.5
      vertex 3.61915 8.76927 -2.5
      vertex 3.38012 9.50492 -2.5
    endloop
  endfacet
  facet normal 0 0 -1
    outer loop
      vertex 10.4524 4.46996 -2.5
      vertex 3.38012 9.50492 -2.5
      vertex 24 12.5 -2.5
    endloop
  endfacet
  facet normal 0 0 -1
    outer loop
      vertex 2.99336 10.1748 -2.5
      vertex 24 12.5 -2.5
      vertex 3.38012 9.50492 -2.5
    endloop
  endfacet
  facet normal 0 0 -1
    outer loop
      vertex 2.47578 10.7496 -2.5
      vertex 24 12.5 -2.5
      vertex 2.99336 10.1748 -2.5
    endloop
  endfacet
  facet normal 0 0 -1
    outer loop
      vertex 1.85 11.2043 -2.5
      vertex 24 12.5 -2.5
      vertex 2.47578 10.7496 -2.5
    endloop
  endfacet
  facet normal 0 0 -1
    outer loop
      vertex 1.14336 11.5189 -2.5
      vertex 24 12.5 -2.5
      vertex 1.85 11.2043 -2.5
    endloop
  endfacet
  facet normal 0 0 -1
    outer loop
      vertex 0.386755 11.6797 -2.5
      vertex 24 12.5 -2.5
      vertex 1.14336 11.5189 -2.5
    endloop
  endfacet
  facet normal 0 0 -1
    outer loop
      vertex -0.386755 11.6797 -2.5
      vertex 24 12.5 -2.5
      vertex 0.386755 11.6797 -2.5
    endloop
  endfacet
  facet normal 0 0 -1
    outer loop
      vertex -4.66311 1.70829 -2.5
      vertex -3.61915 7.23073 -2.5
      vertex -4.39178 0.873229 -2.5
    endloop
  endfacet
  facet normal 0 0 -1
    outer loop
      vertex -5.10213 2.4687 -2.5
      vertex -3.61915 7.23073 -2.5
      vertex -4.66311 1.70829 -2.5
    endloop
  endfacet
  facet normal 0 0 -1
    outer loop
      vertex -5.68965 3.12121 -2.5
      vertex -3.61915 7.23073 -2.5
      vertex -5.10213 2.4687 -2.5
    endloop
  endfacet
  facet normal 0 0 -1
    outer loop
      vertex -6.4 3.63731 -2.5
      vertex -3.61915 7.23073 -2.5
      vertex -5.68965 3.12121 -2.5
    endloop
  endfacet
  facet normal 0 0 -1
    outer loop
      vertex -7.20213 3.99444 -2.5
      vertex -3.61915 7.23073 -2.5
      vertex -6.4 3.63731 -2.5
    endloop
  endfacet
  facet normal -0 0 -1
    outer loop
      vertex -3.61915 7.23073 -2.5
      vertex -7.20213 3.99444 -2.5
      vertex -3.7 8 -2.5
    endloop
  endfacet
  facet normal 0 0 -1
    outer loop
      vertex -8.06098 4.17699 -2.5
      vertex -3.7 8 -2.5
      vertex -7.20213 3.99444 -2.5
    endloop
  endfacet
  facet normal -0 0 -1
    outer loop
      vertex -3.7 8 -2.5
      vertex -8.06098 4.17699 -2.5
      vertex -3.61915 8.76927 -2.5
    endloop
  endfacet
  facet normal 0 0 -1
    outer loop
      vertex -8.93902 4.17699 -2.5
      vertex -3.61915 8.76927 -2.5
      vertex -8.06098 4.17699 -2.5
    endloop
  endfacet
  facet normal -0 0 -1
    outer loop
      vertex -3.61915 8.76927 -2.5
      vertex -8.93902 4.17699 -2.5
      vertex -3.38012 9.50492 -2.5
    endloop
  endfacet
  facet normal 0 0 -1
    outer loop
      vertex -9.79787 3.99444 -2.5
      vertex -3.38012 9.50492 -2.5
      vertex -8.93902 4.17699 -2.5
    endloop
  endfacet
  facet normal 0 0 -1
    outer loop
      vertex -24 12.5 -2.5
      vertex -3.38012 9.50492 -2.5
      vertex -9.79787 3.99444 -2.5
    endloop
  endfacet
  facet normal 0 0 -1
    outer loop
      vertex -3.38012 9.50492 -2.5
      vertex -24 12.5 -2.5
      vertex -2.99336 10.1748 -2.5
    endloop
  endfacet
  facet normal 0 0 -1
    outer loop
      vertex -24 12.5 -2.5
      vertex -9.79787 3.99444 -2.5
      vertex -10.6 3.63731 -2.5
    endloop
  endfacet
  facet normal 0 0 -1
    outer loop
      vertex -24 12.5 -2.5
      vertex -10.6 3.63731 -2.5
      vertex -11.3103 3.12121 -2.5
    endloop
  endfacet
  facet normal -0 0 -1
    outer loop
      vertex -12.6082 -0.873229 -2.5
      vertex -25 -11.5 -2.5
      vertex -12.7 0 -2.5
    endloop
  endfacet
  facet normal 0 0 -1
    outer loop
      vertex -25 11.5 -2.5
      vertex -12.7 0 -2.5
      vertex -25 -11.5 -2.5
    endloop
  endfacet
  facet normal 0 0 -1
    outer loop
      vertex -12.7 0 -2.5
      vertex -25 11.5 -2.5
      vertex -12.6082 0.873229 -2.5
    endloop
  endfacet
  facet normal 0 0 -1
    outer loop
      vertex -0.386755 11.6797 -2.5
      vertex -24 12.5 -2.5
      vertex 24 12.5 -2.5
    endloop
  endfacet
  facet normal 0 0 -1
    outer loop
      vertex -1.14336 11.5189 -2.5
      vertex -24 12.5 -2.5
      vertex -0.386755 11.6797 -2.5
    endloop
  endfacet
  facet normal 0 0 -1
    outer loop
      vertex -1.85 11.2043 -2.5
      vertex -24 12.5 -2.5
      vertex -1.14336 11.5189 -2.5
    endloop
  endfacet
  facet normal 0 0 -1
    outer loop
      vertex -2.47578 10.7496 -2.5
      vertex -24 12.5 -2.5
      vertex -1.85 11.2043 -2.5
    endloop
  endfacet
  facet normal 0 0 -1
    outer loop
      vertex -2.99336 10.1748 -2.5
      vertex -24 12.5 -2.5
      vertex -2.47578 10.7496 -2.5
    endloop
  endfacet
  facet normal 0 0 -1
    outer loop
      vertex -11.8979 2.4687 -2.5
      vertex -24 12.5 -2.5
      vertex -11.3103 3.12121 -2.5
    endloop
  endfacet
  facet normal 0 0 -1
    outer loop
      vertex -12.6082 0.873229 -2.5
      vertex -25 11.5 -2.5
      vertex -12.3369 1.70829 -2.5
    endloop
  endfacet
  facet normal 0 0 -1
    outer loop
      vertex -25 -11.5 -2.5
      vertex -24 -12.5 -2.5
      vertex -24.1951 -12.4808 -2.5
    endloop
  endfacet
  facet normal 0 0 -1
    outer loop
      vertex -12.3369 1.70829 -2.5
      vertex -25 11.5 -2.5
      vertex -11.8979 2.4687 -2.5
    endloop
  endfacet
  facet normal 0 0 -1
    outer loop
      vertex -25 -11.5 -2.5
      vertex -24.1951 -12.4808 -2.5
      vertex -24.3827 -12.4239 -2.5
    endloop
  endfacet
  facet normal 0 0 -1
    outer loop
      vertex -11.8979 2.4687 -2.5
      vertex -25 11.5 -2.5
      vertex -24 12.5 -2.5
    endloop
  endfacet
  facet normal 0 0 -1
    outer loop
      vertex -25 -11.5 -2.5
      vertex -24.3827 -12.4239 -2.5
      vertex -24.5556 -12.3315 -2.5
    endloop
  endfacet
  facet normal 0 0 -1
    outer loop
      vertex -24 12.5 -2.5
      vertex -25 11.5 -2.5
      vertex -24.1951 12.4808 -2.5
    endloop
  endfacet
  facet normal 0 0 -1
    outer loop
      vertex -25 -11.5 -2.5
      vertex -24.5556 -12.3315 -2.5
      vertex -24.7071 -12.2071 -2.5
    endloop
  endfacet
  facet normal 0 0 -1
    outer loop
      vertex -24.1951 12.4808 -2.5
      vertex -25 11.5 -2.5
      vertex -24.3827 12.4239 -2.5
    endloop
  endfacet
  facet normal 0 0 -1
    outer loop
      vertex -25 -11.5 -2.5
      vertex -24.7071 -12.2071 -2.5
      vertex -24.8315 -12.0556 -2.5
    endloop
  endfacet
  facet normal 0 0 -1
    outer loop
      vertex -24.3827 12.4239 -2.5
      vertex -25 11.5 -2.5
      vertex -24.5556 12.3315 -2.5
    endloop
  endfacet
  facet normal 0 0 -1
    outer loop
      vertex -25 -11.5 -2.5
      vertex -24.8315 -12.0556 -2.5
      vertex -24.9239 -11.8827 -2.5
    endloop
  endfacet
  facet normal 0 0 -1
    outer loop
      vertex -24.5556 12.3315 -2.5
      vertex -25 11.5 -2.5
      vertex -24.7071 12.2071 -2.5
    endloop
  endfacet
  facet normal 0 0 -1
    outer loop
      vertex -25 -11.5 -2.5
      vertex -24.9239 -11.8827 -2.5
      vertex -24.9808 -11.6951 -2.5
    endloop
  endfacet
  facet normal 0 0 -1
    outer loop
      vertex -24.7071 12.2071 -2.5
      vertex -25 11.5 -2.5
      vertex -24.8315 12.0556 -2.5
    endloop
  endfacet
  facet normal 0 0 -1
    outer loop
      vertex -24.8315 12.0556 -2.5
      vertex -25 11.5 -2.5
      vertex -24.9239 11.8827 -2.5
    endloop
  endfacet
  facet normal 0 0 -1
    outer loop
      vertex -24.9239 11.8827 -2.5
      vertex -25 11.5 -2.5
      vertex -24.9808 11.6951 -2.5
    endloop
  endfacet
  facet normal 0 0 -1
    outer loop
      vertex 2.14122 -5.12194 -2.5
      vertex 5.19762 -2.76259 -2.5
      vertex 2.58885 -5.61909 -2.5
    endloop
  endfacet
  facet normal 0 0 -1
    outer loop
      vertex 4.3 0 -2.5
      vertex 2.7 0 -2.5
      vertex 2.641 0.561361 -2.5
    endloop
  endfacet
  facet normal 0 0 -1
    outer loop
      vertex 2.641 -0.561361 -2.5
      vertex 4.40271 -0.977184 -2.5
      vertex 4.70634 -1.91166 -2.5
    endloop
  endfacet
  facet normal -0 0 -1
    outer loop
      vertex 4.40271 0.977184 -2.5
      vertex 2.641 0.561361 -2.5
      vertex 2.46657 1.09819 -2.5
    endloop
  endfacet
  facet normal 0 0 -1
    outer loop
      vertex 4.40271 0.977184 -2.5
      vertex 2.99336 5.8252 -2.5
      vertex 3.38012 6.49508 -2.5
    endloop
  endfacet
  facet normal 0 0 -1
    outer loop
      vertex 4.40271 0.977184 -2.5
      vertex 2.46657 1.09819 -2.5
      vertex 2.18435 1.58702 -2.5
    endloop
  endfacet
  facet normal 0 0 -1
    outer loop
      vertex 4.40271 0.977184 -2.5
      vertex 2.18435 1.58702 -2.5
      vertex 2.47578 5.25036 -2.5
    endloop
  endfacet
  facet normal 0 0 -1
    outer loop
      vertex 4.40271 0.977184 -2.5
      vertex 2.47578 5.25036 -2.5
      vertex 2.99336 5.8252 -2.5
    endloop
  endfacet
  facet normal 0 0 -1
    outer loop
      vertex 1.80665 2.00649 -2.5
      vertex 2.47578 5.25036 -2.5
      vertex 2.18435 1.58702 -2.5
    endloop
  endfacet
  facet normal 0 0 -1
    outer loop
      vertex 2.47578 5.25036 -2.5
      vertex 1.80665 2.00649 -2.5
      vertex 1.85 4.79571 -2.5
    endloop
  endfacet
  facet normal 0 0 -1
    outer loop
      vertex 1.35 2.33827 -2.5
      vertex 1.85 4.79571 -2.5
      vertex 1.80665 2.00649 -2.5
    endloop
  endfacet
  facet normal 0 0 -1
    outer loop
      vertex 1.35 2.33827 -2.5
      vertex 1.14336 4.48109 -2.5
      vertex 1.85 4.79571 -2.5
    endloop
  endfacet
  facet normal 0 0 -1
    outer loop
      vertex 0.834346 2.56785 -2.5
      vertex 1.14336 4.48109 -2.5
      vertex 1.35 2.33827 -2.5
    endloop
  endfacet
  facet normal 0 0 -1
    outer loop
      vertex 0.834346 2.56785 -2.5
      vertex 0.386755 4.32027 -2.5
      vertex 1.14336 4.48109 -2.5
    endloop
  endfacet
  facet normal 0 0 -1
    outer loop
      vertex 0.282227 2.68521 -2.5
      vertex 0.386755 4.32027 -2.5
      vertex 0.834346 2.56785 -2.5
    endloop
  endfacet
  facet normal 0 0 -1
    outer loop
      vertex -0.282227 2.68521 -2.5
      vertex 0.386755 4.32027 -2.5
      vertex 0.282227 2.68521 -2.5
    endloop
  endfacet
  facet normal 0 0 -1
    outer loop
      vertex -0.282227 2.68521 -2.5
      vertex -0.386755 4.32027 -2.5
      vertex 0.386755 4.32027 -2.5
    endloop
  endfacet
  facet normal 0 0 -1
    outer loop
      vertex -0.834346 2.56785 -2.5
      vertex -0.386755 4.32027 -2.5
      vertex -0.282227 2.68521 -2.5
    endloop
  endfacet
  facet normal 0 0 -1
    outer loop
      vertex -0.834346 2.56785 -2.5
      vertex -1.14336 4.48109 -2.5
      vertex -0.386755 4.32027 -2.5
    endloop
  endfacet
  facet normal 0 0 -1
    outer loop
      vertex -1.35 2.33827 -2.5
      vertex -1.14336 4.48109 -2.5
      vertex -0.834346 2.56785 -2.5
    endloop
  endfacet
  facet normal 0 0 -1
    outer loop
      vertex -1.85 4.79571 -2.5
      vertex -1.35 2.33827 -2.5
      vertex -1.80665 2.00649 -2.5
    endloop
  endfacet
  facet normal 0 0 -1
    outer loop
      vertex -1.35 2.33827 -2.5
      vertex -1.85 4.79571 -2.5
      vertex -1.14336 4.48109 -2.5
    endloop
  endfacet
  facet normal 0 0 -1
    outer loop
      vertex -2.47578 5.25036 -2.5
      vertex -1.80665 2.00649 -2.5
      vertex -2.18435 1.58702 -2.5
    endloop
  endfacet
  facet normal 0 0 -1
    outer loop
      vertex -2.99336 5.8252 -2.5
      vertex -2.18435 1.58702 -2.5
      vertex -2.46657 1.09819 -2.5
    endloop
  endfacet
  facet normal 0 0 -1
    outer loop
      vertex -1.80665 2.00649 -2.5
      vertex -2.47578 5.25036 -2.5
      vertex -1.85 4.79571 -2.5
    endloop
  endfacet
  facet normal 0 0 -1
    outer loop
      vertex -2.99336 5.8252 -2.5
      vertex -2.46657 1.09819 -2.5
      vertex -2.641 0.561361 -2.5
    endloop
  endfacet
  facet normal 0 0 -1
    outer loop
      vertex -3.38012 6.49508 -2.5
      vertex -2.641 0.561361 -2.5
      vertex -2.7 0 -2.5
    endloop
  endfacet
  facet normal 0 0 -1
    outer loop
      vertex -2.18435 1.58702 -2.5
      vertex -2.99336 5.8252 -2.5
      vertex -2.47578 5.25036 -2.5
    endloop
  endfacet
  facet normal -0 0 -1
    outer loop
      vertex -2.641 -0.561361 -2.5
      vertex -3.13007 -6.83468 -2.5
      vertex -2.7 0 -2.5
    endloop
  endfacet
  facet normal 0 0 -1
    outer loop
      vertex -3.61915 7.23073 -2.5
      vertex -2.7 0 -2.5
      vertex -3.13007 -6.83468 -2.5
    endloop
  endfacet
  facet normal 0 0 -1
    outer loop
      vertex -7.20213 -3.99444 -2.5
      vertex -3.13007 -6.83468 -2.5
      vertex -3.2 -7.5 -2.5
    endloop
  endfacet
  facet normal 0 0 -1
    outer loop
      vertex -2.641 0.561361 -2.5
      vertex -3.38012 6.49508 -2.5
      vertex -2.99336 5.8252 -2.5
    endloop
  endfacet
  facet normal 0.634598 0.772842 -0
    outer loop
      vertex 24.7071 12.2071 -2.5
      vertex 24.5556 12.3315 2.5
      vertex 24.7071 12.2071 2.5
    endloop
  endfacet
  facet normal 0.634598 0.772842 0
    outer loop
      vertex 24.5556 12.3315 2.5
      vertex 24.7071 12.2071 -2.5
      vertex 24.5556 12.3315 -2.5
    endloop
  endfacet
  facet normal 0.995193 -0.097938 0
    outer loop
      vertex 24.9808 -11.6951 2.5
      vertex 25 -11.5 -2.5
      vertex 25 -11.5 2.5
    endloop
  endfacet
  facet normal 0.995193 -0.097938 0
    outer loop
      vertex 25 -11.5 -2.5
      vertex 24.9808 -11.6951 2.5
      vertex 24.9808 -11.6951 -2.5
    endloop
  endfacet
  facet normal 0.097938 0.995193 -0
    outer loop
      vertex 24.1951 12.4808 -2.5
      vertex 24 12.5 2.5
      vertex 24.1951 12.4808 2.5
    endloop
  endfacet
  facet normal 0.097938 0.995193 0
    outer loop
      vertex 24 12.5 2.5
      vertex 24.1951 12.4808 -2.5
      vertex 24 12.5 -2.5
    endloop
  endfacet
  facet normal -0.951055 -0.309023 0
    outer loop
      vertex 2.641 0.561361 -2.5
      vertex 2.46657 1.09819 -0.6
      vertex 2.46657 1.09819 -2.5
    endloop
  endfacet
  facet normal -0.951055 -0.309023 0
    outer loop
      vertex 2.46657 1.09819 -0.6
      vertex 2.641 0.561361 -2.5
      vertex 2.641 0.561361 -0.6
    endloop
  endfacet
  facet normal -0.994522 -0.104526 0
    outer loop
      vertex 2.7 0 -2.5
      vertex 2.641 0.561361 -0.6
      vertex 2.641 0.561361 -2.5
    endloop
  endfacet
  facet normal -0.994522 -0.104526 0
    outer loop
      vertex 2.641 0.561361 -0.6
      vertex 2.7 0 -2.5
      vertex 2.7 0 -0.6
    endloop
  endfacet
  facet normal -0.86603 -0.499992 0
    outer loop
      vertex 2.46657 1.09819 -2.5
      vertex 2.18435 1.58702 -0.6
      vertex 2.18435 1.58702 -2.5
    endloop
  endfacet
  facet normal -0.86603 -0.499992 0
    outer loop
      vertex 2.18435 1.58702 -0.6
      vertex 2.46657 1.09819 -2.5
      vertex 2.46657 1.09819 -0.6
    endloop
  endfacet
  facet normal -0.58779 -0.809013 0
    outer loop
      vertex 1.35 2.33827 -2.5
      vertex 1.80665 2.00649 -0.6
      vertex 1.35 2.33827 -0.6
    endloop
  endfacet
  facet normal -0.58779 -0.809013 -0
    outer loop
      vertex 1.80665 2.00649 -0.6
      vertex 1.35 2.33827 -2.5
      vertex 1.80665 2.00649 -2.5
    endloop
  endfacet
  facet normal -0.951055 0.309023 0
    outer loop
      vertex 2.46657 -1.09819 -2.5
      vertex 2.641 -0.561361 -0.6
      vertex 2.641 -0.561361 -2.5
    endloop
  endfacet
  facet normal -0.951055 0.309023 0
    outer loop
      vertex 2.641 -0.561361 -0.6
      vertex 2.46657 -1.09819 -2.5
      vertex 2.46657 -1.09819 -0.6
    endloop
  endfacet
  facet normal -0.994522 0.104526 0
    outer loop
      vertex 2.641 -0.561361 -2.5
      vertex 2.7 0 -0.6
      vertex 2.7 0 -2.5
    endloop
  endfacet
  facet normal -0.994522 0.104526 0
    outer loop
      vertex 2.7 0 -0.6
      vertex 2.641 -0.561361 -2.5
      vertex 2.641 -0.561361 -0.6
    endloop
  endfacet
  facet normal -0.743138 -0.669138 0
    outer loop
      vertex 2.18435 1.58702 -2.5
      vertex 1.80665 2.00649 -0.6
      vertex 1.80665 2.00649 -2.5
    endloop
  endfacet
  facet normal -0.743138 -0.669138 0
    outer loop
      vertex 1.80665 2.00649 -0.6
      vertex 2.18435 1.58702 -2.5
      vertex 2.18435 1.58702 -0.6
    endloop
  endfacet
  facet normal 0.951055 0.309023 0
    outer loop
      vertex -2.46657 -1.09819 -0.6
      vertex -2.641 -0.561361 -2.5
      vertex -2.641 -0.561361 -0.6
    endloop
  endfacet
  facet normal 0.951055 0.309023 0
    outer loop
      vertex -2.641 -0.561361 -2.5
      vertex -2.46657 -1.09819 -0.6
      vertex -2.46657 -1.09819 -2.5
    endloop
  endfacet
  facet normal 0.951055 -0.309023 0
    outer loop
      vertex -2.641 0.561361 -0.6
      vertex -2.46657 1.09819 -2.5
      vertex -2.46657 1.09819 -0.6
    endloop
  endfacet
  facet normal 0.951055 -0.309023 0
    outer loop
      vertex -2.46657 1.09819 -2.5
      vertex -2.641 0.561361 -0.6
      vertex -2.641 0.561361 -2.5
    endloop
  endfacet
  facet normal -0.58779 0.809013 0
    outer loop
      vertex 1.80665 -2.00649 -2.5
      vertex 1.35 -2.33827 -0.6
      vertex 1.80665 -2.00649 -0.6
    endloop
  endfacet
  facet normal -0.58779 0.809013 0
    outer loop
      vertex 1.35 -2.33827 -0.6
      vertex 1.80665 -2.00649 -2.5
      vertex 1.35 -2.33827 -2.5
    endloop
  endfacet
  facet normal 0.58779 -0.809013 0
    outer loop
      vertex -1.80665 2.00649 -2.5
      vertex -1.35 2.33827 -0.6
      vertex -1.80665 2.00649 -0.6
    endloop
  endfacet
  facet normal 0.58779 -0.809013 0
    outer loop
      vertex -1.35 2.33827 -0.6
      vertex -1.80665 2.00649 -2.5
      vertex -1.35 2.33827 -2.5
    endloop
  endfacet
  facet normal 0.86603 -0.499992 0
    outer loop
      vertex -2.46657 1.09819 -0.6
      vertex -2.18435 1.58702 -2.5
      vertex -2.18435 1.58702 -0.6
    endloop
  endfacet
  facet normal 0.86603 -0.499992 0
    outer loop
      vertex -2.18435 1.58702 -2.5
      vertex -2.46657 1.09819 -0.6
      vertex -2.46657 1.09819 -2.5
    endloop
  endfacet
  facet normal -0.86603 0.499992 0
    outer loop
      vertex 2.18435 -1.58702 -2.5
      vertex 2.46657 -1.09819 -0.6
      vertex 2.46657 -1.09819 -2.5
    endloop
  endfacet
  facet normal -0.86603 0.499992 0
    outer loop
      vertex 2.46657 -1.09819 -0.6
      vertex 2.18435 -1.58702 -2.5
      vertex 2.18435 -1.58702 -0.6
    endloop
  endfacet
  facet normal 0 -1 0
    outer loop
      vertex -0.282227 2.68521 -2.5
      vertex 0.282227 2.68521 -0.6
      vertex -0.282227 2.68521 -0.6
    endloop
  endfacet
  facet normal 0 -1 -0
    outer loop
      vertex 0.282227 2.68521 -0.6
      vertex -0.282227 2.68521 -2.5
      vertex 0.282227 2.68521 -2.5
    endloop
  endfacet
  facet normal 0.406731 -0.913548 0
    outer loop
      vertex -1.35 2.33827 -2.5
      vertex -0.834346 2.56785 -0.6
      vertex -1.35 2.33827 -0.6
    endloop
  endfacet
  facet normal 0.406731 -0.913548 0
    outer loop
      vertex -0.834346 2.56785 -0.6
      vertex -1.35 2.33827 -2.5
      vertex -0.834346 2.56785 -2.5
    endloop
  endfacet
  facet normal 0.207918 0.978146 -0
    outer loop
      vertex -0.282227 -2.68521 -2.5
      vertex -0.834346 -2.56785 -0.6
      vertex -0.282227 -2.68521 -0.6
    endloop
  endfacet
  facet normal 0.207918 0.978146 0
    outer loop
      vertex -0.834346 -2.56785 -0.6
      vertex -0.282227 -2.68521 -2.5
      vertex -0.834346 -2.56785 -2.5
    endloop
  endfacet
  facet normal 0 1 -0
    outer loop
      vertex 0.282227 -2.68521 -2.5
      vertex -0.282227 -2.68521 -0.6
      vertex 0.282227 -2.68521 -0.6
    endloop
  endfacet
  facet normal 0 1 0
    outer loop
      vertex -0.282227 -2.68521 -0.6
      vertex 0.282227 -2.68521 -2.5
      vertex -0.282227 -2.68521 -2.5
    endloop
  endfacet
  facet normal 0.406731 0.913548 -0
    outer loop
      vertex -0.834346 -2.56785 -2.5
      vertex -1.35 -2.33827 -0.6
      vertex -0.834346 -2.56785 -0.6
    endloop
  endfacet
  facet normal 0.406731 0.913548 0
    outer loop
      vertex -1.35 -2.33827 -0.6
      vertex -0.834346 -2.56785 -2.5
      vertex -1.35 -2.33827 -2.5
    endloop
  endfacet
  facet normal 0.207918 -0.978146 0
    outer loop
      vertex -0.834346 2.56785 -2.5
      vertex -0.282227 2.68521 -0.6
      vertex -0.834346 2.56785 -0.6
    endloop
  endfacet
  facet normal 0.207918 -0.978146 0
    outer loop
      vertex -0.282227 2.68521 -0.6
      vertex -0.834346 2.56785 -2.5
      vertex -0.282227 2.68521 -2.5
    endloop
  endfacet
  facet normal -0.207918 0.978146 0
    outer loop
      vertex 0.834346 -2.56785 -2.5
      vertex 0.282227 -2.68521 -0.6
      vertex 0.834346 -2.56785 -0.6
    endloop
  endfacet
  facet normal -0.207918 0.978146 0
    outer loop
      vertex 0.282227 -2.68521 -0.6
      vertex 0.834346 -2.56785 -2.5
      vertex 0.282227 -2.68521 -2.5
    endloop
  endfacet
  facet normal -0.743138 0.669138 0
    outer loop
      vertex 1.80665 -2.00649 -2.5
      vertex 2.18435 -1.58702 -0.6
      vertex 2.18435 -1.58702 -2.5
    endloop
  endfacet
  facet normal -0.743138 0.669138 0
    outer loop
      vertex 2.18435 -1.58702 -0.6
      vertex 1.80665 -2.00649 -2.5
      vertex 1.80665 -2.00649 -0.6
    endloop
  endfacet
  facet normal -0.406731 0.913548 0
    outer loop
      vertex 1.35 -2.33827 -2.5
      vertex 0.834346 -2.56785 -0.6
      vertex 1.35 -2.33827 -0.6
    endloop
  endfacet
  facet normal -0.406731 0.913548 0
    outer loop
      vertex 0.834346 -2.56785 -0.6
      vertex 1.35 -2.33827 -2.5
      vertex 0.834346 -2.56785 -2.5
    endloop
  endfacet
  facet normal 0.58779 0.809013 -0
    outer loop
      vertex -1.35 -2.33827 -2.5
      vertex -1.80665 -2.00649 -0.6
      vertex -1.35 -2.33827 -0.6
    endloop
  endfacet
  facet normal 0.58779 0.809013 0
    outer loop
      vertex -1.80665 -2.00649 -0.6
      vertex -1.35 -2.33827 -2.5
      vertex -1.80665 -2.00649 -2.5
    endloop
  endfacet
  facet normal 0.994522 -0.104526 0
    outer loop
      vertex -2.7 0 -0.6
      vertex -2.641 0.561361 -2.5
      vertex -2.641 0.561361 -0.6
    endloop
  endfacet
  facet normal 0.994522 -0.104526 0
    outer loop
      vertex -2.641 0.561361 -2.5
      vertex -2.7 0 -0.6
      vertex -2.7 0 -2.5
    endloop
  endfacet
  facet normal -0.207918 -0.978146 0
    outer loop
      vertex 0.282227 2.68521 -2.5
      vertex 0.834346 2.56785 -0.6
      vertex 0.282227 2.68521 -0.6
    endloop
  endfacet
  facet normal -0.207918 -0.978146 -0
    outer loop
      vertex 0.834346 2.56785 -0.6
      vertex 0.282227 2.68521 -2.5
      vertex 0.834346 2.56785 -2.5
    endloop
  endfacet
  facet normal 0.86603 0.499992 0
    outer loop
      vertex -2.18435 -1.58702 -0.6
      vertex -2.46657 -1.09819 -2.5
      vertex -2.46657 -1.09819 -0.6
    endloop
  endfacet
  facet normal 0.86603 0.499992 0
    outer loop
      vertex -2.46657 -1.09819 -2.5
      vertex -2.18435 -1.58702 -0.6
      vertex -2.18435 -1.58702 -2.5
    endloop
  endfacet
  facet normal -0.406731 -0.913548 0
    outer loop
      vertex 0.834346 2.56785 -2.5
      vertex 1.35 2.33827 -0.6
      vertex 0.834346 2.56785 -0.6
    endloop
  endfacet
  facet normal -0.406731 -0.913548 -0
    outer loop
      vertex 1.35 2.33827 -0.6
      vertex 0.834346 2.56785 -2.5
      vertex 1.35 2.33827 -2.5
    endloop
  endfacet
  facet normal 0.994522 0.104526 0
    outer loop
      vertex -2.641 -0.561361 -0.6
      vertex -2.7 0 -2.5
      vertex -2.7 0 -0.6
    endloop
  endfacet
  facet normal 0.994522 0.104526 0
    outer loop
      vertex -2.7 0 -2.5
      vertex -2.641 -0.561361 -0.6
      vertex -2.641 -0.561361 -2.5
    endloop
  endfacet
  facet normal 0.743138 0.669138 0
    outer loop
      vertex -1.80665 -2.00649 -0.6
      vertex -2.18435 -1.58702 -2.5
      vertex -2.18435 -1.58702 -0.6
    endloop
  endfacet
  facet normal 0.743138 0.669138 0
    outer loop
      vertex -2.18435 -1.58702 -2.5
      vertex -1.80665 -2.00649 -0.6
      vertex -1.80665 -2.00649 -2.5
    endloop
  endfacet
  facet normal 0.743138 -0.669138 0
    outer loop
      vertex -2.18435 1.58702 -0.6
      vertex -1.80665 2.00649 -2.5
      vertex -1.80665 2.00649 -0.6
    endloop
  endfacet
  facet normal 0.743138 -0.669138 0
    outer loop
      vertex -1.80665 2.00649 -2.5
      vertex -2.18435 1.58702 -0.6
      vertex -2.18435 1.58702 -2.5
    endloop
  endfacet
  facet normal -0.595686 -0.536362 -0.597891
    outer loop
      vertex 1.80665 2.00649 -0.6
      vertex 1.45623 1.05801 0.6
      vertex 1.20443 1.33766 0.6
    endloop
  endfacet
  facet normal 0.762344 0.247706 -0.59789
    outer loop
      vertex -1.64438 -0.732125 0.6
      vertex -2.46657 -1.09819 -0.6
      vertex -2.641 -0.561361 -0.6
    endloop
  endfacet
  facet normal -0.797186 -0.0837997 -0.59789
    outer loop
      vertex 2.7 0 -0.6
      vertex 1.8 0 0.6
      vertex 1.76066 0.374241 0.6
    endloop
  endfacet
  facet normal -0.797185 -0.0837855 -0.597893
    outer loop
      vertex 2.641 0.561361 -0.6
      vertex 2.7 0 -0.6
      vertex 1.76066 0.374241 0.6
    endloop
  endfacet
  facet normal 0.694185 0.400788 -0.597893
    outer loop
      vertex -1.64438 -0.732125 0.6
      vertex -1.45623 -1.05801 0.6
      vertex -2.18435 -1.58702 -0.6
    endloop
  endfacet
  facet normal -0.69419 -0.400782 -0.597891
    outer loop
      vertex 2.18435 1.58702 -0.6
      vertex 2.46657 1.09819 -0.6
      vertex 1.64438 0.732125 0.6
    endloop
  endfacet
  facet normal 0.69419 -0.400782 -0.597891
    outer loop
      vertex -2.18435 1.58702 -0.6
      vertex -1.64438 0.732125 0.6
      vertex -2.46657 1.09819 -0.6
    endloop
  endfacet
  facet normal -0.326027 0.73228 -0.59789
    outer loop
      vertex 1.35 -2.33827 -0.6
      vertex 0.834346 -2.56785 -0.6
      vertex 0.556231 -1.7119 0.6
    endloop
  endfacet
  facet normal -0.762344 -0.247706 -0.59789
    outer loop
      vertex 2.46657 1.09819 -0.6
      vertex 2.641 0.561361 -0.6
      vertex 1.64438 0.732125 0.6
    endloop
  endfacet
  facet normal -0.326021 -0.732284 -0.597888
    outer loop
      vertex 1.35 2.33827 -0.6
      vertex 0.9 1.55885 0.6
      vertex 0.556231 1.7119 0.6
    endloop
  endfacet
  facet normal -0.326021 0.732284 -0.597888
    outer loop
      vertex 0.9 -1.55885 0.6
      vertex 1.35 -2.33827 -0.6
      vertex 0.556231 -1.7119 0.6
    endloop
  endfacet
  facet normal -0.471167 0.648481 -0.597891
    outer loop
      vertex 1.20443 -1.33766 0.6
      vertex 1.80665 -2.00649 -0.6
      vertex 0.9 -1.55885 0.6
    endloop
  endfacet
  facet normal 0.47116 0.648488 -0.597889
    outer loop
      vertex -0.9 -1.55885 0.6
      vertex -1.35 -2.33827 -0.6
      vertex -1.80665 -2.00649 -0.6
    endloop
  endfacet
  facet normal 0.326027 0.73228 -0.59789
    outer loop
      vertex -0.556231 -1.7119 0.6
      vertex -0.834346 -2.56785 -0.6
      vertex -1.35 -2.33827 -0.6
    endloop
  endfacet
  facet normal 0.166661 -0.784061 -0.59789
    outer loop
      vertex -0.282227 2.68521 -0.6
      vertex -0.18815 1.79014 0.6
      vertex -0.556231 1.7119 0.6
    endloop
  endfacet
  facet normal 0.166662 -0.784061 -0.59789
    outer loop
      vertex -0.282227 2.68521 -0.6
      vertex -0.556231 1.7119 0.6
      vertex -0.834346 2.56785 -0.6
    endloop
  endfacet
  facet normal -0.326027 -0.73228 -0.59789
    outer loop
      vertex 0.834346 2.56785 -0.6
      vertex 1.35 2.33827 -0.6
      vertex 0.556231 1.7119 0.6
    endloop
  endfacet
  facet normal -0.694185 -0.400788 -0.597893
    outer loop
      vertex 2.18435 1.58702 -0.6
      vertex 1.64438 0.732125 0.6
      vertex 1.45623 1.05801 0.6
    endloop
  endfacet
  facet normal 0.762344 -0.247706 -0.59789
    outer loop
      vertex -2.46657 1.09819 -0.6
      vertex -1.64438 0.732125 0.6
      vertex -2.641 0.561361 -0.6
    endloop
  endfacet
  facet normal 0.797186 -0.0837997 -0.59789
    outer loop
      vertex -1.76066 0.374241 0.6
      vertex -1.8 0 0.6
      vertex -2.7 0 -0.6
    endloop
  endfacet
  facet normal -0.471167 -0.648481 -0.597891
    outer loop
      vertex 1.80665 2.00649 -0.6
      vertex 1.20443 1.33766 0.6
      vertex 0.9 1.55885 0.6
    endloop
  endfacet
  facet normal -0.595682 0.536365 -0.597892
    outer loop
      vertex 2.18435 -1.58702 -0.6
      vertex 1.80665 -2.00649 -0.6
      vertex 1.45623 -1.05801 0.6
    endloop
  endfacet
  facet normal -0.694185 0.400788 -0.597893
    outer loop
      vertex 1.64438 -0.732125 0.6
      vertex 2.18435 -1.58702 -0.6
      vertex 1.45623 -1.05801 0.6
    endloop
  endfacet
  facet normal 0.326021 0.732284 -0.597888
    outer loop
      vertex -0.9 -1.55885 0.6
      vertex -0.556231 -1.7119 0.6
      vertex -1.35 -2.33827 -0.6
    endloop
  endfacet
  facet normal 0.69419 0.400782 -0.597891
    outer loop
      vertex -1.64438 -0.732125 0.6
      vertex -2.18435 -1.58702 -0.6
      vertex -2.46657 -1.09819 -0.6
    endloop
  endfacet
  facet normal -0.595682 -0.536365 -0.597892
    outer loop
      vertex 1.80665 2.00649 -0.6
      vertex 2.18435 1.58702 -0.6
      vertex 1.45623 1.05801 0.6
    endloop
  endfacet
  facet normal -0.595686 0.536362 -0.597891
    outer loop
      vertex 1.45623 -1.05801 0.6
      vertex 1.80665 -2.00649 -0.6
      vertex 1.20443 -1.33766 0.6
    endloop
  endfacet
  facet normal -0.47116 -0.648488 -0.597889
    outer loop
      vertex 1.35 2.33827 -0.6
      vertex 1.80665 2.00649 -0.6
      vertex 0.9 1.55885 0.6
    endloop
  endfacet
  facet normal 0.595686 0.536362 -0.597891
    outer loop
      vertex -1.45623 -1.05801 0.6
      vertex -1.20443 -1.33766 0.6
      vertex -1.80665 -2.00649 -0.6
    endloop
  endfacet
  facet normal -0.166662 -0.784061 -0.59789
    outer loop
      vertex 0.834346 2.56785 -0.6
      vertex 0.556231 1.7119 0.6
      vertex 0.282227 2.68521 -0.6
    endloop
  endfacet
  facet normal 0.471167 0.648481 -0.597891
    outer loop
      vertex -1.20443 -1.33766 0.6
      vertex -0.9 -1.55885 0.6
      vertex -1.80665 -2.00649 -0.6
    endloop
  endfacet
  facet normal 0.797185 0.0837855 -0.597893
    outer loop
      vertex -1.76066 -0.374241 0.6
      vertex -2.641 -0.561361 -0.6
      vertex -2.7 0 -0.6
    endloop
  endfacet
  facet normal -0.797185 0.0837855 -0.597893
    outer loop
      vertex 2.7 0 -0.6
      vertex 2.641 -0.561361 -0.6
      vertex 1.76066 -0.374241 0.6
    endloop
  endfacet
  facet normal -0.797186 0.0837997 -0.59789
    outer loop
      vertex 1.8 0 0.6
      vertex 2.7 0 -0.6
      vertex 1.76066 -0.374241 0.6
    endloop
  endfacet
  facet normal 0.166661 0.784061 -0.59789
    outer loop
      vertex -0.18815 -1.79014 0.6
      vertex -0.282227 -2.68521 -0.6
      vertex -0.556231 -1.7119 0.6
    endloop
  endfacet
  facet normal 0.797186 0.0837997 -0.59789
    outer loop
      vertex -1.8 0 0.6
      vertex -1.76066 -0.374241 0.6
      vertex -2.7 0 -0.6
    endloop
  endfacet
  facet normal 0.595682 -0.536365 -0.597892
    outer loop
      vertex -1.80665 2.00649 -0.6
      vertex -1.45623 1.05801 0.6
      vertex -2.18435 1.58702 -0.6
    endloop
  endfacet
  facet normal 0.166662 0.784061 -0.59789
    outer loop
      vertex -0.556231 -1.7119 0.6
      vertex -0.282227 -2.68521 -0.6
      vertex -0.834346 -2.56785 -0.6
    endloop
  endfacet
  facet normal 0.797185 -0.0837855 -0.597893
    outer loop
      vertex -2.641 0.561361 -0.6
      vertex -1.76066 0.374241 0.6
      vertex -2.7 0 -0.6
    endloop
  endfacet
  facet normal -0.762346 -0.247694 -0.597893
    outer loop
      vertex 2.641 0.561361 -0.6
      vertex 1.76066 0.374241 0.6
      vertex 1.64438 0.732125 0.6
    endloop
  endfacet
  facet normal -0.69419 0.400782 -0.597891
    outer loop
      vertex 2.46657 -1.09819 -0.6
      vertex 2.18435 -1.58702 -0.6
      vertex 1.64438 -0.732125 0.6
    endloop
  endfacet
  facet normal -0.762344 0.247706 -0.59789
    outer loop
      vertex 2.641 -0.561361 -0.6
      vertex 2.46657 -1.09819 -0.6
      vertex 1.64438 -0.732125 0.6
    endloop
  endfacet
  facet normal 0.762346 0.247694 -0.597893
    outer loop
      vertex -1.76066 -0.374241 0.6
      vertex -1.64438 -0.732125 0.6
      vertex -2.641 -0.561361 -0.6
    endloop
  endfacet
  facet normal 0.595682 0.536365 -0.597892
    outer loop
      vertex -1.45623 -1.05801 0.6
      vertex -1.80665 -2.00649 -0.6
      vertex -2.18435 -1.58702 -0.6
    endloop
  endfacet
  facet normal 0.326021 -0.732284 -0.597888
    outer loop
      vertex -0.556231 1.7119 0.6
      vertex -0.9 1.55885 0.6
      vertex -1.35 2.33827 -0.6
    endloop
  endfacet
  facet normal -0.166661 -0.784061 -0.59789
    outer loop
      vertex 0.282227 2.68521 -0.6
      vertex 0.556231 1.7119 0.6
      vertex 0.18815 1.79014 0.6
    endloop
  endfacet
  facet normal -0.47116 0.648488 -0.597889
    outer loop
      vertex 1.80665 -2.00649 -0.6
      vertex 1.35 -2.33827 -0.6
      vertex 0.9 -1.55885 0.6
    endloop
  endfacet
  facet normal -0.166662 0.784061 -0.59789
    outer loop
      vertex 0.556231 -1.7119 0.6
      vertex 0.834346 -2.56785 -0.6
      vertex 0.282227 -2.68521 -0.6
    endloop
  endfacet
  facet normal -0.762346 0.247694 -0.597893
    outer loop
      vertex 1.76066 -0.374241 0.6
      vertex 2.641 -0.561361 -0.6
      vertex 1.64438 -0.732125 0.6
    endloop
  endfacet
  facet normal 0 -0.801578 -0.59789
    outer loop
      vertex -0.282227 2.68521 -0.6
      vertex 0.18815 1.79014 0.6
      vertex -0.18815 1.79014 0.6
    endloop
  endfacet
  facet normal 0 -0.801578 -0.59789
    outer loop
      vertex 0.18815 1.79014 0.6
      vertex -0.282227 2.68521 -0.6
      vertex 0.282227 2.68521 -0.6
    endloop
  endfacet
  facet normal -0.166661 0.784061 -0.59789
    outer loop
      vertex 0.556231 -1.7119 0.6
      vertex 0.282227 -2.68521 -0.6
      vertex 0.18815 -1.79014 0.6
    endloop
  endfacet
  facet normal 0.326027 -0.73228 -0.59789
    outer loop
      vertex -0.834346 2.56785 -0.6
      vertex -0.556231 1.7119 0.6
      vertex -1.35 2.33827 -0.6
    endloop
  endfacet
  facet normal 0.47116 -0.648488 -0.597889
    outer loop
      vertex -1.35 2.33827 -0.6
      vertex -0.9 1.55885 0.6
      vertex -1.80665 2.00649 -0.6
    endloop
  endfacet
  facet normal 0 0.801578 -0.59789
    outer loop
      vertex 0.282227 -2.68521 -0.6
      vertex -0.18815 -1.79014 0.6
      vertex 0.18815 -1.79014 0.6
    endloop
  endfacet
  facet normal 0 0.801578 -0.59789
    outer loop
      vertex -0.18815 -1.79014 0.6
      vertex 0.282227 -2.68521 -0.6
      vertex -0.282227 -2.68521 -0.6
    endloop
  endfacet
  facet normal 0.595686 -0.536362 -0.597891
    outer loop
      vertex -1.20443 1.33766 0.6
      vertex -1.45623 1.05801 0.6
      vertex -1.80665 2.00649 -0.6
    endloop
  endfacet
  facet normal 0.471167 -0.648481 -0.597891
    outer loop
      vertex -0.9 1.55885 0.6
      vertex -1.20443 1.33766 0.6
      vertex -1.80665 2.00649 -0.6
    endloop
  endfacet
  facet normal 0.762346 -0.247694 -0.597893
    outer loop
      vertex -1.64438 0.732125 0.6
      vertex -1.76066 0.374241 0.6
      vertex -2.641 0.561361 -0.6
    endloop
  endfacet
  facet normal 0.694185 -0.400788 -0.597893
    outer loop
      vertex -1.45623 1.05801 0.6
      vertex -1.64438 0.732125 0.6
      vertex -2.18435 1.58702 -0.6
    endloop
  endfacet
  facet normal 0 0 -1
    outer loop
      vertex 1.76066 -0.374241 0.6
      vertex 1.76066 0.374241 0.6
      vertex 1.8 0 0.6
    endloop
  endfacet
  facet normal 0 0 -1
    outer loop
      vertex 1.64438 -0.732125 0.6
      vertex 1.76066 0.374241 0.6
      vertex 1.76066 -0.374241 0.6
    endloop
  endfacet
  facet normal 0 0 -1
    outer loop
      vertex 1.64438 -0.732125 0.6
      vertex 1.64438 0.732125 0.6
      vertex 1.76066 0.374241 0.6
    endloop
  endfacet
  facet normal 0 0 -1
    outer loop
      vertex 1.45623 -1.05801 0.6
      vertex 1.64438 0.732125 0.6
      vertex 1.64438 -0.732125 0.6
    endloop
  endfacet
  facet normal 0 0 -1
    outer loop
      vertex 1.45623 -1.05801 0.6
      vertex 1.45623 1.05801 0.6
      vertex 1.64438 0.732125 0.6
    endloop
  endfacet
  facet normal 0 0 -1
    outer loop
      vertex 1.20443 -1.33766 0.6
      vertex 1.45623 1.05801 0.6
      vertex 1.45623 -1.05801 0.6
    endloop
  endfacet
  facet normal 0 0 -1
    outer loop
      vertex 1.20443 -1.33766 0.6
      vertex 1.20443 1.33766 0.6
      vertex 1.45623 1.05801 0.6
    endloop
  endfacet
  facet normal 0 0 -1
    outer loop
      vertex 0.9 -1.55885 0.6
      vertex 1.20443 1.33766 0.6
      vertex 1.20443 -1.33766 0.6
    endloop
  endfacet
  facet normal 0 0 -1
    outer loop
      vertex 0.9 -1.55885 0.6
      vertex 0.9 1.55885 0.6
      vertex 1.20443 1.33766 0.6
    endloop
  endfacet
  facet normal 0 0 -1
    outer loop
      vertex 0.556231 -1.7119 0.6
      vertex 0.9 1.55885 0.6
      vertex 0.9 -1.55885 0.6
    endloop
  endfacet
  facet normal 0 0 -1
    outer loop
      vertex 0.556231 -1.7119 0.6
      vertex 0.556231 1.7119 0.6
      vertex 0.9 1.55885 0.6
    endloop
  endfacet
  facet normal 0 0 -1
    outer loop
      vertex 0.18815 -1.79014 0.6
      vertex 0.556231 1.7119 0.6
      vertex 0.556231 -1.7119 0.6
    endloop
  endfacet
  facet normal 0 0 -1
    outer loop
      vertex 0.18815 -1.79014 0.6
      vertex 0.18815 1.79014 0.6
      vertex 0.556231 1.7119 0.6
    endloop
  endfacet
  facet normal 0 0 -1
    outer loop
      vertex -0.18815 -1.79014 0.6
      vertex 0.18815 1.79014 0.6
      vertex 0.18815 -1.79014 0.6
    endloop
  endfacet
  facet normal 0 0 -1
    outer loop
      vertex -0.18815 -1.79014 0.6
      vertex -0.18815 1.79014 0.6
      vertex 0.18815 1.79014 0.6
    endloop
  endfacet
  facet normal 0 0 -1
    outer loop
      vertex -0.556231 -1.7119 0.6
      vertex -0.18815 1.79014 0.6
      vertex -0.18815 -1.79014 0.6
    endloop
  endfacet
  facet normal 0 0 -1
    outer loop
      vertex -0.556231 -1.7119 0.6
      vertex -0.556231 1.7119 0.6
      vertex -0.18815 1.79014 0.6
    endloop
  endfacet
  facet normal 0 0 -1
    outer loop
      vertex -0.9 -1.55885 0.6
      vertex -0.556231 1.7119 0.6
      vertex -0.556231 -1.7119 0.6
    endloop
  endfacet
  facet normal 0 0 -1
    outer loop
      vertex -0.9 -1.55885 0.6
      vertex -0.9 1.55885 0.6
      vertex -0.556231 1.7119 0.6
    endloop
  endfacet
  facet normal 0 0 -1
    outer loop
      vertex -1.20443 -1.33766 0.6
      vertex -0.9 1.55885 0.6
      vertex -0.9 -1.55885 0.6
    endloop
  endfacet
  facet normal 0 0 -1
    outer loop
      vertex -1.20443 -1.33766 0.6
      vertex -1.20443 1.33766 0.6
      vertex -0.9 1.55885 0.6
    endloop
  endfacet
  facet normal 0 0 -1
    outer loop
      vertex -1.45623 -1.05801 0.6
      vertex -1.20443 1.33766 0.6
      vertex -1.20443 -1.33766 0.6
    endloop
  endfacet
  facet normal 0 0 -1
    outer loop
      vertex -1.45623 -1.05801 0.6
      vertex -1.45623 1.05801 0.6
      vertex -1.20443 1.33766 0.6
    endloop
  endfacet
  facet normal 0 0 -1
    outer loop
      vertex -1.64438 -0.732125 0.6
      vertex -1.45623 1.05801 0.6
      vertex -1.45623 -1.05801 0.6
    endloop
  endfacet
  facet normal 0 0 -1
    outer loop
      vertex -1.64438 -0.732125 0.6
      vertex -1.64438 0.732125 0.6
      vertex -1.45623 1.05801 0.6
    endloop
  endfacet
  facet normal 0 0 -1
    outer loop
      vertex -1.76066 -0.374241 0.6
      vertex -1.64438 0.732125 0.6
      vertex -1.64438 -0.732125 0.6
    endloop
  endfacet
  facet normal 0 0 -1
    outer loop
      vertex -1.76066 -0.374241 0.6
      vertex -1.76066 0.374241 0.6
      vertex -1.64438 0.732125 0.6
    endloop
  endfacet
  facet normal 0 -0 -1
    outer loop
      vertex -1.76066 0.374241 0.6
      vertex -1.76066 -0.374241 0.6
      vertex -1.8 0 0.6
    endloop
  endfacet
  facet normal 0.743149 0.669126 0
    outer loop
      vertex -2.14122 -9.87806 -0.6
      vertex -2.58885 -9.38091 -2.5
      vertex -2.58885 -9.38091 -0.6
    endloop
  endfacet
  facet normal 0.743149 0.669126 0
    outer loop
      vertex -2.58885 -9.38091 -2.5
      vertex -2.14122 -9.87806 -0.6
      vertex -2.14122 -9.87806 -2.5
    endloop
  endfacet
  facet normal -0.951055 -0.309021 0
    outer loop
      vertex 3.13007 -6.83468 -2.5
      vertex 2.92334 -6.19844 -0.6
      vertex 2.92334 -6.19844 -2.5
    endloop
  endfacet
  facet normal -0.951055 -0.309021 0
    outer loop
      vertex 2.92334 -6.19844 -0.6
      vertex 3.13007 -6.83468 -2.5
      vertex 3.13007 -6.83468 -0.6
    endloop
  endfacet
  facet normal -0.994522 -0.104531 0
    outer loop
      vertex 3.2 -7.5 -2.5
      vertex 3.13007 -6.83468 -0.6
      vertex 3.13007 -6.83468 -2.5
    endloop
  endfacet
  facet normal -0.994522 -0.104531 0
    outer loop
      vertex 3.13007 -6.83468 -0.6
      vertex 3.2 -7.5 -2.5
      vertex 3.2 -7.5 -0.6
    endloop
  endfacet
  facet normal -0.866024 -0.500002 0
    outer loop
      vertex 2.92334 -6.19844 -2.5
      vertex 2.58885 -5.61909 -0.6
      vertex 2.58885 -5.61909 -2.5
    endloop
  endfacet
  facet normal -0.866024 -0.500002 0
    outer loop
      vertex 2.58885 -5.61909 -0.6
      vertex 2.92334 -6.19844 -2.5
      vertex 2.92334 -6.19844 -0.6
    endloop
  endfacet
  facet normal -0.951055 0.309021 0
    outer loop
      vertex 2.92334 -8.80156 -2.5
      vertex 3.13007 -8.16532 -0.6
      vertex 3.13007 -8.16532 -2.5
    endloop
  endfacet
  facet normal -0.951055 0.309021 0
    outer loop
      vertex 3.13007 -8.16532 -0.6
      vertex 2.92334 -8.80156 -2.5
      vertex 2.92334 -8.80156 -0.6
    endloop
  endfacet
  facet normal -0.587805 0.809002 0
    outer loop
      vertex 2.14122 -9.87806 -2.5
      vertex 1.6 -10.2713 -0.6
      vertex 2.14122 -9.87806 -0.6
    endloop
  endfacet
  facet normal -0.587805 0.809002 0
    outer loop
      vertex 1.6 -10.2713 -0.6
      vertex 2.14122 -9.87806 -2.5
      vertex 1.6 -10.2713 -2.5
    endloop
  endfacet
  facet normal -0.743149 0.669126 0
    outer loop
      vertex 2.14122 -9.87806 -2.5
      vertex 2.58885 -9.38091 -0.6
      vertex 2.58885 -9.38091 -2.5
    endloop
  endfacet
  facet normal -0.743149 0.669126 0
    outer loop
      vertex 2.58885 -9.38091 -0.6
      vertex 2.14122 -9.87806 -2.5
      vertex 2.14122 -9.87806 -0.6
    endloop
  endfacet
  facet normal -0.994522 0.104531 0
    outer loop
      vertex 3.13007 -8.16532 -2.5
      vertex 3.2 -7.5 -0.6
      vertex 3.2 -7.5 -2.5
    endloop
  endfacet
  facet normal -0.994522 0.104531 0
    outer loop
      vertex 3.2 -7.5 -0.6
      vertex 3.13007 -8.16532 -2.5
      vertex 3.13007 -8.16532 -0.6
    endloop
  endfacet
  facet normal 0.406736 0.913546 -0
    outer loop
      vertex -0.988853 -10.5434 -2.5
      vertex -1.6 -10.2713 -0.6
      vertex -0.988853 -10.5434 -0.6
    endloop
  endfacet
  facet normal 0.406736 0.913546 0
    outer loop
      vertex -1.6 -10.2713 -0.6
      vertex -0.988853 -10.5434 -2.5
      vertex -1.6 -10.2713 -2.5
    endloop
  endfacet
  facet normal -0.406736 -0.913546 0
    outer loop
      vertex 0.988853 -4.45662 -2.5
      vertex 1.6 -4.72872 -0.6
      vertex 0.988853 -4.45662 -0.6
    endloop
  endfacet
  facet normal -0.406736 -0.913546 -0
    outer loop
      vertex 1.6 -4.72872 -0.6
      vertex 0.988853 -4.45662 -2.5
      vertex 1.6 -4.72872 -2.5
    endloop
  endfacet
  facet normal -0.743149 -0.669126 0
    outer loop
      vertex 2.58885 -5.61909 -2.5
      vertex 2.14122 -5.12194 -0.6
      vertex 2.14122 -5.12194 -2.5
    endloop
  endfacet
  facet normal -0.743149 -0.669126 0
    outer loop
      vertex 2.14122 -5.12194 -0.6
      vertex 2.58885 -5.61909 -2.5
      vertex 2.58885 -5.61909 -0.6
    endloop
  endfacet
  facet normal 0.587805 0.809002 -0
    outer loop
      vertex -1.6 -10.2713 -2.5
      vertex -2.14122 -9.87806 -0.6
      vertex -1.6 -10.2713 -0.6
    endloop
  endfacet
  facet normal 0.587805 0.809002 0
    outer loop
      vertex -2.14122 -9.87806 -0.6
      vertex -1.6 -10.2713 -2.5
      vertex -2.14122 -9.87806 -2.5
    endloop
  endfacet
  facet normal 0.743149 -0.669126 0
    outer loop
      vertex -2.58885 -5.61909 -0.6
      vertex -2.14122 -5.12194 -2.5
      vertex -2.14122 -5.12194 -0.6
    endloop
  endfacet
  facet normal 0.743149 -0.669126 0
    outer loop
      vertex -2.14122 -5.12194 -2.5
      vertex -2.58885 -5.61909 -0.6
      vertex -2.58885 -5.61909 -2.5
    endloop
  endfacet
  facet normal 0 -1 0
    outer loop
      vertex -0.334491 -4.31753 -2.5
      vertex 0.334491 -4.31753 -0.6
      vertex -0.334491 -4.31753 -0.6
    endloop
  endfacet
  facet normal 0 -1 -0
    outer loop
      vertex 0.334491 -4.31753 -0.6
      vertex -0.334491 -4.31753 -2.5
      vertex 0.334491 -4.31753 -2.5
    endloop
  endfacet
  facet normal -0.406736 0.913546 0
    outer loop
      vertex 1.6 -10.2713 -2.5
      vertex 0.988853 -10.5434 -0.6
      vertex 1.6 -10.2713 -0.6
    endloop
  endfacet
  facet normal -0.406736 0.913546 0
    outer loop
      vertex 0.988853 -10.5434 -0.6
      vertex 1.6 -10.2713 -2.5
      vertex 0.988853 -10.5434 -2.5
    endloop
  endfacet
  facet normal -0.207928 0.978144 0
    outer loop
      vertex 0.988853 -10.5434 -2.5
      vertex 0.334491 -10.6825 -0.6
      vertex 0.988853 -10.5434 -0.6
    endloop
  endfacet
  facet normal -0.207928 0.978144 0
    outer loop
      vertex 0.334491 -10.6825 -0.6
      vertex 0.988853 -10.5434 -2.5
      vertex 0.334491 -10.6825 -2.5
    endloop
  endfacet
  facet normal 0.951055 -0.309021 0
    outer loop
      vertex -3.13007 -6.83468 -0.6
      vertex -2.92334 -6.19844 -2.5
      vertex -2.92334 -6.19844 -0.6
    endloop
  endfacet
  facet normal 0.951055 -0.309021 0
    outer loop
      vertex -2.92334 -6.19844 -2.5
      vertex -3.13007 -6.83468 -0.6
      vertex -3.13007 -6.83468 -2.5
    endloop
  endfacet
  facet normal 0.951055 0.309021 0
    outer loop
      vertex -2.92334 -8.80156 -0.6
      vertex -3.13007 -8.16532 -2.5
      vertex -3.13007 -8.16532 -0.6
    endloop
  endfacet
  facet normal 0.951055 0.309021 0
    outer loop
      vertex -3.13007 -8.16532 -2.5
      vertex -2.92334 -8.80156 -0.6
      vertex -2.92334 -8.80156 -2.5
    endloop
  endfacet
  facet normal 0.406736 -0.913546 0
    outer loop
      vertex -1.6 -4.72872 -2.5
      vertex -0.988853 -4.45662 -0.6
      vertex -1.6 -4.72872 -0.6
    endloop
  endfacet
  facet normal 0.406736 -0.913546 0
    outer loop
      vertex -0.988853 -4.45662 -0.6
      vertex -1.6 -4.72872 -2.5
      vertex -0.988853 -4.45662 -2.5
    endloop
  endfacet
  facet normal 0.207928 0.978144 -0
    outer loop
      vertex -0.334491 -10.6825 -2.5
      vertex -0.988853 -10.5434 -0.6
      vertex -0.334491 -10.6825 -0.6
    endloop
  endfacet
  facet normal 0.207928 0.978144 0
    outer loop
      vertex -0.988853 -10.5434 -0.6
      vertex -0.334491 -10.6825 -2.5
      vertex -0.988853 -10.5434 -2.5
    endloop
  endfacet
  facet normal -0.207913 -0.978147 0
    outer loop
      vertex 0.334491 -4.31753 -2.5
      vertex 0.988853 -4.45662 -0.6
      vertex 0.334491 -4.31753 -0.6
    endloop
  endfacet
  facet normal -0.207913 -0.978147 -0
    outer loop
      vertex 0.988853 -4.45662 -0.6
      vertex 0.334491 -4.31753 -2.5
      vertex 0.988853 -4.45662 -2.5
    endloop
  endfacet
  facet normal 0.994522 0.104531 0
    outer loop
      vertex -3.13007 -8.16532 -0.6
      vertex -3.2 -7.5 -2.5
      vertex -3.2 -7.5 -0.6
    endloop
  endfacet
  facet normal 0.994522 0.104531 0
    outer loop
      vertex -3.2 -7.5 -2.5
      vertex -3.13007 -8.16532 -0.6
      vertex -3.13007 -8.16532 -2.5
    endloop
  endfacet
  facet normal 0.866024 0.500002 0
    outer loop
      vertex -2.58885 -9.38091 -0.6
      vertex -2.92334 -8.80156 -2.5
      vertex -2.92334 -8.80156 -0.6
    endloop
  endfacet
  facet normal 0.866024 0.500002 0
    outer loop
      vertex -2.92334 -8.80156 -2.5
      vertex -2.58885 -9.38091 -0.6
      vertex -2.58885 -9.38091 -2.5
    endloop
  endfacet
  facet normal 0.866024 -0.500002 0
    outer loop
      vertex -2.92334 -6.19844 -0.6
      vertex -2.58885 -5.61909 -2.5
      vertex -2.58885 -5.61909 -0.6
    endloop
  endfacet
  facet normal 0.866024 -0.500002 0
    outer loop
      vertex -2.58885 -5.61909 -2.5
      vertex -2.92334 -6.19844 -0.6
      vertex -2.92334 -6.19844 -2.5
    endloop
  endfacet
  facet normal -0.866024 0.500002 0
    outer loop
      vertex 2.58885 -9.38091 -2.5
      vertex 2.92334 -8.80156 -0.6
      vertex 2.92334 -8.80156 -2.5
    endloop
  endfacet
  facet normal -0.866024 0.500002 0
    outer loop
      vertex 2.92334 -8.80156 -0.6
      vertex 2.58885 -9.38091 -2.5
      vertex 2.58885 -9.38091 -0.6
    endloop
  endfacet
  facet normal -0.587786 -0.809017 0
    outer loop
      vertex 1.6 -4.72872 -2.5
      vertex 2.14122 -5.12194 -0.6
      vertex 1.6 -4.72872 -0.6
    endloop
  endfacet
  facet normal -0.587786 -0.809017 -0
    outer loop
      vertex 2.14122 -5.12194 -0.6
      vertex 1.6 -4.72872 -2.5
      vertex 2.14122 -5.12194 -2.5
    endloop
  endfacet
  facet normal 0.587786 -0.809017 0
    outer loop
      vertex -2.14122 -5.12194 -2.5
      vertex -1.6 -4.72872 -0.6
      vertex -2.14122 -5.12194 -0.6
    endloop
  endfacet
  facet normal 0.587786 -0.809017 0
    outer loop
      vertex -1.6 -4.72872 -0.6
      vertex -2.14122 -5.12194 -2.5
      vertex -1.6 -4.72872 -2.5
    endloop
  endfacet
  facet normal 0.207913 -0.978147 0
    outer loop
      vertex -0.988853 -4.45662 -2.5
      vertex -0.334491 -4.31753 -0.6
      vertex -0.988853 -4.45662 -0.6
    endloop
  endfacet
  facet normal 0.207913 -0.978147 0
    outer loop
      vertex -0.334491 -4.31753 -0.6
      vertex -0.988853 -4.45662 -2.5
      vertex -0.334491 -4.31753 -2.5
    endloop
  endfacet
  facet normal 0 1 -0
    outer loop
      vertex 0.334491 -10.6825 -2.5
      vertex -0.334491 -10.6825 -0.6
      vertex 0.334491 -10.6825 -0.6
    endloop
  endfacet
  facet normal 0 1 0
    outer loop
      vertex -0.334491 -10.6825 -0.6
      vertex 0.334491 -10.6825 -2.5
      vertex -0.334491 -10.6825 -2.5
    endloop
  endfacet
  facet normal 0.994522 -0.104531 0
    outer loop
      vertex -3.2 -7.5 -0.6
      vertex -3.13007 -6.83468 -2.5
      vertex -3.13007 -6.83468 -0.6
    endloop
  endfacet
  facet normal 0.994522 -0.104531 0
    outer loop
      vertex -3.13007 -6.83468 -2.5
      vertex -3.2 -7.5 -0.6
      vertex -3.2 -7.5 -2.5
    endloop
  endfacet
  facet normal -0.745113 -0.078318 -0.662324
    outer loop
      vertex 3.2 -7.5 -0.6
      vertex 2.13333 -7.5 0.6
      vertex 2.08671 -7.05646 0.6
    endloop
  endfacet
  facet normal -0.745112 -0.0783168 -0.662325
    outer loop
      vertex 3.13007 -6.83468 -0.6
      vertex 3.2 -7.5 -0.6
      vertex 2.08671 -7.05646 0.6
    endloop
  endfacet
  facet normal -0.648839 0.374615 -0.662323
    outer loop
      vertex 1.9489 -8.3677 0.6
      vertex 2.58885 -9.38091 -0.6
      vertex 1.7259 -8.75394 0.6
    endloop
  endfacet
  facet normal 0.648842 -0.374611 -0.662322
    outer loop
      vertex -2.58885 -5.61909 -0.6
      vertex -1.9489 -6.6323 0.6
      vertex -2.92334 -6.19844 -0.6
    endloop
  endfacet
  facet normal -0.44038 -0.60613 -0.662323
    outer loop
      vertex 1.6 -4.72872 -0.6
      vertex 2.14122 -5.12194 -0.6
      vertex 1.06667 -5.65248 0.6
    endloop
  endfacet
  facet normal -0.155772 -0.732846 -0.662323
    outer loop
      vertex 0.988853 -4.45662 -0.6
      vertex 0.659236 -5.47108 0.6
      vertex 0.334491 -4.31753 -0.6
    endloop
  endfacet
  facet normal 0.556778 0.501324 -0.662324
    outer loop
      vertex -1.7259 -8.75394 0.6
      vertex -1.42748 -9.08537 0.6
      vertex -2.14122 -9.87806 -0.6
    endloop
  endfacet
  facet normal -0.556778 -0.501324 -0.662324
    outer loop
      vertex 2.14122 -5.12194 -0.6
      vertex 1.7259 -6.24606 0.6
      vertex 1.42748 -5.91463 0.6
    endloop
  endfacet
  facet normal -0.712546 0.231524 -0.662325
    outer loop
      vertex 3.13007 -8.16532 -0.6
      vertex 2.92334 -8.80156 -0.6
      vertex 2.08671 -7.94354 0.6
    endloop
  endfacet
  facet normal -0.304735 -0.684445 -0.662323
    outer loop
      vertex 1.6 -4.72872 -0.6
      vertex 1.06667 -5.65248 0.6
      vertex 0.988853 -4.45662 -0.6
    endloop
  endfacet
  facet normal 0.648842 0.374611 -0.662322
    outer loop
      vertex -1.9489 -8.3677 0.6
      vertex -2.58885 -9.38091 -0.6
      vertex -2.92334 -8.80156 -0.6
    endloop
  endfacet
  facet normal -0.648842 -0.374611 -0.662322
    outer loop
      vertex 2.58885 -5.61909 -0.6
      vertex 2.92334 -6.19844 -0.6
      vertex 1.9489 -6.6323 0.6
    endloop
  endfacet
  facet normal 0.712555 0.23151 -0.662321
    outer loop
      vertex -2.08671 -7.94354 0.6
      vertex -1.9489 -8.3677 0.6
      vertex -2.92334 -8.80156 -0.6
    endloop
  endfacet
  facet normal 0.745113 -0.078318 -0.662324
    outer loop
      vertex -2.08671 -7.05646 0.6
      vertex -2.13333 -7.5 0.6
      vertex -3.2 -7.5 -0.6
    endloop
  endfacet
  facet normal 0.556778 -0.501324 -0.662324
    outer loop
      vertex -1.42748 -5.91463 0.6
      vertex -1.7259 -6.24606 0.6
      vertex -2.14122 -5.12194 -0.6
    endloop
  endfacet
  facet normal 0.745112 -0.0783168 -0.662325
    outer loop
      vertex -3.13007 -6.83468 -0.6
      vertex -2.08671 -7.05646 0.6
      vertex -3.2 -7.5 -0.6
    endloop
  endfacet
  facet normal 0.304732 0.68444 -0.662329
    outer loop
      vertex -1.06667 -9.34752 0.6
      vertex -0.988853 -10.5434 -0.6
      vertex -1.6 -10.2713 -0.6
    endloop
  endfacet
  facet normal -0.556781 -0.501321 -0.662323
    outer loop
      vertex 2.14122 -5.12194 -0.6
      vertex 2.58885 -5.61909 -0.6
      vertex 1.7259 -6.24606 0.6
    endloop
  endfacet
  facet normal -0.440386 -0.606124 -0.662325
    outer loop
      vertex 2.14122 -5.12194 -0.6
      vertex 1.42748 -5.91463 0.6
      vertex 1.06667 -5.65248 0.6
    endloop
  endfacet
  facet normal 0.648839 0.374615 -0.662323
    outer loop
      vertex -1.9489 -8.3677 0.6
      vertex -1.7259 -8.75394 0.6
      vertex -2.58885 -9.38091 -0.6
    endloop
  endfacet
  facet normal -0.304733 -0.684446 -0.662323
    outer loop
      vertex 0.988853 -4.45662 -0.6
      vertex 1.06667 -5.65248 0.6
      vertex 0.659236 -5.47108 0.6
    endloop
  endfacet
  facet normal 0.712546 -0.231524 -0.662325
    outer loop
      vertex -2.92334 -6.19844 -0.6
      vertex -2.08671 -7.05646 0.6
      vertex -3.13007 -6.83468 -0.6
    endloop
  endfacet
  facet normal 0.648839 -0.374615 -0.662323
    outer loop
      vertex -1.7259 -6.24606 0.6
      vertex -1.9489 -6.6323 0.6
      vertex -2.58885 -5.61909 -0.6
    endloop
  endfacet
  facet normal 0.712546 0.231524 -0.662325
    outer loop
      vertex -2.08671 -7.94354 0.6
      vertex -2.92334 -8.80156 -0.6
      vertex -3.13007 -8.16532 -0.6
    endloop
  endfacet
  facet normal 0.745112 0.0783168 -0.662325
    outer loop
      vertex -2.08671 -7.94354 0.6
      vertex -3.13007 -8.16532 -0.6
      vertex -3.2 -7.5 -0.6
    endloop
  endfacet
  facet normal -0.648839 -0.374615 -0.662323
    outer loop
      vertex 2.58885 -5.61909 -0.6
      vertex 1.9489 -6.6323 0.6
      vertex 1.7259 -6.24606 0.6
    endloop
  endfacet
  facet normal -0.712555 -0.23151 -0.662321
    outer loop
      vertex 2.92334 -6.19844 -0.6
      vertex 2.08671 -7.05646 0.6
      vertex 1.9489 -6.6323 0.6
    endloop
  endfacet
  facet normal -0.712546 -0.231524 -0.662325
    outer loop
      vertex 2.92334 -6.19844 -0.6
      vertex 3.13007 -6.83468 -0.6
      vertex 2.08671 -7.05646 0.6
    endloop
  endfacet
  facet normal -0.155776 0.732837 -0.662332
    outer loop
      vertex 0.659236 -9.52892 0.6
      vertex 0.334491 -10.6825 -0.6
      vertex 0.222994 -9.62165 0.6
    endloop
  endfacet
  facet normal 0.440386 0.606124 -0.662325
    outer loop
      vertex -1.42748 -9.08537 0.6
      vertex -1.06667 -9.34752 0.6
      vertex -2.14122 -9.87806 -0.6
    endloop
  endfacet
  facet normal 0.556781 -0.501321 -0.662323
    outer loop
      vertex -2.14122 -5.12194 -0.6
      vertex -1.7259 -6.24606 0.6
      vertex -2.58885 -5.61909 -0.6
    endloop
  endfacet
  facet normal -0.155782 0.732837 -0.662331
    outer loop
      vertex 0.659236 -9.52892 0.6
      vertex 0.988853 -10.5434 -0.6
      vertex 0.334491 -10.6825 -0.6
    endloop
  endfacet
  facet normal 0.155772 -0.732846 -0.662323
    outer loop
      vertex -0.334491 -4.31753 -0.6
      vertex -0.659236 -5.47108 0.6
      vertex -0.988853 -4.45662 -0.6
    endloop
  endfacet
  facet normal 0.155778 -0.732846 -0.662322
    outer loop
      vertex -0.334491 -4.31753 -0.6
      vertex -0.222994 -5.37835 0.6
      vertex -0.659236 -5.47108 0.6
    endloop
  endfacet
  facet normal 0.304735 -0.684445 -0.662323
    outer loop
      vertex -0.988853 -4.45662 -0.6
      vertex -1.06667 -5.65248 0.6
      vertex -1.6 -4.72872 -0.6
    endloop
  endfacet
  facet normal 0.556781 0.501321 -0.662323
    outer loop
      vertex -1.7259 -8.75394 0.6
      vertex -2.14122 -9.87806 -0.6
      vertex -2.58885 -9.38091 -0.6
    endloop
  endfacet
  facet normal -0.440392 0.606116 -0.662327
    outer loop
      vertex 2.14122 -9.87806 -0.6
      vertex 1.6 -10.2713 -0.6
      vertex 1.06667 -9.34752 0.6
    endloop
  endfacet
  facet normal 0.30473 0.684441 -0.66233
    outer loop
      vertex -0.659236 -9.52892 0.6
      vertex -0.988853 -10.5434 -0.6
      vertex -1.06667 -9.34752 0.6
    endloop
  endfacet
  facet normal -0.440386 0.606124 -0.662325
    outer loop
      vertex 1.42748 -9.08537 0.6
      vertex 2.14122 -9.87806 -0.6
      vertex 1.06667 -9.34752 0.6
    endloop
  endfacet
  facet normal -0.745112 0.0783168 -0.662325
    outer loop
      vertex 3.2 -7.5 -0.6
      vertex 3.13007 -8.16532 -0.6
      vertex 2.08671 -7.94354 0.6
    endloop
  endfacet
  facet normal -0.745113 0.078318 -0.662324
    outer loop
      vertex 2.13333 -7.5 0.6
      vertex 3.2 -7.5 -0.6
      vertex 2.08671 -7.94354 0.6
    endloop
  endfacet
  facet normal 0.155776 0.732837 -0.662332
    outer loop
      vertex -0.222994 -9.62165 0.6
      vertex -0.334491 -10.6825 -0.6
      vertex -0.659236 -9.52892 0.6
    endloop
  endfacet
  facet normal 0.745113 0.078318 -0.662324
    outer loop
      vertex -2.13333 -7.5 0.6
      vertex -2.08671 -7.94354 0.6
      vertex -3.2 -7.5 -0.6
    endloop
  endfacet
  facet normal -0.556778 0.501324 -0.662324
    outer loop
      vertex 1.7259 -8.75394 0.6
      vertex 2.14122 -9.87806 -0.6
      vertex 1.42748 -9.08537 0.6
    endloop
  endfacet
  facet normal -0.556781 0.501321 -0.662323
    outer loop
      vertex 2.58885 -9.38091 -0.6
      vertex 2.14122 -9.87806 -0.6
      vertex 1.7259 -8.75394 0.6
    endloop
  endfacet
  facet normal 0.440392 0.606116 -0.662327
    outer loop
      vertex -1.06667 -9.34752 0.6
      vertex -1.6 -10.2713 -0.6
      vertex -2.14122 -9.87806 -0.6
    endloop
  endfacet
  facet normal 0 0.74921 -0.662333
    outer loop
      vertex 0.334491 -10.6825 -0.6
      vertex -0.222994 -9.62165 0.6
      vertex 0.222994 -9.62165 0.6
    endloop
  endfacet
  facet normal 0 0.74921 -0.662333
    outer loop
      vertex -0.222994 -9.62165 0.6
      vertex 0.334491 -10.6825 -0.6
      vertex -0.334491 -10.6825 -0.6
    endloop
  endfacet
  facet normal 0 0 -1
    outer loop
      vertex 2.08671 -7.94354 0.6
      vertex 2.08671 -7.05646 0.6
      vertex 2.13333 -7.5 0.6
    endloop
  endfacet
  facet normal 0 0 -1
    outer loop
      vertex 1.9489 -8.3677 0.6
      vertex 2.08671 -7.05646 0.6
      vertex 2.08671 -7.94354 0.6
    endloop
  endfacet
  facet normal 0 0 -1
    outer loop
      vertex 1.9489 -8.3677 0.6
      vertex 1.9489 -6.6323 0.6
      vertex 2.08671 -7.05646 0.6
    endloop
  endfacet
  facet normal 0 0 -1
    outer loop
      vertex 1.7259 -8.75394 0.6
      vertex 1.9489 -6.6323 0.6
      vertex 1.9489 -8.3677 0.6
    endloop
  endfacet
  facet normal 0 0 -1
    outer loop
      vertex 1.7259 -8.75394 0.6
      vertex 1.7259 -6.24606 0.6
      vertex 1.9489 -6.6323 0.6
    endloop
  endfacet
  facet normal 0 0 -1
    outer loop
      vertex 1.42748 -9.08537 0.6
      vertex 1.7259 -6.24606 0.6
      vertex 1.7259 -8.75394 0.6
    endloop
  endfacet
  facet normal 0 0 -1
    outer loop
      vertex 1.42748 -9.08537 0.6
      vertex 1.42748 -5.91463 0.6
      vertex 1.7259 -6.24606 0.6
    endloop
  endfacet
  facet normal 0 0 -1
    outer loop
      vertex 1.06667 -9.34752 0.6
      vertex 1.42748 -5.91463 0.6
      vertex 1.42748 -9.08537 0.6
    endloop
  endfacet
  facet normal 0 0 -1
    outer loop
      vertex 1.06667 -9.34752 0.6
      vertex 1.06667 -5.65248 0.6
      vertex 1.42748 -5.91463 0.6
    endloop
  endfacet
  facet normal 0 0 -1
    outer loop
      vertex 0.659236 -9.52892 0.6
      vertex 1.06667 -5.65248 0.6
      vertex 1.06667 -9.34752 0.6
    endloop
  endfacet
  facet normal 0 0 -1
    outer loop
      vertex 0.659236 -9.52892 0.6
      vertex 0.659236 -5.47108 0.6
      vertex 1.06667 -5.65248 0.6
    endloop
  endfacet
  facet normal 0 0 -1
    outer loop
      vertex 0.222994 -9.62165 0.6
      vertex 0.659236 -5.47108 0.6
      vertex 0.659236 -9.52892 0.6
    endloop
  endfacet
  facet normal 0 0 -1
    outer loop
      vertex 0.222994 -9.62165 0.6
      vertex 0.222994 -5.37835 0.6
      vertex 0.659236 -5.47108 0.6
    endloop
  endfacet
  facet normal 0 0 -1
    outer loop
      vertex -0.222994 -9.62165 0.6
      vertex 0.222994 -5.37835 0.6
      vertex 0.222994 -9.62165 0.6
    endloop
  endfacet
  facet normal 0 0 -1
    outer loop
      vertex -0.222994 -9.62165 0.6
      vertex -0.222994 -5.37835 0.6
      vertex 0.222994 -5.37835 0.6
    endloop
  endfacet
  facet normal 0 0 -1
    outer loop
      vertex -0.659236 -9.52892 0.6
      vertex -0.222994 -5.37835 0.6
      vertex -0.222994 -9.62165 0.6
    endloop
  endfacet
  facet normal 0 0 -1
    outer loop
      vertex -0.659236 -9.52892 0.6
      vertex -0.659236 -5.47108 0.6
      vertex -0.222994 -5.37835 0.6
    endloop
  endfacet
  facet normal 0 0 -1
    outer loop
      vertex -1.06667 -9.34752 0.6
      vertex -0.659236 -5.47108 0.6
      vertex -0.659236 -9.52892 0.6
    endloop
  endfacet
  facet normal 0 0 -1
    outer loop
      vertex -1.06667 -9.34752 0.6
      vertex -1.06667 -5.65248 0.6
      vertex -0.659236 -5.47108 0.6
    endloop
  endfacet
  facet normal 0 0 -1
    outer loop
      vertex -1.42748 -9.08537 0.6
      vertex -1.06667 -5.65248 0.6
      vertex -1.06667 -9.34752 0.6
    endloop
  endfacet
  facet normal 0 0 -1
    outer loop
      vertex -1.42748 -9.08537 0.6
      vertex -1.42748 -5.91463 0.6
      vertex -1.06667 -5.65248 0.6
    endloop
  endfacet
  facet normal 0 0 -1
    outer loop
      vertex -1.7259 -8.75394 0.6
      vertex -1.42748 -5.91463 0.6
      vertex -1.42748 -9.08537 0.6
    endloop
  endfacet
  facet normal 0 0 -1
    outer loop
      vertex -1.7259 -8.75394 0.6
      vertex -1.7259 -6.24606 0.6
      vertex -1.42748 -5.91463 0.6
    endloop
  endfacet
  facet normal 0 0 -1
    outer loop
      vertex -1.9489 -8.3677 0.6
      vertex -1.7259 -6.24606 0.6
      vertex -1.7259 -8.75394 0.6
    endloop
  endfacet
  facet normal 0 0 -1
    outer loop
      vertex -1.9489 -8.3677 0.6
      vertex -1.9489 -6.6323 0.6
      vertex -1.7259 -6.24606 0.6
    endloop
  endfacet
  facet normal 0 0 -1
    outer loop
      vertex -2.08671 -7.94354 0.6
      vertex -1.9489 -6.6323 0.6
      vertex -1.9489 -8.3677 0.6
    endloop
  endfacet
  facet normal 0 0 -1
    outer loop
      vertex -2.08671 -7.94354 0.6
      vertex -2.08671 -7.05646 0.6
      vertex -1.9489 -6.6323 0.6
    endloop
  endfacet
  facet normal 0 -0 -1
    outer loop
      vertex -2.08671 -7.05646 0.6
      vertex -2.08671 -7.94354 0.6
      vertex -2.13333 -7.5 0.6
    endloop
  endfacet
  facet normal 0.44038 -0.60613 -0.662323
    outer loop
      vertex -1.6 -4.72872 -0.6
      vertex -1.06667 -5.65248 0.6
      vertex -2.14122 -5.12194 -0.6
    endloop
  endfacet
  facet normal -0.155778 -0.732846 -0.662322
    outer loop
      vertex 0.334491 -4.31753 -0.6
      vertex 0.659236 -5.47108 0.6
      vertex 0.222994 -5.37835 0.6
    endloop
  endfacet
  facet normal 0.440386 -0.606124 -0.662325
    outer loop
      vertex -1.06667 -5.65248 0.6
      vertex -1.42748 -5.91463 0.6
      vertex -2.14122 -5.12194 -0.6
    endloop
  endfacet
  facet normal 0 -0.749219 -0.662322
    outer loop
      vertex -0.334491 -4.31753 -0.6
      vertex 0.222994 -5.37835 0.6
      vertex -0.222994 -5.37835 0.6
    endloop
  endfacet
  facet normal 0 -0.749219 -0.662322
    outer loop
      vertex 0.222994 -5.37835 0.6
      vertex -0.334491 -4.31753 -0.6
      vertex 0.334491 -4.31753 -0.6
    endloop
  endfacet
  facet normal 0.304733 -0.684446 -0.662323
    outer loop
      vertex -0.988853 -4.45662 -0.6
      vertex -0.659236 -5.47108 0.6
      vertex -1.06667 -5.65248 0.6
    endloop
  endfacet
  facet normal 0.155782 0.732837 -0.662331
    outer loop
      vertex -0.659236 -9.52892 0.6
      vertex -0.334491 -10.6825 -0.6
      vertex -0.988853 -10.5434 -0.6
    endloop
  endfacet
  facet normal 0.712555 -0.23151 -0.662321
    outer loop
      vertex -1.9489 -6.6323 0.6
      vertex -2.08671 -7.05646 0.6
      vertex -2.92334 -6.19844 -0.6
    endloop
  endfacet
  facet normal -0.30473 0.684441 -0.66233
    outer loop
      vertex 1.06667 -9.34752 0.6
      vertex 0.988853 -10.5434 -0.6
      vertex 0.659236 -9.52892 0.6
    endloop
  endfacet
  facet normal -0.648842 0.374611 -0.662322
    outer loop
      vertex 2.92334 -8.80156 -0.6
      vertex 2.58885 -9.38091 -0.6
      vertex 1.9489 -8.3677 0.6
    endloop
  endfacet
  facet normal -0.304732 0.68444 -0.662329
    outer loop
      vertex 1.06667 -9.34752 0.6
      vertex 1.6 -10.2713 -0.6
      vertex 0.988853 -10.5434 -0.6
    endloop
  endfacet
  facet normal -0.712555 0.23151 -0.662321
    outer loop
      vertex 2.08671 -7.94354 0.6
      vertex 2.92334 -8.80156 -0.6
      vertex 1.9489 -8.3677 0.6
    endloop
  endfacet
  facet normal 0.20791 0.978148 -0
    outer loop
      vertex -0.386755 4.32027 -2.5
      vertex -1.14336 4.48109 -0.6
      vertex -0.386755 4.32027 -0.6
    endloop
  endfacet
  facet normal 0.20791 0.978148 0
    outer loop
      vertex -1.14336 4.48109 -0.6
      vertex -0.386755 4.32027 -2.5
      vertex -1.14336 4.48109 -2.5
    endloop
  endfacet
  facet normal -0.951055 -0.30902 0
    outer loop
      vertex 3.61915 8.76927 -2.5
      vertex 3.38012 9.50492 -0.6
      vertex 3.38012 9.50492 -2.5
    endloop
  endfacet
  facet normal -0.951055 -0.30902 0
    outer loop
      vertex 3.38012 9.50492 -0.6
      vertex 3.61915 8.76927 -2.5
      vertex 3.61915 8.76927 -0.6
    endloop
  endfacet
  facet normal -0.994522 -0.104524 0
    outer loop
      vertex 3.7 8 -2.5
      vertex 3.61915 8.76927 -0.6
      vertex 3.61915 8.76927 -2.5
    endloop
  endfacet
  facet normal -0.994522 -0.104524 0
    outer loop
      vertex 3.61915 8.76927 -0.6
      vertex 3.7 8 -2.5
      vertex 3.7 8 -0.6
    endloop
  endfacet
  facet normal -0.866023 -0.500004 0
    outer loop
      vertex 3.38012 9.50492 -2.5
      vertex 2.99336 10.1748 -0.6
      vertex 2.99336 10.1748 -2.5
    endloop
  endfacet
  facet normal -0.866023 -0.500004 0
    outer loop
      vertex 2.99336 10.1748 -0.6
      vertex 3.38012 9.50492 -2.5
      vertex 3.38012 9.50492 -0.6
    endloop
  endfacet
  facet normal -0.994522 0.104524 0
    outer loop
      vertex 3.61915 7.23073 -2.5
      vertex 3.7 8 -0.6
      vertex 3.7 8 -2.5
    endloop
  endfacet
  facet normal -0.994522 0.104524 0
    outer loop
      vertex 3.7 8 -0.6
      vertex 3.61915 7.23073 -2.5
      vertex 3.61915 7.23073 -0.6
    endloop
  endfacet
  facet normal -0.743127 -0.66915 0
    outer loop
      vertex 2.99336 10.1748 -2.5
      vertex 2.47578 10.7496 -0.6
      vertex 2.47578 10.7496 -2.5
    endloop
  endfacet
  facet normal -0.743127 -0.66915 0
    outer loop
      vertex 2.47578 10.7496 -0.6
      vertex 2.99336 10.1748 -2.5
      vertex 2.99336 10.1748 -0.6
    endloop
  endfacet
  facet normal 0.951055 0.30902 0
    outer loop
      vertex -3.38012 6.49508 -0.6
      vertex -3.61915 7.23073 -2.5
      vertex -3.61915 7.23073 -0.6
    endloop
  endfacet
  facet normal 0.951055 0.30902 0
    outer loop
      vertex -3.61915 7.23073 -2.5
      vertex -3.38012 6.49508 -0.6
      vertex -3.38012 6.49508 -2.5
    endloop
  endfacet
  facet normal 0.743127 -0.66915 0
    outer loop
      vertex -2.99336 10.1748 -0.6
      vertex -2.47578 10.7496 -2.5
      vertex -2.47578 10.7496 -0.6
    endloop
  endfacet
  facet normal 0.743127 -0.66915 0
    outer loop
      vertex -2.47578 10.7496 -2.5
      vertex -2.99336 10.1748 -0.6
      vertex -2.99336 10.1748 -2.5
    endloop
  endfacet
  facet normal 0.951055 -0.30902 0
    outer loop
      vertex -3.61915 8.76927 -0.6
      vertex -3.38012 9.50492 -2.5
      vertex -3.38012 9.50492 -0.6
    endloop
  endfacet
  facet normal 0.951055 -0.30902 0
    outer loop
      vertex -3.38012 9.50492 -2.5
      vertex -3.61915 8.76927 -0.6
      vertex -3.61915 8.76927 -2.5
    endloop
  endfacet
  facet normal -0.58778 0.809021 0
    outer loop
      vertex 2.47578 5.25036 -2.5
      vertex 1.85 4.79571 -0.6
      vertex 2.47578 5.25036 -0.6
    endloop
  endfacet
  facet normal -0.58778 0.809021 0
    outer loop
      vertex 1.85 4.79571 -0.6
      vertex 2.47578 5.25036 -2.5
      vertex 1.85 4.79571 -2.5
    endloop
  endfacet
  facet normal 0.58778 0.809021 -0
    outer loop
      vertex -1.85 4.79571 -2.5
      vertex -2.47578 5.25036 -0.6
      vertex -1.85 4.79571 -0.6
    endloop
  endfacet
  facet normal 0.58778 0.809021 0
    outer loop
      vertex -2.47578 5.25036 -0.6
      vertex -1.85 4.79571 -2.5
      vertex -2.47578 5.25036 -2.5
    endloop
  endfacet
  facet normal 0.587823 -0.80899 0
    outer loop
      vertex -2.47578 10.7496 -2.5
      vertex -1.85 11.2043 -0.6
      vertex -2.47578 10.7496 -0.6
    endloop
  endfacet
  facet normal 0.587823 -0.80899 0
    outer loop
      vertex -1.85 11.2043 -0.6
      vertex -2.47578 10.7496 -2.5
      vertex -1.85 11.2043 -2.5
    endloop
  endfacet
  facet normal 0.866023 -0.500004 0
    outer loop
      vertex -3.38012 9.50492 -0.6
      vertex -2.99336 10.1748 -2.5
      vertex -2.99336 10.1748 -0.6
    endloop
  endfacet
  facet normal 0.866023 -0.500004 0
    outer loop
      vertex -2.99336 10.1748 -2.5
      vertex -3.38012 9.50492 -0.6
      vertex -3.38012 9.50492 -2.5
    endloop
  endfacet
  facet normal 0.406719 -0.913553 0
    outer loop
      vertex -1.85 11.2043 -2.5
      vertex -1.14336 11.5189 -0.6
      vertex -1.85 11.2043 -0.6
    endloop
  endfacet
  facet normal 0.406719 -0.913553 0
    outer loop
      vertex -1.14336 11.5189 -0.6
      vertex -1.85 11.2043 -2.5
      vertex -1.14336 11.5189 -2.5
    endloop
  endfacet
  facet normal 0.406741 0.913544 -0
    outer loop
      vertex -1.14336 4.48109 -2.5
      vertex -1.85 4.79571 -0.6
      vertex -1.14336 4.48109 -0.6
    endloop
  endfacet
  facet normal 0.406741 0.913544 0
    outer loop
      vertex -1.85 4.79571 -0.6
      vertex -1.14336 4.48109 -2.5
      vertex -1.85 4.79571 -2.5
    endloop
  endfacet
  facet normal 0.207885 -0.978153 0
    outer loop
      vertex -1.14336 11.5189 -2.5
      vertex -0.386755 11.6797 -0.6
      vertex -1.14336 11.5189 -0.6
    endloop
  endfacet
  facet normal 0.207885 -0.978153 0
    outer loop
      vertex -0.386755 11.6797 -0.6
      vertex -1.14336 11.5189 -2.5
      vertex -0.386755 11.6797 -2.5
    endloop
  endfacet
  facet normal -0.866023 0.500004 0
    outer loop
      vertex 2.99336 5.8252 -2.5
      vertex 3.38012 6.49508 -0.6
      vertex 3.38012 6.49508 -2.5
    endloop
  endfacet
  facet normal -0.866023 0.500004 0
    outer loop
      vertex 3.38012 6.49508 -0.6
      vertex 2.99336 5.8252 -2.5
      vertex 2.99336 5.8252 -0.6
    endloop
  endfacet
  facet normal -0.74315 0.669125 0
    outer loop
      vertex 2.47578 5.25036 -2.5
      vertex 2.99336 5.8252 -0.6
      vertex 2.99336 5.8252 -2.5
    endloop
  endfacet
  facet normal -0.74315 0.669125 0
    outer loop
      vertex 2.99336 5.8252 -0.6
      vertex 2.47578 5.25036 -2.5
      vertex 2.47578 5.25036 -0.6
    endloop
  endfacet
  facet normal -0.20791 0.978148 0
    outer loop
      vertex 1.14336 4.48109 -2.5
      vertex 0.386755 4.32027 -0.6
      vertex 1.14336 4.48109 -0.6
    endloop
  endfacet
  facet normal -0.20791 0.978148 0
    outer loop
      vertex 0.386755 4.32027 -0.6
      vertex 1.14336 4.48109 -2.5
      vertex 0.386755 4.32027 -2.5
    endloop
  endfacet
  facet normal 0 -1 0
    outer loop
      vertex -0.386755 11.6797 -2.5
      vertex 0.386755 11.6797 -0.6
      vertex -0.386755 11.6797 -0.6
    endloop
  endfacet
  facet normal 0 -1 -0
    outer loop
      vertex 0.386755 11.6797 -0.6
      vertex -0.386755 11.6797 -2.5
      vertex 0.386755 11.6797 -2.5
    endloop
  endfacet
  facet normal -0.951055 0.30902 0
    outer loop
      vertex 3.38012 6.49508 -2.5
      vertex 3.61915 7.23073 -0.6
      vertex 3.61915 7.23073 -2.5
    endloop
  endfacet
  facet normal -0.951055 0.30902 0
    outer loop
      vertex 3.61915 7.23073 -0.6
      vertex 3.38012 6.49508 -2.5
      vertex 3.38012 6.49508 -0.6
    endloop
  endfacet
  facet normal -0.587823 -0.80899 0
    outer loop
      vertex 1.85 11.2043 -2.5
      vertex 2.47578 10.7496 -0.6
      vertex 1.85 11.2043 -0.6
    endloop
  endfacet
  facet normal -0.587823 -0.80899 -0
    outer loop
      vertex 2.47578 10.7496 -0.6
      vertex 1.85 11.2043 -2.5
      vertex 2.47578 10.7496 -2.5
    endloop
  endfacet
  facet normal 0.994522 -0.104524 0
    outer loop
      vertex -3.7 8 -0.6
      vertex -3.61915 8.76927 -2.5
      vertex -3.61915 8.76927 -0.6
    endloop
  endfacet
  facet normal 0.994522 -0.104524 0
    outer loop
      vertex -3.61915 8.76927 -2.5
      vertex -3.7 8 -0.6
      vertex -3.7 8 -2.5
    endloop
  endfacet
  facet normal 0.866023 0.500004 0
    outer loop
      vertex -2.99336 5.8252 -0.6
      vertex -3.38012 6.49508 -2.5
      vertex -3.38012 6.49508 -0.6
    endloop
  endfacet
  facet normal 0.866023 0.500004 0
    outer loop
      vertex -3.38012 6.49508 -2.5
      vertex -2.99336 5.8252 -0.6
      vertex -2.99336 5.8252 -2.5
    endloop
  endfacet
  facet normal -0.406719 -0.913553 0
    outer loop
      vertex 1.14336 11.5189 -2.5
      vertex 1.85 11.2043 -0.6
      vertex 1.14336 11.5189 -0.6
    endloop
  endfacet
  facet normal -0.406719 -0.913553 -0
    outer loop
      vertex 1.85 11.2043 -0.6
      vertex 1.14336 11.5189 -2.5
      vertex 1.85 11.2043 -2.5
    endloop
  endfacet
  facet normal 0 1 -0
    outer loop
      vertex 0.386755 4.32027 -2.5
      vertex -0.386755 4.32027 -0.6
      vertex 0.386755 4.32027 -0.6
    endloop
  endfacet
  facet normal 0 1 0
    outer loop
      vertex -0.386755 4.32027 -0.6
      vertex 0.386755 4.32027 -2.5
      vertex -0.386755 4.32027 -2.5
    endloop
  endfacet
  facet normal 0.994522 0.104524 0
    outer loop
      vertex -3.61915 7.23073 -0.6
      vertex -3.7 8 -2.5
      vertex -3.7 8 -0.6
    endloop
  endfacet
  facet normal 0.994522 0.104524 0
    outer loop
      vertex -3.7 8 -2.5
      vertex -3.61915 7.23073 -0.6
      vertex -3.61915 7.23073 -2.5
    endloop
  endfacet
  facet normal -0.406741 0.913544 0
    outer loop
      vertex 1.85 4.79571 -2.5
      vertex 1.14336 4.48109 -0.6
      vertex 1.85 4.79571 -0.6
    endloop
  endfacet
  facet normal -0.406741 0.913544 0
    outer loop
      vertex 1.14336 4.48109 -0.6
      vertex 1.85 4.79571 -2.5
      vertex 1.14336 4.48109 -2.5
    endloop
  endfacet
  facet normal 0.74315 0.669125 0
    outer loop
      vertex -2.47578 5.25036 -0.6
      vertex -2.99336 5.8252 -2.5
      vertex -2.99336 5.8252 -0.6
    endloop
  endfacet
  facet normal 0.74315 0.669125 0
    outer loop
      vertex -2.99336 5.8252 -2.5
      vertex -2.47578 5.25036 -0.6
      vertex -2.47578 5.25036 -2.5
    endloop
  endfacet
  facet normal -0.207885 -0.978153 0
    outer loop
      vertex 0.386755 11.6797 -2.5
      vertex 1.14336 11.5189 -0.6
      vertex 0.386755 11.6797 -0.6
    endloop
  endfacet
  facet normal -0.207885 -0.978153 -0
    outer loop
      vertex 1.14336 11.5189 -0.6
      vertex 0.386755 11.6797 -2.5
      vertex 1.14336 11.5189 -2.5
    endloop
  endfacet
  facet normal -0.605627 0.349663 -0.714809
    outer loop
      vertex 3.38012 6.49508 -0.6
      vertex 2.99336 5.8252 -0.6
      vertex 1.99557 6.55013 0.6
    endloop
  endfacet
  facet normal -0.69549 -0.0731088 -0.714807
    outer loop
      vertex 3.7 8 -0.6
      vertex 2.46667 8 0.6
      vertex 2.41276 8.51285 0.6
    endloop
  endfacet
  facet normal -0.695488 -0.0730955 -0.71481
    outer loop
      vertex 3.61915 8.76927 -0.6
      vertex 3.7 8 -0.6
      vertex 2.41276 8.51285 0.6
    endloop
  endfacet
  facet normal -0.519704 -0.467939 -0.714801
    outer loop
      vertex 2.47578 10.7496 -0.6
      vertex 1.99557 9.44987 0.6
      vertex 1.65052 9.83309 0.6
    endloop
  endfacet
  facet normal 0.145383 -0.684063 -0.714788
    outer loop
      vertex -0.386755 11.6797 -0.6
      vertex -0.257836 10.4532 0.6
      vertex -1.14336 11.5189 -0.6
    endloop
  endfacet
  facet normal -0.605627 -0.349663 -0.714809
    outer loop
      vertex 2.99336 10.1748 -0.6
      vertex 3.38012 9.50492 -0.6
      vertex 1.99557 9.44987 0.6
    endloop
  endfacet
  facet normal 0.605628 -0.349661 -0.714809
    outer loop
      vertex -1.99557 9.44987 0.6
      vertex -2.25341 9.00328 0.6
      vertex -3.38012 9.50492 -0.6
    endloop
  endfacet
  facet normal -0.665091 0.216104 -0.71481
    outer loop
      vertex 3.61915 7.23073 -0.6
      vertex 3.38012 6.49508 -0.6
      vertex 2.41276 7.48715 0.6
    endloop
  endfacet
  facet normal 0.284423 -0.638859 -0.714817
    outer loop
      vertex -1.14336 11.5189 -0.6
      vertex -0.762241 10.3459 0.6
      vertex -1.85 11.2043 -0.6
    endloop
  endfacet
  facet normal 0.284392 -0.638884 -0.714807
    outer loop
      vertex -0.762241 10.3459 0.6
      vertex -1.23333 10.1362 0.6
      vertex -1.85 11.2043 -0.6
    endloop
  endfacet
  facet normal -0.411047 0.565765 -0.714807
    outer loop
      vertex 2.47578 5.25036 -0.6
      vertex 1.85 4.79571 -0.6
      vertex 1.23333 5.8638 0.6
    endloop
  endfacet
  facet normal 0.665091 -0.216104 -0.71481
    outer loop
      vertex -3.38012 9.50492 -0.6
      vertex -2.41276 8.51285 0.6
      vertex -3.61915 8.76927 -0.6
    endloop
  endfacet
  facet normal 0.519698 0.467934 -0.714809
    outer loop
      vertex -1.99557 6.55013 0.6
      vertex -1.65052 6.16691 0.6
      vertex -2.47578 5.25036 -0.6
    endloop
  endfacet
  facet normal 0.145395 0.684038 -0.714809
    outer loop
      vertex -0.257836 5.54685 0.6
      vertex -0.386755 4.32027 -0.6
      vertex -1.14336 4.48109 -0.6
    endloop
  endfacet
  facet normal -0.605628 0.349661 -0.714809
    outer loop
      vertex 2.25341 6.99672 0.6
      vertex 3.38012 6.49508 -0.6
      vertex 1.99557 6.55013 0.6
    endloop
  endfacet
  facet normal 0.284437 0.638864 -0.714807
    outer loop
      vertex -1.23333 5.8638 0.6
      vertex -0.762241 5.65406 0.6
      vertex -1.85 4.79571 -0.6
    endloop
  endfacet
  facet normal -0.284437 0.638864 -0.714807
    outer loop
      vertex 1.23333 5.8638 0.6
      vertex 1.85 4.79571 -0.6
      vertex 0.762241 5.65406 0.6
    endloop
  endfacet
  facet normal 0.605627 -0.349663 -0.714809
    outer loop
      vertex -2.99336 10.1748 -0.6
      vertex -1.99557 9.44987 0.6
      vertex -3.38012 9.50492 -0.6
    endloop
  endfacet
  facet normal -0.145505 -0.684001 -0.714823
    outer loop
      vertex 1.14336 11.5189 -0.6
      vertex 0.762241 10.3459 0.6
      vertex 0.257836 10.4532 0.6
    endloop
  endfacet
  facet normal -0.411077 -0.565744 -0.714808
    outer loop
      vertex 1.85 11.2043 -0.6
      vertex 2.47578 10.7496 -0.6
      vertex 1.23333 10.1362 0.6
    endloop
  endfacet
  facet normal -0.284423 -0.638859 -0.714817
    outer loop
      vertex 1.14336 11.5189 -0.6
      vertex 1.85 11.2043 -0.6
      vertex 0.762241 10.3459 0.6
    endloop
  endfacet
  facet normal 0.411058 -0.565766 -0.7148
    outer loop
      vertex -1.23333 10.1362 0.6
      vertex -1.65052 9.83309 0.6
      vertex -2.47578 10.7496 -0.6
    endloop
  endfacet
  facet normal -0.665092 -0.216101 -0.714809
    outer loop
      vertex 3.38012 9.50492 -0.6
      vertex 2.41276 8.51285 0.6
      vertex 2.25341 9.00328 0.6
    endloop
  endfacet
  facet normal 0.5197 0.467933 -0.714808
    outer loop
      vertex -1.99557 6.55013 0.6
      vertex -2.47578 5.25036 -0.6
      vertex -2.99336 5.8252 -0.6
    endloop
  endfacet
  facet normal 0 0 -1
    outer loop
      vertex 2.41276 7.48715 0.6
      vertex 2.41276 8.51285 0.6
      vertex 2.46667 8 0.6
    endloop
  endfacet
  facet normal 0 0 -1
    outer loop
      vertex 2.25341 6.99672 0.6
      vertex 2.41276 8.51285 0.6
      vertex 2.41276 7.48715 0.6
    endloop
  endfacet
  facet normal 0 0 -1
    outer loop
      vertex 2.25341 6.99672 0.6
      vertex 2.25341 9.00328 0.6
      vertex 2.41276 8.51285 0.6
    endloop
  endfacet
  facet normal 0 0 -1
    outer loop
      vertex 1.99557 6.55013 0.6
      vertex 2.25341 9.00328 0.6
      vertex 2.25341 6.99672 0.6
    endloop
  endfacet
  facet normal 0 0 -1
    outer loop
      vertex 1.99557 6.55013 0.6
      vertex 1.99557 9.44987 0.6
      vertex 2.25341 9.00328 0.6
    endloop
  endfacet
  facet normal 0 0 -1
    outer loop
      vertex 1.65052 6.16691 0.6
      vertex 1.99557 9.44987 0.6
      vertex 1.99557 6.55013 0.6
    endloop
  endfacet
  facet normal 0 0 -1
    outer loop
      vertex 1.65052 6.16691 0.6
      vertex 1.65052 9.83309 0.6
      vertex 1.99557 9.44987 0.6
    endloop
  endfacet
  facet normal 0 0 -1
    outer loop
      vertex 1.23333 5.8638 0.6
      vertex 1.65052 9.83309 0.6
      vertex 1.65052 6.16691 0.6
    endloop
  endfacet
  facet normal 0 0 -1
    outer loop
      vertex 1.23333 5.8638 0.6
      vertex 1.23333 10.1362 0.6
      vertex 1.65052 9.83309 0.6
    endloop
  endfacet
  facet normal 0 0 -1
    outer loop
      vertex 0.762241 5.65406 0.6
      vertex 1.23333 10.1362 0.6
      vertex 1.23333 5.8638 0.6
    endloop
  endfacet
  facet normal 0 0 -1
    outer loop
      vertex 0.762241 5.65406 0.6
      vertex 0.762241 10.3459 0.6
      vertex 1.23333 10.1362 0.6
    endloop
  endfacet
  facet normal 0 0 -1
    outer loop
      vertex 0.257836 5.54685 0.6
      vertex 0.762241 10.3459 0.6
      vertex 0.762241 5.65406 0.6
    endloop
  endfacet
  facet normal 0 0 -1
    outer loop
      vertex 0.257836 5.54685 0.6
      vertex 0.257836 10.4532 0.6
      vertex 0.762241 10.3459 0.6
    endloop
  endfacet
  facet normal 0 0 -1
    outer loop
      vertex -0.257836 5.54685 0.6
      vertex 0.257836 10.4532 0.6
      vertex 0.257836 5.54685 0.6
    endloop
  endfacet
  facet normal 0 0 -1
    outer loop
      vertex -0.257836 5.54685 0.6
      vertex -0.257836 10.4532 0.6
      vertex 0.257836 10.4532 0.6
    endloop
  endfacet
  facet normal 0 0 -1
    outer loop
      vertex -0.762241 5.65406 0.6
      vertex -0.257836 10.4532 0.6
      vertex -0.257836 5.54685 0.6
    endloop
  endfacet
  facet normal 0 0 -1
    outer loop
      vertex -0.762241 5.65406 0.6
      vertex -0.762241 10.3459 0.6
      vertex -0.257836 10.4532 0.6
    endloop
  endfacet
  facet normal 0 0 -1
    outer loop
      vertex -1.23333 5.8638 0.6
      vertex -0.762241 10.3459 0.6
      vertex -0.762241 5.65406 0.6
    endloop
  endfacet
  facet normal 0 0 -1
    outer loop
      vertex -1.23333 5.8638 0.6
      vertex -1.23333 10.1362 0.6
      vertex -0.762241 10.3459 0.6
    endloop
  endfacet
  facet normal 0 0 -1
    outer loop
      vertex -1.65052 6.16691 0.6
      vertex -1.23333 10.1362 0.6
      vertex -1.23333 5.8638 0.6
    endloop
  endfacet
  facet normal 0 0 -1
    outer loop
      vertex -1.65052 6.16691 0.6
      vertex -1.65052 9.83309 0.6
      vertex -1.23333 10.1362 0.6
    endloop
  endfacet
  facet normal 0 0 -1
    outer loop
      vertex -1.99557 6.55013 0.6
      vertex -1.65052 9.83309 0.6
      vertex -1.65052 6.16691 0.6
    endloop
  endfacet
  facet normal 0 0 -1
    outer loop
      vertex -1.99557 6.55013 0.6
      vertex -1.99557 9.44987 0.6
      vertex -1.65052 9.83309 0.6
    endloop
  endfacet
  facet normal 0 0 -1
    outer loop
      vertex -2.25341 6.99672 0.6
      vertex -1.99557 9.44987 0.6
      vertex -1.99557 6.55013 0.6
    endloop
  endfacet
  facet normal 0 0 -1
    outer loop
      vertex -2.25341 6.99672 0.6
      vertex -2.25341 9.00328 0.6
      vertex -1.99557 9.44987 0.6
    endloop
  endfacet
  facet normal 0 0 -1
    outer loop
      vertex -2.41276 7.48715 0.6
      vertex -2.25341 9.00328 0.6
      vertex -2.25341 6.99672 0.6
    endloop
  endfacet
  facet normal 0 0 -1
    outer loop
      vertex -2.41276 7.48715 0.6
      vertex -2.41276 8.51285 0.6
      vertex -2.25341 9.00328 0.6
    endloop
  endfacet
  facet normal 0 -0 -1
    outer loop
      vertex -2.41276 8.51285 0.6
      vertex -2.41276 7.48715 0.6
      vertex -2.46667 8 0.6
    endloop
  endfacet
  facet normal -0.5197 0.467933 -0.714808
    outer loop
      vertex 2.99336 5.8252 -0.6
      vertex 2.47578 5.25036 -0.6
      vertex 1.99557 6.55013 0.6
    endloop
  endfacet
  facet normal -0.519685 -0.467951 -0.714807
    outer loop
      vertex 2.47578 10.7496 -0.6
      vertex 2.99336 10.1748 -0.6
      vertex 1.99557 9.44987 0.6
    endloop
  endfacet
  facet normal -0.665091 -0.216104 -0.71481
    outer loop
      vertex 3.38012 9.50492 -0.6
      vertex 3.61915 8.76927 -0.6
      vertex 2.41276 8.51285 0.6
    endloop
  endfacet
  facet normal -0.519698 0.467934 -0.714809
    outer loop
      vertex 1.99557 6.55013 0.6
      vertex 2.47578 5.25036 -0.6
      vertex 1.65052 6.16691 0.6
    endloop
  endfacet
  facet normal 0.411047 0.565765 -0.714807
    outer loop
      vertex -1.23333 5.8638 0.6
      vertex -1.85 4.79571 -0.6
      vertex -2.47578 5.25036 -0.6
    endloop
  endfacet
  facet normal 0 -0.699343 -0.714787
    outer loop
      vertex -0.257836 10.4532 0.6
      vertex 0.386755 11.6797 -0.6
      vertex 0.257836 10.4532 0.6
    endloop
  endfacet
  facet normal -0 -0.699343 -0.714787
    outer loop
      vertex 0.386755 11.6797 -0.6
      vertex -0.257836 10.4532 0.6
      vertex -0.386755 11.6797 -0.6
    endloop
  endfacet
  facet normal 0.665091 0.216104 -0.71481
    outer loop
      vertex -2.41276 7.48715 0.6
      vertex -3.38012 6.49508 -0.6
      vertex -3.61915 7.23073 -0.6
    endloop
  endfacet
  facet normal 0.695488 0.0730955 -0.71481
    outer loop
      vertex -2.41276 7.48715 0.6
      vertex -3.61915 7.23073 -0.6
      vertex -3.7 8 -0.6
    endloop
  endfacet
  facet normal -0.605628 -0.349661 -0.714809
    outer loop
      vertex 3.38012 9.50492 -0.6
      vertex 2.25341 9.00328 0.6
      vertex 1.99557 9.44987 0.6
    endloop
  endfacet
  facet normal -0.284442 0.63886 -0.714808
    outer loop
      vertex 1.85 4.79571 -0.6
      vertex 1.14336 4.48109 -0.6
      vertex 0.762241 5.65406 0.6
    endloop
  endfacet
  facet normal -0.695488 0.0730955 -0.71481
    outer loop
      vertex 3.7 8 -0.6
      vertex 3.61915 7.23073 -0.6
      vertex 2.41276 7.48715 0.6
    endloop
  endfacet
  facet normal -0.69549 0.0731088 -0.714807
    outer loop
      vertex 2.46667 8 0.6
      vertex 3.7 8 -0.6
      vertex 2.41276 7.48715 0.6
    endloop
  endfacet
  facet normal 0.605627 0.349663 -0.714809
    outer loop
      vertex -1.99557 6.55013 0.6
      vertex -2.99336 5.8252 -0.6
      vertex -3.38012 6.49508 -0.6
    endloop
  endfacet
  facet normal -0.145383 -0.684063 -0.714788
    outer loop
      vertex 0.386755 11.6797 -0.6
      vertex 1.14336 11.5189 -0.6
      vertex 0.257836 10.4532 0.6
    endloop
  endfacet
  facet normal 0.284442 0.63886 -0.714808
    outer loop
      vertex -0.762241 5.65406 0.6
      vertex -1.14336 4.48109 -0.6
      vertex -1.85 4.79571 -0.6
    endloop
  endfacet
  facet normal 0.605628 0.349661 -0.714809
    outer loop
      vertex -2.25341 6.99672 0.6
      vertex -1.99557 6.55013 0.6
      vertex -3.38012 6.49508 -0.6
    endloop
  endfacet
  facet normal 0.519685 -0.467951 -0.714807
    outer loop
      vertex -2.47578 10.7496 -0.6
      vertex -1.99557 9.44987 0.6
      vertex -2.99336 10.1748 -0.6
    endloop
  endfacet
  facet normal 0.69549 0.0731088 -0.714807
    outer loop
      vertex -2.46667 8 0.6
      vertex -2.41276 7.48715 0.6
      vertex -3.7 8 -0.6
    endloop
  endfacet
  facet normal -0.145395 0.684038 -0.714809
    outer loop
      vertex 1.14336 4.48109 -0.6
      vertex 0.386755 4.32027 -0.6
      vertex 0.257836 5.54685 0.6
    endloop
  endfacet
  facet normal -0.411058 -0.565766 -0.7148
    outer loop
      vertex 2.47578 10.7496 -0.6
      vertex 1.65052 9.83309 0.6
      vertex 1.23333 10.1362 0.6
    endloop
  endfacet
  facet normal 0.665092 -0.216101 -0.714809
    outer loop
      vertex -2.25341 9.00328 0.6
      vertex -2.41276 8.51285 0.6
      vertex -3.38012 9.50492 -0.6
    endloop
  endfacet
  facet normal -0.284392 -0.638884 -0.714807
    outer loop
      vertex 1.85 11.2043 -0.6
      vertex 1.23333 10.1362 0.6
      vertex 0.762241 10.3459 0.6
    endloop
  endfacet
  facet normal 0.145391 0.68404 -0.714808
    outer loop
      vertex -0.762241 5.65406 0.6
      vertex -0.257836 5.54685 0.6
      vertex -1.14336 4.48109 -0.6
    endloop
  endfacet
  facet normal 0.411053 0.565759 -0.71481
    outer loop
      vertex -1.65052 6.16691 0.6
      vertex -1.23333 5.8638 0.6
      vertex -2.47578 5.25036 -0.6
    endloop
  endfacet
  facet normal -0.411053 0.565759 -0.71481
    outer loop
      vertex 1.65052 6.16691 0.6
      vertex 2.47578 5.25036 -0.6
      vertex 1.23333 5.8638 0.6
    endloop
  endfacet
  facet normal 0.665092 0.216101 -0.714809
    outer loop
      vertex -2.41276 7.48715 0.6
      vertex -2.25341 6.99672 0.6
      vertex -3.38012 6.49508 -0.6
    endloop
  endfacet
  facet normal -0.665092 0.216101 -0.714809
    outer loop
      vertex 2.41276 7.48715 0.6
      vertex 3.38012 6.49508 -0.6
      vertex 2.25341 6.99672 0.6
    endloop
  endfacet
  facet normal -0.145391 0.68404 -0.714808
    outer loop
      vertex 0.762241 5.65406 0.6
      vertex 1.14336 4.48109 -0.6
      vertex 0.257836 5.54685 0.6
    endloop
  endfacet
  facet normal 0.695488 -0.0730955 -0.71481
    outer loop
      vertex -3.61915 8.76927 -0.6
      vertex -2.41276 8.51285 0.6
      vertex -3.7 8 -0.6
    endloop
  endfacet
  facet normal 0.411077 -0.565744 -0.714808
    outer loop
      vertex -1.85 11.2043 -0.6
      vertex -1.23333 10.1362 0.6
      vertex -2.47578 10.7496 -0.6
    endloop
  endfacet
  facet normal 0.145505 -0.684001 -0.714823
    outer loop
      vertex -0.257836 10.4532 0.6
      vertex -0.762241 10.3459 0.6
      vertex -1.14336 11.5189 -0.6
    endloop
  endfacet
  facet normal 0.519704 -0.467939 -0.714801
    outer loop
      vertex -1.65052 9.83309 0.6
      vertex -1.99557 9.44987 0.6
      vertex -2.47578 10.7496 -0.6
    endloop
  endfacet
  facet normal 0.69549 -0.0731088 -0.714807
    outer loop
      vertex -2.41276 8.51285 0.6
      vertex -2.46667 8 0.6
      vertex -3.7 8 -0.6
    endloop
  endfacet
  facet normal 0 0.699319 -0.714809
    outer loop
      vertex 0.386755 4.32027 -0.6
      vertex -0.257836 5.54685 0.6
      vertex 0.257836 5.54685 0.6
    endloop
  endfacet
  facet normal 0 0.699319 -0.714809
    outer loop
      vertex -0.257836 5.54685 0.6
      vertex 0.386755 4.32027 -0.6
      vertex -0.386755 4.32027 -0.6
    endloop
  endfacet
  facet normal -0.951056 -0.309019 0
    outer loop
      vertex -4.39178 0.873229 -2.5
      vertex -4.66311 1.70829 -0.6
      vertex -4.66311 1.70829 -2.5
    endloop
  endfacet
  facet normal -0.951056 -0.309019 0
    outer loop
      vertex -4.66311 1.70829 -0.6
      vertex -4.39178 0.873229 -2.5
      vertex -4.39178 0.873229 -0.6
    endloop
  endfacet
  facet normal -0.994522 -0.104528 0
    outer loop
      vertex -4.3 0 -2.5
      vertex -4.39178 0.873229 -0.6
      vertex -4.39178 0.873229 -2.5
    endloop
  endfacet
  facet normal -0.994522 -0.104528 0
    outer loop
      vertex -4.39178 0.873229 -0.6
      vertex -4.3 0 -2.5
      vertex -4.3 0 -0.6
    endloop
  endfacet
  facet normal -0.866027 -0.499998 0
    outer loop
      vertex -4.66311 1.70829 -2.5
      vertex -5.10213 2.4687 -0.6
      vertex -5.10213 2.4687 -2.5
    endloop
  endfacet
  facet normal -0.866027 -0.499998 0
    outer loop
      vertex -5.10213 2.4687 -0.6
      vertex -4.66311 1.70829 -2.5
      vertex -4.66311 1.70829 -0.6
    endloop
  endfacet
  facet normal -0.951056 0.309019 0
    outer loop
      vertex -4.66311 -1.70829 -2.5
      vertex -4.39178 -0.873229 -0.6
      vertex -4.39178 -0.873229 -2.5
    endloop
  endfacet
  facet normal -0.951056 0.309019 0
    outer loop
      vertex -4.39178 -0.873229 -0.6
      vertex -4.66311 -1.70829 -2.5
      vertex -4.66311 -1.70829 -0.6
    endloop
  endfacet
  facet normal -0.994522 0.104528 0
    outer loop
      vertex -4.39178 -0.873229 -2.5
      vertex -4.3 0 -0.6
      vertex -4.3 0 -2.5
    endloop
  endfacet
  facet normal -0.994522 0.104528 0
    outer loop
      vertex -4.3 0 -0.6
      vertex -4.39178 -0.873229 -2.5
      vertex -4.39178 -0.873229 -0.6
    endloop
  endfacet
  facet normal -0.743146 -0.669129 0
    outer loop
      vertex -5.10213 2.4687 -2.5
      vertex -5.68965 3.12121 -0.6
      vertex -5.68965 3.12121 -2.5
    endloop
  endfacet
  facet normal -0.743146 -0.669129 0
    outer loop
      vertex -5.68965 3.12121 -0.6
      vertex -5.10213 2.4687 -2.5
      vertex -5.10213 2.4687 -0.6
    endloop
  endfacet
  facet normal 0.951066 0.308988 0
    outer loop
      vertex -12.3369 -1.70829 -0.6
      vertex -12.6082 -0.873229 -2.5
      vertex -12.6082 -0.873229 -0.6
    endloop
  endfacet
  facet normal 0.951066 0.308988 0
    outer loop
      vertex -12.6082 -0.873229 -2.5
      vertex -12.3369 -1.70829 -0.6
      vertex -12.3369 -1.70829 -2.5
    endloop
  endfacet
  facet normal 0.951066 -0.308988 0
    outer loop
      vertex -12.6082 0.873229 -0.6
      vertex -12.3369 1.70829 -2.5
      vertex -12.3369 1.70829 -0.6
    endloop
  endfacet
  facet normal 0.951066 -0.308988 0
    outer loop
      vertex -12.3369 1.70829 -2.5
      vertex -12.6082 0.873229 -0.6
      vertex -12.6082 0.873229 -2.5
    endloop
  endfacet
  facet normal -0.587786 0.809017 0
    outer loop
      vertex -5.68965 -3.12121 -2.5
      vertex -6.4 -3.63731 -0.6
      vertex -5.68965 -3.12121 -0.6
    endloop
  endfacet
  facet normal -0.587786 0.809017 0
    outer loop
      vertex -6.4 -3.63731 -0.6
      vertex -5.68965 -3.12121 -2.5
      vertex -6.4 -3.63731 -2.5
    endloop
  endfacet
  facet normal 0.587813 -0.808997 0
    outer loop
      vertex -11.3103 3.12121 -2.5
      vertex -10.6 3.63731 -0.6
      vertex -11.3103 3.12121 -0.6
    endloop
  endfacet
  facet normal 0.587813 -0.808997 0
    outer loop
      vertex -10.6 3.63731 -0.6
      vertex -11.3103 3.12121 -2.5
      vertex -10.6 3.63731 -2.5
    endloop
  endfacet
  facet normal 0.866037 -0.49998 0
    outer loop
      vertex -12.3369 1.70829 -0.6
      vertex -11.8979 2.4687 -2.5
      vertex -11.8979 2.4687 -0.6
    endloop
  endfacet
  facet normal 0.866037 -0.49998 0
    outer loop
      vertex -11.8979 2.4687 -2.5
      vertex -12.3369 1.70829 -0.6
      vertex -12.3369 1.70829 -2.5
    endloop
  endfacet
  facet normal -0.866027 0.499998 0
    outer loop
      vertex -5.10213 -2.4687 -2.5
      vertex -4.66311 -1.70829 -0.6
      vertex -4.66311 -1.70829 -2.5
    endloop
  endfacet
  facet normal -0.866027 0.499998 0
    outer loop
      vertex -4.66311 -1.70829 -0.6
      vertex -5.10213 -2.4687 -2.5
      vertex -5.10213 -2.4687 -0.6
    endloop
  endfacet
  facet normal 0 -1 0
    outer loop
      vertex -8.93902 4.17699 -2.5
      vertex -8.06098 4.17699 -0.6
      vertex -8.93902 4.17699 -0.6
    endloop
  endfacet
  facet normal 0 -1 -0
    outer loop
      vertex -8.06098 4.17699 -0.6
      vertex -8.93902 4.17699 -2.5
      vertex -8.06098 4.17699 -2.5
    endloop
  endfacet
  facet normal 0.406735 -0.913546 0
    outer loop
      vertex -10.6 3.63731 -2.5
      vertex -9.79787 3.99444 -0.6
      vertex -10.6 3.63731 -0.6
    endloop
  endfacet
  facet normal 0.406735 -0.913546 0
    outer loop
      vertex -9.79787 3.99444 -0.6
      vertex -10.6 3.63731 -2.5
      vertex -9.79787 3.99444 -2.5
    endloop
  endfacet
  facet normal 0.207907 0.978149 -0
    outer loop
      vertex -8.93902 -4.17699 -2.5
      vertex -9.79787 -3.99444 -0.6
      vertex -8.93902 -4.17699 -0.6
    endloop
  endfacet
  facet normal 0.207907 0.978149 0
    outer loop
      vertex -9.79787 -3.99444 -0.6
      vertex -8.93902 -4.17699 -2.5
      vertex -9.79787 -3.99444 -2.5
    endloop
  endfacet
  facet normal 0 1 -0
    outer loop
      vertex -8.06098 -4.17699 -2.5
      vertex -8.93902 -4.17699 -0.6
      vertex -8.06098 -4.17699 -0.6
    endloop
  endfacet
  facet normal 0 1 0
    outer loop
      vertex -8.93902 -4.17699 -0.6
      vertex -8.06098 -4.17699 -2.5
      vertex -8.93902 -4.17699 -2.5
    endloop
  endfacet
  facet normal 0.207907 -0.978149 0
    outer loop
      vertex -9.79787 3.99444 -2.5
      vertex -8.93902 4.17699 -0.6
      vertex -9.79787 3.99444 -0.6
    endloop
  endfacet
  facet normal 0.207907 -0.978149 0
    outer loop
      vertex -8.93902 4.17699 -0.6
      vertex -9.79787 3.99444 -2.5
      vertex -8.93902 4.17699 -2.5
    endloop
  endfacet
  facet normal -0.207907 0.978149 0
    outer loop
      vertex -7.20213 -3.99444 -2.5
      vertex -8.06098 -4.17699 -0.6
      vertex -7.20213 -3.99444 -0.6
    endloop
  endfacet
  facet normal -0.207907 0.978149 0
    outer loop
      vertex -8.06098 -4.17699 -0.6
      vertex -7.20213 -3.99444 -2.5
      vertex -8.06098 -4.17699 -2.5
    endloop
  endfacet
  facet normal -0.743146 0.669129 0
    outer loop
      vertex -5.68965 -3.12121 -2.5
      vertex -5.10213 -2.4687 -0.6
      vertex -5.10213 -2.4687 -2.5
    endloop
  endfacet
  facet normal -0.743146 0.669129 0
    outer loop
      vertex -5.10213 -2.4687 -0.6
      vertex -5.68965 -3.12121 -2.5
      vertex -5.68965 -3.12121 -0.6
    endloop
  endfacet
  facet normal -0.406735 0.913546 0
    outer loop
      vertex -6.4 -3.63731 -2.5
      vertex -7.20213 -3.99444 -0.6
      vertex -6.4 -3.63731 -0.6
    endloop
  endfacet
  facet normal -0.406735 0.913546 0
    outer loop
      vertex -7.20213 -3.99444 -0.6
      vertex -6.4 -3.63731 -2.5
      vertex -7.20213 -3.99444 -2.5
    endloop
  endfacet
  facet normal 0.587813 0.808997 -0
    outer loop
      vertex -10.6 -3.63731 -2.5
      vertex -11.3103 -3.12121 -0.6
      vertex -10.6 -3.63731 -0.6
    endloop
  endfacet
  facet normal 0.587813 0.808997 0
    outer loop
      vertex -11.3103 -3.12121 -0.6
      vertex -10.6 -3.63731 -2.5
      vertex -11.3103 -3.12121 -2.5
    endloop
  endfacet
  facet normal -0.587786 -0.809017 0
    outer loop
      vertex -6.4 3.63731 -2.5
      vertex -5.68965 3.12121 -0.6
      vertex -6.4 3.63731 -0.6
    endloop
  endfacet
  facet normal -0.587786 -0.809017 -0
    outer loop
      vertex -5.68965 3.12121 -0.6
      vertex -6.4 3.63731 -2.5
      vertex -5.68965 3.12121 -2.5
    endloop
  endfacet
  facet normal 0.99452 -0.104551 0
    outer loop
      vertex -12.7 0 -0.6
      vertex -12.6082 0.873229 -2.5
      vertex -12.6082 0.873229 -0.6
    endloop
  endfacet
  facet normal 0.99452 -0.104551 0
    outer loop
      vertex -12.6082 0.873229 -2.5
      vertex -12.7 0 -0.6
      vertex -12.7 0 -2.5
    endloop
  endfacet
  facet normal -0.207907 -0.978149 0
    outer loop
      vertex -8.06098 4.17699 -2.5
      vertex -7.20213 3.99444 -0.6
      vertex -8.06098 4.17699 -0.6
    endloop
  endfacet
  facet normal -0.207907 -0.978149 -0
    outer loop
      vertex -7.20213 3.99444 -0.6
      vertex -8.06098 4.17699 -2.5
      vertex -7.20213 3.99444 -2.5
    endloop
  endfacet
  facet normal 0.866037 0.49998 0
    outer loop
      vertex -11.8979 -2.4687 -0.6
      vertex -12.3369 -1.70829 -2.5
      vertex -12.3369 -1.70829 -0.6
    endloop
  endfacet
  facet normal 0.866037 0.49998 0
    outer loop
      vertex -12.3369 -1.70829 -2.5
      vertex -11.8979 -2.4687 -0.6
      vertex -11.8979 -2.4687 -2.5
    endloop
  endfacet
  facet normal -0.406735 -0.913546 0
    outer loop
      vertex -7.20213 3.99444 -2.5
      vertex -6.4 3.63731 -0.6
      vertex -7.20213 3.99444 -0.6
    endloop
  endfacet
  facet normal -0.406735 -0.913546 -0
    outer loop
      vertex -6.4 3.63731 -0.6
      vertex -7.20213 3.99444 -2.5
      vertex -6.4 3.63731 -2.5
    endloop
  endfacet
  facet normal 0.99452 0.104551 0
    outer loop
      vertex -12.6082 -0.873229 -0.6
      vertex -12.7 0 -2.5
      vertex -12.7 0 -0.6
    endloop
  endfacet
  facet normal 0.99452 0.104551 0
    outer loop
      vertex -12.7 0 -2.5
      vertex -12.6082 -0.873229 -0.6
      vertex -12.6082 -0.873229 -2.5
    endloop
  endfacet
  facet normal 0.743101 0.669179 0
    outer loop
      vertex -11.3103 -3.12121 -0.6
      vertex -11.8979 -2.4687 -2.5
      vertex -11.8979 -2.4687 -0.6
    endloop
  endfacet
  facet normal 0.743101 0.669179 0
    outer loop
      vertex -11.8979 -2.4687 -2.5
      vertex -11.3103 -3.12121 -0.6
      vertex -11.3103 -3.12121 -2.5
    endloop
  endfacet
  facet normal 0.406735 0.913546 -0
    outer loop
      vertex -9.79787 -3.99444 -2.5
      vertex -10.6 -3.63731 -0.6
      vertex -9.79787 -3.99444 -0.6
    endloop
  endfacet
  facet normal 0.406735 0.913546 0
    outer loop
      vertex -10.6 -3.63731 -0.6
      vertex -9.79787 -3.99444 -2.5
      vertex -10.6 -3.63731 -2.5
    endloop
  endfacet
  facet normal 0.743101 -0.669179 0
    outer loop
      vertex -11.8979 2.4687 -0.6
      vertex -11.3103 3.12121 -2.5
      vertex -11.3103 3.12121 -0.6
    endloop
  endfacet
  facet normal 0.743101 -0.669179 0
    outer loop
      vertex -11.3103 3.12121 -2.5
      vertex -11.8979 2.4687 -0.6
      vertex -11.8979 2.4687 -2.5
    endloop
  endfacet
  facet normal 0.383728 -0.528188 -0.757476
    outer loop
      vertex -9.9 2.42487 0.6
      vertex -10.3736 2.0808 0.6
      vertex -11.3103 3.12121 -0.6
    endloop
  endfacet
  facet normal -0.565387 0.326424 -0.757486
    outer loop
      vertex -4.66311 -1.70829 -0.6
      vertex -5.10213 -2.4687 -0.6
      vertex -6.23475 -1.6458 0.6
    endloop
  endfacet
  facet normal 0.383754 0.528155 -0.757486
    outer loop
      vertex -9.9 -2.42487 0.6
      vertex -10.6 -3.63731 -0.6
      vertex -11.3103 -3.12121 -0.6
    endloop
  endfacet
  facet normal -0.649274 -0.0682452 -0.757486
    outer loop
      vertex -4.3 0 -0.6
      vertex -5.7 0 0.6
      vertex -5.76119 0.582152 0.6
    endloop
  endfacet
  facet normal -0.649273 -0.0682413 -0.757487
    outer loop
      vertex -4.39178 0.873229 -0.6
      vertex -4.3 0 -0.6
      vertex -5.76119 0.582152 0.6
    endloop
  endfacet
  facet normal -0.48516 -0.436844 -0.757487
    outer loop
      vertex -5.68965 3.12121 -0.6
      vertex -6.23475 1.6458 0.6
      vertex -6.62643 2.0808 0.6
    endloop
  endfacet
  facet normal 0.135732 -0.638585 -0.757487
    outer loop
      vertex -8.93902 4.17699 -0.6
      vertex -8.79268 2.78466 0.6
      vertex -9.79787 3.99444 -0.6
    endloop
  endfacet
  facet normal -0.565387 -0.326424 -0.757486
    outer loop
      vertex -5.10213 2.4687 -0.6
      vertex -4.66311 1.70829 -0.6
      vertex -6.23475 1.6458 0.6
    endloop
  endfacet
  facet normal -0.265541 -0.596406 -0.757488
    outer loop
      vertex -6.4 3.63731 -0.6
      vertex -7.1 2.42487 0.6
      vertex -7.63475 2.66296 0.6
    endloop
  endfacet
  facet normal -0.383736 0.528166 -0.757487
    outer loop
      vertex -5.68965 -3.12121 -0.6
      vertex -6.4 -3.63731 -0.6
      vertex -7.1 -2.42487 0.6
    endloop
  endfacet
  facet normal -0.265538 0.596409 -0.757487
    outer loop
      vertex -6.4 -3.63731 -0.6
      vertex -7.20213 -3.99444 -0.6
      vertex -7.63475 -2.66296 0.6
    endloop
  endfacet
  facet normal -0.48516 0.436844 -0.757487
    outer loop
      vertex -6.23475 -1.6458 0.6
      vertex -5.68965 -3.12121 -0.6
      vertex -6.62643 -2.0808 0.6
    endloop
  endfacet
  facet normal -0.620898 0.201744 -0.757486
    outer loop
      vertex -4.39178 -0.873229 -0.6
      vertex -4.66311 -1.70829 -0.6
      vertex -5.94207 -1.13886 0.6
    endloop
  endfacet
  facet normal 0.620896 -0.201757 -0.757484
    outer loop
      vertex -11.0579 1.13886 0.6
      vertex -11.2388 0.582152 0.6
      vertex -12.6082 0.873229 -0.6
    endloop
  endfacet
  facet normal -0.620898 -0.201744 -0.757486
    outer loop
      vertex -4.66311 1.70829 -0.6
      vertex -4.39178 0.873229 -0.6
      vertex -5.94207 1.13886 0.6
    endloop
  endfacet
  facet normal 0.383754 -0.528155 -0.757486
    outer loop
      vertex -10.6 3.63731 -0.6
      vertex -9.9 2.42487 0.6
      vertex -11.3103 3.12121 -0.6
    endloop
  endfacet
  facet normal -0.383736 0.528166 -0.757488
    outer loop
      vertex -6.62643 -2.0808 0.6
      vertex -5.68965 -3.12121 -0.6
      vertex -7.1 -2.42487 0.6
    endloop
  endfacet
  facet normal 0.265541 0.596406 -0.757488
    outer loop
      vertex -9.9 -2.42487 0.6
      vertex -9.36525 -2.66296 0.6
      vertex -10.6 -3.63731 -0.6
    endloop
  endfacet
  facet normal 0.485124 0.436866 -0.757498
    outer loop
      vertex -10.7652 -1.6458 0.6
      vertex -11.3103 -3.12121 -0.6
      vertex -11.8979 -2.4687 -0.6
    endloop
  endfacet
  facet normal 0.565378 0.326404 -0.757501
    outer loop
      vertex -10.7652 -1.6458 0.6
      vertex -11.8979 -2.4687 -0.6
      vertex -12.3369 -1.70829 -0.6
    endloop
  endfacet
  facet normal -0.265541 0.596406 -0.757488
    outer loop
      vertex -7.1 -2.42487 0.6
      vertex -6.4 -3.63731 -0.6
      vertex -7.63475 -2.66296 0.6
    endloop
  endfacet
  facet normal -0.485164 0.436842 -0.757486
    outer loop
      vertex -5.10213 -2.4687 -0.6
      vertex -5.68965 -3.12121 -0.6
      vertex -6.23475 -1.6458 0.6
    endloop
  endfacet
  facet normal -0.485164 -0.436842 -0.757486
    outer loop
      vertex -5.68965 3.12121 -0.6
      vertex -5.10213 2.4687 -0.6
      vertex -6.23475 1.6458 0.6
    endloop
  endfacet
  facet normal 0 -0.652851 -0.757486
    outer loop
      vertex -8.79268 2.78466 0.6
      vertex -8.06098 4.17699 -0.6
      vertex -8.20732 2.78466 0.6
    endloop
  endfacet
  facet normal -0 -0.652851 -0.757486
    outer loop
      vertex -8.06098 4.17699 -0.6
      vertex -8.79268 2.78466 0.6
      vertex -8.93902 4.17699 -0.6
    endloop
  endfacet
  facet normal 0.135732 0.638585 -0.757487
    outer loop
      vertex -8.79268 -2.78466 0.6
      vertex -8.93902 -4.17699 -0.6
      vertex -9.79787 -3.99444 -0.6
    endloop
  endfacet
  facet normal -0.383736 -0.528166 -0.757488
    outer loop
      vertex -5.68965 3.12121 -0.6
      vertex -6.62643 2.0808 0.6
      vertex -7.1 2.42487 0.6
    endloop
  endfacet
  facet normal 0.565378 -0.326404 -0.757501
    outer loop
      vertex -11.8979 2.4687 -0.6
      vertex -10.7652 1.6458 0.6
      vertex -12.3369 1.70829 -0.6
    endloop
  endfacet
  facet normal -0.565387 -0.326424 -0.757486
    outer loop
      vertex -4.66311 1.70829 -0.6
      vertex -5.94207 1.13886 0.6
      vertex -6.23475 1.6458 0.6
    endloop
  endfacet
  facet normal -0.265538 -0.596409 -0.757487
    outer loop
      vertex -7.20213 3.99444 -0.6
      vertex -6.4 3.63731 -0.6
      vertex -7.63475 2.66296 0.6
    endloop
  endfacet
  facet normal 0.649274 0.0682562 -0.757486
    outer loop
      vertex -11.2388 -0.582152 0.6
      vertex -12.6082 -0.873229 -0.6
      vertex -12.7 0 -0.6
    endloop
  endfacet
  facet normal -0.135732 -0.638585 -0.757486
    outer loop
      vertex -7.20213 3.99444 -0.6
      vertex -7.63475 2.66296 0.6
      vertex -8.20732 2.78466 0.6
    endloop
  endfacet
  facet normal -0.649273 0.0682413 -0.757487
    outer loop
      vertex -4.3 0 -0.6
      vertex -4.39178 -0.873229 -0.6
      vertex -5.76119 -0.582152 0.6
    endloop
  endfacet
  facet normal -0.649274 0.0682452 -0.757486
    outer loop
      vertex -5.7 0 0.6
      vertex -4.3 0 -0.6
      vertex -5.76119 -0.582152 0.6
    endloop
  endfacet
  facet normal 0.135732 -0.638585 -0.757486
    outer loop
      vertex -8.79268 2.78466 0.6
      vertex -9.36525 2.66296 0.6
      vertex -9.79787 3.99444 -0.6
    endloop
  endfacet
  facet normal 0.485219 -0.436808 -0.75747
    outer loop
      vertex -10.3736 2.0808 0.6
      vertex -10.7652 1.6458 0.6
      vertex -11.3103 3.12121 -0.6
    endloop
  endfacet
  facet normal 0.649274 0.0682563 -0.757486
    outer loop
      vertex -11.3 0 0.6
      vertex -11.2388 -0.582152 0.6
      vertex -12.7 0 -0.6
    endloop
  endfacet
  facet normal -0.135732 -0.638585 -0.757487
    outer loop
      vertex -8.06098 4.17699 -0.6
      vertex -7.20213 3.99444 -0.6
      vertex -8.20732 2.78466 0.6
    endloop
  endfacet
  facet normal 0.485219 0.436808 -0.75747
    outer loop
      vertex -10.7652 -1.6458 0.6
      vertex -10.3736 -2.0808 0.6
      vertex -11.3103 -3.12121 -0.6
    endloop
  endfacet
  facet normal -0.620898 -0.201736 -0.757488
    outer loop
      vertex -4.39178 0.873229 -0.6
      vertex -5.76119 0.582152 0.6
      vertex -5.94207 1.13886 0.6
    endloop
  endfacet
  facet normal 0.620896 0.201721 -0.757494
    outer loop
      vertex -11.0579 -1.13886 0.6
      vertex -12.3369 -1.70829 -0.6
      vertex -12.6082 -0.873229 -0.6
    endloop
  endfacet
  facet normal -0.135732 0.638585 -0.757486
    outer loop
      vertex -7.63475 -2.66296 0.6
      vertex -7.20213 -3.99444 -0.6
      vertex -8.20732 -2.78466 0.6
    endloop
  endfacet
  facet normal 0.56537 0.326437 -0.757493
    outer loop
      vertex -11.0579 -1.13886 0.6
      vertex -10.7652 -1.6458 0.6
      vertex -12.3369 -1.70829 -0.6
    endloop
  endfacet
  facet normal 0.265538 0.596409 -0.757487
    outer loop
      vertex -9.36525 -2.66296 0.6
      vertex -9.79787 -3.99444 -0.6
      vertex -10.6 -3.63731 -0.6
    endloop
  endfacet
  facet normal 0.265538 -0.596409 -0.757487
    outer loop
      vertex -9.79787 3.99444 -0.6
      vertex -9.36525 2.66296 0.6
      vertex -10.6 3.63731 -0.6
    endloop
  endfacet
  facet normal 0.649274 -0.0682562 -0.757486
    outer loop
      vertex -12.6082 0.873229 -0.6
      vertex -11.2388 0.582152 0.6
      vertex -12.7 0 -0.6
    endloop
  endfacet
  facet normal -0.565387 0.326424 -0.757486
    outer loop
      vertex -5.94207 -1.13886 0.6
      vertex -4.66311 -1.70829 -0.6
      vertex -6.23475 -1.6458 0.6
    endloop
  endfacet
  facet normal 0.56537 -0.326437 -0.757493
    outer loop
      vertex -10.7652 1.6458 0.6
      vertex -11.0579 1.13886 0.6
      vertex -12.3369 1.70829 -0.6
    endloop
  endfacet
  facet normal 0.135732 0.638585 -0.757486
    outer loop
      vertex -9.36525 -2.66296 0.6
      vertex -8.79268 -2.78466 0.6
      vertex -9.79787 -3.99444 -0.6
    endloop
  endfacet
  facet normal -0.620898 0.201736 -0.757488
    outer loop
      vertex -5.76119 -0.582152 0.6
      vertex -4.39178 -0.873229 -0.6
      vertex -5.94207 -1.13886 0.6
    endloop
  endfacet
  facet normal 0.383728 0.528188 -0.757476
    outer loop
      vertex -10.3736 -2.0808 0.6
      vertex -9.9 -2.42487 0.6
      vertex -11.3103 -3.12121 -0.6
    endloop
  endfacet
  facet normal -0.383736 -0.528166 -0.757487
    outer loop
      vertex -6.4 3.63731 -0.6
      vertex -5.68965 3.12121 -0.6
      vertex -7.1 2.42487 0.6
    endloop
  endfacet
  facet normal 0.649274 -0.0682563 -0.757486
    outer loop
      vertex -11.2388 0.582152 0.6
      vertex -11.3 0 0.6
      vertex -12.7 0 -0.6
    endloop
  endfacet
  facet normal 0.620896 -0.201721 -0.757494
    outer loop
      vertex -12.3369 1.70829 -0.6
      vertex -11.0579 1.13886 0.6
      vertex -12.6082 0.873229 -0.6
    endloop
  endfacet
  facet normal 0.485124 -0.436866 -0.757498
    outer loop
      vertex -11.3103 3.12121 -0.6
      vertex -10.7652 1.6458 0.6
      vertex -11.8979 2.4687 -0.6
    endloop
  endfacet
  facet normal 0 0.652851 -0.757486
    outer loop
      vertex -8.06098 -4.17699 -0.6
      vertex -8.79268 -2.78466 0.6
      vertex -8.20732 -2.78466 0.6
    endloop
  endfacet
  facet normal 0 0.652851 -0.757486
    outer loop
      vertex -8.79268 -2.78466 0.6
      vertex -8.06098 -4.17699 -0.6
      vertex -8.93902 -4.17699 -0.6
    endloop
  endfacet
  facet normal 0.620896 0.201757 -0.757484
    outer loop
      vertex -11.2388 -0.582152 0.6
      vertex -11.0579 -1.13886 0.6
      vertex -12.6082 -0.873229 -0.6
    endloop
  endfacet
  facet normal -0.135732 0.638585 -0.757487
    outer loop
      vertex -7.20213 -3.99444 -0.6
      vertex -8.06098 -4.17699 -0.6
      vertex -8.20732 -2.78466 0.6
    endloop
  endfacet
  facet normal 0.265541 -0.596406 -0.757488
    outer loop
      vertex -9.36525 2.66296 0.6
      vertex -9.9 2.42487 0.6
      vertex -10.6 3.63731 -0.6
    endloop
  endfacet
  facet normal 0 0 -1
    outer loop
      vertex -5.76119 -0.582152 0.6
      vertex -5.76119 0.582152 0.6
      vertex -5.7 0 0.6
    endloop
  endfacet
  facet normal 0 0 -1
    outer loop
      vertex -5.94207 -1.13886 0.6
      vertex -5.76119 0.582152 0.6
      vertex -5.76119 -0.582152 0.6
    endloop
  endfacet
  facet normal 0 0 -1
    outer loop
      vertex -5.94207 -1.13886 0.6
      vertex -5.94207 1.13886 0.6
      vertex -5.76119 0.582152 0.6
    endloop
  endfacet
  facet normal 0 0 -1
    outer loop
      vertex -6.23475 -1.6458 0.6
      vertex -5.94207 1.13886 0.6
      vertex -5.94207 -1.13886 0.6
    endloop
  endfacet
  facet normal 0 0 -1
    outer loop
      vertex -6.23475 -1.6458 0.6
      vertex -6.23475 1.6458 0.6
      vertex -5.94207 1.13886 0.6
    endloop
  endfacet
  facet normal 0 0 -1
    outer loop
      vertex -6.62643 -2.0808 0.6
      vertex -6.23475 1.6458 0.6
      vertex -6.23475 -1.6458 0.6
    endloop
  endfacet
  facet normal 0 0 -1
    outer loop
      vertex -6.62643 -2.0808 0.6
      vertex -6.62643 2.0808 0.6
      vertex -6.23475 1.6458 0.6
    endloop
  endfacet
  facet normal 0 0 -1
    outer loop
      vertex -7.1 -2.42487 0.6
      vertex -6.62643 2.0808 0.6
      vertex -6.62643 -2.0808 0.6
    endloop
  endfacet
  facet normal 0 0 -1
    outer loop
      vertex -7.1 -2.42487 0.6
      vertex -7.1 2.42487 0.6
      vertex -6.62643 2.0808 0.6
    endloop
  endfacet
  facet normal 0 0 -1
    outer loop
      vertex -7.63475 -2.66296 0.6
      vertex -7.1 2.42487 0.6
      vertex -7.1 -2.42487 0.6
    endloop
  endfacet
  facet normal 0 0 -1
    outer loop
      vertex -7.63475 -2.66296 0.6
      vertex -7.63475 2.66296 0.6
      vertex -7.1 2.42487 0.6
    endloop
  endfacet
  facet normal 0 0 -1
    outer loop
      vertex -8.20732 -2.78466 0.6
      vertex -7.63475 2.66296 0.6
      vertex -7.63475 -2.66296 0.6
    endloop
  endfacet
  facet normal 0 0 -1
    outer loop
      vertex -8.20732 -2.78466 0.6
      vertex -8.20732 2.78466 0.6
      vertex -7.63475 2.66296 0.6
    endloop
  endfacet
  facet normal 0 0 -1
    outer loop
      vertex -8.79268 -2.78466 0.6
      vertex -8.20732 2.78466 0.6
      vertex -8.20732 -2.78466 0.6
    endloop
  endfacet
  facet normal 0 0 -1
    outer loop
      vertex -8.79268 -2.78466 0.6
      vertex -8.79268 2.78466 0.6
      vertex -8.20732 2.78466 0.6
    endloop
  endfacet
  facet normal 0 0 -1
    outer loop
      vertex -9.36525 -2.66296 0.6
      vertex -8.79268 2.78466 0.6
      vertex -8.79268 -2.78466 0.6
    endloop
  endfacet
  facet normal 0 0 -1
    outer loop
      vertex -9.36525 -2.66296 0.6
      vertex -9.36525 2.66296 0.6
      vertex -8.79268 2.78466 0.6
    endloop
  endfacet
  facet normal 0 0 -1
    outer loop
      vertex -9.9 -2.42487 0.6
      vertex -9.36525 2.66296 0.6
      vertex -9.36525 -2.66296 0.6
    endloop
  endfacet
  facet normal 0 0 -1
    outer loop
      vertex -9.9 -2.42487 0.6
      vertex -9.9 2.42487 0.6
      vertex -9.36525 2.66296 0.6
    endloop
  endfacet
  facet normal 0 0 -1
    outer loop
      vertex -10.3736 -2.0808 0.6
      vertex -9.9 2.42487 0.6
      vertex -9.9 -2.42487 0.6
    endloop
  endfacet
  facet normal 0 0 -1
    outer loop
      vertex -10.3736 -2.0808 0.6
      vertex -10.3736 2.0808 0.6
      vertex -9.9 2.42487 0.6
    endloop
  endfacet
  facet normal 0 0 -1
    outer loop
      vertex -10.7652 -1.6458 0.6
      vertex -10.3736 2.0808 0.6
      vertex -10.3736 -2.0808 0.6
    endloop
  endfacet
  facet normal 0 0 -1
    outer loop
      vertex -10.7652 -1.6458 0.6
      vertex -10.7652 1.6458 0.6
      vertex -10.3736 2.0808 0.6
    endloop
  endfacet
  facet normal 0 0 -1
    outer loop
      vertex -11.0579 -1.13886 0.6
      vertex -10.7652 1.6458 0.6
      vertex -10.7652 -1.6458 0.6
    endloop
  endfacet
  facet normal 0 0 -1
    outer loop
      vertex -11.0579 -1.13886 0.6
      vertex -11.0579 1.13886 0.6
      vertex -10.7652 1.6458 0.6
    endloop
  endfacet
  facet normal 0 0 -1
    outer loop
      vertex -11.2388 -0.582152 0.6
      vertex -11.0579 1.13886 0.6
      vertex -11.0579 -1.13886 0.6
    endloop
  endfacet
  facet normal 0 0 -1
    outer loop
      vertex -11.2388 -0.582152 0.6
      vertex -11.2388 0.582152 0.6
      vertex -11.0579 1.13886 0.6
    endloop
  endfacet
  facet normal 0 -0 -1
    outer loop
      vertex -11.2388 0.582152 0.6
      vertex -11.2388 -0.582152 0.6
      vertex -11.3 0 0.6
    endloop
  endfacet
  facet normal 0.406731 0.913548 -0
    outer loop
      vertex 7.54762 -4.46996 -2.5
      vertex 6.65 -4.07032 -0.6
      vertex 7.54762 -4.46996 -0.6
    endloop
  endfacet
  facet normal 0.406731 0.913548 0
    outer loop
      vertex 6.65 -4.07032 -0.6
      vertex 7.54762 -4.46996 -2.5
      vertex 6.65 -4.07032 -2.5
    endloop
  endfacet
  facet normal 0.951056 0.309017 0
    outer loop
      vertex 4.70634 -1.91166 -0.6
      vertex 4.40271 -0.977184 -2.5
      vertex 4.40271 -0.977184 -0.6
    endloop
  endfacet
  facet normal 0.951056 0.309017 0
    outer loop
      vertex 4.40271 -0.977184 -2.5
      vertex 4.70634 -1.91166 -0.6
      vertex 4.70634 -1.91166 -2.5
    endloop
  endfacet
  facet normal -0.951065 -0.30899 0
    outer loop
      vertex 13.5973 0.977184 -2.5
      vertex 13.2937 1.91166 -0.6
      vertex 13.2937 1.91166 -2.5
    endloop
  endfacet
  facet normal -0.951065 -0.30899 0
    outer loop
      vertex 13.2937 1.91166 -0.6
      vertex 13.5973 0.977184 -2.5
      vertex 13.5973 0.977184 -0.6
    endloop
  endfacet
  facet normal -0.994523 -0.104522 0
    outer loop
      vertex 13.7 0 -2.5
      vertex 13.5973 0.977184 -0.6
      vertex 13.5973 0.977184 -2.5
    endloop
  endfacet
  facet normal -0.994523 -0.104522 0
    outer loop
      vertex 13.5973 0.977184 -0.6
      vertex 13.7 0 -2.5
      vertex 13.7 0 -0.6
    endloop
  endfacet
  facet normal -0.866019 -0.500012 0
    outer loop
      vertex 13.2937 1.91166 -2.5
      vertex 12.8024 2.76259 -0.6
      vertex 12.8024 2.76259 -2.5
    endloop
  endfacet
  facet normal -0.866019 -0.500012 0
    outer loop
      vertex 12.8024 2.76259 -0.6
      vertex 13.2937 1.91166 -2.5
      vertex 13.2937 1.91166 -0.6
    endloop
  endfacet
  facet normal -0.587793 0.809012 0
    outer loop
      vertex 12.1449 -3.49278 -2.5
      vertex 11.35 -4.07032 -0.6
      vertex 12.1449 -3.49278 -0.6
    endloop
  endfacet
  facet normal -0.587793 0.809012 0
    outer loop
      vertex 11.35 -4.07032 -0.6
      vertex 12.1449 -3.49278 -2.5
      vertex 11.35 -4.07032 -2.5
    endloop
  endfacet
  facet normal -0.406739 -0.913544 0
    outer loop
      vertex 10.4524 4.46996 -2.5
      vertex 11.35 4.07032 -0.6
      vertex 10.4524 4.46996 -0.6
    endloop
  endfacet
  facet normal -0.406739 -0.913544 -0
    outer loop
      vertex 11.35 4.07032 -0.6
      vertex 10.4524 4.46996 -2.5
      vertex 11.35 4.07032 -2.5
    endloop
  endfacet
  facet normal -0.994523 0.104522 0
    outer loop
      vertex 13.5973 -0.977184 -2.5
      vertex 13.7 0 -0.6
      vertex 13.7 0 -2.5
    endloop
  endfacet
  facet normal -0.994523 0.104522 0
    outer loop
      vertex 13.7 0 -0.6
      vertex 13.5973 -0.977184 -2.5
      vertex 13.5973 -0.977184 -0.6
    endloop
  endfacet
  facet normal -0.743128 -0.66915 0
    outer loop
      vertex 12.8024 2.76259 -2.5
      vertex 12.1449 3.49278 -0.6
      vertex 12.1449 3.49278 -2.5
    endloop
  endfacet
  facet normal -0.743128 -0.66915 0
    outer loop
      vertex 12.1449 3.49278 -0.6
      vertex 12.8024 2.76259 -2.5
      vertex 12.8024 2.76259 -0.6
    endloop
  endfacet
  facet normal 0.866027 -0.499996 0
    outer loop
      vertex 4.70634 1.91166 -0.6
      vertex 5.19762 2.76259 -2.5
      vertex 5.19762 2.76259 -0.6
    endloop
  endfacet
  facet normal 0.866027 -0.499996 0
    outer loop
      vertex 5.19762 2.76259 -2.5
      vertex 4.70634 1.91166 -0.6
      vertex 4.70634 1.91166 -2.5
    endloop
  endfacet
  facet normal -0.743128 0.66915 0
    outer loop
      vertex 12.1449 -3.49278 -2.5
      vertex 12.8024 -2.76259 -0.6
      vertex 12.8024 -2.76259 -2.5
    endloop
  endfacet
  facet normal -0.743128 0.66915 0
    outer loop
      vertex 12.8024 -2.76259 -0.6
      vertex 12.1449 -3.49278 -2.5
      vertex 12.1449 -3.49278 -0.6
    endloop
  endfacet
  facet normal 0.743143 -0.669133 0
    outer loop
      vertex 5.19762 2.76259 -0.6
      vertex 5.85509 3.49278 -2.5
      vertex 5.85509 3.49278 -0.6
    endloop
  endfacet
  facet normal 0.743143 -0.669133 0
    outer loop
      vertex 5.85509 3.49278 -2.5
      vertex 5.19762 2.76259 -0.6
      vertex 5.19762 2.76259 -2.5
    endloop
  endfacet
  facet normal -0.866019 0.500012 0
    outer loop
      vertex 12.8024 -2.76259 -2.5
      vertex 13.2937 -1.91166 -0.6
      vertex 13.2937 -1.91166 -2.5
    endloop
  endfacet
  facet normal -0.866019 0.500012 0
    outer loop
      vertex 13.2937 -1.91166 -0.6
      vertex 12.8024 -2.76259 -2.5
      vertex 12.8024 -2.76259 -0.6
    endloop
  endfacet
  facet normal 0.587788 -0.809015 0
    outer loop
      vertex 5.85509 3.49278 -2.5
      vertex 6.65 4.07032 -0.6
      vertex 5.85509 3.49278 -0.6
    endloop
  endfacet
  facet normal 0.587788 -0.809015 0
    outer loop
      vertex 6.65 4.07032 -0.6
      vertex 5.85509 3.49278 -2.5
      vertex 6.65 4.07032 -2.5
    endloop
  endfacet
  facet normal -0.951065 0.30899 0
    outer loop
      vertex 13.2937 -1.91166 -2.5
      vertex 13.5973 -0.977184 -0.6
      vertex 13.5973 -0.977184 -2.5
    endloop
  endfacet
  facet normal -0.951065 0.30899 0
    outer loop
      vertex 13.5973 -0.977184 -0.6
      vertex 13.2937 -1.91166 -2.5
      vertex 13.2937 -1.91166 -0.6
    endloop
  endfacet
  facet normal 0 -1 0
    outer loop
      vertex 8.50872 4.67425 -2.5
      vertex 9.49128 4.67425 -0.6
      vertex 8.50872 4.67425 -0.6
    endloop
  endfacet
  facet normal 0 -1 -0
    outer loop
      vertex 9.49128 4.67425 -0.6
      vertex 8.50872 4.67425 -2.5
      vertex 9.49128 4.67425 -2.5
    endloop
  endfacet
  facet normal 0.587788 0.809015 -0
    outer loop
      vertex 6.65 -4.07032 -2.5
      vertex 5.85509 -3.49278 -0.6
      vertex 6.65 -4.07032 -0.6
    endloop
  endfacet
  facet normal 0.587788 0.809015 0
    outer loop
      vertex 5.85509 -3.49278 -0.6
      vertex 6.65 -4.07032 -2.5
      vertex 5.85509 -3.49278 -2.5
    endloop
  endfacet
  facet normal 0.866027 0.499996 0
    outer loop
      vertex 5.19762 -2.76259 -0.6
      vertex 4.70634 -1.91166 -2.5
      vertex 4.70634 -1.91166 -0.6
    endloop
  endfacet
  facet normal 0.866027 0.499996 0
    outer loop
      vertex 4.70634 -1.91166 -2.5
      vertex 5.19762 -2.76259 -0.6
      vertex 5.19762 -2.76259 -2.5
    endloop
  endfacet
  facet normal 0.406731 -0.913548 0
    outer loop
      vertex 6.65 4.07032 -2.5
      vertex 7.54762 4.46996 -0.6
      vertex 6.65 4.07032 -0.6
    endloop
  endfacet
  facet normal 0.406731 -0.913548 0
    outer loop
      vertex 7.54762 4.46996 -0.6
      vertex 6.65 4.07032 -2.5
      vertex 7.54762 4.46996 -2.5
    endloop
  endfacet
  facet normal 0.994521 0.104532 0
    outer loop
      vertex 4.40271 -0.977184 -0.6
      vertex 4.3 0 -2.5
      vertex 4.3 0 -0.6
    endloop
  endfacet
  facet normal 0.994521 0.104532 0
    outer loop
      vertex 4.3 0 -2.5
      vertex 4.40271 -0.977184 -0.6
      vertex 4.40271 -0.977184 -2.5
    endloop
  endfacet
  facet normal 0.743143 0.669133 0
    outer loop
      vertex 5.85509 -3.49278 -0.6
      vertex 5.19762 -2.76259 -2.5
      vertex 5.19762 -2.76259 -0.6
    endloop
  endfacet
  facet normal 0.743143 0.669133 0
    outer loop
      vertex 5.19762 -2.76259 -2.5
      vertex 5.85509 -3.49278 -0.6
      vertex 5.85509 -3.49278 -2.5
    endloop
  endfacet
  facet normal -0.207909 0.978148 0
    outer loop
      vertex 10.4524 -4.46996 -2.5
      vertex 9.49128 -4.67425 -0.6
      vertex 10.4524 -4.46996 -0.6
    endloop
  endfacet
  facet normal -0.207909 0.978148 0
    outer loop
      vertex 9.49128 -4.67425 -0.6
      vertex 10.4524 -4.46996 -2.5
      vertex 9.49128 -4.67425 -2.5
    endloop
  endfacet
  facet normal 0.994521 -0.104532 0
    outer loop
      vertex 4.3 0 -0.6
      vertex 4.40271 0.977184 -2.5
      vertex 4.40271 0.977184 -0.6
    endloop
  endfacet
  facet normal 0.994521 -0.104532 0
    outer loop
      vertex 4.40271 0.977184 -2.5
      vertex 4.3 0 -0.6
      vertex 4.3 0 -2.5
    endloop
  endfacet
  facet normal -0.207909 -0.978148 0
    outer loop
      vertex 9.49128 4.67425 -2.5
      vertex 10.4524 4.46996 -0.6
      vertex 9.49128 4.67425 -0.6
    endloop
  endfacet
  facet normal -0.207909 -0.978148 -0
    outer loop
      vertex 10.4524 4.46996 -0.6
      vertex 9.49128 4.67425 -2.5
      vertex 10.4524 4.46996 -2.5
    endloop
  endfacet
  facet normal -0.587793 -0.809012 0
    outer loop
      vertex 11.35 4.07032 -2.5
      vertex 12.1449 3.49278 -0.6
      vertex 11.35 4.07032 -0.6
    endloop
  endfacet
  facet normal -0.587793 -0.809012 -0
    outer loop
      vertex 12.1449 3.49278 -0.6
      vertex 11.35 4.07032 -2.5
      vertex 12.1449 3.49278 -2.5
    endloop
  endfacet
  facet normal 0.207914 -0.978147 0
    outer loop
      vertex 7.54762 4.46996 -2.5
      vertex 8.50872 4.67425 -0.6
      vertex 7.54762 4.46996 -0.6
    endloop
  endfacet
  facet normal 0.207914 -0.978147 0
    outer loop
      vertex 8.50872 4.67425 -0.6
      vertex 7.54762 4.46996 -2.5
      vertex 8.50872 4.67425 -2.5
    endloop
  endfacet
  facet normal -0.406739 0.913544 0
    outer loop
      vertex 11.35 -4.07032 -2.5
      vertex 10.4524 -4.46996 -0.6
      vertex 11.35 -4.07032 -0.6
    endloop
  endfacet
  facet normal -0.406739 0.913544 0
    outer loop
      vertex 10.4524 -4.46996 -0.6
      vertex 11.35 -4.07032 -2.5
      vertex 10.4524 -4.46996 -2.5
    endloop
  endfacet
  facet normal 0 1 -0
    outer loop
      vertex 9.49128 -4.67425 -2.5
      vertex 8.50872 -4.67425 -0.6
      vertex 9.49128 -4.67425 -0.6
    endloop
  endfacet
  facet normal 0 1 0
    outer loop
      vertex 8.50872 -4.67425 -0.6
      vertex 9.49128 -4.67425 -2.5
      vertex 8.50872 -4.67425 -2.5
    endloop
  endfacet
  facet normal 0.207914 0.978147 -0
    outer loop
      vertex 8.50872 -4.67425 -2.5
      vertex 7.54762 -4.46996 -0.6
      vertex 8.50872 -4.67425 -0.6
    endloop
  endfacet
  facet normal 0.207914 0.978147 0
    outer loop
      vertex 7.54762 -4.46996 -0.6
      vertex 8.50872 -4.67425 -2.5
      vertex 7.54762 -4.46996 -2.5
    endloop
  endfacet
  facet normal 0.951056 -0.309017 0
    outer loop
      vertex 4.40271 0.977184 -0.6
      vertex 4.70634 1.91166 -2.5
      vertex 4.70634 1.91166 -0.6
    endloop
  endfacet
  facet normal 0.951056 -0.309017 0
    outer loop
      vertex 4.70634 1.91166 -2.5
      vertex 4.40271 0.977184 -0.6
      vertex 4.40271 0.977184 -2.5
    endloop
  endfacet
  facet normal 0.606838 -0.0637805 -0.792262
    outer loop
      vertex 5.93514 0.651456 0.6
      vertex 5.86667 0 0.6
      vertex 4.3 0 -0.6
    endloop
  endfacet
  facet normal -0.528415 -0.30509 -0.792274
    outer loop
      vertex 11.8624 1.27444 0.6
      vertex 12.8024 2.76259 -0.6
      vertex 13.2937 1.91166 -0.6
    endloop
  endfacet
  facet normal -0.528437 -0.30507 -0.792267
    outer loop
      vertex 12.8024 2.76259 -0.6
      vertex 11.8624 1.27444 0.6
      vertex 11.5349 1.84173 0.6
    endloop
  endfacet
  facet normal 0.35866 0.493646 -0.792261
    outer loop
      vertex 6.90339 -2.32852 0.6
      vertex 7.43333 -2.71355 0.6
      vertex 6.65 -4.07032 -0.6
    endloop
  endfacet
  facet normal -0.606833 -0.0637148 -0.792271
    outer loop
      vertex 13.7 0 -0.6
      vertex 12.1333 0 0.6
      vertex 12.0649 0.651456 0.6
    endloop
  endfacet
  facet normal -0.606847 -0.0637784 -0.792256
    outer loop
      vertex 13.5973 0.977184 -0.6
      vertex 13.7 0 -0.6
      vertex 12.0649 0.651456 0.6
    endloop
  endfacet
  facet normal -0.35866 0.493644 -0.792261
    outer loop
      vertex 12.1449 -3.49278 -0.6
      vertex 11.35 -4.07032 -0.6
      vertex 11.0966 -2.32852 0.6
    endloop
  endfacet
  facet normal 0.35866 -0.493646 -0.792261
    outer loop
      vertex 7.43333 2.71355 0.6
      vertex 6.90339 2.32852 0.6
      vertex 6.65 4.07032 -0.6
    endloop
  endfacet
  facet normal -0.248184 -0.557428 -0.792262
    outer loop
      vertex 10.4524 4.46996 -0.6
      vertex 11.35 4.07032 -0.6
      vertex 9.96825 2.97998 0.6
    endloop
  endfacet
  facet normal 0.126865 0.596849 -0.79226
    outer loop
      vertex 8.03175 -2.97998 0.6
      vertex 8.50872 -4.67425 -0.6
      vertex 7.54762 -4.46996 -0.6
    endloop
  endfacet
  facet normal 0.580317 -0.188557 -0.792261
    outer loop
      vertex 6.13756 1.27444 0.6
      vertex 5.93514 0.651456 0.6
      vertex 4.70634 1.91166 -0.6
    endloop
  endfacet
  facet normal -0.126863 0.596849 -0.792261
    outer loop
      vertex 9.96825 -2.97998 0.6
      vertex 10.4524 -4.46996 -0.6
      vertex 9.49128 -4.67425 -0.6
    endloop
  endfacet
  facet normal -0.358681 -0.493637 -0.792256
    outer loop
      vertex 11.35 4.07032 -0.6
      vertex 11.0966 2.32852 0.6
      vertex 10.5667 2.71355 0.6
    endloop
  endfacet
  facet normal 0.453453 0.408293 -0.792261
    outer loop
      vertex 6.46508 -1.84173 0.6
      vertex 6.90339 -2.32852 0.6
      vertex 5.19762 -2.76259 -0.6
    endloop
  endfacet
  facet normal 0.580317 0.188557 -0.792261
    outer loop
      vertex 5.93514 -0.651456 0.6
      vertex 6.13756 -1.27444 0.6
      vertex 4.70634 -1.91166 -0.6
    endloop
  endfacet
  facet normal -0.453451 0.408282 -0.792267
    outer loop
      vertex 11.5349 -1.84173 0.6
      vertex 12.8024 -2.76259 -0.6
      vertex 11.0966 -2.32852 0.6
    endloop
  endfacet
  facet normal 0.126863 0.596849 -0.792261
    outer loop
      vertex 8.67248 -3.11617 0.6
      vertex 8.50872 -4.67425 -0.6
      vertex 8.03175 -2.97998 0.6
    endloop
  endfacet
  facet normal -0.453451 -0.408282 -0.792267
    outer loop
      vertex 12.8024 2.76259 -0.6
      vertex 11.5349 1.84173 0.6
      vertex 11.0966 2.32852 0.6
    endloop
  endfacet
  facet normal -0.248172 0.557439 -0.792258
    outer loop
      vertex 10.5667 -2.71355 0.6
      vertex 11.35 -4.07032 -0.6
      vertex 9.96825 -2.97998 0.6
    endloop
  endfacet
  facet normal 0.126863 -0.596849 -0.792261
    outer loop
      vertex 8.50872 4.67425 -0.6
      vertex 8.67248 3.11617 0.6
      vertex 8.03175 2.97998 0.6
    endloop
  endfacet
  facet normal -0.453443 -0.408303 -0.792262
    outer loop
      vertex 12.1449 3.49278 -0.6
      vertex 12.8024 2.76259 -0.6
      vertex 11.0966 2.32852 0.6
    endloop
  endfacet
  facet normal 0.528435 0.305088 -0.792261
    outer loop
      vertex 5.19762 -2.76259 -0.6
      vertex 6.13756 -1.27444 0.6
      vertex 6.46508 -1.84173 0.6
    endloop
  endfacet
  facet normal 0.528434 0.305089 -0.792262
    outer loop
      vertex 6.13756 -1.27444 0.6
      vertex 5.19762 -2.76259 -0.6
      vertex 4.70634 -1.91166 -0.6
    endloop
  endfacet
  facet normal 0.580317 0.188557 -0.792261
    outer loop
      vertex 5.93514 -0.651456 0.6
      vertex 4.70634 -1.91166 -0.6
      vertex 4.40271 -0.977184 -0.6
    endloop
  endfacet
  facet normal 0.606839 0.0637837 -0.792262
    outer loop
      vertex 5.93514 -0.651456 0.6
      vertex 4.40271 -0.977184 -0.6
      vertex 4.3 0 -0.6
    endloop
  endfacet
  facet normal 0.248181 0.557431 -0.792261
    outer loop
      vertex 7.43333 -2.71355 0.6
      vertex 8.03175 -2.97998 0.6
      vertex 6.65 -4.07032 -0.6
    endloop
  endfacet
  facet normal 0.528435 -0.305088 -0.792261
    outer loop
      vertex 6.13756 1.27444 0.6
      vertex 5.19762 2.76259 -0.6
      vertex 6.46508 1.84173 0.6
    endloop
  endfacet
  facet normal 0.528434 -0.305089 -0.792262
    outer loop
      vertex 5.19762 2.76259 -0.6
      vertex 6.13756 1.27444 0.6
      vertex 4.70634 1.91166 -0.6
    endloop
  endfacet
  facet normal -0.580273 -0.188617 -0.792279
    outer loop
      vertex 13.2937 1.91166 -0.6
      vertex 12.0649 0.651456 0.6
      vertex 11.8624 1.27444 0.6
    endloop
  endfacet
  facet normal -0.580328 -0.188542 -0.792257
    outer loop
      vertex 13.2937 1.91166 -0.6
      vertex 13.5973 0.977184 -0.6
      vertex 12.0649 0.651456 0.6
    endloop
  endfacet
  facet normal -0.528415 0.30509 -0.792274
    outer loop
      vertex 12.8024 -2.76259 -0.6
      vertex 11.8624 -1.27444 0.6
      vertex 13.2937 -1.91166 -0.6
    endloop
  endfacet
  facet normal -0.528437 0.30507 -0.792267
    outer loop
      vertex 11.8624 -1.27444 0.6
      vertex 12.8024 -2.76259 -0.6
      vertex 11.5349 -1.84173 0.6
    endloop
  endfacet
  facet normal -0.358681 0.493637 -0.792256
    outer loop
      vertex 11.0966 -2.32852 0.6
      vertex 11.35 -4.07032 -0.6
      vertex 10.5667 -2.71355 0.6
    endloop
  endfacet
  facet normal 0.126865 -0.596849 -0.79226
    outer loop
      vertex 8.50872 4.67425 -0.6
      vertex 8.03175 2.97998 0.6
      vertex 7.54762 4.46996 -0.6
    endloop
  endfacet
  facet normal 0.358658 -0.493646 -0.792261
    outer loop
      vertex 6.65 4.07032 -0.6
      vertex 6.90339 2.32852 0.6
      vertex 5.85509 3.49278 -0.6
    endloop
  endfacet
  facet normal 0.24818 0.557431 -0.792261
    outer loop
      vertex 8.03175 -2.97998 0.6
      vertex 7.54762 -4.46996 -0.6
      vertex 6.65 -4.07032 -0.6
    endloop
  endfacet
  facet normal -0.580328 0.188542 -0.792257
    outer loop
      vertex 13.5973 -0.977184 -0.6
      vertex 13.2937 -1.91166 -0.6
      vertex 12.0649 -0.651456 0.6
    endloop
  endfacet
  facet normal 0.453452 0.408293 -0.792261
    outer loop
      vertex 6.90339 -2.32852 0.6
      vertex 5.85509 -3.49278 -0.6
      vertex 5.19762 -2.76259 -0.6
    endloop
  endfacet
  facet normal 0.24818 -0.557431 -0.792261
    outer loop
      vertex 7.54762 4.46996 -0.6
      vertex 8.03175 2.97998 0.6
      vertex 6.65 4.07032 -0.6
    endloop
  endfacet
  facet normal -0.248172 -0.557439 -0.792258
    outer loop
      vertex 11.35 4.07032 -0.6
      vertex 10.5667 2.71355 0.6
      vertex 9.96825 2.97998 0.6
    endloop
  endfacet
  facet normal 0.358658 0.493646 -0.792261
    outer loop
      vertex 6.90339 -2.32852 0.6
      vertex 6.65 -4.07032 -0.6
      vertex 5.85509 -3.49278 -0.6
    endloop
  endfacet
  facet normal 0.453453 -0.408293 -0.792261
    outer loop
      vertex 6.90339 2.32852 0.6
      vertex 6.46508 1.84173 0.6
      vertex 5.19762 2.76259 -0.6
    endloop
  endfacet
  facet normal -0.606847 0.0637784 -0.792256
    outer loop
      vertex 13.7 0 -0.6
      vertex 13.5973 -0.977184 -0.6
      vertex 12.0649 -0.651456 0.6
    endloop
  endfacet
  facet normal -0.606833 0.0637148 -0.792271
    outer loop
      vertex 12.1333 0 0.6
      vertex 13.7 0 -0.6
      vertex 12.0649 -0.651456 0.6
    endloop
  endfacet
  facet normal -0.35866 -0.493644 -0.792261
    outer loop
      vertex 11.35 4.07032 -0.6
      vertex 12.1449 3.49278 -0.6
      vertex 11.0966 2.32852 0.6
    endloop
  endfacet
  facet normal -0.126863 -0.596849 -0.792261
    outer loop
      vertex 9.49128 4.67425 -0.6
      vertex 9.96825 2.97998 0.6
      vertex 9.32752 3.11617 0.6
    endloop
  endfacet
  facet normal 0.606838 0.0637805 -0.792262
    outer loop
      vertex 5.86667 0 0.6
      vertex 5.93514 -0.651456 0.6
      vertex 4.3 0 -0.6
    endloop
  endfacet
  facet normal 0.248181 -0.557431 -0.792261
    outer loop
      vertex 8.03175 2.97998 0.6
      vertex 7.43333 2.71355 0.6
      vertex 6.65 4.07032 -0.6
    endloop
  endfacet
  facet normal -0.453443 0.408303 -0.792262
    outer loop
      vertex 12.8024 -2.76259 -0.6
      vertex 12.1449 -3.49278 -0.6
      vertex 11.0966 -2.32852 0.6
    endloop
  endfacet
  facet normal 0.606839 -0.0637837 -0.792262
    outer loop
      vertex 4.40271 0.977184 -0.6
      vertex 5.93514 0.651456 0.6
      vertex 4.3 0 -0.6
    endloop
  endfacet
  facet normal 0.580317 -0.188557 -0.792261
    outer loop
      vertex 4.70634 1.91166 -0.6
      vertex 5.93514 0.651456 0.6
      vertex 4.40271 0.977184 -0.6
    endloop
  endfacet
  facet normal 0 -0.610182 -0.792261
    outer loop
      vertex 8.67248 3.11617 0.6
      vertex 9.49128 4.67425 -0.6
      vertex 9.32752 3.11617 0.6
    endloop
  endfacet
  facet normal -0 -0.610182 -0.792261
    outer loop
      vertex 9.49128 4.67425 -0.6
      vertex 8.67248 3.11617 0.6
      vertex 8.50872 4.67425 -0.6
    endloop
  endfacet
  facet normal -0.248184 0.557428 -0.792262
    outer loop
      vertex 11.35 -4.07032 -0.6
      vertex 10.4524 -4.46996 -0.6
      vertex 9.96825 -2.97998 0.6
    endloop
  endfacet
  facet normal -0.580273 0.188617 -0.792279
    outer loop
      vertex 12.0649 -0.651456 0.6
      vertex 13.2937 -1.91166 -0.6
      vertex 11.8624 -1.27444 0.6
    endloop
  endfacet
  facet normal -0.126863 -0.596849 -0.792261
    outer loop
      vertex 10.4524 4.46996 -0.6
      vertex 9.96825 2.97998 0.6
      vertex 9.49128 4.67425 -0.6
    endloop
  endfacet
  facet normal 0.453452 -0.408293 -0.792261
    outer loop
      vertex 5.85509 3.49278 -0.6
      vertex 6.90339 2.32852 0.6
      vertex 5.19762 2.76259 -0.6
    endloop
  endfacet
  facet normal -0.126863 0.596849 -0.792261
    outer loop
      vertex 9.96825 -2.97998 0.6
      vertex 9.49128 -4.67425 -0.6
      vertex 9.32752 -3.11617 0.6
    endloop
  endfacet
  facet normal 0 0.610182 -0.792261
    outer loop
      vertex 9.49128 -4.67425 -0.6
      vertex 8.67248 -3.11617 0.6
      vertex 9.32752 -3.11617 0.6
    endloop
  endfacet
  facet normal 0 0.610182 -0.792261
    outer loop
      vertex 8.67248 -3.11617 0.6
      vertex 9.49128 -4.67425 -0.6
      vertex 8.50872 -4.67425 -0.6
    endloop
  endfacet
  facet normal 0 0 -1
    outer loop
      vertex 12.0649 -0.651456 0.6
      vertex 12.0649 0.651456 0.6
      vertex 12.1333 0 0.6
    endloop
  endfacet
  facet normal 0 0 -1
    outer loop
      vertex 11.8624 -1.27444 0.6
      vertex 12.0649 0.651456 0.6
      vertex 12.0649 -0.651456 0.6
    endloop
  endfacet
  facet normal 0 0 -1
    outer loop
      vertex 11.8624 -1.27444 0.6
      vertex 11.8624 1.27444 0.6
      vertex 12.0649 0.651456 0.6
    endloop
  endfacet
  facet normal 0 0 -1
    outer loop
      vertex 11.5349 -1.84173 0.6
      vertex 11.8624 1.27444 0.6
      vertex 11.8624 -1.27444 0.6
    endloop
  endfacet
  facet normal 0 0 -1
    outer loop
      vertex 11.5349 -1.84173 0.6
      vertex 11.5349 1.84173 0.6
      vertex 11.8624 1.27444 0.6
    endloop
  endfacet
  facet normal 0 0 -1
    outer loop
      vertex 11.0966 -2.32852 0.6
      vertex 11.5349 1.84173 0.6
      vertex 11.5349 -1.84173 0.6
    endloop
  endfacet
  facet normal 0 0 -1
    outer loop
      vertex 11.0966 -2.32852 0.6
      vertex 11.0966 2.32852 0.6
      vertex 11.5349 1.84173 0.6
    endloop
  endfacet
  facet normal 0 0 -1
    outer loop
      vertex 10.5667 -2.71355 0.6
      vertex 11.0966 2.32852 0.6
      vertex 11.0966 -2.32852 0.6
    endloop
  endfacet
  facet normal 0 0 -1
    outer loop
      vertex 10.5667 -2.71355 0.6
      vertex 10.5667 2.71355 0.6
      vertex 11.0966 2.32852 0.6
    endloop
  endfacet
  facet normal 0 0 -1
    outer loop
      vertex 9.96825 -2.97998 0.6
      vertex 10.5667 2.71355 0.6
      vertex 10.5667 -2.71355 0.6
    endloop
  endfacet
  facet normal 0 0 -1
    outer loop
      vertex 9.96825 -2.97998 0.6
      vertex 9.96825 2.97998 0.6
      vertex 10.5667 2.71355 0.6
    endloop
  endfacet
  facet normal 0 0 -1
    outer loop
      vertex 9.32752 -3.11617 0.6
      vertex 9.96825 2.97998 0.6
      vertex 9.96825 -2.97998 0.6
    endloop
  endfacet
  facet normal 0 0 -1
    outer loop
      vertex 9.32752 -3.11617 0.6
      vertex 9.32752 3.11617 0.6
      vertex 9.96825 2.97998 0.6
    endloop
  endfacet
  facet normal 0 0 -1
    outer loop
      vertex 8.67248 -3.11617 0.6
      vertex 9.32752 3.11617 0.6
      vertex 9.32752 -3.11617 0.6
    endloop
  endfacet
  facet normal 0 0 -1
    outer loop
      vertex 8.67248 -3.11617 0.6
      vertex 8.67248 3.11617 0.6
      vertex 9.32752 3.11617 0.6
    endloop
  endfacet
  facet normal 0 0 -1
    outer loop
      vertex 8.03175 -2.97998 0.6
      vertex 8.67248 3.11617 0.6
      vertex 8.67248 -3.11617 0.6
    endloop
  endfacet
  facet normal 0 0 -1
    outer loop
      vertex 8.03175 -2.97998 0.6
      vertex 8.03175 2.97998 0.6
      vertex 8.67248 3.11617 0.6
    endloop
  endfacet
  facet normal 0 0 -1
    outer loop
      vertex 7.43333 -2.71355 0.6
      vertex 8.03175 2.97998 0.6
      vertex 8.03175 -2.97998 0.6
    endloop
  endfacet
  facet normal 0 0 -1
    outer loop
      vertex 7.43333 -2.71355 0.6
      vertex 7.43333 2.71355 0.6
      vertex 8.03175 2.97998 0.6
    endloop
  endfacet
  facet normal 0 0 -1
    outer loop
      vertex 6.90339 -2.32852 0.6
      vertex 7.43333 2.71355 0.6
      vertex 7.43333 -2.71355 0.6
    endloop
  endfacet
  facet normal 0 0 -1
    outer loop
      vertex 6.90339 -2.32852 0.6
      vertex 6.90339 2.32852 0.6
      vertex 7.43333 2.71355 0.6
    endloop
  endfacet
  facet normal 0 0 -1
    outer loop
      vertex 6.46508 -1.84173 0.6
      vertex 6.90339 2.32852 0.6
      vertex 6.90339 -2.32852 0.6
    endloop
  endfacet
  facet normal 0 0 -1
    outer loop
      vertex 6.46508 -1.84173 0.6
      vertex 6.46508 1.84173 0.6
      vertex 6.90339 2.32852 0.6
    endloop
  endfacet
  facet normal 0 0 -1
    outer loop
      vertex 6.13756 -1.27444 0.6
      vertex 6.46508 1.84173 0.6
      vertex 6.46508 -1.84173 0.6
    endloop
  endfacet
  facet normal 0 0 -1
    outer loop
      vertex 6.13756 -1.27444 0.6
      vertex 6.13756 1.27444 0.6
      vertex 6.46508 1.84173 0.6
    endloop
  endfacet
  facet normal 0 0 -1
    outer loop
      vertex 5.93514 -0.651456 0.6
      vertex 6.13756 1.27444 0.6
      vertex 6.13756 -1.27444 0.6
    endloop
  endfacet
  facet normal 0 0 -1
    outer loop
      vertex 5.93514 -0.651456 0.6
      vertex 5.93514 0.651456 0.6
      vertex 6.13756 1.27444 0.6
    endloop
  endfacet
  facet normal 0 -0 -1
    outer loop
      vertex 5.93514 0.651456 0.6
      vertex 5.93514 -0.651456 0.6
      vertex 5.86667 0 0.6
    endloop
  endfacet
endsolid OpenSCAD_Model
