solid OpenSCAD_Model
  facet normal 0 0 -1
    outer loop
      vertex 33.8 -11.9 2.5
      vertex 34.4 -11.3 2.5
      vertex 34.3849 -11.4335 2.5
    endloop
  endfacet
  facet normal 0 0 -1
    outer loop
      vertex 34.4 -11.3 2.5
      vertex 33.2 -10.7 2.5
      vertex 34.4 11.3 2.5
    endloop
  endfacet
  facet normal 0 0 -1
    outer loop
      vertex 33.8 -11.9 2.5
      vertex 34.3849 -11.4335 2.5
      vertex 34.3406 -11.5603 2.5
    endloop
  endfacet
  facet normal 0 0 -1
    outer loop
      vertex 33.2 10.7 2.5
      vertex 34.4 11.3 2.5
      vertex 33.2 -10.7 2.5
    endloop
  endfacet
  facet normal 0 0 -1
    outer loop
      vertex 33.8 -11.9 2.5
      vertex 34.3406 -11.5603 2.5
      vertex 34.2691 -11.6741 2.5
    endloop
  endfacet
  facet normal 0 -0 -1
    outer loop
      vertex 33.8 11.9 2.5
      vertex 34.4 11.3 2.5
      vertex 33.2 10.7 2.5
    endloop
  endfacet
  facet normal 0 0 -1
    outer loop
      vertex 33.8 -11.9 2.5
      vertex 34.2691 -11.6741 2.5
      vertex 34.1741 -11.7691 2.5
    endloop
  endfacet
  facet normal 0 0 -1
    outer loop
      vertex 34.4 11.3 2.5
      vertex 33.8 11.9 2.5
      vertex 34.3849 11.4335 2.5
    endloop
  endfacet
  facet normal 0 0 -1
    outer loop
      vertex 33.8 -11.9 2.5
      vertex 34.1741 -11.7691 2.5
      vertex 34.0603 -11.8406 2.5
    endloop
  endfacet
  facet normal 0 0 -1
    outer loop
      vertex 34.3849 11.4335 2.5
      vertex 33.8 11.9 2.5
      vertex 34.3406 11.5603 2.5
    endloop
  endfacet
  facet normal 0 0 -1
    outer loop
      vertex 33.8 -11.9 2.5
      vertex 34.0603 -11.8406 2.5
      vertex 33.9335 -11.8849 2.5
    endloop
  endfacet
  facet normal 0 0 -1
    outer loop
      vertex 34.3406 11.5603 2.5
      vertex 33.8 11.9 2.5
      vertex 34.2691 11.6741 2.5
    endloop
  endfacet
  facet normal -0 0 -1
    outer loop
      vertex 34.4 -11.3 2.5
      vertex 33.8 -11.9 2.5
      vertex 33.2 -10.7 2.5
    endloop
  endfacet
  facet normal 0 0 -1
    outer loop
      vertex 34.2691 11.6741 2.5
      vertex 33.8 11.9 2.5
      vertex 34.1741 11.7691 2.5
    endloop
  endfacet
  facet normal 0 0 -1
    outer loop
      vertex 34.1741 11.7691 2.5
      vertex 33.8 11.9 2.5
      vertex 34.0603 11.8406 2.5
    endloop
  endfacet
  facet normal 0 0 -1
    outer loop
      vertex 33.8 -11.9 2.5
      vertex -33.2 -10.7 2.5
      vertex 33.2 -10.7 2.5
    endloop
  endfacet
  facet normal 0 0 -1
    outer loop
      vertex -34.4 -11.3 2.5
      vertex -33.2 -10.7 2.5
      vertex -33.8 -11.9 2.5
    endloop
  endfacet
  facet normal 0 0 -1
    outer loop
      vertex -33.8 -11.9 2.5
      vertex -33.2 -10.7 2.5
      vertex 33.8 -11.9 2.5
    endloop
  endfacet
  facet normal 0 0 -1
    outer loop
      vertex 34.0603 11.8406 2.5
      vertex 33.8 11.9 2.5
      vertex 33.9335 11.8849 2.5
    endloop
  endfacet
  facet normal 0 0 -1
    outer loop
      vertex -33.2 10.7 2.5
      vertex 33.8 11.9 2.5
      vertex 33.2 10.7 2.5
    endloop
  endfacet
  facet normal 0 0 -1
    outer loop
      vertex -33.2 10.7 2.5
      vertex -33.8 11.9 2.5
      vertex 33.8 11.9 2.5
    endloop
  endfacet
  facet normal -0 0 -1
    outer loop
      vertex -33.2 -10.7 2.5
      vertex -34.4 -11.3 2.5
      vertex -33.2 10.7 2.5
    endloop
  endfacet
  facet normal 0 0 -1
    outer loop
      vertex -34.4 -11.3 2.5
      vertex -33.8 -11.9 2.5
      vertex -33.9335 -11.8849 2.5
    endloop
  endfacet
  facet normal 0 0 -1
    outer loop
      vertex -34.4 11.3 2.5
      vertex -33.2 10.7 2.5
      vertex -34.4 -11.3 2.5
    endloop
  endfacet
  facet normal 0 0 -1
    outer loop
      vertex -34.4 -11.3 2.5
      vertex -33.9335 -11.8849 2.5
      vertex -34.0603 -11.8406 2.5
    endloop
  endfacet
  facet normal 0 0 -1
    outer loop
      vertex -33.2 10.7 2.5
      vertex -34.4 11.3 2.5
      vertex -33.8 11.9 2.5
    endloop
  endfacet
  facet normal 0 0 -1
    outer loop
      vertex -34.4 -11.3 2.5
      vertex -34.0603 -11.8406 2.5
      vertex -34.1741 -11.7691 2.5
    endloop
  endfacet
  facet normal 0 0 -1
    outer loop
      vertex -33.8 11.9 2.5
      vertex -34.4 11.3 2.5
      vertex -33.9335 11.8849 2.5
    endloop
  endfacet
  facet normal 0 0 -1
    outer loop
      vertex -34.4 -11.3 2.5
      vertex -34.1741 -11.7691 2.5
      vertex -34.2691 -11.6741 2.5
    endloop
  endfacet
  facet normal 0 0 -1
    outer loop
      vertex -33.9335 11.8849 2.5
      vertex -34.4 11.3 2.5
      vertex -34.0603 11.8406 2.5
    endloop
  endfacet
  facet normal 0 0 -1
    outer loop
      vertex -34.4 -11.3 2.5
      vertex -34.2691 -11.6741 2.5
      vertex -34.3406 -11.5603 2.5
    endloop
  endfacet
  facet normal 0 0 -1
    outer loop
      vertex -34.0603 11.8406 2.5
      vertex -34.4 11.3 2.5
      vertex -34.1741 11.7691 2.5
    endloop
  endfacet
  facet normal 0 0 -1
    outer loop
      vertex -34.4 -11.3 2.5
      vertex -34.3406 -11.5603 2.5
      vertex -34.3849 -11.4335 2.5
    endloop
  endfacet
  facet normal 0 0 -1
    outer loop
      vertex -34.1741 11.7691 2.5
      vertex -34.4 11.3 2.5
      vertex -34.2691 11.6741 2.5
    endloop
  endfacet
  facet normal 0 0 -1
    outer loop
      vertex -34.2691 11.6741 2.5
      vertex -34.4 11.3 2.5
      vertex -34.3406 11.5603 2.5
    endloop
  endfacet
  facet normal 0 0 -1
    outer loop
      vertex -34.3406 11.5603 2.5
      vertex -34.4 11.3 2.5
      vertex -34.3849 11.4335 2.5
    endloop
  endfacet
  facet normal 0 0 1
    outer loop
      vertex 33.8 11.9 3.2
      vertex 34.4 11.3 3.2
      vertex 34.3849 11.4335 3.2
    endloop
  endfacet
  facet normal 0 0 1
    outer loop
      vertex 34.4 11.3 3.2
      vertex 33.2 10.7 3.2
      vertex 34.4 -11.3 3.2
    endloop
  endfacet
  facet normal 0 0 1
    outer loop
      vertex 33.8 11.9 3.2
      vertex 34.3849 11.4335 3.2
      vertex 34.3406 11.5603 3.2
    endloop
  endfacet
  facet normal -0 0 1
    outer loop
      vertex 33.2 -10.7 3.2
      vertex 34.4 -11.3 3.2
      vertex 33.2 10.7 3.2
    endloop
  endfacet
  facet normal 0 0 1
    outer loop
      vertex 33.8 11.9 3.2
      vertex 34.3406 11.5603 3.2
      vertex 34.2691 11.6741 3.2
    endloop
  endfacet
  facet normal 0 -0 1
    outer loop
      vertex 33.8 -11.9 3.2
      vertex 34.4 -11.3 3.2
      vertex 33.2 -10.7 3.2
    endloop
  endfacet
  facet normal 0 0 1
    outer loop
      vertex 33.8 11.9 3.2
      vertex 34.2691 11.6741 3.2
      vertex 34.1741 11.7691 3.2
    endloop
  endfacet
  facet normal 0 0 1
    outer loop
      vertex 34.4 -11.3 3.2
      vertex 33.8 -11.9 3.2
      vertex 34.3849 -11.4335 3.2
    endloop
  endfacet
  facet normal 0 0 1
    outer loop
      vertex 33.8 11.9 3.2
      vertex 34.1741 11.7691 3.2
      vertex 34.0603 11.8406 3.2
    endloop
  endfacet
  facet normal 0 0 1
    outer loop
      vertex 34.3849 -11.4335 3.2
      vertex 33.8 -11.9 3.2
      vertex 34.3406 -11.5603 3.2
    endloop
  endfacet
  facet normal 0 0 1
    outer loop
      vertex 33.8 11.9 3.2
      vertex 34.0603 11.8406 3.2
      vertex 33.9335 11.8849 3.2
    endloop
  endfacet
  facet normal 0 0 1
    outer loop
      vertex 34.3406 -11.5603 3.2
      vertex 33.8 -11.9 3.2
      vertex 34.2691 -11.6741 3.2
    endloop
  endfacet
  facet normal 0 0 1
    outer loop
      vertex 34.4 11.3 3.2
      vertex 33.8 11.9 3.2
      vertex 33.2 10.7 3.2
    endloop
  endfacet
  facet normal 0 0 1
    outer loop
      vertex 34.2691 -11.6741 3.2
      vertex 33.8 -11.9 3.2
      vertex 34.1741 -11.7691 3.2
    endloop
  endfacet
  facet normal 0 0 1
    outer loop
      vertex 34.1741 -11.7691 3.2
      vertex 33.8 -11.9 3.2
      vertex 34.0603 -11.8406 3.2
    endloop
  endfacet
  facet normal 0 0 1
    outer loop
      vertex 33.8 11.9 3.2
      vertex -33.2 10.7 3.2
      vertex 33.2 10.7 3.2
    endloop
  endfacet
  facet normal -0 0 1
    outer loop
      vertex -34.4 11.3 3.2
      vertex -33.2 10.7 3.2
      vertex -33.8 11.9 3.2
    endloop
  endfacet
  facet normal -0 0 1
    outer loop
      vertex -33.8 11.9 3.2
      vertex -33.2 10.7 3.2
      vertex 33.8 11.9 3.2
    endloop
  endfacet
  facet normal 0 0 1
    outer loop
      vertex 34.0603 -11.8406 3.2
      vertex 33.8 -11.9 3.2
      vertex 33.9335 -11.8849 3.2
    endloop
  endfacet
  facet normal -0 0 1
    outer loop
      vertex -33.2 -10.7 3.2
      vertex 33.8 -11.9 3.2
      vertex 33.2 -10.7 3.2
    endloop
  endfacet
  facet normal 0 0 1
    outer loop
      vertex -33.2 -10.7 3.2
      vertex -33.8 -11.9 3.2
      vertex 33.8 -11.9 3.2
    endloop
  endfacet
  facet normal 0 0 1
    outer loop
      vertex -33.2 10.7 3.2
      vertex -34.4 11.3 3.2
      vertex -33.2 -10.7 3.2
    endloop
  endfacet
  facet normal 0 0 1
    outer loop
      vertex -34.4 11.3 3.2
      vertex -33.8 11.9 3.2
      vertex -33.9335 11.8849 3.2
    endloop
  endfacet
  facet normal 0 0 1
    outer loop
      vertex -34.4 -11.3 3.2
      vertex -33.2 -10.7 3.2
      vertex -34.4 11.3 3.2
    endloop
  endfacet
  facet normal 0 0 1
    outer loop
      vertex -34.4 11.3 3.2
      vertex -33.9335 11.8849 3.2
      vertex -34.0603 11.8406 3.2
    endloop
  endfacet
  facet normal 0 0 1
    outer loop
      vertex -33.2 -10.7 3.2
      vertex -34.4 -11.3 3.2
      vertex -33.8 -11.9 3.2
    endloop
  endfacet
  facet normal 0 0 1
    outer loop
      vertex -34.4 11.3 3.2
      vertex -34.0603 11.8406 3.2
      vertex -34.1741 11.7691 3.2
    endloop
  endfacet
  facet normal 0 0 1
    outer loop
      vertex -33.8 -11.9 3.2
      vertex -34.4 -11.3 3.2
      vertex -33.9335 -11.8849 3.2
    endloop
  endfacet
  facet normal 0 0 1
    outer loop
      vertex -34.4 11.3 3.2
      vertex -34.1741 11.7691 3.2
      vertex -34.2691 11.6741 3.2
    endloop
  endfacet
  facet normal 0 0 1
    outer loop
      vertex -33.9335 -11.8849 3.2
      vertex -34.4 -11.3 3.2
      vertex -34.0603 -11.8406 3.2
    endloop
  endfacet
  facet normal 0 0 1
    outer loop
      vertex -34.4 11.3 3.2
      vertex -34.2691 11.6741 3.2
      vertex -34.3406 11.5603 3.2
    endloop
  endfacet
  facet normal 0 0 1
    outer loop
      vertex -34.0603 -11.8406 3.2
      vertex -34.4 -11.3 3.2
      vertex -34.1741 -11.7691 3.2
    endloop
  endfacet
  facet normal 0 0 1
    outer loop
      vertex -34.4 11.3 3.2
      vertex -34.3406 11.5603 3.2
      vertex -34.3849 11.4335 3.2
    endloop
  endfacet
  facet normal 0 0 1
    outer loop
      vertex -34.1741 -11.7691 3.2
      vertex -34.4 -11.3 3.2
      vertex -34.2691 -11.6741 3.2
    endloop
  endfacet
  facet normal 0 0 1
    outer loop
      vertex -34.2691 -11.6741 3.2
      vertex -34.4 -11.3 3.2
      vertex -34.3406 -11.5603 3.2
    endloop
  endfacet
  facet normal 0 0 1
    outer loop
      vertex -34.3406 -11.5603 3.2
      vertex -34.4 -11.3 3.2
      vertex -34.3849 -11.4335 3.2
    endloop
  endfacet
  facet normal 0.32982 -0.944044 0
    outer loop
      vertex 33.9335 -11.8849 2.5
      vertex 34.0603 -11.8406 3.2
      vertex 33.9335 -11.8849 3.2
    endloop
  endfacet
  facet normal 0.32982 -0.944044 0
    outer loop
      vertex 34.0603 -11.8406 3.2
      vertex 33.9335 -11.8849 2.5
      vertex 34.0603 -11.8406 2.5
    endloop
  endfacet
  facet normal 0.532004 -0.846742 0
    outer loop
      vertex 34.0603 -11.8406 2.5
      vertex 34.1741 -11.7691 3.2
      vertex 34.0603 -11.8406 3.2
    endloop
  endfacet
  facet normal 0.532004 -0.846742 0
    outer loop
      vertex 34.1741 -11.7691 3.2
      vertex 34.0603 -11.8406 2.5
      vertex 34.1741 -11.7691 2.5
    endloop
  endfacet
  facet normal 0.707107 -0.707107 0
    outer loop
      vertex 34.1741 -11.7691 3.2
      vertex 34.2691 -11.6741 2.5
      vertex 34.2691 -11.6741 3.2
    endloop
  endfacet
  facet normal 0.707107 -0.707107 0
    outer loop
      vertex 34.2691 -11.6741 2.5
      vertex 34.1741 -11.7691 3.2
      vertex 34.1741 -11.7691 2.5
    endloop
  endfacet
  facet normal 0.846742 -0.532004 0
    outer loop
      vertex 34.2691 -11.6741 3.2
      vertex 34.3406 -11.5603 2.5
      vertex 34.3406 -11.5603 3.2
    endloop
  endfacet
  facet normal 0.846742 -0.532004 0
    outer loop
      vertex 34.3406 -11.5603 2.5
      vertex 34.2691 -11.6741 3.2
      vertex 34.2691 -11.6741 2.5
    endloop
  endfacet
  facet normal 0.944044 -0.32982 0
    outer loop
      vertex 34.3406 -11.5603 3.2
      vertex 34.3849 -11.4335 2.5
      vertex 34.3849 -11.4335 3.2
    endloop
  endfacet
  facet normal 0.944044 -0.32982 0
    outer loop
      vertex 34.3849 -11.4335 2.5
      vertex 34.3406 -11.5603 3.2
      vertex 34.3406 -11.5603 2.5
    endloop
  endfacet
  facet normal 0.993664 -0.112392 0
    outer loop
      vertex 34.3849 -11.4335 3.2
      vertex 34.4 -11.3 2.5
      vertex 34.4 -11.3 3.2
    endloop
  endfacet
  facet normal 0.993664 -0.112392 0
    outer loop
      vertex 34.4 -11.3 2.5
      vertex 34.3849 -11.4335 3.2
      vertex 34.3849 -11.4335 2.5
    endloop
  endfacet
  facet normal 1 -0 0
    outer loop
      vertex 34.4 -11.3 3.2
      vertex 34.4 11.3 2.5
      vertex 34.4 11.3 3.2
    endloop
  endfacet
  facet normal 1 0 0
    outer loop
      vertex 34.4 11.3 2.5
      vertex 34.4 -11.3 3.2
      vertex 34.4 -11.3 2.5
    endloop
  endfacet
  facet normal 0.993664 0.112392 0
    outer loop
      vertex 34.4 11.3 3.2
      vertex 34.3849 11.4335 2.5
      vertex 34.3849 11.4335 3.2
    endloop
  endfacet
  facet normal 0.993664 0.112392 0
    outer loop
      vertex 34.3849 11.4335 2.5
      vertex 34.4 11.3 3.2
      vertex 34.4 11.3 2.5
    endloop
  endfacet
  facet normal 0.944044 0.32982 0
    outer loop
      vertex 34.3849 11.4335 3.2
      vertex 34.3406 11.5603 2.5
      vertex 34.3406 11.5603 3.2
    endloop
  endfacet
  facet normal 0.944044 0.32982 0
    outer loop
      vertex 34.3406 11.5603 2.5
      vertex 34.3849 11.4335 3.2
      vertex 34.3849 11.4335 2.5
    endloop
  endfacet
  facet normal 0.846742 0.532004 0
    outer loop
      vertex 34.3406 11.5603 3.2
      vertex 34.2691 11.6741 2.5
      vertex 34.2691 11.6741 3.2
    endloop
  endfacet
  facet normal 0.846742 0.532004 0
    outer loop
      vertex 34.2691 11.6741 2.5
      vertex 34.3406 11.5603 3.2
      vertex 34.3406 11.5603 2.5
    endloop
  endfacet
  facet normal 0.707107 0.707107 0
    outer loop
      vertex 34.2691 11.6741 3.2
      vertex 34.1741 11.7691 2.5
      vertex 34.1741 11.7691 3.2
    endloop
  endfacet
  facet normal 0.707107 0.707107 0
    outer loop
      vertex 34.1741 11.7691 2.5
      vertex 34.2691 11.6741 3.2
      vertex 34.2691 11.6741 2.5
    endloop
  endfacet
  facet normal 0.532004 0.846742 -0
    outer loop
      vertex 34.1741 11.7691 2.5
      vertex 34.0603 11.8406 3.2
      vertex 34.1741 11.7691 3.2
    endloop
  endfacet
  facet normal 0.532004 0.846742 0
    outer loop
      vertex 34.0603 11.8406 3.2
      vertex 34.1741 11.7691 2.5
      vertex 34.0603 11.8406 2.5
    endloop
  endfacet
  facet normal 0.32982 0.944044 -0
    outer loop
      vertex 34.0603 11.8406 2.5
      vertex 33.9335 11.8849 3.2
      vertex 34.0603 11.8406 3.2
    endloop
  endfacet
  facet normal 0.32982 0.944044 0
    outer loop
      vertex 33.9335 11.8849 3.2
      vertex 34.0603 11.8406 2.5
      vertex 33.9335 11.8849 2.5
    endloop
  endfacet
  facet normal 0.112392 0.993664 -0
    outer loop
      vertex 33.9335 11.8849 2.5
      vertex 33.8 11.9 3.2
      vertex 33.9335 11.8849 3.2
    endloop
  endfacet
  facet normal 0.112392 0.993664 0
    outer loop
      vertex 33.8 11.9 3.2
      vertex 33.9335 11.8849 2.5
      vertex 33.8 11.9 2.5
    endloop
  endfacet
  facet normal 0 1 -0
    outer loop
      vertex 33.8 11.9 2.5
      vertex -33.8 11.9 3.2
      vertex 33.8 11.9 3.2
    endloop
  endfacet
  facet normal 0 1 0
    outer loop
      vertex -33.8 11.9 3.2
      vertex 33.8 11.9 2.5
      vertex -33.8 11.9 2.5
    endloop
  endfacet
  facet normal -0.112392 0.993664 0
    outer loop
      vertex -33.8 11.9 2.5
      vertex -33.9335 11.8849 3.2
      vertex -33.8 11.9 3.2
    endloop
  endfacet
  facet normal -0.112392 0.993664 0
    outer loop
      vertex -33.9335 11.8849 3.2
      vertex -33.8 11.9 2.5
      vertex -33.9335 11.8849 2.5
    endloop
  endfacet
  facet normal -0.32982 0.944044 0
    outer loop
      vertex -33.9335 11.8849 2.5
      vertex -34.0603 11.8406 3.2
      vertex -33.9335 11.8849 3.2
    endloop
  endfacet
  facet normal -0.32982 0.944044 0
    outer loop
      vertex -34.0603 11.8406 3.2
      vertex -33.9335 11.8849 2.5
      vertex -34.0603 11.8406 2.5
    endloop
  endfacet
  facet normal -0.532004 0.846742 0
    outer loop
      vertex -34.0603 11.8406 2.5
      vertex -34.1741 11.7691 3.2
      vertex -34.0603 11.8406 3.2
    endloop
  endfacet
  facet normal -0.532004 0.846742 0
    outer loop
      vertex -34.1741 11.7691 3.2
      vertex -34.0603 11.8406 2.5
      vertex -34.1741 11.7691 2.5
    endloop
  endfacet
  facet normal -0.707107 0.707107 0
    outer loop
      vertex -34.2691 11.6741 2.5
      vertex -34.1741 11.7691 3.2
      vertex -34.1741 11.7691 2.5
    endloop
  endfacet
  facet normal -0.707107 0.707107 0
    outer loop
      vertex -34.1741 11.7691 3.2
      vertex -34.2691 11.6741 2.5
      vertex -34.2691 11.6741 3.2
    endloop
  endfacet
  facet normal -0.846742 0.532004 0
    outer loop
      vertex -34.3406 11.5603 2.5
      vertex -34.2691 11.6741 3.2
      vertex -34.2691 11.6741 2.5
    endloop
  endfacet
  facet normal -0.846742 0.532004 0
    outer loop
      vertex -34.2691 11.6741 3.2
      vertex -34.3406 11.5603 2.5
      vertex -34.3406 11.5603 3.2
    endloop
  endfacet
  facet normal -0.944044 0.32982 0
    outer loop
      vertex -34.3849 11.4335 2.5
      vertex -34.3406 11.5603 3.2
      vertex -34.3406 11.5603 2.5
    endloop
  endfacet
  facet normal -0.944044 0.32982 0
    outer loop
      vertex -34.3406 11.5603 3.2
      vertex -34.3849 11.4335 2.5
      vertex -34.3849 11.4335 3.2
    endloop
  endfacet
  facet normal -0.993664 0.112392 0
    outer loop
      vertex -34.4 11.3 2.5
      vertex -34.3849 11.4335 3.2
      vertex -34.3849 11.4335 2.5
    endloop
  endfacet
  facet normal -0.993664 0.112392 0
    outer loop
      vertex -34.3849 11.4335 3.2
      vertex -34.4 11.3 2.5
      vertex -34.4 11.3 3.2
    endloop
  endfacet
  facet normal -1 0 0
    outer loop
      vertex -34.4 -11.3 2.5
      vertex -34.4 11.3 3.2
      vertex -34.4 11.3 2.5
    endloop
  endfacet
  facet normal -1 -0 0
    outer loop
      vertex -34.4 11.3 3.2
      vertex -34.4 -11.3 2.5
      vertex -34.4 -11.3 3.2
    endloop
  endfacet
  facet normal -0.993664 -0.112392 0
    outer loop
      vertex -34.3849 -11.4335 2.5
      vertex -34.4 -11.3 3.2
      vertex -34.4 -11.3 2.5
    endloop
  endfacet
  facet normal -0.993664 -0.112392 0
    outer loop
      vertex -34.4 -11.3 3.2
      vertex -34.3849 -11.4335 2.5
      vertex -34.3849 -11.4335 3.2
    endloop
  endfacet
  facet normal -0.944044 -0.32982 0
    outer loop
      vertex -34.3406 -11.5603 2.5
      vertex -34.3849 -11.4335 3.2
      vertex -34.3849 -11.4335 2.5
    endloop
  endfacet
  facet normal -0.944044 -0.32982 0
    outer loop
      vertex -34.3849 -11.4335 3.2
      vertex -34.3406 -11.5603 2.5
      vertex -34.3406 -11.5603 3.2
    endloop
  endfacet
  facet normal -0.846742 -0.532004 0
    outer loop
      vertex -34.2691 -11.6741 2.5
      vertex -34.3406 -11.5603 3.2
      vertex -34.3406 -11.5603 2.5
    endloop
  endfacet
  facet normal -0.846742 -0.532004 0
    outer loop
      vertex -34.3406 -11.5603 3.2
      vertex -34.2691 -11.6741 2.5
      vertex -34.2691 -11.6741 3.2
    endloop
  endfacet
  facet normal -0.707107 -0.707107 0
    outer loop
      vertex -34.1741 -11.7691 2.5
      vertex -34.2691 -11.6741 3.2
      vertex -34.2691 -11.6741 2.5
    endloop
  endfacet
  facet normal -0.707107 -0.707107 0
    outer loop
      vertex -34.2691 -11.6741 3.2
      vertex -34.1741 -11.7691 2.5
      vertex -34.1741 -11.7691 3.2
    endloop
  endfacet
  facet normal -0.532004 -0.846742 0
    outer loop
      vertex -34.1741 -11.7691 2.5
      vertex -34.0603 -11.8406 3.2
      vertex -34.1741 -11.7691 3.2
    endloop
  endfacet
  facet normal -0.532004 -0.846742 -0
    outer loop
      vertex -34.0603 -11.8406 3.2
      vertex -34.1741 -11.7691 2.5
      vertex -34.0603 -11.8406 2.5
    endloop
  endfacet
  facet normal -0.32982 -0.944044 0
    outer loop
      vertex -34.0603 -11.8406 2.5
      vertex -33.9335 -11.8849 3.2
      vertex -34.0603 -11.8406 3.2
    endloop
  endfacet
  facet normal -0.32982 -0.944044 -0
    outer loop
      vertex -33.9335 -11.8849 3.2
      vertex -34.0603 -11.8406 2.5
      vertex -33.9335 -11.8849 2.5
    endloop
  endfacet
  facet normal -0.112392 -0.993664 0
    outer loop
      vertex -33.9335 -11.8849 2.5
      vertex -33.8 -11.9 3.2
      vertex -33.9335 -11.8849 3.2
    endloop
  endfacet
  facet normal -0.112392 -0.993664 -0
    outer loop
      vertex -33.8 -11.9 3.2
      vertex -33.9335 -11.8849 2.5
      vertex -33.8 -11.9 2.5
    endloop
  endfacet
  facet normal 0 -1 0
    outer loop
      vertex -33.8 -11.9 2.5
      vertex 33.8 -11.9 3.2
      vertex -33.8 -11.9 3.2
    endloop
  endfacet
  facet normal 0 -1 -0
    outer loop
      vertex 33.8 -11.9 3.2
      vertex -33.8 -11.9 2.5
      vertex 33.8 -11.9 2.5
    endloop
  endfacet
  facet normal 0.112392 -0.993664 0
    outer loop
      vertex 33.8 -11.9 2.5
      vertex 33.9335 -11.8849 3.2
      vertex 33.8 -11.9 3.2
    endloop
  endfacet
  facet normal 0.112392 -0.993664 0
    outer loop
      vertex 33.9335 -11.8849 3.2
      vertex 33.8 -11.9 2.5
      vertex 33.9335 -11.8849 2.5
    endloop
  endfacet
  facet normal 1 -0 0
    outer loop
      vertex -33.2 -10.7 3.2
      vertex -33.2 10.7 2.5
      vertex -33.2 10.7 3.2
    endloop
  endfacet
  facet normal 1 0 0
    outer loop
      vertex -33.2 10.7 2.5
      vertex -33.2 -10.7 3.2
      vertex -33.2 -10.7 2.5
    endloop
  endfacet
  facet normal 0 -1 0
    outer loop
      vertex -33.2 10.7 2.5
      vertex 33.2 10.7 3.2
      vertex -33.2 10.7 3.2
    endloop
  endfacet
  facet normal 0 -1 -0
    outer loop
      vertex 33.2 10.7 3.2
      vertex -33.2 10.7 2.5
      vertex 33.2 10.7 2.5
    endloop
  endfacet
  facet normal -1 0 0
    outer loop
      vertex 33.2 -10.7 2.5
      vertex 33.2 10.7 3.2
      vertex 33.2 10.7 2.5
    endloop
  endfacet
  facet normal -1 -0 0
    outer loop
      vertex 33.2 10.7 3.2
      vertex 33.2 -10.7 2.5
      vertex 33.2 -10.7 3.2
    endloop
  endfacet
  facet normal 0 1 -0
    outer loop
      vertex 33.2 -10.7 2.5
      vertex -33.2 -10.7 3.2
      vertex 33.2 -10.7 3.2
    endloop
  endfacet
  facet normal 0 1 0
    outer loop
      vertex -33.2 -10.7 3.2
      vertex 33.2 -10.7 2.5
      vertex -33.2 -10.7 2.5
    endloop
  endfacet
  facet normal -0 0 1
    outer loop
      vertex -11.9987 -1.76857 2.85
      vertex -10.8554 -2.91187 2.85
      vertex -10.8554 -1.76857 2.85
    endloop
  endfacet
  facet normal 0 0 1
    outer loop
      vertex -10.8554 -2.91187 2.85
      vertex -11.9987 -1.76857 2.85
      vertex -11.9987 -2.91187 2.85
    endloop
  endfacet
  facet normal 0 0 1
    outer loop
      vertex -14.159 1.34404 2.85
      vertex -13.0141 1.74634 2.85
      vertex -13.1539 2.04182 2.85
    endloop
  endfacet
  facet normal 0 0 1
    outer loop
      vertex -14.255 1.53934 2.85
      vertex -13.1539 2.04182 2.85
      vertex -13.3192 2.29561 2.85
    endloop
  endfacet
  facet normal 0 0 1
    outer loop
      vertex -14.3798 1.71022 2.85
      vertex -13.3192 2.29561 2.85
      vertex -13.51 2.50768 2.85
    endloop
  endfacet
  facet normal 0 0 1
    outer loop
      vertex -14.3798 1.71022 2.85
      vertex -13.51 2.50768 2.85
      vertex -13.8774 2.79071 2.85
    endloop
  endfacet
  facet normal 0 0 1
    outer loop
      vertex -13.1539 2.04182 2.85
      vertex -14.255 1.53934 2.85
      vertex -14.159 1.34404 2.85
    endloop
  endfacet
  facet normal 0 0 1
    outer loop
      vertex -13.0141 1.74634 2.85
      vertex -14.0918 1.12431 2.85
      vertex -12.8996 1.40913 2.85
    endloop
  endfacet
  facet normal 0 -0 1
    outer loop
      vertex -14.0918 1.12431 2.85
      vertex -13.0141 1.74634 2.85
      vertex -14.159 1.34404 2.85
    endloop
  endfacet
  facet normal 0 0 1
    outer loop
      vertex -14.7101 1.97417 2.85
      vertex -13.8774 2.79071 2.85
      vertex -14.2962 2.99287 2.85
    endloop
  endfacet
  facet normal 0 0 1
    outer loop
      vertex -13.3192 2.29561 2.85
      vertex -14.3798 1.71022 2.85
      vertex -14.255 1.53934 2.85
    endloop
  endfacet
  facet normal 0 0 1
    outer loop
      vertex -13.8774 2.79071 2.85
      vertex -14.5333 1.85667 2.85
      vertex -14.3798 1.71022 2.85
    endloop
  endfacet
  facet normal 0 0 1
    outer loop
      vertex -13.8774 2.79071 2.85
      vertex -14.7101 1.97417 2.85
      vertex -14.5333 1.85667 2.85
    endloop
  endfacet
  facet normal 0 0 1
    outer loop
      vertex -14.905 2.05809 2.85
      vertex -14.2962 2.99287 2.85
      vertex -14.7664 3.11417 2.85
    endloop
  endfacet
  facet normal 0 0 1
    outer loop
      vertex -14.2962 2.99287 2.85
      vertex -14.905 2.05809 2.85
      vertex -14.7101 1.97417 2.85
    endloop
  endfacet
  facet normal 0 0 1
    outer loop
      vertex -14.7664 3.11417 2.85
      vertex -15.118 2.10846 2.85
      vertex -14.905 2.05809 2.85
    endloop
  endfacet
  facet normal 0 0 1
    outer loop
      vertex -15.288 3.1546 2.85
      vertex -15.118 2.10846 2.85
      vertex -14.7664 3.11417 2.85
    endloop
  endfacet
  facet normal 0 0 1
    outer loop
      vertex -15.288 3.1546 2.85
      vertex -15.349 2.12524 2.85
      vertex -15.118 2.10846 2.85
    endloop
  endfacet
  facet normal -0 0 1
    outer loop
      vertex -15.8843 3.1031 2.85
      vertex -15.349 2.12524 2.85
      vertex -15.288 3.1546 2.85
    endloop
  endfacet
  facet normal 0 0 1
    outer loop
      vertex -15.349 2.12524 2.85
      vertex -15.8843 3.1031 2.85
      vertex -15.665 2.09549 2.85
    endloop
  endfacet
  facet normal 0 0 1
    outer loop
      vertex -15.8843 3.1031 2.85
      vertex -15.9496 2.00623 2.85
      vertex -15.665 2.09549 2.85
    endloop
  endfacet
  facet normal -0 0 1
    outer loop
      vertex -16.4201 2.94862 2.85
      vertex -15.9496 2.00623 2.85
      vertex -15.8843 3.1031 2.85
    endloop
  endfacet
  facet normal 0 0 1
    outer loop
      vertex -15.9496 2.00623 2.85
      vertex -16.4201 2.94862 2.85
      vertex -16.2031 1.85747 2.85
    endloop
  endfacet
  facet normal -0 0 1
    outer loop
      vertex -16.8954 2.69115 2.85
      vertex -16.2031 1.85747 2.85
      vertex -16.4201 2.94862 2.85
    endloop
  endfacet
  facet normal 0 0 1
    outer loop
      vertex -16.2031 1.85747 2.85
      vertex -16.8954 2.69115 2.85
      vertex -16.4252 1.6492 2.85
    endloop
  endfacet
  facet normal -0 0 1
    outer loop
      vertex -17.3102 2.33067 2.85
      vertex -16.4252 1.6492 2.85
      vertex -16.8954 2.69115 2.85
    endloop
  endfacet
  facet normal 0 0 1
    outer loop
      vertex -16.4252 1.6492 2.85
      vertex -17.3102 2.33067 2.85
      vertex -16.6059 1.3743 2.85
    endloop
  endfacet
  facet normal 0 0 1
    outer loop
      vertex -16.6059 1.3743 2.85
      vertex -17.6466 1.87714 2.85
      vertex -16.7349 1.02567 2.85
    endloop
  endfacet
  facet normal -0 0 1
    outer loop
      vertex -17.6466 1.87714 2.85
      vertex -16.6059 1.3743 2.85
      vertex -17.3102 2.33067 2.85
    endloop
  endfacet
  facet normal 0 0 1
    outer loop
      vertex -14.1386 -1.02448 2.85
      vertex -13.0399 -1.54591 2.85
      vertex -12.8834 -1.08907 2.85
    endloop
  endfacet
  facet normal -0 0 1
    outer loop
      vertex -14.2505 -1.28641 2.85
      vertex -13.0399 -1.54591 2.85
      vertex -14.1386 -1.02448 2.85
    endloop
  endfacet
  facet normal -0 0 1
    outer loop
      vertex -14.3868 -1.50459 2.85
      vertex -13.2409 -1.93994 2.85
      vertex -14.2505 -1.28641 2.85
    endloop
  endfacet
  facet normal -0 0 1
    outer loop
      vertex -14.1386 -1.02448 2.85
      vertex -12.8834 -1.08907 2.85
      vertex -14.0511 -0.718811 2.85
    endloop
  endfacet
  facet normal 0 0 1
    outer loop
      vertex -13.0399 -1.54591 2.85
      vertex -14.2505 -1.28641 2.85
      vertex -13.2409 -1.93994 2.85
    endloop
  endfacet
  facet normal 0 0 1
    outer loop
      vertex -13.2409 -1.93994 2.85
      vertex -14.3868 -1.50459 2.85
      vertex -13.4864 -2.27116 2.85
    endloop
  endfacet
  facet normal 0 0 1
    outer loop
      vertex -13.4864 -2.27116 2.85
      vertex -14.3868 -1.50459 2.85
      vertex -13.7765 -2.53957 2.85
    endloop
  endfacet
  facet normal -0 0 1
    outer loop
      vertex -14.5475 -1.67905 2.85
      vertex -13.7765 -2.53957 2.85
      vertex -14.3868 -1.50459 2.85
    endloop
  endfacet
  facet normal 0 0 1
    outer loop
      vertex -13.7765 -2.53957 2.85
      vertex -14.5475 -1.67905 2.85
      vertex -14.1097 -2.74695 2.85
    endloop
  endfacet
  facet normal -0 0 1
    outer loop
      vertex -14.7288 -1.81256 2.85
      vertex -14.1097 -2.74695 2.85
      vertex -14.5475 -1.67905 2.85
    endloop
  endfacet
  facet normal 0 0 1
    outer loop
      vertex -14.1097 -2.74695 2.85
      vertex -14.7288 -1.81256 2.85
      vertex -14.4849 -2.89507 2.85
    endloop
  endfacet
  facet normal -0 0 1
    outer loop
      vertex -14.9269 -1.90791 2.85
      vertex -14.4849 -2.89507 2.85
      vertex -14.7288 -1.81256 2.85
    endloop
  endfacet
  facet normal 0 0 1
    outer loop
      vertex -14.4849 -2.89507 2.85
      vertex -14.9269 -1.90791 2.85
      vertex -14.9021 -2.98395 2.85
    endloop
  endfacet
  facet normal -0 0 1
    outer loop
      vertex -15.1418 -1.96513 2.85
      vertex -14.9021 -2.98395 2.85
      vertex -14.9269 -1.90791 2.85
    endloop
  endfacet
  facet normal 0 0 1
    outer loop
      vertex -15.1418 -1.96513 2.85
      vertex -15.3612 -3.01357 2.85
      vertex -14.9021 -2.98395 2.85
    endloop
  endfacet
  facet normal -0 0 1
    outer loop
      vertex -15.3734 -1.98421 2.85
      vertex -15.3612 -3.01357 2.85
      vertex -15.1418 -1.96513 2.85
    endloop
  endfacet
  facet normal 0 0 1
    outer loop
      vertex -15.6837 -1.95419 2.85
      vertex -15.3612 -3.01357 2.85
      vertex -15.3734 -1.98421 2.85
    endloop
  endfacet
  facet normal 0 0 1
    outer loop
      vertex -15.6837 -1.95419 2.85
      vertex -15.9288 -2.96284 2.85
      vertex -15.3612 -3.01357 2.85
    endloop
  endfacet
  facet normal 0 0 1
    outer loop
      vertex -15.9634 -1.86418 2.85
      vertex -15.9288 -2.96284 2.85
      vertex -15.6837 -1.95419 2.85
    endloop
  endfacet
  facet normal 0 0 1
    outer loop
      vertex -16.4435 -2.81065 2.85
      vertex -15.9634 -1.86418 2.85
      vertex -16.2126 -1.71414 2.85
    endloop
  endfacet
  facet normal 0 0 1
    outer loop
      vertex -16.9053 -2.55699 2.85
      vertex -16.2126 -1.71414 2.85
      vertex -16.4313 -1.50409 2.85
    endloop
  endfacet
  facet normal 0 0 1
    outer loop
      vertex -15.9634 -1.86418 2.85
      vertex -16.4435 -2.81065 2.85
      vertex -15.9288 -2.96284 2.85
    endloop
  endfacet
  facet normal 0 0 1
    outer loop
      vertex -17.3143 -2.20189 2.85
      vertex -16.4313 -1.50409 2.85
      vertex -16.6093 -1.22334 2.85
    endloop
  endfacet
  facet normal 0 0 1
    outer loop
      vertex -17.8879 -1.24113 2.85
      vertex -16.6093 -1.22334 2.85
      vertex -16.7364 -0.861221 2.85
    endloop
  endfacet
  facet normal -0 0 1
    outer loop
      vertex -18.0313 -0.649002 2.85
      vertex -16.7364 -0.861221 2.85
      vertex -16.8127 -0.417725 2.85
    endloop
  endfacet
  facet normal 0 0 1
    outer loop
      vertex -16.2126 -1.71414 2.85
      vertex -16.9053 -2.55699 2.85
      vertex -16.4435 -2.81065 2.85
    endloop
  endfacet
  facet normal -0 0 1
    outer loop
      vertex -18.0791 0.0176239 2.85
      vertex -16.8127 -0.417725 2.85
      vertex -16.8382 0.107132 2.85
    endloop
  endfacet
  facet normal -0 0 1
    outer loop
      vertex -17.8869 1.34045 2.85
      vertex -16.7349 1.02567 2.85
      vertex -17.6466 1.87714 2.85
    endloop
  endfacet
  facet normal 0 0 1
    outer loop
      vertex -16.7349 1.02567 2.85
      vertex -17.8869 1.34045 2.85
      vertex -16.8124 0.603271 2.85
    endloop
  endfacet
  facet normal 0 0 1
    outer loop
      vertex -16.8127 -0.417725 2.85
      vertex -18.0791 0.0176239 2.85
      vertex -18.0313 -0.649002 2.85
    endloop
  endfacet
  facet normal -0 0 1
    outer loop
      vertex -18.0311 0.720612 2.85
      vertex -16.8124 0.603271 2.85
      vertex -17.8869 1.34045 2.85
    endloop
  endfacet
  facet normal 0 0 1
    outer loop
      vertex -16.7364 -0.861221 2.85
      vertex -18.0313 -0.649002 2.85
      vertex -17.8879 -1.24113 2.85
    endloop
  endfacet
  facet normal 0 0 1
    outer loop
      vertex -16.8124 0.603271 2.85
      vertex -18.0311 0.720612 2.85
      vertex -16.8382 0.107132 2.85
    endloop
  endfacet
  facet normal 0 0 1
    outer loop
      vertex -16.8382 0.107132 2.85
      vertex -18.0311 0.720612 2.85
      vertex -18.0791 0.0176239 2.85
    endloop
  endfacet
  facet normal 0 0 1
    outer loop
      vertex -16.6093 -1.22334 2.85
      vertex -17.8879 -1.24113 2.85
      vertex -17.6489 -1.75876 2.85
    endloop
  endfacet
  facet normal 0 0 1
    outer loop
      vertex -16.4313 -1.50409 2.85
      vertex -17.3143 -2.20189 2.85
      vertex -16.9053 -2.55699 2.85
    endloop
  endfacet
  facet normal 0 0 1
    outer loop
      vertex -16.6093 -1.22334 2.85
      vertex -17.6489 -1.75876 2.85
      vertex -17.3143 -2.20189 2.85
    endloop
  endfacet
  facet normal 0 0 1
    outer loop
      vertex -26.0676 1.51248 2.85
      vertex -24.8862 1.55151 2.85
      vertex -24.8977 1.7401 2.85
    endloop
  endfacet
  facet normal 0 0 1
    outer loop
      vertex -26.0676 1.51248 2.85
      vertex -24.8977 1.7401 2.85
      vertex -24.932 1.91925 2.85
    endloop
  endfacet
  facet normal 0 0 1
    outer loop
      vertex -24.8862 1.55151 2.85
      vertex -26.0676 1.51248 2.85
      vertex -24.9003 1.34631 2.85
    endloop
  endfacet
  facet normal 0 0 1
    outer loop
      vertex -26.0962 1.63136 2.85
      vertex -24.932 1.91925 2.85
      vertex -24.9892 2.089 2.85
    endloop
  endfacet
  facet normal -0 -0 1
    outer loop
      vertex -26.058 1.38063 2.85
      vertex -24.9003 1.34631 2.85
      vertex -26.0676 1.51248 2.85
    endloop
  endfacet
  facet normal 0 0 1
    outer loop
      vertex -26.0962 1.63136 2.85
      vertex -24.9892 2.089 2.85
      vertex -25.0694 2.24931 2.85
    endloop
  endfacet
  facet normal 0 0 1
    outer loop
      vertex -24.9003 1.34631 2.85
      vertex -26.058 1.38063 2.85
      vertex -24.9427 1.14975 2.85
    endloop
  endfacet
  facet normal 0 0 1
    outer loop
      vertex -26.1438 1.73727 2.85
      vertex -25.0694 2.24931 2.85
      vertex -25.1666 2.3972 2.85
    endloop
  endfacet
  facet normal -0 0 1
    outer loop
      vertex -26.0691 1.24321 2.85
      vertex -24.9427 1.14975 2.85
      vertex -26.058 1.38063 2.85
    endloop
  endfacet
  facet normal 0 0 1
    outer loop
      vertex -26.1438 1.73727 2.85
      vertex -25.1666 2.3972 2.85
      vertex -25.2753 2.52956 2.85
    endloop
  endfacet
  facet normal 0 0 1
    outer loop
      vertex -24.9427 1.14975 2.85
      vertex -26.0691 1.24321 2.85
      vertex -25.0133 0.961838 2.85
    endloop
  endfacet
  facet normal 0 0 1
    outer loop
      vertex -26.2106 1.83022 2.85
      vertex -25.2753 2.52956 2.85
      vertex -25.3955 2.64641 2.85
    endloop
  endfacet
  facet normal 0 0 1
    outer loop
      vertex -26.2106 1.83022 2.85
      vertex -25.3955 2.64641 2.85
      vertex -25.5271 2.74774 2.85
    endloop
  endfacet
  facet normal 0 0 1
    outer loop
      vertex -25.0133 0.961838 2.85
      vertex -26.0691 1.24321 2.85
      vertex -25.1121 0.782562 2.85
    endloop
  endfacet
  facet normal 0 0 1
    outer loop
      vertex -26.2962 1.90819 2.85
      vertex -25.5271 2.74774 2.85
      vertex -25.669 2.83333 2.85
    endloop
  endfacet
  facet normal -0 0 1
    outer loop
      vertex -26.1023 1.11975 2.85
      vertex -25.1121 0.782562 2.85
      vertex -26.0691 1.24321 2.85
    endloop
  endfacet
  facet normal 0 0 1
    outer loop
      vertex -26.2962 1.90819 2.85
      vertex -25.669 2.83333 2.85
      vertex -25.82 2.90288 2.85
    endloop
  endfacet
  facet normal -0 0 1
    outer loop
      vertex -25.8383 -1.12567 2.85
      vertex -24.5933 -1.18266 2.85
      vertex -24.6116 -0.932678 2.85
    endloop
  endfacet
  facet normal 0 0 1
    outer loop
      vertex -24.5933 -1.18266 2.85
      vertex -25.8383 -1.12567 2.85
      vertex -24.6051 -1.3847 2.85
    endloop
  endfacet
  facet normal 0 0 1
    outer loop
      vertex -25.8464 -0.996506 2.85
      vertex -24.6116 -0.932678 2.85
      vertex -24.6665 -0.699478 2.85
    endloop
  endfacet
  facet normal -0 0 1
    outer loop
      vertex -25.8489 -1.27635 2.85
      vertex -24.6051 -1.3847 2.85
      vertex -25.8383 -1.12567 2.85
    endloop
  endfacet
  facet normal 0 0 1
    outer loop
      vertex -25.8464 -0.996506 2.85
      vertex -24.6665 -0.699478 2.85
      vertex -24.758 -0.483063 2.85
    endloop
  endfacet
  facet normal 0 0 1
    outer loop
      vertex -24.6051 -1.3847 2.85
      vertex -25.8489 -1.27635 2.85
      vertex -24.6406 -1.58394 2.85
    endloop
  endfacet
  facet normal -0 0 1
    outer loop
      vertex -25.8805 -1.41101 2.85
      vertex -24.6406 -1.58394 2.85
      vertex -25.8489 -1.27635 2.85
    endloop
  endfacet
  facet normal 0 0 1
    outer loop
      vertex -25.8709 -0.877502 2.85
      vertex -24.758 -0.483063 2.85
      vertex -24.8862 -0.283447 2.85
    endloop
  endfacet
  facet normal 0 0 1
    outer loop
      vertex -24.6406 -1.58394 2.85
      vertex -25.8805 -1.41101 2.85
      vertex -24.6997 -1.78036 2.85
    endloop
  endfacet
  facet normal 0 0 1
    outer loop
      vertex -25.9115 -0.768677 2.85
      vertex -24.8862 -0.283447 2.85
      vertex -25.0485 -0.106216 2.85
    endloop
  endfacet
  facet normal 0 0 1
    outer loop
      vertex -24.6997 -1.78036 2.85
      vertex -25.8805 -1.41101 2.85
      vertex -24.7825 -1.97401 2.85
    endloop
  endfacet
  facet normal 0 0 1
    outer loop
      vertex -25.9115 -0.768677 2.85
      vertex -25.0485 -0.106216 2.85
      vertex -25.2422 0.043045 2.85
    endloop
  endfacet
  facet normal -0 0 1
    outer loop
      vertex -25.9333 -1.52965 2.85
      vertex -24.7825 -1.97401 2.85
      vertex -25.8805 -1.41101 2.85
    endloop
  endfacet
  facet normal 0 0 1
    outer loop
      vertex -25.9685 -0.670029 2.85
      vertex -25.2422 0.043045 2.85
      vertex -25.4675 0.164337 2.85
    endloop
  endfacet
  facet normal 0 0 1
    outer loop
      vertex -24.7825 -1.97401 2.85
      vertex -25.9333 -1.52965 2.85
      vertex -24.8857 -2.15659 2.85
    endloop
  endfacet
  facet normal 0 0 1
    outer loop
      vertex -24.8857 -2.15659 2.85
      vertex -25.9333 -1.52965 2.85
      vertex -25.0063 -2.31985 2.85
    endloop
  endfacet
  facet normal 0 0 1
    outer loop
      vertex -26.0409 -0.582794 2.85
      vertex -25.4675 0.164337 2.85
      vertex -25.7244 0.257675 2.85
    endloop
  endfacet
  facet normal 0 0 1
    outer loop
      vertex -25.235 0.61853 2.85
      vertex -26.1023 1.11975 2.85
      vertex -25.378 0.476379 2.85
    endloop
  endfacet
  facet normal -0 0 1
    outer loop
      vertex -26.0071 -1.63225 2.85
      vertex -25.0063 -2.31985 2.85
      vertex -25.9333 -1.52965 2.85
    endloop
  endfacet
  facet normal 0 0 1
    outer loop
      vertex -25.0063 -2.31985 2.85
      vertex -26.0071 -1.63225 2.85
      vertex -25.1441 -2.46379 2.85
    endloop
  endfacet
  facet normal 0 0 1
    outer loop
      vertex -25.1441 -2.46379 2.85
      vertex -26.0071 -1.63225 2.85
      vertex -25.2992 -2.58841 2.85
    endloop
  endfacet
  facet normal -0 0 1
    outer loop
      vertex -26.0978 -1.71806 2.85
      vertex -25.2992 -2.58841 2.85
      vertex -26.0071 -1.63225 2.85
    endloop
  endfacet
  facet normal 0 0 1
    outer loop
      vertex -25.2992 -2.58841 2.85
      vertex -26.0978 -1.71806 2.85
      vertex -25.4725 -2.69228 2.85
    endloop
  endfacet
  facet normal 0 0 1
    outer loop
      vertex -25.4725 -2.69228 2.85
      vertex -26.0978 -1.71806 2.85
      vertex -25.6649 -2.77403 2.85
    endloop
  endfacet
  facet normal -0 0 1
    outer loop
      vertex -26.2009 -1.78635 2.85
      vertex -25.6649 -2.77403 2.85
      vertex -26.0978 -1.71806 2.85
    endloop
  endfacet
  facet normal 0 0 1
    outer loop
      vertex -25.6649 -2.77403 2.85
      vertex -26.2009 -1.78635 2.85
      vertex -25.8763 -2.83366 2.85
    endloop
  endfacet
  facet normal -0 0 1
    outer loop
      vertex -26.3165 -1.83708 2.85
      vertex -25.8763 -2.83366 2.85
      vertex -26.2009 -1.78635 2.85
    endloop
  endfacet
  facet normal 0 0 1
    outer loop
      vertex -25.8763 -2.83366 2.85
      vertex -26.3165 -1.83708 2.85
      vertex -26.1069 -2.87119 2.85
    endloop
  endfacet
  facet normal 0 0 1
    outer loop
      vertex -26.1069 -2.87119 2.85
      vertex -26.3165 -1.83708 2.85
      vertex -26.3106 -2.88593 2.85
    endloop
  endfacet
  facet normal -0 0 1
    outer loop
      vertex -26.4446 -1.87027 2.85
      vertex -26.3106 -2.88593 2.85
      vertex -26.3165 -1.83708 2.85
    endloop
  endfacet
  facet normal -0 0 1
    outer loop
      vertex -26.5618 -1.88628 2.85
      vertex -26.3106 -2.88593 2.85
      vertex -26.4446 -1.87027 2.85
    endloop
  endfacet
  facet normal 0 0 1
    outer loop
      vertex -26.5618 -1.88628 2.85
      vertex -26.6205 -2.89761 2.85
      vertex -26.3106 -2.88593 2.85
    endloop
  endfacet
  facet normal -0 0 1
    outer loop
      vertex -26.7385 -1.89772 2.85
      vertex -26.6205 -2.89761 2.85
      vertex -26.5618 -1.88628 2.85
    endloop
  endfacet
  facet normal -0 0 1
    outer loop
      vertex -26.9748 -1.90459 2.85
      vertex -26.6205 -2.89761 2.85
      vertex -26.7385 -1.89772 2.85
    endloop
  endfacet
  facet normal 0 0 1
    outer loop
      vertex -26.9748 -1.90459 2.85
      vertex -27.0368 -2.90627 2.85
      vertex -26.6205 -2.89761 2.85
    endloop
  endfacet
  facet normal -0 0 1
    outer loop
      vertex -27.2705 -1.90686 2.85
      vertex -27.0368 -2.90627 2.85
      vertex -26.9748 -1.90459 2.85
    endloop
  endfacet
  facet normal 0 0 1
    outer loop
      vertex -27.2705 -1.90686 2.85
      vertex -27.5594 -2.91187 2.85
      vertex -27.0368 -2.90627 2.85
    endloop
  endfacet
  facet normal -0 0 1
    outer loop
      vertex -28.3854 -1.90686 2.85
      vertex -27.5594 -2.91187 2.85
      vertex -27.2705 -1.90686 2.85
    endloop
  endfacet
  facet normal 0 0 1
    outer loop
      vertex -28.3854 -1.90686 2.85
      vertex -29.5897 -2.91187 2.85
      vertex -27.5594 -2.91187 2.85
    endloop
  endfacet
  facet normal 0 0 1
    outer loop
      vertex -28.3854 -0.311951 2.85
      vertex -29.5897 -2.91187 2.85
      vertex -28.3854 -1.90686 2.85
    endloop
  endfacet
  facet normal 0 0 1
    outer loop
      vertex -24.6116 -0.932678 2.85
      vertex -25.8464 -0.996506 2.85
      vertex -25.8383 -1.12567 2.85
    endloop
  endfacet
  facet normal 0 0 1
    outer loop
      vertex -24.758 -0.483063 2.85
      vertex -25.8709 -0.877502 2.85
      vertex -25.8464 -0.996506 2.85
    endloop
  endfacet
  facet normal -0 0 1
    outer loop
      vertex -26.1576 1.01028 2.85
      vertex -25.378 0.476379 2.85
      vertex -26.1023 1.11975 2.85
    endloop
  endfacet
  facet normal 0 0 1
    outer loop
      vertex -25.378 0.476379 2.85
      vertex -26.1576 1.01028 2.85
      vertex -25.5412 0.356094 2.85
    endloop
  endfacet
  facet normal 0 0 1
    outer loop
      vertex -26.2962 1.90819 2.85
      vertex -25.82 2.90288 2.85
      vertex -25.9802 2.95642 2.85
    endloop
  endfacet
  facet normal 0 0 1
    outer loop
      vertex -24.8862 -0.283447 2.85
      vertex -25.9115 -0.768677 2.85
      vertex -25.8709 -0.877502 2.85
    endloop
  endfacet
  facet normal 0 0 1
    outer loop
      vertex -25.5412 0.356094 2.85
      vertex -26.1576 1.01028 2.85
      vertex -25.7244 0.257675 2.85
    endloop
  endfacet
  facet normal 0 0 1
    outer loop
      vertex -25.1121 0.782562 2.85
      vertex -26.1023 1.11975 2.85
      vertex -25.235 0.61853 2.85
    endloop
  endfacet
  facet normal 0 0 1
    outer loop
      vertex -24.932 1.91925 2.85
      vertex -26.0962 1.63136 2.85
      vertex -26.0676 1.51248 2.85
    endloop
  endfacet
  facet normal 0 0 1
    outer loop
      vertex -25.0694 2.24931 2.85
      vertex -26.1438 1.73727 2.85
      vertex -26.0962 1.63136 2.85
    endloop
  endfacet
  facet normal 0 0 1
    outer loop
      vertex -26.4003 1.9691 2.85
      vertex -25.9802 2.95642 2.85
      vertex -26.1496 2.99391 2.85
    endloop
  endfacet
  facet normal 0 0 1
    outer loop
      vertex -25.2753 2.52956 2.85
      vertex -26.2106 1.83022 2.85
      vertex -26.1438 1.73727 2.85
    endloop
  endfacet
  facet normal 0 0 1
    outer loop
      vertex -25.5271 2.74774 2.85
      vertex -26.2962 1.90819 2.85
      vertex -26.2106 1.83022 2.85
    endloop
  endfacet
  facet normal 0 0 1
    outer loop
      vertex -26.523 2.01297 2.85
      vertex -26.1496 2.99391 2.85
      vertex -26.346 3.01971 2.85
    endloop
  endfacet
  facet normal 0 0 1
    outer loop
      vertex -25.9802 2.95642 2.85
      vertex -26.4003 1.9691 2.85
      vertex -26.2962 1.90819 2.85
    endloop
  endfacet
  facet normal 0 0 1
    outer loop
      vertex -26.1496 2.99391 2.85
      vertex -26.523 2.01297 2.85
      vertex -26.4003 1.9691 2.85
    endloop
  endfacet
  facet normal 0 0 1
    outer loop
      vertex -26.6643 2.03979 2.85
      vertex -26.346 3.01971 2.85
      vertex -26.5875 3.03815 2.85
    endloop
  endfacet
  facet normal 0 0 1
    outer loop
      vertex -26.346 3.01971 2.85
      vertex -26.6643 2.03979 2.85
      vertex -26.523 2.01297 2.85
    endloop
  endfacet
  facet normal 0 0 1
    outer loop
      vertex -26.5875 3.03815 2.85
      vertex -26.7957 2.04869 2.85
      vertex -26.6643 2.03979 2.85
    endloop
  endfacet
  facet normal 0 0 1
    outer loop
      vertex -26.8739 3.04921 2.85
      vertex -26.7957 2.04869 2.85
      vertex -26.5875 3.03815 2.85
    endloop
  endfacet
  facet normal 0 0 1
    outer loop
      vertex -26.8739 3.04921 2.85
      vertex -27.0111 2.05505 2.85
      vertex -26.7957 2.04869 2.85
    endloop
  endfacet
  facet normal 0 0 1
    outer loop
      vertex -27.2054 3.0529 2.85
      vertex -27.0111 2.05505 2.85
      vertex -26.8739 3.04921 2.85
    endloop
  endfacet
  facet normal 0 0 1
    outer loop
      vertex -27.2054 3.0529 2.85
      vertex -27.3104 2.05887 2.85
      vertex -27.0111 2.05505 2.85
    endloop
  endfacet
  facet normal 0 0 1
    outer loop
      vertex -27.2054 3.0529 2.85
      vertex -27.6936 2.06013 2.85
      vertex -27.3104 2.05887 2.85
    endloop
  endfacet
  facet normal 0 0 1
    outer loop
      vertex -27.2054 3.0529 2.85
      vertex -28.3854 2.06013 2.85
      vertex -27.6936 2.06013 2.85
    endloop
  endfacet
  facet normal 0 0 1
    outer loop
      vertex -29.5897 3.0529 2.85
      vertex -28.3854 0.680801 2.85
      vertex -28.3854 2.06013 2.85
    endloop
  endfacet
  facet normal 0 0 1
    outer loop
      vertex -28.3854 0.680801 2.85
      vertex -29.5897 3.0529 2.85
      vertex -28.3854 -0.311951 2.85
    endloop
  endfacet
  facet normal 0 0 1
    outer loop
      vertex -29.5897 -2.91187 2.85
      vertex -28.3854 -0.311951 2.85
      vertex -29.5897 3.0529 2.85
    endloop
  endfacet
  facet normal -0 0 1
    outer loop
      vertex -29.5897 3.0529 2.85
      vertex -28.3854 2.06013 2.85
      vertex -27.2054 3.0529 2.85
    endloop
  endfacet
  facet normal 0 0 1
    outer loop
      vertex -25.2422 0.043045 2.85
      vertex -25.9685 -0.670029 2.85
      vertex -25.9115 -0.768677 2.85
    endloop
  endfacet
  facet normal -0 0 1
    outer loop
      vertex -26.235 0.914795 2.85
      vertex -25.7244 0.257675 2.85
      vertex -26.1576 1.01028 2.85
    endloop
  endfacet
  facet normal 0 0 1
    outer loop
      vertex -25.4675 0.164337 2.85
      vertex -26.0409 -0.582794 2.85
      vertex -25.9685 -0.670029 2.85
    endloop
  endfacet
  facet normal -0 0 1
    outer loop
      vertex -26.3318 0.835068 2.85
      vertex -25.7244 0.257675 2.85
      vertex -26.235 0.914795 2.85
    endloop
  endfacet
  facet normal 0 0 1
    outer loop
      vertex -25.7244 0.257675 2.85
      vertex -26.1277 -0.50827 2.85
      vertex -26.0409 -0.582794 2.85
    endloop
  endfacet
  facet normal 0 0 1
    outer loop
      vertex -25.7244 0.257675 2.85
      vertex -26.2291 -0.446472 2.85
      vertex -26.1277 -0.50827 2.85
    endloop
  endfacet
  facet normal -0 0 1
    outer loop
      vertex -26.4451 0.772903 2.85
      vertex -25.7244 0.257675 2.85
      vertex -26.3318 0.835068 2.85
    endloop
  endfacet
  facet normal 0 0 1
    outer loop
      vertex -25.7244 0.257675 2.85
      vertex -26.3449 -0.397385 2.85
      vertex -26.2291 -0.446472 2.85
    endloop
  endfacet
  facet normal 0 0 1
    outer loop
      vertex -26.5039 -0.360001 2.85
      vertex -25.7244 0.257675 2.85
      vertex -26.4451 0.772903 2.85
    endloop
  endfacet
  facet normal 0 0 1
    outer loop
      vertex -25.7244 0.257675 2.85
      vertex -26.5039 -0.360001 2.85
      vertex -26.3449 -0.397385 2.85
    endloop
  endfacet
  facet normal -0 0 1
    outer loop
      vertex -26.5749 0.728271 2.85
      vertex -26.5039 -0.360001 2.85
      vertex -26.4451 0.772903 2.85
    endloop
  endfacet
  facet normal -0 0 1
    outer loop
      vertex -26.7212 0.701202 2.85
      vertex -26.5039 -0.360001 2.85
      vertex -26.5749 0.728271 2.85
    endloop
  endfacet
  facet normal 0 0 1
    outer loop
      vertex -26.7212 0.701202 2.85
      vertex -26.7349 -0.333313 2.85
      vertex -26.5039 -0.360001 2.85
    endloop
  endfacet
  facet normal -0 0 1
    outer loop
      vertex -26.84 0.692276 2.85
      vertex -26.7349 -0.333313 2.85
      vertex -26.7212 0.701202 2.85
    endloop
  endfacet
  facet normal 0 0 1
    outer loop
      vertex -27.0379 -0.317291 2.85
      vertex -26.84 0.692276 2.85
      vertex -27.0253 0.685898 2.85
    endloop
  endfacet
  facet normal 0 0 1
    outer loop
      vertex -26.84 0.692276 2.85
      vertex -27.0379 -0.317291 2.85
      vertex -26.7349 -0.333313 2.85
    endloop
  endfacet
  facet normal -0 0 1
    outer loop
      vertex -27.2774 0.682068 2.85
      vertex -27.0379 -0.317291 2.85
      vertex -27.0253 0.685898 2.85
    endloop
  endfacet
  facet normal 0 0 1
    outer loop
      vertex -27.2774 0.682068 2.85
      vertex -27.4129 -0.311951 2.85
      vertex -27.0379 -0.317291 2.85
    endloop
  endfacet
  facet normal -0 0 1
    outer loop
      vertex -27.596 0.680801 2.85
      vertex -27.4129 -0.311951 2.85
      vertex -27.2774 0.682068 2.85
    endloop
  endfacet
  facet normal 0 0 1
    outer loop
      vertex -28.3854 -0.311951 2.85
      vertex -27.596 0.680801 2.85
      vertex -28.3854 0.680801 2.85
    endloop
  endfacet
  facet normal 0 0 1
    outer loop
      vertex -27.596 0.680801 2.85
      vertex -28.3854 -0.311951 2.85
      vertex -27.4129 -0.311951 2.85
    endloop
  endfacet
  facet normal 0 0 1
    outer loop
      vertex -22.5735 3.0529 2.85
      vertex -23.7005 3.0529 2.85
      vertex -22.5735 -0.918182 2.85
    endloop
  endfacet
  facet normal 0 0 1
    outer loop
      vertex -18.9563 3.0529 2.85
      vertex -20.0833 0.981934 2.85
      vertex -18.9563 -2.91187 2.85
    endloop
  endfacet
  facet normal -0 0 1
    outer loop
      vertex -20.1566 3.0529 2.85
      vertex -20.0833 0.981934 2.85
      vertex -18.9563 3.0529 2.85
    endloop
  endfacet
  facet normal 0 0 1
    outer loop
      vertex -22.5735 -0.918182 2.85
      vertex -20.0833 0.981934 2.85
      vertex -20.1566 3.0529 2.85
    endloop
  endfacet
  facet normal 0 0 1
    outer loop
      vertex -20.0833 0.981934 2.85
      vertex -22.5735 -0.918182 2.85
      vertex -22.4961 -2.91187 2.85
    endloop
  endfacet
  facet normal 0 0 1
    outer loop
      vertex -23.7005 -2.91187 2.85
      vertex -22.5735 -0.918182 2.85
      vertex -23.7005 3.0529 2.85
    endloop
  endfacet
  facet normal 0 0 1
    outer loop
      vertex -22.5735 -0.918182 2.85
      vertex -23.7005 -2.91187 2.85
      vertex -22.4961 -2.91187 2.85
    endloop
  endfacet
  facet normal 0 0 1
    outer loop
      vertex -18.9563 -2.91187 2.85
      vertex -20.0833 0.981934 2.85
      vertex -20.0833 -2.91187 2.85
    endloop
  endfacet
  facet normal 0.208363 -0.978051 0
    outer loop
      vertex -14.9021 -2.98395 2.5
      vertex -14.4849 -2.89507 2.85
      vertex -14.9021 -2.98395 2.85
    endloop
  endfacet
  facet normal 0.208363 -0.978051 0
    outer loop
      vertex -14.4849 -2.89507 2.85
      vertex -14.9021 -2.98395 2.5
      vertex -14.4849 -2.89507 2.5
    endloop
  endfacet
  facet normal 0.367198 -0.930143 0
    outer loop
      vertex -14.4849 -2.89507 2.5
      vertex -14.1097 -2.74695 2.85
      vertex -14.4849 -2.89507 2.85
    endloop
  endfacet
  facet normal 0.367198 -0.930143 0
    outer loop
      vertex -14.1097 -2.74695 2.85
      vertex -14.4849 -2.89507 2.5
      vertex -14.1097 -2.74695 2.5
    endloop
  endfacet
  facet normal 0.528404 -0.848993 0
    outer loop
      vertex -14.1097 -2.74695 2.5
      vertex -13.7765 -2.53957 2.85
      vertex -14.1097 -2.74695 2.85
    endloop
  endfacet
  facet normal 0.528404 -0.848993 0
    outer loop
      vertex -13.7765 -2.53957 2.85
      vertex -14.1097 -2.74695 2.5
      vertex -13.7765 -2.53957 2.5
    endloop
  endfacet
  facet normal 0.679134 -0.734014 0
    outer loop
      vertex -13.7765 -2.53957 2.5
      vertex -13.4864 -2.27116 2.85
      vertex -13.7765 -2.53957 2.85
    endloop
  endfacet
  facet normal 0.679134 -0.734014 0
    outer loop
      vertex -13.4864 -2.27116 2.85
      vertex -13.7765 -2.53957 2.5
      vertex -13.4864 -2.27116 2.5
    endloop
  endfacet
  facet normal 0.803381 -0.595465 0
    outer loop
      vertex -13.4864 -2.27116 2.85
      vertex -13.2409 -1.93994 2.5
      vertex -13.2409 -1.93994 2.85
    endloop
  endfacet
  facet normal 0.803381 -0.595465 0
    outer loop
      vertex -13.2409 -1.93994 2.5
      vertex -13.4864 -2.27116 2.85
      vertex -13.4864 -2.27116 2.5
    endloop
  endfacet
  facet normal 0.890795 -0.454406 0
    outer loop
      vertex -13.2409 -1.93994 2.85
      vertex -13.0399 -1.54591 2.5
      vertex -13.0399 -1.54591 2.85
    endloop
  endfacet
  facet normal 0.890795 -0.454406 0
    outer loop
      vertex -13.0399 -1.54591 2.5
      vertex -13.2409 -1.93994 2.85
      vertex -13.2409 -1.93994 2.5
    endloop
  endfacet
  facet normal 0.946029 -0.324082 0
    outer loop
      vertex -13.0399 -1.54591 2.85
      vertex -12.8834 -1.08907 2.5
      vertex -12.8834 -1.08907 2.85
    endloop
  endfacet
  facet normal 0.946029 -0.324082 0
    outer loop
      vertex -12.8834 -1.08907 2.5
      vertex -13.0399 -1.54591 2.85
      vertex -13.0399 -1.54591 2.5
    endloop
  endfacet
  facet normal 0.302253 0.953228 -0
    outer loop
      vertex -12.8834 -1.08907 2.5
      vertex -14.0511 -0.718811 2.85
      vertex -12.8834 -1.08907 2.85
    endloop
  endfacet
  facet normal 0.302253 0.953228 0
    outer loop
      vertex -14.0511 -0.718811 2.85
      vertex -12.8834 -1.08907 2.5
      vertex -14.0511 -0.718811 2.5
    endloop
  endfacet
  facet normal -0.961386 0.275204 0
    outer loop
      vertex -14.1386 -1.02448 2.5
      vertex -14.0511 -0.718811 2.85
      vertex -14.0511 -0.718811 2.5
    endloop
  endfacet
  facet normal -0.961386 0.275204 0
    outer loop
      vertex -14.0511 -0.718811 2.85
      vertex -14.1386 -1.02448 2.5
      vertex -14.1386 -1.02448 2.85
    endloop
  endfacet
  facet normal -0.919597 0.392864 0
    outer loop
      vertex -14.2505 -1.28641 2.5
      vertex -14.1386 -1.02448 2.85
      vertex -14.1386 -1.02448 2.5
    endloop
  endfacet
  facet normal -0.919597 0.392864 0
    outer loop
      vertex -14.1386 -1.02448 2.85
      vertex -14.2505 -1.28641 2.5
      vertex -14.2505 -1.28641 2.85
    endloop
  endfacet
  facet normal -0.848107 0.529824 0
    outer loop
      vertex -14.3868 -1.50459 2.5
      vertex -14.2505 -1.28641 2.85
      vertex -14.2505 -1.28641 2.5
    endloop
  endfacet
  facet normal -0.848107 0.529824 0
    outer loop
      vertex -14.2505 -1.28641 2.85
      vertex -14.3868 -1.50459 2.5
      vertex -14.3868 -1.50459 2.85
    endloop
  endfacet
  facet normal -0.735517 0.677506 0
    outer loop
      vertex -14.5475 -1.67905 2.5
      vertex -14.3868 -1.50459 2.85
      vertex -14.3868 -1.50459 2.5
    endloop
  endfacet
  facet normal -0.735517 0.677506 0
    outer loop
      vertex -14.3868 -1.50459 2.85
      vertex -14.5475 -1.67905 2.5
      vertex -14.5475 -1.67905 2.85
    endloop
  endfacet
  facet normal -0.59297 0.805224 0
    outer loop
      vertex -14.5475 -1.67905 2.5
      vertex -14.7288 -1.81256 2.85
      vertex -14.5475 -1.67905 2.85
    endloop
  endfacet
  facet normal -0.59297 0.805224 0
    outer loop
      vertex -14.7288 -1.81256 2.85
      vertex -14.5475 -1.67905 2.5
      vertex -14.7288 -1.81256 2.5
    endloop
  endfacet
  facet normal -0.433699 0.901058 0
    outer loop
      vertex -14.7288 -1.81256 2.5
      vertex -14.9269 -1.90791 2.85
      vertex -14.7288 -1.81256 2.85
    endloop
  endfacet
  facet normal -0.433699 0.901058 0
    outer loop
      vertex -14.9269 -1.90791 2.85
      vertex -14.7288 -1.81256 2.5
      vertex -14.9269 -1.90791 2.5
    endloop
  endfacet
  facet normal -0.257299 0.966332 0
    outer loop
      vertex -14.9269 -1.90791 2.5
      vertex -15.1418 -1.96513 2.85
      vertex -14.9269 -1.90791 2.85
    endloop
  endfacet
  facet normal -0.257299 0.966332 0
    outer loop
      vertex -15.1418 -1.96513 2.85
      vertex -14.9269 -1.90791 2.5
      vertex -15.1418 -1.96513 2.5
    endloop
  endfacet
  facet normal -0.0821053 0.996624 0
    outer loop
      vertex -15.1418 -1.96513 2.5
      vertex -15.3734 -1.98421 2.85
      vertex -15.1418 -1.96513 2.85
    endloop
  endfacet
  facet normal -0.0821053 0.996624 0
    outer loop
      vertex -15.3734 -1.98421 2.85
      vertex -15.1418 -1.96513 2.5
      vertex -15.3734 -1.98421 2.5
    endloop
  endfacet
  facet normal 0.0962955 0.995353 -0
    outer loop
      vertex -15.3734 -1.98421 2.5
      vertex -15.6837 -1.95419 2.85
      vertex -15.3734 -1.98421 2.85
    endloop
  endfacet
  facet normal 0.0962955 0.995353 0
    outer loop
      vertex -15.6837 -1.95419 2.85
      vertex -15.3734 -1.98421 2.5
      vertex -15.6837 -1.95419 2.5
    endloop
  endfacet
  facet normal 0.306337 0.951923 -0
    outer loop
      vertex -15.6837 -1.95419 2.5
      vertex -15.9634 -1.86418 2.85
      vertex -15.6837 -1.95419 2.85
    endloop
  endfacet
  facet normal 0.306337 0.951923 0
    outer loop
      vertex -15.9634 -1.86418 2.85
      vertex -15.6837 -1.95419 2.5
      vertex -15.9634 -1.86418 2.5
    endloop
  endfacet
  facet normal 0.51581 0.856703 -0
    outer loop
      vertex -15.9634 -1.86418 2.5
      vertex -16.2126 -1.71414 2.85
      vertex -15.9634 -1.86418 2.85
    endloop
  endfacet
  facet normal 0.51581 0.856703 0
    outer loop
      vertex -16.2126 -1.71414 2.85
      vertex -15.9634 -1.86418 2.5
      vertex -16.2126 -1.71414 2.5
    endloop
  endfacet
  facet normal 0.6927 0.721226 -0
    outer loop
      vertex -16.2126 -1.71414 2.5
      vertex -16.4313 -1.50409 2.85
      vertex -16.2126 -1.71414 2.85
    endloop
  endfacet
  facet normal 0.6927 0.721226 0
    outer loop
      vertex -16.4313 -1.50409 2.85
      vertex -16.2126 -1.71414 2.5
      vertex -16.4313 -1.50409 2.5
    endloop
  endfacet
  facet normal 0.844558 0.535464 0
    outer loop
      vertex -16.4313 -1.50409 2.85
      vertex -16.6093 -1.22334 2.5
      vertex -16.6093 -1.22334 2.85
    endloop
  endfacet
  facet normal 0.844558 0.535464 0
    outer loop
      vertex -16.6093 -1.22334 2.5
      vertex -16.4313 -1.50409 2.85
      vertex -16.4313 -1.50409 2.5
    endloop
  endfacet
  facet normal 0.943567 0.331182 0
    outer loop
      vertex -16.6093 -1.22334 2.85
      vertex -16.7364 -0.861221 2.5
      vertex -16.7364 -0.861221 2.85
    endloop
  endfacet
  facet normal 0.943567 0.331182 0
    outer loop
      vertex -16.7364 -0.861221 2.5
      vertex -16.6093 -1.22334 2.85
      vertex -16.6093 -1.22334 2.5
    endloop
  endfacet
  facet normal 0.985521 0.169551 0
    outer loop
      vertex -16.7364 -0.861221 2.85
      vertex -16.8127 -0.417725 2.5
      vertex -16.8127 -0.417725 2.85
    endloop
  endfacet
  facet normal 0.985521 0.169551 0
    outer loop
      vertex -16.8127 -0.417725 2.5
      vertex -16.7364 -0.861221 2.85
      vertex -16.7364 -0.861221 2.5
    endloop
  endfacet
  facet normal 0.998822 0.0485274 0
    outer loop
      vertex -16.8127 -0.417725 2.85
      vertex -16.8382 0.107132 2.5
      vertex -16.8382 0.107132 2.85
    endloop
  endfacet
  facet normal 0.998822 0.0485274 0
    outer loop
      vertex -16.8382 0.107132 2.5
      vertex -16.8127 -0.417725 2.85
      vertex -16.8127 -0.417725 2.5
    endloop
  endfacet
  facet normal 0.998651 -0.0519314 0
    outer loop
      vertex -16.8382 0.107132 2.85
      vertex -16.8124 0.603271 2.5
      vertex -16.8124 0.603271 2.85
    endloop
  endfacet
  facet normal 0.998651 -0.0519314 0
    outer loop
      vertex -16.8124 0.603271 2.5
      vertex -16.8382 0.107132 2.85
      vertex -16.8382 0.107132 2.5
    endloop
  endfacet
  facet normal 0.983582 -0.180463 0
    outer loop
      vertex -16.8124 0.603271 2.85
      vertex -16.7349 1.02567 2.5
      vertex -16.7349 1.02567 2.85
    endloop
  endfacet
  facet normal 0.983582 -0.180463 0
    outer loop
      vertex -16.7349 1.02567 2.5
      vertex -16.8124 0.603271 2.85
      vertex -16.8124 0.603271 2.5
    endloop
  endfacet
  facet normal 0.937856 -0.347025 0
    outer loop
      vertex -16.7349 1.02567 2.85
      vertex -16.6059 1.3743 2.5
      vertex -16.6059 1.3743 2.85
    endloop
  endfacet
  facet normal 0.937856 -0.347025 0
    outer loop
      vertex -16.6059 1.3743 2.5
      vertex -16.7349 1.02567 2.85
      vertex -16.7349 1.02567 2.5
    endloop
  endfacet
  facet normal 0.835634 -0.549287 0
    outer loop
      vertex -16.6059 1.3743 2.85
      vertex -16.4252 1.6492 2.5
      vertex -16.4252 1.6492 2.85
    endloop
  endfacet
  facet normal 0.835634 -0.549287 0
    outer loop
      vertex -16.4252 1.6492 2.5
      vertex -16.6059 1.3743 2.85
      vertex -16.6059 1.3743 2.5
    endloop
  endfacet
  facet normal 0.684031 -0.729453 0
    outer loop
      vertex -16.4252 1.6492 2.5
      vertex -16.2031 1.85747 2.85
      vertex -16.4252 1.6492 2.85
    endloop
  endfacet
  facet normal 0.684031 -0.729453 0
    outer loop
      vertex -16.2031 1.85747 2.85
      vertex -16.4252 1.6492 2.5
      vertex -16.2031 1.85747 2.5
    endloop
  endfacet
  facet normal 0.506116 -0.862466 0
    outer loop
      vertex -16.2031 1.85747 2.5
      vertex -15.9496 2.00623 2.85
      vertex -16.2031 1.85747 2.85
    endloop
  endfacet
  facet normal 0.506116 -0.862466 0
    outer loop
      vertex -15.9496 2.00623 2.85
      vertex -16.2031 1.85747 2.5
      vertex -15.9496 2.00623 2.5
    endloop
  endfacet
  facet normal 0.29926 -0.954172 0
    outer loop
      vertex -15.9496 2.00623 2.5
      vertex -15.665 2.09549 2.85
      vertex -15.9496 2.00623 2.85
    endloop
  endfacet
  facet normal 0.29926 -0.954172 0
    outer loop
      vertex -15.665 2.09549 2.85
      vertex -15.9496 2.00623 2.5
      vertex -15.665 2.09549 2.5
    endloop
  endfacet
  facet normal 0.0937311 -0.995598 0
    outer loop
      vertex -15.665 2.09549 2.5
      vertex -15.349 2.12524 2.85
      vertex -15.665 2.09549 2.85
    endloop
  endfacet
  facet normal 0.0937311 -0.995598 0
    outer loop
      vertex -15.349 2.12524 2.85
      vertex -15.665 2.09549 2.5
      vertex -15.349 2.12524 2.5
    endloop
  endfacet
  facet normal -0.0724498 -0.997372 0
    outer loop
      vertex -15.349 2.12524 2.5
      vertex -15.118 2.10846 2.85
      vertex -15.349 2.12524 2.85
    endloop
  endfacet
  facet normal -0.0724498 -0.997372 -0
    outer loop
      vertex -15.118 2.10846 2.85
      vertex -15.349 2.12524 2.5
      vertex -15.118 2.10846 2.5
    endloop
  endfacet
  facet normal -0.230132 -0.97316 0
    outer loop
      vertex -15.118 2.10846 2.5
      vertex -14.905 2.05809 2.85
      vertex -15.118 2.10846 2.85
    endloop
  endfacet
  facet normal -0.230132 -0.97316 -0
    outer loop
      vertex -14.905 2.05809 2.85
      vertex -15.118 2.10846 2.5
      vertex -14.905 2.05809 2.5
    endloop
  endfacet
  facet normal -0.395477 -0.918476 0
    outer loop
      vertex -14.905 2.05809 2.5
      vertex -14.7101 1.97417 2.85
      vertex -14.905 2.05809 2.85
    endloop
  endfacet
  facet normal -0.395477 -0.918476 -0
    outer loop
      vertex -14.7101 1.97417 2.85
      vertex -14.905 2.05809 2.5
      vertex -14.7101 1.97417 2.5
    endloop
  endfacet
  facet normal -0.553504 -0.832847 0
    outer loop
      vertex -14.7101 1.97417 2.5
      vertex -14.5333 1.85667 2.85
      vertex -14.7101 1.97417 2.85
    endloop
  endfacet
  facet normal -0.553504 -0.832847 -0
    outer loop
      vertex -14.5333 1.85667 2.85
      vertex -14.7101 1.97417 2.5
      vertex -14.5333 1.85667 2.5
    endloop
  endfacet
  facet normal -0.690296 -0.723527 0
    outer loop
      vertex -14.5333 1.85667 2.5
      vertex -14.3798 1.71022 2.85
      vertex -14.5333 1.85667 2.85
    endloop
  endfacet
  facet normal -0.690296 -0.723527 -0
    outer loop
      vertex -14.3798 1.71022 2.85
      vertex -14.5333 1.85667 2.5
      vertex -14.3798 1.71022 2.5
    endloop
  endfacet
  facet normal -0.807557 -0.589789 0
    outer loop
      vertex -14.255 1.53934 2.5
      vertex -14.3798 1.71022 2.85
      vertex -14.3798 1.71022 2.5
    endloop
  endfacet
  facet normal -0.807557 -0.589789 0
    outer loop
      vertex -14.3798 1.71022 2.85
      vertex -14.255 1.53934 2.5
      vertex -14.255 1.53934 2.85
    endloop
  endfacet
  facet normal -0.897439 -0.441138 0
    outer loop
      vertex -14.159 1.34404 2.5
      vertex -14.255 1.53934 2.85
      vertex -14.255 1.53934 2.5
    endloop
  endfacet
  facet normal -0.897439 -0.441138 0
    outer loop
      vertex -14.255 1.53934 2.85
      vertex -14.159 1.34404 2.5
      vertex -14.159 1.34404 2.85
    endloop
  endfacet
  facet normal -0.956278 -0.292458 0
    outer loop
      vertex -14.0918 1.12431 2.5
      vertex -14.159 1.34404 2.85
      vertex -14.159 1.34404 2.5
    endloop
  endfacet
  facet normal -0.956278 -0.292458 0
    outer loop
      vertex -14.159 1.34404 2.85
      vertex -14.0918 1.12431 2.5
      vertex -14.0918 1.12431 2.85
    endloop
  endfacet
  facet normal 0.232364 -0.972629 0
    outer loop
      vertex -14.0918 1.12431 2.5
      vertex -12.8996 1.40913 2.85
      vertex -14.0918 1.12431 2.85
    endloop
  endfacet
  facet normal 0.232364 -0.972629 0
    outer loop
      vertex -12.8996 1.40913 2.85
      vertex -14.0918 1.12431 2.5
      vertex -12.8996 1.40913 2.5
    endloop
  endfacet
  facet normal 0.946902 0.321522 0
    outer loop
      vertex -12.8996 1.40913 2.85
      vertex -13.0141 1.74634 2.5
      vertex -13.0141 1.74634 2.85
    endloop
  endfacet
  facet normal 0.946902 0.321522 0
    outer loop
      vertex -13.0141 1.74634 2.5
      vertex -12.8996 1.40913 2.85
      vertex -12.8996 1.40913 2.5
    endloop
  endfacet
  facet normal 0.903932 0.427676 0
    outer loop
      vertex -13.0141 1.74634 2.85
      vertex -13.1539 2.04182 2.5
      vertex -13.1539 2.04182 2.85
    endloop
  endfacet
  facet normal 0.903932 0.427676 0
    outer loop
      vertex -13.1539 2.04182 2.5
      vertex -13.0141 1.74634 2.85
      vertex -13.0141 1.74634 2.5
    endloop
  endfacet
  facet normal 0.837936 0.545769 0
    outer loop
      vertex -13.1539 2.04182 2.85
      vertex -13.3192 2.29561 2.5
      vertex -13.3192 2.29561 2.85
    endloop
  endfacet
  facet normal 0.837936 0.545769 0
    outer loop
      vertex -13.3192 2.29561 2.5
      vertex -13.1539 2.04182 2.85
      vertex -13.1539 2.04182 2.5
    endloop
  endfacet
  facet normal 0.743404 0.668843 0
    outer loop
      vertex -13.3192 2.29561 2.85
      vertex -13.51 2.50768 2.5
      vertex -13.51 2.50768 2.85
    endloop
  endfacet
  facet normal 0.743404 0.668843 0
    outer loop
      vertex -13.51 2.50768 2.5
      vertex -13.3192 2.29561 2.85
      vertex -13.3192 2.29561 2.5
    endloop
  endfacet
  facet normal 0.610272 0.792192 -0
    outer loop
      vertex -13.51 2.50768 2.5
      vertex -13.8774 2.79071 2.85
      vertex -13.51 2.50768 2.85
    endloop
  endfacet
  facet normal 0.610272 0.792192 0
    outer loop
      vertex -13.8774 2.79071 2.85
      vertex -13.51 2.50768 2.5
      vertex -13.8774 2.79071 2.5
    endloop
  endfacet
  facet normal 0.434715 0.900568 -0
    outer loop
      vertex -13.8774 2.79071 2.5
      vertex -14.2962 2.99287 2.85
      vertex -13.8774 2.79071 2.85
    endloop
  endfacet
  facet normal 0.434715 0.900568 0
    outer loop
      vertex -14.2962 2.99287 2.85
      vertex -13.8774 2.79071 2.5
      vertex -14.2962 2.99287 2.5
    endloop
  endfacet
  facet normal 0.249797 0.968298 -0
    outer loop
      vertex -14.2962 2.99287 2.5
      vertex -14.7664 3.11417 2.85
      vertex -14.2962 2.99287 2.85
    endloop
  endfacet
  facet normal 0.249797 0.968298 0
    outer loop
      vertex -14.7664 3.11417 2.85
      vertex -14.2962 2.99287 2.5
      vertex -14.7664 3.11417 2.5
    endloop
  endfacet
  facet normal 0.0772797 0.997009 -0
    outer loop
      vertex -14.7664 3.11417 2.5
      vertex -15.288 3.1546 2.85
      vertex -14.7664 3.11417 2.85
    endloop
  endfacet
  facet normal 0.0772797 0.997009 0
    outer loop
      vertex -15.288 3.1546 2.85
      vertex -14.7664 3.11417 2.5
      vertex -15.288 3.1546 2.5
    endloop
  endfacet
  facet normal -0.0860456 0.996291 0
    outer loop
      vertex -15.288 3.1546 2.5
      vertex -15.8843 3.1031 2.85
      vertex -15.288 3.1546 2.85
    endloop
  endfacet
  facet normal -0.0860456 0.996291 0
    outer loop
      vertex -15.8843 3.1031 2.85
      vertex -15.288 3.1546 2.5
      vertex -15.8843 3.1031 2.5
    endloop
  endfacet
  facet normal -0.277032 0.960861 0
    outer loop
      vertex -15.8843 3.1031 2.5
      vertex -16.4201 2.94862 2.85
      vertex -15.8843 3.1031 2.85
    endloop
  endfacet
  facet normal -0.277032 0.960861 0
    outer loop
      vertex -16.4201 2.94862 2.85
      vertex -15.8843 3.1031 2.5
      vertex -16.4201 2.94862 2.5
    endloop
  endfacet
  facet normal -0.476306 0.87928 0
    outer loop
      vertex -16.4201 2.94862 2.5
      vertex -16.8954 2.69115 2.85
      vertex -16.4201 2.94862 2.85
    endloop
  endfacet
  facet normal -0.476306 0.87928 0
    outer loop
      vertex -16.8954 2.69115 2.85
      vertex -16.4201 2.94862 2.5
      vertex -16.8954 2.69115 2.5
    endloop
  endfacet
  facet normal -0.655955 0.7548 0
    outer loop
      vertex -16.8954 2.69115 2.5
      vertex -17.3102 2.33067 2.85
      vertex -16.8954 2.69115 2.85
    endloop
  endfacet
  facet normal -0.655955 0.7548 0
    outer loop
      vertex -17.3102 2.33067 2.85
      vertex -16.8954 2.69115 2.5
      vertex -17.3102 2.33067 2.5
    endloop
  endfacet
  facet normal -0.803174 0.595744 0
    outer loop
      vertex -17.6466 1.87714 2.5
      vertex -17.3102 2.33067 2.85
      vertex -17.3102 2.33067 2.5
    endloop
  endfacet
  facet normal -0.803174 0.595744 0
    outer loop
      vertex -17.3102 2.33067 2.85
      vertex -17.6466 1.87714 2.5
      vertex -17.6466 1.87714 2.85
    endloop
  endfacet
  facet normal -0.91269 0.408652 0
    outer loop
      vertex -17.8869 1.34045 2.5
      vertex -17.6466 1.87714 2.85
      vertex -17.6466 1.87714 2.5
    endloop
  endfacet
  facet normal -0.91269 0.408652 0
    outer loop
      vertex -17.6466 1.87714 2.85
      vertex -17.8869 1.34045 2.5
      vertex -17.8869 1.34045 2.85
    endloop
  endfacet
  facet normal -0.97399 0.22659 0
    outer loop
      vertex -18.0311 0.720612 2.5
      vertex -17.8869 1.34045 2.85
      vertex -17.8869 1.34045 2.5
    endloop
  endfacet
  facet normal -0.97399 0.22659 0
    outer loop
      vertex -17.8869 1.34045 2.85
      vertex -18.0311 0.720612 2.5
      vertex -18.0311 0.720612 2.85
    endloop
  endfacet
  facet normal -0.997677 0.0681213 0
    outer loop
      vertex -18.0791 0.0176239 2.5
      vertex -18.0311 0.720612 2.85
      vertex -18.0311 0.720612 2.5
    endloop
  endfacet
  facet normal -0.997677 0.0681213 0
    outer loop
      vertex -18.0311 0.720612 2.85
      vertex -18.0791 0.0176239 2.5
      vertex -18.0791 0.0176239 2.85
    endloop
  endfacet
  facet normal -0.997439 -0.0715208 0
    outer loop
      vertex -18.0313 -0.649002 2.5
      vertex -18.0791 0.0176239 2.85
      vertex -18.0791 0.0176239 2.5
    endloop
  endfacet
  facet normal -0.997439 -0.0715208 0
    outer loop
      vertex -18.0791 0.0176239 2.85
      vertex -18.0313 -0.649002 2.5
      vertex -18.0313 -0.649002 2.85
    endloop
  endfacet
  facet normal -0.971905 -0.235373 0
    outer loop
      vertex -17.8879 -1.24113 2.5
      vertex -18.0313 -0.649002 2.85
      vertex -18.0313 -0.649002 2.5
    endloop
  endfacet
  facet normal -0.971905 -0.235373 0
    outer loop
      vertex -18.0313 -0.649002 2.85
      vertex -17.8879 -1.24113 2.5
      vertex -17.8879 -1.24113 2.85
    endloop
  endfacet
  facet normal -0.907897 -0.419194 0
    outer loop
      vertex -17.6489 -1.75876 2.5
      vertex -17.8879 -1.24113 2.85
      vertex -17.8879 -1.24113 2.5
    endloop
  endfacet
  facet normal -0.907897 -0.419194 0
    outer loop
      vertex -17.8879 -1.24113 2.85
      vertex -17.6489 -1.75876 2.5
      vertex -17.6489 -1.75876 2.85
    endloop
  endfacet
  facet normal -0.798049 -0.602593 0
    outer loop
      vertex -17.3143 -2.20189 2.5
      vertex -17.6489 -1.75876 2.85
      vertex -17.6489 -1.75876 2.5
    endloop
  endfacet
  facet normal -0.798049 -0.602593 0
    outer loop
      vertex -17.6489 -1.75876 2.85
      vertex -17.3143 -2.20189 2.5
      vertex -17.3143 -2.20189 2.85
    endloop
  endfacet
  facet normal -0.655598 -0.75511 0
    outer loop
      vertex -17.3143 -2.20189 2.5
      vertex -16.9053 -2.55699 2.85
      vertex -17.3143 -2.20189 2.85
    endloop
  endfacet
  facet normal -0.655598 -0.75511 -0
    outer loop
      vertex -16.9053 -2.55699 2.85
      vertex -17.3143 -2.20189 2.5
      vertex -16.9053 -2.55699 2.5
    endloop
  endfacet
  facet normal -0.481438 -0.87648 0
    outer loop
      vertex -16.9053 -2.55699 2.5
      vertex -16.4435 -2.81065 2.85
      vertex -16.9053 -2.55699 2.85
    endloop
  endfacet
  facet normal -0.481438 -0.87648 -0
    outer loop
      vertex -16.4435 -2.81065 2.85
      vertex -16.9053 -2.55699 2.5
      vertex -16.4435 -2.81065 2.5
    endloop
  endfacet
  facet normal -0.283551 -0.958957 0
    outer loop
      vertex -16.4435 -2.81065 2.5
      vertex -15.9288 -2.96284 2.85
      vertex -16.4435 -2.81065 2.85
    endloop
  endfacet
  facet normal -0.283551 -0.958957 -0
    outer loop
      vertex -15.9288 -2.96284 2.85
      vertex -16.4435 -2.81065 2.5
      vertex -15.9288 -2.96284 2.5
    endloop
  endfacet
  facet normal -0.0890215 -0.99603 0
    outer loop
      vertex -15.9288 -2.96284 2.5
      vertex -15.3612 -3.01357 2.85
      vertex -15.9288 -2.96284 2.85
    endloop
  endfacet
  facet normal -0.0890215 -0.99603 -0
    outer loop
      vertex -15.3612 -3.01357 2.85
      vertex -15.9288 -2.96284 2.5
      vertex -15.3612 -3.01357 2.5
    endloop
  endfacet
  facet normal 0.0643837 -0.997925 0
    outer loop
      vertex -15.3612 -3.01357 2.5
      vertex -14.9021 -2.98395 2.85
      vertex -15.3612 -3.01357 2.85
    endloop
  endfacet
  facet normal 0.0643837 -0.997925 0
    outer loop
      vertex -14.9021 -2.98395 2.85
      vertex -15.3612 -3.01357 2.5
      vertex -14.9021 -2.98395 2.5
    endloop
  endfacet
  facet normal 0.0207978 -0.999784 0
    outer loop
      vertex -27.0368 -2.90627 2.5
      vertex -26.6205 -2.89761 2.85
      vertex -27.0368 -2.90627 2.85
    endloop
  endfacet
  facet normal 0.0207978 -0.999784 0
    outer loop
      vertex -26.6205 -2.89761 2.85
      vertex -27.0368 -2.90627 2.5
      vertex -26.6205 -2.89761 2.5
    endloop
  endfacet
  facet normal 0.0376628 -0.999291 0
    outer loop
      vertex -26.6205 -2.89761 2.5
      vertex -26.3106 -2.88593 2.85
      vertex -26.6205 -2.89761 2.85
    endloop
  endfacet
  facet normal 0.0376628 -0.999291 0
    outer loop
      vertex -26.3106 -2.88593 2.85
      vertex -26.6205 -2.89761 2.5
      vertex -26.3106 -2.88593 2.5
    endloop
  endfacet
  facet normal 0.0721726 -0.997392 0
    outer loop
      vertex -26.3106 -2.88593 2.5
      vertex -26.1069 -2.87119 2.85
      vertex -26.3106 -2.88593 2.85
    endloop
  endfacet
  facet normal 0.0721726 -0.997392 0
    outer loop
      vertex -26.1069 -2.87119 2.85
      vertex -26.3106 -2.88593 2.5
      vertex -26.1069 -2.87119 2.5
    endloop
  endfacet
  facet normal 0.160636 -0.987014 0
    outer loop
      vertex -26.1069 -2.87119 2.5
      vertex -25.8763 -2.83366 2.85
      vertex -26.1069 -2.87119 2.85
    endloop
  endfacet
  facet normal 0.160636 -0.987014 0
    outer loop
      vertex -25.8763 -2.83366 2.85
      vertex -26.1069 -2.87119 2.5
      vertex -25.8763 -2.83366 2.5
    endloop
  endfacet
  facet normal 0.271479 -0.962444 0
    outer loop
      vertex -25.8763 -2.83366 2.5
      vertex -25.6649 -2.77403 2.85
      vertex -25.8763 -2.83366 2.85
    endloop
  endfacet
  facet normal 0.271479 -0.962444 0
    outer loop
      vertex -25.6649 -2.77403 2.85
      vertex -25.8763 -2.83366 2.5
      vertex -25.6649 -2.77403 2.5
    endloop
  endfacet
  facet normal 0.39106 -0.920365 0
    outer loop
      vertex -25.6649 -2.77403 2.5
      vertex -25.4725 -2.69228 2.85
      vertex -25.6649 -2.77403 2.85
    endloop
  endfacet
  facet normal 0.39106 -0.920365 0
    outer loop
      vertex -25.4725 -2.69228 2.85
      vertex -25.6649 -2.77403 2.5
      vertex -25.4725 -2.69228 2.5
    endloop
  endfacet
  facet normal 0.514095 -0.857733 0
    outer loop
      vertex -25.4725 -2.69228 2.5
      vertex -25.2992 -2.58841 2.85
      vertex -25.4725 -2.69228 2.85
    endloop
  endfacet
  facet normal 0.514095 -0.857733 0
    outer loop
      vertex -25.2992 -2.58841 2.85
      vertex -25.4725 -2.69228 2.5
      vertex -25.2992 -2.58841 2.5
    endloop
  endfacet
  facet normal 0.626349 -0.779543 0
    outer loop
      vertex -25.2992 -2.58841 2.5
      vertex -25.1441 -2.46379 2.85
      vertex -25.2992 -2.58841 2.85
    endloop
  endfacet
  facet normal 0.626349 -0.779543 0
    outer loop
      vertex -25.1441 -2.46379 2.85
      vertex -25.2992 -2.58841 2.5
      vertex -25.1441 -2.46379 2.5
    endloop
  endfacet
  facet normal 0.722345 -0.691533 0
    outer loop
      vertex -25.1441 -2.46379 2.85
      vertex -25.0063 -2.31985 2.5
      vertex -25.0063 -2.31985 2.85
    endloop
  endfacet
  facet normal 0.722345 -0.691533 0
    outer loop
      vertex -25.0063 -2.31985 2.5
      vertex -25.1441 -2.46379 2.85
      vertex -25.1441 -2.46379 2.5
    endloop
  endfacet
  facet normal 0.804342 -0.594167 0
    outer loop
      vertex -25.0063 -2.31985 2.85
      vertex -24.8857 -2.15659 2.5
      vertex -24.8857 -2.15659 2.85
    endloop
  endfacet
  facet normal 0.804342 -0.594167 0
    outer loop
      vertex -24.8857 -2.15659 2.5
      vertex -25.0063 -2.31985 2.85
      vertex -25.0063 -2.31985 2.5
    endloop
  endfacet
  facet normal 0.870558 -0.492067 0
    outer loop
      vertex -24.8857 -2.15659 2.85
      vertex -24.7825 -1.97401 2.5
      vertex -24.7825 -1.97401 2.85
    endloop
  endfacet
  facet normal 0.870558 -0.492067 0
    outer loop
      vertex -24.7825 -1.97401 2.5
      vertex -24.8857 -2.15659 2.85
      vertex -24.8857 -2.15659 2.5
    endloop
  endfacet
  facet normal 0.919476 -0.393146 0
    outer loop
      vertex -24.7825 -1.97401 2.85
      vertex -24.6997 -1.78036 2.5
      vertex -24.6997 -1.78036 2.85
    endloop
  endfacet
  facet normal 0.919476 -0.393146 0
    outer loop
      vertex -24.6997 -1.78036 2.5
      vertex -24.7825 -1.97401 2.85
      vertex -24.7825 -1.97401 2.5
    endloop
  endfacet
  facet normal 0.957592 -0.288126 0
    outer loop
      vertex -24.6997 -1.78036 2.85
      vertex -24.6406 -1.58394 2.5
      vertex -24.6406 -1.58394 2.85
    endloop
  endfacet
  facet normal 0.957592 -0.288126 0
    outer loop
      vertex -24.6406 -1.58394 2.5
      vertex -24.6997 -1.78036 2.85
      vertex -24.6997 -1.78036 2.5
    endloop
  endfacet
  facet normal 0.984495 -0.175414 0
    outer loop
      vertex -24.6406 -1.58394 2.85
      vertex -24.6051 -1.3847 2.5
      vertex -24.6051 -1.3847 2.85
    endloop
  endfacet
  facet normal 0.984495 -0.175414 0
    outer loop
      vertex -24.6051 -1.3847 2.5
      vertex -24.6406 -1.58394 2.85
      vertex -24.6406 -1.58394 2.5
    endloop
  endfacet
  facet normal 0.998299 -0.0583049 0
    outer loop
      vertex -24.6051 -1.3847 2.85
      vertex -24.5933 -1.18266 2.5
      vertex -24.5933 -1.18266 2.85
    endloop
  endfacet
  facet normal 0.998299 -0.0583049 0
    outer loop
      vertex -24.5933 -1.18266 2.5
      vertex -24.6051 -1.3847 2.85
      vertex -24.6051 -1.3847 2.5
    endloop
  endfacet
  facet normal 0.997331 0.0730099 0
    outer loop
      vertex -24.5933 -1.18266 2.85
      vertex -24.6116 -0.932678 2.5
      vertex -24.6116 -0.932678 2.85
    endloop
  endfacet
  facet normal 0.997331 0.0730099 0
    outer loop
      vertex -24.6116 -0.932678 2.5
      vertex -24.5933 -1.18266 2.85
      vertex -24.5933 -1.18266 2.5
    endloop
  endfacet
  facet normal 0.97339 0.229156 0
    outer loop
      vertex -24.6116 -0.932678 2.85
      vertex -24.6665 -0.699478 2.5
      vertex -24.6665 -0.699478 2.85
    endloop
  endfacet
  facet normal 0.97339 0.229156 0
    outer loop
      vertex -24.6665 -0.699478 2.5
      vertex -24.6116 -0.932678 2.85
      vertex -24.6116 -0.932678 2.5
    endloop
  endfacet
  facet normal 0.921059 0.389423 0
    outer loop
      vertex -24.6665 -0.699478 2.85
      vertex -24.758 -0.483063 2.5
      vertex -24.758 -0.483063 2.85
    endloop
  endfacet
  facet normal 0.921059 0.389423 0
    outer loop
      vertex -24.758 -0.483063 2.5
      vertex -24.6665 -0.699478 2.85
      vertex -24.6665 -0.699478 2.5
    endloop
  endfacet
  facet normal 0.841417 0.540386 0
    outer loop
      vertex -24.758 -0.483063 2.85
      vertex -24.8862 -0.283447 2.5
      vertex -24.8862 -0.283447 2.85
    endloop
  endfacet
  facet normal 0.841417 0.540386 0
    outer loop
      vertex -24.8862 -0.283447 2.5
      vertex -24.758 -0.483063 2.85
      vertex -24.758 -0.483063 2.5
    endloop
  endfacet
  facet normal 0.737489 0.675359 0
    outer loop
      vertex -24.8862 -0.283447 2.85
      vertex -25.0485 -0.106216 2.5
      vertex -25.0485 -0.106216 2.85
    endloop
  endfacet
  facet normal 0.737489 0.675359 0
    outer loop
      vertex -25.0485 -0.106216 2.5
      vertex -24.8862 -0.283447 2.85
      vertex -24.8862 -0.283447 2.5
    endloop
  endfacet
  facet normal 0.610381 0.792108 -0
    outer loop
      vertex -25.0485 -0.106216 2.5
      vertex -25.2422 0.043045 2.85
      vertex -25.0485 -0.106216 2.85
    endloop
  endfacet
  facet normal 0.610381 0.792108 0
    outer loop
      vertex -25.2422 0.043045 2.85
      vertex -25.0485 -0.106216 2.5
      vertex -25.2422 0.043045 2.5
    endloop
  endfacet
  facet normal 0.474029 0.880509 -0
    outer loop
      vertex -25.2422 0.043045 2.5
      vertex -25.4675 0.164337 2.85
      vertex -25.2422 0.043045 2.85
    endloop
  endfacet
  facet normal 0.474029 0.880509 0
    outer loop
      vertex -25.4675 0.164337 2.85
      vertex -25.2422 0.043045 2.5
      vertex -25.4675 0.164337 2.5
    endloop
  endfacet
  facet normal 0.341484 0.939888 -0
    outer loop
      vertex -25.4675 0.164337 2.5
      vertex -25.7244 0.257675 2.85
      vertex -25.4675 0.164337 2.85
    endloop
  endfacet
  facet normal 0.341484 0.939888 0
    outer loop
      vertex -25.7244 0.257675 2.85
      vertex -25.4675 0.164337 2.5
      vertex -25.7244 0.257675 2.5
    endloop
  endfacet
  facet normal 0.473253 -0.880927 0
    outer loop
      vertex -25.7244 0.257675 2.5
      vertex -25.5412 0.356094 2.85
      vertex -25.7244 0.257675 2.85
    endloop
  endfacet
  facet normal 0.473253 -0.880927 0
    outer loop
      vertex -25.5412 0.356094 2.85
      vertex -25.7244 0.257675 2.5
      vertex -25.5412 0.356094 2.5
    endloop
  endfacet
  facet normal 0.593303 -0.80498 0
    outer loop
      vertex -25.5412 0.356094 2.5
      vertex -25.378 0.476379 2.85
      vertex -25.5412 0.356094 2.85
    endloop
  endfacet
  facet normal 0.593303 -0.80498 0
    outer loop
      vertex -25.378 0.476379 2.85
      vertex -25.5412 0.356094 2.5
      vertex -25.378 0.476379 2.5
    endloop
  endfacet
  facet normal 0.704998 -0.709209 0
    outer loop
      vertex -25.378 0.476379 2.5
      vertex -25.235 0.61853 2.85
      vertex -25.378 0.476379 2.85
    endloop
  endfacet
  facet normal 0.704998 -0.709209 0
    outer loop
      vertex -25.235 0.61853 2.85
      vertex -25.378 0.476379 2.5
      vertex -25.235 0.61853 2.5
    endloop
  endfacet
  facet normal 0.80029 -0.599613 0
    outer loop
      vertex -25.235 0.61853 2.85
      vertex -25.1121 0.782562 2.5
      vertex -25.1121 0.782562 2.85
    endloop
  endfacet
  facet normal 0.80029 -0.599613 0
    outer loop
      vertex -25.1121 0.782562 2.5
      vertex -25.235 0.61853 2.85
      vertex -25.235 0.61853 2.5
    endloop
  endfacet
  facet normal 0.875807 -0.482662 0
    outer loop
      vertex -25.1121 0.782562 2.85
      vertex -25.0133 0.961838 2.5
      vertex -25.0133 0.961838 2.85
    endloop
  endfacet
  facet normal 0.875807 -0.482662 0
    outer loop
      vertex -25.0133 0.961838 2.5
      vertex -25.1121 0.782562 2.85
      vertex -25.1121 0.782562 2.5
    endloop
  endfacet
  facet normal 0.936111 -0.351704 0
    outer loop
      vertex -25.0133 0.961838 2.85
      vertex -24.9427 1.14975 2.5
      vertex -24.9427 1.14975 2.85
    endloop
  endfacet
  facet normal 0.936111 -0.351704 0
    outer loop
      vertex -24.9427 1.14975 2.5
      vertex -25.0133 0.961838 2.85
      vertex -25.0133 0.961838 2.5
    endloop
  endfacet
  facet normal 0.977516 -0.21086 0
    outer loop
      vertex -24.9427 1.14975 2.85
      vertex -24.9003 1.34631 2.5
      vertex -24.9003 1.34631 2.85
    endloop
  endfacet
  facet normal 0.977516 -0.21086 0
    outer loop
      vertex -24.9003 1.34631 2.5
      vertex -24.9427 1.14975 2.85
      vertex -24.9427 1.14975 2.5
    endloop
  endfacet
  facet normal 0.997648 -0.0685518 0
    outer loop
      vertex -24.9003 1.34631 2.85
      vertex -24.8862 1.55151 2.5
      vertex -24.8862 1.55151 2.85
    endloop
  endfacet
  facet normal 0.997648 -0.0685518 0
    outer loop
      vertex -24.8862 1.55151 2.5
      vertex -24.9003 1.34631 2.85
      vertex -24.9003 1.34631 2.5
    endloop
  endfacet
  facet normal 0.998146 0.0608658 0
    outer loop
      vertex -24.8862 1.55151 2.85
      vertex -24.8977 1.7401 2.5
      vertex -24.8977 1.7401 2.85
    endloop
  endfacet
  facet normal 0.998146 0.0608658 0
    outer loop
      vertex -24.8977 1.7401 2.5
      vertex -24.8862 1.55151 2.85
      vertex -24.8862 1.55151 2.5
    endloop
  endfacet
  facet normal 0.982161 0.188044 0
    outer loop
      vertex -24.8977 1.7401 2.85
      vertex -24.932 1.91925 2.5
      vertex -24.932 1.91925 2.85
    endloop
  endfacet
  facet normal 0.982161 0.188044 0
    outer loop
      vertex -24.932 1.91925 2.5
      vertex -24.8977 1.7401 2.85
      vertex -24.8977 1.7401 2.5
    endloop
  endfacet
  facet normal 0.947645 0.319324 0
    outer loop
      vertex -24.932 1.91925 2.85
      vertex -24.9892 2.089 2.5
      vertex -24.9892 2.089 2.85
    endloop
  endfacet
  facet normal 0.947645 0.319324 0
    outer loop
      vertex -24.9892 2.089 2.5
      vertex -24.932 1.91925 2.85
      vertex -24.932 1.91925 2.5
    endloop
  endfacet
  facet normal 0.894327 0.447414 0
    outer loop
      vertex -24.9892 2.089 2.85
      vertex -25.0694 2.24931 2.5
      vertex -25.0694 2.24931 2.85
    endloop
  endfacet
  facet normal 0.894327 0.447414 0
    outer loop
      vertex -25.0694 2.24931 2.5
      vertex -24.9892 2.089 2.85
      vertex -24.9892 2.089 2.5
    endloop
  endfacet
  facet normal 0.835666 0.549238 0
    outer loop
      vertex -25.0694 2.24931 2.85
      vertex -25.1666 2.3972 2.5
      vertex -25.1666 2.3972 2.85
    endloop
  endfacet
  facet normal 0.835666 0.549238 0
    outer loop
      vertex -25.1666 2.3972 2.5
      vertex -25.0694 2.24931 2.85
      vertex -25.0694 2.24931 2.5
    endloop
  endfacet
  facet normal 0.772796 0.634655 0
    outer loop
      vertex -25.1666 2.3972 2.85
      vertex -25.2753 2.52956 2.5
      vertex -25.2753 2.52956 2.85
    endloop
  endfacet
  facet normal 0.772796 0.634655 0
    outer loop
      vertex -25.2753 2.52956 2.5
      vertex -25.1666 2.3972 2.85
      vertex -25.1666 2.3972 2.5
    endloop
  endfacet
  facet normal 0.697044 0.717028 -0
    outer loop
      vertex -25.2753 2.52956 2.5
      vertex -25.3955 2.64641 2.85
      vertex -25.2753 2.52956 2.85
    endloop
  endfacet
  facet normal 0.697044 0.717028 0
    outer loop
      vertex -25.3955 2.64641 2.85
      vertex -25.2753 2.52956 2.5
      vertex -25.3955 2.64641 2.5
    endloop
  endfacet
  facet normal 0.610086 0.792335 -0
    outer loop
      vertex -25.3955 2.64641 2.5
      vertex -25.5271 2.74774 2.85
      vertex -25.3955 2.64641 2.85
    endloop
  endfacet
  facet normal 0.610086 0.792335 0
    outer loop
      vertex -25.5271 2.74774 2.85
      vertex -25.3955 2.64641 2.5
      vertex -25.5271 2.74774 2.5
    endloop
  endfacet
  facet normal 0.516491 0.856293 -0
    outer loop
      vertex -25.5271 2.74774 2.5
      vertex -25.669 2.83333 2.85
      vertex -25.5271 2.74774 2.85
    endloop
  endfacet
  facet normal 0.516491 0.856293 0
    outer loop
      vertex -25.669 2.83333 2.85
      vertex -25.5271 2.74774 2.5
      vertex -25.669 2.83333 2.5
    endloop
  endfacet
  facet normal 0.418352 0.908285 -0
    outer loop
      vertex -25.669 2.83333 2.5
      vertex -25.82 2.90288 2.85
      vertex -25.669 2.83333 2.85
    endloop
  endfacet
  facet normal 0.418352 0.908285 0
    outer loop
      vertex -25.82 2.90288 2.85
      vertex -25.669 2.83333 2.5
      vertex -25.82 2.90288 2.5
    endloop
  endfacet
  facet normal 0.316974 0.948434 -0
    outer loop
      vertex -25.82 2.90288 2.5
      vertex -25.9802 2.95642 2.85
      vertex -25.82 2.90288 2.85
    endloop
  endfacet
  facet normal 0.316974 0.948434 0
    outer loop
      vertex -25.9802 2.95642 2.85
      vertex -25.82 2.90288 2.5
      vertex -25.9802 2.95642 2.5
    endloop
  endfacet
  facet normal 0.216082 0.976375 -0
    outer loop
      vertex -25.9802 2.95642 2.5
      vertex -26.1496 2.99391 2.85
      vertex -25.9802 2.95642 2.85
    endloop
  endfacet
  facet normal 0.216082 0.976375 0
    outer loop
      vertex -26.1496 2.99391 2.85
      vertex -25.9802 2.95642 2.5
      vertex -26.1496 2.99391 2.5
    endloop
  endfacet
  facet normal 0.130246 0.991482 -0
    outer loop
      vertex -26.1496 2.99391 2.5
      vertex -26.346 3.01971 2.85
      vertex -26.1496 2.99391 2.85
    endloop
  endfacet
  facet normal 0.130246 0.991482 0
    outer loop
      vertex -26.346 3.01971 2.85
      vertex -26.1496 2.99391 2.5
      vertex -26.346 3.01971 2.5
    endloop
  endfacet
  facet normal 0.0761345 0.997098 -0
    outer loop
      vertex -26.346 3.01971 2.5
      vertex -26.5875 3.03815 2.85
      vertex -26.346 3.01971 2.85
    endloop
  endfacet
  facet normal 0.0761345 0.997098 0
    outer loop
      vertex -26.5875 3.03815 2.85
      vertex -26.346 3.01971 2.5
      vertex -26.5875 3.03815 2.5
    endloop
  endfacet
  facet normal 0.0385886 0.999255 -0
    outer loop
      vertex -26.5875 3.03815 2.5
      vertex -26.8739 3.04921 2.85
      vertex -26.5875 3.03815 2.85
    endloop
  endfacet
  facet normal 0.0385886 0.999255 0
    outer loop
      vertex -26.8739 3.04921 2.85
      vertex -26.5875 3.03815 2.5
      vertex -26.8739 3.04921 2.5
    endloop
  endfacet
  facet normal 0.0111305 0.999938 -0
    outer loop
      vertex -26.8739 3.04921 2.5
      vertex -27.2054 3.0529 2.85
      vertex -26.8739 3.04921 2.85
    endloop
  endfacet
  facet normal 0.0111305 0.999938 0
    outer loop
      vertex -27.2054 3.0529 2.85
      vertex -26.8739 3.04921 2.5
      vertex -27.2054 3.0529 2.5
    endloop
  endfacet
  facet normal 0 1 -0
    outer loop
      vertex -27.2054 3.0529 2.5
      vertex -29.5897 3.0529 2.85
      vertex -27.2054 3.0529 2.85
    endloop
  endfacet
  facet normal 0 1 0
    outer loop
      vertex -29.5897 3.0529 2.85
      vertex -27.2054 3.0529 2.5
      vertex -29.5897 3.0529 2.5
    endloop
  endfacet
  facet normal -1 0 0
    outer loop
      vertex -29.5897 -2.91187 2.5
      vertex -29.5897 3.0529 2.85
      vertex -29.5897 3.0529 2.5
    endloop
  endfacet
  facet normal -1 -0 0
    outer loop
      vertex -29.5897 3.0529 2.85
      vertex -29.5897 -2.91187 2.5
      vertex -29.5897 -2.91187 2.85
    endloop
  endfacet
  facet normal 0 -1 0
    outer loop
      vertex -29.5897 -2.91187 2.5
      vertex -27.5594 -2.91187 2.85
      vertex -29.5897 -2.91187 2.85
    endloop
  endfacet
  facet normal 0 -1 -0
    outer loop
      vertex -27.5594 -2.91187 2.85
      vertex -29.5897 -2.91187 2.5
      vertex -27.5594 -2.91187 2.5
    endloop
  endfacet
  facet normal 0.010715 -0.999943 0
    outer loop
      vertex -27.5594 -2.91187 2.5
      vertex -27.0368 -2.90627 2.85
      vertex -27.5594 -2.91187 2.85
    endloop
  endfacet
  facet normal 0.010715 -0.999943 0
    outer loop
      vertex -27.0368 -2.90627 2.85
      vertex -27.5594 -2.91187 2.5
      vertex -27.0368 -2.90627 2.5
    endloop
  endfacet
  facet normal 1 -0 0
    outer loop
      vertex -28.3854 0.680801 2.85
      vertex -28.3854 2.06013 2.5
      vertex -28.3854 2.06013 2.85
    endloop
  endfacet
  facet normal 1 0 0
    outer loop
      vertex -28.3854 2.06013 2.5
      vertex -28.3854 0.680801 2.85
      vertex -28.3854 0.680801 2.5
    endloop
  endfacet
  facet normal 0 -1 0
    outer loop
      vertex -28.3854 2.06013 2.5
      vertex -27.6936 2.06013 2.85
      vertex -28.3854 2.06013 2.85
    endloop
  endfacet
  facet normal 0 -1 -0
    outer loop
      vertex -27.6936 2.06013 2.85
      vertex -28.3854 2.06013 2.5
      vertex -27.6936 2.06013 2.5
    endloop
  endfacet
  facet normal -0.00328808 -0.999995 0
    outer loop
      vertex -27.6936 2.06013 2.5
      vertex -27.3104 2.05887 2.85
      vertex -27.6936 2.06013 2.85
    endloop
  endfacet
  facet normal -0.00328808 -0.999995 -0
    outer loop
      vertex -27.3104 2.05887 2.85
      vertex -27.6936 2.06013 2.5
      vertex -27.3104 2.05887 2.5
    endloop
  endfacet
  facet normal -0.0127621 -0.999919 0
    outer loop
      vertex -27.3104 2.05887 2.5
      vertex -27.0111 2.05505 2.85
      vertex -27.3104 2.05887 2.85
    endloop
  endfacet
  facet normal -0.0127621 -0.999919 -0
    outer loop
      vertex -27.0111 2.05505 2.85
      vertex -27.3104 2.05887 2.5
      vertex -27.0111 2.05505 2.5
    endloop
  endfacet
  facet normal -0.0295136 -0.999564 0
    outer loop
      vertex -27.0111 2.05505 2.5
      vertex -26.7957 2.04869 2.85
      vertex -27.0111 2.05505 2.85
    endloop
  endfacet
  facet normal -0.0295136 -0.999564 -0
    outer loop
      vertex -26.7957 2.04869 2.85
      vertex -27.0111 2.05505 2.5
      vertex -26.7957 2.04869 2.5
    endloop
  endfacet
  facet normal -0.0675773 -0.997714 0
    outer loop
      vertex -26.7957 2.04869 2.5
      vertex -26.6643 2.03979 2.85
      vertex -26.7957 2.04869 2.85
    endloop
  endfacet
  facet normal -0.0675773 -0.997714 -0
    outer loop
      vertex -26.6643 2.03979 2.85
      vertex -26.7957 2.04869 2.5
      vertex -26.6643 2.03979 2.5
    endloop
  endfacet
  facet normal -0.186479 -0.982459 0
    outer loop
      vertex -26.6643 2.03979 2.5
      vertex -26.523 2.01297 2.85
      vertex -26.6643 2.03979 2.85
    endloop
  endfacet
  facet normal -0.186479 -0.982459 -0
    outer loop
      vertex -26.523 2.01297 2.85
      vertex -26.6643 2.03979 2.5
      vertex -26.523 2.01297 2.5
    endloop
  endfacet
  facet normal -0.336667 -0.941624 0
    outer loop
      vertex -26.523 2.01297 2.5
      vertex -26.4003 1.9691 2.85
      vertex -26.523 2.01297 2.85
    endloop
  endfacet
  facet normal -0.336667 -0.941624 -0
    outer loop
      vertex -26.4003 1.9691 2.85
      vertex -26.523 2.01297 2.5
      vertex -26.4003 1.9691 2.5
    endloop
  endfacet
  facet normal -0.505015 -0.863111 0
    outer loop
      vertex -26.4003 1.9691 2.5
      vertex -26.2962 1.90819 2.85
      vertex -26.4003 1.9691 2.85
    endloop
  endfacet
  facet normal -0.505015 -0.863111 -0
    outer loop
      vertex -26.2962 1.90819 2.85
      vertex -26.4003 1.9691 2.5
      vertex -26.2962 1.90819 2.5
    endloop
  endfacet
  facet normal -0.67339 -0.739287 0
    outer loop
      vertex -26.2962 1.90819 2.5
      vertex -26.2106 1.83022 2.85
      vertex -26.2962 1.90819 2.85
    endloop
  endfacet
  facet normal -0.67339 -0.739287 -0
    outer loop
      vertex -26.2106 1.83022 2.85
      vertex -26.2962 1.90819 2.5
      vertex -26.2106 1.83022 2.5
    endloop
  endfacet
  facet normal -0.812048 -0.583591 0
    outer loop
      vertex -26.1438 1.73727 2.5
      vertex -26.2106 1.83022 2.85
      vertex -26.2106 1.83022 2.5
    endloop
  endfacet
  facet normal -0.812048 -0.583591 0
    outer loop
      vertex -26.2106 1.83022 2.85
      vertex -26.1438 1.73727 2.5
      vertex -26.1438 1.73727 2.85
    endloop
  endfacet
  facet normal -0.912113 -0.409939 0
    outer loop
      vertex -26.0962 1.63136 2.5
      vertex -26.1438 1.73727 2.85
      vertex -26.1438 1.73727 2.5
    endloop
  endfacet
  facet normal -0.912113 -0.409939 0
    outer loop
      vertex -26.1438 1.73727 2.85
      vertex -26.0962 1.63136 2.5
      vertex -26.0962 1.63136 2.85
    endloop
  endfacet
  facet normal -0.972259 -0.233905 0
    outer loop
      vertex -26.0676 1.51248 2.5
      vertex -26.0962 1.63136 2.85
      vertex -26.0962 1.63136 2.5
    endloop
  endfacet
  facet normal -0.972259 -0.233905 0
    outer loop
      vertex -26.0962 1.63136 2.85
      vertex -26.0676 1.51248 2.5
      vertex -26.0676 1.51248 2.85
    endloop
  endfacet
  facet normal -0.99736 -0.0726178 0
    outer loop
      vertex -26.058 1.38063 2.5
      vertex -26.0676 1.51248 2.85
      vertex -26.0676 1.51248 2.5
    endloop
  endfacet
  facet normal -0.99736 -0.0726178 0
    outer loop
      vertex -26.0676 1.51248 2.85
      vertex -26.058 1.38063 2.5
      vertex -26.058 1.38063 2.85
    endloop
  endfacet
  facet normal -0.996754 0.080512 0
    outer loop
      vertex -26.0691 1.24321 2.5
      vertex -26.058 1.38063 2.85
      vertex -26.058 1.38063 2.5
    endloop
  endfacet
  facet normal -0.996754 0.080512 0
    outer loop
      vertex -26.058 1.38063 2.85
      vertex -26.0691 1.24321 2.5
      vertex -26.0691 1.24321 2.85
    endloop
  endfacet
  facet normal -0.965693 0.259687 0
    outer loop
      vertex -26.1023 1.11975 2.5
      vertex -26.0691 1.24321 2.85
      vertex -26.0691 1.24321 2.5
    endloop
  endfacet
  facet normal -0.965693 0.259687 0
    outer loop
      vertex -26.0691 1.24321 2.85
      vertex -26.1023 1.11975 2.5
      vertex -26.1023 1.11975 2.85
    endloop
  endfacet
  facet normal -0.892577 0.450895 0
    outer loop
      vertex -26.1576 1.01028 2.5
      vertex -26.1023 1.11975 2.85
      vertex -26.1023 1.11975 2.5
    endloop
  endfacet
  facet normal -0.892577 0.450895 0
    outer loop
      vertex -26.1023 1.11975 2.85
      vertex -26.1576 1.01028 2.5
      vertex -26.1576 1.01028 2.85
    endloop
  endfacet
  facet normal -0.776836 0.629702 0
    outer loop
      vertex -26.235 0.914795 2.5
      vertex -26.1576 1.01028 2.85
      vertex -26.1576 1.01028 2.5
    endloop
  endfacet
  facet normal -0.776836 0.629702 0
    outer loop
      vertex -26.1576 1.01028 2.85
      vertex -26.235 0.914795 2.5
      vertex -26.235 0.914795 2.85
    endloop
  endfacet
  facet normal -0.635752 0.771894 0
    outer loop
      vertex -26.235 0.914795 2.5
      vertex -26.3318 0.835068 2.85
      vertex -26.235 0.914795 2.85
    endloop
  endfacet
  facet normal -0.635752 0.771894 0
    outer loop
      vertex -26.3318 0.835068 2.85
      vertex -26.235 0.914795 2.5
      vertex -26.3318 0.835068 2.5
    endloop
  endfacet
  facet normal -0.481027 0.876706 0
    outer loop
      vertex -26.3318 0.835068 2.5
      vertex -26.4451 0.772903 2.85
      vertex -26.3318 0.835068 2.85
    endloop
  endfacet
  facet normal -0.481027 0.876706 0
    outer loop
      vertex -26.4451 0.772903 2.85
      vertex -26.3318 0.835068 2.5
      vertex -26.4451 0.772903 2.5
    endloop
  endfacet
  facet normal -0.325166 0.945657 0
    outer loop
      vertex -26.4451 0.772903 2.5
      vertex -26.5749 0.728271 2.85
      vertex -26.4451 0.772903 2.85
    endloop
  endfacet
  facet normal -0.325166 0.945657 0
    outer loop
      vertex -26.5749 0.728271 2.85
      vertex -26.4451 0.772903 2.5
      vertex -26.5749 0.728271 2.5
    endloop
  endfacet
  facet normal -0.181936 0.98331 0
    outer loop
      vertex -26.5749 0.728271 2.5
      vertex -26.7212 0.701202 2.85
      vertex -26.5749 0.728271 2.85
    endloop
  endfacet
  facet normal -0.181936 0.98331 0
    outer loop
      vertex -26.7212 0.701202 2.85
      vertex -26.5749 0.728271 2.5
      vertex -26.7212 0.701202 2.5
    endloop
  endfacet
  facet normal -0.0749235 0.997189 0
    outer loop
      vertex -26.7212 0.701202 2.5
      vertex -26.84 0.692276 2.85
      vertex -26.7212 0.701202 2.85
    endloop
  endfacet
  facet normal -0.0749235 0.997189 0
    outer loop
      vertex -26.84 0.692276 2.85
      vertex -26.7212 0.701202 2.5
      vertex -26.84 0.692276 2.5
    endloop
  endfacet
  facet normal -0.0343995 0.999408 0
    outer loop
      vertex -26.84 0.692276 2.5
      vertex -27.0253 0.685898 2.85
      vertex -26.84 0.692276 2.85
    endloop
  endfacet
  facet normal -0.0343995 0.999408 0
    outer loop
      vertex -27.0253 0.685898 2.85
      vertex -26.84 0.692276 2.5
      vertex -27.0253 0.685898 2.5
    endloop
  endfacet
  facet normal -0.0151906 0.999885 0
    outer loop
      vertex -27.0253 0.685898 2.5
      vertex -27.2774 0.682068 2.85
      vertex -27.0253 0.685898 2.85
    endloop
  endfacet
  facet normal -0.0151906 0.999885 0
    outer loop
      vertex -27.2774 0.682068 2.85
      vertex -27.0253 0.685898 2.5
      vertex -27.2774 0.682068 2.5
    endloop
  endfacet
  facet normal -0.00397674 0.999992 0
    outer loop
      vertex -27.2774 0.682068 2.5
      vertex -27.596 0.680801 2.85
      vertex -27.2774 0.682068 2.85
    endloop
  endfacet
  facet normal -0.00397674 0.999992 0
    outer loop
      vertex -27.596 0.680801 2.85
      vertex -27.2774 0.682068 2.5
      vertex -27.596 0.680801 2.5
    endloop
  endfacet
  facet normal 0 1 -0
    outer loop
      vertex -27.596 0.680801 2.5
      vertex -28.3854 0.680801 2.85
      vertex -27.596 0.680801 2.85
    endloop
  endfacet
  facet normal 0 1 0
    outer loop
      vertex -28.3854 0.680801 2.85
      vertex -27.596 0.680801 2.5
      vertex -28.3854 0.680801 2.5
    endloop
  endfacet
  facet normal 1 -0 0
    outer loop
      vertex -28.3854 -1.90686 2.85
      vertex -28.3854 -0.311951 2.5
      vertex -28.3854 -0.311951 2.85
    endloop
  endfacet
  facet normal 1 0 0
    outer loop
      vertex -28.3854 -0.311951 2.5
      vertex -28.3854 -1.90686 2.85
      vertex -28.3854 -1.90686 2.5
    endloop
  endfacet
  facet normal 0 -1 0
    outer loop
      vertex -28.3854 -0.311951 2.5
      vertex -27.4129 -0.311951 2.85
      vertex -28.3854 -0.311951 2.85
    endloop
  endfacet
  facet normal 0 -1 -0
    outer loop
      vertex -27.4129 -0.311951 2.85
      vertex -28.3854 -0.311951 2.5
      vertex -27.4129 -0.311951 2.5
    endloop
  endfacet
  facet normal -0.0142386 -0.999899 0
    outer loop
      vertex -27.4129 -0.311951 2.5
      vertex -27.0379 -0.317291 2.85
      vertex -27.4129 -0.311951 2.85
    endloop
  endfacet
  facet normal -0.0142386 -0.999899 -0
    outer loop
      vertex -27.0379 -0.317291 2.85
      vertex -27.4129 -0.311951 2.5
      vertex -27.0379 -0.317291 2.5
    endloop
  endfacet
  facet normal -0.0528041 -0.998605 0
    outer loop
      vertex -27.0379 -0.317291 2.5
      vertex -26.7349 -0.333313 2.85
      vertex -27.0379 -0.317291 2.85
    endloop
  endfacet
  facet normal -0.0528041 -0.998605 -0
    outer loop
      vertex -26.7349 -0.333313 2.85
      vertex -27.0379 -0.317291 2.5
      vertex -26.7349 -0.333313 2.5
    endloop
  endfacet
  facet normal -0.114769 -0.993392 0
    outer loop
      vertex -26.7349 -0.333313 2.5
      vertex -26.5039 -0.360001 2.85
      vertex -26.7349 -0.333313 2.85
    endloop
  endfacet
  facet normal -0.114769 -0.993392 -0
    outer loop
      vertex -26.5039 -0.360001 2.85
      vertex -26.7349 -0.333313 2.5
      vertex -26.5039 -0.360001 2.5
    endloop
  endfacet
  facet normal -0.228878 -0.973455 0
    outer loop
      vertex -26.5039 -0.360001 2.5
      vertex -26.3449 -0.397385 2.85
      vertex -26.5039 -0.360001 2.85
    endloop
  endfacet
  facet normal -0.228878 -0.973455 -0
    outer loop
      vertex -26.3449 -0.397385 2.85
      vertex -26.5039 -0.360001 2.5
      vertex -26.3449 -0.397385 2.5
    endloop
  endfacet
  facet normal -0.390278 -0.920697 0
    outer loop
      vertex -26.3449 -0.397385 2.5
      vertex -26.2291 -0.446472 2.85
      vertex -26.3449 -0.397385 2.85
    endloop
  endfacet
  facet normal -0.390278 -0.920697 -0
    outer loop
      vertex -26.2291 -0.446472 2.85
      vertex -26.3449 -0.397385 2.5
      vertex -26.2291 -0.446472 2.5
    endloop
  endfacet
  facet normal -0.520415 -0.853913 0
    outer loop
      vertex -26.2291 -0.446472 2.5
      vertex -26.1277 -0.50827 2.85
      vertex -26.2291 -0.446472 2.85
    endloop
  endfacet
  facet normal -0.520415 -0.853913 -0
    outer loop
      vertex -26.1277 -0.50827 2.85
      vertex -26.2291 -0.446472 2.5
      vertex -26.1277 -0.50827 2.5
    endloop
  endfacet
  facet normal -0.651416 -0.758721 0
    outer loop
      vertex -26.1277 -0.50827 2.5
      vertex -26.0409 -0.582794 2.85
      vertex -26.1277 -0.50827 2.85
    endloop
  endfacet
  facet normal -0.651416 -0.758721 -0
    outer loop
      vertex -26.0409 -0.582794 2.85
      vertex -26.1277 -0.50827 2.5
      vertex -26.0409 -0.582794 2.5
    endloop
  endfacet
  facet normal -0.769503 -0.638643 0
    outer loop
      vertex -25.9685 -0.670029 2.5
      vertex -26.0409 -0.582794 2.85
      vertex -26.0409 -0.582794 2.5
    endloop
  endfacet
  facet normal -0.769503 -0.638643 0
    outer loop
      vertex -26.0409 -0.582794 2.85
      vertex -25.9685 -0.670029 2.5
      vertex -25.9685 -0.670029 2.85
    endloop
  endfacet
  facet normal -0.865852 -0.5003 0
    outer loop
      vertex -25.9115 -0.768677 2.5
      vertex -25.9685 -0.670029 2.85
      vertex -25.9685 -0.670029 2.5
    endloop
  endfacet
  facet normal -0.865852 -0.5003 0
    outer loop
      vertex -25.9685 -0.670029 2.85
      vertex -25.9115 -0.768677 2.5
      vertex -25.9115 -0.768677 2.85
    endloop
  endfacet
  facet normal -0.93692 -0.349543 0
    outer loop
      vertex -25.8709 -0.877502 2.5
      vertex -25.9115 -0.768677 2.85
      vertex -25.9115 -0.768677 2.5
    endloop
  endfacet
  facet normal -0.93692 -0.349543 0
    outer loop
      vertex -25.9115 -0.768677 2.85
      vertex -25.8709 -0.877502 2.5
      vertex -25.8709 -0.877502 2.85
    endloop
  endfacet
  facet normal -0.979458 -0.201646 0
    outer loop
      vertex -25.8464 -0.996506 2.5
      vertex -25.8709 -0.877502 2.85
      vertex -25.8709 -0.877502 2.5
    endloop
  endfacet
  facet normal -0.979458 -0.201646 0
    outer loop
      vertex -25.8709 -0.877502 2.85
      vertex -25.8464 -0.996506 2.5
      vertex -25.8464 -0.996506 2.85
    endloop
  endfacet
  facet normal -0.998039 -0.062588 0
    outer loop
      vertex -25.8383 -1.12567 2.5
      vertex -25.8464 -0.996506 2.85
      vertex -25.8464 -0.996506 2.5
    endloop
  endfacet
  facet normal -0.998039 -0.062588 0
    outer loop
      vertex -25.8464 -0.996506 2.85
      vertex -25.8383 -1.12567 2.5
      vertex -25.8383 -1.12567 2.85
    endloop
  endfacet
  facet normal -0.997535 0.0701743 0
    outer loop
      vertex -25.8489 -1.27635 2.5
      vertex -25.8383 -1.12567 2.85
      vertex -25.8383 -1.12567 2.5
    endloop
  endfacet
  facet normal -0.997535 0.0701743 0
    outer loop
      vertex -25.8383 -1.12567 2.85
      vertex -25.8489 -1.27635 2.5
      vertex -25.8489 -1.27635 2.85
    endloop
  endfacet
  facet normal -0.973554 0.228459 0
    outer loop
      vertex -25.8805 -1.41101 2.5
      vertex -25.8489 -1.27635 2.85
      vertex -25.8489 -1.27635 2.5
    endloop
  endfacet
  facet normal -0.973554 0.228459 0
    outer loop
      vertex -25.8489 -1.27635 2.85
      vertex -25.8805 -1.41101 2.5
      vertex -25.8805 -1.41101 2.85
    endloop
  endfacet
  facet normal -0.913608 0.406596 0
    outer loop
      vertex -25.9333 -1.52965 2.5
      vertex -25.8805 -1.41101 2.85
      vertex -25.8805 -1.41101 2.5
    endloop
  endfacet
  facet normal -0.913608 0.406596 0
    outer loop
      vertex -25.8805 -1.41101 2.85
      vertex -25.9333 -1.52965 2.5
      vertex -25.9333 -1.52965 2.85
    endloop
  endfacet
  facet normal -0.811804 0.583929 0
    outer loop
      vertex -26.0071 -1.63225 2.5
      vertex -25.9333 -1.52965 2.85
      vertex -25.9333 -1.52965 2.5
    endloop
  endfacet
  facet normal -0.811804 0.583929 0
    outer loop
      vertex -25.9333 -1.52965 2.85
      vertex -26.0071 -1.63225 2.5
      vertex -26.0071 -1.63225 2.85
    endloop
  endfacet
  facet normal -0.687254 0.726418 0
    outer loop
      vertex -26.0071 -1.63225 2.5
      vertex -26.0978 -1.71806 2.85
      vertex -26.0071 -1.63225 2.85
    endloop
  endfacet
  facet normal -0.687254 0.726418 0
    outer loop
      vertex -26.0978 -1.71806 2.85
      vertex -26.0071 -1.63225 2.5
      vertex -26.0978 -1.71806 2.5
    endloop
  endfacet
  facet normal -0.552216 0.833701 0
    outer loop
      vertex -26.0978 -1.71806 2.5
      vertex -26.2009 -1.78635 2.85
      vertex -26.0978 -1.71806 2.85
    endloop
  endfacet
  facet normal -0.552216 0.833701 0
    outer loop
      vertex -26.2009 -1.78635 2.85
      vertex -26.0978 -1.71806 2.5
      vertex -26.2009 -1.78635 2.5
    endloop
  endfacet
  facet normal -0.401849 0.915706 0
    outer loop
      vertex -26.2009 -1.78635 2.5
      vertex -26.3165 -1.83708 2.85
      vertex -26.2009 -1.78635 2.85
    endloop
  endfacet
  facet normal -0.401849 0.915706 0
    outer loop
      vertex -26.3165 -1.83708 2.85
      vertex -26.2009 -1.78635 2.5
      vertex -26.3165 -1.83708 2.5
    endloop
  endfacet
  facet normal -0.250813 0.968036 0
    outer loop
      vertex -26.3165 -1.83708 2.5
      vertex -26.4446 -1.87027 2.85
      vertex -26.3165 -1.83708 2.85
    endloop
  endfacet
  facet normal -0.250813 0.968036 0
    outer loop
      vertex -26.4446 -1.87027 2.85
      vertex -26.3165 -1.83708 2.5
      vertex -26.4446 -1.87027 2.5
    endloop
  endfacet
  facet normal -0.135347 0.990798 0
    outer loop
      vertex -26.4446 -1.87027 2.5
      vertex -26.5618 -1.88628 2.85
      vertex -26.4446 -1.87027 2.85
    endloop
  endfacet
  facet normal -0.135347 0.990798 0
    outer loop
      vertex -26.5618 -1.88628 2.85
      vertex -26.4446 -1.87027 2.5
      vertex -26.5618 -1.88628 2.5
    endloop
  endfacet
  facet normal -0.0646072 0.997911 0
    outer loop
      vertex -26.5618 -1.88628 2.5
      vertex -26.7385 -1.89772 2.85
      vertex -26.5618 -1.88628 2.85
    endloop
  endfacet
  facet normal -0.0646072 0.997911 0
    outer loop
      vertex -26.7385 -1.89772 2.85
      vertex -26.5618 -1.88628 2.5
      vertex -26.7385 -1.89772 2.5
    endloop
  endfacet
  facet normal -0.0290609 0.999578 0
    outer loop
      vertex -26.7385 -1.89772 2.5
      vertex -26.9748 -1.90459 2.85
      vertex -26.7385 -1.89772 2.85
    endloop
  endfacet
  facet normal -0.0290609 0.999578 0
    outer loop
      vertex -26.9748 -1.90459 2.85
      vertex -26.7385 -1.89772 2.5
      vertex -26.9748 -1.90459 2.5
    endloop
  endfacet
  facet normal -0.00767647 0.999971 0
    outer loop
      vertex -26.9748 -1.90459 2.5
      vertex -27.2705 -1.90686 2.85
      vertex -26.9748 -1.90459 2.85
    endloop
  endfacet
  facet normal -0.00767647 0.999971 0
    outer loop
      vertex -27.2705 -1.90686 2.85
      vertex -26.9748 -1.90459 2.5
      vertex -27.2705 -1.90686 2.5
    endloop
  endfacet
  facet normal 0 1 -0
    outer loop
      vertex -27.2705 -1.90686 2.5
      vertex -28.3854 -1.90686 2.85
      vertex -27.2705 -1.90686 2.85
    endloop
  endfacet
  facet normal 0 1 0
    outer loop
      vertex -28.3854 -1.90686 2.85
      vertex -27.2705 -1.90686 2.5
      vertex -28.3854 -1.90686 2.5
    endloop
  endfacet
  facet normal -1 0 0
    outer loop
      vertex -20.0833 -2.91187 2.5
      vertex -20.0833 0.981934 2.85
      vertex -20.0833 0.981934 2.5
    endloop
  endfacet
  facet normal -1 -0 0
    outer loop
      vertex -20.0833 0.981934 2.85
      vertex -20.0833 -2.91187 2.5
      vertex -20.0833 -2.91187 2.85
    endloop
  endfacet
  facet normal 0 -1 0
    outer loop
      vertex -20.0833 -2.91187 2.5
      vertex -18.9563 -2.91187 2.85
      vertex -20.0833 -2.91187 2.85
    endloop
  endfacet
  facet normal 0 -1 -0
    outer loop
      vertex -18.9563 -2.91187 2.85
      vertex -20.0833 -2.91187 2.5
      vertex -18.9563 -2.91187 2.5
    endloop
  endfacet
  facet normal 1 -0 0
    outer loop
      vertex -18.9563 -2.91187 2.85
      vertex -18.9563 3.0529 2.5
      vertex -18.9563 3.0529 2.85
    endloop
  endfacet
  facet normal 1 0 0
    outer loop
      vertex -18.9563 3.0529 2.5
      vertex -18.9563 -2.91187 2.85
      vertex -18.9563 -2.91187 2.5
    endloop
  endfacet
  facet normal 0 1 -0
    outer loop
      vertex -18.9563 3.0529 2.5
      vertex -20.1566 3.0529 2.85
      vertex -18.9563 3.0529 2.85
    endloop
  endfacet
  facet normal 0 1 0
    outer loop
      vertex -20.1566 3.0529 2.85
      vertex -18.9563 3.0529 2.5
      vertex -20.1566 3.0529 2.5
    endloop
  endfacet
  facet normal -0.854225 0.519903 0
    outer loop
      vertex -22.5735 -0.918182 2.5
      vertex -20.1566 3.0529 2.85
      vertex -20.1566 3.0529 2.5
    endloop
  endfacet
  facet normal -0.854225 0.519903 0
    outer loop
      vertex -20.1566 3.0529 2.85
      vertex -22.5735 -0.918182 2.5
      vertex -22.5735 -0.918182 2.85
    endloop
  endfacet
  facet normal 1 -0 0
    outer loop
      vertex -22.5735 -0.918182 2.85
      vertex -22.5735 3.0529 2.5
      vertex -22.5735 3.0529 2.85
    endloop
  endfacet
  facet normal 1 0 0
    outer loop
      vertex -22.5735 3.0529 2.5
      vertex -22.5735 -0.918182 2.85
      vertex -22.5735 -0.918182 2.5
    endloop
  endfacet
  facet normal 0 1 -0
    outer loop
      vertex -22.5735 3.0529 2.5
      vertex -23.7005 3.0529 2.85
      vertex -22.5735 3.0529 2.85
    endloop
  endfacet
  facet normal 0 1 0
    outer loop
      vertex -23.7005 3.0529 2.85
      vertex -22.5735 3.0529 2.5
      vertex -23.7005 3.0529 2.5
    endloop
  endfacet
  facet normal -1 0 0
    outer loop
      vertex -23.7005 -2.91187 2.5
      vertex -23.7005 3.0529 2.85
      vertex -23.7005 3.0529 2.5
    endloop
  endfacet
  facet normal -1 -0 0
    outer loop
      vertex -23.7005 3.0529 2.85
      vertex -23.7005 -2.91187 2.5
      vertex -23.7005 -2.91187 2.85
    endloop
  endfacet
  facet normal 0 -1 0
    outer loop
      vertex -23.7005 -2.91187 2.5
      vertex -22.4961 -2.91187 2.85
      vertex -23.7005 -2.91187 2.85
    endloop
  endfacet
  facet normal 0 -1 -0
    outer loop
      vertex -22.4961 -2.91187 2.85
      vertex -23.7005 -2.91187 2.5
      vertex -22.4961 -2.91187 2.5
    endloop
  endfacet
  facet normal 0.850035 -0.526725 0
    outer loop
      vertex -22.4961 -2.91187 2.85
      vertex -20.0833 0.981934 2.5
      vertex -20.0833 0.981934 2.85
    endloop
  endfacet
  facet normal 0.850035 -0.526725 0
    outer loop
      vertex -20.0833 0.981934 2.5
      vertex -22.4961 -2.91187 2.85
      vertex -22.4961 -2.91187 2.5
    endloop
  endfacet
  facet normal 0 1 -0
    outer loop
      vertex -10.8554 -1.76857 2.5
      vertex -11.9987 -1.76857 2.85
      vertex -10.8554 -1.76857 2.85
    endloop
  endfacet
  facet normal 0 1 0
    outer loop
      vertex -11.9987 -1.76857 2.85
      vertex -10.8554 -1.76857 2.5
      vertex -11.9987 -1.76857 2.5
    endloop
  endfacet
  facet normal -1 0 0
    outer loop
      vertex -11.9987 -2.91187 2.5
      vertex -11.9987 -1.76857 2.85
      vertex -11.9987 -1.76857 2.5
    endloop
  endfacet
  facet normal -1 -0 0
    outer loop
      vertex -11.9987 -1.76857 2.85
      vertex -11.9987 -2.91187 2.5
      vertex -11.9987 -2.91187 2.85
    endloop
  endfacet
  facet normal 0 -1 0
    outer loop
      vertex -11.9987 -2.91187 2.5
      vertex -10.8554 -2.91187 2.85
      vertex -11.9987 -2.91187 2.85
    endloop
  endfacet
  facet normal 0 -1 -0
    outer loop
      vertex -10.8554 -2.91187 2.85
      vertex -11.9987 -2.91187 2.5
      vertex -10.8554 -2.91187 2.5
    endloop
  endfacet
  facet normal 1 -0 0
    outer loop
      vertex -10.8554 -2.91187 2.85
      vertex -10.8554 -1.76857 2.5
      vertex -10.8554 -1.76857 2.85
    endloop
  endfacet
  facet normal 1 0 0
    outer loop
      vertex -10.8554 -1.76857 2.5
      vertex -10.8554 -2.91187 2.85
      vertex -10.8554 -2.91187 2.5
    endloop
  endfacet
  facet normal 1 -0 0
    outer loop
      vertex 35 -11.5 2.5
      vertex 35 11.5 -2.5
      vertex 35 11.5 2.5
    endloop
  endfacet
  facet normal 1 0 0
    outer loop
      vertex 35 11.5 -2.5
      vertex 35 -11.5 2.5
      vertex 35 -11.5 -2.5
    endloop
  endfacet
  facet normal -0.097938 -0.995193 0
    outer loop
      vertex -34.1951 -12.4808 -2.5
      vertex -34 -12.5 2.5
      vertex -34.1951 -12.4808 2.5
    endloop
  endfacet
  facet normal -0.097938 -0.995193 -0
    outer loop
      vertex -34 -12.5 2.5
      vertex -34.1951 -12.4808 -2.5
      vertex -34 -12.5 -2.5
    endloop
  endfacet
  facet normal 0.634598 -0.772842 0
    outer loop
      vertex 34.5556 -12.3315 -2.5
      vertex 34.7071 -12.2071 2.5
      vertex 34.5556 -12.3315 2.5
    endloop
  endfacet
  facet normal 0.634598 -0.772842 0
    outer loop
      vertex 34.7071 -12.2071 2.5
      vertex 34.5556 -12.3315 -2.5
      vertex 34.7071 -12.2071 -2.5
    endloop
  endfacet
  facet normal 0.995193 0.097938 0
    outer loop
      vertex 35 11.5 2.5
      vertex 34.9808 11.6951 -2.5
      vertex 34.9808 11.6951 2.5
    endloop
  endfacet
  facet normal 0.995193 0.097938 0
    outer loop
      vertex 34.9808 11.6951 -2.5
      vertex 35 11.5 2.5
      vertex 35 11.5 -2.5
    endloop
  endfacet
  facet normal -0.290248 -0.956951 0
    outer loop
      vertex -34.3827 -12.4239 -2.5
      vertex -34.1951 -12.4808 2.5
      vertex -34.3827 -12.4239 2.5
    endloop
  endfacet
  facet normal -0.290248 -0.956951 -0
    outer loop
      vertex -34.1951 -12.4808 2.5
      vertex -34.3827 -12.4239 -2.5
      vertex -34.1951 -12.4808 -2.5
    endloop
  endfacet
  facet normal 0.290248 0.956951 -0
    outer loop
      vertex 34.3827 12.4239 -2.5
      vertex 34.1951 12.4808 2.5
      vertex 34.3827 12.4239 2.5
    endloop
  endfacet
  facet normal 0.290248 0.956951 0
    outer loop
      vertex 34.1951 12.4808 2.5
      vertex 34.3827 12.4239 -2.5
      vertex 34.1951 12.4808 -2.5
    endloop
  endfacet
  facet normal -1 0 0
    outer loop
      vertex -35 -11.5 -2.5
      vertex -35 11.5 2.5
      vertex -35 11.5 -2.5
    endloop
  endfacet
  facet normal -1 -0 0
    outer loop
      vertex -35 11.5 2.5
      vertex -35 -11.5 -2.5
      vertex -35 -11.5 2.5
    endloop
  endfacet
  facet normal 0 -1 0
    outer loop
      vertex -34 -12.5 -2.5
      vertex 34 -12.5 2.5
      vertex -34 -12.5 2.5
    endloop
  endfacet
  facet normal 0 -1 -0
    outer loop
      vertex 34 -12.5 2.5
      vertex -34 -12.5 -2.5
      vertex 34 -12.5 -2.5
    endloop
  endfacet
  facet normal 0.290248 -0.956951 0
    outer loop
      vertex 34.1951 -12.4808 -2.5
      vertex 34.3827 -12.4239 2.5
      vertex 34.1951 -12.4808 2.5
    endloop
  endfacet
  facet normal 0.290248 -0.956951 0
    outer loop
      vertex 34.3827 -12.4239 2.5
      vertex 34.1951 -12.4808 -2.5
      vertex 34.3827 -12.4239 -2.5
    endloop
  endfacet
  facet normal -0.881957 0.471329 0
    outer loop
      vertex -34.9239 11.8827 -2.5
      vertex -34.8315 12.0556 2.5
      vertex -34.8315 12.0556 -2.5
    endloop
  endfacet
  facet normal -0.881957 0.471329 0
    outer loop
      vertex -34.8315 12.0556 2.5
      vertex -34.9239 11.8827 -2.5
      vertex -34.9239 11.8827 2.5
    endloop
  endfacet
  facet normal -0.995193 0.097938 0
    outer loop
      vertex -35 11.5 -2.5
      vertex -34.9808 11.6951 2.5
      vertex -34.9808 11.6951 -2.5
    endloop
  endfacet
  facet normal -0.995193 0.097938 0
    outer loop
      vertex -34.9808 11.6951 2.5
      vertex -35 11.5 -2.5
      vertex -35 11.5 2.5
    endloop
  endfacet
  facet normal 0.772842 0.634598 0
    outer loop
      vertex 34.8315 12.0556 2.5
      vertex 34.7071 12.2071 -2.5
      vertex 34.7071 12.2071 2.5
    endloop
  endfacet
  facet normal 0.772842 0.634598 0
    outer loop
      vertex 34.7071 12.2071 -2.5
      vertex 34.8315 12.0556 2.5
      vertex 34.8315 12.0556 -2.5
    endloop
  endfacet
  facet normal 0 1 -0
    outer loop
      vertex 34 12.5 -2.5
      vertex -34 12.5 2.5
      vertex 34 12.5 2.5
    endloop
  endfacet
  facet normal 0 1 0
    outer loop
      vertex -34 12.5 2.5
      vertex 34 12.5 -2.5
      vertex -34 12.5 -2.5
    endloop
  endfacet
  facet normal -0.772842 0.634598 0
    outer loop
      vertex -34.8315 12.0556 -2.5
      vertex -34.7071 12.2071 2.5
      vertex -34.7071 12.2071 -2.5
    endloop
  endfacet
  facet normal -0.772842 0.634598 0
    outer loop
      vertex -34.7071 12.2071 2.5
      vertex -34.8315 12.0556 -2.5
      vertex -34.8315 12.0556 2.5
    endloop
  endfacet
  facet normal 0.956951 0.290248 0
    outer loop
      vertex 34.9808 11.6951 2.5
      vertex 34.9239 11.8827 -2.5
      vertex 34.9239 11.8827 2.5
    endloop
  endfacet
  facet normal 0.956951 0.290248 0
    outer loop
      vertex 34.9239 11.8827 -2.5
      vertex 34.9808 11.6951 2.5
      vertex 34.9808 11.6951 -2.5
    endloop
  endfacet
  facet normal 0.097938 -0.995193 0
    outer loop
      vertex 34 -12.5 -2.5
      vertex 34.1951 -12.4808 2.5
      vertex 34 -12.5 2.5
    endloop
  endfacet
  facet normal 0.097938 -0.995193 0
    outer loop
      vertex 34.1951 -12.4808 2.5
      vertex 34 -12.5 -2.5
      vertex 34.1951 -12.4808 -2.5
    endloop
  endfacet
  facet normal 0.881957 0.471329 0
    outer loop
      vertex 34.9239 11.8827 2.5
      vertex 34.8315 12.0556 -2.5
      vertex 34.8315 12.0556 2.5
    endloop
  endfacet
  facet normal 0.881957 0.471329 0
    outer loop
      vertex 34.8315 12.0556 -2.5
      vertex 34.9239 11.8827 2.5
      vertex 34.9239 11.8827 -2.5
    endloop
  endfacet
  facet normal 0.956951 -0.290248 0
    outer loop
      vertex 34.9239 -11.8827 2.5
      vertex 34.9808 -11.6951 -2.5
      vertex 34.9808 -11.6951 2.5
    endloop
  endfacet
  facet normal 0.956951 -0.290248 0
    outer loop
      vertex 34.9808 -11.6951 -2.5
      vertex 34.9239 -11.8827 2.5
      vertex 34.9239 -11.8827 -2.5
    endloop
  endfacet
  facet normal 0.471329 -0.881957 0
    outer loop
      vertex 34.3827 -12.4239 -2.5
      vertex 34.5556 -12.3315 2.5
      vertex 34.3827 -12.4239 2.5
    endloop
  endfacet
  facet normal 0.471329 -0.881957 0
    outer loop
      vertex 34.5556 -12.3315 2.5
      vertex 34.3827 -12.4239 -2.5
      vertex 34.5556 -12.3315 -2.5
    endloop
  endfacet
  facet normal -0.772842 -0.634598 0
    outer loop
      vertex -34.7071 -12.2071 -2.5
      vertex -34.8315 -12.0556 2.5
      vertex -34.8315 -12.0556 -2.5
    endloop
  endfacet
  facet normal -0.772842 -0.634598 0
    outer loop
      vertex -34.8315 -12.0556 2.5
      vertex -34.7071 -12.2071 -2.5
      vertex -34.7071 -12.2071 2.5
    endloop
  endfacet
  facet normal -0.956951 0.290248 0
    outer loop
      vertex -34.9808 11.6951 -2.5
      vertex -34.9239 11.8827 2.5
      vertex -34.9239 11.8827 -2.5
    endloop
  endfacet
  facet normal -0.956951 0.290248 0
    outer loop
      vertex -34.9239 11.8827 2.5
      vertex -34.9808 11.6951 -2.5
      vertex -34.9808 11.6951 2.5
    endloop
  endfacet
  facet normal 0.097938 0.995193 -0
    outer loop
      vertex 34.1951 12.4808 -2.5
      vertex 34 12.5 2.5
      vertex 34.1951 12.4808 2.5
    endloop
  endfacet
  facet normal 0.097938 0.995193 0
    outer loop
      vertex 34 12.5 2.5
      vertex 34.1951 12.4808 -2.5
      vertex 34 12.5 -2.5
    endloop
  endfacet
  facet normal -0.471329 0.881957 0
    outer loop
      vertex -34.3827 12.4239 -2.5
      vertex -34.5556 12.3315 2.5
      vertex -34.3827 12.4239 2.5
    endloop
  endfacet
  facet normal -0.471329 0.881957 0
    outer loop
      vertex -34.5556 12.3315 2.5
      vertex -34.3827 12.4239 -2.5
      vertex -34.5556 12.3315 -2.5
    endloop
  endfacet
  facet normal -0.471329 -0.881957 0
    outer loop
      vertex -34.5556 -12.3315 -2.5
      vertex -34.3827 -12.4239 2.5
      vertex -34.5556 -12.3315 2.5
    endloop
  endfacet
  facet normal -0.471329 -0.881957 -0
    outer loop
      vertex -34.3827 -12.4239 2.5
      vertex -34.5556 -12.3315 -2.5
      vertex -34.3827 -12.4239 -2.5
    endloop
  endfacet
  facet normal -0.290248 0.956951 0
    outer loop
      vertex -34.1951 12.4808 -2.5
      vertex -34.3827 12.4239 2.5
      vertex -34.1951 12.4808 2.5
    endloop
  endfacet
  facet normal -0.290248 0.956951 0
    outer loop
      vertex -34.3827 12.4239 2.5
      vertex -34.1951 12.4808 -2.5
      vertex -34.3827 12.4239 -2.5
    endloop
  endfacet
  facet normal -0.634598 -0.772842 0
    outer loop
      vertex -34.7071 -12.2071 -2.5
      vertex -34.5556 -12.3315 2.5
      vertex -34.7071 -12.2071 2.5
    endloop
  endfacet
  facet normal -0.634598 -0.772842 -0
    outer loop
      vertex -34.5556 -12.3315 2.5
      vertex -34.7071 -12.2071 -2.5
      vertex -34.5556 -12.3315 -2.5
    endloop
  endfacet
  facet normal -0.956951 -0.290248 0
    outer loop
      vertex -34.9239 -11.8827 -2.5
      vertex -34.9808 -11.6951 2.5
      vertex -34.9808 -11.6951 -2.5
    endloop
  endfacet
  facet normal -0.956951 -0.290248 0
    outer loop
      vertex -34.9808 -11.6951 2.5
      vertex -34.9239 -11.8827 -2.5
      vertex -34.9239 -11.8827 2.5
    endloop
  endfacet
  facet normal -0.881957 -0.471329 0
    outer loop
      vertex -34.8315 -12.0556 -2.5
      vertex -34.9239 -11.8827 2.5
      vertex -34.9239 -11.8827 -2.5
    endloop
  endfacet
  facet normal -0.881957 -0.471329 0
    outer loop
      vertex -34.9239 -11.8827 2.5
      vertex -34.8315 -12.0556 -2.5
      vertex -34.8315 -12.0556 2.5
    endloop
  endfacet
  facet normal 0.634598 0.772842 -0
    outer loop
      vertex 34.7071 12.2071 -2.5
      vertex 34.5556 12.3315 2.5
      vertex 34.7071 12.2071 2.5
    endloop
  endfacet
  facet normal 0.634598 0.772842 0
    outer loop
      vertex 34.5556 12.3315 2.5
      vertex 34.7071 12.2071 -2.5
      vertex 34.5556 12.3315 -2.5
    endloop
  endfacet
  facet normal -0.995193 -0.097938 0
    outer loop
      vertex -34.9808 -11.6951 -2.5
      vertex -35 -11.5 2.5
      vertex -35 -11.5 -2.5
    endloop
  endfacet
  facet normal -0.995193 -0.097938 0
    outer loop
      vertex -35 -11.5 2.5
      vertex -34.9808 -11.6951 -2.5
      vertex -34.9808 -11.6951 2.5
    endloop
  endfacet
  facet normal -0.097938 0.995193 0
    outer loop
      vertex -34 12.5 -2.5
      vertex -34.1951 12.4808 2.5
      vertex -34 12.5 2.5
    endloop
  endfacet
  facet normal -0.097938 0.995193 0
    outer loop
      vertex -34.1951 12.4808 2.5
      vertex -34 12.5 -2.5
      vertex -34.1951 12.4808 -2.5
    endloop
  endfacet
  facet normal 0.881957 -0.471329 0
    outer loop
      vertex 34.8315 -12.0556 2.5
      vertex 34.9239 -11.8827 -2.5
      vertex 34.9239 -11.8827 2.5
    endloop
  endfacet
  facet normal 0.881957 -0.471329 0
    outer loop
      vertex 34.9239 -11.8827 -2.5
      vertex 34.8315 -12.0556 2.5
      vertex 34.8315 -12.0556 -2.5
    endloop
  endfacet
  facet normal 0.772842 -0.634598 0
    outer loop
      vertex 34.7071 -12.2071 2.5
      vertex 34.8315 -12.0556 -2.5
      vertex 34.8315 -12.0556 2.5
    endloop
  endfacet
  facet normal 0.772842 -0.634598 0
    outer loop
      vertex 34.8315 -12.0556 -2.5
      vertex 34.7071 -12.2071 2.5
      vertex 34.7071 -12.2071 -2.5
    endloop
  endfacet
  facet normal 0.471329 0.881957 -0
    outer loop
      vertex 34.5556 12.3315 -2.5
      vertex 34.3827 12.4239 2.5
      vertex 34.5556 12.3315 2.5
    endloop
  endfacet
  facet normal 0.471329 0.881957 0
    outer loop
      vertex 34.3827 12.4239 2.5
      vertex 34.5556 12.3315 -2.5
      vertex 34.3827 12.4239 -2.5
    endloop
  endfacet
  facet normal 0.995193 -0.097938 0
    outer loop
      vertex 34.9808 -11.6951 2.5
      vertex 35 -11.5 -2.5
      vertex 35 -11.5 2.5
    endloop
  endfacet
  facet normal 0.995193 -0.097938 0
    outer loop
      vertex 35 -11.5 -2.5
      vertex 34.9808 -11.6951 2.5
      vertex 34.9808 -11.6951 -2.5
    endloop
  endfacet
  facet normal -0.634598 0.772842 0
    outer loop
      vertex -34.5556 12.3315 -2.5
      vertex -34.7071 12.2071 2.5
      vertex -34.5556 12.3315 2.5
    endloop
  endfacet
  facet normal -0.634598 0.772842 0
    outer loop
      vertex -34.7071 12.2071 2.5
      vertex -34.5556 12.3315 -2.5
      vertex -34.7071 12.2071 -2.5
    endloop
  endfacet
  facet normal 0 0 1
    outer loop
      vertex -20.1566 3.0529 2.5
      vertex -22.5735 3.0529 2.5
      vertex -22.5735 -0.918182 2.5
    endloop
  endfacet
  facet normal 0 0 1
    outer loop
      vertex -23.7005 3.0529 2.5
      vertex -24.9003 1.34631 2.5
      vertex -24.758 -0.483063 2.5
    endloop
  endfacet
  facet normal -0 0 1
    outer loop
      vertex -24.9427 1.14975 2.5
      vertex -24.758 -0.483063 2.5
      vertex -24.9003 1.34631 2.5
    endloop
  endfacet
  facet normal 0 0 1
    outer loop
      vertex -24.758 -0.483063 2.5
      vertex -24.9427 1.14975 2.5
      vertex -24.8862 -0.283447 2.5
    endloop
  endfacet
  facet normal -0 0 1
    outer loop
      vertex -25.0133 0.961838 2.5
      vertex -24.8862 -0.283447 2.5
      vertex -24.9427 1.14975 2.5
    endloop
  endfacet
  facet normal -0 0 1
    outer loop
      vertex -25.1121 0.782562 2.5
      vertex -24.8862 -0.283447 2.5
      vertex -25.0133 0.961838 2.5
    endloop
  endfacet
  facet normal 0 0 1
    outer loop
      vertex -24.8862 -0.283447 2.5
      vertex -25.1121 0.782562 2.5
      vertex -25.0485 -0.106216 2.5
    endloop
  endfacet
  facet normal -0 0 1
    outer loop
      vertex -25.235 0.61853 2.5
      vertex -25.0485 -0.106216 2.5
      vertex -25.1121 0.782562 2.5
    endloop
  endfacet
  facet normal 0 0 1
    outer loop
      vertex -25.235 0.61853 2.5
      vertex -25.2422 0.043045 2.5
      vertex -25.0485 -0.106216 2.5
    endloop
  endfacet
  facet normal -0 0 1
    outer loop
      vertex -25.378 0.476379 2.5
      vertex -25.2422 0.043045 2.5
      vertex -25.235 0.61853 2.5
    endloop
  endfacet
  facet normal 0 0 1
    outer loop
      vertex -25.378 0.476379 2.5
      vertex -25.4675 0.164337 2.5
      vertex -25.2422 0.043045 2.5
    endloop
  endfacet
  facet normal -0 0 1
    outer loop
      vertex -25.5412 0.356094 2.5
      vertex -25.4675 0.164337 2.5
      vertex -25.378 0.476379 2.5
    endloop
  endfacet
  facet normal 0 0 1
    outer loop
      vertex -25.4675 0.164337 2.5
      vertex -25.5412 0.356094 2.5
      vertex -25.7244 0.257675 2.5
    endloop
  endfacet
  facet normal 0 0 1
    outer loop
      vertex -20.0833 0.981934 2.5
      vertex -22.4961 -2.91187 2.5
      vertex -20.0833 -2.91187 2.5
    endloop
  endfacet
  facet normal 0 0 1
    outer loop
      vertex 34 12.5 2.5
      vertex 35 11.5 2.5
      vertex 34.9808 11.6951 2.5
    endloop
  endfacet
  facet normal 0 0 1
    outer loop
      vertex 35 11.5 2.5
      vertex 34 12.5 2.5
      vertex 35 -11.5 2.5
    endloop
  endfacet
  facet normal 0 0 1
    outer loop
      vertex 34 12.5 2.5
      vertex 34.9808 11.6951 2.5
      vertex 34.9239 11.8827 2.5
    endloop
  endfacet
  facet normal 0 0 1
    outer loop
      vertex 34 -12.5 2.5
      vertex 35 -11.5 2.5
      vertex 34 12.5 2.5
    endloop
  endfacet
  facet normal 0 0 1
    outer loop
      vertex 34 12.5 2.5
      vertex 34.9239 11.8827 2.5
      vertex 34.8315 12.0556 2.5
    endloop
  endfacet
  facet normal 0 0 1
    outer loop
      vertex 35 -11.5 2.5
      vertex 34 -12.5 2.5
      vertex 34.9808 -11.6951 2.5
    endloop
  endfacet
  facet normal 0 0 1
    outer loop
      vertex 34 12.5 2.5
      vertex 34.8315 12.0556 2.5
      vertex 34.7071 12.2071 2.5
    endloop
  endfacet
  facet normal 0 0 1
    outer loop
      vertex 34.9808 -11.6951 2.5
      vertex 34 -12.5 2.5
      vertex 34.9239 -11.8827 2.5
    endloop
  endfacet
  facet normal 0 0 1
    outer loop
      vertex 34 12.5 2.5
      vertex 34.7071 12.2071 2.5
      vertex 34.5556 12.3315 2.5
    endloop
  endfacet
  facet normal 0 0 1
    outer loop
      vertex 34.9239 -11.8827 2.5
      vertex 34 -12.5 2.5
      vertex 34.8315 -12.0556 2.5
    endloop
  endfacet
  facet normal 0 0 1
    outer loop
      vertex 34 12.5 2.5
      vertex 34.5556 12.3315 2.5
      vertex 34.3827 12.4239 2.5
    endloop
  endfacet
  facet normal 0 0 1
    outer loop
      vertex 34.8315 -12.0556 2.5
      vertex 34 -12.5 2.5
      vertex 34.7071 -12.2071 2.5
    endloop
  endfacet
  facet normal 0 0 1
    outer loop
      vertex 34 12.5 2.5
      vertex 34.3827 12.4239 2.5
      vertex 34.1951 12.4808 2.5
    endloop
  endfacet
  facet normal 0 0 1
    outer loop
      vertex 34.7071 -12.2071 2.5
      vertex 34 -12.5 2.5
      vertex 34.5556 -12.3315 2.5
    endloop
  endfacet
  facet normal 0 0 1
    outer loop
      vertex 34.5556 -12.3315 2.5
      vertex 34 -12.5 2.5
      vertex 34.3827 -12.4239 2.5
    endloop
  endfacet
  facet normal 0 0 1
    outer loop
      vertex 34.3827 -12.4239 2.5
      vertex 34 -12.5 2.5
      vertex 34.1951 -12.4808 2.5
    endloop
  endfacet
  facet normal 0 0 1
    outer loop
      vertex 34 12.5 2.5
      vertex -10.8554 -1.76857 2.5
      vertex 34 -12.5 2.5
    endloop
  endfacet
  facet normal -0 0 1
    outer loop
      vertex -13.1539 2.04182 2.5
      vertex -10.8554 -1.76857 2.5
      vertex 34 12.5 2.5
    endloop
  endfacet
  facet normal -0 0 1
    outer loop
      vertex -13.0399 -1.54591 2.5
      vertex -11.9987 -1.76857 2.5
      vertex -12.8834 -1.08907 2.5
    endloop
  endfacet
  facet normal -0 -0 1
    outer loop
      vertex -12.8834 -1.08907 2.5
      vertex -10.8554 -1.76857 2.5
      vertex -12.8996 1.40913 2.5
    endloop
  endfacet
  facet normal 0 0 1
    outer loop
      vertex -10.8554 -1.76857 2.5
      vertex -12.8834 -1.08907 2.5
      vertex -11.9987 -1.76857 2.5
    endloop
  endfacet
  facet normal 0 0 1
    outer loop
      vertex -10.8554 -1.76857 2.5
      vertex -13.0141 1.74634 2.5
      vertex -12.8996 1.40913 2.5
    endloop
  endfacet
  facet normal 0 0 1
    outer loop
      vertex -10.8554 -1.76857 2.5
      vertex -13.1539 2.04182 2.5
      vertex -13.0141 1.74634 2.5
    endloop
  endfacet
  facet normal 0 0 1
    outer loop
      vertex 34 12.5 2.5
      vertex -13.3192 2.29561 2.5
      vertex -13.1539 2.04182 2.5
    endloop
  endfacet
  facet normal 0 0 1
    outer loop
      vertex 34 12.5 2.5
      vertex -13.51 2.50768 2.5
      vertex -13.3192 2.29561 2.5
    endloop
  endfacet
  facet normal 0 0 1
    outer loop
      vertex 34 12.5 2.5
      vertex -13.8774 2.79071 2.5
      vertex -13.51 2.50768 2.5
    endloop
  endfacet
  facet normal 0 0 1
    outer loop
      vertex 34 12.5 2.5
      vertex -14.2962 2.99287 2.5
      vertex -13.8774 2.79071 2.5
    endloop
  endfacet
  facet normal 0 0 1
    outer loop
      vertex 34 12.5 2.5
      vertex -14.7664 3.11417 2.5
      vertex -14.2962 2.99287 2.5
    endloop
  endfacet
  facet normal -0 0 1
    outer loop
      vertex -34 12.5 2.5
      vertex -14.7664 3.11417 2.5
      vertex 34 12.5 2.5
    endloop
  endfacet
  facet normal 0 0 1
    outer loop
      vertex -14.7664 3.11417 2.5
      vertex -34 12.5 2.5
      vertex -15.288 3.1546 2.5
    endloop
  endfacet
  facet normal 0 0 1
    outer loop
      vertex -18.0311 0.720612 2.5
      vertex -18.9563 3.0529 2.5
      vertex -18.0791 0.0176239 2.5
    endloop
  endfacet
  facet normal 0 0 1
    outer loop
      vertex -17.8869 1.34045 2.5
      vertex -18.9563 3.0529 2.5
      vertex -18.0311 0.720612 2.5
    endloop
  endfacet
  facet normal 0 0 1
    outer loop
      vertex -17.6466 1.87714 2.5
      vertex -18.9563 3.0529 2.5
      vertex -17.8869 1.34045 2.5
    endloop
  endfacet
  facet normal 0 0 1
    outer loop
      vertex -17.3102 2.33067 2.5
      vertex -18.9563 3.0529 2.5
      vertex -17.6466 1.87714 2.5
    endloop
  endfacet
  facet normal 0 0 1
    outer loop
      vertex -16.8954 2.69115 2.5
      vertex -18.9563 3.0529 2.5
      vertex -17.3102 2.33067 2.5
    endloop
  endfacet
  facet normal 0 0 1
    outer loop
      vertex -16.4201 2.94862 2.5
      vertex -18.9563 3.0529 2.5
      vertex -16.8954 2.69115 2.5
    endloop
  endfacet
  facet normal 0 0 1
    outer loop
      vertex -15.8843 3.1031 2.5
      vertex -18.9563 3.0529 2.5
      vertex -16.4201 2.94862 2.5
    endloop
  endfacet
  facet normal 0 0 1
    outer loop
      vertex -15.288 3.1546 2.5
      vertex -34 12.5 2.5
      vertex -15.8843 3.1031 2.5
    endloop
  endfacet
  facet normal 0 0 1
    outer loop
      vertex -15.8843 3.1031 2.5
      vertex -34 12.5 2.5
      vertex -18.9563 3.0529 2.5
    endloop
  endfacet
  facet normal 0 0 1
    outer loop
      vertex -18.9563 3.0529 2.5
      vertex -34 12.5 2.5
      vertex -20.1566 3.0529 2.5
    endloop
  endfacet
  facet normal 0 0 1
    outer loop
      vertex -20.1566 3.0529 2.5
      vertex -34 12.5 2.5
      vertex -22.5735 3.0529 2.5
    endloop
  endfacet
  facet normal -0 0 1
    outer loop
      vertex -24.6116 -0.932678 2.5
      vertex -23.7005 -2.91187 2.5
      vertex -23.7005 3.0529 2.5
    endloop
  endfacet
  facet normal 0 0 1
    outer loop
      vertex -23.7005 -2.91187 2.5
      vertex -24.6116 -0.932678 2.5
      vertex -24.5933 -1.18266 2.5
    endloop
  endfacet
  facet normal 0 0 1
    outer loop
      vertex -23.7005 3.0529 2.5
      vertex -24.6665 -0.699478 2.5
      vertex -24.6116 -0.932678 2.5
    endloop
  endfacet
  facet normal 0 0 1
    outer loop
      vertex -23.7005 3.0529 2.5
      vertex -24.758 -0.483063 2.5
      vertex -24.6665 -0.699478 2.5
    endloop
  endfacet
  facet normal 0 0 1
    outer loop
      vertex -24.9003 1.34631 2.5
      vertex -23.7005 3.0529 2.5
      vertex -24.8862 1.55151 2.5
    endloop
  endfacet
  facet normal 0 0 1
    outer loop
      vertex -23.7005 3.0529 2.5
      vertex -24.8977 1.7401 2.5
      vertex -24.8862 1.55151 2.5
    endloop
  endfacet
  facet normal 0 0 1
    outer loop
      vertex -23.7005 3.0529 2.5
      vertex -24.932 1.91925 2.5
      vertex -24.8977 1.7401 2.5
    endloop
  endfacet
  facet normal 0 0 1
    outer loop
      vertex -23.7005 3.0529 2.5
      vertex -24.9892 2.089 2.5
      vertex -24.932 1.91925 2.5
    endloop
  endfacet
  facet normal 0 0 1
    outer loop
      vertex -23.7005 3.0529 2.5
      vertex -25.0694 2.24931 2.5
      vertex -24.9892 2.089 2.5
    endloop
  endfacet
  facet normal 0 0 1
    outer loop
      vertex -23.7005 3.0529 2.5
      vertex -25.1666 2.3972 2.5
      vertex -25.0694 2.24931 2.5
    endloop
  endfacet
  facet normal 0 0 1
    outer loop
      vertex -23.7005 3.0529 2.5
      vertex -25.2753 2.52956 2.5
      vertex -25.1666 2.3972 2.5
    endloop
  endfacet
  facet normal 0 0 1
    outer loop
      vertex -23.7005 3.0529 2.5
      vertex -25.3955 2.64641 2.5
      vertex -25.2753 2.52956 2.5
    endloop
  endfacet
  facet normal 0 0 1
    outer loop
      vertex -23.7005 3.0529 2.5
      vertex -25.5271 2.74774 2.5
      vertex -25.3955 2.64641 2.5
    endloop
  endfacet
  facet normal 0 0 1
    outer loop
      vertex -23.7005 3.0529 2.5
      vertex -25.669 2.83333 2.5
      vertex -25.5271 2.74774 2.5
    endloop
  endfacet
  facet normal 0 0 1
    outer loop
      vertex -22.5735 3.0529 2.5
      vertex -34 12.5 2.5
      vertex -23.7005 3.0529 2.5
    endloop
  endfacet
  facet normal 0 -0 1
    outer loop
      vertex -26.1496 2.99391 2.5
      vertex -23.7005 3.0529 2.5
      vertex -34 12.5 2.5
    endloop
  endfacet
  facet normal 0 0 1
    outer loop
      vertex -23.7005 3.0529 2.5
      vertex -25.82 2.90288 2.5
      vertex -25.669 2.83333 2.5
    endloop
  endfacet
  facet normal 0 0 1
    outer loop
      vertex -23.7005 3.0529 2.5
      vertex -25.9802 2.95642 2.5
      vertex -25.82 2.90288 2.5
    endloop
  endfacet
  facet normal 0 0 1
    outer loop
      vertex -23.7005 3.0529 2.5
      vertex -26.1496 2.99391 2.5
      vertex -25.9802 2.95642 2.5
    endloop
  endfacet
  facet normal 0 0 1
    outer loop
      vertex -26.1496 2.99391 2.5
      vertex -34 12.5 2.5
      vertex -26.346 3.01971 2.5
    endloop
  endfacet
  facet normal 0 0 1
    outer loop
      vertex -26.346 3.01971 2.5
      vertex -34 12.5 2.5
      vertex -26.5875 3.03815 2.5
    endloop
  endfacet
  facet normal 0 0 1
    outer loop
      vertex -26.5875 3.03815 2.5
      vertex -34 12.5 2.5
      vertex -26.8739 3.04921 2.5
    endloop
  endfacet
  facet normal 0 0 1
    outer loop
      vertex -26.8739 3.04921 2.5
      vertex -34 12.5 2.5
      vertex -27.2054 3.0529 2.5
    endloop
  endfacet
  facet normal -0 0 1
    outer loop
      vertex -35 11.5 2.5
      vertex -29.5897 3.0529 2.5
      vertex -34 12.5 2.5
    endloop
  endfacet
  facet normal 0 0 1
    outer loop
      vertex -27.2054 3.0529 2.5
      vertex -34 12.5 2.5
      vertex -29.5897 3.0529 2.5
    endloop
  endfacet
  facet normal -0 0 1
    outer loop
      vertex -10.8554 -2.91187 2.5
      vertex 34 -12.5 2.5
      vertex -10.8554 -1.76857 2.5
    endloop
  endfacet
  facet normal 0 0 1
    outer loop
      vertex -34 -12.5 2.5
      vertex -10.8554 -2.91187 2.5
      vertex -11.9987 -2.91187 2.5
    endloop
  endfacet
  facet normal 0 0 1
    outer loop
      vertex -13.2409 -1.93994 2.5
      vertex -11.9987 -1.76857 2.5
      vertex -13.0399 -1.54591 2.5
    endloop
  endfacet
  facet normal 0 0 1
    outer loop
      vertex -11.9987 -1.76857 2.5
      vertex -13.2409 -1.93994 2.5
      vertex -11.9987 -2.91187 2.5
    endloop
  endfacet
  facet normal -0 0 1
    outer loop
      vertex -13.4864 -2.27116 2.5
      vertex -11.9987 -2.91187 2.5
      vertex -13.2409 -1.93994 2.5
    endloop
  endfacet
  facet normal -0 0 1
    outer loop
      vertex -13.7765 -2.53957 2.5
      vertex -11.9987 -2.91187 2.5
      vertex -13.4864 -2.27116 2.5
    endloop
  endfacet
  facet normal -0 0 1
    outer loop
      vertex -14.1097 -2.74695 2.5
      vertex -11.9987 -2.91187 2.5
      vertex -13.7765 -2.53957 2.5
    endloop
  endfacet
  facet normal -0 0 1
    outer loop
      vertex -14.4849 -2.89507 2.5
      vertex -11.9987 -2.91187 2.5
      vertex -14.1097 -2.74695 2.5
    endloop
  endfacet
  facet normal 0 0 1
    outer loop
      vertex -14.9021 -2.98395 2.5
      vertex -11.9987 -2.91187 2.5
      vertex -14.4849 -2.89507 2.5
    endloop
  endfacet
  facet normal 0 0 1
    outer loop
      vertex -11.9987 -2.91187 2.5
      vertex -14.9021 -2.98395 2.5
      vertex -34 -12.5 2.5
    endloop
  endfacet
  facet normal 0 0 1
    outer loop
      vertex -34 -12.5 2.5
      vertex -14.9021 -2.98395 2.5
      vertex -15.3612 -3.01357 2.5
    endloop
  endfacet
  facet normal 0 0 1
    outer loop
      vertex -34 -12.5 2.5
      vertex -15.3612 -3.01357 2.5
      vertex -15.9288 -2.96284 2.5
    endloop
  endfacet
  facet normal 0 0 1
    outer loop
      vertex -18.9563 -2.91187 2.5
      vertex -18.0791 0.0176239 2.5
      vertex -18.9563 3.0529 2.5
    endloop
  endfacet
  facet normal 0 0 1
    outer loop
      vertex -18.0791 0.0176239 2.5
      vertex -18.9563 -2.91187 2.5
      vertex -18.0313 -0.649002 2.5
    endloop
  endfacet
  facet normal 0 0 1
    outer loop
      vertex -18.0313 -0.649002 2.5
      vertex -18.9563 -2.91187 2.5
      vertex -17.8879 -1.24113 2.5
    endloop
  endfacet
  facet normal 0 0 1
    outer loop
      vertex -18.9563 -2.91187 2.5
      vertex -17.6489 -1.75876 2.5
      vertex -17.8879 -1.24113 2.5
    endloop
  endfacet
  facet normal 0 0 1
    outer loop
      vertex -18.9563 -2.91187 2.5
      vertex -17.3143 -2.20189 2.5
      vertex -17.6489 -1.75876 2.5
    endloop
  endfacet
  facet normal 0 0 1
    outer loop
      vertex -18.9563 -2.91187 2.5
      vertex -16.9053 -2.55699 2.5
      vertex -17.3143 -2.20189 2.5
    endloop
  endfacet
  facet normal 0 0 1
    outer loop
      vertex -18.9563 -2.91187 2.5
      vertex -16.4435 -2.81065 2.5
      vertex -16.9053 -2.55699 2.5
    endloop
  endfacet
  facet normal -0 0 1
    outer loop
      vertex -18.9563 -2.91187 2.5
      vertex -15.9288 -2.96284 2.5
      vertex -16.4435 -2.81065 2.5
    endloop
  endfacet
  facet normal 0 0 1
    outer loop
      vertex -34 -12.5 2.5
      vertex -15.9288 -2.96284 2.5
      vertex -18.9563 -2.91187 2.5
    endloop
  endfacet
  facet normal 0 0 1
    outer loop
      vertex -34 -12.5 2.5
      vertex -18.9563 -2.91187 2.5
      vertex -20.0833 -2.91187 2.5
    endloop
  endfacet
  facet normal 0 0 1
    outer loop
      vertex -34 -12.5 2.5
      vertex -20.0833 -2.91187 2.5
      vertex -22.4961 -2.91187 2.5
    endloop
  endfacet
  facet normal 0 0 1
    outer loop
      vertex -34 -12.5 2.5
      vertex -22.4961 -2.91187 2.5
      vertex -23.7005 -2.91187 2.5
    endloop
  endfacet
  facet normal -0 0 1
    outer loop
      vertex -24.6051 -1.3847 2.5
      vertex -23.7005 -2.91187 2.5
      vertex -24.5933 -1.18266 2.5
    endloop
  endfacet
  facet normal -0 0 1
    outer loop
      vertex -24.6406 -1.58394 2.5
      vertex -23.7005 -2.91187 2.5
      vertex -24.6051 -1.3847 2.5
    endloop
  endfacet
  facet normal -0 0 1
    outer loop
      vertex -24.6997 -1.78036 2.5
      vertex -23.7005 -2.91187 2.5
      vertex -24.6406 -1.58394 2.5
    endloop
  endfacet
  facet normal -0 0 1
    outer loop
      vertex -24.7825 -1.97401 2.5
      vertex -23.7005 -2.91187 2.5
      vertex -24.6997 -1.78036 2.5
    endloop
  endfacet
  facet normal -0 0 1
    outer loop
      vertex -24.8857 -2.15659 2.5
      vertex -23.7005 -2.91187 2.5
      vertex -24.7825 -1.97401 2.5
    endloop
  endfacet
  facet normal -0 0 1
    outer loop
      vertex -25.0063 -2.31985 2.5
      vertex -23.7005 -2.91187 2.5
      vertex -24.8857 -2.15659 2.5
    endloop
  endfacet
  facet normal -0 0 1
    outer loop
      vertex -25.1441 -2.46379 2.5
      vertex -23.7005 -2.91187 2.5
      vertex -25.0063 -2.31985 2.5
    endloop
  endfacet
  facet normal -0 0 1
    outer loop
      vertex -25.2992 -2.58841 2.5
      vertex -23.7005 -2.91187 2.5
      vertex -25.1441 -2.46379 2.5
    endloop
  endfacet
  facet normal -0 0 1
    outer loop
      vertex -25.4725 -2.69228 2.5
      vertex -23.7005 -2.91187 2.5
      vertex -25.2992 -2.58841 2.5
    endloop
  endfacet
  facet normal -0 0 1
    outer loop
      vertex -25.6649 -2.77403 2.5
      vertex -23.7005 -2.91187 2.5
      vertex -25.4725 -2.69228 2.5
    endloop
  endfacet
  facet normal -0 0 1
    outer loop
      vertex -25.8763 -2.83366 2.5
      vertex -23.7005 -2.91187 2.5
      vertex -25.6649 -2.77403 2.5
    endloop
  endfacet
  facet normal -0 0 1
    outer loop
      vertex -26.1069 -2.87119 2.5
      vertex -23.7005 -2.91187 2.5
      vertex -25.8763 -2.83366 2.5
    endloop
  endfacet
  facet normal 0 0 1
    outer loop
      vertex -23.7005 -2.91187 2.5
      vertex -26.1069 -2.87119 2.5
      vertex -34 -12.5 2.5
    endloop
  endfacet
  facet normal 0 0 1
    outer loop
      vertex -34 -12.5 2.5
      vertex -26.1069 -2.87119 2.5
      vertex -26.3106 -2.88593 2.5
    endloop
  endfacet
  facet normal 0 0 1
    outer loop
      vertex -34 -12.5 2.5
      vertex -26.3106 -2.88593 2.5
      vertex -26.6205 -2.89761 2.5
    endloop
  endfacet
  facet normal 0 0 1
    outer loop
      vertex -34 -12.5 2.5
      vertex -26.6205 -2.89761 2.5
      vertex -27.0368 -2.90627 2.5
    endloop
  endfacet
  facet normal 0 0 1
    outer loop
      vertex -34 -12.5 2.5
      vertex -27.0368 -2.90627 2.5
      vertex -27.5594 -2.91187 2.5
    endloop
  endfacet
  facet normal 0 0 1
    outer loop
      vertex -34 -12.5 2.5
      vertex -27.5594 -2.91187 2.5
      vertex -29.5897 -2.91187 2.5
    endloop
  endfacet
  facet normal 0 0 1
    outer loop
      vertex -10.8554 -2.91187 2.5
      vertex -34 -12.5 2.5
      vertex 34 -12.5 2.5
    endloop
  endfacet
  facet normal 0 0 1
    outer loop
      vertex -29.5897 3.0529 2.5
      vertex -35 11.5 2.5
      vertex -29.5897 -2.91187 2.5
    endloop
  endfacet
  facet normal 0 0 1
    outer loop
      vertex -35 11.5 2.5
      vertex -34 12.5 2.5
      vertex -34.1951 12.4808 2.5
    endloop
  endfacet
  facet normal 0 0 1
    outer loop
      vertex -35 -11.5 2.5
      vertex -29.5897 -2.91187 2.5
      vertex -35 11.5 2.5
    endloop
  endfacet
  facet normal 0 0 1
    outer loop
      vertex -35 11.5 2.5
      vertex -34.1951 12.4808 2.5
      vertex -34.3827 12.4239 2.5
    endloop
  endfacet
  facet normal 0 0 1
    outer loop
      vertex -29.5897 -2.91187 2.5
      vertex -35 -11.5 2.5
      vertex -34 -12.5 2.5
    endloop
  endfacet
  facet normal 0 0 1
    outer loop
      vertex -35 11.5 2.5
      vertex -34.3827 12.4239 2.5
      vertex -34.5556 12.3315 2.5
    endloop
  endfacet
  facet normal 0 0 1
    outer loop
      vertex -34 -12.5 2.5
      vertex -35 -11.5 2.5
      vertex -34.1951 -12.4808 2.5
    endloop
  endfacet
  facet normal 0 0 1
    outer loop
      vertex -35 11.5 2.5
      vertex -34.5556 12.3315 2.5
      vertex -34.7071 12.2071 2.5
    endloop
  endfacet
  facet normal 0 0 1
    outer loop
      vertex -34.1951 -12.4808 2.5
      vertex -35 -11.5 2.5
      vertex -34.3827 -12.4239 2.5
    endloop
  endfacet
  facet normal 0 0 1
    outer loop
      vertex -35 11.5 2.5
      vertex -34.7071 12.2071 2.5
      vertex -34.8315 12.0556 2.5
    endloop
  endfacet
  facet normal 0 0 1
    outer loop
      vertex -34.3827 -12.4239 2.5
      vertex -35 -11.5 2.5
      vertex -34.5556 -12.3315 2.5
    endloop
  endfacet
  facet normal 0 0 1
    outer loop
      vertex -35 11.5 2.5
      vertex -34.8315 12.0556 2.5
      vertex -34.9239 11.8827 2.5
    endloop
  endfacet
  facet normal 0 0 1
    outer loop
      vertex -34.5556 -12.3315 2.5
      vertex -35 -11.5 2.5
      vertex -34.7071 -12.2071 2.5
    endloop
  endfacet
  facet normal 0 0 1
    outer loop
      vertex -35 11.5 2.5
      vertex -34.9239 11.8827 2.5
      vertex -34.9808 11.6951 2.5
    endloop
  endfacet
  facet normal 0 0 1
    outer loop
      vertex -34.7071 -12.2071 2.5
      vertex -35 -11.5 2.5
      vertex -34.8315 -12.0556 2.5
    endloop
  endfacet
  facet normal 0 0 1
    outer loop
      vertex -34.8315 -12.0556 2.5
      vertex -35 -11.5 2.5
      vertex -34.9239 -11.8827 2.5
    endloop
  endfacet
  facet normal 0 0 1
    outer loop
      vertex -34.9239 -11.8827 2.5
      vertex -35 -11.5 2.5
      vertex -34.9808 -11.6951 2.5
    endloop
  endfacet
  facet normal 0 0 1
    outer loop
      vertex -12.8996 1.40913 2.5
      vertex -14.0511 -0.718811 2.5
      vertex -12.8834 -1.08907 2.5
    endloop
  endfacet
  facet normal -0 0 1
    outer loop
      vertex -14.0918 1.12431 2.5
      vertex -14.0511 -0.718811 2.5
      vertex -12.8996 1.40913 2.5
    endloop
  endfacet
  facet normal -0 0 1
    outer loop
      vertex -16.8382 0.107132 2.5
      vertex -14.0511 -0.718811 2.5
      vertex -14.0918 1.12431 2.5
    endloop
  endfacet
  facet normal 0 0 1
    outer loop
      vertex -15.349 2.12524 2.5
      vertex -14.0918 1.12431 2.5
      vertex -14.159 1.34404 2.5
    endloop
  endfacet
  facet normal -0 -0 1
    outer loop
      vertex -16.8127 -0.417725 2.5
      vertex -14.0511 -0.718811 2.5
      vertex -16.8382 0.107132 2.5
    endloop
  endfacet
  facet normal 0 0 1
    outer loop
      vertex -15.118 2.10846 2.5
      vertex -14.159 1.34404 2.5
      vertex -14.255 1.53934 2.5
    endloop
  endfacet
  facet normal 0 0 1
    outer loop
      vertex -15.118 2.10846 2.5
      vertex -14.255 1.53934 2.5
      vertex -14.3798 1.71022 2.5
    endloop
  endfacet
  facet normal 0 -0 1
    outer loop
      vertex -16.7364 -0.861221 2.5
      vertex -14.0511 -0.718811 2.5
      vertex -16.8127 -0.417725 2.5
    endloop
  endfacet
  facet normal 0 0 1
    outer loop
      vertex -15.118 2.10846 2.5
      vertex -14.3798 1.71022 2.5
      vertex -14.5333 1.85667 2.5
    endloop
  endfacet
  facet normal 0 0 1
    outer loop
      vertex -14.0511 -0.718811 2.5
      vertex -16.7364 -0.861221 2.5
      vertex -14.1386 -1.02448 2.5
    endloop
  endfacet
  facet normal 0 0 1
    outer loop
      vertex -15.118 2.10846 2.5
      vertex -14.5333 1.85667 2.5
      vertex -14.7101 1.97417 2.5
    endloop
  endfacet
  facet normal 0 -0 1
    outer loop
      vertex -16.6093 -1.22334 2.5
      vertex -14.1386 -1.02448 2.5
      vertex -16.7364 -0.861221 2.5
    endloop
  endfacet
  facet normal 0 0 1
    outer loop
      vertex -15.118 2.10846 2.5
      vertex -14.7101 1.97417 2.5
      vertex -14.905 2.05809 2.5
    endloop
  endfacet
  facet normal 0 0 1
    outer loop
      vertex -14.1386 -1.02448 2.5
      vertex -16.6093 -1.22334 2.5
      vertex -14.2505 -1.28641 2.5
    endloop
  endfacet
  facet normal 0 0 1
    outer loop
      vertex -14.159 1.34404 2.5
      vertex -15.118 2.10846 2.5
      vertex -15.349 2.12524 2.5
    endloop
  endfacet
  facet normal 0 -0 1
    outer loop
      vertex -15.6837 -1.95419 2.5
      vertex -14.2505 -1.28641 2.5
      vertex -16.6093 -1.22334 2.5
    endloop
  endfacet
  facet normal -0 0 1
    outer loop
      vertex -15.665 2.09549 2.5
      vertex -14.0918 1.12431 2.5
      vertex -15.349 2.12524 2.5
    endloop
  endfacet
  facet normal 0 0 1
    outer loop
      vertex -14.2505 -1.28641 2.5
      vertex -15.3734 -1.98421 2.5
      vertex -14.3868 -1.50459 2.5
    endloop
  endfacet
  facet normal 0 0 1
    outer loop
      vertex -14.0918 1.12431 2.5
      vertex -15.665 2.09549 2.5
      vertex -16.6059 1.3743 2.5
    endloop
  endfacet
  facet normal 0 0 1
    outer loop
      vertex -14.3868 -1.50459 2.5
      vertex -15.3734 -1.98421 2.5
      vertex -14.5475 -1.67905 2.5
    endloop
  endfacet
  facet normal 0 0 1
    outer loop
      vertex -16.6059 1.3743 2.5
      vertex -15.665 2.09549 2.5
      vertex -15.9496 2.00623 2.5
    endloop
  endfacet
  facet normal 0 0 1
    outer loop
      vertex -14.5475 -1.67905 2.5
      vertex -15.3734 -1.98421 2.5
      vertex -14.7288 -1.81256 2.5
    endloop
  endfacet
  facet normal 0 0 1
    outer loop
      vertex -16.6059 1.3743 2.5
      vertex -15.9496 2.00623 2.5
      vertex -16.2031 1.85747 2.5
    endloop
  endfacet
  facet normal 0 0 1
    outer loop
      vertex -14.7288 -1.81256 2.5
      vertex -15.1418 -1.96513 2.5
      vertex -14.9269 -1.90791 2.5
    endloop
  endfacet
  facet normal 0 0 1
    outer loop
      vertex -16.6059 1.3743 2.5
      vertex -16.2031 1.85747 2.5
      vertex -16.4252 1.6492 2.5
    endloop
  endfacet
  facet normal 0 -0 1
    outer loop
      vertex -15.1418 -1.96513 2.5
      vertex -14.7288 -1.81256 2.5
      vertex -15.3734 -1.98421 2.5
    endloop
  endfacet
  facet normal 0 0 1
    outer loop
      vertex -14.0918 1.12431 2.5
      vertex -16.6059 1.3743 2.5
      vertex -16.7349 1.02567 2.5
    endloop
  endfacet
  facet normal 0 0 1
    outer loop
      vertex -14.2505 -1.28641 2.5
      vertex -15.6837 -1.95419 2.5
      vertex -15.3734 -1.98421 2.5
    endloop
  endfacet
  facet normal 0 0 1
    outer loop
      vertex -14.0918 1.12431 2.5
      vertex -16.7349 1.02567 2.5
      vertex -16.8124 0.603271 2.5
    endloop
  endfacet
  facet normal 0 0 1
    outer loop
      vertex -15.6837 -1.95419 2.5
      vertex -16.6093 -1.22334 2.5
      vertex -15.9634 -1.86418 2.5
    endloop
  endfacet
  facet normal 0 0 1
    outer loop
      vertex -14.0918 1.12431 2.5
      vertex -16.8124 0.603271 2.5
      vertex -16.8382 0.107132 2.5
    endloop
  endfacet
  facet normal 0 0 1
    outer loop
      vertex -15.9634 -1.86418 2.5
      vertex -16.6093 -1.22334 2.5
      vertex -16.2126 -1.71414 2.5
    endloop
  endfacet
  facet normal 0 0 1
    outer loop
      vertex -16.2126 -1.71414 2.5
      vertex -16.6093 -1.22334 2.5
      vertex -16.4313 -1.50409 2.5
    endloop
  endfacet
  facet normal 0 0 1
    outer loop
      vertex -26.523 2.01297 2.5
      vertex -26.058 1.38063 2.5
      vertex -26.0676 1.51248 2.5
    endloop
  endfacet
  facet normal 0 0 1
    outer loop
      vertex -26.523 2.01297 2.5
      vertex -26.0676 1.51248 2.5
      vertex -26.0962 1.63136 2.5
    endloop
  endfacet
  facet normal 0 0 1
    outer loop
      vertex -26.6643 2.03979 2.5
      vertex -26.058 1.38063 2.5
      vertex -26.523 2.01297 2.5
    endloop
  endfacet
  facet normal 0 0 1
    outer loop
      vertex -26.4003 1.9691 2.5
      vertex -26.0962 1.63136 2.5
      vertex -26.1438 1.73727 2.5
    endloop
  endfacet
  facet normal 0 0 1
    outer loop
      vertex -26.058 1.38063 2.5
      vertex -26.4451 0.772903 2.5
      vertex -26.0691 1.24321 2.5
    endloop
  endfacet
  facet normal 0 0 1
    outer loop
      vertex -26.4003 1.9691 2.5
      vertex -26.1438 1.73727 2.5
      vertex -26.2106 1.83022 2.5
    endloop
  endfacet
  facet normal 0 0 1
    outer loop
      vertex -26.0962 1.63136 2.5
      vertex -26.4003 1.9691 2.5
      vertex -26.523 2.01297 2.5
    endloop
  endfacet
  facet normal 0 0 1
    outer loop
      vertex -26.4003 1.9691 2.5
      vertex -26.2106 1.83022 2.5
      vertex -26.2962 1.90819 2.5
    endloop
  endfacet
  facet normal 0 -0 1
    outer loop
      vertex -26.3318 0.835068 2.5
      vertex -26.0691 1.24321 2.5
      vertex -26.4451 0.772903 2.5
    endloop
  endfacet
  facet normal 0 -0 1
    outer loop
      vertex -26.235 0.914795 2.5
      vertex -26.1023 1.11975 2.5
      vertex -26.3318 0.835068 2.5
    endloop
  endfacet
  facet normal 0 0 1
    outer loop
      vertex -26.1023 1.11975 2.5
      vertex -26.235 0.914795 2.5
      vertex -26.1576 1.01028 2.5
    endloop
  endfacet
  facet normal 0 0 1
    outer loop
      vertex -26.0691 1.24321 2.5
      vertex -26.3318 0.835068 2.5
      vertex -26.1023 1.11975 2.5
    endloop
  endfacet
  facet normal 0 0 1
    outer loop
      vertex -26.058 1.38063 2.5
      vertex -26.6643 2.03979 2.5
      vertex -26.4451 0.772903 2.5
    endloop
  endfacet
  facet normal 0 0 1
    outer loop
      vertex -26.4451 0.772903 2.5
      vertex -26.6643 2.03979 2.5
      vertex -26.5749 0.728271 2.5
    endloop
  endfacet
  facet normal 0 0 1
    outer loop
      vertex -26.6643 2.03979 2.5
      vertex -26.7212 0.701202 2.5
      vertex -26.5749 0.728271 2.5
    endloop
  endfacet
  facet normal 0 0 1
    outer loop
      vertex -26.7957 2.04869 2.5
      vertex -26.7212 0.701202 2.5
      vertex -26.6643 2.03979 2.5
    endloop
  endfacet
  facet normal 0 0 1
    outer loop
      vertex -26.7957 2.04869 2.5
      vertex -26.84 0.692276 2.5
      vertex -26.7212 0.701202 2.5
    endloop
  endfacet
  facet normal 0 0 1
    outer loop
      vertex -27.0111 2.05505 2.5
      vertex -26.84 0.692276 2.5
      vertex -26.7957 2.04869 2.5
    endloop
  endfacet
  facet normal 0 0 1
    outer loop
      vertex -27.0111 2.05505 2.5
      vertex -27.0253 0.685898 2.5
      vertex -26.84 0.692276 2.5
    endloop
  endfacet
  facet normal 0 0 1
    outer loop
      vertex -27.0111 2.05505 2.5
      vertex -27.2774 0.682068 2.5
      vertex -27.0253 0.685898 2.5
    endloop
  endfacet
  facet normal 0 0 1
    outer loop
      vertex -27.3104 2.05887 2.5
      vertex -27.2774 0.682068 2.5
      vertex -27.0111 2.05505 2.5
    endloop
  endfacet
  facet normal 0 0 1
    outer loop
      vertex -27.3104 2.05887 2.5
      vertex -27.596 0.680801 2.5
      vertex -27.2774 0.682068 2.5
    endloop
  endfacet
  facet normal 0 0 1
    outer loop
      vertex -27.6936 2.06013 2.5
      vertex -27.596 0.680801 2.5
      vertex -27.3104 2.05887 2.5
    endloop
  endfacet
  facet normal 0 0 1
    outer loop
      vertex -28.3854 0.680801 2.5
      vertex -27.6936 2.06013 2.5
      vertex -28.3854 2.06013 2.5
    endloop
  endfacet
  facet normal 0 0 1
    outer loop
      vertex -27.6936 2.06013 2.5
      vertex -28.3854 0.680801 2.5
      vertex -27.596 0.680801 2.5
    endloop
  endfacet
  facet normal 0 0 1
    outer loop
      vertex -26.3449 -0.397385 2.5
      vertex -25.8383 -1.12567 2.5
      vertex -25.8464 -0.996506 2.5
    endloop
  endfacet
  facet normal 0 0 1
    outer loop
      vertex -26.2291 -0.446472 2.5
      vertex -25.8464 -0.996506 2.5
      vertex -25.8709 -0.877502 2.5
    endloop
  endfacet
  facet normal 0 0 1
    outer loop
      vertex -25.8383 -1.12567 2.5
      vertex -26.4446 -1.87027 2.5
      vertex -25.8489 -1.27635 2.5
    endloop
  endfacet
  facet normal 0 0 1
    outer loop
      vertex -26.2291 -0.446472 2.5
      vertex -25.8709 -0.877502 2.5
      vertex -25.9115 -0.768677 2.5
    endloop
  endfacet
  facet normal 0 -0 1
    outer loop
      vertex -26.3165 -1.83708 2.5
      vertex -25.8489 -1.27635 2.5
      vertex -26.4446 -1.87027 2.5
    endloop
  endfacet
  facet normal 0 0 1
    outer loop
      vertex -26.2291 -0.446472 2.5
      vertex -25.9115 -0.768677 2.5
      vertex -25.9685 -0.670029 2.5
    endloop
  endfacet
  facet normal 0 0 1
    outer loop
      vertex -25.8489 -1.27635 2.5
      vertex -26.2009 -1.78635 2.5
      vertex -25.8805 -1.41101 2.5
    endloop
  endfacet
  facet normal 0 0 1
    outer loop
      vertex -26.1277 -0.50827 2.5
      vertex -25.9685 -0.670029 2.5
      vertex -26.0409 -0.582794 2.5
    endloop
  endfacet
  facet normal 0 0 1
    outer loop
      vertex -25.9333 -1.52965 2.5
      vertex -26.0978 -1.71806 2.5
      vertex -26.0071 -1.63225 2.5
    endloop
  endfacet
  facet normal 0 0 1
    outer loop
      vertex -26.2291 -0.446472 2.5
      vertex -25.9685 -0.670029 2.5
      vertex -26.1277 -0.50827 2.5
    endloop
  endfacet
  facet normal 0 0 1
    outer loop
      vertex -25.8805 -1.41101 2.5
      vertex -26.0978 -1.71806 2.5
      vertex -25.9333 -1.52965 2.5
    endloop
  endfacet
  facet normal 0 0 1
    outer loop
      vertex -25.8464 -0.996506 2.5
      vertex -26.2291 -0.446472 2.5
      vertex -26.3449 -0.397385 2.5
    endloop
  endfacet
  facet normal 0 -0 1
    outer loop
      vertex -26.0978 -1.71806 2.5
      vertex -25.8805 -1.41101 2.5
      vertex -26.2009 -1.78635 2.5
    endloop
  endfacet
  facet normal 0 0 1
    outer loop
      vertex -25.8383 -1.12567 2.5
      vertex -26.3449 -0.397385 2.5
      vertex -26.4446 -1.87027 2.5
    endloop
  endfacet
  facet normal 0 -0 1
    outer loop
      vertex -26.2009 -1.78635 2.5
      vertex -25.8489 -1.27635 2.5
      vertex -26.3165 -1.83708 2.5
    endloop
  endfacet
  facet normal 0 0 1
    outer loop
      vertex -26.5039 -0.360001 2.5
      vertex -26.4446 -1.87027 2.5
      vertex -26.3449 -0.397385 2.5
    endloop
  endfacet
  facet normal 0 0 1
    outer loop
      vertex -26.5039 -0.360001 2.5
      vertex -26.5618 -1.88628 2.5
      vertex -26.4446 -1.87027 2.5
    endloop
  endfacet
  facet normal 0 0 1
    outer loop
      vertex -26.7385 -1.89772 2.5
      vertex -26.5039 -0.360001 2.5
      vertex -26.7349 -0.333313 2.5
    endloop
  endfacet
  facet normal 0 0 1
    outer loop
      vertex -26.5039 -0.360001 2.5
      vertex -26.7385 -1.89772 2.5
      vertex -26.5618 -1.88628 2.5
    endloop
  endfacet
  facet normal 0 0 1
    outer loop
      vertex -26.7349 -0.333313 2.5
      vertex -26.9748 -1.90459 2.5
      vertex -26.7385 -1.89772 2.5
    endloop
  endfacet
  facet normal 0 0 1
    outer loop
      vertex -27.0379 -0.317291 2.5
      vertex -26.9748 -1.90459 2.5
      vertex -26.7349 -0.333313 2.5
    endloop
  endfacet
  facet normal 0 0 1
    outer loop
      vertex -27.0379 -0.317291 2.5
      vertex -27.2705 -1.90686 2.5
      vertex -26.9748 -1.90459 2.5
    endloop
  endfacet
  facet normal 0 0 1
    outer loop
      vertex -27.4129 -0.311951 2.5
      vertex -27.2705 -1.90686 2.5
      vertex -27.0379 -0.317291 2.5
    endloop
  endfacet
  facet normal 0 0 1
    outer loop
      vertex -28.3854 -1.90686 2.5
      vertex -27.4129 -0.311951 2.5
      vertex -28.3854 -0.311951 2.5
    endloop
  endfacet
  facet normal 0 0 1
    outer loop
      vertex -27.4129 -0.311951 2.5
      vertex -28.3854 -1.90686 2.5
      vertex -27.2705 -1.90686 2.5
    endloop
  endfacet
  facet normal -0 0 -1
    outer loop
      vertex 4.3 0 -2.5
      vertex 2.641 -0.561361 -2.5
      vertex 2.7 0 -2.5
    endloop
  endfacet
  facet normal 0 0 -1
    outer loop
      vertex 1.80665 -2.00649 -2.5
      vertex 5.19762 -2.76259 -2.5
      vertex 2.14122 -5.12194 -2.5
    endloop
  endfacet
  facet normal 0 0 -1
    outer loop
      vertex 4.70634 -1.91166 -2.5
      vertex 2.46657 -1.09819 -2.5
      vertex 2.641 -0.561361 -2.5
    endloop
  endfacet
  facet normal 0 0 -1
    outer loop
      vertex 4.70634 -1.91166 -2.5
      vertex 2.18435 -1.58702 -2.5
      vertex 2.46657 -1.09819 -2.5
    endloop
  endfacet
  facet normal 0 0 -1
    outer loop
      vertex 5.19762 -2.76259 -2.5
      vertex 1.80665 -2.00649 -2.5
      vertex 4.70634 -1.91166 -2.5
    endloop
  endfacet
  facet normal -0 0 -1
    outer loop
      vertex 4.70634 -1.91166 -2.5
      vertex 1.80665 -2.00649 -2.5
      vertex 2.18435 -1.58702 -2.5
    endloop
  endfacet
  facet normal 0 0 -1
    outer loop
      vertex 1.6 -4.72872 -2.5
      vertex 1.80665 -2.00649 -2.5
      vertex 2.14122 -5.12194 -2.5
    endloop
  endfacet
  facet normal 0 0 -1
    outer loop
      vertex 1.6 -4.72872 -2.5
      vertex 1.35 -2.33827 -2.5
      vertex 1.80665 -2.00649 -2.5
    endloop
  endfacet
  facet normal 0 0 -1
    outer loop
      vertex 0.988853 -4.45662 -2.5
      vertex 1.35 -2.33827 -2.5
      vertex 1.6 -4.72872 -2.5
    endloop
  endfacet
  facet normal 0 0 -1
    outer loop
      vertex 0.988853 -4.45662 -2.5
      vertex 0.834346 -2.56785 -2.5
      vertex 1.35 -2.33827 -2.5
    endloop
  endfacet
  facet normal 0 0 -1
    outer loop
      vertex 0.334491 -4.31753 -2.5
      vertex 0.834346 -2.56785 -2.5
      vertex 0.988853 -4.45662 -2.5
    endloop
  endfacet
  facet normal 0 0 -1
    outer loop
      vertex 0.334491 -4.31753 -2.5
      vertex 0.282227 -2.68521 -2.5
      vertex 0.834346 -2.56785 -2.5
    endloop
  endfacet
  facet normal 0 0 -1
    outer loop
      vertex 0.334491 -4.31753 -2.5
      vertex -0.282227 -2.68521 -2.5
      vertex 0.282227 -2.68521 -2.5
    endloop
  endfacet
  facet normal 0 0 -1
    outer loop
      vertex -0.334491 -4.31753 -2.5
      vertex -0.282227 -2.68521 -2.5
      vertex 0.334491 -4.31753 -2.5
    endloop
  endfacet
  facet normal 0 0 -1
    outer loop
      vertex -0.334491 -4.31753 -2.5
      vertex -0.834346 -2.56785 -2.5
      vertex -0.282227 -2.68521 -2.5
    endloop
  endfacet
  facet normal 0 0 -1
    outer loop
      vertex -0.988853 -4.45662 -2.5
      vertex -0.834346 -2.56785 -2.5
      vertex -0.334491 -4.31753 -2.5
    endloop
  endfacet
  facet normal 0 0 -1
    outer loop
      vertex -0.988853 -4.45662 -2.5
      vertex -1.35 -2.33827 -2.5
      vertex -0.834346 -2.56785 -2.5
    endloop
  endfacet
  facet normal 0 0 -1
    outer loop
      vertex -1.6 -4.72872 -2.5
      vertex -1.35 -2.33827 -2.5
      vertex -0.988853 -4.45662 -2.5
    endloop
  endfacet
  facet normal 0 0 -1
    outer loop
      vertex -1.6 -4.72872 -2.5
      vertex -1.80665 -2.00649 -2.5
      vertex -1.35 -2.33827 -2.5
    endloop
  endfacet
  facet normal 0 0 -1
    outer loop
      vertex -2.14122 -5.12194 -2.5
      vertex -1.80665 -2.00649 -2.5
      vertex -1.6 -4.72872 -2.5
    endloop
  endfacet
  facet normal 0 0 -1
    outer loop
      vertex -2.14122 -5.12194 -2.5
      vertex -2.18435 -1.58702 -2.5
      vertex -1.80665 -2.00649 -2.5
    endloop
  endfacet
  facet normal 0 0 -1
    outer loop
      vertex -2.58885 -5.61909 -2.5
      vertex -2.18435 -1.58702 -2.5
      vertex -2.14122 -5.12194 -2.5
    endloop
  endfacet
  facet normal -0 0 -1
    outer loop
      vertex -2.18435 -1.58702 -2.5
      vertex -2.58885 -5.61909 -2.5
      vertex -2.46657 -1.09819 -2.5
    endloop
  endfacet
  facet normal 0 0 -1
    outer loop
      vertex -2.92334 -6.19844 -2.5
      vertex -2.46657 -1.09819 -2.5
      vertex -2.58885 -5.61909 -2.5
    endloop
  endfacet
  facet normal -0 0 -1
    outer loop
      vertex -2.46657 -1.09819 -2.5
      vertex -2.92334 -6.19844 -2.5
      vertex -2.641 -0.561361 -2.5
    endloop
  endfacet
  facet normal 0 0 -1
    outer loop
      vertex -3.13007 -6.83468 -2.5
      vertex -2.641 -0.561361 -2.5
      vertex -2.92334 -6.19844 -2.5
    endloop
  endfacet
  facet normal 0 0 -1
    outer loop
      vertex 34 -12.5 -2.5
      vertex 35 -11.5 -2.5
      vertex 34.9808 -11.6951 -2.5
    endloop
  endfacet
  facet normal 0 0 -1
    outer loop
      vertex 35 -11.5 -2.5
      vertex 13.7 0 -2.5
      vertex 35 11.5 -2.5
    endloop
  endfacet
  facet normal 0 0 -1
    outer loop
      vertex 34 -12.5 -2.5
      vertex 34.9808 -11.6951 -2.5
      vertex 34.9239 -11.8827 -2.5
    endloop
  endfacet
  facet normal 0 0 -1
    outer loop
      vertex 13.5973 0.977184 -2.5
      vertex 35 11.5 -2.5
      vertex 13.7 0 -2.5
    endloop
  endfacet
  facet normal 0 0 -1
    outer loop
      vertex 34 -12.5 -2.5
      vertex 34.9239 -11.8827 -2.5
      vertex 34.8315 -12.0556 -2.5
    endloop
  endfacet
  facet normal -0 0 -1
    outer loop
      vertex 35 -11.5 -2.5
      vertex 34 -12.5 -2.5
      vertex 13.5973 -0.977184 -2.5
    endloop
  endfacet
  facet normal 0 0 -1
    outer loop
      vertex 34 -12.5 -2.5
      vertex 34.8315 -12.0556 -2.5
      vertex 34.7071 -12.2071 -2.5
    endloop
  endfacet
  facet normal 0 -0 -1
    outer loop
      vertex 34 12.5 -2.5
      vertex 35 11.5 -2.5
      vertex 13.5973 0.977184 -2.5
    endloop
  endfacet
  facet normal 0 0 -1
    outer loop
      vertex 34 -12.5 -2.5
      vertex 34.7071 -12.2071 -2.5
      vertex 34.5556 -12.3315 -2.5
    endloop
  endfacet
  facet normal 0 0 -1
    outer loop
      vertex 34.9239 11.8827 -2.5
      vertex 34 12.5 -2.5
      vertex 34.8315 12.0556 -2.5
    endloop
  endfacet
  facet normal 0 0 -1
    outer loop
      vertex 34 -12.5 -2.5
      vertex 34.5556 -12.3315 -2.5
      vertex 34.3827 -12.4239 -2.5
    endloop
  endfacet
  facet normal 0 0 -1
    outer loop
      vertex 34.8315 12.0556 -2.5
      vertex 34 12.5 -2.5
      vertex 34.7071 12.2071 -2.5
    endloop
  endfacet
  facet normal 0 0 -1
    outer loop
      vertex 34 -12.5 -2.5
      vertex 34.3827 -12.4239 -2.5
      vertex 34.1951 -12.4808 -2.5
    endloop
  endfacet
  facet normal 0 0 -1
    outer loop
      vertex 34.7071 12.2071 -2.5
      vertex 34 12.5 -2.5
      vertex 34.5556 12.3315 -2.5
    endloop
  endfacet
  facet normal 0 0 -1
    outer loop
      vertex 34.5556 12.3315 -2.5
      vertex 34 12.5 -2.5
      vertex 34.3827 12.4239 -2.5
    endloop
  endfacet
  facet normal 0 0 -1
    outer loop
      vertex 34.3827 12.4239 -2.5
      vertex 34 12.5 -2.5
      vertex 34.1951 12.4808 -2.5
    endloop
  endfacet
  facet normal 0 0 -1
    outer loop
      vertex 34.9808 11.6951 -2.5
      vertex 34 12.5 -2.5
      vertex 34.9239 11.8827 -2.5
    endloop
  endfacet
  facet normal 0 0 -1
    outer loop
      vertex 35 -11.5 -2.5
      vertex 13.5973 -0.977184 -2.5
      vertex 13.7 0 -2.5
    endloop
  endfacet
  facet normal 0 0 -1
    outer loop
      vertex 34 -12.5 -2.5
      vertex 13.2937 -1.91166 -2.5
      vertex 13.5973 -0.977184 -2.5
    endloop
  endfacet
  facet normal 0 0 -1
    outer loop
      vertex 34 -12.5 -2.5
      vertex 12.8024 -2.76259 -2.5
      vertex 13.2937 -1.91166 -2.5
    endloop
  endfacet
  facet normal 0 0 -1
    outer loop
      vertex 34 -12.5 -2.5
      vertex 12.1449 -3.49278 -2.5
      vertex 12.8024 -2.76259 -2.5
    endloop
  endfacet
  facet normal 0 0 -1
    outer loop
      vertex 34 -12.5 -2.5
      vertex 11.35 -4.07032 -2.5
      vertex 12.1449 -3.49278 -2.5
    endloop
  endfacet
  facet normal 0 0 -1
    outer loop
      vertex 34 -12.5 -2.5
      vertex 10.4524 -4.46996 -2.5
      vertex 11.35 -4.07032 -2.5
    endloop
  endfacet
  facet normal 0 0 -1
    outer loop
      vertex 2.14122 -9.87806 -2.5
      vertex 10.4524 -4.46996 -2.5
      vertex 34 -12.5 -2.5
    endloop
  endfacet
  facet normal 0 -0 -1
    outer loop
      vertex 2.58885 -9.38091 -2.5
      vertex 10.4524 -4.46996 -2.5
      vertex 2.14122 -9.87806 -2.5
    endloop
  endfacet
  facet normal 0 -0 -1
    outer loop
      vertex 2.92334 -8.80156 -2.5
      vertex 9.49128 -4.67425 -2.5
      vertex 2.58885 -9.38091 -2.5
    endloop
  endfacet
  facet normal 0 0 -1
    outer loop
      vertex 7.54762 4.46996 -2.5
      vertex 3.61915 7.23073 -2.5
      vertex 3.7 8 -2.5
    endloop
  endfacet
  facet normal 0 0 -1
    outer loop
      vertex 4.40271 0.977184 -2.5
      vertex 3.38012 6.49508 -2.5
      vertex 3.61915 7.23073 -2.5
    endloop
  endfacet
  facet normal 0 0 -1
    outer loop
      vertex 2.641 -0.561361 -2.5
      vertex 4.3 0 -2.5
      vertex 4.40271 -0.977184 -2.5
    endloop
  endfacet
  facet normal -0 0 -1
    outer loop
      vertex 5.85509 -3.49278 -2.5
      vertex 2.58885 -5.61909 -2.5
      vertex 5.19762 -2.76259 -2.5
    endloop
  endfacet
  facet normal 0 0 -1
    outer loop
      vertex 2.58885 -5.61909 -2.5
      vertex 5.85509 -3.49278 -2.5
      vertex 2.92334 -6.19844 -2.5
    endloop
  endfacet
  facet normal -0 0 -1
    outer loop
      vertex 6.65 -4.07032 -2.5
      vertex 2.92334 -6.19844 -2.5
      vertex 5.85509 -3.49278 -2.5
    endloop
  endfacet
  facet normal 0 0 -1
    outer loop
      vertex 2.92334 -6.19844 -2.5
      vertex 6.65 -4.07032 -2.5
      vertex 3.13007 -6.83468 -2.5
    endloop
  endfacet
  facet normal -0 0 -1
    outer loop
      vertex 7.54762 -4.46996 -2.5
      vertex 3.13007 -6.83468 -2.5
      vertex 6.65 -4.07032 -2.5
    endloop
  endfacet
  facet normal 0 0 -1
    outer loop
      vertex 3.13007 -6.83468 -2.5
      vertex 7.54762 -4.46996 -2.5
      vertex 3.2 -7.5 -2.5
    endloop
  endfacet
  facet normal -0 0 -1
    outer loop
      vertex 9.49128 -4.67425 -2.5
      vertex 2.92334 -8.80156 -2.5
      vertex 8.50872 -4.67425 -2.5
    endloop
  endfacet
  facet normal 0 0 -1
    outer loop
      vertex 7.54762 -4.46996 -2.5
      vertex 3.13007 -8.16532 -2.5
      vertex 3.2 -7.5 -2.5
    endloop
  endfacet
  facet normal -0 0 -1
    outer loop
      vertex 8.50872 -4.67425 -2.5
      vertex 3.13007 -8.16532 -2.5
      vertex 7.54762 -4.46996 -2.5
    endloop
  endfacet
  facet normal 0 -0 -1
    outer loop
      vertex 3.13007 -8.16532 -2.5
      vertex 8.50872 -4.67425 -2.5
      vertex 2.92334 -8.80156 -2.5
    endloop
  endfacet
  facet normal 0 0 -1
    outer loop
      vertex 10.4524 -4.46996 -2.5
      vertex 2.58885 -9.38091 -2.5
      vertex 9.49128 -4.67425 -2.5
    endloop
  endfacet
  facet normal 0 0 -1
    outer loop
      vertex 34 -12.5 -2.5
      vertex 1.6 -10.2713 -2.5
      vertex 2.14122 -9.87806 -2.5
    endloop
  endfacet
  facet normal 0 0 -1
    outer loop
      vertex 34 -12.5 -2.5
      vertex 0.988853 -10.5434 -2.5
      vertex 1.6 -10.2713 -2.5
    endloop
  endfacet
  facet normal 0 0 -1
    outer loop
      vertex 34 -12.5 -2.5
      vertex 0.334491 -10.6825 -2.5
      vertex 0.988853 -10.5434 -2.5
    endloop
  endfacet
  facet normal 0 0 -1
    outer loop
      vertex 34 -12.5 -2.5
      vertex -0.334491 -10.6825 -2.5
      vertex 0.334491 -10.6825 -2.5
    endloop
  endfacet
  facet normal 0 0 -1
    outer loop
      vertex -2.7 0 -2.5
      vertex -3.61915 7.23073 -2.5
      vertex -3.38012 6.49508 -2.5
    endloop
  endfacet
  facet normal 0 0 -1
    outer loop
      vertex -3.13007 -6.83468 -2.5
      vertex -4.3 0 -2.5
      vertex -3.61915 7.23073 -2.5
    endloop
  endfacet
  facet normal 0 0 -1
    outer loop
      vertex -4.39178 0.873229 -2.5
      vertex -3.61915 7.23073 -2.5
      vertex -4.3 0 -2.5
    endloop
  endfacet
  facet normal 0 0 -1
    outer loop
      vertex -8.06098 -4.17699 -2.5
      vertex -3.2 -7.5 -2.5
      vertex -3.13007 -8.16532 -2.5
    endloop
  endfacet
  facet normal 0 0 -1
    outer loop
      vertex -3.13007 -6.83468 -2.5
      vertex -4.39178 -0.873229 -2.5
      vertex -4.3 0 -2.5
    endloop
  endfacet
  facet normal 0 0 -1
    outer loop
      vertex -3.13007 -6.83468 -2.5
      vertex -4.66311 -1.70829 -2.5
      vertex -4.39178 -0.873229 -2.5
    endloop
  endfacet
  facet normal 0 0 -1
    outer loop
      vertex -3.13007 -6.83468 -2.5
      vertex -5.10213 -2.4687 -2.5
      vertex -4.66311 -1.70829 -2.5
    endloop
  endfacet
  facet normal 0 0 -1
    outer loop
      vertex -8.93902 -4.17699 -2.5
      vertex -3.13007 -8.16532 -2.5
      vertex -2.92334 -8.80156 -2.5
    endloop
  endfacet
  facet normal 0 0 -1
    outer loop
      vertex -3.13007 -6.83468 -2.5
      vertex -5.68965 -3.12121 -2.5
      vertex -5.10213 -2.4687 -2.5
    endloop
  endfacet
  facet normal 0 0 -1
    outer loop
      vertex -3.13007 -6.83468 -2.5
      vertex -6.4 -3.63731 -2.5
      vertex -5.68965 -3.12121 -2.5
    endloop
  endfacet
  facet normal 0 0 -1
    outer loop
      vertex -9.79787 -3.99444 -2.5
      vertex -2.92334 -8.80156 -2.5
      vertex -2.58885 -9.38091 -2.5
    endloop
  endfacet
  facet normal 0 0 -1
    outer loop
      vertex -3.13007 -6.83468 -2.5
      vertex -7.20213 -3.99444 -2.5
      vertex -6.4 -3.63731 -2.5
    endloop
  endfacet
  facet normal 0 0 -1
    outer loop
      vertex -3.2 -7.5 -2.5
      vertex -8.06098 -4.17699 -2.5
      vertex -7.20213 -3.99444 -2.5
    endloop
  endfacet
  facet normal 0 0 -1
    outer loop
      vertex -34 -12.5 -2.5
      vertex -2.58885 -9.38091 -2.5
      vertex -2.14122 -9.87806 -2.5
    endloop
  endfacet
  facet normal 0 0 -1
    outer loop
      vertex -3.13007 -8.16532 -2.5
      vertex -8.93902 -4.17699 -2.5
      vertex -8.06098 -4.17699 -2.5
    endloop
  endfacet
  facet normal 0 0 -1
    outer loop
      vertex -2.92334 -8.80156 -2.5
      vertex -9.79787 -3.99444 -2.5
      vertex -8.93902 -4.17699 -2.5
    endloop
  endfacet
  facet normal -0 0 -1
    outer loop
      vertex -2.58885 -9.38091 -2.5
      vertex -34 -12.5 -2.5
      vertex -9.79787 -3.99444 -2.5
    endloop
  endfacet
  facet normal -0 0 -1
    outer loop
      vertex -9.79787 -3.99444 -2.5
      vertex -34 -12.5 -2.5
      vertex -10.6 -3.63731 -2.5
    endloop
  endfacet
  facet normal 0 0 -1
    outer loop
      vertex -35 -11.5 -2.5
      vertex -12.6082 -0.873229 -2.5
      vertex -34 -12.5 -2.5
    endloop
  endfacet
  facet normal -0 0 -1
    outer loop
      vertex -12.3369 -1.70829 -2.5
      vertex -34 -12.5 -2.5
      vertex -12.6082 -0.873229 -2.5
    endloop
  endfacet
  facet normal -0 0 -1
    outer loop
      vertex -11.8979 -2.4687 -2.5
      vertex -34 -12.5 -2.5
      vertex -12.3369 -1.70829 -2.5
    endloop
  endfacet
  facet normal -0 0 -1
    outer loop
      vertex -11.3103 -3.12121 -2.5
      vertex -34 -12.5 -2.5
      vertex -11.8979 -2.4687 -2.5
    endloop
  endfacet
  facet normal -0 0 -1
    outer loop
      vertex -10.6 -3.63731 -2.5
      vertex -34 -12.5 -2.5
      vertex -11.3103 -3.12121 -2.5
    endloop
  endfacet
  facet normal -0 0 -1
    outer loop
      vertex -1.6 -10.2713 -2.5
      vertex -34 -12.5 -2.5
      vertex -2.14122 -9.87806 -2.5
    endloop
  endfacet
  facet normal -0 0 -1
    outer loop
      vertex -0.988853 -10.5434 -2.5
      vertex -34 -12.5 -2.5
      vertex -1.6 -10.2713 -2.5
    endloop
  endfacet
  facet normal -0 0 -1
    outer loop
      vertex -0.334491 -10.6825 -2.5
      vertex -34 -12.5 -2.5
      vertex -0.988853 -10.5434 -2.5
    endloop
  endfacet
  facet normal 0 0 -1
    outer loop
      vertex -34 -12.5 -2.5
      vertex -0.334491 -10.6825 -2.5
      vertex 34 -12.5 -2.5
    endloop
  endfacet
  facet normal 0 0 -1
    outer loop
      vertex 35 11.5 -2.5
      vertex 34 12.5 -2.5
      vertex 34.9808 11.6951 -2.5
    endloop
  endfacet
  facet normal 0 0 -1
    outer loop
      vertex 13.2937 1.91166 -2.5
      vertex 34 12.5 -2.5
      vertex 13.5973 0.977184 -2.5
    endloop
  endfacet
  facet normal 0 0 -1
    outer loop
      vertex 12.8024 2.76259 -2.5
      vertex 34 12.5 -2.5
      vertex 13.2937 1.91166 -2.5
    endloop
  endfacet
  facet normal 0 0 -1
    outer loop
      vertex 12.1449 3.49278 -2.5
      vertex 34 12.5 -2.5
      vertex 12.8024 2.76259 -2.5
    endloop
  endfacet
  facet normal 0 0 -1
    outer loop
      vertex 11.35 4.07032 -2.5
      vertex 34 12.5 -2.5
      vertex 12.1449 3.49278 -2.5
    endloop
  endfacet
  facet normal 0 0 -1
    outer loop
      vertex 10.4524 4.46996 -2.5
      vertex 34 12.5 -2.5
      vertex 11.35 4.07032 -2.5
    endloop
  endfacet
  facet normal 0 0 -1
    outer loop
      vertex 3.38012 9.50492 -2.5
      vertex 10.4524 4.46996 -2.5
      vertex 9.49128 4.67425 -2.5
    endloop
  endfacet
  facet normal 0 0 -1
    outer loop
      vertex 3.61915 8.76927 -2.5
      vertex 9.49128 4.67425 -2.5
      vertex 8.50872 4.67425 -2.5
    endloop
  endfacet
  facet normal 0 0 -1
    outer loop
      vertex 3.7 8 -2.5
      vertex 8.50872 4.67425 -2.5
      vertex 7.54762 4.46996 -2.5
    endloop
  endfacet
  facet normal 0 0 -1
    outer loop
      vertex 2.641 0.561361 -2.5
      vertex 4.40271 0.977184 -2.5
      vertex 4.3 0 -2.5
    endloop
  endfacet
  facet normal 0 0 -1
    outer loop
      vertex 3.61915 7.23073 -2.5
      vertex 4.70634 1.91166 -2.5
      vertex 4.40271 0.977184 -2.5
    endloop
  endfacet
  facet normal 0 0 -1
    outer loop
      vertex 3.61915 7.23073 -2.5
      vertex 5.19762 2.76259 -2.5
      vertex 4.70634 1.91166 -2.5
    endloop
  endfacet
  facet normal 0 0 -1
    outer loop
      vertex 3.61915 7.23073 -2.5
      vertex 5.85509 3.49278 -2.5
      vertex 5.19762 2.76259 -2.5
    endloop
  endfacet
  facet normal 0 0 -1
    outer loop
      vertex 3.61915 7.23073 -2.5
      vertex 6.65 4.07032 -2.5
      vertex 5.85509 3.49278 -2.5
    endloop
  endfacet
  facet normal 0 0 -1
    outer loop
      vertex 3.61915 7.23073 -2.5
      vertex 7.54762 4.46996 -2.5
      vertex 6.65 4.07032 -2.5
    endloop
  endfacet
  facet normal 0 0 -1
    outer loop
      vertex 8.50872 4.67425 -2.5
      vertex 3.7 8 -2.5
      vertex 3.61915 8.76927 -2.5
    endloop
  endfacet
  facet normal 0 0 -1
    outer loop
      vertex 9.49128 4.67425 -2.5
      vertex 3.61915 8.76927 -2.5
      vertex 3.38012 9.50492 -2.5
    endloop
  endfacet
  facet normal 0 0 -1
    outer loop
      vertex 10.4524 4.46996 -2.5
      vertex 3.38012 9.50492 -2.5
      vertex 2.99336 10.1748 -2.5
    endloop
  endfacet
  facet normal 0 0 -1
    outer loop
      vertex 10.4524 4.46996 -2.5
      vertex 2.99336 10.1748 -2.5
      vertex 34 12.5 -2.5
    endloop
  endfacet
  facet normal 0 0 -1
    outer loop
      vertex 2.47578 10.7496 -2.5
      vertex 34 12.5 -2.5
      vertex 2.99336 10.1748 -2.5
    endloop
  endfacet
  facet normal 0 0 -1
    outer loop
      vertex 1.85 11.2043 -2.5
      vertex 34 12.5 -2.5
      vertex 2.47578 10.7496 -2.5
    endloop
  endfacet
  facet normal 0 0 -1
    outer loop
      vertex 1.14336 11.5189 -2.5
      vertex 34 12.5 -2.5
      vertex 1.85 11.2043 -2.5
    endloop
  endfacet
  facet normal 0 0 -1
    outer loop
      vertex 0.386755 11.6797 -2.5
      vertex 34 12.5 -2.5
      vertex 1.14336 11.5189 -2.5
    endloop
  endfacet
  facet normal 0 0 -1
    outer loop
      vertex -0.386755 11.6797 -2.5
      vertex 34 12.5 -2.5
      vertex 0.386755 11.6797 -2.5
    endloop
  endfacet
  facet normal 0 0 -1
    outer loop
      vertex -4.66311 1.70829 -2.5
      vertex -3.61915 7.23073 -2.5
      vertex -4.39178 0.873229 -2.5
    endloop
  endfacet
  facet normal 0 0 -1
    outer loop
      vertex -5.10213 2.4687 -2.5
      vertex -3.61915 7.23073 -2.5
      vertex -4.66311 1.70829 -2.5
    endloop
  endfacet
  facet normal 0 0 -1
    outer loop
      vertex -5.68965 3.12121 -2.5
      vertex -3.61915 7.23073 -2.5
      vertex -5.10213 2.4687 -2.5
    endloop
  endfacet
  facet normal 0 0 -1
    outer loop
      vertex -6.4 3.63731 -2.5
      vertex -3.61915 7.23073 -2.5
      vertex -5.68965 3.12121 -2.5
    endloop
  endfacet
  facet normal 0 0 -1
    outer loop
      vertex -7.20213 3.99444 -2.5
      vertex -3.61915 7.23073 -2.5
      vertex -6.4 3.63731 -2.5
    endloop
  endfacet
  facet normal -0 0 -1
    outer loop
      vertex -3.61915 7.23073 -2.5
      vertex -7.20213 3.99444 -2.5
      vertex -3.7 8 -2.5
    endloop
  endfacet
  facet normal 0 0 -1
    outer loop
      vertex -8.06098 4.17699 -2.5
      vertex -3.7 8 -2.5
      vertex -7.20213 3.99444 -2.5
    endloop
  endfacet
  facet normal -0 0 -1
    outer loop
      vertex -3.7 8 -2.5
      vertex -8.06098 4.17699 -2.5
      vertex -3.61915 8.76927 -2.5
    endloop
  endfacet
  facet normal 0 0 -1
    outer loop
      vertex -8.93902 4.17699 -2.5
      vertex -3.61915 8.76927 -2.5
      vertex -8.06098 4.17699 -2.5
    endloop
  endfacet
  facet normal -0 0 -1
    outer loop
      vertex -3.61915 8.76927 -2.5
      vertex -8.93902 4.17699 -2.5
      vertex -3.38012 9.50492 -2.5
    endloop
  endfacet
  facet normal 0 0 -1
    outer loop
      vertex -9.79787 3.99444 -2.5
      vertex -3.38012 9.50492 -2.5
      vertex -8.93902 4.17699 -2.5
    endloop
  endfacet
  facet normal -0 0 -1
    outer loop
      vertex -3.38012 9.50492 -2.5
      vertex -9.79787 3.99444 -2.5
      vertex -2.99336 10.1748 -2.5
    endloop
  endfacet
  facet normal 0 0 -1
    outer loop
      vertex -10.6 3.63731 -2.5
      vertex -2.99336 10.1748 -2.5
      vertex -9.79787 3.99444 -2.5
    endloop
  endfacet
  facet normal 0 0 -1
    outer loop
      vertex -34 12.5 -2.5
      vertex -2.99336 10.1748 -2.5
      vertex -10.6 3.63731 -2.5
    endloop
  endfacet
  facet normal 0 0 -1
    outer loop
      vertex -34 12.5 -2.5
      vertex -10.6 3.63731 -2.5
      vertex -11.3103 3.12121 -2.5
    endloop
  endfacet
  facet normal -0 0 -1
    outer loop
      vertex -12.6082 -0.873229 -2.5
      vertex -35 -11.5 -2.5
      vertex -12.7 0 -2.5
    endloop
  endfacet
  facet normal 0 0 -1
    outer loop
      vertex -35 11.5 -2.5
      vertex -12.7 0 -2.5
      vertex -35 -11.5 -2.5
    endloop
  endfacet
  facet normal 0 0 -1
    outer loop
      vertex -12.7 0 -2.5
      vertex -35 11.5 -2.5
      vertex -12.6082 0.873229 -2.5
    endloop
  endfacet
  facet normal 0 -0 -1
    outer loop
      vertex -34 12.5 -2.5
      vertex -12.6082 0.873229 -2.5
      vertex -35 11.5 -2.5
    endloop
  endfacet
  facet normal 0 0 -1
    outer loop
      vertex -12.6082 0.873229 -2.5
      vertex -34 12.5 -2.5
      vertex -12.3369 1.70829 -2.5
    endloop
  endfacet
  facet normal 0 0 -1
    outer loop
      vertex -0.386755 11.6797 -2.5
      vertex -34 12.5 -2.5
      vertex 34 12.5 -2.5
    endloop
  endfacet
  facet normal 0 0 -1
    outer loop
      vertex -1.14336 11.5189 -2.5
      vertex -34 12.5 -2.5
      vertex -0.386755 11.6797 -2.5
    endloop
  endfacet
  facet normal 0 0 -1
    outer loop
      vertex -1.85 11.2043 -2.5
      vertex -34 12.5 -2.5
      vertex -1.14336 11.5189 -2.5
    endloop
  endfacet
  facet normal 0 0 -1
    outer loop
      vertex -2.47578 10.7496 -2.5
      vertex -34 12.5 -2.5
      vertex -1.85 11.2043 -2.5
    endloop
  endfacet
  facet normal 0 0 -1
    outer loop
      vertex -2.99336 10.1748 -2.5
      vertex -34 12.5 -2.5
      vertex -2.47578 10.7496 -2.5
    endloop
  endfacet
  facet normal 0 0 -1
    outer loop
      vertex -35 -11.5 -2.5
      vertex -34 -12.5 -2.5
      vertex -34.1951 -12.4808 -2.5
    endloop
  endfacet
  facet normal 0 0 -1
    outer loop
      vertex -12.3369 1.70829 -2.5
      vertex -34 12.5 -2.5
      vertex -11.8979 2.4687 -2.5
    endloop
  endfacet
  facet normal 0 0 -1
    outer loop
      vertex -35 -11.5 -2.5
      vertex -34.1951 -12.4808 -2.5
      vertex -34.3827 -12.4239 -2.5
    endloop
  endfacet
  facet normal 0 0 -1
    outer loop
      vertex -11.8979 2.4687 -2.5
      vertex -34 12.5 -2.5
      vertex -11.3103 3.12121 -2.5
    endloop
  endfacet
  facet normal 0 0 -1
    outer loop
      vertex -35 -11.5 -2.5
      vertex -34.3827 -12.4239 -2.5
      vertex -34.5556 -12.3315 -2.5
    endloop
  endfacet
  facet normal 0 0 -1
    outer loop
      vertex -34 12.5 -2.5
      vertex -35 11.5 -2.5
      vertex -34.1951 12.4808 -2.5
    endloop
  endfacet
  facet normal 0 0 -1
    outer loop
      vertex -35 -11.5 -2.5
      vertex -34.5556 -12.3315 -2.5
      vertex -34.7071 -12.2071 -2.5
    endloop
  endfacet
  facet normal 0 0 -1
    outer loop
      vertex -34.1951 12.4808 -2.5
      vertex -35 11.5 -2.5
      vertex -34.3827 12.4239 -2.5
    endloop
  endfacet
  facet normal 0 0 -1
    outer loop
      vertex -35 -11.5 -2.5
      vertex -34.7071 -12.2071 -2.5
      vertex -34.8315 -12.0556 -2.5
    endloop
  endfacet
  facet normal 0 0 -1
    outer loop
      vertex -34.3827 12.4239 -2.5
      vertex -35 11.5 -2.5
      vertex -34.5556 12.3315 -2.5
    endloop
  endfacet
  facet normal 0 0 -1
    outer loop
      vertex -35 -11.5 -2.5
      vertex -34.8315 -12.0556 -2.5
      vertex -34.9239 -11.8827 -2.5
    endloop
  endfacet
  facet normal 0 0 -1
    outer loop
      vertex -34.5556 12.3315 -2.5
      vertex -35 11.5 -2.5
      vertex -34.7071 12.2071 -2.5
    endloop
  endfacet
  facet normal 0 0 -1
    outer loop
      vertex -35 -11.5 -2.5
      vertex -34.9239 -11.8827 -2.5
      vertex -34.9808 -11.6951 -2.5
    endloop
  endfacet
  facet normal 0 0 -1
    outer loop
      vertex -34.7071 12.2071 -2.5
      vertex -35 11.5 -2.5
      vertex -34.8315 12.0556 -2.5
    endloop
  endfacet
  facet normal 0 0 -1
    outer loop
      vertex -34.8315 12.0556 -2.5
      vertex -35 11.5 -2.5
      vertex -34.9239 11.8827 -2.5
    endloop
  endfacet
  facet normal 0 0 -1
    outer loop
      vertex -34.9239 11.8827 -2.5
      vertex -35 11.5 -2.5
      vertex -34.9808 11.6951 -2.5
    endloop
  endfacet
  facet normal 0 0 -1
    outer loop
      vertex 2.14122 -5.12194 -2.5
      vertex 5.19762 -2.76259 -2.5
      vertex 2.58885 -5.61909 -2.5
    endloop
  endfacet
  facet normal 0 0 -1
    outer loop
      vertex 4.3 0 -2.5
      vertex 2.7 0 -2.5
      vertex 2.641 0.561361 -2.5
    endloop
  endfacet
  facet normal 0 0 -1
    outer loop
      vertex 2.641 -0.561361 -2.5
      vertex 4.40271 -0.977184 -2.5
      vertex 4.70634 -1.91166 -2.5
    endloop
  endfacet
  facet normal -0 0 -1
    outer loop
      vertex 4.40271 0.977184 -2.5
      vertex 2.641 0.561361 -2.5
      vertex 2.46657 1.09819 -2.5
    endloop
  endfacet
  facet normal 0 0 -1
    outer loop
      vertex 4.40271 0.977184 -2.5
      vertex 2.99336 5.8252 -2.5
      vertex 3.38012 6.49508 -2.5
    endloop
  endfacet
  facet normal 0 0 -1
    outer loop
      vertex 4.40271 0.977184 -2.5
      vertex 2.46657 1.09819 -2.5
      vertex 2.18435 1.58702 -2.5
    endloop
  endfacet
  facet normal 0 0 -1
    outer loop
      vertex 4.40271 0.977184 -2.5
      vertex 2.18435 1.58702 -2.5
      vertex 2.47578 5.25036 -2.5
    endloop
  endfacet
  facet normal 0 0 -1
    outer loop
      vertex 4.40271 0.977184 -2.5
      vertex 2.47578 5.25036 -2.5
      vertex 2.99336 5.8252 -2.5
    endloop
  endfacet
  facet normal 0 0 -1
    outer loop
      vertex 1.80665 2.00649 -2.5
      vertex 2.47578 5.25036 -2.5
      vertex 2.18435 1.58702 -2.5
    endloop
  endfacet
  facet normal 0 0 -1
    outer loop
      vertex 2.47578 5.25036 -2.5
      vertex 1.80665 2.00649 -2.5
      vertex 1.85 4.79571 -2.5
    endloop
  endfacet
  facet normal 0 0 -1
    outer loop
      vertex 1.35 2.33827 -2.5
      vertex 1.85 4.79571 -2.5
      vertex 1.80665 2.00649 -2.5
    endloop
  endfacet
  facet normal 0 0 -1
    outer loop
      vertex 1.35 2.33827 -2.5
      vertex 1.14336 4.48109 -2.5
      vertex 1.85 4.79571 -2.5
    endloop
  endfacet
  facet normal 0 0 -1
    outer loop
      vertex 0.834346 2.56785 -2.5
      vertex 1.14336 4.48109 -2.5
      vertex 1.35 2.33827 -2.5
    endloop
  endfacet
  facet normal 0 0 -1
    outer loop
      vertex 0.834346 2.56785 -2.5
      vertex 0.386755 4.32027 -2.5
      vertex 1.14336 4.48109 -2.5
    endloop
  endfacet
  facet normal 0 0 -1
    outer loop
      vertex 0.282227 2.68521 -2.5
      vertex 0.386755 4.32027 -2.5
      vertex 0.834346 2.56785 -2.5
    endloop
  endfacet
  facet normal 0 0 -1
    outer loop
      vertex -0.282227 2.68521 -2.5
      vertex 0.386755 4.32027 -2.5
      vertex 0.282227 2.68521 -2.5
    endloop
  endfacet
  facet normal 0 0 -1
    outer loop
      vertex -0.282227 2.68521 -2.5
      vertex -0.386755 4.32027 -2.5
      vertex 0.386755 4.32027 -2.5
    endloop
  endfacet
  facet normal 0 0 -1
    outer loop
      vertex -0.834346 2.56785 -2.5
      vertex -0.386755 4.32027 -2.5
      vertex -0.282227 2.68521 -2.5
    endloop
  endfacet
  facet normal 0 0 -1
    outer loop
      vertex -0.834346 2.56785 -2.5
      vertex -1.14336 4.48109 -2.5
      vertex -0.386755 4.32027 -2.5
    endloop
  endfacet
  facet normal 0 0 -1
    outer loop
      vertex -1.35 2.33827 -2.5
      vertex -1.14336 4.48109 -2.5
      vertex -0.834346 2.56785 -2.5
    endloop
  endfacet
  facet normal 0 0 -1
    outer loop
      vertex -1.85 4.79571 -2.5
      vertex -1.35 2.33827 -2.5
      vertex -1.80665 2.00649 -2.5
    endloop
  endfacet
  facet normal 0 0 -1
    outer loop
      vertex -1.35 2.33827 -2.5
      vertex -1.85 4.79571 -2.5
      vertex -1.14336 4.48109 -2.5
    endloop
  endfacet
  facet normal 0 0 -1
    outer loop
      vertex -2.47578 5.25036 -2.5
      vertex -1.80665 2.00649 -2.5
      vertex -2.18435 1.58702 -2.5
    endloop
  endfacet
  facet normal 0 0 -1
    outer loop
      vertex -2.99336 5.8252 -2.5
      vertex -2.18435 1.58702 -2.5
      vertex -2.46657 1.09819 -2.5
    endloop
  endfacet
  facet normal 0 0 -1
    outer loop
      vertex -1.80665 2.00649 -2.5
      vertex -2.47578 5.25036 -2.5
      vertex -1.85 4.79571 -2.5
    endloop
  endfacet
  facet normal 0 0 -1
    outer loop
      vertex -2.99336 5.8252 -2.5
      vertex -2.46657 1.09819 -2.5
      vertex -2.641 0.561361 -2.5
    endloop
  endfacet
  facet normal 0 0 -1
    outer loop
      vertex -3.38012 6.49508 -2.5
      vertex -2.641 0.561361 -2.5
      vertex -2.7 0 -2.5
    endloop
  endfacet
  facet normal 0 0 -1
    outer loop
      vertex -2.18435 1.58702 -2.5
      vertex -2.99336 5.8252 -2.5
      vertex -2.47578 5.25036 -2.5
    endloop
  endfacet
  facet normal -0 0 -1
    outer loop
      vertex -2.641 -0.561361 -2.5
      vertex -3.13007 -6.83468 -2.5
      vertex -2.7 0 -2.5
    endloop
  endfacet
  facet normal 0 0 -1
    outer loop
      vertex -3.61915 7.23073 -2.5
      vertex -2.7 0 -2.5
      vertex -3.13007 -6.83468 -2.5
    endloop
  endfacet
  facet normal 0 0 -1
    outer loop
      vertex -7.20213 -3.99444 -2.5
      vertex -3.13007 -6.83468 -2.5
      vertex -3.2 -7.5 -2.5
    endloop
  endfacet
  facet normal 0 0 -1
    outer loop
      vertex -2.641 0.561361 -2.5
      vertex -3.38012 6.49508 -2.5
      vertex -2.99336 5.8252 -2.5
    endloop
  endfacet
  facet normal -0.951055 -0.309023 0
    outer loop
      vertex 2.641 0.561361 -2.5
      vertex 2.46657 1.09819 -0.6
      vertex 2.46657 1.09819 -2.5
    endloop
  endfacet
  facet normal -0.951055 -0.309023 0
    outer loop
      vertex 2.46657 1.09819 -0.6
      vertex 2.641 0.561361 -2.5
      vertex 2.641 0.561361 -0.6
    endloop
  endfacet
  facet normal -0.994522 -0.104526 0
    outer loop
      vertex 2.7 0 -2.5
      vertex 2.641 0.561361 -0.6
      vertex 2.641 0.561361 -2.5
    endloop
  endfacet
  facet normal -0.994522 -0.104526 0
    outer loop
      vertex 2.641 0.561361 -0.6
      vertex 2.7 0 -2.5
      vertex 2.7 0 -0.6
    endloop
  endfacet
  facet normal -0.86603 -0.499992 0
    outer loop
      vertex 2.46657 1.09819 -2.5
      vertex 2.18435 1.58702 -0.6
      vertex 2.18435 1.58702 -2.5
    endloop
  endfacet
  facet normal -0.86603 -0.499992 0
    outer loop
      vertex 2.18435 1.58702 -0.6
      vertex 2.46657 1.09819 -2.5
      vertex 2.46657 1.09819 -0.6
    endloop
  endfacet
  facet normal -0.951055 0.309023 0
    outer loop
      vertex 2.46657 -1.09819 -2.5
      vertex 2.641 -0.561361 -0.6
      vertex 2.641 -0.561361 -2.5
    endloop
  endfacet
  facet normal -0.951055 0.309023 0
    outer loop
      vertex 2.641 -0.561361 -0.6
      vertex 2.46657 -1.09819 -2.5
      vertex 2.46657 -1.09819 -0.6
    endloop
  endfacet
  facet normal -0.994522 0.104526 0
    outer loop
      vertex 2.641 -0.561361 -2.5
      vertex 2.7 0 -0.6
      vertex 2.7 0 -2.5
    endloop
  endfacet
  facet normal -0.994522 0.104526 0
    outer loop
      vertex 2.7 0 -0.6
      vertex 2.641 -0.561361 -2.5
      vertex 2.641 -0.561361 -0.6
    endloop
  endfacet
  facet normal -0.743138 -0.669138 0
    outer loop
      vertex 2.18435 1.58702 -2.5
      vertex 1.80665 2.00649 -0.6
      vertex 1.80665 2.00649 -2.5
    endloop
  endfacet
  facet normal -0.743138 -0.669138 0
    outer loop
      vertex 1.80665 2.00649 -0.6
      vertex 2.18435 1.58702 -2.5
      vertex 2.18435 1.58702 -0.6
    endloop
  endfacet
  facet normal 0.951055 0.309023 0
    outer loop
      vertex -2.46657 -1.09819 -0.6
      vertex -2.641 -0.561361 -2.5
      vertex -2.641 -0.561361 -0.6
    endloop
  endfacet
  facet normal 0.951055 0.309023 0
    outer loop
      vertex -2.641 -0.561361 -2.5
      vertex -2.46657 -1.09819 -0.6
      vertex -2.46657 -1.09819 -2.5
    endloop
  endfacet
  facet normal 0.951055 -0.309023 0
    outer loop
      vertex -2.641 0.561361 -0.6
      vertex -2.46657 1.09819 -2.5
      vertex -2.46657 1.09819 -0.6
    endloop
  endfacet
  facet normal 0.951055 -0.309023 0
    outer loop
      vertex -2.46657 1.09819 -2.5
      vertex -2.641 0.561361 -0.6
      vertex -2.641 0.561361 -2.5
    endloop
  endfacet
  facet normal -0.58779 0.809013 0
    outer loop
      vertex 1.80665 -2.00649 -2.5
      vertex 1.35 -2.33827 -0.6
      vertex 1.80665 -2.00649 -0.6
    endloop
  endfacet
  facet normal -0.58779 0.809013 0
    outer loop
      vertex 1.35 -2.33827 -0.6
      vertex 1.80665 -2.00649 -2.5
      vertex 1.35 -2.33827 -2.5
    endloop
  endfacet
  facet normal 0.58779 -0.809013 0
    outer loop
      vertex -1.80665 2.00649 -2.5
      vertex -1.35 2.33827 -0.6
      vertex -1.80665 2.00649 -0.6
    endloop
  endfacet
  facet normal 0.58779 -0.809013 0
    outer loop
      vertex -1.35 2.33827 -0.6
      vertex -1.80665 2.00649 -2.5
      vertex -1.35 2.33827 -2.5
    endloop
  endfacet
  facet normal 0.86603 -0.499992 0
    outer loop
      vertex -2.46657 1.09819 -0.6
      vertex -2.18435 1.58702 -2.5
      vertex -2.18435 1.58702 -0.6
    endloop
  endfacet
  facet normal 0.86603 -0.499992 0
    outer loop
      vertex -2.18435 1.58702 -2.5
      vertex -2.46657 1.09819 -0.6
      vertex -2.46657 1.09819 -2.5
    endloop
  endfacet
  facet normal -0.86603 0.499992 0
    outer loop
      vertex 2.18435 -1.58702 -2.5
      vertex 2.46657 -1.09819 -0.6
      vertex 2.46657 -1.09819 -2.5
    endloop
  endfacet
  facet normal -0.86603 0.499992 0
    outer loop
      vertex 2.46657 -1.09819 -0.6
      vertex 2.18435 -1.58702 -2.5
      vertex 2.18435 -1.58702 -0.6
    endloop
  endfacet
  facet normal 0 -1 0
    outer loop
      vertex -0.282227 2.68521 -2.5
      vertex 0.282227 2.68521 -0.6
      vertex -0.282227 2.68521 -0.6
    endloop
  endfacet
  facet normal 0 -1 -0
    outer loop
      vertex 0.282227 2.68521 -0.6
      vertex -0.282227 2.68521 -2.5
      vertex 0.282227 2.68521 -2.5
    endloop
  endfacet
  facet normal 0.406731 -0.913548 0
    outer loop
      vertex -1.35 2.33827 -2.5
      vertex -0.834346 2.56785 -0.6
      vertex -1.35 2.33827 -0.6
    endloop
  endfacet
  facet normal 0.406731 -0.913548 0
    outer loop
      vertex -0.834346 2.56785 -0.6
      vertex -1.35 2.33827 -2.5
      vertex -0.834346 2.56785 -2.5
    endloop
  endfacet
  facet normal 0.207918 0.978146 -0
    outer loop
      vertex -0.282227 -2.68521 -2.5
      vertex -0.834346 -2.56785 -0.6
      vertex -0.282227 -2.68521 -0.6
    endloop
  endfacet
  facet normal 0.207918 0.978146 0
    outer loop
      vertex -0.834346 -2.56785 -0.6
      vertex -0.282227 -2.68521 -2.5
      vertex -0.834346 -2.56785 -2.5
    endloop
  endfacet
  facet normal 0 1 -0
    outer loop
      vertex 0.282227 -2.68521 -2.5
      vertex -0.282227 -2.68521 -0.6
      vertex 0.282227 -2.68521 -0.6
    endloop
  endfacet
  facet normal 0 1 0
    outer loop
      vertex -0.282227 -2.68521 -0.6
      vertex 0.282227 -2.68521 -2.5
      vertex -0.282227 -2.68521 -2.5
    endloop
  endfacet
  facet normal 0.406731 0.913548 -0
    outer loop
      vertex -0.834346 -2.56785 -2.5
      vertex -1.35 -2.33827 -0.6
      vertex -0.834346 -2.56785 -0.6
    endloop
  endfacet
  facet normal 0.406731 0.913548 0
    outer loop
      vertex -1.35 -2.33827 -0.6
      vertex -0.834346 -2.56785 -2.5
      vertex -1.35 -2.33827 -2.5
    endloop
  endfacet
  facet normal 0.207918 -0.978146 0
    outer loop
      vertex -0.834346 2.56785 -2.5
      vertex -0.282227 2.68521 -0.6
      vertex -0.834346 2.56785 -0.6
    endloop
  endfacet
  facet normal 0.207918 -0.978146 0
    outer loop
      vertex -0.282227 2.68521 -0.6
      vertex -0.834346 2.56785 -2.5
      vertex -0.282227 2.68521 -2.5
    endloop
  endfacet
  facet normal -0.207918 0.978146 0
    outer loop
      vertex 0.834346 -2.56785 -2.5
      vertex 0.282227 -2.68521 -0.6
      vertex 0.834346 -2.56785 -0.6
    endloop
  endfacet
  facet normal -0.207918 0.978146 0
    outer loop
      vertex 0.282227 -2.68521 -0.6
      vertex 0.834346 -2.56785 -2.5
      vertex 0.282227 -2.68521 -2.5
    endloop
  endfacet
  facet normal -0.743138 0.669138 0
    outer loop
      vertex 1.80665 -2.00649 -2.5
      vertex 2.18435 -1.58702 -0.6
      vertex 2.18435 -1.58702 -2.5
    endloop
  endfacet
  facet normal -0.743138 0.669138 0
    outer loop
      vertex 2.18435 -1.58702 -0.6
      vertex 1.80665 -2.00649 -2.5
      vertex 1.80665 -2.00649 -0.6
    endloop
  endfacet
  facet normal -0.406731 0.913548 0
    outer loop
      vertex 1.35 -2.33827 -2.5
      vertex 0.834346 -2.56785 -0.6
      vertex 1.35 -2.33827 -0.6
    endloop
  endfacet
  facet normal -0.406731 0.913548 0
    outer loop
      vertex 0.834346 -2.56785 -0.6
      vertex 1.35 -2.33827 -2.5
      vertex 0.834346 -2.56785 -2.5
    endloop
  endfacet
  facet normal 0.58779 0.809013 -0
    outer loop
      vertex -1.35 -2.33827 -2.5
      vertex -1.80665 -2.00649 -0.6
      vertex -1.35 -2.33827 -0.6
    endloop
  endfacet
  facet normal 0.58779 0.809013 0
    outer loop
      vertex -1.80665 -2.00649 -0.6
      vertex -1.35 -2.33827 -2.5
      vertex -1.80665 -2.00649 -2.5
    endloop
  endfacet
  facet normal -0.58779 -0.809013 0
    outer loop
      vertex 1.35 2.33827 -2.5
      vertex 1.80665 2.00649 -0.6
      vertex 1.35 2.33827 -0.6
    endloop
  endfacet
  facet normal -0.58779 -0.809013 -0
    outer loop
      vertex 1.80665 2.00649 -0.6
      vertex 1.35 2.33827 -2.5
      vertex 1.80665 2.00649 -2.5
    endloop
  endfacet
  facet normal 0.994522 -0.104526 0
    outer loop
      vertex -2.7 0 -0.6
      vertex -2.641 0.561361 -2.5
      vertex -2.641 0.561361 -0.6
    endloop
  endfacet
  facet normal 0.994522 -0.104526 0
    outer loop
      vertex -2.641 0.561361 -2.5
      vertex -2.7 0 -0.6
      vertex -2.7 0 -2.5
    endloop
  endfacet
  facet normal -0.207918 -0.978146 0
    outer loop
      vertex 0.282227 2.68521 -2.5
      vertex 0.834346 2.56785 -0.6
      vertex 0.282227 2.68521 -0.6
    endloop
  endfacet
  facet normal -0.207918 -0.978146 -0
    outer loop
      vertex 0.834346 2.56785 -0.6
      vertex 0.282227 2.68521 -2.5
      vertex 0.834346 2.56785 -2.5
    endloop
  endfacet
  facet normal 0.86603 0.499992 0
    outer loop
      vertex -2.18435 -1.58702 -0.6
      vertex -2.46657 -1.09819 -2.5
      vertex -2.46657 -1.09819 -0.6
    endloop
  endfacet
  facet normal 0.86603 0.499992 0
    outer loop
      vertex -2.46657 -1.09819 -2.5
      vertex -2.18435 -1.58702 -0.6
      vertex -2.18435 -1.58702 -2.5
    endloop
  endfacet
  facet normal -0.406731 -0.913548 0
    outer loop
      vertex 0.834346 2.56785 -2.5
      vertex 1.35 2.33827 -0.6
      vertex 0.834346 2.56785 -0.6
    endloop
  endfacet
  facet normal -0.406731 -0.913548 -0
    outer loop
      vertex 1.35 2.33827 -0.6
      vertex 0.834346 2.56785 -2.5
      vertex 1.35 2.33827 -2.5
    endloop
  endfacet
  facet normal 0.994522 0.104526 0
    outer loop
      vertex -2.641 -0.561361 -0.6
      vertex -2.7 0 -2.5
      vertex -2.7 0 -0.6
    endloop
  endfacet
  facet normal 0.994522 0.104526 0
    outer loop
      vertex -2.7 0 -2.5
      vertex -2.641 -0.561361 -0.6
      vertex -2.641 -0.561361 -2.5
    endloop
  endfacet
  facet normal 0.743138 0.669138 0
    outer loop
      vertex -1.80665 -2.00649 -0.6
      vertex -2.18435 -1.58702 -2.5
      vertex -2.18435 -1.58702 -0.6
    endloop
  endfacet
  facet normal 0.743138 0.669138 0
    outer loop
      vertex -2.18435 -1.58702 -2.5
      vertex -1.80665 -2.00649 -0.6
      vertex -1.80665 -2.00649 -2.5
    endloop
  endfacet
  facet normal 0.743138 -0.669138 0
    outer loop
      vertex -2.18435 1.58702 -0.6
      vertex -1.80665 2.00649 -2.5
      vertex -1.80665 2.00649 -0.6
    endloop
  endfacet
  facet normal 0.743138 -0.669138 0
    outer loop
      vertex -1.80665 2.00649 -2.5
      vertex -2.18435 1.58702 -0.6
      vertex -2.18435 1.58702 -2.5
    endloop
  endfacet
  facet normal -0.595686 -0.536362 -0.597891
    outer loop
      vertex 1.80665 2.00649 -0.6
      vertex 1.45623 1.05801 0.6
      vertex 1.20443 1.33766 0.6
    endloop
  endfacet
  facet normal 0.762344 0.247706 -0.59789
    outer loop
      vertex -1.64438 -0.732125 0.6
      vertex -2.46657 -1.09819 -0.6
      vertex -2.641 -0.561361 -0.6
    endloop
  endfacet
  facet normal -0.797186 -0.0837997 -0.59789
    outer loop
      vertex 2.7 0 -0.6
      vertex 1.8 0 0.6
      vertex 1.76066 0.374241 0.6
    endloop
  endfacet
  facet normal -0.797185 -0.0837855 -0.597893
    outer loop
      vertex 2.641 0.561361 -0.6
      vertex 2.7 0 -0.6
      vertex 1.76066 0.374241 0.6
    endloop
  endfacet
  facet normal 0.694185 0.400788 -0.597893
    outer loop
      vertex -1.64438 -0.732125 0.6
      vertex -1.45623 -1.05801 0.6
      vertex -2.18435 -1.58702 -0.6
    endloop
  endfacet
  facet normal -0.69419 -0.400782 -0.597891
    outer loop
      vertex 2.18435 1.58702 -0.6
      vertex 2.46657 1.09819 -0.6
      vertex 1.64438 0.732125 0.6
    endloop
  endfacet
  facet normal 0.69419 -0.400782 -0.597891
    outer loop
      vertex -2.18435 1.58702 -0.6
      vertex -1.64438 0.732125 0.6
      vertex -2.46657 1.09819 -0.6
    endloop
  endfacet
  facet normal -0.326027 0.73228 -0.59789
    outer loop
      vertex 1.35 -2.33827 -0.6
      vertex 0.834346 -2.56785 -0.6
      vertex 0.556231 -1.7119 0.6
    endloop
  endfacet
  facet normal -0.762344 -0.247706 -0.59789
    outer loop
      vertex 2.46657 1.09819 -0.6
      vertex 2.641 0.561361 -0.6
      vertex 1.64438 0.732125 0.6
    endloop
  endfacet
  facet normal -0.326021 -0.732284 -0.597888
    outer loop
      vertex 1.35 2.33827 -0.6
      vertex 0.9 1.55885 0.6
      vertex 0.556231 1.7119 0.6
    endloop
  endfacet
  facet normal -0.326021 0.732284 -0.597888
    outer loop
      vertex 0.9 -1.55885 0.6
      vertex 1.35 -2.33827 -0.6
      vertex 0.556231 -1.7119 0.6
    endloop
  endfacet
  facet normal -0.471167 0.648481 -0.597891
    outer loop
      vertex 1.20443 -1.33766 0.6
      vertex 1.80665 -2.00649 -0.6
      vertex 0.9 -1.55885 0.6
    endloop
  endfacet
  facet normal 0.47116 0.648488 -0.597889
    outer loop
      vertex -0.9 -1.55885 0.6
      vertex -1.35 -2.33827 -0.6
      vertex -1.80665 -2.00649 -0.6
    endloop
  endfacet
  facet normal 0.326027 0.73228 -0.59789
    outer loop
      vertex -0.556231 -1.7119 0.6
      vertex -0.834346 -2.56785 -0.6
      vertex -1.35 -2.33827 -0.6
    endloop
  endfacet
  facet normal 0.166661 -0.784061 -0.59789
    outer loop
      vertex -0.282227 2.68521 -0.6
      vertex -0.18815 1.79014 0.6
      vertex -0.556231 1.7119 0.6
    endloop
  endfacet
  facet normal 0.166662 -0.784061 -0.59789
    outer loop
      vertex -0.282227 2.68521 -0.6
      vertex -0.556231 1.7119 0.6
      vertex -0.834346 2.56785 -0.6
    endloop
  endfacet
  facet normal -0.326027 -0.73228 -0.59789
    outer loop
      vertex 0.834346 2.56785 -0.6
      vertex 1.35 2.33827 -0.6
      vertex 0.556231 1.7119 0.6
    endloop
  endfacet
  facet normal -0.694185 -0.400788 -0.597893
    outer loop
      vertex 2.18435 1.58702 -0.6
      vertex 1.64438 0.732125 0.6
      vertex 1.45623 1.05801 0.6
    endloop
  endfacet
  facet normal 0.762344 -0.247706 -0.59789
    outer loop
      vertex -2.46657 1.09819 -0.6
      vertex -1.64438 0.732125 0.6
      vertex -2.641 0.561361 -0.6
    endloop
  endfacet
  facet normal 0.797186 -0.0837997 -0.59789
    outer loop
      vertex -1.76066 0.374241 0.6
      vertex -1.8 0 0.6
      vertex -2.7 0 -0.6
    endloop
  endfacet
  facet normal -0.471167 -0.648481 -0.597891
    outer loop
      vertex 1.80665 2.00649 -0.6
      vertex 1.20443 1.33766 0.6
      vertex 0.9 1.55885 0.6
    endloop
  endfacet
  facet normal -0.595682 0.536365 -0.597892
    outer loop
      vertex 2.18435 -1.58702 -0.6
      vertex 1.80665 -2.00649 -0.6
      vertex 1.45623 -1.05801 0.6
    endloop
  endfacet
  facet normal -0.694185 0.400788 -0.597893
    outer loop
      vertex 1.64438 -0.732125 0.6
      vertex 2.18435 -1.58702 -0.6
      vertex 1.45623 -1.05801 0.6
    endloop
  endfacet
  facet normal 0.326021 0.732284 -0.597888
    outer loop
      vertex -0.9 -1.55885 0.6
      vertex -0.556231 -1.7119 0.6
      vertex -1.35 -2.33827 -0.6
    endloop
  endfacet
  facet normal 0.69419 0.400782 -0.597891
    outer loop
      vertex -1.64438 -0.732125 0.6
      vertex -2.18435 -1.58702 -0.6
      vertex -2.46657 -1.09819 -0.6
    endloop
  endfacet
  facet normal -0.595682 -0.536365 -0.597892
    outer loop
      vertex 1.80665 2.00649 -0.6
      vertex 2.18435 1.58702 -0.6
      vertex 1.45623 1.05801 0.6
    endloop
  endfacet
  facet normal -0.595686 0.536362 -0.597891
    outer loop
      vertex 1.45623 -1.05801 0.6
      vertex 1.80665 -2.00649 -0.6
      vertex 1.20443 -1.33766 0.6
    endloop
  endfacet
  facet normal -0.47116 -0.648488 -0.597889
    outer loop
      vertex 1.35 2.33827 -0.6
      vertex 1.80665 2.00649 -0.6
      vertex 0.9 1.55885 0.6
    endloop
  endfacet
  facet normal 0.595686 0.536362 -0.597891
    outer loop
      vertex -1.45623 -1.05801 0.6
      vertex -1.20443 -1.33766 0.6
      vertex -1.80665 -2.00649 -0.6
    endloop
  endfacet
  facet normal -0.166662 -0.784061 -0.59789
    outer loop
      vertex 0.834346 2.56785 -0.6
      vertex 0.556231 1.7119 0.6
      vertex 0.282227 2.68521 -0.6
    endloop
  endfacet
  facet normal 0.471167 0.648481 -0.597891
    outer loop
      vertex -1.20443 -1.33766 0.6
      vertex -0.9 -1.55885 0.6
      vertex -1.80665 -2.00649 -0.6
    endloop
  endfacet
  facet normal 0.797185 0.0837855 -0.597893
    outer loop
      vertex -1.76066 -0.374241 0.6
      vertex -2.641 -0.561361 -0.6
      vertex -2.7 0 -0.6
    endloop
  endfacet
  facet normal -0.797185 0.0837855 -0.597893
    outer loop
      vertex 2.7 0 -0.6
      vertex 2.641 -0.561361 -0.6
      vertex 1.76066 -0.374241 0.6
    endloop
  endfacet
  facet normal -0.797186 0.0837997 -0.59789
    outer loop
      vertex 1.8 0 0.6
      vertex 2.7 0 -0.6
      vertex 1.76066 -0.374241 0.6
    endloop
  endfacet
  facet normal 0.166661 0.784061 -0.59789
    outer loop
      vertex -0.18815 -1.79014 0.6
      vertex -0.282227 -2.68521 -0.6
      vertex -0.556231 -1.7119 0.6
    endloop
  endfacet
  facet normal 0.797186 0.0837997 -0.59789
    outer loop
      vertex -1.8 0 0.6
      vertex -1.76066 -0.374241 0.6
      vertex -2.7 0 -0.6
    endloop
  endfacet
  facet normal 0.595682 -0.536365 -0.597892
    outer loop
      vertex -1.80665 2.00649 -0.6
      vertex -1.45623 1.05801 0.6
      vertex -2.18435 1.58702 -0.6
    endloop
  endfacet
  facet normal 0.166662 0.784061 -0.59789
    outer loop
      vertex -0.556231 -1.7119 0.6
      vertex -0.282227 -2.68521 -0.6
      vertex -0.834346 -2.56785 -0.6
    endloop
  endfacet
  facet normal 0.797185 -0.0837855 -0.597893
    outer loop
      vertex -2.641 0.561361 -0.6
      vertex -1.76066 0.374241 0.6
      vertex -2.7 0 -0.6
    endloop
  endfacet
  facet normal -0.762346 -0.247694 -0.597893
    outer loop
      vertex 2.641 0.561361 -0.6
      vertex 1.76066 0.374241 0.6
      vertex 1.64438 0.732125 0.6
    endloop
  endfacet
  facet normal -0.69419 0.400782 -0.597891
    outer loop
      vertex 2.46657 -1.09819 -0.6
      vertex 2.18435 -1.58702 -0.6
      vertex 1.64438 -0.732125 0.6
    endloop
  endfacet
  facet normal -0.762344 0.247706 -0.59789
    outer loop
      vertex 2.641 -0.561361 -0.6
      vertex 2.46657 -1.09819 -0.6
      vertex 1.64438 -0.732125 0.6
    endloop
  endfacet
  facet normal 0.762346 0.247694 -0.597893
    outer loop
      vertex -1.76066 -0.374241 0.6
      vertex -1.64438 -0.732125 0.6
      vertex -2.641 -0.561361 -0.6
    endloop
  endfacet
  facet normal 0.595682 0.536365 -0.597892
    outer loop
      vertex -1.45623 -1.05801 0.6
      vertex -1.80665 -2.00649 -0.6
      vertex -2.18435 -1.58702 -0.6
    endloop
  endfacet
  facet normal 0.326021 -0.732284 -0.597888
    outer loop
      vertex -0.556231 1.7119 0.6
      vertex -0.9 1.55885 0.6
      vertex -1.35 2.33827 -0.6
    endloop
  endfacet
  facet normal -0.166661 -0.784061 -0.59789
    outer loop
      vertex 0.282227 2.68521 -0.6
      vertex 0.556231 1.7119 0.6
      vertex 0.18815 1.79014 0.6
    endloop
  endfacet
  facet normal -0.47116 0.648488 -0.597889
    outer loop
      vertex 1.80665 -2.00649 -0.6
      vertex 1.35 -2.33827 -0.6
      vertex 0.9 -1.55885 0.6
    endloop
  endfacet
  facet normal -0.166662 0.784061 -0.59789
    outer loop
      vertex 0.556231 -1.7119 0.6
      vertex 0.834346 -2.56785 -0.6
      vertex 0.282227 -2.68521 -0.6
    endloop
  endfacet
  facet normal -0.762346 0.247694 -0.597893
    outer loop
      vertex 1.76066 -0.374241 0.6
      vertex 2.641 -0.561361 -0.6
      vertex 1.64438 -0.732125 0.6
    endloop
  endfacet
  facet normal 0 -0.801578 -0.59789
    outer loop
      vertex -0.282227 2.68521 -0.6
      vertex 0.18815 1.79014 0.6
      vertex -0.18815 1.79014 0.6
    endloop
  endfacet
  facet normal 0 -0.801578 -0.59789
    outer loop
      vertex 0.18815 1.79014 0.6
      vertex -0.282227 2.68521 -0.6
      vertex 0.282227 2.68521 -0.6
    endloop
  endfacet
  facet normal -0.166661 0.784061 -0.59789
    outer loop
      vertex 0.556231 -1.7119 0.6
      vertex 0.282227 -2.68521 -0.6
      vertex 0.18815 -1.79014 0.6
    endloop
  endfacet
  facet normal 0.326027 -0.73228 -0.59789
    outer loop
      vertex -0.834346 2.56785 -0.6
      vertex -0.556231 1.7119 0.6
      vertex -1.35 2.33827 -0.6
    endloop
  endfacet
  facet normal 0.47116 -0.648488 -0.597889
    outer loop
      vertex -1.35 2.33827 -0.6
      vertex -0.9 1.55885 0.6
      vertex -1.80665 2.00649 -0.6
    endloop
  endfacet
  facet normal 0 0.801578 -0.59789
    outer loop
      vertex 0.282227 -2.68521 -0.6
      vertex -0.18815 -1.79014 0.6
      vertex 0.18815 -1.79014 0.6
    endloop
  endfacet
  facet normal 0 0.801578 -0.59789
    outer loop
      vertex -0.18815 -1.79014 0.6
      vertex 0.282227 -2.68521 -0.6
      vertex -0.282227 -2.68521 -0.6
    endloop
  endfacet
  facet normal 0.595686 -0.536362 -0.597891
    outer loop
      vertex -1.20443 1.33766 0.6
      vertex -1.45623 1.05801 0.6
      vertex -1.80665 2.00649 -0.6
    endloop
  endfacet
  facet normal 0.471167 -0.648481 -0.597891
    outer loop
      vertex -0.9 1.55885 0.6
      vertex -1.20443 1.33766 0.6
      vertex -1.80665 2.00649 -0.6
    endloop
  endfacet
  facet normal 0.762346 -0.247694 -0.597893
    outer loop
      vertex -1.64438 0.732125 0.6
      vertex -1.76066 0.374241 0.6
      vertex -2.641 0.561361 -0.6
    endloop
  endfacet
  facet normal 0.694185 -0.400788 -0.597893
    outer loop
      vertex -1.45623 1.05801 0.6
      vertex -1.64438 0.732125 0.6
      vertex -2.18435 1.58702 -0.6
    endloop
  endfacet
  facet normal 0 0 -1
    outer loop
      vertex 1.76066 -0.374241 0.6
      vertex 1.76066 0.374241 0.6
      vertex 1.8 0 0.6
    endloop
  endfacet
  facet normal 0 0 -1
    outer loop
      vertex 1.64438 -0.732125 0.6
      vertex 1.76066 0.374241 0.6
      vertex 1.76066 -0.374241 0.6
    endloop
  endfacet
  facet normal 0 0 -1
    outer loop
      vertex 1.64438 -0.732125 0.6
      vertex 1.64438 0.732125 0.6
      vertex 1.76066 0.374241 0.6
    endloop
  endfacet
  facet normal 0 0 -1
    outer loop
      vertex 1.45623 -1.05801 0.6
      vertex 1.64438 0.732125 0.6
      vertex 1.64438 -0.732125 0.6
    endloop
  endfacet
  facet normal 0 0 -1
    outer loop
      vertex 1.45623 -1.05801 0.6
      vertex 1.45623 1.05801 0.6
      vertex 1.64438 0.732125 0.6
    endloop
  endfacet
  facet normal 0 0 -1
    outer loop
      vertex 1.20443 -1.33766 0.6
      vertex 1.45623 1.05801 0.6
      vertex 1.45623 -1.05801 0.6
    endloop
  endfacet
  facet normal 0 0 -1
    outer loop
      vertex 1.20443 -1.33766 0.6
      vertex 1.20443 1.33766 0.6
      vertex 1.45623 1.05801 0.6
    endloop
  endfacet
  facet normal 0 0 -1
    outer loop
      vertex 0.9 -1.55885 0.6
      vertex 1.20443 1.33766 0.6
      vertex 1.20443 -1.33766 0.6
    endloop
  endfacet
  facet normal 0 0 -1
    outer loop
      vertex 0.9 -1.55885 0.6
      vertex 0.9 1.55885 0.6
      vertex 1.20443 1.33766 0.6
    endloop
  endfacet
  facet normal 0 0 -1
    outer loop
      vertex 0.556231 -1.7119 0.6
      vertex 0.9 1.55885 0.6
      vertex 0.9 -1.55885 0.6
    endloop
  endfacet
  facet normal 0 0 -1
    outer loop
      vertex 0.556231 -1.7119 0.6
      vertex 0.556231 1.7119 0.6
      vertex 0.9 1.55885 0.6
    endloop
  endfacet
  facet normal 0 0 -1
    outer loop
      vertex 0.18815 -1.79014 0.6
      vertex 0.556231 1.7119 0.6
      vertex 0.556231 -1.7119 0.6
    endloop
  endfacet
  facet normal 0 0 -1
    outer loop
      vertex 0.18815 -1.79014 0.6
      vertex 0.18815 1.79014 0.6
      vertex 0.556231 1.7119 0.6
    endloop
  endfacet
  facet normal 0 0 -1
    outer loop
      vertex -0.18815 -1.79014 0.6
      vertex 0.18815 1.79014 0.6
      vertex 0.18815 -1.79014 0.6
    endloop
  endfacet
  facet normal 0 0 -1
    outer loop
      vertex -0.18815 -1.79014 0.6
      vertex -0.18815 1.79014 0.6
      vertex 0.18815 1.79014 0.6
    endloop
  endfacet
  facet normal 0 0 -1
    outer loop
      vertex -0.556231 -1.7119 0.6
      vertex -0.18815 1.79014 0.6
      vertex -0.18815 -1.79014 0.6
    endloop
  endfacet
  facet normal 0 0 -1
    outer loop
      vertex -0.556231 -1.7119 0.6
      vertex -0.556231 1.7119 0.6
      vertex -0.18815 1.79014 0.6
    endloop
  endfacet
  facet normal 0 0 -1
    outer loop
      vertex -0.9 -1.55885 0.6
      vertex -0.556231 1.7119 0.6
      vertex -0.556231 -1.7119 0.6
    endloop
  endfacet
  facet normal 0 0 -1
    outer loop
      vertex -0.9 -1.55885 0.6
      vertex -0.9 1.55885 0.6
      vertex -0.556231 1.7119 0.6
    endloop
  endfacet
  facet normal 0 0 -1
    outer loop
      vertex -1.20443 -1.33766 0.6
      vertex -0.9 1.55885 0.6
      vertex -0.9 -1.55885 0.6
    endloop
  endfacet
  facet normal 0 0 -1
    outer loop
      vertex -1.20443 -1.33766 0.6
      vertex -1.20443 1.33766 0.6
      vertex -0.9 1.55885 0.6
    endloop
  endfacet
  facet normal 0 0 -1
    outer loop
      vertex -1.45623 -1.05801 0.6
      vertex -1.20443 1.33766 0.6
      vertex -1.20443 -1.33766 0.6
    endloop
  endfacet
  facet normal 0 0 -1
    outer loop
      vertex -1.45623 -1.05801 0.6
      vertex -1.45623 1.05801 0.6
      vertex -1.20443 1.33766 0.6
    endloop
  endfacet
  facet normal 0 0 -1
    outer loop
      vertex -1.64438 -0.732125 0.6
      vertex -1.45623 1.05801 0.6
      vertex -1.45623 -1.05801 0.6
    endloop
  endfacet
  facet normal 0 0 -1
    outer loop
      vertex -1.64438 -0.732125 0.6
      vertex -1.64438 0.732125 0.6
      vertex -1.45623 1.05801 0.6
    endloop
  endfacet
  facet normal 0 0 -1
    outer loop
      vertex -1.76066 -0.374241 0.6
      vertex -1.64438 0.732125 0.6
      vertex -1.64438 -0.732125 0.6
    endloop
  endfacet
  facet normal 0 0 -1
    outer loop
      vertex -1.76066 -0.374241 0.6
      vertex -1.76066 0.374241 0.6
      vertex -1.64438 0.732125 0.6
    endloop
  endfacet
  facet normal 0 -0 -1
    outer loop
      vertex -1.76066 0.374241 0.6
      vertex -1.76066 -0.374241 0.6
      vertex -1.8 0 0.6
    endloop
  endfacet
  facet normal 0.743149 0.669126 0
    outer loop
      vertex -2.14122 -9.87806 -0.6
      vertex -2.58885 -9.38091 -2.5
      vertex -2.58885 -9.38091 -0.6
    endloop
  endfacet
  facet normal 0.743149 0.669126 0
    outer loop
      vertex -2.58885 -9.38091 -2.5
      vertex -2.14122 -9.87806 -0.6
      vertex -2.14122 -9.87806 -2.5
    endloop
  endfacet
  facet normal -0.951055 -0.309021 0
    outer loop
      vertex 3.13007 -6.83468 -2.5
      vertex 2.92334 -6.19844 -0.6
      vertex 2.92334 -6.19844 -2.5
    endloop
  endfacet
  facet normal -0.951055 -0.309021 0
    outer loop
      vertex 2.92334 -6.19844 -0.6
      vertex 3.13007 -6.83468 -2.5
      vertex 3.13007 -6.83468 -0.6
    endloop
  endfacet
  facet normal -0.994522 -0.104531 0
    outer loop
      vertex 3.2 -7.5 -2.5
      vertex 3.13007 -6.83468 -0.6
      vertex 3.13007 -6.83468 -2.5
    endloop
  endfacet
  facet normal -0.994522 -0.104531 0
    outer loop
      vertex 3.13007 -6.83468 -0.6
      vertex 3.2 -7.5 -2.5
      vertex 3.2 -7.5 -0.6
    endloop
  endfacet
  facet normal -0.866024 -0.500002 0
    outer loop
      vertex 2.92334 -6.19844 -2.5
      vertex 2.58885 -5.61909 -0.6
      vertex 2.58885 -5.61909 -2.5
    endloop
  endfacet
  facet normal -0.866024 -0.500002 0
    outer loop
      vertex 2.58885 -5.61909 -0.6
      vertex 2.92334 -6.19844 -2.5
      vertex 2.92334 -6.19844 -0.6
    endloop
  endfacet
  facet normal -0.951055 0.309021 0
    outer loop
      vertex 2.92334 -8.80156 -2.5
      vertex 3.13007 -8.16532 -0.6
      vertex 3.13007 -8.16532 -2.5
    endloop
  endfacet
  facet normal -0.951055 0.309021 0
    outer loop
      vertex 3.13007 -8.16532 -0.6
      vertex 2.92334 -8.80156 -2.5
      vertex 2.92334 -8.80156 -0.6
    endloop
  endfacet
  facet normal 0.587786 -0.809017 0
    outer loop
      vertex -2.14122 -5.12194 -2.5
      vertex -1.6 -4.72872 -0.6
      vertex -2.14122 -5.12194 -0.6
    endloop
  endfacet
  facet normal 0.587786 -0.809017 0
    outer loop
      vertex -1.6 -4.72872 -0.6
      vertex -2.14122 -5.12194 -2.5
      vertex -1.6 -4.72872 -2.5
    endloop
  endfacet
  facet normal -0.587805 0.809002 0
    outer loop
      vertex 2.14122 -9.87806 -2.5
      vertex 1.6 -10.2713 -0.6
      vertex 2.14122 -9.87806 -0.6
    endloop
  endfacet
  facet normal -0.587805 0.809002 0
    outer loop
      vertex 1.6 -10.2713 -0.6
      vertex 2.14122 -9.87806 -2.5
      vertex 1.6 -10.2713 -2.5
    endloop
  endfacet
  facet normal -0.743149 0.669126 0
    outer loop
      vertex 2.14122 -9.87806 -2.5
      vertex 2.58885 -9.38091 -0.6
      vertex 2.58885 -9.38091 -2.5
    endloop
  endfacet
  facet normal -0.743149 0.669126 0
    outer loop
      vertex 2.58885 -9.38091 -0.6
      vertex 2.14122 -9.87806 -2.5
      vertex 2.14122 -9.87806 -0.6
    endloop
  endfacet
  facet normal -0.994522 0.104531 0
    outer loop
      vertex 3.13007 -8.16532 -2.5
      vertex 3.2 -7.5 -0.6
      vertex 3.2 -7.5 -2.5
    endloop
  endfacet
  facet normal -0.994522 0.104531 0
    outer loop
      vertex 3.2 -7.5 -0.6
      vertex 3.13007 -8.16532 -2.5
      vertex 3.13007 -8.16532 -0.6
    endloop
  endfacet
  facet normal 0.406736 0.913546 -0
    outer loop
      vertex -0.988853 -10.5434 -2.5
      vertex -1.6 -10.2713 -0.6
      vertex -0.988853 -10.5434 -0.6
    endloop
  endfacet
  facet normal 0.406736 0.913546 0
    outer loop
      vertex -1.6 -10.2713 -0.6
      vertex -0.988853 -10.5434 -2.5
      vertex -1.6 -10.2713 -2.5
    endloop
  endfacet
  facet normal -0.406736 -0.913546 0
    outer loop
      vertex 0.988853 -4.45662 -2.5
      vertex 1.6 -4.72872 -0.6
      vertex 0.988853 -4.45662 -0.6
    endloop
  endfacet
  facet normal -0.406736 -0.913546 -0
    outer loop
      vertex 1.6 -4.72872 -0.6
      vertex 0.988853 -4.45662 -2.5
      vertex 1.6 -4.72872 -2.5
    endloop
  endfacet
  facet normal -0.743149 -0.669126 0
    outer loop
      vertex 2.58885 -5.61909 -2.5
      vertex 2.14122 -5.12194 -0.6
      vertex 2.14122 -5.12194 -2.5
    endloop
  endfacet
  facet normal -0.743149 -0.669126 0
    outer loop
      vertex 2.14122 -5.12194 -0.6
      vertex 2.58885 -5.61909 -2.5
      vertex 2.58885 -5.61909 -0.6
    endloop
  endfacet
  facet normal 0.587805 0.809002 -0
    outer loop
      vertex -1.6 -10.2713 -2.5
      vertex -2.14122 -9.87806 -0.6
      vertex -1.6 -10.2713 -0.6
    endloop
  endfacet
  facet normal 0.587805 0.809002 0
    outer loop
      vertex -2.14122 -9.87806 -0.6
      vertex -1.6 -10.2713 -2.5
      vertex -2.14122 -9.87806 -2.5
    endloop
  endfacet
  facet normal 0.743149 -0.669126 0
    outer loop
      vertex -2.58885 -5.61909 -0.6
      vertex -2.14122 -5.12194 -2.5
      vertex -2.14122 -5.12194 -0.6
    endloop
  endfacet
  facet normal 0.743149 -0.669126 0
    outer loop
      vertex -2.14122 -5.12194 -2.5
      vertex -2.58885 -5.61909 -0.6
      vertex -2.58885 -5.61909 -2.5
    endloop
  endfacet
  facet normal 0 -1 0
    outer loop
      vertex -0.334491 -4.31753 -2.5
      vertex 0.334491 -4.31753 -0.6
      vertex -0.334491 -4.31753 -0.6
    endloop
  endfacet
  facet normal 0 -1 -0
    outer loop
      vertex 0.334491 -4.31753 -0.6
      vertex -0.334491 -4.31753 -2.5
      vertex 0.334491 -4.31753 -2.5
    endloop
  endfacet
  facet normal -0.406736 0.913546 0
    outer loop
      vertex 1.6 -10.2713 -2.5
      vertex 0.988853 -10.5434 -0.6
      vertex 1.6 -10.2713 -0.6
    endloop
  endfacet
  facet normal -0.406736 0.913546 0
    outer loop
      vertex 0.988853 -10.5434 -0.6
      vertex 1.6 -10.2713 -2.5
      vertex 0.988853 -10.5434 -2.5
    endloop
  endfacet
  facet normal -0.207928 0.978144 0
    outer loop
      vertex 0.988853 -10.5434 -2.5
      vertex 0.334491 -10.6825 -0.6
      vertex 0.988853 -10.5434 -0.6
    endloop
  endfacet
  facet normal -0.207928 0.978144 0
    outer loop
      vertex 0.334491 -10.6825 -0.6
      vertex 0.988853 -10.5434 -2.5
      vertex 0.334491 -10.6825 -2.5
    endloop
  endfacet
  facet normal 0.951055 -0.309021 0
    outer loop
      vertex -3.13007 -6.83468 -0.6
      vertex -2.92334 -6.19844 -2.5
      vertex -2.92334 -6.19844 -0.6
    endloop
  endfacet
  facet normal 0.951055 -0.309021 0
    outer loop
      vertex -2.92334 -6.19844 -2.5
      vertex -3.13007 -6.83468 -0.6
      vertex -3.13007 -6.83468 -2.5
    endloop
  endfacet
  facet normal 0.951055 0.309021 0
    outer loop
      vertex -2.92334 -8.80156 -0.6
      vertex -3.13007 -8.16532 -2.5
      vertex -3.13007 -8.16532 -0.6
    endloop
  endfacet
  facet normal 0.951055 0.309021 0
    outer loop
      vertex -3.13007 -8.16532 -2.5
      vertex -2.92334 -8.80156 -0.6
      vertex -2.92334 -8.80156 -2.5
    endloop
  endfacet
  facet normal 0.406736 -0.913546 0
    outer loop
      vertex -1.6 -4.72872 -2.5
      vertex -0.988853 -4.45662 -0.6
      vertex -1.6 -4.72872 -0.6
    endloop
  endfacet
  facet normal 0.406736 -0.913546 0
    outer loop
      vertex -0.988853 -4.45662 -0.6
      vertex -1.6 -4.72872 -2.5
      vertex -0.988853 -4.45662 -2.5
    endloop
  endfacet
  facet normal 0.207928 0.978144 -0
    outer loop
      vertex -0.334491 -10.6825 -2.5
      vertex -0.988853 -10.5434 -0.6
      vertex -0.334491 -10.6825 -0.6
    endloop
  endfacet
  facet normal 0.207928 0.978144 0
    outer loop
      vertex -0.988853 -10.5434 -0.6
      vertex -0.334491 -10.6825 -2.5
      vertex -0.988853 -10.5434 -2.5
    endloop
  endfacet
  facet normal -0.207913 -0.978147 0
    outer loop
      vertex 0.334491 -4.31753 -2.5
      vertex 0.988853 -4.45662 -0.6
      vertex 0.334491 -4.31753 -0.6
    endloop
  endfacet
  facet normal -0.207913 -0.978147 -0
    outer loop
      vertex 0.988853 -4.45662 -0.6
      vertex 0.334491 -4.31753 -2.5
      vertex 0.988853 -4.45662 -2.5
    endloop
  endfacet
  facet normal 0.994522 0.104531 0
    outer loop
      vertex -3.13007 -8.16532 -0.6
      vertex -3.2 -7.5 -2.5
      vertex -3.2 -7.5 -0.6
    endloop
  endfacet
  facet normal 0.994522 0.104531 0
    outer loop
      vertex -3.2 -7.5 -2.5
      vertex -3.13007 -8.16532 -0.6
      vertex -3.13007 -8.16532 -2.5
    endloop
  endfacet
  facet normal 0.866024 0.500002 0
    outer loop
      vertex -2.58885 -9.38091 -0.6
      vertex -2.92334 -8.80156 -2.5
      vertex -2.92334 -8.80156 -0.6
    endloop
  endfacet
  facet normal 0.866024 0.500002 0
    outer loop
      vertex -2.92334 -8.80156 -2.5
      vertex -2.58885 -9.38091 -0.6
      vertex -2.58885 -9.38091 -2.5
    endloop
  endfacet
  facet normal 0.866024 -0.500002 0
    outer loop
      vertex -2.92334 -6.19844 -0.6
      vertex -2.58885 -5.61909 -2.5
      vertex -2.58885 -5.61909 -0.6
    endloop
  endfacet
  facet normal 0.866024 -0.500002 0
    outer loop
      vertex -2.58885 -5.61909 -2.5
      vertex -2.92334 -6.19844 -0.6
      vertex -2.92334 -6.19844 -2.5
    endloop
  endfacet
  facet normal -0.866024 0.500002 0
    outer loop
      vertex 2.58885 -9.38091 -2.5
      vertex 2.92334 -8.80156 -0.6
      vertex 2.92334 -8.80156 -2.5
    endloop
  endfacet
  facet normal -0.866024 0.500002 0
    outer loop
      vertex 2.92334 -8.80156 -0.6
      vertex 2.58885 -9.38091 -2.5
      vertex 2.58885 -9.38091 -0.6
    endloop
  endfacet
  facet normal -0.587786 -0.809017 0
    outer loop
      vertex 1.6 -4.72872 -2.5
      vertex 2.14122 -5.12194 -0.6
      vertex 1.6 -4.72872 -0.6
    endloop
  endfacet
  facet normal -0.587786 -0.809017 -0
    outer loop
      vertex 2.14122 -5.12194 -0.6
      vertex 1.6 -4.72872 -2.5
      vertex 2.14122 -5.12194 -2.5
    endloop
  endfacet
  facet normal 0.207913 -0.978147 0
    outer loop
      vertex -0.988853 -4.45662 -2.5
      vertex -0.334491 -4.31753 -0.6
      vertex -0.988853 -4.45662 -0.6
    endloop
  endfacet
  facet normal 0.207913 -0.978147 0
    outer loop
      vertex -0.334491 -4.31753 -0.6
      vertex -0.988853 -4.45662 -2.5
      vertex -0.334491 -4.31753 -2.5
    endloop
  endfacet
  facet normal 0 1 -0
    outer loop
      vertex 0.334491 -10.6825 -2.5
      vertex -0.334491 -10.6825 -0.6
      vertex 0.334491 -10.6825 -0.6
    endloop
  endfacet
  facet normal 0 1 0
    outer loop
      vertex -0.334491 -10.6825 -0.6
      vertex 0.334491 -10.6825 -2.5
      vertex -0.334491 -10.6825 -2.5
    endloop
  endfacet
  facet normal 0.994522 -0.104531 0
    outer loop
      vertex -3.2 -7.5 -0.6
      vertex -3.13007 -6.83468 -2.5
      vertex -3.13007 -6.83468 -0.6
    endloop
  endfacet
  facet normal 0.994522 -0.104531 0
    outer loop
      vertex -3.13007 -6.83468 -2.5
      vertex -3.2 -7.5 -0.6
      vertex -3.2 -7.5 -2.5
    endloop
  endfacet
  facet normal -0.745113 -0.078318 -0.662324
    outer loop
      vertex 3.2 -7.5 -0.6
      vertex 2.13333 -7.5 0.6
      vertex 2.08671 -7.05646 0.6
    endloop
  endfacet
  facet normal -0.745112 -0.0783168 -0.662325
    outer loop
      vertex 3.13007 -6.83468 -0.6
      vertex 3.2 -7.5 -0.6
      vertex 2.08671 -7.05646 0.6
    endloop
  endfacet
  facet normal -0.648839 0.374615 -0.662323
    outer loop
      vertex 1.9489 -8.3677 0.6
      vertex 2.58885 -9.38091 -0.6
      vertex 1.7259 -8.75394 0.6
    endloop
  endfacet
  facet normal 0.648842 -0.374611 -0.662322
    outer loop
      vertex -2.58885 -5.61909 -0.6
      vertex -1.9489 -6.6323 0.6
      vertex -2.92334 -6.19844 -0.6
    endloop
  endfacet
  facet normal -0.44038 -0.60613 -0.662323
    outer loop
      vertex 1.6 -4.72872 -0.6
      vertex 2.14122 -5.12194 -0.6
      vertex 1.06667 -5.65248 0.6
    endloop
  endfacet
  facet normal -0.155772 -0.732846 -0.662323
    outer loop
      vertex 0.988853 -4.45662 -0.6
      vertex 0.659236 -5.47108 0.6
      vertex 0.334491 -4.31753 -0.6
    endloop
  endfacet
  facet normal 0.556778 0.501324 -0.662324
    outer loop
      vertex -1.7259 -8.75394 0.6
      vertex -1.42748 -9.08537 0.6
      vertex -2.14122 -9.87806 -0.6
    endloop
  endfacet
  facet normal -0.556778 -0.501324 -0.662324
    outer loop
      vertex 2.14122 -5.12194 -0.6
      vertex 1.7259 -6.24606 0.6
      vertex 1.42748 -5.91463 0.6
    endloop
  endfacet
  facet normal -0.712546 0.231524 -0.662325
    outer loop
      vertex 3.13007 -8.16532 -0.6
      vertex 2.92334 -8.80156 -0.6
      vertex 2.08671 -7.94354 0.6
    endloop
  endfacet
  facet normal -0.304735 -0.684445 -0.662323
    outer loop
      vertex 1.6 -4.72872 -0.6
      vertex 1.06667 -5.65248 0.6
      vertex 0.988853 -4.45662 -0.6
    endloop
  endfacet
  facet normal 0.648842 0.374611 -0.662322
    outer loop
      vertex -1.9489 -8.3677 0.6
      vertex -2.58885 -9.38091 -0.6
      vertex -2.92334 -8.80156 -0.6
    endloop
  endfacet
  facet normal -0.648842 -0.374611 -0.662322
    outer loop
      vertex 2.58885 -5.61909 -0.6
      vertex 2.92334 -6.19844 -0.6
      vertex 1.9489 -6.6323 0.6
    endloop
  endfacet
  facet normal 0.712555 0.23151 -0.662321
    outer loop
      vertex -2.08671 -7.94354 0.6
      vertex -1.9489 -8.3677 0.6
      vertex -2.92334 -8.80156 -0.6
    endloop
  endfacet
  facet normal 0.745113 -0.078318 -0.662324
    outer loop
      vertex -2.08671 -7.05646 0.6
      vertex -2.13333 -7.5 0.6
      vertex -3.2 -7.5 -0.6
    endloop
  endfacet
  facet normal 0.556778 -0.501324 -0.662324
    outer loop
      vertex -1.42748 -5.91463 0.6
      vertex -1.7259 -6.24606 0.6
      vertex -2.14122 -5.12194 -0.6
    endloop
  endfacet
  facet normal 0.745112 -0.0783168 -0.662325
    outer loop
      vertex -3.13007 -6.83468 -0.6
      vertex -2.08671 -7.05646 0.6
      vertex -3.2 -7.5 -0.6
    endloop
  endfacet
  facet normal 0.304732 0.68444 -0.662329
    outer loop
      vertex -1.06667 -9.34752 0.6
      vertex -0.988853 -10.5434 -0.6
      vertex -1.6 -10.2713 -0.6
    endloop
  endfacet
  facet normal -0.556781 -0.501321 -0.662323
    outer loop
      vertex 2.14122 -5.12194 -0.6
      vertex 2.58885 -5.61909 -0.6
      vertex 1.7259 -6.24606 0.6
    endloop
  endfacet
  facet normal -0.440386 -0.606124 -0.662325
    outer loop
      vertex 2.14122 -5.12194 -0.6
      vertex 1.42748 -5.91463 0.6
      vertex 1.06667 -5.65248 0.6
    endloop
  endfacet
  facet normal 0.648839 0.374615 -0.662323
    outer loop
      vertex -1.9489 -8.3677 0.6
      vertex -1.7259 -8.75394 0.6
      vertex -2.58885 -9.38091 -0.6
    endloop
  endfacet
  facet normal -0.304733 -0.684446 -0.662323
    outer loop
      vertex 0.988853 -4.45662 -0.6
      vertex 1.06667 -5.65248 0.6
      vertex 0.659236 -5.47108 0.6
    endloop
  endfacet
  facet normal 0.712546 -0.231524 -0.662325
    outer loop
      vertex -2.92334 -6.19844 -0.6
      vertex -2.08671 -7.05646 0.6
      vertex -3.13007 -6.83468 -0.6
    endloop
  endfacet
  facet normal 0.648839 -0.374615 -0.662323
    outer loop
      vertex -1.7259 -6.24606 0.6
      vertex -1.9489 -6.6323 0.6
      vertex -2.58885 -5.61909 -0.6
    endloop
  endfacet
  facet normal 0.712546 0.231524 -0.662325
    outer loop
      vertex -2.08671 -7.94354 0.6
      vertex -2.92334 -8.80156 -0.6
      vertex -3.13007 -8.16532 -0.6
    endloop
  endfacet
  facet normal 0.745112 0.0783168 -0.662325
    outer loop
      vertex -2.08671 -7.94354 0.6
      vertex -3.13007 -8.16532 -0.6
      vertex -3.2 -7.5 -0.6
    endloop
  endfacet
  facet normal -0.648839 -0.374615 -0.662323
    outer loop
      vertex 2.58885 -5.61909 -0.6
      vertex 1.9489 -6.6323 0.6
      vertex 1.7259 -6.24606 0.6
    endloop
  endfacet
  facet normal -0.712555 -0.23151 -0.662321
    outer loop
      vertex 2.92334 -6.19844 -0.6
      vertex 2.08671 -7.05646 0.6
      vertex 1.9489 -6.6323 0.6
    endloop
  endfacet
  facet normal -0.712546 -0.231524 -0.662325
    outer loop
      vertex 2.92334 -6.19844 -0.6
      vertex 3.13007 -6.83468 -0.6
      vertex 2.08671 -7.05646 0.6
    endloop
  endfacet
  facet normal -0.155776 0.732837 -0.662332
    outer loop
      vertex 0.659236 -9.52892 0.6
      vertex 0.334491 -10.6825 -0.6
      vertex 0.222994 -9.62165 0.6
    endloop
  endfacet
  facet normal 0.440386 0.606124 -0.662325
    outer loop
      vertex -1.42748 -9.08537 0.6
      vertex -1.06667 -9.34752 0.6
      vertex -2.14122 -9.87806 -0.6
    endloop
  endfacet
  facet normal 0.556781 -0.501321 -0.662323
    outer loop
      vertex -2.14122 -5.12194 -0.6
      vertex -1.7259 -6.24606 0.6
      vertex -2.58885 -5.61909 -0.6
    endloop
  endfacet
  facet normal -0.155782 0.732837 -0.662331
    outer loop
      vertex 0.659236 -9.52892 0.6
      vertex 0.988853 -10.5434 -0.6
      vertex 0.334491 -10.6825 -0.6
    endloop
  endfacet
  facet normal 0.155772 -0.732846 -0.662323
    outer loop
      vertex -0.334491 -4.31753 -0.6
      vertex -0.659236 -5.47108 0.6
      vertex -0.988853 -4.45662 -0.6
    endloop
  endfacet
  facet normal 0.155778 -0.732846 -0.662322
    outer loop
      vertex -0.334491 -4.31753 -0.6
      vertex -0.222994 -5.37835 0.6
      vertex -0.659236 -5.47108 0.6
    endloop
  endfacet
  facet normal 0.304735 -0.684445 -0.662323
    outer loop
      vertex -0.988853 -4.45662 -0.6
      vertex -1.06667 -5.65248 0.6
      vertex -1.6 -4.72872 -0.6
    endloop
  endfacet
  facet normal 0.556781 0.501321 -0.662323
    outer loop
      vertex -1.7259 -8.75394 0.6
      vertex -2.14122 -9.87806 -0.6
      vertex -2.58885 -9.38091 -0.6
    endloop
  endfacet
  facet normal -0.440392 0.606116 -0.662327
    outer loop
      vertex 2.14122 -9.87806 -0.6
      vertex 1.6 -10.2713 -0.6
      vertex 1.06667 -9.34752 0.6
    endloop
  endfacet
  facet normal 0.30473 0.684441 -0.66233
    outer loop
      vertex -0.659236 -9.52892 0.6
      vertex -0.988853 -10.5434 -0.6
      vertex -1.06667 -9.34752 0.6
    endloop
  endfacet
  facet normal -0.440386 0.606124 -0.662325
    outer loop
      vertex 1.42748 -9.08537 0.6
      vertex 2.14122 -9.87806 -0.6
      vertex 1.06667 -9.34752 0.6
    endloop
  endfacet
  facet normal -0.745112 0.0783168 -0.662325
    outer loop
      vertex 3.2 -7.5 -0.6
      vertex 3.13007 -8.16532 -0.6
      vertex 2.08671 -7.94354 0.6
    endloop
  endfacet
  facet normal -0.745113 0.078318 -0.662324
    outer loop
      vertex 2.13333 -7.5 0.6
      vertex 3.2 -7.5 -0.6
      vertex 2.08671 -7.94354 0.6
    endloop
  endfacet
  facet normal 0.155776 0.732837 -0.662332
    outer loop
      vertex -0.222994 -9.62165 0.6
      vertex -0.334491 -10.6825 -0.6
      vertex -0.659236 -9.52892 0.6
    endloop
  endfacet
  facet normal 0.745113 0.078318 -0.662324
    outer loop
      vertex -2.13333 -7.5 0.6
      vertex -2.08671 -7.94354 0.6
      vertex -3.2 -7.5 -0.6
    endloop
  endfacet
  facet normal -0.556778 0.501324 -0.662324
    outer loop
      vertex 1.7259 -8.75394 0.6
      vertex 2.14122 -9.87806 -0.6
      vertex 1.42748 -9.08537 0.6
    endloop
  endfacet
  facet normal -0.556781 0.501321 -0.662323
    outer loop
      vertex 2.58885 -9.38091 -0.6
      vertex 2.14122 -9.87806 -0.6
      vertex 1.7259 -8.75394 0.6
    endloop
  endfacet
  facet normal 0.440392 0.606116 -0.662327
    outer loop
      vertex -1.06667 -9.34752 0.6
      vertex -1.6 -10.2713 -0.6
      vertex -2.14122 -9.87806 -0.6
    endloop
  endfacet
  facet normal 0 0.74921 -0.662333
    outer loop
      vertex 0.334491 -10.6825 -0.6
      vertex -0.222994 -9.62165 0.6
      vertex 0.222994 -9.62165 0.6
    endloop
  endfacet
  facet normal 0 0.74921 -0.662333
    outer loop
      vertex -0.222994 -9.62165 0.6
      vertex 0.334491 -10.6825 -0.6
      vertex -0.334491 -10.6825 -0.6
    endloop
  endfacet
  facet normal 0 0 -1
    outer loop
      vertex 2.08671 -7.94354 0.6
      vertex 2.08671 -7.05646 0.6
      vertex 2.13333 -7.5 0.6
    endloop
  endfacet
  facet normal 0 0 -1
    outer loop
      vertex 1.9489 -8.3677 0.6
      vertex 2.08671 -7.05646 0.6
      vertex 2.08671 -7.94354 0.6
    endloop
  endfacet
  facet normal 0 0 -1
    outer loop
      vertex 1.9489 -8.3677 0.6
      vertex 1.9489 -6.6323 0.6
      vertex 2.08671 -7.05646 0.6
    endloop
  endfacet
  facet normal 0 0 -1
    outer loop
      vertex 1.7259 -8.75394 0.6
      vertex 1.9489 -6.6323 0.6
      vertex 1.9489 -8.3677 0.6
    endloop
  endfacet
  facet normal 0 0 -1
    outer loop
      vertex 1.7259 -8.75394 0.6
      vertex 1.7259 -6.24606 0.6
      vertex 1.9489 -6.6323 0.6
    endloop
  endfacet
  facet normal 0 0 -1
    outer loop
      vertex 1.42748 -9.08537 0.6
      vertex 1.7259 -6.24606 0.6
      vertex 1.7259 -8.75394 0.6
    endloop
  endfacet
  facet normal 0 0 -1
    outer loop
      vertex 1.42748 -9.08537 0.6
      vertex 1.42748 -5.91463 0.6
      vertex 1.7259 -6.24606 0.6
    endloop
  endfacet
  facet normal 0 0 -1
    outer loop
      vertex 1.06667 -9.34752 0.6
      vertex 1.42748 -5.91463 0.6
      vertex 1.42748 -9.08537 0.6
    endloop
  endfacet
  facet normal 0 0 -1
    outer loop
      vertex 1.06667 -9.34752 0.6
      vertex 1.06667 -5.65248 0.6
      vertex 1.42748 -5.91463 0.6
    endloop
  endfacet
  facet normal 0 0 -1
    outer loop
      vertex 0.659236 -9.52892 0.6
      vertex 1.06667 -5.65248 0.6
      vertex 1.06667 -9.34752 0.6
    endloop
  endfacet
  facet normal 0 0 -1
    outer loop
      vertex 0.659236 -9.52892 0.6
      vertex 0.659236 -5.47108 0.6
      vertex 1.06667 -5.65248 0.6
    endloop
  endfacet
  facet normal 0 0 -1
    outer loop
      vertex 0.222994 -9.62165 0.6
      vertex 0.659236 -5.47108 0.6
      vertex 0.659236 -9.52892 0.6
    endloop
  endfacet
  facet normal 0 0 -1
    outer loop
      vertex 0.222994 -9.62165 0.6
      vertex 0.222994 -5.37835 0.6
      vertex 0.659236 -5.47108 0.6
    endloop
  endfacet
  facet normal 0 0 -1
    outer loop
      vertex -0.222994 -9.62165 0.6
      vertex 0.222994 -5.37835 0.6
      vertex 0.222994 -9.62165 0.6
    endloop
  endfacet
  facet normal 0 0 -1
    outer loop
      vertex -0.222994 -9.62165 0.6
      vertex -0.222994 -5.37835 0.6
      vertex 0.222994 -5.37835 0.6
    endloop
  endfacet
  facet normal 0 0 -1
    outer loop
      vertex -0.659236 -9.52892 0.6
      vertex -0.222994 -5.37835 0.6
      vertex -0.222994 -9.62165 0.6
    endloop
  endfacet
  facet normal 0 0 -1
    outer loop
      vertex -0.659236 -9.52892 0.6
      vertex -0.659236 -5.47108 0.6
      vertex -0.222994 -5.37835 0.6
    endloop
  endfacet
  facet normal 0 0 -1
    outer loop
      vertex -1.06667 -9.34752 0.6
      vertex -0.659236 -5.47108 0.6
      vertex -0.659236 -9.52892 0.6
    endloop
  endfacet
  facet normal 0 0 -1
    outer loop
      vertex -1.06667 -9.34752 0.6
      vertex -1.06667 -5.65248 0.6
      vertex -0.659236 -5.47108 0.6
    endloop
  endfacet
  facet normal 0 0 -1
    outer loop
      vertex -1.42748 -9.08537 0.6
      vertex -1.06667 -5.65248 0.6
      vertex -1.06667 -9.34752 0.6
    endloop
  endfacet
  facet normal 0 0 -1
    outer loop
      vertex -1.42748 -9.08537 0.6
      vertex -1.42748 -5.91463 0.6
      vertex -1.06667 -5.65248 0.6
    endloop
  endfacet
  facet normal 0 0 -1
    outer loop
      vertex -1.7259 -8.75394 0.6
      vertex -1.42748 -5.91463 0.6
      vertex -1.42748 -9.08537 0.6
    endloop
  endfacet
  facet normal 0 0 -1
    outer loop
      vertex -1.7259 -8.75394 0.6
      vertex -1.7259 -6.24606 0.6
      vertex -1.42748 -5.91463 0.6
    endloop
  endfacet
  facet normal 0 0 -1
    outer loop
      vertex -1.9489 -8.3677 0.6
      vertex -1.7259 -6.24606 0.6
      vertex -1.7259 -8.75394 0.6
    endloop
  endfacet
  facet normal 0 0 -1
    outer loop
      vertex -1.9489 -8.3677 0.6
      vertex -1.9489 -6.6323 0.6
      vertex -1.7259 -6.24606 0.6
    endloop
  endfacet
  facet normal 0 0 -1
    outer loop
      vertex -2.08671 -7.94354 0.6
      vertex -1.9489 -6.6323 0.6
      vertex -1.9489 -8.3677 0.6
    endloop
  endfacet
  facet normal 0 0 -1
    outer loop
      vertex -2.08671 -7.94354 0.6
      vertex -2.08671 -7.05646 0.6
      vertex -1.9489 -6.6323 0.6
    endloop
  endfacet
  facet normal 0 -0 -1
    outer loop
      vertex -2.08671 -7.05646 0.6
      vertex -2.08671 -7.94354 0.6
      vertex -2.13333 -7.5 0.6
    endloop
  endfacet
  facet normal 0.44038 -0.60613 -0.662323
    outer loop
      vertex -1.6 -4.72872 -0.6
      vertex -1.06667 -5.65248 0.6
      vertex -2.14122 -5.12194 -0.6
    endloop
  endfacet
  facet normal -0.155778 -0.732846 -0.662322
    outer loop
      vertex 0.334491 -4.31753 -0.6
      vertex 0.659236 -5.47108 0.6
      vertex 0.222994 -5.37835 0.6
    endloop
  endfacet
  facet normal 0.440386 -0.606124 -0.662325
    outer loop
      vertex -1.06667 -5.65248 0.6
      vertex -1.42748 -5.91463 0.6
      vertex -2.14122 -5.12194 -0.6
    endloop
  endfacet
  facet normal 0 -0.749219 -0.662322
    outer loop
      vertex -0.334491 -4.31753 -0.6
      vertex 0.222994 -5.37835 0.6
      vertex -0.222994 -5.37835 0.6
    endloop
  endfacet
  facet normal 0 -0.749219 -0.662322
    outer loop
      vertex 0.222994 -5.37835 0.6
      vertex -0.334491 -4.31753 -0.6
      vertex 0.334491 -4.31753 -0.6
    endloop
  endfacet
  facet normal 0.304733 -0.684446 -0.662323
    outer loop
      vertex -0.988853 -4.45662 -0.6
      vertex -0.659236 -5.47108 0.6
      vertex -1.06667 -5.65248 0.6
    endloop
  endfacet
  facet normal 0.155782 0.732837 -0.662331
    outer loop
      vertex -0.659236 -9.52892 0.6
      vertex -0.334491 -10.6825 -0.6
      vertex -0.988853 -10.5434 -0.6
    endloop
  endfacet
  facet normal 0.712555 -0.23151 -0.662321
    outer loop
      vertex -1.9489 -6.6323 0.6
      vertex -2.08671 -7.05646 0.6
      vertex -2.92334 -6.19844 -0.6
    endloop
  endfacet
  facet normal -0.30473 0.684441 -0.66233
    outer loop
      vertex 1.06667 -9.34752 0.6
      vertex 0.988853 -10.5434 -0.6
      vertex 0.659236 -9.52892 0.6
    endloop
  endfacet
  facet normal -0.648842 0.374611 -0.662322
    outer loop
      vertex 2.92334 -8.80156 -0.6
      vertex 2.58885 -9.38091 -0.6
      vertex 1.9489 -8.3677 0.6
    endloop
  endfacet
  facet normal -0.304732 0.68444 -0.662329
    outer loop
      vertex 1.06667 -9.34752 0.6
      vertex 1.6 -10.2713 -0.6
      vertex 0.988853 -10.5434 -0.6
    endloop
  endfacet
  facet normal -0.712555 0.23151 -0.662321
    outer loop
      vertex 2.08671 -7.94354 0.6
      vertex 2.92334 -8.80156 -0.6
      vertex 1.9489 -8.3677 0.6
    endloop
  endfacet
  facet normal 0.20791 0.978148 -0
    outer loop
      vertex -0.386755 4.32027 -2.5
      vertex -1.14336 4.48109 -0.6
      vertex -0.386755 4.32027 -0.6
    endloop
  endfacet
  facet normal 0.20791 0.978148 0
    outer loop
      vertex -1.14336 4.48109 -0.6
      vertex -0.386755 4.32027 -2.5
      vertex -1.14336 4.48109 -2.5
    endloop
  endfacet
  facet normal -0.951055 -0.30902 0
    outer loop
      vertex 3.61915 8.76927 -2.5
      vertex 3.38012 9.50492 -0.6
      vertex 3.38012 9.50492 -2.5
    endloop
  endfacet
  facet normal -0.951055 -0.30902 0
    outer loop
      vertex 3.38012 9.50492 -0.6
      vertex 3.61915 8.76927 -2.5
      vertex 3.61915 8.76927 -0.6
    endloop
  endfacet
  facet normal -0.994522 -0.104524 0
    outer loop
      vertex 3.7 8 -2.5
      vertex 3.61915 8.76927 -0.6
      vertex 3.61915 8.76927 -2.5
    endloop
  endfacet
  facet normal -0.994522 -0.104524 0
    outer loop
      vertex 3.61915 8.76927 -0.6
      vertex 3.7 8 -2.5
      vertex 3.7 8 -0.6
    endloop
  endfacet
  facet normal -0.866023 -0.500004 0
    outer loop
      vertex 3.38012 9.50492 -2.5
      vertex 2.99336 10.1748 -0.6
      vertex 2.99336 10.1748 -2.5
    endloop
  endfacet
  facet normal -0.866023 -0.500004 0
    outer loop
      vertex 2.99336 10.1748 -0.6
      vertex 3.38012 9.50492 -2.5
      vertex 3.38012 9.50492 -0.6
    endloop
  endfacet
  facet normal -0.994522 0.104524 0
    outer loop
      vertex 3.61915 7.23073 -2.5
      vertex 3.7 8 -0.6
      vertex 3.7 8 -2.5
    endloop
  endfacet
  facet normal -0.994522 0.104524 0
    outer loop
      vertex 3.7 8 -0.6
      vertex 3.61915 7.23073 -2.5
      vertex 3.61915 7.23073 -0.6
    endloop
  endfacet
  facet normal -0.743127 -0.66915 0
    outer loop
      vertex 2.99336 10.1748 -2.5
      vertex 2.47578 10.7496 -0.6
      vertex 2.47578 10.7496 -2.5
    endloop
  endfacet
  facet normal -0.743127 -0.66915 0
    outer loop
      vertex 2.47578 10.7496 -0.6
      vertex 2.99336 10.1748 -2.5
      vertex 2.99336 10.1748 -0.6
    endloop
  endfacet
  facet normal 0.951055 0.30902 0
    outer loop
      vertex -3.38012 6.49508 -0.6
      vertex -3.61915 7.23073 -2.5
      vertex -3.61915 7.23073 -0.6
    endloop
  endfacet
  facet normal 0.951055 0.30902 0
    outer loop
      vertex -3.61915 7.23073 -2.5
      vertex -3.38012 6.49508 -0.6
      vertex -3.38012 6.49508 -2.5
    endloop
  endfacet
  facet normal 0.951055 -0.30902 0
    outer loop
      vertex -3.61915 8.76927 -0.6
      vertex -3.38012 9.50492 -2.5
      vertex -3.38012 9.50492 -0.6
    endloop
  endfacet
  facet normal 0.951055 -0.30902 0
    outer loop
      vertex -3.38012 9.50492 -2.5
      vertex -3.61915 8.76927 -0.6
      vertex -3.61915 8.76927 -2.5
    endloop
  endfacet
  facet normal -0.58778 0.809021 0
    outer loop
      vertex 2.47578 5.25036 -2.5
      vertex 1.85 4.79571 -0.6
      vertex 2.47578 5.25036 -0.6
    endloop
  endfacet
  facet normal -0.58778 0.809021 0
    outer loop
      vertex 1.85 4.79571 -0.6
      vertex 2.47578 5.25036 -2.5
      vertex 1.85 4.79571 -2.5
    endloop
  endfacet
  facet normal 0.58778 0.809021 -0
    outer loop
      vertex -1.85 4.79571 -2.5
      vertex -2.47578 5.25036 -0.6
      vertex -1.85 4.79571 -0.6
    endloop
  endfacet
  facet normal 0.58778 0.809021 0
    outer loop
      vertex -2.47578 5.25036 -0.6
      vertex -1.85 4.79571 -2.5
      vertex -2.47578 5.25036 -2.5
    endloop
  endfacet
  facet normal 0.587823 -0.80899 0
    outer loop
      vertex -2.47578 10.7496 -2.5
      vertex -1.85 11.2043 -0.6
      vertex -2.47578 10.7496 -0.6
    endloop
  endfacet
  facet normal 0.587823 -0.80899 0
    outer loop
      vertex -1.85 11.2043 -0.6
      vertex -2.47578 10.7496 -2.5
      vertex -1.85 11.2043 -2.5
    endloop
  endfacet
  facet normal 0.866023 -0.500004 0
    outer loop
      vertex -3.38012 9.50492 -0.6
      vertex -2.99336 10.1748 -2.5
      vertex -2.99336 10.1748 -0.6
    endloop
  endfacet
  facet normal 0.866023 -0.500004 0
    outer loop
      vertex -2.99336 10.1748 -2.5
      vertex -3.38012 9.50492 -0.6
      vertex -3.38012 9.50492 -2.5
    endloop
  endfacet
  facet normal 0.406719 -0.913553 0
    outer loop
      vertex -1.85 11.2043 -2.5
      vertex -1.14336 11.5189 -0.6
      vertex -1.85 11.2043 -0.6
    endloop
  endfacet
  facet normal 0.406719 -0.913553 0
    outer loop
      vertex -1.14336 11.5189 -0.6
      vertex -1.85 11.2043 -2.5
      vertex -1.14336 11.5189 -2.5
    endloop
  endfacet
  facet normal 0.207885 -0.978153 0
    outer loop
      vertex -1.14336 11.5189 -2.5
      vertex -0.386755 11.6797 -0.6
      vertex -1.14336 11.5189 -0.6
    endloop
  endfacet
  facet normal 0.207885 -0.978153 0
    outer loop
      vertex -0.386755 11.6797 -0.6
      vertex -1.14336 11.5189 -2.5
      vertex -0.386755 11.6797 -2.5
    endloop
  endfacet
  facet normal -0.866023 0.500004 0
    outer loop
      vertex 2.99336 5.8252 -2.5
      vertex 3.38012 6.49508 -0.6
      vertex 3.38012 6.49508 -2.5
    endloop
  endfacet
  facet normal -0.866023 0.500004 0
    outer loop
      vertex 3.38012 6.49508 -0.6
      vertex 2.99336 5.8252 -2.5
      vertex 2.99336 5.8252 -0.6
    endloop
  endfacet
  facet normal -0.74315 0.669125 0
    outer loop
      vertex 2.47578 5.25036 -2.5
      vertex 2.99336 5.8252 -0.6
      vertex 2.99336 5.8252 -2.5
    endloop
  endfacet
  facet normal -0.74315 0.669125 0
    outer loop
      vertex 2.99336 5.8252 -0.6
      vertex 2.47578 5.25036 -2.5
      vertex 2.47578 5.25036 -0.6
    endloop
  endfacet
  facet normal -0.20791 0.978148 0
    outer loop
      vertex 1.14336 4.48109 -2.5
      vertex 0.386755 4.32027 -0.6
      vertex 1.14336 4.48109 -0.6
    endloop
  endfacet
  facet normal -0.20791 0.978148 0
    outer loop
      vertex 0.386755 4.32027 -0.6
      vertex 1.14336 4.48109 -2.5
      vertex 0.386755 4.32027 -2.5
    endloop
  endfacet
  facet normal 0 -1 0
    outer loop
      vertex -0.386755 11.6797 -2.5
      vertex 0.386755 11.6797 -0.6
      vertex -0.386755 11.6797 -0.6
    endloop
  endfacet
  facet normal 0 -1 -0
    outer loop
      vertex 0.386755 11.6797 -0.6
      vertex -0.386755 11.6797 -2.5
      vertex 0.386755 11.6797 -2.5
    endloop
  endfacet
  facet normal -0.951055 0.30902 0
    outer loop
      vertex 3.38012 6.49508 -2.5
      vertex 3.61915 7.23073 -0.6
      vertex 3.61915 7.23073 -2.5
    endloop
  endfacet
  facet normal -0.951055 0.30902 0
    outer loop
      vertex 3.61915 7.23073 -0.6
      vertex 3.38012 6.49508 -2.5
      vertex 3.38012 6.49508 -0.6
    endloop
  endfacet
  facet normal -0.587823 -0.80899 0
    outer loop
      vertex 1.85 11.2043 -2.5
      vertex 2.47578 10.7496 -0.6
      vertex 1.85 11.2043 -0.6
    endloop
  endfacet
  facet normal -0.587823 -0.80899 -0
    outer loop
      vertex 2.47578 10.7496 -0.6
      vertex 1.85 11.2043 -2.5
      vertex 2.47578 10.7496 -2.5
    endloop
  endfacet
  facet normal 0.994522 -0.104524 0
    outer loop
      vertex -3.7 8 -0.6
      vertex -3.61915 8.76927 -2.5
      vertex -3.61915 8.76927 -0.6
    endloop
  endfacet
  facet normal 0.994522 -0.104524 0
    outer loop
      vertex -3.61915 8.76927 -2.5
      vertex -3.7 8 -0.6
      vertex -3.7 8 -2.5
    endloop
  endfacet
  facet normal 0.866023 0.500004 0
    outer loop
      vertex -2.99336 5.8252 -0.6
      vertex -3.38012 6.49508 -2.5
      vertex -3.38012 6.49508 -0.6
    endloop
  endfacet
  facet normal 0.866023 0.500004 0
    outer loop
      vertex -3.38012 6.49508 -2.5
      vertex -2.99336 5.8252 -0.6
      vertex -2.99336 5.8252 -2.5
    endloop
  endfacet
  facet normal -0.406719 -0.913553 0
    outer loop
      vertex 1.14336 11.5189 -2.5
      vertex 1.85 11.2043 -0.6
      vertex 1.14336 11.5189 -0.6
    endloop
  endfacet
  facet normal -0.406719 -0.913553 -0
    outer loop
      vertex 1.85 11.2043 -0.6
      vertex 1.14336 11.5189 -2.5
      vertex 1.85 11.2043 -2.5
    endloop
  endfacet
  facet normal 0 1 -0
    outer loop
      vertex 0.386755 4.32027 -2.5
      vertex -0.386755 4.32027 -0.6
      vertex 0.386755 4.32027 -0.6
    endloop
  endfacet
  facet normal 0 1 0
    outer loop
      vertex -0.386755 4.32027 -0.6
      vertex 0.386755 4.32027 -2.5
      vertex -0.386755 4.32027 -2.5
    endloop
  endfacet
  facet normal 0.994522 0.104524 0
    outer loop
      vertex -3.61915 7.23073 -0.6
      vertex -3.7 8 -2.5
      vertex -3.7 8 -0.6
    endloop
  endfacet
  facet normal 0.994522 0.104524 0
    outer loop
      vertex -3.7 8 -2.5
      vertex -3.61915 7.23073 -0.6
      vertex -3.61915 7.23073 -2.5
    endloop
  endfacet
  facet normal -0.406741 0.913544 0
    outer loop
      vertex 1.85 4.79571 -2.5
      vertex 1.14336 4.48109 -0.6
      vertex 1.85 4.79571 -0.6
    endloop
  endfacet
  facet normal -0.406741 0.913544 0
    outer loop
      vertex 1.14336 4.48109 -0.6
      vertex 1.85 4.79571 -2.5
      vertex 1.14336 4.48109 -2.5
    endloop
  endfacet
  facet normal 0.74315 0.669125 0
    outer loop
      vertex -2.47578 5.25036 -0.6
      vertex -2.99336 5.8252 -2.5
      vertex -2.99336 5.8252 -0.6
    endloop
  endfacet
  facet normal 0.74315 0.669125 0
    outer loop
      vertex -2.99336 5.8252 -2.5
      vertex -2.47578 5.25036 -0.6
      vertex -2.47578 5.25036 -2.5
    endloop
  endfacet
  facet normal -0.207885 -0.978153 0
    outer loop
      vertex 0.386755 11.6797 -2.5
      vertex 1.14336 11.5189 -0.6
      vertex 0.386755 11.6797 -0.6
    endloop
  endfacet
  facet normal -0.207885 -0.978153 -0
    outer loop
      vertex 1.14336 11.5189 -0.6
      vertex 0.386755 11.6797 -2.5
      vertex 1.14336 11.5189 -2.5
    endloop
  endfacet
  facet normal 0.406741 0.913544 -0
    outer loop
      vertex -1.14336 4.48109 -2.5
      vertex -1.85 4.79571 -0.6
      vertex -1.14336 4.48109 -0.6
    endloop
  endfacet
  facet normal 0.406741 0.913544 0
    outer loop
      vertex -1.85 4.79571 -0.6
      vertex -1.14336 4.48109 -2.5
      vertex -1.85 4.79571 -2.5
    endloop
  endfacet
  facet normal 0.743127 -0.66915 0
    outer loop
      vertex -2.99336 10.1748 -0.6
      vertex -2.47578 10.7496 -2.5
      vertex -2.47578 10.7496 -0.6
    endloop
  endfacet
  facet normal 0.743127 -0.66915 0
    outer loop
      vertex -2.47578 10.7496 -2.5
      vertex -2.99336 10.1748 -0.6
      vertex -2.99336 10.1748 -2.5
    endloop
  endfacet
  facet normal -0.605627 0.349663 -0.714809
    outer loop
      vertex 3.38012 6.49508 -0.6
      vertex 2.99336 5.8252 -0.6
      vertex 1.99557 6.55013 0.6
    endloop
  endfacet
  facet normal -0.69549 -0.0731088 -0.714807
    outer loop
      vertex 3.7 8 -0.6
      vertex 2.46667 8 0.6
      vertex 2.41276 8.51285 0.6
    endloop
  endfacet
  facet normal -0.695488 -0.0730955 -0.71481
    outer loop
      vertex 3.61915 8.76927 -0.6
      vertex 3.7 8 -0.6
      vertex 2.41276 8.51285 0.6
    endloop
  endfacet
  facet normal -0.519704 -0.467939 -0.714801
    outer loop
      vertex 2.47578 10.7496 -0.6
      vertex 1.99557 9.44987 0.6
      vertex 1.65052 9.83309 0.6
    endloop
  endfacet
  facet normal 0.145383 -0.684063 -0.714788
    outer loop
      vertex -0.386755 11.6797 -0.6
      vertex -0.257836 10.4532 0.6
      vertex -1.14336 11.5189 -0.6
    endloop
  endfacet
  facet normal -0.605627 -0.349663 -0.714809
    outer loop
      vertex 2.99336 10.1748 -0.6
      vertex 3.38012 9.50492 -0.6
      vertex 1.99557 9.44987 0.6
    endloop
  endfacet
  facet normal 0.605628 -0.349661 -0.714809
    outer loop
      vertex -1.99557 9.44987 0.6
      vertex -2.25341 9.00328 0.6
      vertex -3.38012 9.50492 -0.6
    endloop
  endfacet
  facet normal -0.665091 0.216104 -0.71481
    outer loop
      vertex 3.61915 7.23073 -0.6
      vertex 3.38012 6.49508 -0.6
      vertex 2.41276 7.48715 0.6
    endloop
  endfacet
  facet normal 0.284423 -0.638859 -0.714817
    outer loop
      vertex -1.14336 11.5189 -0.6
      vertex -0.762241 10.3459 0.6
      vertex -1.85 11.2043 -0.6
    endloop
  endfacet
  facet normal 0.284392 -0.638884 -0.714807
    outer loop
      vertex -0.762241 10.3459 0.6
      vertex -1.23333 10.1362 0.6
      vertex -1.85 11.2043 -0.6
    endloop
  endfacet
  facet normal -0.411047 0.565765 -0.714807
    outer loop
      vertex 2.47578 5.25036 -0.6
      vertex 1.85 4.79571 -0.6
      vertex 1.23333 5.8638 0.6
    endloop
  endfacet
  facet normal 0.665091 -0.216104 -0.71481
    outer loop
      vertex -3.38012 9.50492 -0.6
      vertex -2.41276 8.51285 0.6
      vertex -3.61915 8.76927 -0.6
    endloop
  endfacet
  facet normal 0.519698 0.467934 -0.714809
    outer loop
      vertex -1.99557 6.55013 0.6
      vertex -1.65052 6.16691 0.6
      vertex -2.47578 5.25036 -0.6
    endloop
  endfacet
  facet normal 0.145395 0.684038 -0.714809
    outer loop
      vertex -0.257836 5.54685 0.6
      vertex -0.386755 4.32027 -0.6
      vertex -1.14336 4.48109 -0.6
    endloop
  endfacet
  facet normal -0.605628 0.349661 -0.714809
    outer loop
      vertex 2.25341 6.99672 0.6
      vertex 3.38012 6.49508 -0.6
      vertex 1.99557 6.55013 0.6
    endloop
  endfacet
  facet normal 0.284437 0.638864 -0.714807
    outer loop
      vertex -1.23333 5.8638 0.6
      vertex -0.762241 5.65406 0.6
      vertex -1.85 4.79571 -0.6
    endloop
  endfacet
  facet normal -0.284437 0.638864 -0.714807
    outer loop
      vertex 1.23333 5.8638 0.6
      vertex 1.85 4.79571 -0.6
      vertex 0.762241 5.65406 0.6
    endloop
  endfacet
  facet normal 0.605627 -0.349663 -0.714809
    outer loop
      vertex -2.99336 10.1748 -0.6
      vertex -1.99557 9.44987 0.6
      vertex -3.38012 9.50492 -0.6
    endloop
  endfacet
  facet normal -0.145505 -0.684001 -0.714823
    outer loop
      vertex 1.14336 11.5189 -0.6
      vertex 0.762241 10.3459 0.6
      vertex 0.257836 10.4532 0.6
    endloop
  endfacet
  facet normal -0.411077 -0.565744 -0.714808
    outer loop
      vertex 1.85 11.2043 -0.6
      vertex 2.47578 10.7496 -0.6
      vertex 1.23333 10.1362 0.6
    endloop
  endfacet
  facet normal -0.284423 -0.638859 -0.714817
    outer loop
      vertex 1.14336 11.5189 -0.6
      vertex 1.85 11.2043 -0.6
      vertex 0.762241 10.3459 0.6
    endloop
  endfacet
  facet normal 0.411058 -0.565766 -0.7148
    outer loop
      vertex -1.23333 10.1362 0.6
      vertex -1.65052 9.83309 0.6
      vertex -2.47578 10.7496 -0.6
    endloop
  endfacet
  facet normal -0.665092 -0.216101 -0.714809
    outer loop
      vertex 3.38012 9.50492 -0.6
      vertex 2.41276 8.51285 0.6
      vertex 2.25341 9.00328 0.6
    endloop
  endfacet
  facet normal 0.5197 0.467933 -0.714808
    outer loop
      vertex -1.99557 6.55013 0.6
      vertex -2.47578 5.25036 -0.6
      vertex -2.99336 5.8252 -0.6
    endloop
  endfacet
  facet normal -0.5197 0.467933 -0.714808
    outer loop
      vertex 2.99336 5.8252 -0.6
      vertex 2.47578 5.25036 -0.6
      vertex 1.99557 6.55013 0.6
    endloop
  endfacet
  facet normal -0.519685 -0.467951 -0.714807
    outer loop
      vertex 2.47578 10.7496 -0.6
      vertex 2.99336 10.1748 -0.6
      vertex 1.99557 9.44987 0.6
    endloop
  endfacet
  facet normal -0.665091 -0.216104 -0.71481
    outer loop
      vertex 3.38012 9.50492 -0.6
      vertex 3.61915 8.76927 -0.6
      vertex 2.41276 8.51285 0.6
    endloop
  endfacet
  facet normal -0.519698 0.467934 -0.714809
    outer loop
      vertex 1.99557 6.55013 0.6
      vertex 2.47578 5.25036 -0.6
      vertex 1.65052 6.16691 0.6
    endloop
  endfacet
  facet normal 0.411047 0.565765 -0.714807
    outer loop
      vertex -1.23333 5.8638 0.6
      vertex -1.85 4.79571 -0.6
      vertex -2.47578 5.25036 -0.6
    endloop
  endfacet
  facet normal 0 -0.699343 -0.714787
    outer loop
      vertex -0.257836 10.4532 0.6
      vertex 0.386755 11.6797 -0.6
      vertex 0.257836 10.4532 0.6
    endloop
  endfacet
  facet normal -0 -0.699343 -0.714787
    outer loop
      vertex 0.386755 11.6797 -0.6
      vertex -0.257836 10.4532 0.6
      vertex -0.386755 11.6797 -0.6
    endloop
  endfacet
  facet normal 0.665091 0.216104 -0.71481
    outer loop
      vertex -2.41276 7.48715 0.6
      vertex -3.38012 6.49508 -0.6
      vertex -3.61915 7.23073 -0.6
    endloop
  endfacet
  facet normal 0.695488 0.0730955 -0.71481
    outer loop
      vertex -2.41276 7.48715 0.6
      vertex -3.61915 7.23073 -0.6
      vertex -3.7 8 -0.6
    endloop
  endfacet
  facet normal -0.605628 -0.349661 -0.714809
    outer loop
      vertex 3.38012 9.50492 -0.6
      vertex 2.25341 9.00328 0.6
      vertex 1.99557 9.44987 0.6
    endloop
  endfacet
  facet normal -0.284442 0.63886 -0.714808
    outer loop
      vertex 1.85 4.79571 -0.6
      vertex 1.14336 4.48109 -0.6
      vertex 0.762241 5.65406 0.6
    endloop
  endfacet
  facet normal -0.695488 0.0730955 -0.71481
    outer loop
      vertex 3.7 8 -0.6
      vertex 3.61915 7.23073 -0.6
      vertex 2.41276 7.48715 0.6
    endloop
  endfacet
  facet normal -0.69549 0.0731088 -0.714807
    outer loop
      vertex 2.46667 8 0.6
      vertex 3.7 8 -0.6
      vertex 2.41276 7.48715 0.6
    endloop
  endfacet
  facet normal 0.605627 0.349663 -0.714809
    outer loop
      vertex -1.99557 6.55013 0.6
      vertex -2.99336 5.8252 -0.6
      vertex -3.38012 6.49508 -0.6
    endloop
  endfacet
  facet normal -0.145383 -0.684063 -0.714788
    outer loop
      vertex 0.386755 11.6797 -0.6
      vertex 1.14336 11.5189 -0.6
      vertex 0.257836 10.4532 0.6
    endloop
  endfacet
  facet normal 0.284442 0.63886 -0.714808
    outer loop
      vertex -0.762241 5.65406 0.6
      vertex -1.14336 4.48109 -0.6
      vertex -1.85 4.79571 -0.6
    endloop
  endfacet
  facet normal 0.605628 0.349661 -0.714809
    outer loop
      vertex -2.25341 6.99672 0.6
      vertex -1.99557 6.55013 0.6
      vertex -3.38012 6.49508 -0.6
    endloop
  endfacet
  facet normal 0.519685 -0.467951 -0.714807
    outer loop
      vertex -2.47578 10.7496 -0.6
      vertex -1.99557 9.44987 0.6
      vertex -2.99336 10.1748 -0.6
    endloop
  endfacet
  facet normal 0.69549 0.0731088 -0.714807
    outer loop
      vertex -2.46667 8 0.6
      vertex -2.41276 7.48715 0.6
      vertex -3.7 8 -0.6
    endloop
  endfacet
  facet normal -0.145395 0.684038 -0.714809
    outer loop
      vertex 1.14336 4.48109 -0.6
      vertex 0.386755 4.32027 -0.6
      vertex 0.257836 5.54685 0.6
    endloop
  endfacet
  facet normal -0.411058 -0.565766 -0.7148
    outer loop
      vertex 2.47578 10.7496 -0.6
      vertex 1.65052 9.83309 0.6
      vertex 1.23333 10.1362 0.6
    endloop
  endfacet
  facet normal 0.665092 -0.216101 -0.714809
    outer loop
      vertex -2.25341 9.00328 0.6
      vertex -2.41276 8.51285 0.6
      vertex -3.38012 9.50492 -0.6
    endloop
  endfacet
  facet normal -0.284392 -0.638884 -0.714807
    outer loop
      vertex 1.85 11.2043 -0.6
      vertex 1.23333 10.1362 0.6
      vertex 0.762241 10.3459 0.6
    endloop
  endfacet
  facet normal 0.145391 0.68404 -0.714808
    outer loop
      vertex -0.762241 5.65406 0.6
      vertex -0.257836 5.54685 0.6
      vertex -1.14336 4.48109 -0.6
    endloop
  endfacet
  facet normal 0.411053 0.565759 -0.71481
    outer loop
      vertex -1.65052 6.16691 0.6
      vertex -1.23333 5.8638 0.6
      vertex -2.47578 5.25036 -0.6
    endloop
  endfacet
  facet normal -0.411053 0.565759 -0.71481
    outer loop
      vertex 1.65052 6.16691 0.6
      vertex 2.47578 5.25036 -0.6
      vertex 1.23333 5.8638 0.6
    endloop
  endfacet
  facet normal 0.665092 0.216101 -0.714809
    outer loop
      vertex -2.41276 7.48715 0.6
      vertex -2.25341 6.99672 0.6
      vertex -3.38012 6.49508 -0.6
    endloop
  endfacet
  facet normal -0.665092 0.216101 -0.714809
    outer loop
      vertex 2.41276 7.48715 0.6
      vertex 3.38012 6.49508 -0.6
      vertex 2.25341 6.99672 0.6
    endloop
  endfacet
  facet normal -0.145391 0.68404 -0.714808
    outer loop
      vertex 0.762241 5.65406 0.6
      vertex 1.14336 4.48109 -0.6
      vertex 0.257836 5.54685 0.6
    endloop
  endfacet
  facet normal 0.695488 -0.0730955 -0.71481
    outer loop
      vertex -3.61915 8.76927 -0.6
      vertex -2.41276 8.51285 0.6
      vertex -3.7 8 -0.6
    endloop
  endfacet
  facet normal 0.411077 -0.565744 -0.714808
    outer loop
      vertex -1.85 11.2043 -0.6
      vertex -1.23333 10.1362 0.6
      vertex -2.47578 10.7496 -0.6
    endloop
  endfacet
  facet normal 0.145505 -0.684001 -0.714823
    outer loop
      vertex -0.257836 10.4532 0.6
      vertex -0.762241 10.3459 0.6
      vertex -1.14336 11.5189 -0.6
    endloop
  endfacet
  facet normal 0.519704 -0.467939 -0.714801
    outer loop
      vertex -1.65052 9.83309 0.6
      vertex -1.99557 9.44987 0.6
      vertex -2.47578 10.7496 -0.6
    endloop
  endfacet
  facet normal 0.69549 -0.0731088 -0.714807
    outer loop
      vertex -2.41276 8.51285 0.6
      vertex -2.46667 8 0.6
      vertex -3.7 8 -0.6
    endloop
  endfacet
  facet normal 0 0 -1
    outer loop
      vertex 2.41276 7.48715 0.6
      vertex 2.41276 8.51285 0.6
      vertex 2.46667 8 0.6
    endloop
  endfacet
  facet normal 0 0 -1
    outer loop
      vertex 2.25341 6.99672 0.6
      vertex 2.41276 8.51285 0.6
      vertex 2.41276 7.48715 0.6
    endloop
  endfacet
  facet normal 0 0 -1
    outer loop
      vertex 2.25341 6.99672 0.6
      vertex 2.25341 9.00328 0.6
      vertex 2.41276 8.51285 0.6
    endloop
  endfacet
  facet normal 0 0 -1
    outer loop
      vertex 1.99557 6.55013 0.6
      vertex 2.25341 9.00328 0.6
      vertex 2.25341 6.99672 0.6
    endloop
  endfacet
  facet normal 0 0 -1
    outer loop
      vertex 1.99557 6.55013 0.6
      vertex 1.99557 9.44987 0.6
      vertex 2.25341 9.00328 0.6
    endloop
  endfacet
  facet normal 0 0 -1
    outer loop
      vertex 1.65052 6.16691 0.6
      vertex 1.99557 9.44987 0.6
      vertex 1.99557 6.55013 0.6
    endloop
  endfacet
  facet normal 0 0 -1
    outer loop
      vertex 1.65052 6.16691 0.6
      vertex 1.65052 9.83309 0.6
      vertex 1.99557 9.44987 0.6
    endloop
  endfacet
  facet normal 0 0 -1
    outer loop
      vertex 1.23333 5.8638 0.6
      vertex 1.65052 9.83309 0.6
      vertex 1.65052 6.16691 0.6
    endloop
  endfacet
  facet normal 0 0 -1
    outer loop
      vertex 1.23333 5.8638 0.6
      vertex 1.23333 10.1362 0.6
      vertex 1.65052 9.83309 0.6
    endloop
  endfacet
  facet normal 0 0 -1
    outer loop
      vertex 0.762241 5.65406 0.6
      vertex 1.23333 10.1362 0.6
      vertex 1.23333 5.8638 0.6
    endloop
  endfacet
  facet normal 0 0 -1
    outer loop
      vertex 0.762241 5.65406 0.6
      vertex 0.762241 10.3459 0.6
      vertex 1.23333 10.1362 0.6
    endloop
  endfacet
  facet normal 0 0 -1
    outer loop
      vertex 0.257836 5.54685 0.6
      vertex 0.762241 10.3459 0.6
      vertex 0.762241 5.65406 0.6
    endloop
  endfacet
  facet normal 0 0 -1
    outer loop
      vertex 0.257836 5.54685 0.6
      vertex 0.257836 10.4532 0.6
      vertex 0.762241 10.3459 0.6
    endloop
  endfacet
  facet normal 0 0 -1
    outer loop
      vertex -0.257836 5.54685 0.6
      vertex 0.257836 10.4532 0.6
      vertex 0.257836 5.54685 0.6
    endloop
  endfacet
  facet normal 0 0 -1
    outer loop
      vertex -0.257836 5.54685 0.6
      vertex -0.257836 10.4532 0.6
      vertex 0.257836 10.4532 0.6
    endloop
  endfacet
  facet normal 0 0 -1
    outer loop
      vertex -0.762241 5.65406 0.6
      vertex -0.257836 10.4532 0.6
      vertex -0.257836 5.54685 0.6
    endloop
  endfacet
  facet normal 0 0 -1
    outer loop
      vertex -0.762241 5.65406 0.6
      vertex -0.762241 10.3459 0.6
      vertex -0.257836 10.4532 0.6
    endloop
  endfacet
  facet normal 0 0 -1
    outer loop
      vertex -1.23333 5.8638 0.6
      vertex -0.762241 10.3459 0.6
      vertex -0.762241 5.65406 0.6
    endloop
  endfacet
  facet normal 0 0 -1
    outer loop
      vertex -1.23333 5.8638 0.6
      vertex -1.23333 10.1362 0.6
      vertex -0.762241 10.3459 0.6
    endloop
  endfacet
  facet normal 0 0 -1
    outer loop
      vertex -1.65052 6.16691 0.6
      vertex -1.23333 10.1362 0.6
      vertex -1.23333 5.8638 0.6
    endloop
  endfacet
  facet normal 0 0 -1
    outer loop
      vertex -1.65052 6.16691 0.6
      vertex -1.65052 9.83309 0.6
      vertex -1.23333 10.1362 0.6
    endloop
  endfacet
  facet normal 0 0 -1
    outer loop
      vertex -1.99557 6.55013 0.6
      vertex -1.65052 9.83309 0.6
      vertex -1.65052 6.16691 0.6
    endloop
  endfacet
  facet normal 0 0 -1
    outer loop
      vertex -1.99557 6.55013 0.6
      vertex -1.99557 9.44987 0.6
      vertex -1.65052 9.83309 0.6
    endloop
  endfacet
  facet normal 0 0 -1
    outer loop
      vertex -2.25341 6.99672 0.6
      vertex -1.99557 9.44987 0.6
      vertex -1.99557 6.55013 0.6
    endloop
  endfacet
  facet normal 0 0 -1
    outer loop
      vertex -2.25341 6.99672 0.6
      vertex -2.25341 9.00328 0.6
      vertex -1.99557 9.44987 0.6
    endloop
  endfacet
  facet normal 0 0 -1
    outer loop
      vertex -2.41276 7.48715 0.6
      vertex -2.25341 9.00328 0.6
      vertex -2.25341 6.99672 0.6
    endloop
  endfacet
  facet normal 0 0 -1
    outer loop
      vertex -2.41276 7.48715 0.6
      vertex -2.41276 8.51285 0.6
      vertex -2.25341 9.00328 0.6
    endloop
  endfacet
  facet normal 0 -0 -1
    outer loop
      vertex -2.41276 8.51285 0.6
      vertex -2.41276 7.48715 0.6
      vertex -2.46667 8 0.6
    endloop
  endfacet
  facet normal 0 0.699319 -0.714809
    outer loop
      vertex 0.386755 4.32027 -0.6
      vertex -0.257836 5.54685 0.6
      vertex 0.257836 5.54685 0.6
    endloop
  endfacet
  facet normal 0 0.699319 -0.714809
    outer loop
      vertex -0.257836 5.54685 0.6
      vertex 0.386755 4.32027 -0.6
      vertex -0.386755 4.32027 -0.6
    endloop
  endfacet
  facet normal -0.951056 -0.309019 0
    outer loop
      vertex -4.39178 0.873229 -2.5
      vertex -4.66311 1.70829 -0.6
      vertex -4.66311 1.70829 -2.5
    endloop
  endfacet
  facet normal -0.951056 -0.309019 0
    outer loop
      vertex -4.66311 1.70829 -0.6
      vertex -4.39178 0.873229 -2.5
      vertex -4.39178 0.873229 -0.6
    endloop
  endfacet
  facet normal -0.994522 -0.104528 0
    outer loop
      vertex -4.3 0 -2.5
      vertex -4.39178 0.873229 -0.6
      vertex -4.39178 0.873229 -2.5
    endloop
  endfacet
  facet normal -0.994522 -0.104528 0
    outer loop
      vertex -4.39178 0.873229 -0.6
      vertex -4.3 0 -2.5
      vertex -4.3 0 -0.6
    endloop
  endfacet
  facet normal -0.866027 -0.499998 0
    outer loop
      vertex -4.66311 1.70829 -2.5
      vertex -5.10213 2.4687 -0.6
      vertex -5.10213 2.4687 -2.5
    endloop
  endfacet
  facet normal -0.866027 -0.499998 0
    outer loop
      vertex -5.10213 2.4687 -0.6
      vertex -4.66311 1.70829 -2.5
      vertex -4.66311 1.70829 -0.6
    endloop
  endfacet
  facet normal -0.951056 0.309019 0
    outer loop
      vertex -4.66311 -1.70829 -2.5
      vertex -4.39178 -0.873229 -0.6
      vertex -4.39178 -0.873229 -2.5
    endloop
  endfacet
  facet normal -0.951056 0.309019 0
    outer loop
      vertex -4.39178 -0.873229 -0.6
      vertex -4.66311 -1.70829 -2.5
      vertex -4.66311 -1.70829 -0.6
    endloop
  endfacet
  facet normal -0.994522 0.104528 0
    outer loop
      vertex -4.39178 -0.873229 -2.5
      vertex -4.3 0 -0.6
      vertex -4.3 0 -2.5
    endloop
  endfacet
  facet normal -0.994522 0.104528 0
    outer loop
      vertex -4.3 0 -0.6
      vertex -4.39178 -0.873229 -2.5
      vertex -4.39178 -0.873229 -0.6
    endloop
  endfacet
  facet normal -0.743146 -0.669129 0
    outer loop
      vertex -5.10213 2.4687 -2.5
      vertex -5.68965 3.12121 -0.6
      vertex -5.68965 3.12121 -2.5
    endloop
  endfacet
  facet normal -0.743146 -0.669129 0
    outer loop
      vertex -5.68965 3.12121 -0.6
      vertex -5.10213 2.4687 -2.5
      vertex -5.10213 2.4687 -0.6
    endloop
  endfacet
  facet normal 0.951066 0.308988 0
    outer loop
      vertex -12.3369 -1.70829 -0.6
      vertex -12.6082 -0.873229 -2.5
      vertex -12.6082 -0.873229 -0.6
    endloop
  endfacet
  facet normal 0.951066 0.308988 0
    outer loop
      vertex -12.6082 -0.873229 -2.5
      vertex -12.3369 -1.70829 -0.6
      vertex -12.3369 -1.70829 -2.5
    endloop
  endfacet
  facet normal 0.951066 -0.308988 0
    outer loop
      vertex -12.6082 0.873229 -0.6
      vertex -12.3369 1.70829 -2.5
      vertex -12.3369 1.70829 -0.6
    endloop
  endfacet
  facet normal 0.951066 -0.308988 0
    outer loop
      vertex -12.3369 1.70829 -2.5
      vertex -12.6082 0.873229 -0.6
      vertex -12.6082 0.873229 -2.5
    endloop
  endfacet
  facet normal -0.587786 0.809017 0
    outer loop
      vertex -5.68965 -3.12121 -2.5
      vertex -6.4 -3.63731 -0.6
      vertex -5.68965 -3.12121 -0.6
    endloop
  endfacet
  facet normal -0.587786 0.809017 0
    outer loop
      vertex -6.4 -3.63731 -0.6
      vertex -5.68965 -3.12121 -2.5
      vertex -6.4 -3.63731 -2.5
    endloop
  endfacet
  facet normal 0.587813 -0.808997 0
    outer loop
      vertex -11.3103 3.12121 -2.5
      vertex -10.6 3.63731 -0.6
      vertex -11.3103 3.12121 -0.6
    endloop
  endfacet
  facet normal 0.587813 -0.808997 0
    outer loop
      vertex -10.6 3.63731 -0.6
      vertex -11.3103 3.12121 -2.5
      vertex -10.6 3.63731 -2.5
    endloop
  endfacet
  facet normal 0.866037 -0.49998 0
    outer loop
      vertex -12.3369 1.70829 -0.6
      vertex -11.8979 2.4687 -2.5
      vertex -11.8979 2.4687 -0.6
    endloop
  endfacet
  facet normal 0.866037 -0.49998 0
    outer loop
      vertex -11.8979 2.4687 -2.5
      vertex -12.3369 1.70829 -0.6
      vertex -12.3369 1.70829 -2.5
    endloop
  endfacet
  facet normal -0.866027 0.499998 0
    outer loop
      vertex -5.10213 -2.4687 -2.5
      vertex -4.66311 -1.70829 -0.6
      vertex -4.66311 -1.70829 -2.5
    endloop
  endfacet
  facet normal -0.866027 0.499998 0
    outer loop
      vertex -4.66311 -1.70829 -0.6
      vertex -5.10213 -2.4687 -2.5
      vertex -5.10213 -2.4687 -0.6
    endloop
  endfacet
  facet normal 0 -1 0
    outer loop
      vertex -8.93902 4.17699 -2.5
      vertex -8.06098 4.17699 -0.6
      vertex -8.93902 4.17699 -0.6
    endloop
  endfacet
  facet normal 0 -1 -0
    outer loop
      vertex -8.06098 4.17699 -0.6
      vertex -8.93902 4.17699 -2.5
      vertex -8.06098 4.17699 -2.5
    endloop
  endfacet
  facet normal 0.406735 -0.913546 0
    outer loop
      vertex -10.6 3.63731 -2.5
      vertex -9.79787 3.99444 -0.6
      vertex -10.6 3.63731 -0.6
    endloop
  endfacet
  facet normal 0.406735 -0.913546 0
    outer loop
      vertex -9.79787 3.99444 -0.6
      vertex -10.6 3.63731 -2.5
      vertex -9.79787 3.99444 -2.5
    endloop
  endfacet
  facet normal 0.207907 0.978149 -0
    outer loop
      vertex -8.93902 -4.17699 -2.5
      vertex -9.79787 -3.99444 -0.6
      vertex -8.93902 -4.17699 -0.6
    endloop
  endfacet
  facet normal 0.207907 0.978149 0
    outer loop
      vertex -9.79787 -3.99444 -0.6
      vertex -8.93902 -4.17699 -2.5
      vertex -9.79787 -3.99444 -2.5
    endloop
  endfacet
  facet normal 0.207907 -0.978149 0
    outer loop
      vertex -9.79787 3.99444 -2.5
      vertex -8.93902 4.17699 -0.6
      vertex -9.79787 3.99444 -0.6
    endloop
  endfacet
  facet normal 0.207907 -0.978149 0
    outer loop
      vertex -8.93902 4.17699 -0.6
      vertex -9.79787 3.99444 -2.5
      vertex -8.93902 4.17699 -2.5
    endloop
  endfacet
  facet normal -0.207907 0.978149 0
    outer loop
      vertex -7.20213 -3.99444 -2.5
      vertex -8.06098 -4.17699 -0.6
      vertex -7.20213 -3.99444 -0.6
    endloop
  endfacet
  facet normal -0.207907 0.978149 0
    outer loop
      vertex -8.06098 -4.17699 -0.6
      vertex -7.20213 -3.99444 -2.5
      vertex -8.06098 -4.17699 -2.5
    endloop
  endfacet
  facet normal -0.743146 0.669129 0
    outer loop
      vertex -5.68965 -3.12121 -2.5
      vertex -5.10213 -2.4687 -0.6
      vertex -5.10213 -2.4687 -2.5
    endloop
  endfacet
  facet normal -0.743146 0.669129 0
    outer loop
      vertex -5.10213 -2.4687 -0.6
      vertex -5.68965 -3.12121 -2.5
      vertex -5.68965 -3.12121 -0.6
    endloop
  endfacet
  facet normal -0.406735 0.913546 0
    outer loop
      vertex -6.4 -3.63731 -2.5
      vertex -7.20213 -3.99444 -0.6
      vertex -6.4 -3.63731 -0.6
    endloop
  endfacet
  facet normal -0.406735 0.913546 0
    outer loop
      vertex -7.20213 -3.99444 -0.6
      vertex -6.4 -3.63731 -2.5
      vertex -7.20213 -3.99444 -2.5
    endloop
  endfacet
  facet normal 0.587813 0.808997 -0
    outer loop
      vertex -10.6 -3.63731 -2.5
      vertex -11.3103 -3.12121 -0.6
      vertex -10.6 -3.63731 -0.6
    endloop
  endfacet
  facet normal 0.587813 0.808997 0
    outer loop
      vertex -11.3103 -3.12121 -0.6
      vertex -10.6 -3.63731 -2.5
      vertex -11.3103 -3.12121 -2.5
    endloop
  endfacet
  facet normal -0.587786 -0.809017 0
    outer loop
      vertex -6.4 3.63731 -2.5
      vertex -5.68965 3.12121 -0.6
      vertex -6.4 3.63731 -0.6
    endloop
  endfacet
  facet normal -0.587786 -0.809017 -0
    outer loop
      vertex -5.68965 3.12121 -0.6
      vertex -6.4 3.63731 -2.5
      vertex -5.68965 3.12121 -2.5
    endloop
  endfacet
  facet normal 0.99452 -0.104551 0
    outer loop
      vertex -12.7 0 -0.6
      vertex -12.6082 0.873229 -2.5
      vertex -12.6082 0.873229 -0.6
    endloop
  endfacet
  facet normal 0.99452 -0.104551 0
    outer loop
      vertex -12.6082 0.873229 -2.5
      vertex -12.7 0 -0.6
      vertex -12.7 0 -2.5
    endloop
  endfacet
  facet normal -0.207907 -0.978149 0
    outer loop
      vertex -8.06098 4.17699 -2.5
      vertex -7.20213 3.99444 -0.6
      vertex -8.06098 4.17699 -0.6
    endloop
  endfacet
  facet normal -0.207907 -0.978149 -0
    outer loop
      vertex -7.20213 3.99444 -0.6
      vertex -8.06098 4.17699 -2.5
      vertex -7.20213 3.99444 -2.5
    endloop
  endfacet
  facet normal 0.866037 0.49998 0
    outer loop
      vertex -11.8979 -2.4687 -0.6
      vertex -12.3369 -1.70829 -2.5
      vertex -12.3369 -1.70829 -0.6
    endloop
  endfacet
  facet normal 0.866037 0.49998 0
    outer loop
      vertex -12.3369 -1.70829 -2.5
      vertex -11.8979 -2.4687 -0.6
      vertex -11.8979 -2.4687 -2.5
    endloop
  endfacet
  facet normal -0.406735 -0.913546 0
    outer loop
      vertex -7.20213 3.99444 -2.5
      vertex -6.4 3.63731 -0.6
      vertex -7.20213 3.99444 -0.6
    endloop
  endfacet
  facet normal -0.406735 -0.913546 -0
    outer loop
      vertex -6.4 3.63731 -0.6
      vertex -7.20213 3.99444 -2.5
      vertex -6.4 3.63731 -2.5
    endloop
  endfacet
  facet normal 0 1 -0
    outer loop
      vertex -8.06098 -4.17699 -2.5
      vertex -8.93902 -4.17699 -0.6
      vertex -8.06098 -4.17699 -0.6
    endloop
  endfacet
  facet normal 0 1 0
    outer loop
      vertex -8.93902 -4.17699 -0.6
      vertex -8.06098 -4.17699 -2.5
      vertex -8.93902 -4.17699 -2.5
    endloop
  endfacet
  facet normal 0.99452 0.104551 0
    outer loop
      vertex -12.6082 -0.873229 -0.6
      vertex -12.7 0 -2.5
      vertex -12.7 0 -0.6
    endloop
  endfacet
  facet normal 0.99452 0.104551 0
    outer loop
      vertex -12.7 0 -2.5
      vertex -12.6082 -0.873229 -0.6
      vertex -12.6082 -0.873229 -2.5
    endloop
  endfacet
  facet normal 0.743101 0.669179 0
    outer loop
      vertex -11.3103 -3.12121 -0.6
      vertex -11.8979 -2.4687 -2.5
      vertex -11.8979 -2.4687 -0.6
    endloop
  endfacet
  facet normal 0.743101 0.669179 0
    outer loop
      vertex -11.8979 -2.4687 -2.5
      vertex -11.3103 -3.12121 -0.6
      vertex -11.3103 -3.12121 -2.5
    endloop
  endfacet
  facet normal 0.406735 0.913546 -0
    outer loop
      vertex -9.79787 -3.99444 -2.5
      vertex -10.6 -3.63731 -0.6
      vertex -9.79787 -3.99444 -0.6
    endloop
  endfacet
  facet normal 0.406735 0.913546 0
    outer loop
      vertex -10.6 -3.63731 -0.6
      vertex -9.79787 -3.99444 -2.5
      vertex -10.6 -3.63731 -2.5
    endloop
  endfacet
  facet normal 0.743101 -0.669179 0
    outer loop
      vertex -11.8979 2.4687 -0.6
      vertex -11.3103 3.12121 -2.5
      vertex -11.3103 3.12121 -0.6
    endloop
  endfacet
  facet normal 0.743101 -0.669179 0
    outer loop
      vertex -11.3103 3.12121 -2.5
      vertex -11.8979 2.4687 -0.6
      vertex -11.8979 2.4687 -2.5
    endloop
  endfacet
  facet normal 0.383728 -0.528188 -0.757476
    outer loop
      vertex -9.9 2.42487 0.6
      vertex -10.3736 2.0808 0.6
      vertex -11.3103 3.12121 -0.6
    endloop
  endfacet
  facet normal -0.565387 0.326424 -0.757486
    outer loop
      vertex -4.66311 -1.70829 -0.6
      vertex -5.10213 -2.4687 -0.6
      vertex -6.23475 -1.6458 0.6
    endloop
  endfacet
  facet normal 0.383754 0.528155 -0.757486
    outer loop
      vertex -9.9 -2.42487 0.6
      vertex -10.6 -3.63731 -0.6
      vertex -11.3103 -3.12121 -0.6
    endloop
  endfacet
  facet normal -0.649274 -0.0682452 -0.757486
    outer loop
      vertex -4.3 0 -0.6
      vertex -5.7 0 0.6
      vertex -5.76119 0.582152 0.6
    endloop
  endfacet
  facet normal -0.649273 -0.0682413 -0.757487
    outer loop
      vertex -4.39178 0.873229 -0.6
      vertex -4.3 0 -0.6
      vertex -5.76119 0.582152 0.6
    endloop
  endfacet
  facet normal -0.48516 -0.436844 -0.757487
    outer loop
      vertex -5.68965 3.12121 -0.6
      vertex -6.23475 1.6458 0.6
      vertex -6.62643 2.0808 0.6
    endloop
  endfacet
  facet normal 0.135732 -0.638585 -0.757487
    outer loop
      vertex -8.93902 4.17699 -0.6
      vertex -8.79268 2.78466 0.6
      vertex -9.79787 3.99444 -0.6
    endloop
  endfacet
  facet normal -0.565387 -0.326424 -0.757486
    outer loop
      vertex -5.10213 2.4687 -0.6
      vertex -4.66311 1.70829 -0.6
      vertex -6.23475 1.6458 0.6
    endloop
  endfacet
  facet normal -0.265541 -0.596406 -0.757488
    outer loop
      vertex -6.4 3.63731 -0.6
      vertex -7.1 2.42487 0.6
      vertex -7.63475 2.66296 0.6
    endloop
  endfacet
  facet normal -0.383736 0.528166 -0.757487
    outer loop
      vertex -5.68965 -3.12121 -0.6
      vertex -6.4 -3.63731 -0.6
      vertex -7.1 -2.42487 0.6
    endloop
  endfacet
  facet normal -0.265538 0.596409 -0.757487
    outer loop
      vertex -6.4 -3.63731 -0.6
      vertex -7.20213 -3.99444 -0.6
      vertex -7.63475 -2.66296 0.6
    endloop
  endfacet
  facet normal -0.48516 0.436844 -0.757487
    outer loop
      vertex -6.23475 -1.6458 0.6
      vertex -5.68965 -3.12121 -0.6
      vertex -6.62643 -2.0808 0.6
    endloop
  endfacet
  facet normal -0.620898 0.201744 -0.757486
    outer loop
      vertex -4.39178 -0.873229 -0.6
      vertex -4.66311 -1.70829 -0.6
      vertex -5.94207 -1.13886 0.6
    endloop
  endfacet
  facet normal 0.620896 -0.201757 -0.757484
    outer loop
      vertex -11.0579 1.13886 0.6
      vertex -11.2388 0.582152 0.6
      vertex -12.6082 0.873229 -0.6
    endloop
  endfacet
  facet normal -0.620898 -0.201744 -0.757486
    outer loop
      vertex -4.66311 1.70829 -0.6
      vertex -4.39178 0.873229 -0.6
      vertex -5.94207 1.13886 0.6
    endloop
  endfacet
  facet normal 0.383754 -0.528155 -0.757486
    outer loop
      vertex -10.6 3.63731 -0.6
      vertex -9.9 2.42487 0.6
      vertex -11.3103 3.12121 -0.6
    endloop
  endfacet
  facet normal -0.383736 0.528166 -0.757488
    outer loop
      vertex -6.62643 -2.0808 0.6
      vertex -5.68965 -3.12121 -0.6
      vertex -7.1 -2.42487 0.6
    endloop
  endfacet
  facet normal 0.265541 0.596406 -0.757488
    outer loop
      vertex -9.9 -2.42487 0.6
      vertex -9.36525 -2.66296 0.6
      vertex -10.6 -3.63731 -0.6
    endloop
  endfacet
  facet normal 0.485124 0.436866 -0.757498
    outer loop
      vertex -10.7652 -1.6458 0.6
      vertex -11.3103 -3.12121 -0.6
      vertex -11.8979 -2.4687 -0.6
    endloop
  endfacet
  facet normal 0.565378 0.326404 -0.757501
    outer loop
      vertex -10.7652 -1.6458 0.6
      vertex -11.8979 -2.4687 -0.6
      vertex -12.3369 -1.70829 -0.6
    endloop
  endfacet
  facet normal -0.265541 0.596406 -0.757488
    outer loop
      vertex -7.1 -2.42487 0.6
      vertex -6.4 -3.63731 -0.6
      vertex -7.63475 -2.66296 0.6
    endloop
  endfacet
  facet normal -0.485164 0.436842 -0.757486
    outer loop
      vertex -5.10213 -2.4687 -0.6
      vertex -5.68965 -3.12121 -0.6
      vertex -6.23475 -1.6458 0.6
    endloop
  endfacet
  facet normal -0.485164 -0.436842 -0.757486
    outer loop
      vertex -5.68965 3.12121 -0.6
      vertex -5.10213 2.4687 -0.6
      vertex -6.23475 1.6458 0.6
    endloop
  endfacet
  facet normal 0 -0.652851 -0.757486
    outer loop
      vertex -8.79268 2.78466 0.6
      vertex -8.06098 4.17699 -0.6
      vertex -8.20732 2.78466 0.6
    endloop
  endfacet
  facet normal -0 -0.652851 -0.757486
    outer loop
      vertex -8.06098 4.17699 -0.6
      vertex -8.79268 2.78466 0.6
      vertex -8.93902 4.17699 -0.6
    endloop
  endfacet
  facet normal 0.135732 0.638585 -0.757487
    outer loop
      vertex -8.79268 -2.78466 0.6
      vertex -8.93902 -4.17699 -0.6
      vertex -9.79787 -3.99444 -0.6
    endloop
  endfacet
  facet normal -0.383736 -0.528166 -0.757488
    outer loop
      vertex -5.68965 3.12121 -0.6
      vertex -6.62643 2.0808 0.6
      vertex -7.1 2.42487 0.6
    endloop
  endfacet
  facet normal 0.565378 -0.326404 -0.757501
    outer loop
      vertex -11.8979 2.4687 -0.6
      vertex -10.7652 1.6458 0.6
      vertex -12.3369 1.70829 -0.6
    endloop
  endfacet
  facet normal -0.565387 -0.326424 -0.757486
    outer loop
      vertex -4.66311 1.70829 -0.6
      vertex -5.94207 1.13886 0.6
      vertex -6.23475 1.6458 0.6
    endloop
  endfacet
  facet normal -0.265538 -0.596409 -0.757487
    outer loop
      vertex -7.20213 3.99444 -0.6
      vertex -6.4 3.63731 -0.6
      vertex -7.63475 2.66296 0.6
    endloop
  endfacet
  facet normal 0.649274 0.0682562 -0.757486
    outer loop
      vertex -11.2388 -0.582152 0.6
      vertex -12.6082 -0.873229 -0.6
      vertex -12.7 0 -0.6
    endloop
  endfacet
  facet normal -0.135732 -0.638585 -0.757486
    outer loop
      vertex -7.20213 3.99444 -0.6
      vertex -7.63475 2.66296 0.6
      vertex -8.20732 2.78466 0.6
    endloop
  endfacet
  facet normal -0.649273 0.0682413 -0.757487
    outer loop
      vertex -4.3 0 -0.6
      vertex -4.39178 -0.873229 -0.6
      vertex -5.76119 -0.582152 0.6
    endloop
  endfacet
  facet normal -0.649274 0.0682452 -0.757486
    outer loop
      vertex -5.7 0 0.6
      vertex -4.3 0 -0.6
      vertex -5.76119 -0.582152 0.6
    endloop
  endfacet
  facet normal 0.135732 -0.638585 -0.757486
    outer loop
      vertex -8.79268 2.78466 0.6
      vertex -9.36525 2.66296 0.6
      vertex -9.79787 3.99444 -0.6
    endloop
  endfacet
  facet normal 0.485219 -0.436808 -0.75747
    outer loop
      vertex -10.3736 2.0808 0.6
      vertex -10.7652 1.6458 0.6
      vertex -11.3103 3.12121 -0.6
    endloop
  endfacet
  facet normal 0.649274 0.0682563 -0.757486
    outer loop
      vertex -11.3 0 0.6
      vertex -11.2388 -0.582152 0.6
      vertex -12.7 0 -0.6
    endloop
  endfacet
  facet normal -0.135732 -0.638585 -0.757487
    outer loop
      vertex -8.06098 4.17699 -0.6
      vertex -7.20213 3.99444 -0.6
      vertex -8.20732 2.78466 0.6
    endloop
  endfacet
  facet normal 0.485219 0.436808 -0.75747
    outer loop
      vertex -10.7652 -1.6458 0.6
      vertex -10.3736 -2.0808 0.6
      vertex -11.3103 -3.12121 -0.6
    endloop
  endfacet
  facet normal -0.620898 -0.201736 -0.757488
    outer loop
      vertex -4.39178 0.873229 -0.6
      vertex -5.76119 0.582152 0.6
      vertex -5.94207 1.13886 0.6
    endloop
  endfacet
  facet normal 0.620896 0.201721 -0.757494
    outer loop
      vertex -11.0579 -1.13886 0.6
      vertex -12.3369 -1.70829 -0.6
      vertex -12.6082 -0.873229 -0.6
    endloop
  endfacet
  facet normal -0.135732 0.638585 -0.757486
    outer loop
      vertex -7.63475 -2.66296 0.6
      vertex -7.20213 -3.99444 -0.6
      vertex -8.20732 -2.78466 0.6
    endloop
  endfacet
  facet normal 0.56537 0.326437 -0.757493
    outer loop
      vertex -11.0579 -1.13886 0.6
      vertex -10.7652 -1.6458 0.6
      vertex -12.3369 -1.70829 -0.6
    endloop
  endfacet
  facet normal 0.265538 0.596409 -0.757487
    outer loop
      vertex -9.36525 -2.66296 0.6
      vertex -9.79787 -3.99444 -0.6
      vertex -10.6 -3.63731 -0.6
    endloop
  endfacet
  facet normal 0.265538 -0.596409 -0.757487
    outer loop
      vertex -9.79787 3.99444 -0.6
      vertex -9.36525 2.66296 0.6
      vertex -10.6 3.63731 -0.6
    endloop
  endfacet
  facet normal 0.649274 -0.0682562 -0.757486
    outer loop
      vertex -12.6082 0.873229 -0.6
      vertex -11.2388 0.582152 0.6
      vertex -12.7 0 -0.6
    endloop
  endfacet
  facet normal -0.565387 0.326424 -0.757486
    outer loop
      vertex -5.94207 -1.13886 0.6
      vertex -4.66311 -1.70829 -0.6
      vertex -6.23475 -1.6458 0.6
    endloop
  endfacet
  facet normal 0.56537 -0.326437 -0.757493
    outer loop
      vertex -10.7652 1.6458 0.6
      vertex -11.0579 1.13886 0.6
      vertex -12.3369 1.70829 -0.6
    endloop
  endfacet
  facet normal 0.135732 0.638585 -0.757486
    outer loop
      vertex -9.36525 -2.66296 0.6
      vertex -8.79268 -2.78466 0.6
      vertex -9.79787 -3.99444 -0.6
    endloop
  endfacet
  facet normal -0.620898 0.201736 -0.757488
    outer loop
      vertex -5.76119 -0.582152 0.6
      vertex -4.39178 -0.873229 -0.6
      vertex -5.94207 -1.13886 0.6
    endloop
  endfacet
  facet normal 0.383728 0.528188 -0.757476
    outer loop
      vertex -10.3736 -2.0808 0.6
      vertex -9.9 -2.42487 0.6
      vertex -11.3103 -3.12121 -0.6
    endloop
  endfacet
  facet normal -0.383736 -0.528166 -0.757487
    outer loop
      vertex -6.4 3.63731 -0.6
      vertex -5.68965 3.12121 -0.6
      vertex -7.1 2.42487 0.6
    endloop
  endfacet
  facet normal 0.649274 -0.0682563 -0.757486
    outer loop
      vertex -11.2388 0.582152 0.6
      vertex -11.3 0 0.6
      vertex -12.7 0 -0.6
    endloop
  endfacet
  facet normal 0.620896 -0.201721 -0.757494
    outer loop
      vertex -12.3369 1.70829 -0.6
      vertex -11.0579 1.13886 0.6
      vertex -12.6082 0.873229 -0.6
    endloop
  endfacet
  facet normal 0.485124 -0.436866 -0.757498
    outer loop
      vertex -11.3103 3.12121 -0.6
      vertex -10.7652 1.6458 0.6
      vertex -11.8979 2.4687 -0.6
    endloop
  endfacet
  facet normal 0.620896 0.201757 -0.757484
    outer loop
      vertex -11.2388 -0.582152 0.6
      vertex -11.0579 -1.13886 0.6
      vertex -12.6082 -0.873229 -0.6
    endloop
  endfacet
  facet normal 0 0.652851 -0.757486
    outer loop
      vertex -8.06098 -4.17699 -0.6
      vertex -8.79268 -2.78466 0.6
      vertex -8.20732 -2.78466 0.6
    endloop
  endfacet
  facet normal 0 0.652851 -0.757486
    outer loop
      vertex -8.79268 -2.78466 0.6
      vertex -8.06098 -4.17699 -0.6
      vertex -8.93902 -4.17699 -0.6
    endloop
  endfacet
  facet normal -0.135732 0.638585 -0.757487
    outer loop
      vertex -7.20213 -3.99444 -0.6
      vertex -8.06098 -4.17699 -0.6
      vertex -8.20732 -2.78466 0.6
    endloop
  endfacet
  facet normal 0.265541 -0.596406 -0.757488
    outer loop
      vertex -9.36525 2.66296 0.6
      vertex -9.9 2.42487 0.6
      vertex -10.6 3.63731 -0.6
    endloop
  endfacet
  facet normal 0 0 -1
    outer loop
      vertex -5.76119 -0.582152 0.6
      vertex -5.76119 0.582152 0.6
      vertex -5.7 0 0.6
    endloop
  endfacet
  facet normal 0 0 -1
    outer loop
      vertex -5.94207 -1.13886 0.6
      vertex -5.76119 0.582152 0.6
      vertex -5.76119 -0.582152 0.6
    endloop
  endfacet
  facet normal 0 0 -1
    outer loop
      vertex -5.94207 -1.13886 0.6
      vertex -5.94207 1.13886 0.6
      vertex -5.76119 0.582152 0.6
    endloop
  endfacet
  facet normal 0 0 -1
    outer loop
      vertex -6.23475 -1.6458 0.6
      vertex -5.94207 1.13886 0.6
      vertex -5.94207 -1.13886 0.6
    endloop
  endfacet
  facet normal 0 0 -1
    outer loop
      vertex -6.23475 -1.6458 0.6
      vertex -6.23475 1.6458 0.6
      vertex -5.94207 1.13886 0.6
    endloop
  endfacet
  facet normal 0 0 -1
    outer loop
      vertex -6.62643 -2.0808 0.6
      vertex -6.23475 1.6458 0.6
      vertex -6.23475 -1.6458 0.6
    endloop
  endfacet
  facet normal 0 0 -1
    outer loop
      vertex -6.62643 -2.0808 0.6
      vertex -6.62643 2.0808 0.6
      vertex -6.23475 1.6458 0.6
    endloop
  endfacet
  facet normal 0 0 -1
    outer loop
      vertex -7.1 -2.42487 0.6
      vertex -6.62643 2.0808 0.6
      vertex -6.62643 -2.0808 0.6
    endloop
  endfacet
  facet normal 0 0 -1
    outer loop
      vertex -7.1 -2.42487 0.6
      vertex -7.1 2.42487 0.6
      vertex -6.62643 2.0808 0.6
    endloop
  endfacet
  facet normal 0 0 -1
    outer loop
      vertex -7.63475 -2.66296 0.6
      vertex -7.1 2.42487 0.6
      vertex -7.1 -2.42487 0.6
    endloop
  endfacet
  facet normal 0 0 -1
    outer loop
      vertex -7.63475 -2.66296 0.6
      vertex -7.63475 2.66296 0.6
      vertex -7.1 2.42487 0.6
    endloop
  endfacet
  facet normal 0 0 -1
    outer loop
      vertex -8.20732 -2.78466 0.6
      vertex -7.63475 2.66296 0.6
      vertex -7.63475 -2.66296 0.6
    endloop
  endfacet
  facet normal 0 0 -1
    outer loop
      vertex -8.20732 -2.78466 0.6
      vertex -8.20732 2.78466 0.6
      vertex -7.63475 2.66296 0.6
    endloop
  endfacet
  facet normal 0 0 -1
    outer loop
      vertex -8.79268 -2.78466 0.6
      vertex -8.20732 2.78466 0.6
      vertex -8.20732 -2.78466 0.6
    endloop
  endfacet
  facet normal 0 0 -1
    outer loop
      vertex -8.79268 -2.78466 0.6
      vertex -8.79268 2.78466 0.6
      vertex -8.20732 2.78466 0.6
    endloop
  endfacet
  facet normal 0 0 -1
    outer loop
      vertex -9.36525 -2.66296 0.6
      vertex -8.79268 2.78466 0.6
      vertex -8.79268 -2.78466 0.6
    endloop
  endfacet
  facet normal 0 0 -1
    outer loop
      vertex -9.36525 -2.66296 0.6
      vertex -9.36525 2.66296 0.6
      vertex -8.79268 2.78466 0.6
    endloop
  endfacet
  facet normal 0 0 -1
    outer loop
      vertex -9.9 -2.42487 0.6
      vertex -9.36525 2.66296 0.6
      vertex -9.36525 -2.66296 0.6
    endloop
  endfacet
  facet normal 0 0 -1
    outer loop
      vertex -9.9 -2.42487 0.6
      vertex -9.9 2.42487 0.6
      vertex -9.36525 2.66296 0.6
    endloop
  endfacet
  facet normal 0 0 -1
    outer loop
      vertex -10.3736 -2.0808 0.6
      vertex -9.9 2.42487 0.6
      vertex -9.9 -2.42487 0.6
    endloop
  endfacet
  facet normal 0 0 -1
    outer loop
      vertex -10.3736 -2.0808 0.6
      vertex -10.3736 2.0808 0.6
      vertex -9.9 2.42487 0.6
    endloop
  endfacet
  facet normal 0 0 -1
    outer loop
      vertex -10.7652 -1.6458 0.6
      vertex -10.3736 2.0808 0.6
      vertex -10.3736 -2.0808 0.6
    endloop
  endfacet
  facet normal 0 0 -1
    outer loop
      vertex -10.7652 -1.6458 0.6
      vertex -10.7652 1.6458 0.6
      vertex -10.3736 2.0808 0.6
    endloop
  endfacet
  facet normal 0 0 -1
    outer loop
      vertex -11.0579 -1.13886 0.6
      vertex -10.7652 1.6458 0.6
      vertex -10.7652 -1.6458 0.6
    endloop
  endfacet
  facet normal 0 0 -1
    outer loop
      vertex -11.0579 -1.13886 0.6
      vertex -11.0579 1.13886 0.6
      vertex -10.7652 1.6458 0.6
    endloop
  endfacet
  facet normal 0 0 -1
    outer loop
      vertex -11.2388 -0.582152 0.6
      vertex -11.0579 1.13886 0.6
      vertex -11.0579 -1.13886 0.6
    endloop
  endfacet
  facet normal 0 0 -1
    outer loop
      vertex -11.2388 -0.582152 0.6
      vertex -11.2388 0.582152 0.6
      vertex -11.0579 1.13886 0.6
    endloop
  endfacet
  facet normal 0 -0 -1
    outer loop
      vertex -11.2388 0.582152 0.6
      vertex -11.2388 -0.582152 0.6
      vertex -11.3 0 0.6
    endloop
  endfacet
  facet normal 0.406731 0.913548 -0
    outer loop
      vertex 7.54762 -4.46996 -2.5
      vertex 6.65 -4.07032 -0.6
      vertex 7.54762 -4.46996 -0.6
    endloop
  endfacet
  facet normal 0.406731 0.913548 0
    outer loop
      vertex 6.65 -4.07032 -0.6
      vertex 7.54762 -4.46996 -2.5
      vertex 6.65 -4.07032 -2.5
    endloop
  endfacet
  facet normal 0.951056 0.309017 0
    outer loop
      vertex 4.70634 -1.91166 -0.6
      vertex 4.40271 -0.977184 -2.5
      vertex 4.40271 -0.977184 -0.6
    endloop
  endfacet
  facet normal 0.951056 0.309017 0
    outer loop
      vertex 4.40271 -0.977184 -2.5
      vertex 4.70634 -1.91166 -0.6
      vertex 4.70634 -1.91166 -2.5
    endloop
  endfacet
  facet normal -0.951065 -0.30899 0
    outer loop
      vertex 13.5973 0.977184 -2.5
      vertex 13.2937 1.91166 -0.6
      vertex 13.2937 1.91166 -2.5
    endloop
  endfacet
  facet normal -0.951065 -0.30899 0
    outer loop
      vertex 13.2937 1.91166 -0.6
      vertex 13.5973 0.977184 -2.5
      vertex 13.5973 0.977184 -0.6
    endloop
  endfacet
  facet normal -0.994523 -0.104522 0
    outer loop
      vertex 13.7 0 -2.5
      vertex 13.5973 0.977184 -0.6
      vertex 13.5973 0.977184 -2.5
    endloop
  endfacet
  facet normal -0.994523 -0.104522 0
    outer loop
      vertex 13.5973 0.977184 -0.6
      vertex 13.7 0 -2.5
      vertex 13.7 0 -0.6
    endloop
  endfacet
  facet normal -0.866019 -0.500012 0
    outer loop
      vertex 13.2937 1.91166 -2.5
      vertex 12.8024 2.76259 -0.6
      vertex 12.8024 2.76259 -2.5
    endloop
  endfacet
  facet normal -0.866019 -0.500012 0
    outer loop
      vertex 12.8024 2.76259 -0.6
      vertex 13.2937 1.91166 -2.5
      vertex 13.2937 1.91166 -0.6
    endloop
  endfacet
  facet normal -0.587793 0.809012 0
    outer loop
      vertex 12.1449 -3.49278 -2.5
      vertex 11.35 -4.07032 -0.6
      vertex 12.1449 -3.49278 -0.6
    endloop
  endfacet
  facet normal -0.587793 0.809012 0
    outer loop
      vertex 11.35 -4.07032 -0.6
      vertex 12.1449 -3.49278 -2.5
      vertex 11.35 -4.07032 -2.5
    endloop
  endfacet
  facet normal -0.406739 -0.913544 0
    outer loop
      vertex 10.4524 4.46996 -2.5
      vertex 11.35 4.07032 -0.6
      vertex 10.4524 4.46996 -0.6
    endloop
  endfacet
  facet normal -0.406739 -0.913544 -0
    outer loop
      vertex 11.35 4.07032 -0.6
      vertex 10.4524 4.46996 -2.5
      vertex 11.35 4.07032 -2.5
    endloop
  endfacet
  facet normal -0.994523 0.104522 0
    outer loop
      vertex 13.5973 -0.977184 -2.5
      vertex 13.7 0 -0.6
      vertex 13.7 0 -2.5
    endloop
  endfacet
  facet normal -0.994523 0.104522 0
    outer loop
      vertex 13.7 0 -0.6
      vertex 13.5973 -0.977184 -2.5
      vertex 13.5973 -0.977184 -0.6
    endloop
  endfacet
  facet normal -0.743128 -0.66915 0
    outer loop
      vertex 12.8024 2.76259 -2.5
      vertex 12.1449 3.49278 -0.6
      vertex 12.1449 3.49278 -2.5
    endloop
  endfacet
  facet normal -0.743128 -0.66915 0
    outer loop
      vertex 12.1449 3.49278 -0.6
      vertex 12.8024 2.76259 -2.5
      vertex 12.8024 2.76259 -0.6
    endloop
  endfacet
  facet normal 0.866027 -0.499996 0
    outer loop
      vertex 4.70634 1.91166 -0.6
      vertex 5.19762 2.76259 -2.5
      vertex 5.19762 2.76259 -0.6
    endloop
  endfacet
  facet normal 0.866027 -0.499996 0
    outer loop
      vertex 5.19762 2.76259 -2.5
      vertex 4.70634 1.91166 -0.6
      vertex 4.70634 1.91166 -2.5
    endloop
  endfacet
  facet normal -0.743128 0.66915 0
    outer loop
      vertex 12.1449 -3.49278 -2.5
      vertex 12.8024 -2.76259 -0.6
      vertex 12.8024 -2.76259 -2.5
    endloop
  endfacet
  facet normal -0.743128 0.66915 0
    outer loop
      vertex 12.8024 -2.76259 -0.6
      vertex 12.1449 -3.49278 -2.5
      vertex 12.1449 -3.49278 -0.6
    endloop
  endfacet
  facet normal 0.743143 -0.669133 0
    outer loop
      vertex 5.19762 2.76259 -0.6
      vertex 5.85509 3.49278 -2.5
      vertex 5.85509 3.49278 -0.6
    endloop
  endfacet
  facet normal 0.743143 -0.669133 0
    outer loop
      vertex 5.85509 3.49278 -2.5
      vertex 5.19762 2.76259 -0.6
      vertex 5.19762 2.76259 -2.5
    endloop
  endfacet
  facet normal -0.866019 0.500012 0
    outer loop
      vertex 12.8024 -2.76259 -2.5
      vertex 13.2937 -1.91166 -0.6
      vertex 13.2937 -1.91166 -2.5
    endloop
  endfacet
  facet normal -0.866019 0.500012 0
    outer loop
      vertex 13.2937 -1.91166 -0.6
      vertex 12.8024 -2.76259 -2.5
      vertex 12.8024 -2.76259 -0.6
    endloop
  endfacet
  facet normal 0.587788 -0.809015 0
    outer loop
      vertex 5.85509 3.49278 -2.5
      vertex 6.65 4.07032 -0.6
      vertex 5.85509 3.49278 -0.6
    endloop
  endfacet
  facet normal 0.587788 -0.809015 0
    outer loop
      vertex 6.65 4.07032 -0.6
      vertex 5.85509 3.49278 -2.5
      vertex 6.65 4.07032 -2.5
    endloop
  endfacet
  facet normal -0.951065 0.30899 0
    outer loop
      vertex 13.2937 -1.91166 -2.5
      vertex 13.5973 -0.977184 -0.6
      vertex 13.5973 -0.977184 -2.5
    endloop
  endfacet
  facet normal -0.951065 0.30899 0
    outer loop
      vertex 13.5973 -0.977184 -0.6
      vertex 13.2937 -1.91166 -2.5
      vertex 13.2937 -1.91166 -0.6
    endloop
  endfacet
  facet normal 0 -1 0
    outer loop
      vertex 8.50872 4.67425 -2.5
      vertex 9.49128 4.67425 -0.6
      vertex 8.50872 4.67425 -0.6
    endloop
  endfacet
  facet normal 0 -1 -0
    outer loop
      vertex 9.49128 4.67425 -0.6
      vertex 8.50872 4.67425 -2.5
      vertex 9.49128 4.67425 -2.5
    endloop
  endfacet
  facet normal 0.587788 0.809015 -0
    outer loop
      vertex 6.65 -4.07032 -2.5
      vertex 5.85509 -3.49278 -0.6
      vertex 6.65 -4.07032 -0.6
    endloop
  endfacet
  facet normal 0.587788 0.809015 0
    outer loop
      vertex 5.85509 -3.49278 -0.6
      vertex 6.65 -4.07032 -2.5
      vertex 5.85509 -3.49278 -2.5
    endloop
  endfacet
  facet normal 0.406731 -0.913548 0
    outer loop
      vertex 6.65 4.07032 -2.5
      vertex 7.54762 4.46996 -0.6
      vertex 6.65 4.07032 -0.6
    endloop
  endfacet
  facet normal 0.406731 -0.913548 0
    outer loop
      vertex 7.54762 4.46996 -0.6
      vertex 6.65 4.07032 -2.5
      vertex 7.54762 4.46996 -2.5
    endloop
  endfacet
  facet normal 0.994521 0.104532 0
    outer loop
      vertex 4.40271 -0.977184 -0.6
      vertex 4.3 0 -2.5
      vertex 4.3 0 -0.6
    endloop
  endfacet
  facet normal 0.994521 0.104532 0
    outer loop
      vertex 4.3 0 -2.5
      vertex 4.40271 -0.977184 -0.6
      vertex 4.40271 -0.977184 -2.5
    endloop
  endfacet
  facet normal 0.743143 0.669133 0
    outer loop
      vertex 5.85509 -3.49278 -0.6
      vertex 5.19762 -2.76259 -2.5
      vertex 5.19762 -2.76259 -0.6
    endloop
  endfacet
  facet normal 0.743143 0.669133 0
    outer loop
      vertex 5.19762 -2.76259 -2.5
      vertex 5.85509 -3.49278 -0.6
      vertex 5.85509 -3.49278 -2.5
    endloop
  endfacet
  facet normal 0.866027 0.499996 0
    outer loop
      vertex 5.19762 -2.76259 -0.6
      vertex 4.70634 -1.91166 -2.5
      vertex 4.70634 -1.91166 -0.6
    endloop
  endfacet
  facet normal 0.866027 0.499996 0
    outer loop
      vertex 4.70634 -1.91166 -2.5
      vertex 5.19762 -2.76259 -0.6
      vertex 5.19762 -2.76259 -2.5
    endloop
  endfacet
  facet normal -0.207909 0.978148 0
    outer loop
      vertex 10.4524 -4.46996 -2.5
      vertex 9.49128 -4.67425 -0.6
      vertex 10.4524 -4.46996 -0.6
    endloop
  endfacet
  facet normal -0.207909 0.978148 0
    outer loop
      vertex 9.49128 -4.67425 -0.6
      vertex 10.4524 -4.46996 -2.5
      vertex 9.49128 -4.67425 -2.5
    endloop
  endfacet
  facet normal 0.994521 -0.104532 0
    outer loop
      vertex 4.3 0 -0.6
      vertex 4.40271 0.977184 -2.5
      vertex 4.40271 0.977184 -0.6
    endloop
  endfacet
  facet normal 0.994521 -0.104532 0
    outer loop
      vertex 4.40271 0.977184 -2.5
      vertex 4.3 0 -0.6
      vertex 4.3 0 -2.5
    endloop
  endfacet
  facet normal -0.207909 -0.978148 0
    outer loop
      vertex 9.49128 4.67425 -2.5
      vertex 10.4524 4.46996 -0.6
      vertex 9.49128 4.67425 -0.6
    endloop
  endfacet
  facet normal -0.207909 -0.978148 -0
    outer loop
      vertex 10.4524 4.46996 -0.6
      vertex 9.49128 4.67425 -2.5
      vertex 10.4524 4.46996 -2.5
    endloop
  endfacet
  facet normal -0.587793 -0.809012 0
    outer loop
      vertex 11.35 4.07032 -2.5
      vertex 12.1449 3.49278 -0.6
      vertex 11.35 4.07032 -0.6
    endloop
  endfacet
  facet normal -0.587793 -0.809012 -0
    outer loop
      vertex 12.1449 3.49278 -0.6
      vertex 11.35 4.07032 -2.5
      vertex 12.1449 3.49278 -2.5
    endloop
  endfacet
  facet normal 0.207914 -0.978147 0
    outer loop
      vertex 7.54762 4.46996 -2.5
      vertex 8.50872 4.67425 -0.6
      vertex 7.54762 4.46996 -0.6
    endloop
  endfacet
  facet normal 0.207914 -0.978147 0
    outer loop
      vertex 8.50872 4.67425 -0.6
      vertex 7.54762 4.46996 -2.5
      vertex 8.50872 4.67425 -2.5
    endloop
  endfacet
  facet normal -0.406739 0.913544 0
    outer loop
      vertex 11.35 -4.07032 -2.5
      vertex 10.4524 -4.46996 -0.6
      vertex 11.35 -4.07032 -0.6
    endloop
  endfacet
  facet normal -0.406739 0.913544 0
    outer loop
      vertex 10.4524 -4.46996 -0.6
      vertex 11.35 -4.07032 -2.5
      vertex 10.4524 -4.46996 -2.5
    endloop
  endfacet
  facet normal 0 1 -0
    outer loop
      vertex 9.49128 -4.67425 -2.5
      vertex 8.50872 -4.67425 -0.6
      vertex 9.49128 -4.67425 -0.6
    endloop
  endfacet
  facet normal 0 1 0
    outer loop
      vertex 8.50872 -4.67425 -0.6
      vertex 9.49128 -4.67425 -2.5
      vertex 8.50872 -4.67425 -2.5
    endloop
  endfacet
  facet normal 0.207914 0.978147 -0
    outer loop
      vertex 8.50872 -4.67425 -2.5
      vertex 7.54762 -4.46996 -0.6
      vertex 8.50872 -4.67425 -0.6
    endloop
  endfacet
  facet normal 0.207914 0.978147 0
    outer loop
      vertex 7.54762 -4.46996 -0.6
      vertex 8.50872 -4.67425 -2.5
      vertex 7.54762 -4.46996 -2.5
    endloop
  endfacet
  facet normal 0.951056 -0.309017 0
    outer loop
      vertex 4.40271 0.977184 -0.6
      vertex 4.70634 1.91166 -2.5
      vertex 4.70634 1.91166 -0.6
    endloop
  endfacet
  facet normal 0.951056 -0.309017 0
    outer loop
      vertex 4.70634 1.91166 -2.5
      vertex 4.40271 0.977184 -0.6
      vertex 4.40271 0.977184 -2.5
    endloop
  endfacet
  facet normal 0.606838 -0.0637805 -0.792262
    outer loop
      vertex 5.93514 0.651456 0.6
      vertex 5.86667 0 0.6
      vertex 4.3 0 -0.6
    endloop
  endfacet
  facet normal -0.528415 -0.30509 -0.792274
    outer loop
      vertex 11.8624 1.27444 0.6
      vertex 12.8024 2.76259 -0.6
      vertex 13.2937 1.91166 -0.6
    endloop
  endfacet
  facet normal -0.528437 -0.30507 -0.792267
    outer loop
      vertex 12.8024 2.76259 -0.6
      vertex 11.8624 1.27444 0.6
      vertex 11.5349 1.84173 0.6
    endloop
  endfacet
  facet normal 0.35866 0.493646 -0.792261
    outer loop
      vertex 6.90339 -2.32852 0.6
      vertex 7.43333 -2.71355 0.6
      vertex 6.65 -4.07032 -0.6
    endloop
  endfacet
  facet normal -0.606833 -0.0637148 -0.792271
    outer loop
      vertex 13.7 0 -0.6
      vertex 12.1333 0 0.6
      vertex 12.0649 0.651456 0.6
    endloop
  endfacet
  facet normal -0.606847 -0.0637784 -0.792256
    outer loop
      vertex 13.5973 0.977184 -0.6
      vertex 13.7 0 -0.6
      vertex 12.0649 0.651456 0.6
    endloop
  endfacet
  facet normal -0.35866 0.493644 -0.792261
    outer loop
      vertex 12.1449 -3.49278 -0.6
      vertex 11.35 -4.07032 -0.6
      vertex 11.0966 -2.32852 0.6
    endloop
  endfacet
  facet normal 0.35866 -0.493646 -0.792261
    outer loop
      vertex 7.43333 2.71355 0.6
      vertex 6.90339 2.32852 0.6
      vertex 6.65 4.07032 -0.6
    endloop
  endfacet
  facet normal -0.248184 -0.557428 -0.792262
    outer loop
      vertex 10.4524 4.46996 -0.6
      vertex 11.35 4.07032 -0.6
      vertex 9.96825 2.97998 0.6
    endloop
  endfacet
  facet normal 0.126865 0.596849 -0.79226
    outer loop
      vertex 8.03175 -2.97998 0.6
      vertex 8.50872 -4.67425 -0.6
      vertex 7.54762 -4.46996 -0.6
    endloop
  endfacet
  facet normal 0.580317 -0.188557 -0.792261
    outer loop
      vertex 6.13756 1.27444 0.6
      vertex 5.93514 0.651456 0.6
      vertex 4.70634 1.91166 -0.6
    endloop
  endfacet
  facet normal -0.126863 0.596849 -0.792261
    outer loop
      vertex 9.96825 -2.97998 0.6
      vertex 10.4524 -4.46996 -0.6
      vertex 9.49128 -4.67425 -0.6
    endloop
  endfacet
  facet normal -0.358681 -0.493637 -0.792256
    outer loop
      vertex 11.35 4.07032 -0.6
      vertex 11.0966 2.32852 0.6
      vertex 10.5667 2.71355 0.6
    endloop
  endfacet
  facet normal 0.453453 0.408293 -0.792261
    outer loop
      vertex 6.46508 -1.84173 0.6
      vertex 6.90339 -2.32852 0.6
      vertex 5.19762 -2.76259 -0.6
    endloop
  endfacet
  facet normal 0.580317 0.188557 -0.792261
    outer loop
      vertex 5.93514 -0.651456 0.6
      vertex 6.13756 -1.27444 0.6
      vertex 4.70634 -1.91166 -0.6
    endloop
  endfacet
  facet normal -0.453451 0.408282 -0.792267
    outer loop
      vertex 11.5349 -1.84173 0.6
      vertex 12.8024 -2.76259 -0.6
      vertex 11.0966 -2.32852 0.6
    endloop
  endfacet
  facet normal 0.126863 0.596849 -0.792261
    outer loop
      vertex 8.67248 -3.11617 0.6
      vertex 8.50872 -4.67425 -0.6
      vertex 8.03175 -2.97998 0.6
    endloop
  endfacet
  facet normal -0.453451 -0.408282 -0.792267
    outer loop
      vertex 12.8024 2.76259 -0.6
      vertex 11.5349 1.84173 0.6
      vertex 11.0966 2.32852 0.6
    endloop
  endfacet
  facet normal -0.248172 0.557439 -0.792258
    outer loop
      vertex 10.5667 -2.71355 0.6
      vertex 11.35 -4.07032 -0.6
      vertex 9.96825 -2.97998 0.6
    endloop
  endfacet
  facet normal 0.126863 -0.596849 -0.792261
    outer loop
      vertex 8.50872 4.67425 -0.6
      vertex 8.67248 3.11617 0.6
      vertex 8.03175 2.97998 0.6
    endloop
  endfacet
  facet normal -0.453443 -0.408303 -0.792262
    outer loop
      vertex 12.1449 3.49278 -0.6
      vertex 12.8024 2.76259 -0.6
      vertex 11.0966 2.32852 0.6
    endloop
  endfacet
  facet normal 0.528435 0.305088 -0.792261
    outer loop
      vertex 5.19762 -2.76259 -0.6
      vertex 6.13756 -1.27444 0.6
      vertex 6.46508 -1.84173 0.6
    endloop
  endfacet
  facet normal 0.528434 0.305089 -0.792262
    outer loop
      vertex 6.13756 -1.27444 0.6
      vertex 5.19762 -2.76259 -0.6
      vertex 4.70634 -1.91166 -0.6
    endloop
  endfacet
  facet normal 0.580317 0.188557 -0.792261
    outer loop
      vertex 5.93514 -0.651456 0.6
      vertex 4.70634 -1.91166 -0.6
      vertex 4.40271 -0.977184 -0.6
    endloop
  endfacet
  facet normal 0.606839 0.0637837 -0.792262
    outer loop
      vertex 5.93514 -0.651456 0.6
      vertex 4.40271 -0.977184 -0.6
      vertex 4.3 0 -0.6
    endloop
  endfacet
  facet normal 0.248181 0.557431 -0.792261
    outer loop
      vertex 7.43333 -2.71355 0.6
      vertex 8.03175 -2.97998 0.6
      vertex 6.65 -4.07032 -0.6
    endloop
  endfacet
  facet normal 0.528435 -0.305088 -0.792261
    outer loop
      vertex 6.13756 1.27444 0.6
      vertex 5.19762 2.76259 -0.6
      vertex 6.46508 1.84173 0.6
    endloop
  endfacet
  facet normal 0.528434 -0.305089 -0.792262
    outer loop
      vertex 5.19762 2.76259 -0.6
      vertex 6.13756 1.27444 0.6
      vertex 4.70634 1.91166 -0.6
    endloop
  endfacet
  facet normal -0.580273 -0.188617 -0.792279
    outer loop
      vertex 13.2937 1.91166 -0.6
      vertex 12.0649 0.651456 0.6
      vertex 11.8624 1.27444 0.6
    endloop
  endfacet
  facet normal -0.580328 -0.188542 -0.792257
    outer loop
      vertex 13.2937 1.91166 -0.6
      vertex 13.5973 0.977184 -0.6
      vertex 12.0649 0.651456 0.6
    endloop
  endfacet
  facet normal -0.528415 0.30509 -0.792274
    outer loop
      vertex 12.8024 -2.76259 -0.6
      vertex 11.8624 -1.27444 0.6
      vertex 13.2937 -1.91166 -0.6
    endloop
  endfacet
  facet normal -0.528437 0.30507 -0.792267
    outer loop
      vertex 11.8624 -1.27444 0.6
      vertex 12.8024 -2.76259 -0.6
      vertex 11.5349 -1.84173 0.6
    endloop
  endfacet
  facet normal -0.358681 0.493637 -0.792256
    outer loop
      vertex 11.0966 -2.32852 0.6
      vertex 11.35 -4.07032 -0.6
      vertex 10.5667 -2.71355 0.6
    endloop
  endfacet
  facet normal 0.126865 -0.596849 -0.79226
    outer loop
      vertex 8.50872 4.67425 -0.6
      vertex 8.03175 2.97998 0.6
      vertex 7.54762 4.46996 -0.6
    endloop
  endfacet
  facet normal 0.358658 -0.493646 -0.792261
    outer loop
      vertex 6.65 4.07032 -0.6
      vertex 6.90339 2.32852 0.6
      vertex 5.85509 3.49278 -0.6
    endloop
  endfacet
  facet normal 0.24818 0.557431 -0.792261
    outer loop
      vertex 8.03175 -2.97998 0.6
      vertex 7.54762 -4.46996 -0.6
      vertex 6.65 -4.07032 -0.6
    endloop
  endfacet
  facet normal -0.580328 0.188542 -0.792257
    outer loop
      vertex 13.5973 -0.977184 -0.6
      vertex 13.2937 -1.91166 -0.6
      vertex 12.0649 -0.651456 0.6
    endloop
  endfacet
  facet normal 0.453452 0.408293 -0.792261
    outer loop
      vertex 6.90339 -2.32852 0.6
      vertex 5.85509 -3.49278 -0.6
      vertex 5.19762 -2.76259 -0.6
    endloop
  endfacet
  facet normal 0.24818 -0.557431 -0.792261
    outer loop
      vertex 7.54762 4.46996 -0.6
      vertex 8.03175 2.97998 0.6
      vertex 6.65 4.07032 -0.6
    endloop
  endfacet
  facet normal -0.248172 -0.557439 -0.792258
    outer loop
      vertex 11.35 4.07032 -0.6
      vertex 10.5667 2.71355 0.6
      vertex 9.96825 2.97998 0.6
    endloop
  endfacet
  facet normal 0.358658 0.493646 -0.792261
    outer loop
      vertex 6.90339 -2.32852 0.6
      vertex 6.65 -4.07032 -0.6
      vertex 5.85509 -3.49278 -0.6
    endloop
  endfacet
  facet normal 0.453453 -0.408293 -0.792261
    outer loop
      vertex 6.90339 2.32852 0.6
      vertex 6.46508 1.84173 0.6
      vertex 5.19762 2.76259 -0.6
    endloop
  endfacet
  facet normal -0.606847 0.0637784 -0.792256
    outer loop
      vertex 13.7 0 -0.6
      vertex 13.5973 -0.977184 -0.6
      vertex 12.0649 -0.651456 0.6
    endloop
  endfacet
  facet normal -0.606833 0.0637148 -0.792271
    outer loop
      vertex 12.1333 0 0.6
      vertex 13.7 0 -0.6
      vertex 12.0649 -0.651456 0.6
    endloop
  endfacet
  facet normal -0.35866 -0.493644 -0.792261
    outer loop
      vertex 11.35 4.07032 -0.6
      vertex 12.1449 3.49278 -0.6
      vertex 11.0966 2.32852 0.6
    endloop
  endfacet
  facet normal -0.126863 -0.596849 -0.792261
    outer loop
      vertex 9.49128 4.67425 -0.6
      vertex 9.96825 2.97998 0.6
      vertex 9.32752 3.11617 0.6
    endloop
  endfacet
  facet normal 0.606838 0.0637805 -0.792262
    outer loop
      vertex 5.86667 0 0.6
      vertex 5.93514 -0.651456 0.6
      vertex 4.3 0 -0.6
    endloop
  endfacet
  facet normal 0.248181 -0.557431 -0.792261
    outer loop
      vertex 8.03175 2.97998 0.6
      vertex 7.43333 2.71355 0.6
      vertex 6.65 4.07032 -0.6
    endloop
  endfacet
  facet normal -0.453443 0.408303 -0.792262
    outer loop
      vertex 12.8024 -2.76259 -0.6
      vertex 12.1449 -3.49278 -0.6
      vertex 11.0966 -2.32852 0.6
    endloop
  endfacet
  facet normal 0.606839 -0.0637837 -0.792262
    outer loop
      vertex 4.40271 0.977184 -0.6
      vertex 5.93514 0.651456 0.6
      vertex 4.3 0 -0.6
    endloop
  endfacet
  facet normal 0.580317 -0.188557 -0.792261
    outer loop
      vertex 4.70634 1.91166 -0.6
      vertex 5.93514 0.651456 0.6
      vertex 4.40271 0.977184 -0.6
    endloop
  endfacet
  facet normal 0 -0.610182 -0.792261
    outer loop
      vertex 8.67248 3.11617 0.6
      vertex 9.49128 4.67425 -0.6
      vertex 9.32752 3.11617 0.6
    endloop
  endfacet
  facet normal -0 -0.610182 -0.792261
    outer loop
      vertex 9.49128 4.67425 -0.6
      vertex 8.67248 3.11617 0.6
      vertex 8.50872 4.67425 -0.6
    endloop
  endfacet
  facet normal -0.248184 0.557428 -0.792262
    outer loop
      vertex 11.35 -4.07032 -0.6
      vertex 10.4524 -4.46996 -0.6
      vertex 9.96825 -2.97998 0.6
    endloop
  endfacet
  facet normal -0.580273 0.188617 -0.792279
    outer loop
      vertex 12.0649 -0.651456 0.6
      vertex 13.2937 -1.91166 -0.6
      vertex 11.8624 -1.27444 0.6
    endloop
  endfacet
  facet normal -0.126863 -0.596849 -0.792261
    outer loop
      vertex 10.4524 4.46996 -0.6
      vertex 9.96825 2.97998 0.6
      vertex 9.49128 4.67425 -0.6
    endloop
  endfacet
  facet normal 0.453452 -0.408293 -0.792261
    outer loop
      vertex 5.85509 3.49278 -0.6
      vertex 6.90339 2.32852 0.6
      vertex 5.19762 2.76259 -0.6
    endloop
  endfacet
  facet normal -0.126863 0.596849 -0.792261
    outer loop
      vertex 9.96825 -2.97998 0.6
      vertex 9.49128 -4.67425 -0.6
      vertex 9.32752 -3.11617 0.6
    endloop
  endfacet
  facet normal 0 0.610182 -0.792261
    outer loop
      vertex 9.49128 -4.67425 -0.6
      vertex 8.67248 -3.11617 0.6
      vertex 9.32752 -3.11617 0.6
    endloop
  endfacet
  facet normal 0 0.610182 -0.792261
    outer loop
      vertex 8.67248 -3.11617 0.6
      vertex 9.49128 -4.67425 -0.6
      vertex 8.50872 -4.67425 -0.6
    endloop
  endfacet
  facet normal 0 0 -1
    outer loop
      vertex 12.0649 -0.651456 0.6
      vertex 12.0649 0.651456 0.6
      vertex 12.1333 0 0.6
    endloop
  endfacet
  facet normal 0 0 -1
    outer loop
      vertex 11.8624 -1.27444 0.6
      vertex 12.0649 0.651456 0.6
      vertex 12.0649 -0.651456 0.6
    endloop
  endfacet
  facet normal 0 0 -1
    outer loop
      vertex 11.8624 -1.27444 0.6
      vertex 11.8624 1.27444 0.6
      vertex 12.0649 0.651456 0.6
    endloop
  endfacet
  facet normal 0 0 -1
    outer loop
      vertex 11.5349 -1.84173 0.6
      vertex 11.8624 1.27444 0.6
      vertex 11.8624 -1.27444 0.6
    endloop
  endfacet
  facet normal 0 0 -1
    outer loop
      vertex 11.5349 -1.84173 0.6
      vertex 11.5349 1.84173 0.6
      vertex 11.8624 1.27444 0.6
    endloop
  endfacet
  facet normal 0 0 -1
    outer loop
      vertex 11.0966 -2.32852 0.6
      vertex 11.5349 1.84173 0.6
      vertex 11.5349 -1.84173 0.6
    endloop
  endfacet
  facet normal 0 0 -1
    outer loop
      vertex 11.0966 -2.32852 0.6
      vertex 11.0966 2.32852 0.6
      vertex 11.5349 1.84173 0.6
    endloop
  endfacet
  facet normal 0 0 -1
    outer loop
      vertex 10.5667 -2.71355 0.6
      vertex 11.0966 2.32852 0.6
      vertex 11.0966 -2.32852 0.6
    endloop
  endfacet
  facet normal 0 0 -1
    outer loop
      vertex 10.5667 -2.71355 0.6
      vertex 10.5667 2.71355 0.6
      vertex 11.0966 2.32852 0.6
    endloop
  endfacet
  facet normal 0 0 -1
    outer loop
      vertex 9.96825 -2.97998 0.6
      vertex 10.5667 2.71355 0.6
      vertex 10.5667 -2.71355 0.6
    endloop
  endfacet
  facet normal 0 0 -1
    outer loop
      vertex 9.96825 -2.97998 0.6
      vertex 9.96825 2.97998 0.6
      vertex 10.5667 2.71355 0.6
    endloop
  endfacet
  facet normal 0 0 -1
    outer loop
      vertex 9.32752 -3.11617 0.6
      vertex 9.96825 2.97998 0.6
      vertex 9.96825 -2.97998 0.6
    endloop
  endfacet
  facet normal 0 0 -1
    outer loop
      vertex 9.32752 -3.11617 0.6
      vertex 9.32752 3.11617 0.6
      vertex 9.96825 2.97998 0.6
    endloop
  endfacet
  facet normal 0 0 -1
    outer loop
      vertex 8.67248 -3.11617 0.6
      vertex 9.32752 3.11617 0.6
      vertex 9.32752 -3.11617 0.6
    endloop
  endfacet
  facet normal 0 0 -1
    outer loop
      vertex 8.67248 -3.11617 0.6
      vertex 8.67248 3.11617 0.6
      vertex 9.32752 3.11617 0.6
    endloop
  endfacet
  facet normal 0 0 -1
    outer loop
      vertex 8.03175 -2.97998 0.6
      vertex 8.67248 3.11617 0.6
      vertex 8.67248 -3.11617 0.6
    endloop
  endfacet
  facet normal 0 0 -1
    outer loop
      vertex 8.03175 -2.97998 0.6
      vertex 8.03175 2.97998 0.6
      vertex 8.67248 3.11617 0.6
    endloop
  endfacet
  facet normal 0 0 -1
    outer loop
      vertex 7.43333 -2.71355 0.6
      vertex 8.03175 2.97998 0.6
      vertex 8.03175 -2.97998 0.6
    endloop
  endfacet
  facet normal 0 0 -1
    outer loop
      vertex 7.43333 -2.71355 0.6
      vertex 7.43333 2.71355 0.6
      vertex 8.03175 2.97998 0.6
    endloop
  endfacet
  facet normal 0 0 -1
    outer loop
      vertex 6.90339 -2.32852 0.6
      vertex 7.43333 2.71355 0.6
      vertex 7.43333 -2.71355 0.6
    endloop
  endfacet
  facet normal 0 0 -1
    outer loop
      vertex 6.90339 -2.32852 0.6
      vertex 6.90339 2.32852 0.6
      vertex 7.43333 2.71355 0.6
    endloop
  endfacet
  facet normal 0 0 -1
    outer loop
      vertex 6.46508 -1.84173 0.6
      vertex 6.90339 2.32852 0.6
      vertex 6.90339 -2.32852 0.6
    endloop
  endfacet
  facet normal 0 0 -1
    outer loop
      vertex 6.46508 -1.84173 0.6
      vertex 6.46508 1.84173 0.6
      vertex 6.90339 2.32852 0.6
    endloop
  endfacet
  facet normal 0 0 -1
    outer loop
      vertex 6.13756 -1.27444 0.6
      vertex 6.46508 1.84173 0.6
      vertex 6.46508 -1.84173 0.6
    endloop
  endfacet
  facet normal 0 0 -1
    outer loop
      vertex 6.13756 -1.27444 0.6
      vertex 6.13756 1.27444 0.6
      vertex 6.46508 1.84173 0.6
    endloop
  endfacet
  facet normal 0 0 -1
    outer loop
      vertex 5.93514 -0.651456 0.6
      vertex 6.13756 1.27444 0.6
      vertex 6.13756 -1.27444 0.6
    endloop
  endfacet
  facet normal 0 0 -1
    outer loop
      vertex 5.93514 -0.651456 0.6
      vertex 5.93514 0.651456 0.6
      vertex 6.13756 1.27444 0.6
    endloop
  endfacet
  facet normal 0 -0 -1
    outer loop
      vertex 5.93514 0.651456 0.6
      vertex 5.93514 -0.651456 0.6
      vertex 5.86667 0 0.6
    endloop
  endfacet
endsolid OpenSCAD_Model
