solid OpenSCAD_Model
  facet normal 0 0 -1
    outer loop
      vertex -0.599991 -9 2.5
      vertex 0.599991 -9 2.5
      vertex 0.586884 -9.12474 2.5
    endloop
  endfacet
  facet normal 0 0 -1
    outer loop
      vertex 3.82953 5.59471 2.5
      vertex 3.84259 5.84387 2.5
      vertex 3.84917 5.71861 2.5
    endloop
  endfacet
  facet normal 0 0 -1
    outer loop
      vertex 3.82953 5.59471 2.5
      vertex 3.81013 5.96503 2.5
      vertex 3.84259 5.84387 2.5
    endloop
  endfacet
  facet normal 0 0 -1
    outer loop
      vertex 3.78459 5.47762 2.5
      vertex 3.81013 5.96503 2.5
      vertex 3.82953 5.59471 2.5
    endloop
  endfacet
  facet normal 0 0 -1
    outer loop
      vertex 3.78459 5.47762 2.5
      vertex 3.75319 6.0768 2.5
      vertex 3.81013 5.96503 2.5
    endloop
  endfacet
  facet normal 0 0 -1
    outer loop
      vertex 3.71628 5.37242 2.5
      vertex 3.75319 6.0768 2.5
      vertex 3.78459 5.47762 2.5
    endloop
  endfacet
  facet normal 0 0 -1
    outer loop
      vertex 3.71628 5.37242 2.5
      vertex 3.67426 6.17427 2.5
      vertex 3.75319 6.0768 2.5
    endloop
  endfacet
  facet normal 0 0 -1
    outer loop
      vertex 3.62758 5.28372 2.5
      vertex 3.67426 6.17427 2.5
      vertex 3.71628 5.37242 2.5
    endloop
  endfacet
  facet normal 0 0 -1
    outer loop
      vertex 3.52238 5.21541 2.5
      vertex 3.67426 6.17427 2.5
      vertex 3.62758 5.28372 2.5
    endloop
  endfacet
  facet normal 0 0 -1
    outer loop
      vertex 3.40529 5.17047 2.5
      vertex 3.67426 6.17427 2.5
      vertex 3.52238 5.21541 2.5
    endloop
  endfacet
  facet normal 0 0 -1
    outer loop
      vertex 3.28139 5.15083 2.5
      vertex 3.67426 6.17427 2.5
      vertex 3.40529 5.17047 2.5
    endloop
  endfacet
  facet normal 0 0 -1
    outer loop
      vertex 3.15613 5.15741 2.5
      vertex 3.67426 6.17427 2.5
      vertex 3.28139 5.15083 2.5
    endloop
  endfacet
  facet normal 0 0 -1
    outer loop
      vertex 3.03497 5.18987 2.5
      vertex 3.67426 6.17427 2.5
      vertex 3.15613 5.15741 2.5
    endloop
  endfacet
  facet normal 0 0 -1
    outer loop
      vertex 2.9232 5.24681 2.5
      vertex 3.67426 6.17427 2.5
      vertex 3.03497 5.18987 2.5
    endloop
  endfacet
  facet normal 0 0 -1
    outer loop
      vertex 2.82573 5.32574 2.5
      vertex 3.67426 6.17427 2.5
      vertex 2.9232 5.24681 2.5
    endloop
  endfacet
  facet normal 0 0 -1
    outer loop
      vertex 0.599991 7.55148 2.5
      vertex 3.67426 6.17427 2.5
      vertex 2.82573 5.32574 2.5
    endloop
  endfacet
  facet normal 0 0 -1
    outer loop
      vertex -0.599991 -9 2.5
      vertex 0.586884 -9.12474 2.5
      vertex 0.548126 -9.24403 2.5
    endloop
  endfacet
  facet normal 0 0 -1
    outer loop
      vertex -0.599991 -9 2.5
      vertex 0.548126 -9.24403 2.5
      vertex 0.485397 -9.35266 2.5
    endloop
  endfacet
  facet normal 0 0 -1
    outer loop
      vertex 0.599991 7.55148 2.5
      vertex 0.424255 9.42426 2.5
      vertex 3.67426 6.17427 2.5
    endloop
  endfacet
  facet normal 0 0 -1
    outer loop
      vertex 0.599991 -9 2.5
      vertex -0.599991 -9 2.5
      vertex 0.599991 7.55148 2.5
    endloop
  endfacet
  facet normal 0 0 -1
    outer loop
      vertex 0.599991 7.55148 2.5
      vertex -0.599991 7.55148 2.5
      vertex 0.424255 9.42426 2.5
    endloop
  endfacet
  facet normal 0 0 -1
    outer loop
      vertex -0.599991 -9 2.5
      vertex 0.485397 -9.35266 2.5
      vertex 0.401474 -9.44588 2.5
    endloop
  endfacet
  facet normal 0 -0 -1
    outer loop
      vertex -0.424271 9.42426 2.5
      vertex 0.424255 9.42426 2.5
      vertex -0.599991 7.55148 2.5
    endloop
  endfacet
  facet normal 0 0 -1
    outer loop
      vertex 0.424255 9.42426 2.5
      vertex -0.424271 9.42426 2.5
      vertex 0.412506 9.43362 2.5
    endloop
  endfacet
  facet normal 0 -0 -1
    outer loop
      vertex -0.41246 9.43367 2.5
      vertex 0.412506 9.43362 2.5
      vertex -0.424271 9.42426 2.5
    endloop
  endfacet
  facet normal 0 -0 -1
    outer loop
      vertex 0.352829 9.48122 2.5
      vertex 0.412506 9.43362 2.5
      vertex -0.41246 9.43367 2.5
    endloop
  endfacet
  facet normal 0 0 -1
    outer loop
      vertex -0.599991 -9 2.5
      vertex 0.401474 -9.44588 2.5
      vertex 0.299988 -9.51961 2.5
    endloop
  endfacet
  facet normal 0 0 -1
    outer loop
      vertex 0.412506 9.43362 2.5
      vertex 0.352829 9.48122 2.5
      vertex 0.401474 9.44588 2.5
    endloop
  endfacet
  facet normal 0 0 -1
    outer loop
      vertex 0.352829 9.48122 2.5
      vertex 0.309464 9.51273 2.5
      vertex 0.319214 9.50803 2.5
    endloop
  endfacet
  facet normal 0 -0 -1
    outer loop
      vertex -0.35289 9.48117 2.5
      vertex 0.352829 9.48122 2.5
      vertex -0.41246 9.43367 2.5
    endloop
  endfacet
  facet normal 0 0 -1
    outer loop
      vertex 0.352829 9.48122 2.5
      vertex 0.236099 9.54807 2.5
      vertex 0.309464 9.51273 2.5
    endloop
  endfacet
  facet normal 0 0 -1
    outer loop
      vertex -0.599991 -9 2.5
      vertex 0.299988 -9.51961 2.5
      vertex 0.18541 -9.57063 2.5
    endloop
  endfacet
  facet normal 0 0 -1
    outer loop
      vertex 0.309464 9.51273 2.5
      vertex 0.236099 9.54807 2.5
      vertex 0.299988 9.51961 2.5
    endloop
  endfacet
  facet normal 0 0 -1
    outer loop
      vertex 0.236099 9.54807 2.5
      vertex 0.191818 9.56778 2.5
      vertex 0.198166 9.56633 2.5
    endloop
  endfacet
  facet normal -0 0 -1
    outer loop
      vertex 0.352829 9.48122 2.5
      vertex -0.35289 9.48117 2.5
      vertex 0.236099 9.54807 2.5
    endloop
  endfacet
  facet normal 0 0 -1
    outer loop
      vertex 0.236099 9.54807 2.5
      vertex 0.0964661 9.58954 2.5
      vertex 0.191818 9.56778 2.5
    endloop
  endfacet
  facet normal 0 0 -1
    outer loop
      vertex -0.599991 -9 2.5
      vertex 0.18541 -9.57063 2.5
      vertex 0.0627136 -9.59671 2.5
    endloop
  endfacet
  facet normal 0 0 -1
    outer loop
      vertex 0.191818 9.56778 2.5
      vertex 0.0964661 9.58954 2.5
      vertex 0.18541 9.57063 2.5
    endloop
  endfacet
  facet normal 0 0 -1
    outer loop
      vertex -0.599991 -9 2.5
      vertex 0.0627136 -9.59671 2.5
      vertex -0.0627136 -9.59671 2.5
    endloop
  endfacet
  facet normal 0 0 -1
    outer loop
      vertex 0.0964661 9.58954 2.5
      vertex 0.0650177 9.59622 2.5
      vertex 0.0671692 9.59622 2.5
    endloop
  endfacet
  facet normal -0 0 -1
    outer loop
      vertex 0.236099 9.54807 2.5
      vertex -0.35289 9.48117 2.5
      vertex 0.0964661 9.58954 2.5
    endloop
  endfacet
  facet normal 0 -0 -1
    outer loop
      vertex -0.0964661 9.58954 2.5
      vertex 0.0964661 9.58954 2.5
      vertex -0.35289 9.48117 2.5
    endloop
  endfacet
  facet normal -0 0 -1
    outer loop
      vertex 0.0627136 9.59671 2.5
      vertex -0.0650177 9.59622 2.5
      vertex -0.0627136 9.59671 2.5
    endloop
  endfacet
  facet normal 0 0 -1
    outer loop
      vertex -0.599991 -9 2.5
      vertex -0.0627136 -9.59671 2.5
      vertex -0.18541 -9.57063 2.5
    endloop
  endfacet
  facet normal 0 0 -1
    outer loop
      vertex 0.0964661 9.58954 2.5
      vertex -0.0964661 9.58954 2.5
      vertex 0.0650177 9.59622 2.5
    endloop
  endfacet
  facet normal -0 0 -1
    outer loop
      vertex -0.0650177 9.59622 2.5
      vertex -0.0964661 9.58954 2.5
      vertex -0.0671692 9.59622 2.5
    endloop
  endfacet
  facet normal 0 0 -1
    outer loop
      vertex 0.0650177 9.59622 2.5
      vertex -0.0650177 9.59622 2.5
      vertex 0.0627136 9.59671 2.5
    endloop
  endfacet
  facet normal 0 0 -1
    outer loop
      vertex -0.0964661 9.58954 2.5
      vertex -0.191818 9.56778 2.5
      vertex -0.18541 9.57063 2.5
    endloop
  endfacet
  facet normal 0 0 -1
    outer loop
      vertex -0.599991 -9 2.5
      vertex -0.18541 -9.57063 2.5
      vertex -0.299988 -9.51961 2.5
    endloop
  endfacet
  facet normal 0 -0 -1
    outer loop
      vertex -0.0650177 9.59622 2.5
      vertex 0.0650177 9.59622 2.5
      vertex -0.0964661 9.58954 2.5
    endloop
  endfacet
  facet normal 0 0 -1
    outer loop
      vertex -0.0964661 9.58954 2.5
      vertex -0.236099 9.54807 2.5
      vertex -0.191818 9.56778 2.5
    endloop
  endfacet
  facet normal 0 0 -1
    outer loop
      vertex -0.236099 9.54807 2.5
      vertex -0.309464 9.51273 2.5
      vertex -0.299988 9.51961 2.5
    endloop
  endfacet
  facet normal 0 0 -1
    outer loop
      vertex -0.236099 9.54807 2.5
      vertex -0.35289 9.48117 2.5
      vertex -0.309464 9.51273 2.5
    endloop
  endfacet
  facet normal 0 0 -1
    outer loop
      vertex -0.599991 -9 2.5
      vertex -0.299988 -9.51961 2.5
      vertex -0.401474 -9.44588 2.5
    endloop
  endfacet
  facet normal 0 0 -1
    outer loop
      vertex -0.309464 9.51273 2.5
      vertex -0.35289 9.48117 2.5
      vertex -0.319214 9.50803 2.5
    endloop
  endfacet
  facet normal 0 0 -1
    outer loop
      vertex -0.0964661 9.58954 2.5
      vertex -0.35289 9.48117 2.5
      vertex -0.236099 9.54807 2.5
    endloop
  endfacet
  facet normal 0 0 -1
    outer loop
      vertex -0.35289 9.48117 2.5
      vertex -0.41246 9.43367 2.5
      vertex -0.401474 9.44588 2.5
    endloop
  endfacet
  facet normal 0 0 -1
    outer loop
      vertex -0.599991 -9 2.5
      vertex -0.401474 -9.44588 2.5
      vertex -0.485397 -9.35266 2.5
    endloop
  endfacet
  facet normal 0 0 -1
    outer loop
      vertex -0.599991 -9 2.5
      vertex -0.485397 -9.35266 2.5
      vertex -0.548126 -9.24403 2.5
    endloop
  endfacet
  facet normal 0 0 -1
    outer loop
      vertex -0.599991 -9 2.5
      vertex -0.548126 -9.24403 2.5
      vertex -0.586884 -9.12474 2.5
    endloop
  endfacet
  facet normal -0 0 -1
    outer loop
      vertex 0.599991 7.55148 2.5
      vertex -0.599991 -9 2.5
      vertex -0.599991 7.55148 2.5
    endloop
  endfacet
  facet normal 0 0 -1
    outer loop
      vertex -0.191818 9.56778 2.5
      vertex -0.236099 9.54807 2.5
      vertex -0.198166 9.56633 2.5
    endloop
  endfacet
  facet normal 0 0 -1
    outer loop
      vertex -3.67426 6.17427 2.5
      vertex -0.599991 7.55148 2.5
      vertex -2.82567 5.32582 2.5
    endloop
  endfacet
  facet normal 0 0 -1
    outer loop
      vertex -3.67426 6.17427 2.5
      vertex -2.82567 5.32582 2.5
      vertex -2.9232 5.24681 2.5
    endloop
  endfacet
  facet normal 0 0 -1
    outer loop
      vertex -3.67426 6.17427 2.5
      vertex -2.9232 5.24681 2.5
      vertex -3.03497 5.18987 2.5
    endloop
  endfacet
  facet normal 0 0 -1
    outer loop
      vertex -3.67426 6.17427 2.5
      vertex -3.03497 5.18987 2.5
      vertex -3.15613 5.15741 2.5
    endloop
  endfacet
  facet normal 0 0 -1
    outer loop
      vertex -3.67426 6.17427 2.5
      vertex -3.15613 5.15741 2.5
      vertex -3.28139 5.15083 2.5
    endloop
  endfacet
  facet normal 0 0 -1
    outer loop
      vertex -3.67426 6.17427 2.5
      vertex -3.28139 5.15083 2.5
      vertex -3.40529 5.17047 2.5
    endloop
  endfacet
  facet normal 0 0 -1
    outer loop
      vertex -3.67426 6.17427 2.5
      vertex -3.40529 5.17047 2.5
      vertex -3.52238 5.21541 2.5
    endloop
  endfacet
  facet normal 0 0 -1
    outer loop
      vertex -3.67426 6.17427 2.5
      vertex -3.52238 5.21541 2.5
      vertex -3.62758 5.28372 2.5
    endloop
  endfacet
  facet normal -0 0 -1
    outer loop
      vertex -0.599991 7.55148 2.5
      vertex -3.67426 6.17427 2.5
      vertex -0.424271 9.42426 2.5
    endloop
  endfacet
  facet normal 0 0 -1
    outer loop
      vertex -3.71628 5.37242 2.5
      vertex -3.67426 6.17427 2.5
      vertex -3.62758 5.28372 2.5
    endloop
  endfacet
  facet normal 0 0 -1
    outer loop
      vertex -3.71628 5.37242 2.5
      vertex -3.75319 6.0768 2.5
      vertex -3.67426 6.17427 2.5
    endloop
  endfacet
  facet normal 0 0 -1
    outer loop
      vertex -3.78459 5.47762 2.5
      vertex -3.75319 6.0768 2.5
      vertex -3.71628 5.37242 2.5
    endloop
  endfacet
  facet normal 0 0 -1
    outer loop
      vertex -3.78459 5.47762 2.5
      vertex -3.81013 5.96503 2.5
      vertex -3.75319 6.0768 2.5
    endloop
  endfacet
  facet normal 0 0 -1
    outer loop
      vertex -3.82953 5.59471 2.5
      vertex -3.81013 5.96503 2.5
      vertex -3.78459 5.47762 2.5
    endloop
  endfacet
  facet normal 0 0 -1
    outer loop
      vertex -3.82953 5.59471 2.5
      vertex -3.84259 5.84387 2.5
      vertex -3.81013 5.96503 2.5
    endloop
  endfacet
  facet normal 0 -0 -1
    outer loop
      vertex -3.84259 5.84387 2.5
      vertex -3.82953 5.59471 2.5
      vertex -3.84917 5.71861 2.5
    endloop
  endfacet
  facet normal 0 0 1
    outer loop
      vertex 3.84259 5.84387 3.2
      vertex 3.82953 5.59471 3.2
      vertex 3.84917 5.71861 3.2
    endloop
  endfacet
  facet normal 0 0 1
    outer loop
      vertex 3.81013 5.96503 3.2
      vertex 3.82953 5.59471 3.2
      vertex 3.84259 5.84387 3.2
    endloop
  endfacet
  facet normal 0 0 1
    outer loop
      vertex 3.81013 5.96503 3.2
      vertex 3.78459 5.47762 3.2
      vertex 3.82953 5.59471 3.2
    endloop
  endfacet
  facet normal 0 0 1
    outer loop
      vertex 3.75319 6.0768 3.2
      vertex 3.78459 5.47762 3.2
      vertex 3.81013 5.96503 3.2
    endloop
  endfacet
  facet normal 0 0 1
    outer loop
      vertex 3.75319 6.0768 3.2
      vertex 3.71628 5.37242 3.2
      vertex 3.78459 5.47762 3.2
    endloop
  endfacet
  facet normal 0 0 1
    outer loop
      vertex 3.67426 6.17427 3.2
      vertex 3.71628 5.37242 3.2
      vertex 3.75319 6.0768 3.2
    endloop
  endfacet
  facet normal 0 0 1
    outer loop
      vertex 3.67426 6.17427 3.2
      vertex 3.62758 5.28372 3.2
      vertex 3.71628 5.37242 3.2
    endloop
  endfacet
  facet normal 0 0 1
    outer loop
      vertex 3.67426 6.17427 3.2
      vertex 3.52238 5.21541 3.2
      vertex 3.62758 5.28372 3.2
    endloop
  endfacet
  facet normal 0 0 1
    outer loop
      vertex 3.67426 6.17427 3.2
      vertex 3.40529 5.17047 3.2
      vertex 3.52238 5.21541 3.2
    endloop
  endfacet
  facet normal 0 0 1
    outer loop
      vertex 3.67426 6.17427 3.2
      vertex 3.28139 5.15083 3.2
      vertex 3.40529 5.17047 3.2
    endloop
  endfacet
  facet normal 0 0 1
    outer loop
      vertex 3.67426 6.17427 3.2
      vertex 3.15613 5.15741 3.2
      vertex 3.28139 5.15083 3.2
    endloop
  endfacet
  facet normal 0 0 1
    outer loop
      vertex 3.67426 6.17427 3.2
      vertex 3.03497 5.18987 3.2
      vertex 3.15613 5.15741 3.2
    endloop
  endfacet
  facet normal 0 0 1
    outer loop
      vertex 3.67426 6.17427 3.2
      vertex 2.9232 5.24681 3.2
      vertex 3.03497 5.18987 3.2
    endloop
  endfacet
  facet normal 0 0 1
    outer loop
      vertex 3.67426 6.17427 3.2
      vertex 2.82573 5.32574 3.2
      vertex 2.9232 5.24681 3.2
    endloop
  endfacet
  facet normal 0 0 1
    outer loop
      vertex 3.67426 6.17427 3.2
      vertex 0.599991 7.55148 3.2
      vertex 2.82573 5.32574 3.2
    endloop
  endfacet
  facet normal 0 0 1
    outer loop
      vertex -0.599991 -9 3.2
      vertex 0.599991 -9 3.2
      vertex 0.599991 7.55148 3.2
    endloop
  endfacet
  facet normal 0 0 1
    outer loop
      vertex 0.599991 -9 3.2
      vertex -0.599991 -9 3.2
      vertex 0.586884 -9.12474 3.2
    endloop
  endfacet
  facet normal 0 0 1
    outer loop
      vertex 0.586884 -9.12474 3.2
      vertex -0.599991 -9 3.2
      vertex 0.548126 -9.24403 3.2
    endloop
  endfacet
  facet normal 0 0 1
    outer loop
      vertex 0.424255 9.42426 3.2
      vertex 0.599991 7.55148 3.2
      vertex 3.67426 6.17427 3.2
    endloop
  endfacet
  facet normal 0 0 1
    outer loop
      vertex -0.599991 7.55148 3.2
      vertex 0.599991 7.55148 3.2
      vertex 0.424255 9.42426 3.2
    endloop
  endfacet
  facet normal 0 0 1
    outer loop
      vertex -0.424271 9.42426 3.2
      vertex 0.424255 9.42426 3.2
      vertex 0.412506 9.43362 3.2
    endloop
  endfacet
  facet normal 0 0 1
    outer loop
      vertex 0.352829 9.48122 3.2
      vertex 0.412506 9.43362 3.2
      vertex 0.401474 9.44588 3.2
    endloop
  endfacet
  facet normal 0 0 1
    outer loop
      vertex -0.599991 -9 3.2
      vertex 0.599991 7.55148 3.2
      vertex -0.599991 7.55148 3.2
    endloop
  endfacet
  facet normal 0 0 1
    outer loop
      vertex 0.412506 9.43362 3.2
      vertex 0.352829 9.48122 3.2
      vertex -0.41246 9.43367 3.2
    endloop
  endfacet
  facet normal 0 0 1
    outer loop
      vertex 0.309464 9.51273 3.2
      vertex 0.352829 9.48122 3.2
      vertex 0.319214 9.50803 3.2
    endloop
  endfacet
  facet normal 0 0 1
    outer loop
      vertex 0.236099 9.54807 3.2
      vertex 0.352829 9.48122 3.2
      vertex 0.309464 9.51273 3.2
    endloop
  endfacet
  facet normal 0 0 1
    outer loop
      vertex 0.236099 9.54807 3.2
      vertex 0.309464 9.51273 3.2
      vertex 0.299988 9.51961 3.2
    endloop
  endfacet
  facet normal 0 0 1
    outer loop
      vertex 0.548126 -9.24403 3.2
      vertex -0.599991 -9 3.2
      vertex 0.485397 -9.35266 3.2
    endloop
  endfacet
  facet normal 0 0 1
    outer loop
      vertex -0.35289 9.48117 3.2
      vertex 0.352829 9.48122 3.2
      vertex 0.236099 9.54807 3.2
    endloop
  endfacet
  facet normal 0 0 1
    outer loop
      vertex 0.191818 9.56778 3.2
      vertex 0.236099 9.54807 3.2
      vertex 0.198166 9.56633 3.2
    endloop
  endfacet
  facet normal 0 0 1
    outer loop
      vertex 0.0964661 9.58954 3.2
      vertex 0.236099 9.54807 3.2
      vertex 0.191818 9.56778 3.2
    endloop
  endfacet
  facet normal 0 0 1
    outer loop
      vertex 0.0964661 9.58954 3.2
      vertex 0.191818 9.56778 3.2
      vertex 0.18541 9.57063 3.2
    endloop
  endfacet
  facet normal 0 0 1
    outer loop
      vertex 0.485397 -9.35266 3.2
      vertex -0.599991 -9 3.2
      vertex 0.401474 -9.44588 3.2
    endloop
  endfacet
  facet normal 0 0 1
    outer loop
      vertex -0.35289 9.48117 3.2
      vertex 0.236099 9.54807 3.2
      vertex 0.0964661 9.58954 3.2
    endloop
  endfacet
  facet normal -0 0 1
    outer loop
      vertex 0.0650177 9.59622 3.2
      vertex 0.0964661 9.58954 3.2
      vertex 0.0671692 9.59622 3.2
    endloop
  endfacet
  facet normal 0 0 1
    outer loop
      vertex -0.0964661 9.58954 3.2
      vertex 0.0964661 9.58954 3.2
      vertex 0.0650177 9.59622 3.2
    endloop
  endfacet
  facet normal 0 0 1
    outer loop
      vertex -0.0650177 9.59622 3.2
      vertex 0.0650177 9.59622 3.2
      vertex 0.0627136 9.59671 3.2
    endloop
  endfacet
  facet normal 0 0 1
    outer loop
      vertex 0.401474 -9.44588 3.2
      vertex -0.599991 -9 3.2
      vertex 0.299988 -9.51961 3.2
    endloop
  endfacet
  facet normal 0 0 1
    outer loop
      vertex -0.0650177 9.59622 3.2
      vertex 0.0627136 9.59671 3.2
      vertex -0.0627136 9.59671 3.2
    endloop
  endfacet
  facet normal 0 0 1
    outer loop
      vertex 0.299988 -9.51961 3.2
      vertex -0.599991 -9 3.2
      vertex 0.18541 -9.57063 3.2
    endloop
  endfacet
  facet normal 0 0 1
    outer loop
      vertex 0.0650177 9.59622 3.2
      vertex -0.0650177 9.59622 3.2
      vertex -0.0964661 9.58954 3.2
    endloop
  endfacet
  facet normal 0 0 1
    outer loop
      vertex -0.0964661 9.58954 3.2
      vertex -0.0650177 9.59622 3.2
      vertex -0.0671692 9.59622 3.2
    endloop
  endfacet
  facet normal 0 0 1
    outer loop
      vertex 0.0964661 9.58954 3.2
      vertex -0.0964661 9.58954 3.2
      vertex -0.35289 9.48117 3.2
    endloop
  endfacet
  facet normal 0 0 1
    outer loop
      vertex -0.191818 9.56778 3.2
      vertex -0.0964661 9.58954 3.2
      vertex -0.18541 9.57063 3.2
    endloop
  endfacet
  facet normal 0 0 1
    outer loop
      vertex 0.18541 -9.57063 3.2
      vertex -0.599991 -9 3.2
      vertex 0.0627136 -9.59671 3.2
    endloop
  endfacet
  facet normal 0 0 1
    outer loop
      vertex -0.236099 9.54807 3.2
      vertex -0.0964661 9.58954 3.2
      vertex -0.191818 9.56778 3.2
    endloop
  endfacet
  facet normal 0 0 1
    outer loop
      vertex -0.236099 9.54807 3.2
      vertex -0.191818 9.56778 3.2
      vertex -0.198166 9.56633 3.2
    endloop
  endfacet
  facet normal 0 0 1
    outer loop
      vertex -0.35289 9.48117 3.2
      vertex -0.0964661 9.58954 3.2
      vertex -0.236099 9.54807 3.2
    endloop
  endfacet
  facet normal 0 0 1
    outer loop
      vertex -0.309464 9.51273 3.2
      vertex -0.236099 9.54807 3.2
      vertex -0.299988 9.51961 3.2
    endloop
  endfacet
  facet normal 0 0 1
    outer loop
      vertex 0.0627136 -9.59671 3.2
      vertex -0.599991 -9 3.2
      vertex -0.0627136 -9.59671 3.2
    endloop
  endfacet
  facet normal 0 0 1
    outer loop
      vertex -0.35289 9.48117 3.2
      vertex -0.236099 9.54807 3.2
      vertex -0.309464 9.51273 3.2
    endloop
  endfacet
  facet normal 0 0 1
    outer loop
      vertex -0.35289 9.48117 3.2
      vertex -0.309464 9.51273 3.2
      vertex -0.319214 9.50803 3.2
    endloop
  endfacet
  facet normal 0 0 1
    outer loop
      vertex 0.352829 9.48122 3.2
      vertex -0.35289 9.48117 3.2
      vertex -0.41246 9.43367 3.2
    endloop
  endfacet
  facet normal 0 0 1
    outer loop
      vertex -0.41246 9.43367 3.2
      vertex -0.35289 9.48117 3.2
      vertex -0.401474 9.44588 3.2
    endloop
  endfacet
  facet normal 0 0 1
    outer loop
      vertex -0.0627136 -9.59671 3.2
      vertex -0.599991 -9 3.2
      vertex -0.18541 -9.57063 3.2
    endloop
  endfacet
  facet normal 0 0 1
    outer loop
      vertex 0.412506 9.43362 3.2
      vertex -0.41246 9.43367 3.2
      vertex -0.424271 9.42426 3.2
    endloop
  endfacet
  facet normal 0 0 1
    outer loop
      vertex 0.424255 9.42426 3.2
      vertex -0.424271 9.42426 3.2
      vertex -0.599991 7.55148 3.2
    endloop
  endfacet
  facet normal 0 0 1
    outer loop
      vertex -0.18541 -9.57063 3.2
      vertex -0.599991 -9 3.2
      vertex -0.299988 -9.51961 3.2
    endloop
  endfacet
  facet normal 0 0 1
    outer loop
      vertex -0.299988 -9.51961 3.2
      vertex -0.599991 -9 3.2
      vertex -0.401474 -9.44588 3.2
    endloop
  endfacet
  facet normal 0 0 1
    outer loop
      vertex -0.401474 -9.44588 3.2
      vertex -0.599991 -9 3.2
      vertex -0.485397 -9.35266 3.2
    endloop
  endfacet
  facet normal 0 0 1
    outer loop
      vertex -0.485397 -9.35266 3.2
      vertex -0.599991 -9 3.2
      vertex -0.548126 -9.24403 3.2
    endloop
  endfacet
  facet normal 0 0 1
    outer loop
      vertex -3.67426 6.17427 3.2
      vertex -0.599991 7.55148 3.2
      vertex -0.424271 9.42426 3.2
    endloop
  endfacet
  facet normal 0 0 1
    outer loop
      vertex -0.599991 7.55148 3.2
      vertex -3.67426 6.17427 3.2
      vertex -2.82567 5.32582 3.2
    endloop
  endfacet
  facet normal 0 0 1
    outer loop
      vertex -2.82567 5.32582 3.2
      vertex -3.67426 6.17427 3.2
      vertex -2.9232 5.24681 3.2
    endloop
  endfacet
  facet normal 0 0 1
    outer loop
      vertex -2.9232 5.24681 3.2
      vertex -3.67426 6.17427 3.2
      vertex -3.03497 5.18987 3.2
    endloop
  endfacet
  facet normal 0 0 1
    outer loop
      vertex -3.03497 5.18987 3.2
      vertex -3.67426 6.17427 3.2
      vertex -3.15613 5.15741 3.2
    endloop
  endfacet
  facet normal 0 0 1
    outer loop
      vertex -3.15613 5.15741 3.2
      vertex -3.67426 6.17427 3.2
      vertex -3.28139 5.15083 3.2
    endloop
  endfacet
  facet normal 0 0 1
    outer loop
      vertex -3.28139 5.15083 3.2
      vertex -3.67426 6.17427 3.2
      vertex -3.40529 5.17047 3.2
    endloop
  endfacet
  facet normal 0 0 1
    outer loop
      vertex -3.40529 5.17047 3.2
      vertex -3.67426 6.17427 3.2
      vertex -3.52238 5.21541 3.2
    endloop
  endfacet
  facet normal 0 0 1
    outer loop
      vertex -3.52238 5.21541 3.2
      vertex -3.67426 6.17427 3.2
      vertex -3.62758 5.28372 3.2
    endloop
  endfacet
  facet normal 0 0 1
    outer loop
      vertex -3.67426 6.17427 3.2
      vertex -3.71628 5.37242 3.2
      vertex -3.62758 5.28372 3.2
    endloop
  endfacet
  facet normal -0 0 1
    outer loop
      vertex -3.75319 6.0768 3.2
      vertex -3.71628 5.37242 3.2
      vertex -3.67426 6.17427 3.2
    endloop
  endfacet
  facet normal 0 0 1
    outer loop
      vertex -3.75319 6.0768 3.2
      vertex -3.78459 5.47762 3.2
      vertex -3.71628 5.37242 3.2
    endloop
  endfacet
  facet normal -0 0 1
    outer loop
      vertex -3.81013 5.96503 3.2
      vertex -3.78459 5.47762 3.2
      vertex -3.75319 6.0768 3.2
    endloop
  endfacet
  facet normal 0 0 1
    outer loop
      vertex -3.81013 5.96503 3.2
      vertex -3.82953 5.59471 3.2
      vertex -3.78459 5.47762 3.2
    endloop
  endfacet
  facet normal -0 0 1
    outer loop
      vertex -3.84259 5.84387 3.2
      vertex -3.82953 5.59471 3.2
      vertex -3.81013 5.96503 3.2
    endloop
  endfacet
  facet normal 0 0 1
    outer loop
      vertex -3.82953 5.59471 3.2
      vertex -3.84259 5.84387 3.2
      vertex -3.84917 5.71861 3.2
    endloop
  endfacet
  facet normal 0 0 1
    outer loop
      vertex -0.548126 -9.24403 3.2
      vertex -0.599991 -9 3.2
      vertex -0.586884 -9.12474 3.2
    endloop
  endfacet
  facet normal 0.40678 -0.913526 0
    outer loop
      vertex 0.18541 -9.57063 2.5
      vertex 0.299988 -9.51961 3.2
      vertex 0.18541 -9.57063 3.2
    endloop
  endfacet
  facet normal 0.40678 -0.913526 0
    outer loop
      vertex 0.299988 -9.51961 3.2
      vertex 0.18541 -9.57063 2.5
      vertex 0.299988 -9.51961 2.5
    endloop
  endfacet
  facet normal 0.587765 -0.809032 0
    outer loop
      vertex 0.299988 -9.51961 2.5
      vertex 0.401474 -9.44588 3.2
      vertex 0.299988 -9.51961 3.2
    endloop
  endfacet
  facet normal 0.587765 -0.809032 0
    outer loop
      vertex 0.401474 -9.44588 3.2
      vertex 0.299988 -9.51961 2.5
      vertex 0.401474 -9.44588 2.5
    endloop
  endfacet
  facet normal 0.743195 -0.669075 0
    outer loop
      vertex 0.401474 -9.44588 3.2
      vertex 0.485397 -9.35266 2.5
      vertex 0.485397 -9.35266 3.2
    endloop
  endfacet
  facet normal 0.743195 -0.669075 0
    outer loop
      vertex 0.485397 -9.35266 2.5
      vertex 0.401474 -9.44588 3.2
      vertex 0.401474 -9.44588 2.5
    endloop
  endfacet
  facet normal 0.865986 -0.500068 0
    outer loop
      vertex 0.485397 -9.35266 3.2
      vertex 0.548126 -9.24403 2.5
      vertex 0.548126 -9.24403 3.2
    endloop
  endfacet
  facet normal 0.865986 -0.500068 0
    outer loop
      vertex 0.548126 -9.24403 2.5
      vertex 0.485397 -9.35266 3.2
      vertex 0.485397 -9.35266 2.5
    endloop
  endfacet
  facet normal 0.95106 -0.309005 0
    outer loop
      vertex 0.548126 -9.24403 3.2
      vertex 0.586884 -9.12474 2.5
      vertex 0.586884 -9.12474 3.2
    endloop
  endfacet
  facet normal 0.95106 -0.309005 0
    outer loop
      vertex 0.586884 -9.12474 2.5
      vertex 0.548126 -9.24403 3.2
      vertex 0.548126 -9.24403 2.5
    endloop
  endfacet
  facet normal 0.994525 -0.104499 0
    outer loop
      vertex 0.586884 -9.12474 3.2
      vertex 0.599991 -9 2.5
      vertex 0.599991 -9 3.2
    endloop
  endfacet
  facet normal 0.994525 -0.104499 0
    outer loop
      vertex 0.599991 -9 2.5
      vertex 0.586884 -9.12474 3.2
      vertex 0.586884 -9.12474 2.5
    endloop
  endfacet
  facet normal 1 -0 0
    outer loop
      vertex 0.599991 -9 3.2
      vertex 0.599991 7.55148 2.5
      vertex 0.599991 7.55148 3.2
    endloop
  endfacet
  facet normal 1 0 0
    outer loop
      vertex 0.599991 7.55148 2.5
      vertex 0.599991 -9 3.2
      vertex 0.599991 -9 2.5
    endloop
  endfacet
  facet normal -0.707107 -0.707107 0
    outer loop
      vertex 2.82573 5.32574 2.5
      vertex 0.599991 7.55148 3.2
      vertex 0.599991 7.55148 2.5
    endloop
  endfacet
  facet normal -0.707107 -0.707107 0
    outer loop
      vertex 0.599991 7.55148 3.2
      vertex 2.82573 5.32574 2.5
      vertex 2.82573 5.32574 3.2
    endloop
  endfacet
  facet normal -0.629322 -0.777145 0
    outer loop
      vertex 2.82573 5.32574 2.5
      vertex 2.9232 5.24681 3.2
      vertex 2.82573 5.32574 3.2
    endloop
  endfacet
  facet normal -0.629322 -0.777145 -0
    outer loop
      vertex 2.9232 5.24681 3.2
      vertex 2.82573 5.32574 2.5
      vertex 2.9232 5.24681 2.5
    endloop
  endfacet
  facet normal -0.453929 -0.891038 0
    outer loop
      vertex 2.9232 5.24681 2.5
      vertex 3.03497 5.18987 3.2
      vertex 2.9232 5.24681 3.2
    endloop
  endfacet
  facet normal -0.453929 -0.891038 -0
    outer loop
      vertex 3.03497 5.18987 3.2
      vertex 2.9232 5.24681 2.5
      vertex 3.03497 5.18987 2.5
    endloop
  endfacet
  facet normal -0.258784 -0.965935 0
    outer loop
      vertex 3.03497 5.18987 2.5
      vertex 3.15613 5.15741 3.2
      vertex 3.03497 5.18987 3.2
    endloop
  endfacet
  facet normal -0.258784 -0.965935 -0
    outer loop
      vertex 3.15613 5.15741 3.2
      vertex 3.03497 5.18987 2.5
      vertex 3.15613 5.15741 2.5
    endloop
  endfacet
  facet normal -0.0524584 -0.998623 0
    outer loop
      vertex 3.15613 5.15741 2.5
      vertex 3.28139 5.15083 3.2
      vertex 3.15613 5.15741 3.2
    endloop
  endfacet
  facet normal -0.0524584 -0.998623 -0
    outer loop
      vertex 3.28139 5.15083 3.2
      vertex 3.15613 5.15741 2.5
      vertex 3.28139 5.15083 2.5
    endloop
  endfacet
  facet normal 0.15656 -0.987668 0
    outer loop
      vertex 3.28139 5.15083 2.5
      vertex 3.40529 5.17047 3.2
      vertex 3.28139 5.15083 3.2
    endloop
  endfacet
  facet normal 0.15656 -0.987668 0
    outer loop
      vertex 3.40529 5.17047 3.2
      vertex 3.28139 5.15083 2.5
      vertex 3.40529 5.17047 2.5
    endloop
  endfacet
  facet normal 0.358322 -0.933598 0
    outer loop
      vertex 3.40529 5.17047 2.5
      vertex 3.52238 5.21541 3.2
      vertex 3.40529 5.17047 3.2
    endloop
  endfacet
  facet normal 0.358322 -0.933598 0
    outer loop
      vertex 3.52238 5.21541 3.2
      vertex 3.40529 5.17047 2.5
      vertex 3.52238 5.21541 2.5
    endloop
  endfacet
  facet normal 0.544596 -0.838699 0
    outer loop
      vertex 3.52238 5.21541 2.5
      vertex 3.62758 5.28372 3.2
      vertex 3.52238 5.21541 3.2
    endloop
  endfacet
  facet normal 0.544596 -0.838699 0
    outer loop
      vertex 3.62758 5.28372 3.2
      vertex 3.52238 5.21541 2.5
      vertex 3.62758 5.28372 2.5
    endloop
  endfacet
  facet normal 0.707107 -0.707107 0
    outer loop
      vertex 3.62758 5.28372 3.2
      vertex 3.71628 5.37242 2.5
      vertex 3.71628 5.37242 3.2
    endloop
  endfacet
  facet normal 0.707107 -0.707107 0
    outer loop
      vertex 3.71628 5.37242 2.5
      vertex 3.62758 5.28372 3.2
      vertex 3.62758 5.28372 2.5
    endloop
  endfacet
  facet normal 0.838699 -0.544596 0
    outer loop
      vertex 3.71628 5.37242 3.2
      vertex 3.78459 5.47762 2.5
      vertex 3.78459 5.47762 3.2
    endloop
  endfacet
  facet normal 0.838699 -0.544596 0
    outer loop
      vertex 3.78459 5.47762 2.5
      vertex 3.71628 5.37242 3.2
      vertex 3.71628 5.37242 2.5
    endloop
  endfacet
  facet normal 0.933598 -0.358322 0
    outer loop
      vertex 3.78459 5.47762 3.2
      vertex 3.82953 5.59471 2.5
      vertex 3.82953 5.59471 3.2
    endloop
  endfacet
  facet normal 0.933598 -0.358322 0
    outer loop
      vertex 3.82953 5.59471 2.5
      vertex 3.78459 5.47762 3.2
      vertex 3.78459 5.47762 2.5
    endloop
  endfacet
  facet normal 0.987668 -0.15656 0
    outer loop
      vertex 3.82953 5.59471 3.2
      vertex 3.84917 5.71861 2.5
      vertex 3.84917 5.71861 3.2
    endloop
  endfacet
  facet normal 0.987668 -0.15656 0
    outer loop
      vertex 3.84917 5.71861 2.5
      vertex 3.82953 5.59471 3.2
      vertex 3.82953 5.59471 2.5
    endloop
  endfacet
  facet normal 0.998623 0.0524584 0
    outer loop
      vertex 3.84917 5.71861 3.2
      vertex 3.84259 5.84387 2.5
      vertex 3.84259 5.84387 3.2
    endloop
  endfacet
  facet normal 0.998623 0.0524584 0
    outer loop
      vertex 3.84259 5.84387 2.5
      vertex 3.84917 5.71861 3.2
      vertex 3.84917 5.71861 2.5
    endloop
  endfacet
  facet normal 0.965935 0.258784 0
    outer loop
      vertex 3.84259 5.84387 3.2
      vertex 3.81013 5.96503 2.5
      vertex 3.81013 5.96503 3.2
    endloop
  endfacet
  facet normal 0.965935 0.258784 0
    outer loop
      vertex 3.81013 5.96503 2.5
      vertex 3.84259 5.84387 3.2
      vertex 3.84259 5.84387 2.5
    endloop
  endfacet
  facet normal 0.891038 0.453929 0
    outer loop
      vertex 3.81013 5.96503 3.2
      vertex 3.75319 6.0768 2.5
      vertex 3.75319 6.0768 3.2
    endloop
  endfacet
  facet normal 0.891038 0.453929 0
    outer loop
      vertex 3.75319 6.0768 2.5
      vertex 3.81013 5.96503 3.2
      vertex 3.81013 5.96503 2.5
    endloop
  endfacet
  facet normal 0.777145 0.629322 0
    outer loop
      vertex 3.75319 6.0768 3.2
      vertex 3.67426 6.17427 2.5
      vertex 3.67426 6.17427 3.2
    endloop
  endfacet
  facet normal 0.777145 0.629322 0
    outer loop
      vertex 3.67426 6.17427 2.5
      vertex 3.75319 6.0768 3.2
      vertex 3.75319 6.0768 2.5
    endloop
  endfacet
  facet normal 0.707105 0.707108 -0
    outer loop
      vertex 3.67426 6.17427 2.5
      vertex 0.424255 9.42426 3.2
      vertex 3.67426 6.17427 3.2
    endloop
  endfacet
  facet normal 0.707105 0.707108 0
    outer loop
      vertex 0.424255 9.42426 3.2
      vertex 3.67426 6.17427 2.5
      vertex 0.424255 9.42426 2.5
    endloop
  endfacet
  facet normal 0.623103 0.78214 -0
    outer loop
      vertex 0.424255 9.42426 2.5
      vertex 0.412506 9.43362 3.2
      vertex 0.424255 9.42426 3.2
    endloop
  endfacet
  facet normal 0.623103 0.78214 0
    outer loop
      vertex 0.412506 9.43362 3.2
      vertex 0.424255 9.42426 2.5
      vertex 0.412506 9.43362 2.5
    endloop
  endfacet
  facet normal 0.743354 0.668898 0
    outer loop
      vertex 0.412506 9.43362 3.2
      vertex 0.401474 9.44588 2.5
      vertex 0.401474 9.44588 3.2
    endloop
  endfacet
  facet normal 0.743354 0.668898 0
    outer loop
      vertex 0.401474 9.44588 2.5
      vertex 0.412506 9.43362 3.2
      vertex 0.412506 9.43362 2.5
    endloop
  endfacet
  facet normal 0.587756 0.809038 -0
    outer loop
      vertex 0.401474 9.44588 2.5
      vertex 0.352829 9.48122 3.2
      vertex 0.401474 9.44588 3.2
    endloop
  endfacet
  facet normal 0.587756 0.809038 0
    outer loop
      vertex 0.352829 9.48122 3.2
      vertex 0.401474 9.44588 2.5
      vertex 0.352829 9.48122 2.5
    endloop
  endfacet
  facet normal 0.623531 0.781798 -0
    outer loop
      vertex 0.352829 9.48122 2.5
      vertex 0.319214 9.50803 3.2
      vertex 0.352829 9.48122 3.2
    endloop
  endfacet
  facet normal 0.623531 0.781798 0
    outer loop
      vertex 0.319214 9.50803 3.2
      vertex 0.352829 9.48122 2.5
      vertex 0.319214 9.50803 2.5
    endloop
  endfacet
  facet normal 0.434232 0.900801 -0
    outer loop
      vertex 0.319214 9.50803 2.5
      vertex 0.309464 9.51273 3.2
      vertex 0.319214 9.50803 3.2
    endloop
  endfacet
  facet normal 0.434232 0.900801 0
    outer loop
      vertex 0.309464 9.51273 3.2
      vertex 0.319214 9.50803 2.5
      vertex 0.309464 9.51273 2.5
    endloop
  endfacet
  facet normal 0.587522 0.809208 -0
    outer loop
      vertex 0.309464 9.51273 2.5
      vertex 0.299988 9.51961 3.2
      vertex 0.309464 9.51273 3.2
    endloop
  endfacet
  facet normal 0.587522 0.809208 0
    outer loop
      vertex 0.299988 9.51961 3.2
      vertex 0.309464 9.51273 2.5
      vertex 0.299988 9.51961 2.5
    endloop
  endfacet
  facet normal 0.406913 0.913467 -0
    outer loop
      vertex 0.299988 9.51961 2.5
      vertex 0.236099 9.54807 3.2
      vertex 0.299988 9.51961 3.2
    endloop
  endfacet
  facet normal 0.406913 0.913467 0
    outer loop
      vertex 0.236099 9.54807 3.2
      vertex 0.299988 9.51961 2.5
      vertex 0.236099 9.54807 2.5
    endloop
  endfacet
  facet normal 0.433738 0.901039 -0
    outer loop
      vertex 0.236099 9.54807 2.5
      vertex 0.198166 9.56633 3.2
      vertex 0.236099 9.54807 3.2
    endloop
  endfacet
  facet normal 0.433738 0.901039 0
    outer loop
      vertex 0.198166 9.56633 3.2
      vertex 0.236099 9.54807 2.5
      vertex 0.198166 9.56633 2.5
    endloop
  endfacet
  facet normal 0.222683 0.974891 -0
    outer loop
      vertex 0.198166 9.56633 2.5
      vertex 0.191818 9.56778 3.2
      vertex 0.198166 9.56633 3.2
    endloop
  endfacet
  facet normal 0.222683 0.974891 0
    outer loop
      vertex 0.191818 9.56778 3.2
      vertex 0.198166 9.56633 2.5
      vertex 0.191818 9.56778 2.5
    endloop
  endfacet
  facet normal 0.406377 0.913706 -0
    outer loop
      vertex 0.191818 9.56778 2.5
      vertex 0.18541 9.57063 3.2
      vertex 0.191818 9.56778 3.2
    endloop
  endfacet
  facet normal 0.406377 0.913706 0
    outer loop
      vertex 0.18541 9.57063 3.2
      vertex 0.191818 9.56778 2.5
      vertex 0.18541 9.57063 2.5
    endloop
  endfacet
  facet normal 0.207958 0.978138 -0
    outer loop
      vertex 0.18541 9.57063 2.5
      vertex 0.0964661 9.58954 3.2
      vertex 0.18541 9.57063 3.2
    endloop
  endfacet
  facet normal 0.207958 0.978138 0
    outer loop
      vertex 0.0964661 9.58954 3.2
      vertex 0.18541 9.57063 2.5
      vertex 0.0964661 9.58954 2.5
    endloop
  endfacet
  facet normal 0.222305 0.974977 -0
    outer loop
      vertex 0.0964661 9.58954 2.5
      vertex 0.0671692 9.59622 3.2
      vertex 0.0964661 9.58954 3.2
    endloop
  endfacet
  facet normal 0.222305 0.974977 0
    outer loop
      vertex 0.0671692 9.59622 3.2
      vertex 0.0964661 9.58954 2.5
      vertex 0.0671692 9.59622 2.5
    endloop
  endfacet
  facet normal 0 1 -0
    outer loop
      vertex 0.0671692 9.59622 2.5
      vertex 0.0650177 9.59622 3.2
      vertex 0.0671692 9.59622 3.2
    endloop
  endfacet
  facet normal 0 1 0
    outer loop
      vertex 0.0650177 9.59622 3.2
      vertex 0.0671692 9.59622 2.5
      vertex 0.0650177 9.59622 2.5
    endloop
  endfacet
  facet normal 0.208013 0.978126 -0
    outer loop
      vertex 0.0650177 9.59622 2.5
      vertex 0.0627136 9.59671 3.2
      vertex 0.0650177 9.59622 3.2
    endloop
  endfacet
  facet normal 0.208013 0.978126 0
    outer loop
      vertex 0.0627136 9.59671 3.2
      vertex 0.0650177 9.59622 2.5
      vertex 0.0627136 9.59671 2.5
    endloop
  endfacet
  facet normal 0 1 -0
    outer loop
      vertex 0.0627136 9.59671 2.5
      vertex -0.0627136 9.59671 3.2
      vertex 0.0627136 9.59671 3.2
    endloop
  endfacet
  facet normal 0 1 0
    outer loop
      vertex -0.0627136 9.59671 3.2
      vertex 0.0627136 9.59671 2.5
      vertex -0.0627136 9.59671 2.5
    endloop
  endfacet
  facet normal -0.208013 0.978126 0
    outer loop
      vertex -0.0627136 9.59671 2.5
      vertex -0.0650177 9.59622 3.2
      vertex -0.0627136 9.59671 3.2
    endloop
  endfacet
  facet normal -0.208013 0.978126 0
    outer loop
      vertex -0.0650177 9.59622 3.2
      vertex -0.0627136 9.59671 2.5
      vertex -0.0650177 9.59622 2.5
    endloop
  endfacet
  facet normal 0 1 -0
    outer loop
      vertex -0.0650177 9.59622 2.5
      vertex -0.0671692 9.59622 3.2
      vertex -0.0650177 9.59622 3.2
    endloop
  endfacet
  facet normal 0 1 0
    outer loop
      vertex -0.0671692 9.59622 3.2
      vertex -0.0650177 9.59622 2.5
      vertex -0.0671692 9.59622 2.5
    endloop
  endfacet
  facet normal -0.222305 0.974977 0
    outer loop
      vertex -0.0671692 9.59622 2.5
      vertex -0.0964661 9.58954 3.2
      vertex -0.0671692 9.59622 3.2
    endloop
  endfacet
  facet normal -0.222305 0.974977 0
    outer loop
      vertex -0.0964661 9.58954 3.2
      vertex -0.0671692 9.59622 2.5
      vertex -0.0964661 9.58954 2.5
    endloop
  endfacet
  facet normal -0.207958 0.978138 0
    outer loop
      vertex -0.0964661 9.58954 2.5
      vertex -0.18541 9.57063 3.2
      vertex -0.0964661 9.58954 3.2
    endloop
  endfacet
  facet normal -0.207958 0.978138 0
    outer loop
      vertex -0.18541 9.57063 3.2
      vertex -0.0964661 9.58954 2.5
      vertex -0.18541 9.57063 2.5
    endloop
  endfacet
  facet normal -0.406377 0.913706 0
    outer loop
      vertex -0.18541 9.57063 2.5
      vertex -0.191818 9.56778 3.2
      vertex -0.18541 9.57063 3.2
    endloop
  endfacet
  facet normal -0.406377 0.913706 0
    outer loop
      vertex -0.191818 9.56778 3.2
      vertex -0.18541 9.57063 2.5
      vertex -0.191818 9.56778 2.5
    endloop
  endfacet
  facet normal -0.222683 0.974891 0
    outer loop
      vertex -0.191818 9.56778 2.5
      vertex -0.198166 9.56633 3.2
      vertex -0.191818 9.56778 3.2
    endloop
  endfacet
  facet normal -0.222683 0.974891 0
    outer loop
      vertex -0.198166 9.56633 3.2
      vertex -0.191818 9.56778 2.5
      vertex -0.198166 9.56633 2.5
    endloop
  endfacet
  facet normal -0.433738 0.901039 0
    outer loop
      vertex -0.198166 9.56633 2.5
      vertex -0.236099 9.54807 3.2
      vertex -0.198166 9.56633 3.2
    endloop
  endfacet
  facet normal -0.433738 0.901039 0
    outer loop
      vertex -0.236099 9.54807 3.2
      vertex -0.198166 9.56633 2.5
      vertex -0.236099 9.54807 2.5
    endloop
  endfacet
  facet normal -0.406913 0.913467 0
    outer loop
      vertex -0.236099 9.54807 2.5
      vertex -0.299988 9.51961 3.2
      vertex -0.236099 9.54807 3.2
    endloop
  endfacet
  facet normal -0.406913 0.913467 0
    outer loop
      vertex -0.299988 9.51961 3.2
      vertex -0.236099 9.54807 2.5
      vertex -0.299988 9.51961 2.5
    endloop
  endfacet
  facet normal -0.587522 0.809208 0
    outer loop
      vertex -0.299988 9.51961 2.5
      vertex -0.309464 9.51273 3.2
      vertex -0.299988 9.51961 3.2
    endloop
  endfacet
  facet normal -0.587522 0.809208 0
    outer loop
      vertex -0.309464 9.51273 3.2
      vertex -0.299988 9.51961 2.5
      vertex -0.309464 9.51273 2.5
    endloop
  endfacet
  facet normal -0.434232 0.900801 0
    outer loop
      vertex -0.309464 9.51273 2.5
      vertex -0.319214 9.50803 3.2
      vertex -0.309464 9.51273 3.2
    endloop
  endfacet
  facet normal -0.434232 0.900801 0
    outer loop
      vertex -0.319214 9.50803 3.2
      vertex -0.309464 9.51273 2.5
      vertex -0.319214 9.50803 2.5
    endloop
  endfacet
  facet normal -0.623551 0.781783 0
    outer loop
      vertex -0.319214 9.50803 2.5
      vertex -0.35289 9.48117 3.2
      vertex -0.319214 9.50803 3.2
    endloop
  endfacet
  facet normal -0.623551 0.781783 0
    outer loop
      vertex -0.35289 9.48117 3.2
      vertex -0.319214 9.50803 2.5
      vertex -0.35289 9.48117 2.5
    endloop
  endfacet
  facet normal -0.587694 0.809083 0
    outer loop
      vertex -0.35289 9.48117 2.5
      vertex -0.401474 9.44588 3.2
      vertex -0.35289 9.48117 3.2
    endloop
  endfacet
  facet normal -0.587694 0.809083 0
    outer loop
      vertex -0.401474 9.44588 3.2
      vertex -0.35289 9.48117 2.5
      vertex -0.401474 9.44588 2.5
    endloop
  endfacet
  facet normal -0.743385 0.668864 0
    outer loop
      vertex -0.41246 9.43367 2.5
      vertex -0.401474 9.44588 3.2
      vertex -0.401474 9.44588 2.5
    endloop
  endfacet
  facet normal -0.743385 0.668864 0
    outer loop
      vertex -0.401474 9.44588 3.2
      vertex -0.41246 9.43367 2.5
      vertex -0.41246 9.43367 3.2
    endloop
  endfacet
  facet normal -0.623127 0.782121 0
    outer loop
      vertex -0.41246 9.43367 2.5
      vertex -0.424271 9.42426 3.2
      vertex -0.41246 9.43367 3.2
    endloop
  endfacet
  facet normal -0.623127 0.782121 0
    outer loop
      vertex -0.424271 9.42426 3.2
      vertex -0.41246 9.43367 2.5
      vertex -0.424271 9.42426 2.5
    endloop
  endfacet
  facet normal -0.707107 0.707107 0
    outer loop
      vertex -3.67426 6.17427 2.5
      vertex -0.424271 9.42426 3.2
      vertex -0.424271 9.42426 2.5
    endloop
  endfacet
  facet normal -0.707107 0.707107 0
    outer loop
      vertex -0.424271 9.42426 3.2
      vertex -3.67426 6.17427 2.5
      vertex -3.67426 6.17427 3.2
    endloop
  endfacet
  facet normal -0.777145 0.629322 0
    outer loop
      vertex -3.75319 6.0768 2.5
      vertex -3.67426 6.17427 3.2
      vertex -3.67426 6.17427 2.5
    endloop
  endfacet
  facet normal -0.777145 0.629322 0
    outer loop
      vertex -3.67426 6.17427 3.2
      vertex -3.75319 6.0768 2.5
      vertex -3.75319 6.0768 3.2
    endloop
  endfacet
  facet normal -0.891038 0.453929 0
    outer loop
      vertex -3.81013 5.96503 2.5
      vertex -3.75319 6.0768 3.2
      vertex -3.75319 6.0768 2.5
    endloop
  endfacet
  facet normal -0.891038 0.453929 0
    outer loop
      vertex -3.75319 6.0768 3.2
      vertex -3.81013 5.96503 2.5
      vertex -3.81013 5.96503 3.2
    endloop
  endfacet
  facet normal -0.965935 0.258784 0
    outer loop
      vertex -3.84259 5.84387 2.5
      vertex -3.81013 5.96503 3.2
      vertex -3.81013 5.96503 2.5
    endloop
  endfacet
  facet normal -0.965935 0.258784 0
    outer loop
      vertex -3.81013 5.96503 3.2
      vertex -3.84259 5.84387 2.5
      vertex -3.84259 5.84387 3.2
    endloop
  endfacet
  facet normal -0.998623 0.0524584 0
    outer loop
      vertex -3.84917 5.71861 2.5
      vertex -3.84259 5.84387 3.2
      vertex -3.84259 5.84387 2.5
    endloop
  endfacet
  facet normal -0.998623 0.0524584 0
    outer loop
      vertex -3.84259 5.84387 3.2
      vertex -3.84917 5.71861 2.5
      vertex -3.84917 5.71861 3.2
    endloop
  endfacet
  facet normal -0.987668 -0.15656 0
    outer loop
      vertex -3.82953 5.59471 2.5
      vertex -3.84917 5.71861 3.2
      vertex -3.84917 5.71861 2.5
    endloop
  endfacet
  facet normal -0.987668 -0.15656 0
    outer loop
      vertex -3.84917 5.71861 3.2
      vertex -3.82953 5.59471 2.5
      vertex -3.82953 5.59471 3.2
    endloop
  endfacet
  facet normal -0.933598 -0.358322 0
    outer loop
      vertex -3.78459 5.47762 2.5
      vertex -3.82953 5.59471 3.2
      vertex -3.82953 5.59471 2.5
    endloop
  endfacet
  facet normal -0.933598 -0.358322 0
    outer loop
      vertex -3.82953 5.59471 3.2
      vertex -3.78459 5.47762 2.5
      vertex -3.78459 5.47762 3.2
    endloop
  endfacet
  facet normal -0.838699 -0.544596 0
    outer loop
      vertex -3.71628 5.37242 2.5
      vertex -3.78459 5.47762 3.2
      vertex -3.78459 5.47762 2.5
    endloop
  endfacet
  facet normal -0.838699 -0.544596 0
    outer loop
      vertex -3.78459 5.47762 3.2
      vertex -3.71628 5.37242 2.5
      vertex -3.71628 5.37242 3.2
    endloop
  endfacet
  facet normal -0.707107 -0.707107 0
    outer loop
      vertex -3.62758 5.28372 2.5
      vertex -3.71628 5.37242 3.2
      vertex -3.71628 5.37242 2.5
    endloop
  endfacet
  facet normal -0.707107 -0.707107 0
    outer loop
      vertex -3.71628 5.37242 3.2
      vertex -3.62758 5.28372 2.5
      vertex -3.62758 5.28372 3.2
    endloop
  endfacet
  facet normal -0.544596 -0.838699 0
    outer loop
      vertex -3.62758 5.28372 2.5
      vertex -3.52238 5.21541 3.2
      vertex -3.62758 5.28372 3.2
    endloop
  endfacet
  facet normal -0.544596 -0.838699 -0
    outer loop
      vertex -3.52238 5.21541 3.2
      vertex -3.62758 5.28372 2.5
      vertex -3.52238 5.21541 2.5
    endloop
  endfacet
  facet normal -0.358322 -0.933598 0
    outer loop
      vertex -3.52238 5.21541 2.5
      vertex -3.40529 5.17047 3.2
      vertex -3.52238 5.21541 3.2
    endloop
  endfacet
  facet normal -0.358322 -0.933598 -0
    outer loop
      vertex -3.40529 5.17047 3.2
      vertex -3.52238 5.21541 2.5
      vertex -3.40529 5.17047 2.5
    endloop
  endfacet
  facet normal -0.15656 -0.987668 0
    outer loop
      vertex -3.40529 5.17047 2.5
      vertex -3.28139 5.15083 3.2
      vertex -3.40529 5.17047 3.2
    endloop
  endfacet
  facet normal -0.15656 -0.987668 -0
    outer loop
      vertex -3.28139 5.15083 3.2
      vertex -3.40529 5.17047 2.5
      vertex -3.28139 5.15083 2.5
    endloop
  endfacet
  facet normal 0.0524584 -0.998623 0
    outer loop
      vertex -3.28139 5.15083 2.5
      vertex -3.15613 5.15741 3.2
      vertex -3.28139 5.15083 3.2
    endloop
  endfacet
  facet normal 0.0524584 -0.998623 0
    outer loop
      vertex -3.15613 5.15741 3.2
      vertex -3.28139 5.15083 2.5
      vertex -3.15613 5.15741 2.5
    endloop
  endfacet
  facet normal 0.258784 -0.965935 0
    outer loop
      vertex -3.15613 5.15741 2.5
      vertex -3.03497 5.18987 3.2
      vertex -3.15613 5.15741 3.2
    endloop
  endfacet
  facet normal 0.258784 -0.965935 0
    outer loop
      vertex -3.03497 5.18987 3.2
      vertex -3.15613 5.15741 2.5
      vertex -3.03497 5.18987 2.5
    endloop
  endfacet
  facet normal 0.453929 -0.891038 0
    outer loop
      vertex -3.03497 5.18987 2.5
      vertex -2.9232 5.24681 3.2
      vertex -3.03497 5.18987 3.2
    endloop
  endfacet
  facet normal 0.453929 -0.891038 0
    outer loop
      vertex -2.9232 5.24681 3.2
      vertex -3.03497 5.18987 2.5
      vertex -2.9232 5.24681 2.5
    endloop
  endfacet
  facet normal 0.629473 -0.777022 0
    outer loop
      vertex -2.9232 5.24681 2.5
      vertex -2.82567 5.32582 3.2
      vertex -2.9232 5.24681 3.2
    endloop
  endfacet
  facet normal 0.629473 -0.777022 0
    outer loop
      vertex -2.82567 5.32582 3.2
      vertex -2.9232 5.24681 2.5
      vertex -2.82567 5.32582 2.5
    endloop
  endfacet
  facet normal 0.707104 -0.70711 0
    outer loop
      vertex -2.82567 5.32582 2.5
      vertex -0.599991 7.55148 3.2
      vertex -2.82567 5.32582 3.2
    endloop
  endfacet
  facet normal 0.707104 -0.70711 0
    outer loop
      vertex -0.599991 7.55148 3.2
      vertex -2.82567 5.32582 2.5
      vertex -0.599991 7.55148 2.5
    endloop
  endfacet
  facet normal -1 0 0
    outer loop
      vertex -0.599991 -9 2.5
      vertex -0.599991 7.55148 3.2
      vertex -0.599991 7.55148 2.5
    endloop
  endfacet
  facet normal -1 -0 0
    outer loop
      vertex -0.599991 7.55148 3.2
      vertex -0.599991 -9 2.5
      vertex -0.599991 -9 3.2
    endloop
  endfacet
  facet normal -0.994525 -0.104499 0
    outer loop
      vertex -0.586884 -9.12474 2.5
      vertex -0.599991 -9 3.2
      vertex -0.599991 -9 2.5
    endloop
  endfacet
  facet normal -0.994525 -0.104499 0
    outer loop
      vertex -0.599991 -9 3.2
      vertex -0.586884 -9.12474 2.5
      vertex -0.586884 -9.12474 3.2
    endloop
  endfacet
  facet normal -0.95106 -0.309005 0
    outer loop
      vertex -0.548126 -9.24403 2.5
      vertex -0.586884 -9.12474 3.2
      vertex -0.586884 -9.12474 2.5
    endloop
  endfacet
  facet normal -0.95106 -0.309005 0
    outer loop
      vertex -0.586884 -9.12474 3.2
      vertex -0.548126 -9.24403 2.5
      vertex -0.548126 -9.24403 3.2
    endloop
  endfacet
  facet normal -0.865986 -0.500068 0
    outer loop
      vertex -0.485397 -9.35266 2.5
      vertex -0.548126 -9.24403 3.2
      vertex -0.548126 -9.24403 2.5
    endloop
  endfacet
  facet normal -0.865986 -0.500068 0
    outer loop
      vertex -0.548126 -9.24403 3.2
      vertex -0.485397 -9.35266 2.5
      vertex -0.485397 -9.35266 3.2
    endloop
  endfacet
  facet normal -0.743195 -0.669075 0
    outer loop
      vertex -0.401474 -9.44588 2.5
      vertex -0.485397 -9.35266 3.2
      vertex -0.485397 -9.35266 2.5
    endloop
  endfacet
  facet normal -0.743195 -0.669075 0
    outer loop
      vertex -0.485397 -9.35266 3.2
      vertex -0.401474 -9.44588 2.5
      vertex -0.401474 -9.44588 3.2
    endloop
  endfacet
  facet normal -0.587765 -0.809032 0
    outer loop
      vertex -0.401474 -9.44588 2.5
      vertex -0.299988 -9.51961 3.2
      vertex -0.401474 -9.44588 3.2
    endloop
  endfacet
  facet normal -0.587765 -0.809032 -0
    outer loop
      vertex -0.299988 -9.51961 3.2
      vertex -0.401474 -9.44588 2.5
      vertex -0.299988 -9.51961 2.5
    endloop
  endfacet
  facet normal -0.40678 -0.913526 0
    outer loop
      vertex -0.299988 -9.51961 2.5
      vertex -0.18541 -9.57063 3.2
      vertex -0.299988 -9.51961 3.2
    endloop
  endfacet
  facet normal -0.40678 -0.913526 -0
    outer loop
      vertex -0.18541 -9.57063 3.2
      vertex -0.299988 -9.51961 2.5
      vertex -0.18541 -9.57063 2.5
    endloop
  endfacet
  facet normal -0.207912 -0.978147 0
    outer loop
      vertex -0.18541 -9.57063 2.5
      vertex -0.0627136 -9.59671 3.2
      vertex -0.18541 -9.57063 3.2
    endloop
  endfacet
  facet normal -0.207912 -0.978147 -0
    outer loop
      vertex -0.0627136 -9.59671 3.2
      vertex -0.18541 -9.57063 2.5
      vertex -0.0627136 -9.59671 2.5
    endloop
  endfacet
  facet normal 0 -1 0
    outer loop
      vertex -0.0627136 -9.59671 2.5
      vertex 0.0627136 -9.59671 3.2
      vertex -0.0627136 -9.59671 3.2
    endloop
  endfacet
  facet normal 0 -1 -0
    outer loop
      vertex 0.0627136 -9.59671 3.2
      vertex -0.0627136 -9.59671 2.5
      vertex 0.0627136 -9.59671 2.5
    endloop
  endfacet
  facet normal 0.207912 -0.978147 0
    outer loop
      vertex 0.0627136 -9.59671 2.5
      vertex 0.18541 -9.57063 3.2
      vertex 0.0627136 -9.59671 3.2
    endloop
  endfacet
  facet normal 0.207912 -0.978147 0
    outer loop
      vertex 0.18541 -9.57063 3.2
      vertex 0.0627136 -9.59671 2.5
      vertex 0.18541 -9.57063 2.5
    endloop
  endfacet
  facet normal 0 0 -1
    outer loop
      vertex 20.0825 -0.198168 2.5
      vertex 20.1124 0.0671699 2.5
      vertex 20.1124 -0.0671821 2.5
    endloop
  endfacet
  facet normal 0 0 -1
    outer loop
      vertex 20.0825 -0.198168 2.5
      vertex 20.0825 0.198156 2.5
      vertex 20.1124 0.0671699 2.5
    endloop
  endfacet
  facet normal 0 0 -1
    outer loop
      vertex 20.0242 -0.319227 2.5
      vertex 20.0825 0.198156 2.5
      vertex 20.0825 -0.198168 2.5
    endloop
  endfacet
  facet normal 0 0 -1
    outer loop
      vertex 20.0242 -0.319227 2.5
      vertex 20.0242 0.319215 2.5
      vertex 20.0825 0.198156 2.5
    endloop
  endfacet
  facet normal 0 0 -1
    outer loop
      vertex 19.9404 -0.424264 2.5
      vertex 20.0242 0.319215 2.5
      vertex 20.0242 -0.319227 2.5
    endloop
  endfacet
  facet normal 0 0 -1
    outer loop
      vertex 19.9404 -0.424264 2.5
      vertex 19.9404 0.424252 2.5
      vertex 20.0242 0.319215 2.5
    endloop
  endfacet
  facet normal 0 0 -1
    outer loop
      vertex 19.9404 -0.424264 2.5
      vertex 18.6676 -6.06915e-06 2.5
      vertex 19.9404 0.424252 2.5
    endloop
  endfacet
  facet normal 0 0 -1
    outer loop
      vertex 0.424258 -19.9404 2.5
      vertex 18.6676 -6.06915e-06 2.5
      vertex 19.9404 -0.424264 2.5
    endloop
  endfacet
  facet normal 0 0 -1
    outer loop
      vertex -0.424258 -19.9404 2.5
      vertex 0.424258 -19.9404 2.5
      vertex 0.319221 -20.0242 2.5
    endloop
  endfacet
  facet normal 0 0 -1
    outer loop
      vertex -0.424258 -19.9404 2.5
      vertex 0.319221 -20.0242 2.5
      vertex 0.198162 -20.0825 2.5
    endloop
  endfacet
  facet normal 0 0 -1
    outer loop
      vertex -0.424258 -19.9404 2.5
      vertex 0.198162 -20.0825 2.5
      vertex 0.067176 -20.1124 2.5
    endloop
  endfacet
  facet normal 0 0 -1
    outer loop
      vertex 0.424258 -19.9404 2.5
      vertex 0 -18.6676 2.5
      vertex 18.6676 -6.06915e-06 2.5
    endloop
  endfacet
  facet normal 0 0 -1
    outer loop
      vertex -0.424258 -19.9404 2.5
      vertex 0.067176 -20.1124 2.5
      vertex -0.067176 -20.1124 2.5
    endloop
  endfacet
  facet normal 0 0 -1
    outer loop
      vertex -0.424258 -19.9404 2.5
      vertex -0.067176 -20.1124 2.5
      vertex -0.198162 -20.0825 2.5
    endloop
  endfacet
  facet normal 0 0 -1
    outer loop
      vertex -0.424258 -19.9404 2.5
      vertex -0.198162 -20.0825 2.5
      vertex -0.319221 -20.0242 2.5
    endloop
  endfacet
  facet normal 0 0 -1
    outer loop
      vertex 0.424258 -19.9404 2.5
      vertex -0.424258 -19.9404 2.5
      vertex 0 -18.6676 2.5
    endloop
  endfacet
  facet normal 0 0 -1
    outer loop
      vertex -0.424258 -19.9404 2.5
      vertex -18.6676 -6.06915e-06 2.5
      vertex 0 -18.6676 2.5
    endloop
  endfacet
  facet normal 0 -0 -1
    outer loop
      vertex -18.6676 -6.06915e-06 2.5
      vertex -0.424258 -19.9404 2.5
      vertex -19.9404 -0.424264 2.5
    endloop
  endfacet
  facet normal 0 0 -1
    outer loop
      vertex 18.6676 -6.06915e-06 2.5
      vertex 0.424258 19.9404 2.5
      vertex 19.9404 0.424252 2.5
    endloop
  endfacet
  facet normal 0 0 -1
    outer loop
      vertex 0 18.6676 2.5
      vertex 0.424258 19.9404 2.5
      vertex 18.6676 -6.06915e-06 2.5
    endloop
  endfacet
  facet normal 0 0 -1
    outer loop
      vertex -0.424258 19.9404 2.5
      vertex 0.424258 19.9404 2.5
      vertex 0 18.6676 2.5
    endloop
  endfacet
  facet normal 0 0 -1
    outer loop
      vertex 0.424258 19.9404 2.5
      vertex -0.424258 19.9404 2.5
      vertex 0.319221 20.0242 2.5
    endloop
  endfacet
  facet normal -0 0 -1
    outer loop
      vertex 0.319221 20.0242 2.5
      vertex -0.424258 19.9404 2.5
      vertex 0.198162 20.0825 2.5
    endloop
  endfacet
  facet normal -0 0 -1
    outer loop
      vertex 0.198162 20.0825 2.5
      vertex -0.424258 19.9404 2.5
      vertex 0.067176 20.1123 2.5
    endloop
  endfacet
  facet normal -0 0 -1
    outer loop
      vertex 0.067176 20.1123 2.5
      vertex -0.424258 19.9404 2.5
      vertex -0.067176 20.1123 2.5
    endloop
  endfacet
  facet normal 0 0 -1
    outer loop
      vertex -0.067176 20.1123 2.5
      vertex -0.424258 19.9404 2.5
      vertex -0.198162 20.0825 2.5
    endloop
  endfacet
  facet normal 0 0 -1
    outer loop
      vertex -0.198162 20.0825 2.5
      vertex -0.424258 19.9404 2.5
      vertex -0.319221 20.0242 2.5
    endloop
  endfacet
  facet normal 0 0 -1
    outer loop
      vertex -18.6676 -6.06915e-06 2.5
      vertex -0.424258 19.9404 2.5
      vertex 0 18.6676 2.5
    endloop
  endfacet
  facet normal 0 0 -1
    outer loop
      vertex -19.9404 0.424252 2.5
      vertex -18.6676 -6.06915e-06 2.5
      vertex -19.9404 -0.424264 2.5
    endloop
  endfacet
  facet normal 0 0 -1
    outer loop
      vertex -18.6676 -6.06915e-06 2.5
      vertex -19.9404 0.424252 2.5
      vertex -0.424258 19.9404 2.5
    endloop
  endfacet
  facet normal 0 0 -1
    outer loop
      vertex -20.0242 -0.319227 2.5
      vertex -19.9404 0.424252 2.5
      vertex -19.9404 -0.424264 2.5
    endloop
  endfacet
  facet normal 0 0 -1
    outer loop
      vertex -20.0242 -0.319227 2.5
      vertex -20.0242 0.319215 2.5
      vertex -19.9404 0.424252 2.5
    endloop
  endfacet
  facet normal 0 0 -1
    outer loop
      vertex -20.0825 -0.198168 2.5
      vertex -20.0242 0.319215 2.5
      vertex -20.0242 -0.319227 2.5
    endloop
  endfacet
  facet normal 0 0 -1
    outer loop
      vertex -20.0825 -0.198168 2.5
      vertex -20.0825 0.198156 2.5
      vertex -20.0242 0.319215 2.5
    endloop
  endfacet
  facet normal 0 0 -1
    outer loop
      vertex -20.1124 -0.0671821 2.5
      vertex -20.0825 0.198156 2.5
      vertex -20.0825 -0.198168 2.5
    endloop
  endfacet
  facet normal 0 0 -1
    outer loop
      vertex -20.0825 0.198156 2.5
      vertex -20.1124 -0.0671821 2.5
      vertex -20.1124 0.0671699 2.5
    endloop
  endfacet
  facet normal 0 0 1
    outer loop
      vertex 20.0825 0.198156 3.2
      vertex 20.1124 -0.0671821 3.2
      vertex 20.1124 0.0671699 3.2
    endloop
  endfacet
  facet normal 0 0 1
    outer loop
      vertex 20.0825 0.198156 3.2
      vertex 20.0825 -0.198168 3.2
      vertex 20.1124 -0.0671821 3.2
    endloop
  endfacet
  facet normal 0 0 1
    outer loop
      vertex 20.0242 0.319215 3.2
      vertex 20.0825 -0.198168 3.2
      vertex 20.0825 0.198156 3.2
    endloop
  endfacet
  facet normal 0 0 1
    outer loop
      vertex 20.0242 0.319215 3.2
      vertex 20.0242 -0.319227 3.2
      vertex 20.0825 -0.198168 3.2
    endloop
  endfacet
  facet normal 0 0 1
    outer loop
      vertex 19.9404 0.424252 3.2
      vertex 20.0242 -0.319227 3.2
      vertex 20.0242 0.319215 3.2
    endloop
  endfacet
  facet normal 0 0 1
    outer loop
      vertex 19.9404 0.424252 3.2
      vertex 19.9404 -0.424264 3.2
      vertex 20.0242 -0.319227 3.2
    endloop
  endfacet
  facet normal 0 0 1
    outer loop
      vertex 19.9404 0.424252 3.2
      vertex 18.6676 -6.06915e-06 3.2
      vertex 19.9404 -0.424264 3.2
    endloop
  endfacet
  facet normal 0 0 1
    outer loop
      vertex 0.424258 19.9404 3.2
      vertex 18.6676 -6.06915e-06 3.2
      vertex 19.9404 0.424252 3.2
    endloop
  endfacet
  facet normal 0 0 1
    outer loop
      vertex -0.424258 19.9404 3.2
      vertex 0.424258 19.9404 3.2
      vertex 0.319221 20.0242 3.2
    endloop
  endfacet
  facet normal 0 0 1
    outer loop
      vertex -0.424258 19.9404 3.2
      vertex 0.319221 20.0242 3.2
      vertex 0.198162 20.0825 3.2
    endloop
  endfacet
  facet normal 0 0 1
    outer loop
      vertex -0.424258 19.9404 3.2
      vertex 0.198162 20.0825 3.2
      vertex 0.067176 20.1123 3.2
    endloop
  endfacet
  facet normal 0 0 1
    outer loop
      vertex 0.424258 19.9404 3.2
      vertex 0 18.6676 3.2
      vertex 18.6676 -6.06915e-06 3.2
    endloop
  endfacet
  facet normal 0 0 1
    outer loop
      vertex -0.424258 19.9404 3.2
      vertex 0.067176 20.1123 3.2
      vertex -0.067176 20.1123 3.2
    endloop
  endfacet
  facet normal 0 0 1
    outer loop
      vertex -0.424258 19.9404 3.2
      vertex -0.067176 20.1123 3.2
      vertex -0.198162 20.0825 3.2
    endloop
  endfacet
  facet normal 0 0 1
    outer loop
      vertex -0.424258 19.9404 3.2
      vertex -0.198162 20.0825 3.2
      vertex -0.319221 20.0242 3.2
    endloop
  endfacet
  facet normal 0 0 1
    outer loop
      vertex 0.424258 19.9404 3.2
      vertex -0.424258 19.9404 3.2
      vertex 0 18.6676 3.2
    endloop
  endfacet
  facet normal 0 0 1
    outer loop
      vertex -0.424258 19.9404 3.2
      vertex -18.6676 -6.06915e-06 3.2
      vertex 0 18.6676 3.2
    endloop
  endfacet
  facet normal 0 -0 1
    outer loop
      vertex -18.6676 -6.06915e-06 3.2
      vertex -0.424258 19.9404 3.2
      vertex -19.9404 0.424252 3.2
    endloop
  endfacet
  facet normal 0 0 1
    outer loop
      vertex 18.6676 -6.06915e-06 3.2
      vertex 0.424258 -19.9404 3.2
      vertex 19.9404 -0.424264 3.2
    endloop
  endfacet
  facet normal -0 0 1
    outer loop
      vertex 0 -18.6676 3.2
      vertex 0.424258 -19.9404 3.2
      vertex 18.6676 -6.06915e-06 3.2
    endloop
  endfacet
  facet normal 0 0 1
    outer loop
      vertex -0.424258 -19.9404 3.2
      vertex 0.424258 -19.9404 3.2
      vertex 0 -18.6676 3.2
    endloop
  endfacet
  facet normal 0 0 1
    outer loop
      vertex 0.424258 -19.9404 3.2
      vertex -0.424258 -19.9404 3.2
      vertex 0.319221 -20.0242 3.2
    endloop
  endfacet
  facet normal 0 0 1
    outer loop
      vertex 0.319221 -20.0242 3.2
      vertex -0.424258 -19.9404 3.2
      vertex 0.198162 -20.0825 3.2
    endloop
  endfacet
  facet normal 0 0 1
    outer loop
      vertex 0.198162 -20.0825 3.2
      vertex -0.424258 -19.9404 3.2
      vertex 0.067176 -20.1124 3.2
    endloop
  endfacet
  facet normal 0 0 1
    outer loop
      vertex 0.067176 -20.1124 3.2
      vertex -0.424258 -19.9404 3.2
      vertex -0.067176 -20.1124 3.2
    endloop
  endfacet
  facet normal 0 0 1
    outer loop
      vertex -0.067176 -20.1124 3.2
      vertex -0.424258 -19.9404 3.2
      vertex -0.198162 -20.0825 3.2
    endloop
  endfacet
  facet normal 0 0 1
    outer loop
      vertex -0.198162 -20.0825 3.2
      vertex -0.424258 -19.9404 3.2
      vertex -0.319221 -20.0242 3.2
    endloop
  endfacet
  facet normal 0 0 1
    outer loop
      vertex -18.6676 -6.06915e-06 3.2
      vertex -0.424258 -19.9404 3.2
      vertex 0 -18.6676 3.2
    endloop
  endfacet
  facet normal 0 0 1
    outer loop
      vertex -19.9404 -0.424264 3.2
      vertex -18.6676 -6.06915e-06 3.2
      vertex -19.9404 0.424252 3.2
    endloop
  endfacet
  facet normal 0 0 1
    outer loop
      vertex -18.6676 -6.06915e-06 3.2
      vertex -19.9404 -0.424264 3.2
      vertex -0.424258 -19.9404 3.2
    endloop
  endfacet
  facet normal -0 0 1
    outer loop
      vertex -20.0242 0.319215 3.2
      vertex -19.9404 -0.424264 3.2
      vertex -19.9404 0.424252 3.2
    endloop
  endfacet
  facet normal 0 0 1
    outer loop
      vertex -20.0242 0.319215 3.2
      vertex -20.0242 -0.319227 3.2
      vertex -19.9404 -0.424264 3.2
    endloop
  endfacet
  facet normal -0 0 1
    outer loop
      vertex -20.0825 0.198156 3.2
      vertex -20.0242 -0.319227 3.2
      vertex -20.0242 0.319215 3.2
    endloop
  endfacet
  facet normal 0 0 1
    outer loop
      vertex -20.0825 0.198156 3.2
      vertex -20.0825 -0.198168 3.2
      vertex -20.0242 -0.319227 3.2
    endloop
  endfacet
  facet normal -0 0 1
    outer loop
      vertex -20.1124 0.0671699 3.2
      vertex -20.0825 -0.198168 3.2
      vertex -20.0825 0.198156 3.2
    endloop
  endfacet
  facet normal 0 0 1
    outer loop
      vertex -20.0825 -0.198168 3.2
      vertex -20.1124 0.0671699 3.2
      vertex -20.1124 -0.0671821 3.2
    endloop
  endfacet
  facet normal 0.900966 -0.43389 0
    outer loop
      vertex 20.0242 -0.319227 3.2
      vertex 20.0825 -0.198168 2.5
      vertex 20.0825 -0.198168 3.2
    endloop
  endfacet
  facet normal 0.900966 -0.43389 0
    outer loop
      vertex 20.0825 -0.198168 2.5
      vertex 20.0242 -0.319227 3.2
      vertex 20.0242 -0.319227 2.5
    endloop
  endfacet
  facet normal 0.974923 -0.222544 0
    outer loop
      vertex 20.0825 -0.198168 3.2
      vertex 20.1124 -0.0671821 2.5
      vertex 20.1124 -0.0671821 3.2
    endloop
  endfacet
  facet normal 0.974923 -0.222544 0
    outer loop
      vertex 20.1124 -0.0671821 2.5
      vertex 20.0825 -0.198168 3.2
      vertex 20.0825 -0.198168 2.5
    endloop
  endfacet
  facet normal 1 -0 0
    outer loop
      vertex 20.1124 -0.0671821 3.2
      vertex 20.1124 0.0671699 2.5
      vertex 20.1124 0.0671699 3.2
    endloop
  endfacet
  facet normal 1 0 0
    outer loop
      vertex 20.1124 0.0671699 2.5
      vertex 20.1124 -0.0671821 3.2
      vertex 20.1124 -0.0671821 2.5
    endloop
  endfacet
  facet normal 0.974923 0.222544 0
    outer loop
      vertex 20.1124 0.0671699 3.2
      vertex 20.0825 0.198156 2.5
      vertex 20.0825 0.198156 3.2
    endloop
  endfacet
  facet normal 0.974923 0.222544 0
    outer loop
      vertex 20.0825 0.198156 2.5
      vertex 20.1124 0.0671699 3.2
      vertex 20.1124 0.0671699 2.5
    endloop
  endfacet
  facet normal 0.900966 0.43389 0
    outer loop
      vertex 20.0825 0.198156 3.2
      vertex 20.0242 0.319215 2.5
      vertex 20.0242 0.319215 3.2
    endloop
  endfacet
  facet normal 0.900966 0.43389 0
    outer loop
      vertex 20.0242 0.319215 2.5
      vertex 20.0825 0.198156 3.2
      vertex 20.0825 0.198156 2.5
    endloop
  endfacet
  facet normal 0.781702 0.623653 0
    outer loop
      vertex 20.0242 0.319215 3.2
      vertex 19.9404 0.424252 2.5
      vertex 19.9404 0.424252 3.2
    endloop
  endfacet
  facet normal 0.781702 0.623653 0
    outer loop
      vertex 19.9404 0.424252 2.5
      vertex 20.0242 0.319215 3.2
      vertex 20.0242 0.319215 2.5
    endloop
  endfacet
  facet normal 0.707107 0.707107 0
    outer loop
      vertex 19.9404 0.424252 3.2
      vertex 0.424258 19.9404 2.5
      vertex 0.424258 19.9404 3.2
    endloop
  endfacet
  facet normal 0.707107 0.707107 0
    outer loop
      vertex 0.424258 19.9404 2.5
      vertex 19.9404 0.424252 3.2
      vertex 19.9404 0.424252 2.5
    endloop
  endfacet
  facet normal 0.623653 0.781702 -0
    outer loop
      vertex 0.424258 19.9404 2.5
      vertex 0.319221 20.0242 3.2
      vertex 0.424258 19.9404 3.2
    endloop
  endfacet
  facet normal 0.623653 0.781702 0
    outer loop
      vertex 0.319221 20.0242 3.2
      vertex 0.424258 19.9404 2.5
      vertex 0.319221 20.0242 2.5
    endloop
  endfacet
  facet normal 0.43389 0.900966 -0
    outer loop
      vertex 0.319221 20.0242 2.5
      vertex 0.198162 20.0825 3.2
      vertex 0.319221 20.0242 3.2
    endloop
  endfacet
  facet normal 0.43389 0.900966 0
    outer loop
      vertex 0.198162 20.0825 3.2
      vertex 0.319221 20.0242 2.5
      vertex 0.198162 20.0825 2.5
    endloop
  endfacet
  facet normal 0.221837 0.975084 -0
    outer loop
      vertex 0.198162 20.0825 2.5
      vertex 0.067176 20.1123 3.2
      vertex 0.198162 20.0825 3.2
    endloop
  endfacet
  facet normal 0.221837 0.975084 0
    outer loop
      vertex 0.067176 20.1123 3.2
      vertex 0.198162 20.0825 2.5
      vertex 0.067176 20.1123 2.5
    endloop
  endfacet
  facet normal 0 1 -0
    outer loop
      vertex 0.067176 20.1123 2.5
      vertex -0.067176 20.1123 3.2
      vertex 0.067176 20.1123 3.2
    endloop
  endfacet
  facet normal 0 1 0
    outer loop
      vertex -0.067176 20.1123 3.2
      vertex 0.067176 20.1123 2.5
      vertex -0.067176 20.1123 2.5
    endloop
  endfacet
  facet normal -0.221837 0.975084 0
    outer loop
      vertex -0.067176 20.1123 2.5
      vertex -0.198162 20.0825 3.2
      vertex -0.067176 20.1123 3.2
    endloop
  endfacet
  facet normal -0.221837 0.975084 0
    outer loop
      vertex -0.198162 20.0825 3.2
      vertex -0.067176 20.1123 2.5
      vertex -0.198162 20.0825 2.5
    endloop
  endfacet
  facet normal -0.43389 0.900966 0
    outer loop
      vertex -0.198162 20.0825 2.5
      vertex -0.319221 20.0242 3.2
      vertex -0.198162 20.0825 3.2
    endloop
  endfacet
  facet normal -0.43389 0.900966 0
    outer loop
      vertex -0.319221 20.0242 3.2
      vertex -0.198162 20.0825 2.5
      vertex -0.319221 20.0242 2.5
    endloop
  endfacet
  facet normal -0.623653 0.781702 0
    outer loop
      vertex -0.319221 20.0242 2.5
      vertex -0.424258 19.9404 3.2
      vertex -0.319221 20.0242 3.2
    endloop
  endfacet
  facet normal -0.623653 0.781702 0
    outer loop
      vertex -0.424258 19.9404 3.2
      vertex -0.319221 20.0242 2.5
      vertex -0.424258 19.9404 2.5
    endloop
  endfacet
  facet normal -0.707107 0.707107 0
    outer loop
      vertex -19.9404 0.424252 2.5
      vertex -0.424258 19.9404 3.2
      vertex -0.424258 19.9404 2.5
    endloop
  endfacet
  facet normal -0.707107 0.707107 0
    outer loop
      vertex -0.424258 19.9404 3.2
      vertex -19.9404 0.424252 2.5
      vertex -19.9404 0.424252 3.2
    endloop
  endfacet
  facet normal -0.781702 0.623653 0
    outer loop
      vertex -20.0242 0.319215 2.5
      vertex -19.9404 0.424252 3.2
      vertex -19.9404 0.424252 2.5
    endloop
  endfacet
  facet normal -0.781702 0.623653 0
    outer loop
      vertex -19.9404 0.424252 3.2
      vertex -20.0242 0.319215 2.5
      vertex -20.0242 0.319215 3.2
    endloop
  endfacet
  facet normal -0.900966 0.43389 0
    outer loop
      vertex -20.0825 0.198156 2.5
      vertex -20.0242 0.319215 3.2
      vertex -20.0242 0.319215 2.5
    endloop
  endfacet
  facet normal -0.900966 0.43389 0
    outer loop
      vertex -20.0242 0.319215 3.2
      vertex -20.0825 0.198156 2.5
      vertex -20.0825 0.198156 3.2
    endloop
  endfacet
  facet normal -0.974923 0.222544 0
    outer loop
      vertex -20.1124 0.0671699 2.5
      vertex -20.0825 0.198156 3.2
      vertex -20.0825 0.198156 2.5
    endloop
  endfacet
  facet normal -0.974923 0.222544 0
    outer loop
      vertex -20.0825 0.198156 3.2
      vertex -20.1124 0.0671699 2.5
      vertex -20.1124 0.0671699 3.2
    endloop
  endfacet
  facet normal -1 0 0
    outer loop
      vertex -20.1124 -0.0671821 2.5
      vertex -20.1124 0.0671699 3.2
      vertex -20.1124 0.0671699 2.5
    endloop
  endfacet
  facet normal -1 -0 0
    outer loop
      vertex -20.1124 0.0671699 3.2
      vertex -20.1124 -0.0671821 2.5
      vertex -20.1124 -0.0671821 3.2
    endloop
  endfacet
  facet normal -0.974923 -0.222544 0
    outer loop
      vertex -20.0825 -0.198168 2.5
      vertex -20.1124 -0.0671821 3.2
      vertex -20.1124 -0.0671821 2.5
    endloop
  endfacet
  facet normal -0.974923 -0.222544 0
    outer loop
      vertex -20.1124 -0.0671821 3.2
      vertex -20.0825 -0.198168 2.5
      vertex -20.0825 -0.198168 3.2
    endloop
  endfacet
  facet normal -0.900966 -0.43389 0
    outer loop
      vertex -20.0242 -0.319227 2.5
      vertex -20.0825 -0.198168 3.2
      vertex -20.0825 -0.198168 2.5
    endloop
  endfacet
  facet normal -0.900966 -0.43389 0
    outer loop
      vertex -20.0825 -0.198168 3.2
      vertex -20.0242 -0.319227 2.5
      vertex -20.0242 -0.319227 3.2
    endloop
  endfacet
  facet normal -0.781702 -0.623653 0
    outer loop
      vertex -19.9404 -0.424264 2.5
      vertex -20.0242 -0.319227 3.2
      vertex -20.0242 -0.319227 2.5
    endloop
  endfacet
  facet normal -0.781702 -0.623653 0
    outer loop
      vertex -20.0242 -0.319227 3.2
      vertex -19.9404 -0.424264 2.5
      vertex -19.9404 -0.424264 3.2
    endloop
  endfacet
  facet normal -0.707107 -0.707107 0
    outer loop
      vertex -0.424258 -19.9404 2.5
      vertex -19.9404 -0.424264 3.2
      vertex -19.9404 -0.424264 2.5
    endloop
  endfacet
  facet normal -0.707107 -0.707107 0
    outer loop
      vertex -19.9404 -0.424264 3.2
      vertex -0.424258 -19.9404 2.5
      vertex -0.424258 -19.9404 3.2
    endloop
  endfacet
  facet normal -0.623653 -0.781702 0
    outer loop
      vertex -0.424258 -19.9404 2.5
      vertex -0.319221 -20.0242 3.2
      vertex -0.424258 -19.9404 3.2
    endloop
  endfacet
  facet normal -0.623653 -0.781702 -0
    outer loop
      vertex -0.319221 -20.0242 3.2
      vertex -0.424258 -19.9404 2.5
      vertex -0.319221 -20.0242 2.5
    endloop
  endfacet
  facet normal -0.43389 -0.900966 0
    outer loop
      vertex -0.319221 -20.0242 2.5
      vertex -0.198162 -20.0825 3.2
      vertex -0.319221 -20.0242 3.2
    endloop
  endfacet
  facet normal -0.43389 -0.900966 -0
    outer loop
      vertex -0.198162 -20.0825 3.2
      vertex -0.319221 -20.0242 2.5
      vertex -0.198162 -20.0825 2.5
    endloop
  endfacet
  facet normal -0.222544 -0.974923 0
    outer loop
      vertex -0.198162 -20.0825 2.5
      vertex -0.067176 -20.1124 3.2
      vertex -0.198162 -20.0825 3.2
    endloop
  endfacet
  facet normal -0.222544 -0.974923 -0
    outer loop
      vertex -0.067176 -20.1124 3.2
      vertex -0.198162 -20.0825 2.5
      vertex -0.067176 -20.1124 2.5
    endloop
  endfacet
  facet normal 0 -1 0
    outer loop
      vertex -0.067176 -20.1124 2.5
      vertex 0.067176 -20.1124 3.2
      vertex -0.067176 -20.1124 3.2
    endloop
  endfacet
  facet normal 0 -1 -0
    outer loop
      vertex 0.067176 -20.1124 3.2
      vertex -0.067176 -20.1124 2.5
      vertex 0.067176 -20.1124 2.5
    endloop
  endfacet
  facet normal 0.222544 -0.974923 0
    outer loop
      vertex 0.067176 -20.1124 2.5
      vertex 0.198162 -20.0825 3.2
      vertex 0.067176 -20.1124 3.2
    endloop
  endfacet
  facet normal 0.222544 -0.974923 0
    outer loop
      vertex 0.198162 -20.0825 3.2
      vertex 0.067176 -20.1124 2.5
      vertex 0.198162 -20.0825 2.5
    endloop
  endfacet
  facet normal 0.43389 -0.900966 0
    outer loop
      vertex 0.198162 -20.0825 2.5
      vertex 0.319221 -20.0242 3.2
      vertex 0.198162 -20.0825 3.2
    endloop
  endfacet
  facet normal 0.43389 -0.900966 0
    outer loop
      vertex 0.319221 -20.0242 3.2
      vertex 0.198162 -20.0825 2.5
      vertex 0.319221 -20.0242 2.5
    endloop
  endfacet
  facet normal 0.623653 -0.781702 0
    outer loop
      vertex 0.319221 -20.0242 2.5
      vertex 0.424258 -19.9404 3.2
      vertex 0.319221 -20.0242 3.2
    endloop
  endfacet
  facet normal 0.623653 -0.781702 0
    outer loop
      vertex 0.424258 -19.9404 3.2
      vertex 0.319221 -20.0242 2.5
      vertex 0.424258 -19.9404 2.5
    endloop
  endfacet
  facet normal 0.707107 -0.707107 0
    outer loop
      vertex 0.424258 -19.9404 3.2
      vertex 19.9404 -0.424264 2.5
      vertex 19.9404 -0.424264 3.2
    endloop
  endfacet
  facet normal 0.707107 -0.707107 0
    outer loop
      vertex 19.9404 -0.424264 2.5
      vertex 0.424258 -19.9404 3.2
      vertex 0.424258 -19.9404 2.5
    endloop
  endfacet
  facet normal 0.781702 -0.623653 0
    outer loop
      vertex 19.9404 -0.424264 3.2
      vertex 20.0242 -0.319227 2.5
      vertex 20.0242 -0.319227 3.2
    endloop
  endfacet
  facet normal 0.781702 -0.623653 0
    outer loop
      vertex 20.0242 -0.319227 2.5
      vertex 19.9404 -0.424264 3.2
      vertex 19.9404 -0.424264 2.5
    endloop
  endfacet
  facet normal 0.707107 0.707107 0
    outer loop
      vertex 0 -18.6676 3.2
      vertex -18.6676 -6.06915e-06 2.5
      vertex -18.6676 -6.06915e-06 3.2
    endloop
  endfacet
  facet normal 0.707107 0.707107 0
    outer loop
      vertex -18.6676 -6.06915e-06 2.5
      vertex 0 -18.6676 3.2
      vertex 0 -18.6676 2.5
    endloop
  endfacet
  facet normal 0.707107 -0.707107 0
    outer loop
      vertex -18.6676 -6.06915e-06 3.2
      vertex 0 18.6676 2.5
      vertex 0 18.6676 3.2
    endloop
  endfacet
  facet normal 0.707107 -0.707107 0
    outer loop
      vertex 0 18.6676 2.5
      vertex -18.6676 -6.06915e-06 3.2
      vertex -18.6676 -6.06915e-06 2.5
    endloop
  endfacet
  facet normal -0.707107 -0.707107 0
    outer loop
      vertex 18.6676 -6.06915e-06 2.5
      vertex 0 18.6676 3.2
      vertex 0 18.6676 2.5
    endloop
  endfacet
  facet normal -0.707107 -0.707107 0
    outer loop
      vertex 0 18.6676 3.2
      vertex 18.6676 -6.06915e-06 2.5
      vertex 18.6676 -6.06915e-06 3.2
    endloop
  endfacet
  facet normal -0.707107 0.707107 0
    outer loop
      vertex 0 -18.6676 2.5
      vertex 18.6676 -6.06915e-06 3.2
      vertex 18.6676 -6.06915e-06 2.5
    endloop
  endfacet
  facet normal -0.707107 0.707107 0
    outer loop
      vertex 18.6676 -6.06915e-06 3.2
      vertex 0 -18.6676 2.5
      vertex 0 -18.6676 3.2
    endloop
  endfacet
  facet normal -0.772918 -0.634505 0
    outer loop
      vertex -20.5061 -0.707107 -2.5
      vertex -20.6305 -0.55557 2.5
      vertex -20.6305 -0.55557 -2.5
    endloop
  endfacet
  facet normal -0.772918 -0.634505 0
    outer loop
      vertex -20.6305 -0.55557 2.5
      vertex -20.5061 -0.707107 -2.5
      vertex -20.5061 -0.707107 2.5
    endloop
  endfacet
  facet normal -0.471357 0.881943 0
    outer loop
      vertex -0.382683 20.7229 -2.5
      vertex -0.55557 20.6305 2.5
      vertex -0.382683 20.7229 2.5
    endloop
  endfacet
  facet normal -0.471357 0.881943 0
    outer loop
      vertex -0.55557 20.6305 2.5
      vertex -0.382683 20.7229 -2.5
      vertex -0.55557 20.6305 -2.5
    endloop
  endfacet
  facet normal -0.707107 0.707107 0
    outer loop
      vertex -20.5061 0.707107 -2.5
      vertex -0.707107 20.5061 2.5
      vertex -0.707107 20.5061 -2.5
    endloop
  endfacet
  facet normal -0.707107 0.707107 0
    outer loop
      vertex -0.707107 20.5061 2.5
      vertex -20.5061 0.707107 -2.5
      vertex -20.5061 0.707107 2.5
    endloop
  endfacet
  facet normal -0.956948 -0.290259 0
    outer loop
      vertex -20.7229 -0.382683 -2.5
      vertex -20.7798 -0.195091 2.5
      vertex -20.7798 -0.195091 -2.5
    endloop
  endfacet
  facet normal -0.956948 -0.290259 0
    outer loop
      vertex -20.7798 -0.195091 2.5
      vertex -20.7229 -0.382683 -2.5
      vertex -20.7229 -0.382683 2.5
    endloop
  endfacet
  facet normal 0.634505 0.772918 -0
    outer loop
      vertex 0.707107 20.5061 -2.5
      vertex 0.55557 20.6305 2.5
      vertex 0.707107 20.5061 2.5
    endloop
  endfacet
  facet normal 0.634505 0.772918 0
    outer loop
      vertex 0.55557 20.6305 2.5
      vertex 0.707107 20.5061 -2.5
      vertex 0.55557 20.6305 -2.5
    endloop
  endfacet
  facet normal -0.0979424 0.995192 0
    outer loop
      vertex 0 20.799 -2.5
      vertex -0.195091 20.7798 2.5
      vertex 0 20.799 2.5
    endloop
  endfacet
  facet normal -0.0979424 0.995192 0
    outer loop
      vertex -0.195091 20.7798 2.5
      vertex 0 20.799 -2.5
      vertex -0.195091 20.7798 -2.5
    endloop
  endfacet
  facet normal 0.471357 0.881943 -0
    outer loop
      vertex 0.55557 20.6305 -2.5
      vertex 0.382683 20.7229 2.5
      vertex 0.55557 20.6305 2.5
    endloop
  endfacet
  facet normal 0.471357 0.881943 0
    outer loop
      vertex 0.382683 20.7229 2.5
      vertex 0.55557 20.6305 -2.5
      vertex 0.382683 20.7229 -2.5
    endloop
  endfacet
  facet normal 0.881943 -0.471357 0
    outer loop
      vertex 20.6305 -0.55557 2.5
      vertex 20.7229 -0.382683 -2.5
      vertex 20.7229 -0.382683 2.5
    endloop
  endfacet
  facet normal 0.881943 -0.471357 0
    outer loop
      vertex 20.7229 -0.382683 -2.5
      vertex 20.6305 -0.55557 2.5
      vertex 20.6305 -0.55557 -2.5
    endloop
  endfacet
  facet normal 0.707107 -0.707107 0
    outer loop
      vertex 0.707107 -20.5061 2.5
      vertex 20.5061 -0.707107 -2.5
      vertex 20.5061 -0.707107 2.5
    endloop
  endfacet
  facet normal 0.707107 -0.707107 0
    outer loop
      vertex 20.5061 -0.707107 -2.5
      vertex 0.707107 -20.5061 2.5
      vertex 0.707107 -20.5061 -2.5
    endloop
  endfacet
  facet normal -0.881943 0.471357 0
    outer loop
      vertex -20.7229 0.382683 -2.5
      vertex -20.6305 0.55557 2.5
      vertex -20.6305 0.55557 -2.5
    endloop
  endfacet
  facet normal -0.881943 0.471357 0
    outer loop
      vertex -20.6305 0.55557 2.5
      vertex -20.7229 0.382683 -2.5
      vertex -20.7229 0.382683 2.5
    endloop
  endfacet
  facet normal -0.707107 -0.707107 0
    outer loop
      vertex -0.707107 -20.5061 -2.5
      vertex -20.5061 -0.707107 2.5
      vertex -20.5061 -0.707107 -2.5
    endloop
  endfacet
  facet normal -0.707107 -0.707107 0
    outer loop
      vertex -20.5061 -0.707107 2.5
      vertex -0.707107 -20.5061 -2.5
      vertex -0.707107 -20.5061 2.5
    endloop
  endfacet
  facet normal 0.471357 -0.881943 0
    outer loop
      vertex 0.382683 -20.7229 -2.5
      vertex 0.55557 -20.6305 2.5
      vertex 0.382683 -20.7229 2.5
    endloop
  endfacet
  facet normal 0.471357 -0.881943 0
    outer loop
      vertex 0.55557 -20.6305 2.5
      vertex 0.382683 -20.7229 -2.5
      vertex 0.55557 -20.6305 -2.5
    endloop
  endfacet
  facet normal 0.634505 -0.772918 0
    outer loop
      vertex 0.55557 -20.6305 -2.5
      vertex 0.707107 -20.5061 2.5
      vertex 0.55557 -20.6305 2.5
    endloop
  endfacet
  facet normal 0.634505 -0.772918 0
    outer loop
      vertex 0.707107 -20.5061 2.5
      vertex 0.55557 -20.6305 -2.5
      vertex 0.707107 -20.5061 -2.5
    endloop
  endfacet
  facet normal 0.0979424 -0.995192 0
    outer loop
      vertex 0 -20.799 -2.5
      vertex 0.195091 -20.7798 2.5
      vertex 0 -20.799 2.5
    endloop
  endfacet
  facet normal 0.0979424 -0.995192 0
    outer loop
      vertex 0.195091 -20.7798 2.5
      vertex 0 -20.799 -2.5
      vertex 0.195091 -20.7798 -2.5
    endloop
  endfacet
  facet normal 0.290259 -0.956948 0
    outer loop
      vertex 0.195091 -20.7798 -2.5
      vertex 0.382683 -20.7229 2.5
      vertex 0.195091 -20.7798 2.5
    endloop
  endfacet
  facet normal 0.290259 -0.956948 0
    outer loop
      vertex 0.382683 -20.7229 2.5
      vertex 0.195091 -20.7798 -2.5
      vertex 0.382683 -20.7229 -2.5
    endloop
  endfacet
  facet normal -0.881943 -0.471357 0
    outer loop
      vertex -20.6305 -0.55557 -2.5
      vertex -20.7229 -0.382683 2.5
      vertex -20.7229 -0.382683 -2.5
    endloop
  endfacet
  facet normal -0.881943 -0.471357 0
    outer loop
      vertex -20.7229 -0.382683 2.5
      vertex -20.6305 -0.55557 -2.5
      vertex -20.6305 -0.55557 2.5
    endloop
  endfacet
  facet normal -0.956948 0.290259 0
    outer loop
      vertex -20.7798 0.195091 -2.5
      vertex -20.7229 0.382683 2.5
      vertex -20.7229 0.382683 -2.5
    endloop
  endfacet
  facet normal -0.956948 0.290259 0
    outer loop
      vertex -20.7229 0.382683 2.5
      vertex -20.7798 0.195091 -2.5
      vertex -20.7798 0.195091 2.5
    endloop
  endfacet
  facet normal 0.772918 0.634505 0
    outer loop
      vertex 20.6305 0.55557 2.5
      vertex 20.5061 0.707107 -2.5
      vertex 20.5061 0.707107 2.5
    endloop
  endfacet
  facet normal 0.772918 0.634505 0
    outer loop
      vertex 20.5061 0.707107 -2.5
      vertex 20.6305 0.55557 2.5
      vertex 20.6305 0.55557 -2.5
    endloop
  endfacet
  facet normal 0.707107 0.707107 0
    outer loop
      vertex 20.5061 0.707107 2.5
      vertex 0.707107 20.5061 -2.5
      vertex 0.707107 20.5061 2.5
    endloop
  endfacet
  facet normal 0.707107 0.707107 0
    outer loop
      vertex 0.707107 20.5061 -2.5
      vertex 20.5061 0.707107 2.5
      vertex 20.5061 0.707107 -2.5
    endloop
  endfacet
  facet normal -0.0979424 -0.995192 0
    outer loop
      vertex -0.195091 -20.7798 -2.5
      vertex 0 -20.799 2.5
      vertex -0.195091 -20.7798 2.5
    endloop
  endfacet
  facet normal -0.0979424 -0.995192 -0
    outer loop
      vertex 0 -20.799 2.5
      vertex -0.195091 -20.7798 -2.5
      vertex 0 -20.799 -2.5
    endloop
  endfacet
  facet normal 0.772918 -0.634505 0
    outer loop
      vertex 20.5061 -0.707107 2.5
      vertex 20.6305 -0.55557 -2.5
      vertex 20.6305 -0.55557 2.5
    endloop
  endfacet
  facet normal 0.772918 -0.634505 0
    outer loop
      vertex 20.6305 -0.55557 -2.5
      vertex 20.5061 -0.707107 2.5
      vertex 20.5061 -0.707107 -2.5
    endloop
  endfacet
  facet normal 0.956948 -0.290259 0
    outer loop
      vertex 20.7229 -0.382683 2.5
      vertex 20.7798 -0.195091 -2.5
      vertex 20.7798 -0.195091 2.5
    endloop
  endfacet
  facet normal 0.956948 -0.290259 0
    outer loop
      vertex 20.7798 -0.195091 -2.5
      vertex 20.7229 -0.382683 2.5
      vertex 20.7229 -0.382683 -2.5
    endloop
  endfacet
  facet normal 0.290259 0.956948 -0
    outer loop
      vertex 0.382683 20.7229 -2.5
      vertex 0.195091 20.7798 2.5
      vertex 0.382683 20.7229 2.5
    endloop
  endfacet
  facet normal 0.290259 0.956948 0
    outer loop
      vertex 0.195091 20.7798 2.5
      vertex 0.382683 20.7229 -2.5
      vertex 0.195091 20.7798 -2.5
    endloop
  endfacet
  facet normal -0.995192 0.0979424 0
    outer loop
      vertex -20.799 0 -2.5
      vertex -20.7798 0.195091 2.5
      vertex -20.7798 0.195091 -2.5
    endloop
  endfacet
  facet normal -0.995192 0.0979424 0
    outer loop
      vertex -20.7798 0.195091 2.5
      vertex -20.799 0 -2.5
      vertex -20.799 0 2.5
    endloop
  endfacet
  facet normal -0.634505 -0.772918 0
    outer loop
      vertex -0.707107 -20.5061 -2.5
      vertex -0.55557 -20.6305 2.5
      vertex -0.707107 -20.5061 2.5
    endloop
  endfacet
  facet normal -0.634505 -0.772918 -0
    outer loop
      vertex -0.55557 -20.6305 2.5
      vertex -0.707107 -20.5061 -2.5
      vertex -0.55557 -20.6305 -2.5
    endloop
  endfacet
  facet normal -0 0 -1
    outer loop
      vertex 4.32027 -0.386755 -2.5
      vertex 2.56785 -0.834346 -2.5
      vertex 2.68521 -0.282227 -2.5
    endloop
  endfacet
  facet normal 0 0 -1
    outer loop
      vertex 4.79571 -1.85 -2.5
      vertex 2.33827 -1.35 -2.5
      vertex 2.56785 -0.834346 -2.5
    endloop
  endfacet
  facet normal 0 0 -1
    outer loop
      vertex 4.79571 -1.85 -2.5
      vertex 2.00649 -1.80665 -2.5
      vertex 2.33827 -1.35 -2.5
    endloop
  endfacet
  facet normal 0 0 -1
    outer loop
      vertex 1.91166 -4.70634 -2.5
      vertex 2.00649 -1.80665 -2.5
      vertex 2.76259 -5.19762 -2.5
    endloop
  endfacet
  facet normal 0 0 -1
    outer loop
      vertex 1.91166 -4.70634 -2.5
      vertex 1.58702 -2.18435 -2.5
      vertex 2.00649 -1.80665 -2.5
    endloop
  endfacet
  facet normal 0 0 -1
    outer loop
      vertex 1.91166 -4.70634 -2.5
      vertex 1.09819 -2.46657 -2.5
      vertex 1.58702 -2.18435 -2.5
    endloop
  endfacet
  facet normal 0 0 -1
    outer loop
      vertex 0.977184 -4.40271 -2.5
      vertex 1.09819 -2.46657 -2.5
      vertex 1.91166 -4.70634 -2.5
    endloop
  endfacet
  facet normal 0 0 -1
    outer loop
      vertex 0.977184 -4.40271 -2.5
      vertex 0.561361 -2.641 -2.5
      vertex 1.09819 -2.46657 -2.5
    endloop
  endfacet
  facet normal 0 0 -1
    outer loop
      vertex 0 -4.3 -2.5
      vertex 0.561361 -2.641 -2.5
      vertex 0.977184 -4.40271 -2.5
    endloop
  endfacet
  facet normal 0 0 -1
    outer loop
      vertex 0 -4.3 -2.5
      vertex 0 -2.7 -2.5
      vertex 0.561361 -2.641 -2.5
    endloop
  endfacet
  facet normal 0 0 -1
    outer loop
      vertex 0 -4.3 -2.5
      vertex -0.561361 -2.641 -2.5
      vertex 0 -2.7 -2.5
    endloop
  endfacet
  facet normal 0 0 -1
    outer loop
      vertex -0.977184 -4.40271 -2.5
      vertex -0.561361 -2.641 -2.5
      vertex 0 -4.3 -2.5
    endloop
  endfacet
  facet normal 0 0 -1
    outer loop
      vertex -0.977184 -4.40271 -2.5
      vertex -1.09819 -2.46657 -2.5
      vertex -0.561361 -2.641 -2.5
    endloop
  endfacet
  facet normal 0 0 -1
    outer loop
      vertex -1.91166 -4.70634 -2.5
      vertex -1.09819 -2.46657 -2.5
      vertex -0.977184 -4.40271 -2.5
    endloop
  endfacet
  facet normal -0 0 -1
    outer loop
      vertex -1.09819 -2.46657 -2.5
      vertex -1.91166 -4.70634 -2.5
      vertex -1.58702 -2.18435 -2.5
    endloop
  endfacet
  facet normal 0 0 -1
    outer loop
      vertex -1.91166 -4.70634 -2.5
      vertex -2.00649 -1.80665 -2.5
      vertex -1.58702 -2.18435 -2.5
    endloop
  endfacet
  facet normal 0 0 -1
    outer loop
      vertex -2.76259 -5.19762 -2.5
      vertex -2.00649 -1.80665 -2.5
      vertex -1.91166 -4.70634 -2.5
    endloop
  endfacet
  facet normal 0 0 -1
    outer loop
      vertex -2.00649 -1.80665 -2.5
      vertex -4.72872 -1.6 -2.5
      vertex -2.33827 -1.35 -2.5
    endloop
  endfacet
  facet normal 0 -0 -1
    outer loop
      vertex -4.45662 -0.988853 -2.5
      vertex -2.33827 -1.35 -2.5
      vertex -4.72872 -1.6 -2.5
    endloop
  endfacet
  facet normal 0 0 -1
    outer loop
      vertex -2.33827 -1.35 -2.5
      vertex -4.45662 -0.988853 -2.5
      vertex -2.56785 -0.834346 -2.5
    endloop
  endfacet
  facet normal -0 0 -1
    outer loop
      vertex -2.00649 -1.80665 -2.5
      vertex -2.76259 -5.19762 -2.5
      vertex -4.72872 -1.6 -2.5
    endloop
  endfacet
  facet normal 0 0 -1
    outer loop
      vertex 20.7798 -0.195091 -2.5
      vertex 20.7798 0.195091 -2.5
      vertex 20.799 0 -2.5
    endloop
  endfacet
  facet normal 0 0 -1
    outer loop
      vertex 20.7229 -0.382683 -2.5
      vertex 20.7798 0.195091 -2.5
      vertex 20.7798 -0.195091 -2.5
    endloop
  endfacet
  facet normal 0 0 -1
    outer loop
      vertex 20.7229 -0.382683 -2.5
      vertex 20.7229 0.382683 -2.5
      vertex 20.7798 0.195091 -2.5
    endloop
  endfacet
  facet normal 0 0 -1
    outer loop
      vertex 20.6305 -0.55557 -2.5
      vertex 20.7229 0.382683 -2.5
      vertex 20.7229 -0.382683 -2.5
    endloop
  endfacet
  facet normal 0 0 -1
    outer loop
      vertex 20.6305 -0.55557 -2.5
      vertex 20.6305 0.55557 -2.5
      vertex 20.7229 0.382683 -2.5
    endloop
  endfacet
  facet normal 0 0 -1
    outer loop
      vertex 20.5061 -0.707107 -2.5
      vertex 20.6305 0.55557 -2.5
      vertex 20.6305 -0.55557 -2.5
    endloop
  endfacet
  facet normal 0 0 -1
    outer loop
      vertex 20.5061 -0.707107 -2.5
      vertex 20.5061 0.707107 -2.5
      vertex 20.6305 0.55557 -2.5
    endloop
  endfacet
  facet normal 0 0 -1
    outer loop
      vertex 20.5061 -0.707107 -2.5
      vertex 11.6797 -0.386755 -2.5
      vertex 20.5061 0.707107 -2.5
    endloop
  endfacet
  facet normal -0 0 -1
    outer loop
      vertex 20.5061 -0.707107 -2.5
      vertex 11.5189 -1.14336 -2.5
      vertex 11.6797 -0.386755 -2.5
    endloop
  endfacet
  facet normal 0 0 -1
    outer loop
      vertex 20.5061 -0.707107 -2.5
      vertex 11.2043 -1.85 -2.5
      vertex 11.5189 -1.14336 -2.5
    endloop
  endfacet
  facet normal 0 0 -1
    outer loop
      vertex 20.5061 -0.707107 -2.5
      vertex 10.7496 -2.47578 -2.5
      vertex 11.2043 -1.85 -2.5
    endloop
  endfacet
  facet normal 0 0 -1
    outer loop
      vertex 20.5061 -0.707107 -2.5
      vertex 10.1748 -2.99336 -2.5
      vertex 10.7496 -2.47578 -2.5
    endloop
  endfacet
  facet normal 0 0 -1
    outer loop
      vertex 4.46996 -10.4524 -2.5
      vertex 10.1748 -2.99336 -2.5
      vertex 20.5061 -0.707107 -2.5
    endloop
  endfacet
  facet normal 0 0 -1
    outer loop
      vertex 10.1748 -2.99336 -2.5
      vertex 4.46996 -10.4524 -2.5
      vertex 9.50492 -3.38012 -2.5
    endloop
  endfacet
  facet normal -0 0 -1
    outer loop
      vertex 7.23073 -3.61915 -2.5
      vertex 4.07032 -6.65 -2.5
      vertex 6.49508 -3.38012 -2.5
    endloop
  endfacet
  facet normal 0 0 -1
    outer loop
      vertex 4.07032 -6.65 -2.5
      vertex 7.23073 -3.61915 -2.5
      vertex 4.46996 -7.54762 -2.5
    endloop
  endfacet
  facet normal -0 0 -1
    outer loop
      vertex 8 -3.7 -2.5
      vertex 4.46996 -7.54762 -2.5
      vertex 7.23073 -3.61915 -2.5
    endloop
  endfacet
  facet normal 0 0 -1
    outer loop
      vertex 4.46996 -7.54762 -2.5
      vertex 8 -3.7 -2.5
      vertex 4.67425 -8.50872 -2.5
    endloop
  endfacet
  facet normal 0 0 -1
    outer loop
      vertex 8.76927 -3.61915 -2.5
      vertex 4.67425 -8.50872 -2.5
      vertex 8 -3.7 -2.5
    endloop
  endfacet
  facet normal 0 0 -1
    outer loop
      vertex 4.67425 -8.50872 -2.5
      vertex 8.76927 -3.61915 -2.5
      vertex 4.67425 -9.49128 -2.5
    endloop
  endfacet
  facet normal 0 -0 -1
    outer loop
      vertex 4.67425 -9.49128 -2.5
      vertex 9.50492 -3.38012 -2.5
      vertex 4.46996 -10.4524 -2.5
    endloop
  endfacet
  facet normal 0 0 -1
    outer loop
      vertex 9.50492 -3.38012 -2.5
      vertex 4.67425 -9.49128 -2.5
      vertex 8.76927 -3.61915 -2.5
    endloop
  endfacet
  facet normal 0 0 -1
    outer loop
      vertex 20.5061 -0.707107 -2.5
      vertex 4.07032 -11.35 -2.5
      vertex 4.46996 -10.4524 -2.5
    endloop
  endfacet
  facet normal 0 0 -1
    outer loop
      vertex 0.707107 -20.5061 -2.5
      vertex 4.07032 -11.35 -2.5
      vertex 20.5061 -0.707107 -2.5
    endloop
  endfacet
  facet normal 0 0 -1
    outer loop
      vertex 4.07032 -11.35 -2.5
      vertex 0.707107 -20.5061 -2.5
      vertex 3.49278 -12.1449 -2.5
    endloop
  endfacet
  facet normal 0 0 -1
    outer loop
      vertex 3.49278 -12.1449 -2.5
      vertex 0.707107 -20.5061 -2.5
      vertex 2.76259 -12.8024 -2.5
    endloop
  endfacet
  facet normal 0 0 -1
    outer loop
      vertex 0.707107 -20.5061 -2.5
      vertex 1.91166 -13.2937 -2.5
      vertex 2.76259 -12.8024 -2.5
    endloop
  endfacet
  facet normal 0 0 -1
    outer loop
      vertex 0.707107 -20.5061 -2.5
      vertex 0.977184 -13.5973 -2.5
      vertex 1.91166 -13.2937 -2.5
    endloop
  endfacet
  facet normal 0 0 -1
    outer loop
      vertex -0.707107 -20.5061 -2.5
      vertex 0.707107 -20.5061 -2.5
      vertex 0.55557 -20.6305 -2.5
    endloop
  endfacet
  facet normal 0 0 -1
    outer loop
      vertex -0.707107 -20.5061 -2.5
      vertex 0.55557 -20.6305 -2.5
      vertex 0.382683 -20.7229 -2.5
    endloop
  endfacet
  facet normal 0 0 -1
    outer loop
      vertex -0.707107 -20.5061 -2.5
      vertex 0.382683 -20.7229 -2.5
      vertex 0.195091 -20.7798 -2.5
    endloop
  endfacet
  facet normal 0 0 -1
    outer loop
      vertex -0.707107 -20.5061 -2.5
      vertex 0.195091 -20.7798 -2.5
      vertex 0 -20.799 -2.5
    endloop
  endfacet
  facet normal 0 0 -1
    outer loop
      vertex 0.707107 -20.5061 -2.5
      vertex -0.707107 -20.5061 -2.5
      vertex 0 -13.7 -2.5
    endloop
  endfacet
  facet normal 0 0 -1
    outer loop
      vertex -0.707107 -20.5061 -2.5
      vertex 0 -20.799 -2.5
      vertex -0.195091 -20.7798 -2.5
    endloop
  endfacet
  facet normal 0 0 -1
    outer loop
      vertex -0.707107 -20.5061 -2.5
      vertex -0.195091 -20.7798 -2.5
      vertex -0.382683 -20.7229 -2.5
    endloop
  endfacet
  facet normal 0 0 -1
    outer loop
      vertex -0.707107 -20.5061 -2.5
      vertex -0.382683 -20.7229 -2.5
      vertex -0.55557 -20.6305 -2.5
    endloop
  endfacet
  facet normal 0 0 -1
    outer loop
      vertex 0.707107 -20.5061 -2.5
      vertex 0 -13.7 -2.5
      vertex 0.977184 -13.5973 -2.5
    endloop
  endfacet
  facet normal 0 0 -1
    outer loop
      vertex -0.707107 -20.5061 -2.5
      vertex -0.977184 -13.5973 -2.5
      vertex 0 -13.7 -2.5
    endloop
  endfacet
  facet normal 0 0 -1
    outer loop
      vertex -0.707107 -20.5061 -2.5
      vertex -1.91166 -13.2937 -2.5
      vertex -0.977184 -13.5973 -2.5
    endloop
  endfacet
  facet normal 0 0 -1
    outer loop
      vertex -0.707107 -20.5061 -2.5
      vertex -2.76259 -12.8024 -2.5
      vertex -1.91166 -13.2937 -2.5
    endloop
  endfacet
  facet normal 0 0 -1
    outer loop
      vertex -0.707107 -20.5061 -2.5
      vertex -3.49278 -12.1449 -2.5
      vertex -2.76259 -12.8024 -2.5
    endloop
  endfacet
  facet normal 0 0 -1
    outer loop
      vertex -0.707107 -20.5061 -2.5
      vertex -4.07032 -11.35 -2.5
      vertex -3.49278 -12.1449 -2.5
    endloop
  endfacet
  facet normal 0 0 -1
    outer loop
      vertex -20.5061 -0.707107 -2.5
      vertex -4.07032 -11.35 -2.5
      vertex -0.707107 -20.5061 -2.5
    endloop
  endfacet
  facet normal 0 0 -1
    outer loop
      vertex -8.80156 -2.92334 -2.5
      vertex -4.67425 -8.50872 -2.5
      vertex -4.67425 -9.49128 -2.5
    endloop
  endfacet
  facet normal 0 0 -1
    outer loop
      vertex -4.67425 -8.50872 -2.5
      vertex -5.12194 -2.14122 -2.5
      vertex -4.72872 -1.6 -2.5
    endloop
  endfacet
  facet normal 0 0 -1
    outer loop
      vertex -4.67425 -8.50872 -2.5
      vertex -5.61909 -2.58885 -2.5
      vertex -5.12194 -2.14122 -2.5
    endloop
  endfacet
  facet normal 0 0 -1
    outer loop
      vertex -4.67425 -8.50872 -2.5
      vertex -6.19844 -2.92334 -2.5
      vertex -5.61909 -2.58885 -2.5
    endloop
  endfacet
  facet normal 0 0 -1
    outer loop
      vertex -9.38091 -2.58885 -2.5
      vertex -4.67425 -9.49128 -2.5
      vertex -4.46996 -10.4524 -2.5
    endloop
  endfacet
  facet normal 0 0 -1
    outer loop
      vertex -4.67425 -8.50872 -2.5
      vertex -6.83468 -3.13007 -2.5
      vertex -6.19844 -2.92334 -2.5
    endloop
  endfacet
  facet normal 0 0 -1
    outer loop
      vertex -4.67425 -8.50872 -2.5
      vertex -7.5 -3.2 -2.5
      vertex -6.83468 -3.13007 -2.5
    endloop
  endfacet
  facet normal 0 0 -1
    outer loop
      vertex -4.07032 -11.35 -2.5
      vertex -20.5061 -0.707107 -2.5
      vertex -4.46996 -10.4524 -2.5
    endloop
  endfacet
  facet normal 0 0 -1
    outer loop
      vertex -4.67425 -8.50872 -2.5
      vertex -8.16532 -3.13007 -2.5
      vertex -7.5 -3.2 -2.5
    endloop
  endfacet
  facet normal 0 0 -1
    outer loop
      vertex -4.67425 -8.50872 -2.5
      vertex -8.80156 -2.92334 -2.5
      vertex -8.16532 -3.13007 -2.5
    endloop
  endfacet
  facet normal 0 0 -1
    outer loop
      vertex -4.67425 -9.49128 -2.5
      vertex -9.38091 -2.58885 -2.5
      vertex -8.80156 -2.92334 -2.5
    endloop
  endfacet
  facet normal 0 0 -1
    outer loop
      vertex -4.46996 -10.4524 -2.5
      vertex -20.5061 -0.707107 -2.5
      vertex -9.38091 -2.58885 -2.5
    endloop
  endfacet
  facet normal 0 0 -1
    outer loop
      vertex -9.38091 -2.58885 -2.5
      vertex -20.5061 -0.707107 -2.5
      vertex -9.87806 -2.14122 -2.5
    endloop
  endfacet
  facet normal -0 0 -1
    outer loop
      vertex -10.6825 -0.334491 -2.5
      vertex -20.5061 -0.707107 -2.5
      vertex -10.6825 0.334491 -2.5
    endloop
  endfacet
  facet normal 0 0 -1
    outer loop
      vertex -10.5434 -0.988853 -2.5
      vertex -20.5061 -0.707107 -2.5
      vertex -10.6825 -0.334491 -2.5
    endloop
  endfacet
  facet normal 0 0 -1
    outer loop
      vertex -10.2713 -1.6 -2.5
      vertex -20.5061 -0.707107 -2.5
      vertex -10.5434 -0.988853 -2.5
    endloop
  endfacet
  facet normal 0 0 -1
    outer loop
      vertex -9.87806 -2.14122 -2.5
      vertex -20.5061 -0.707107 -2.5
      vertex -10.2713 -1.6 -2.5
    endloop
  endfacet
  facet normal 0 0 -1
    outer loop
      vertex 11.6797 0.386755 -2.5
      vertex 20.5061 0.707107 -2.5
      vertex 11.6797 -0.386755 -2.5
    endloop
  endfacet
  facet normal 0 0 -1
    outer loop
      vertex 11.5189 1.14336 -2.5
      vertex 20.5061 0.707107 -2.5
      vertex 11.6797 0.386755 -2.5
    endloop
  endfacet
  facet normal 0 0 -1
    outer loop
      vertex 11.2043 1.85 -2.5
      vertex 20.5061 0.707107 -2.5
      vertex 11.5189 1.14336 -2.5
    endloop
  endfacet
  facet normal 0 0 -1
    outer loop
      vertex 10.7496 2.47578 -2.5
      vertex 20.5061 0.707107 -2.5
      vertex 11.2043 1.85 -2.5
    endloop
  endfacet
  facet normal 0 0 -1
    outer loop
      vertex 10.1748 2.99336 -2.5
      vertex 20.5061 0.707107 -2.5
      vertex 10.7496 2.47578 -2.5
    endloop
  endfacet
  facet normal 0 0 -1
    outer loop
      vertex 3.99444 9.79787 -2.5
      vertex 10.1748 2.99336 -2.5
      vertex 9.50492 3.38012 -2.5
    endloop
  endfacet
  facet normal 0 0 -1
    outer loop
      vertex 4.17699 8.93902 -2.5
      vertex 9.50492 3.38012 -2.5
      vertex 8.76927 3.61915 -2.5
    endloop
  endfacet
  facet normal 0 0 -1
    outer loop
      vertex 2.56785 0.834346 -2.5
      vertex 4.48109 1.14336 -2.5
      vertex 4.32027 0.386755 -2.5
    endloop
  endfacet
  facet normal 0 0 -1
    outer loop
      vertex 3.99444 7.20213 -2.5
      vertex 4.79571 1.85 -2.5
      vertex 4.48109 1.14336 -2.5
    endloop
  endfacet
  facet normal 0 0 -1
    outer loop
      vertex 3.99444 7.20213 -2.5
      vertex 5.25036 2.47578 -2.5
      vertex 4.79571 1.85 -2.5
    endloop
  endfacet
  facet normal 0 0 -1
    outer loop
      vertex 3.99444 7.20213 -2.5
      vertex 5.8252 2.99336 -2.5
      vertex 5.25036 2.47578 -2.5
    endloop
  endfacet
  facet normal 0 0 -1
    outer loop
      vertex 3.99444 7.20213 -2.5
      vertex 6.49508 3.38012 -2.5
      vertex 5.8252 2.99336 -2.5
    endloop
  endfacet
  facet normal 0 0 -1
    outer loop
      vertex 3.99444 7.20213 -2.5
      vertex 7.23073 3.61915 -2.5
      vertex 6.49508 3.38012 -2.5
    endloop
  endfacet
  facet normal 0 0 -1
    outer loop
      vertex 3.99444 7.20213 -2.5
      vertex 8 3.7 -2.5
      vertex 7.23073 3.61915 -2.5
    endloop
  endfacet
  facet normal 0 0 -1
    outer loop
      vertex 4.17699 8.06098 -2.5
      vertex 8.76927 3.61915 -2.5
      vertex 8 3.7 -2.5
    endloop
  endfacet
  facet normal 0 0 -1
    outer loop
      vertex 4.17699 8.93902 -2.5
      vertex 8.76927 3.61915 -2.5
      vertex 4.17699 8.06098 -2.5
    endloop
  endfacet
  facet normal 0 0 -1
    outer loop
      vertex 9.50492 3.38012 -2.5
      vertex 4.17699 8.93902 -2.5
      vertex 3.99444 9.79787 -2.5
    endloop
  endfacet
  facet normal 0 0 -1
    outer loop
      vertex 10.1748 2.99336 -2.5
      vertex 3.99444 9.79787 -2.5
      vertex 20.5061 0.707107 -2.5
    endloop
  endfacet
  facet normal 0 0 -1
    outer loop
      vertex 3.63731 10.6 -2.5
      vertex 20.5061 0.707107 -2.5
      vertex 3.99444 9.79787 -2.5
    endloop
  endfacet
  facet normal 0 0 -1
    outer loop
      vertex 0.707107 20.5061 -2.5
      vertex 3.63731 10.6 -2.5
      vertex 3.12121 11.3103 -2.5
    endloop
  endfacet
  facet normal 0 0 -1
    outer loop
      vertex 0.707107 20.5061 -2.5
      vertex 3.12121 11.3103 -2.5
      vertex 2.4687 11.8979 -2.5
    endloop
  endfacet
  facet normal 0 0 -1
    outer loop
      vertex 3.63731 10.6 -2.5
      vertex 0.707107 20.5061 -2.5
      vertex 20.5061 0.707107 -2.5
    endloop
  endfacet
  facet normal 0 0 -1
    outer loop
      vertex 1.70829 12.3369 -2.5
      vertex 0.707107 20.5061 -2.5
      vertex 2.4687 11.8979 -2.5
    endloop
  endfacet
  facet normal 0 0 -1
    outer loop
      vertex 0.873229 12.6082 -2.5
      vertex 0.707107 20.5061 -2.5
      vertex 1.70829 12.3369 -2.5
    endloop
  endfacet
  facet normal 0 0 -1
    outer loop
      vertex 0 12.7 -2.5
      vertex 0.707107 20.5061 -2.5
      vertex 0.873229 12.6082 -2.5
    endloop
  endfacet
  facet normal 0 0 -1
    outer loop
      vertex -0.707107 20.5061 -2.5
      vertex 0.707107 20.5061 -2.5
      vertex 0 12.7 -2.5
    endloop
  endfacet
  facet normal 0 0 -1
    outer loop
      vertex 0.707107 20.5061 -2.5
      vertex -0.707107 20.5061 -2.5
      vertex 0.55557 20.6305 -2.5
    endloop
  endfacet
  facet normal -0 0 -1
    outer loop
      vertex 0.55557 20.6305 -2.5
      vertex -0.707107 20.5061 -2.5
      vertex 0.382683 20.7229 -2.5
    endloop
  endfacet
  facet normal -0 0 -1
    outer loop
      vertex 0.382683 20.7229 -2.5
      vertex -0.707107 20.5061 -2.5
      vertex 0.195091 20.7798 -2.5
    endloop
  endfacet
  facet normal -0 0 -1
    outer loop
      vertex 0.195091 20.7798 -2.5
      vertex -0.707107 20.5061 -2.5
      vertex 0 20.799 -2.5
    endloop
  endfacet
  facet normal 0 0 -1
    outer loop
      vertex 0 20.799 -2.5
      vertex -0.707107 20.5061 -2.5
      vertex -0.195091 20.7798 -2.5
    endloop
  endfacet
  facet normal 0 0 -1
    outer loop
      vertex -0.195091 20.7798 -2.5
      vertex -0.707107 20.5061 -2.5
      vertex -0.382683 20.7229 -2.5
    endloop
  endfacet
  facet normal 0 0 -1
    outer loop
      vertex -0.382683 20.7229 -2.5
      vertex -0.707107 20.5061 -2.5
      vertex -0.55557 20.6305 -2.5
    endloop
  endfacet
  facet normal 0 0 -1
    outer loop
      vertex -0.873229 12.6082 -2.5
      vertex -0.707107 20.5061 -2.5
      vertex 0 12.7 -2.5
    endloop
  endfacet
  facet normal 0 0 -1
    outer loop
      vertex -1.70829 12.3369 -2.5
      vertex -0.707107 20.5061 -2.5
      vertex -0.873229 12.6082 -2.5
    endloop
  endfacet
  facet normal 0 0 -1
    outer loop
      vertex -2.4687 11.8979 -2.5
      vertex -0.707107 20.5061 -2.5
      vertex -1.70829 12.3369 -2.5
    endloop
  endfacet
  facet normal 0 0 -1
    outer loop
      vertex -3.12121 11.3103 -2.5
      vertex -0.707107 20.5061 -2.5
      vertex -2.4687 11.8979 -2.5
    endloop
  endfacet
  facet normal 0 0 -1
    outer loop
      vertex -3.63731 10.6 -2.5
      vertex -0.707107 20.5061 -2.5
      vertex -3.12121 11.3103 -2.5
    endloop
  endfacet
  facet normal 0 0 -1
    outer loop
      vertex -20.5061 0.707107 -2.5
      vertex -3.63731 10.6 -2.5
      vertex -3.99444 9.79787 -2.5
    endloop
  endfacet
  facet normal -0 0 -1
    outer loop
      vertex -2.4687 5.10213 -2.5
      vertex -5.61909 2.58885 -2.5
      vertex -3.12121 5.68965 -2.5
    endloop
  endfacet
  facet normal 0 0 -1
    outer loop
      vertex -6.19844 2.92334 -2.5
      vertex -3.12121 5.68965 -2.5
      vertex -5.61909 2.58885 -2.5
    endloop
  endfacet
  facet normal -0 0 -1
    outer loop
      vertex -3.12121 5.68965 -2.5
      vertex -6.19844 2.92334 -2.5
      vertex -3.63731 6.4 -2.5
    endloop
  endfacet
  facet normal 0 0 -1
    outer loop
      vertex -6.83468 3.13007 -2.5
      vertex -3.63731 6.4 -2.5
      vertex -6.19844 2.92334 -2.5
    endloop
  endfacet
  facet normal -0 0 -1
    outer loop
      vertex -3.63731 6.4 -2.5
      vertex -6.83468 3.13007 -2.5
      vertex -3.99444 7.20213 -2.5
    endloop
  endfacet
  facet normal 0 0 -1
    outer loop
      vertex -7.5 3.2 -2.5
      vertex -3.99444 7.20213 -2.5
      vertex -6.83468 3.13007 -2.5
    endloop
  endfacet
  facet normal -0 0 -1
    outer loop
      vertex -3.99444 7.20213 -2.5
      vertex -7.5 3.2 -2.5
      vertex -4.17699 8.06098 -2.5
    endloop
  endfacet
  facet normal 0 0 -1
    outer loop
      vertex -8.16532 3.13007 -2.5
      vertex -4.17699 8.06098 -2.5
      vertex -7.5 3.2 -2.5
    endloop
  endfacet
  facet normal -0 0 -1
    outer loop
      vertex -4.17699 8.06098 -2.5
      vertex -8.16532 3.13007 -2.5
      vertex -4.17699 8.93902 -2.5
    endloop
  endfacet
  facet normal 0 0 -1
    outer loop
      vertex -8.80156 2.92334 -2.5
      vertex -4.17699 8.93902 -2.5
      vertex -8.16532 3.13007 -2.5
    endloop
  endfacet
  facet normal -0 0 -1
    outer loop
      vertex -4.17699 8.93902 -2.5
      vertex -8.80156 2.92334 -2.5
      vertex -3.99444 9.79787 -2.5
    endloop
  endfacet
  facet normal 0 0 -1
    outer loop
      vertex -9.38091 2.58885 -2.5
      vertex -3.99444 9.79787 -2.5
      vertex -8.80156 2.92334 -2.5
    endloop
  endfacet
  facet normal 0 0 -1
    outer loop
      vertex -20.5061 0.707107 -2.5
      vertex -3.99444 9.79787 -2.5
      vertex -9.38091 2.58885 -2.5
    endloop
  endfacet
  facet normal 0 0 -1
    outer loop
      vertex -20.5061 0.707107 -2.5
      vertex -9.38091 2.58885 -2.5
      vertex -9.87806 2.14122 -2.5
    endloop
  endfacet
  facet normal 0 0 -1
    outer loop
      vertex -20.5061 0.707107 -2.5
      vertex -9.87806 2.14122 -2.5
      vertex -10.2713 1.6 -2.5
    endloop
  endfacet
  facet normal 0 0 -1
    outer loop
      vertex -20.5061 0.707107 -2.5
      vertex -10.6825 0.334491 -2.5
      vertex -20.5061 -0.707107 -2.5
    endloop
  endfacet
  facet normal 0 0 -1
    outer loop
      vertex -10.6825 0.334491 -2.5
      vertex -20.5061 0.707107 -2.5
      vertex -10.5434 0.988853 -2.5
    endloop
  endfacet
  facet normal -0 0 -1
    outer loop
      vertex -10.5434 0.988853 -2.5
      vertex -20.5061 0.707107 -2.5
      vertex -10.2713 1.6 -2.5
    endloop
  endfacet
  facet normal -0 0 -1
    outer loop
      vertex -3.63731 10.6 -2.5
      vertex -20.5061 0.707107 -2.5
      vertex -0.707107 20.5061 -2.5
    endloop
  endfacet
  facet normal 0 0 -1
    outer loop
      vertex -20.6305 -0.55557 -2.5
      vertex -20.5061 0.707107 -2.5
      vertex -20.5061 -0.707107 -2.5
    endloop
  endfacet
  facet normal 0 0 -1
    outer loop
      vertex -20.6305 -0.55557 -2.5
      vertex -20.6305 0.55557 -2.5
      vertex -20.5061 0.707107 -2.5
    endloop
  endfacet
  facet normal 0 0 -1
    outer loop
      vertex -20.7229 -0.382683 -2.5
      vertex -20.6305 0.55557 -2.5
      vertex -20.6305 -0.55557 -2.5
    endloop
  endfacet
  facet normal 0 0 -1
    outer loop
      vertex -20.7229 -0.382683 -2.5
      vertex -20.7229 0.382683 -2.5
      vertex -20.6305 0.55557 -2.5
    endloop
  endfacet
  facet normal 0 0 -1
    outer loop
      vertex -20.7798 -0.195091 -2.5
      vertex -20.7229 0.382683 -2.5
      vertex -20.7229 -0.382683 -2.5
    endloop
  endfacet
  facet normal 0 0 -1
    outer loop
      vertex -20.7798 -0.195091 -2.5
      vertex -20.7798 0.195091 -2.5
      vertex -20.7229 0.382683 -2.5
    endloop
  endfacet
  facet normal 0 -0 -1
    outer loop
      vertex -20.7798 0.195091 -2.5
      vertex -20.7798 -0.195091 -2.5
      vertex -20.799 0 -2.5
    endloop
  endfacet
  facet normal 0 0 -1
    outer loop
      vertex 3.49278 -5.85509 -2.5
      vertex 6.49508 -3.38012 -2.5
      vertex 4.07032 -6.65 -2.5
    endloop
  endfacet
  facet normal -0 0 -1
    outer loop
      vertex 6.49508 -3.38012 -2.5
      vertex 3.49278 -5.85509 -2.5
      vertex 5.8252 -2.99336 -2.5
    endloop
  endfacet
  facet normal 0 0 -1
    outer loop
      vertex 2.76259 -5.19762 -2.5
      vertex 5.8252 -2.99336 -2.5
      vertex 3.49278 -5.85509 -2.5
    endloop
  endfacet
  facet normal -0 0 -1
    outer loop
      vertex 5.8252 -2.99336 -2.5
      vertex 2.76259 -5.19762 -2.5
      vertex 5.25036 -2.47578 -2.5
    endloop
  endfacet
  facet normal 0 0 -1
    outer loop
      vertex 2.68521 0.282227 -2.5
      vertex 4.32027 0.386755 -2.5
      vertex 4.32027 -0.386755 -2.5
    endloop
  endfacet
  facet normal -0 0 -1
    outer loop
      vertex 5.25036 -2.47578 -2.5
      vertex 2.76259 -5.19762 -2.5
      vertex 4.79571 -1.85 -2.5
    endloop
  endfacet
  facet normal 0 0 -1
    outer loop
      vertex 2.00649 -1.80665 -2.5
      vertex 4.79571 -1.85 -2.5
      vertex 2.76259 -5.19762 -2.5
    endloop
  endfacet
  facet normal 0 0 -1
    outer loop
      vertex 8 3.7 -2.5
      vertex 3.99444 7.20213 -2.5
      vertex 4.17699 8.06098 -2.5
    endloop
  endfacet
  facet normal -0 0 -1
    outer loop
      vertex 4.32027 0.386755 -2.5
      vertex 2.68521 0.282227 -2.5
      vertex 2.56785 0.834346 -2.5
    endloop
  endfacet
  facet normal 0 0 -1
    outer loop
      vertex 2.56785 -0.834346 -2.5
      vertex 4.48109 -1.14336 -2.5
      vertex 4.79571 -1.85 -2.5
    endloop
  endfacet
  facet normal 0 0 -1
    outer loop
      vertex 4.48109 1.14336 -2.5
      vertex 3.63731 6.4 -2.5
      vertex 3.99444 7.20213 -2.5
    endloop
  endfacet
  facet normal 0 0 -1
    outer loop
      vertex 2.56785 -0.834346 -2.5
      vertex 4.32027 -0.386755 -2.5
      vertex 4.48109 -1.14336 -2.5
    endloop
  endfacet
  facet normal 0 0 -1
    outer loop
      vertex 4.32027 -0.386755 -2.5
      vertex 2.68521 -0.282227 -2.5
      vertex 2.68521 0.282227 -2.5
    endloop
  endfacet
  facet normal -0 0 -1
    outer loop
      vertex 4.48109 1.14336 -2.5
      vertex 2.56785 0.834346 -2.5
      vertex 2.33827 1.35 -2.5
    endloop
  endfacet
  facet normal 0 0 -1
    outer loop
      vertex 4.48109 1.14336 -2.5
      vertex 3.12121 5.68965 -2.5
      vertex 3.63731 6.4 -2.5
    endloop
  endfacet
  facet normal 0 0 -1
    outer loop
      vertex 2.00649 1.80665 -2.5
      vertex 4.48109 1.14336 -2.5
      vertex 2.33827 1.35 -2.5
    endloop
  endfacet
  facet normal 0 0 -1
    outer loop
      vertex 4.48109 1.14336 -2.5
      vertex 2.4687 5.10213 -2.5
      vertex 3.12121 5.68965 -2.5
    endloop
  endfacet
  facet normal 0 0 -1
    outer loop
      vertex 4.48109 1.14336 -2.5
      vertex 2.00649 1.80665 -2.5
      vertex 2.4687 5.10213 -2.5
    endloop
  endfacet
  facet normal 0 0 -1
    outer loop
      vertex 1.58702 2.18435 -2.5
      vertex 2.4687 5.10213 -2.5
      vertex 2.00649 1.80665 -2.5
    endloop
  endfacet
  facet normal 0 0 -1
    outer loop
      vertex 2.4687 5.10213 -2.5
      vertex 1.58702 2.18435 -2.5
      vertex 1.70829 4.66311 -2.5
    endloop
  endfacet
  facet normal 0 0 -1
    outer loop
      vertex 1.09819 2.46657 -2.5
      vertex 1.70829 4.66311 -2.5
      vertex 1.58702 2.18435 -2.5
    endloop
  endfacet
  facet normal 0 0 -1
    outer loop
      vertex 1.09819 2.46657 -2.5
      vertex 0.873229 4.39178 -2.5
      vertex 1.70829 4.66311 -2.5
    endloop
  endfacet
  facet normal 0 0 -1
    outer loop
      vertex 0.561361 2.641 -2.5
      vertex 0.873229 4.39178 -2.5
      vertex 1.09819 2.46657 -2.5
    endloop
  endfacet
  facet normal 0 0 -1
    outer loop
      vertex 0 4.3 -2.5
      vertex 0.561361 2.641 -2.5
      vertex 0 2.7 -2.5
    endloop
  endfacet
  facet normal 0 0 -1
    outer loop
      vertex 0.561361 2.641 -2.5
      vertex 0 4.3 -2.5
      vertex 0.873229 4.39178 -2.5
    endloop
  endfacet
  facet normal 0 0 -1
    outer loop
      vertex -0.561361 2.641 -2.5
      vertex 0 4.3 -2.5
      vertex 0 2.7 -2.5
    endloop
  endfacet
  facet normal 0 0 -1
    outer loop
      vertex -0.561361 2.641 -2.5
      vertex -0.873229 4.39178 -2.5
      vertex 0 4.3 -2.5
    endloop
  endfacet
  facet normal 0 0 -1
    outer loop
      vertex -1.09819 2.46657 -2.5
      vertex -0.873229 4.39178 -2.5
      vertex -0.561361 2.641 -2.5
    endloop
  endfacet
  facet normal 0 0 -1
    outer loop
      vertex -1.70829 4.66311 -2.5
      vertex -1.09819 2.46657 -2.5
      vertex -1.58702 2.18435 -2.5
    endloop
  endfacet
  facet normal 0 0 -1
    outer loop
      vertex -1.09819 2.46657 -2.5
      vertex -1.70829 4.66311 -2.5
      vertex -0.873229 4.39178 -2.5
    endloop
  endfacet
  facet normal 0 0 -1
    outer loop
      vertex -2.4687 5.10213 -2.5
      vertex -1.58702 2.18435 -2.5
      vertex -2.00649 1.80665 -2.5
    endloop
  endfacet
  facet normal 0 0 -1
    outer loop
      vertex -4.72872 1.6 -2.5
      vertex -2.33827 1.35 -2.5
      vertex -4.45662 0.988853 -2.5
    endloop
  endfacet
  facet normal 0 0 -1
    outer loop
      vertex -1.58702 2.18435 -2.5
      vertex -2.4687 5.10213 -2.5
      vertex -1.70829 4.66311 -2.5
    endloop
  endfacet
  facet normal 0 0 -1
    outer loop
      vertex -2.68521 0.282227 -2.5
      vertex -4.31753 0.334491 -2.5
      vertex -2.56785 0.834346 -2.5
    endloop
  endfacet
  facet normal 0 0 -1
    outer loop
      vertex -4.31753 0.334491 -2.5
      vertex -2.68521 0.282227 -2.5
      vertex -4.31753 -0.334491 -2.5
    endloop
  endfacet
  facet normal 0 0 -1
    outer loop
      vertex -4.45662 0.988853 -2.5
      vertex -2.56785 0.834346 -2.5
      vertex -4.31753 0.334491 -2.5
    endloop
  endfacet
  facet normal 0 -0 -1
    outer loop
      vertex -4.31753 -0.334491 -2.5
      vertex -2.56785 -0.834346 -2.5
      vertex -4.45662 -0.988853 -2.5
    endloop
  endfacet
  facet normal 0 0 -1
    outer loop
      vertex -4.72872 -1.6 -2.5
      vertex -2.76259 -5.19762 -2.5
      vertex -3.49278 -5.85509 -2.5
    endloop
  endfacet
  facet normal 0 0 -1
    outer loop
      vertex -2.56785 0.834346 -2.5
      vertex -4.45662 0.988853 -2.5
      vertex -2.33827 1.35 -2.5
    endloop
  endfacet
  facet normal 0 0 -1
    outer loop
      vertex -2.33827 1.35 -2.5
      vertex -4.72872 1.6 -2.5
      vertex -2.00649 1.80665 -2.5
    endloop
  endfacet
  facet normal 0 0 -1
    outer loop
      vertex -4.72872 -1.6 -2.5
      vertex -3.49278 -5.85509 -2.5
      vertex -4.07032 -6.65 -2.5
    endloop
  endfacet
  facet normal 0 0 -1
    outer loop
      vertex -5.12194 2.14122 -2.5
      vertex -2.00649 1.80665 -2.5
      vertex -4.72872 1.6 -2.5
    endloop
  endfacet
  facet normal 0 0 -1
    outer loop
      vertex -5.61909 2.58885 -2.5
      vertex -2.4687 5.10213 -2.5
      vertex -5.12194 2.14122 -2.5
    endloop
  endfacet
  facet normal 0 0 -1
    outer loop
      vertex -2.00649 1.80665 -2.5
      vertex -5.12194 2.14122 -2.5
      vertex -2.4687 5.10213 -2.5
    endloop
  endfacet
  facet normal -0 0 -1
    outer loop
      vertex -2.68521 -0.282227 -2.5
      vertex -4.31753 -0.334491 -2.5
      vertex -2.68521 0.282227 -2.5
    endloop
  endfacet
  facet normal 0 0 -1
    outer loop
      vertex -4.72872 -1.6 -2.5
      vertex -4.07032 -6.65 -2.5
      vertex -4.46996 -7.54762 -2.5
    endloop
  endfacet
  facet normal 0 0 -1
    outer loop
      vertex -4.72872 -1.6 -2.5
      vertex -4.46996 -7.54762 -2.5
      vertex -4.67425 -8.50872 -2.5
    endloop
  endfacet
  facet normal 0 0 -1
    outer loop
      vertex -2.56785 -0.834346 -2.5
      vertex -4.31753 -0.334491 -2.5
      vertex -2.68521 -0.282227 -2.5
    endloop
  endfacet
  facet normal 0.956948 0.290259 0
    outer loop
      vertex 20.7798 0.195091 2.5
      vertex 20.7229 0.382683 -2.5
      vertex 20.7229 0.382683 2.5
    endloop
  endfacet
  facet normal 0.956948 0.290259 0
    outer loop
      vertex 20.7229 0.382683 -2.5
      vertex 20.7798 0.195091 2.5
      vertex 20.7798 0.195091 -2.5
    endloop
  endfacet
  facet normal -0.290259 -0.956948 0
    outer loop
      vertex -0.382683 -20.7229 -2.5
      vertex -0.195091 -20.7798 2.5
      vertex -0.382683 -20.7229 2.5
    endloop
  endfacet
  facet normal -0.290259 -0.956948 -0
    outer loop
      vertex -0.195091 -20.7798 2.5
      vertex -0.382683 -20.7229 -2.5
      vertex -0.195091 -20.7798 -2.5
    endloop
  endfacet
  facet normal -0.772918 0.634505 0
    outer loop
      vertex -20.6305 0.55557 -2.5
      vertex -20.5061 0.707107 2.5
      vertex -20.5061 0.707107 -2.5
    endloop
  endfacet
  facet normal -0.772918 0.634505 0
    outer loop
      vertex -20.5061 0.707107 2.5
      vertex -20.6305 0.55557 -2.5
      vertex -20.6305 0.55557 2.5
    endloop
  endfacet
  facet normal -0.995192 -0.0979424 0
    outer loop
      vertex -20.7798 -0.195091 -2.5
      vertex -20.799 0 2.5
      vertex -20.799 0 -2.5
    endloop
  endfacet
  facet normal -0.995192 -0.0979424 0
    outer loop
      vertex -20.799 0 2.5
      vertex -20.7798 -0.195091 -2.5
      vertex -20.7798 -0.195091 2.5
    endloop
  endfacet
  facet normal 0.995192 0.0979424 0
    outer loop
      vertex 20.799 0 2.5
      vertex 20.7798 0.195091 -2.5
      vertex 20.7798 0.195091 2.5
    endloop
  endfacet
  facet normal 0.995192 0.0979424 0
    outer loop
      vertex 20.7798 0.195091 -2.5
      vertex 20.799 0 2.5
      vertex 20.799 0 -2.5
    endloop
  endfacet
  facet normal 0.995192 -0.0979424 0
    outer loop
      vertex 20.7798 -0.195091 2.5
      vertex 20.799 0 -2.5
      vertex 20.799 0 2.5
    endloop
  endfacet
  facet normal 0.995192 -0.0979424 0
    outer loop
      vertex 20.799 0 -2.5
      vertex 20.7798 -0.195091 2.5
      vertex 20.7798 -0.195091 -2.5
    endloop
  endfacet
  facet normal -0.471357 -0.881943 0
    outer loop
      vertex -0.55557 -20.6305 -2.5
      vertex -0.382683 -20.7229 2.5
      vertex -0.55557 -20.6305 2.5
    endloop
  endfacet
  facet normal -0.471357 -0.881943 -0
    outer loop
      vertex -0.382683 -20.7229 2.5
      vertex -0.55557 -20.6305 -2.5
      vertex -0.382683 -20.7229 -2.5
    endloop
  endfacet
  facet normal -0.290259 0.956948 0
    outer loop
      vertex -0.195091 20.7798 -2.5
      vertex -0.382683 20.7229 2.5
      vertex -0.195091 20.7798 2.5
    endloop
  endfacet
  facet normal -0.290259 0.956948 0
    outer loop
      vertex -0.382683 20.7229 2.5
      vertex -0.195091 20.7798 -2.5
      vertex -0.382683 20.7229 -2.5
    endloop
  endfacet
  facet normal 0.0979424 0.995192 -0
    outer loop
      vertex 0.195091 20.7798 -2.5
      vertex 0 20.799 2.5
      vertex 0.195091 20.7798 2.5
    endloop
  endfacet
  facet normal 0.0979424 0.995192 0
    outer loop
      vertex 0 20.799 2.5
      vertex 0.195091 20.7798 -2.5
      vertex 0 20.799 -2.5
    endloop
  endfacet
  facet normal -0.634505 0.772918 0
    outer loop
      vertex -0.55557 20.6305 -2.5
      vertex -0.707107 20.5061 2.5
      vertex -0.55557 20.6305 2.5
    endloop
  endfacet
  facet normal -0.634505 0.772918 0
    outer loop
      vertex -0.707107 20.5061 2.5
      vertex -0.55557 20.6305 -2.5
      vertex -0.707107 20.5061 -2.5
    endloop
  endfacet
  facet normal 0.881943 0.471357 0
    outer loop
      vertex 20.7229 0.382683 2.5
      vertex 20.6305 0.55557 -2.5
      vertex 20.6305 0.55557 2.5
    endloop
  endfacet
  facet normal 0.881943 0.471357 0
    outer loop
      vertex 20.6305 0.55557 -2.5
      vertex 20.7229 0.382683 2.5
      vertex 20.7229 0.382683 -2.5
    endloop
  endfacet
  facet normal 0 0 1
    outer loop
      vertex 20.7798 0.195091 2.5
      vertex 20.7798 -0.195091 2.5
      vertex 20.799 0 2.5
    endloop
  endfacet
  facet normal 0 0 1
    outer loop
      vertex 20.7229 0.382683 2.5
      vertex 20.7798 -0.195091 2.5
      vertex 20.7798 0.195091 2.5
    endloop
  endfacet
  facet normal 0 0 1
    outer loop
      vertex 20.7229 0.382683 2.5
      vertex 20.7229 -0.382683 2.5
      vertex 20.7798 -0.195091 2.5
    endloop
  endfacet
  facet normal 0 0 1
    outer loop
      vertex 20.6305 0.55557 2.5
      vertex 20.7229 -0.382683 2.5
      vertex 20.7229 0.382683 2.5
    endloop
  endfacet
  facet normal 0 0 1
    outer loop
      vertex 20.6305 0.55557 2.5
      vertex 20.6305 -0.55557 2.5
      vertex 20.7229 -0.382683 2.5
    endloop
  endfacet
  facet normal 0 0 1
    outer loop
      vertex 20.5061 0.707107 2.5
      vertex 20.6305 -0.55557 2.5
      vertex 20.6305 0.55557 2.5
    endloop
  endfacet
  facet normal 0 0 1
    outer loop
      vertex 20.5061 0.707107 2.5
      vertex 20.5061 -0.707107 2.5
      vertex 20.6305 -0.55557 2.5
    endloop
  endfacet
  facet normal 0 0 1
    outer loop
      vertex 0.707107 20.5061 2.5
      vertex 20.5061 -0.707107 2.5
      vertex 20.5061 0.707107 2.5
    endloop
  endfacet
  facet normal 0 0 1
    outer loop
      vertex 0.707107 20.5061 2.5
      vertex 0.707107 -20.5061 2.5
      vertex 20.5061 -0.707107 2.5
    endloop
  endfacet
  facet normal 0 0 1
    outer loop
      vertex -0.707107 20.5061 2.5
      vertex 0.707107 20.5061 2.5
      vertex 0.55557 20.6305 2.5
    endloop
  endfacet
  facet normal 0 0 1
    outer loop
      vertex 0.707107 20.5061 2.5
      vertex -0.707107 20.5061 2.5
      vertex 0.707107 -20.5061 2.5
    endloop
  endfacet
  facet normal 0 0 1
    outer loop
      vertex -0.707107 20.5061 2.5
      vertex 0.55557 20.6305 2.5
      vertex 0.382683 20.7229 2.5
    endloop
  endfacet
  facet normal 0 0 1
    outer loop
      vertex -0.707107 -20.5061 2.5
      vertex 0.707107 -20.5061 2.5
      vertex -0.707107 20.5061 2.5
    endloop
  endfacet
  facet normal 0 0 1
    outer loop
      vertex -0.707107 20.5061 2.5
      vertex 0.382683 20.7229 2.5
      vertex 0.195091 20.7798 2.5
    endloop
  endfacet
  facet normal 0 0 1
    outer loop
      vertex 0.707107 -20.5061 2.5
      vertex -0.707107 -20.5061 2.5
      vertex 0.55557 -20.6305 2.5
    endloop
  endfacet
  facet normal 0 0 1
    outer loop
      vertex -0.707107 20.5061 2.5
      vertex 0.195091 20.7798 2.5
      vertex 0 20.799 2.5
    endloop
  endfacet
  facet normal 0 0 1
    outer loop
      vertex 0.55557 -20.6305 2.5
      vertex -0.707107 -20.5061 2.5
      vertex 0.382683 -20.7229 2.5
    endloop
  endfacet
  facet normal 0 0 1
    outer loop
      vertex -0.707107 20.5061 2.5
      vertex 0 20.799 2.5
      vertex -0.195091 20.7798 2.5
    endloop
  endfacet
  facet normal 0 0 1
    outer loop
      vertex 0.382683 -20.7229 2.5
      vertex -0.707107 -20.5061 2.5
      vertex 0.195091 -20.7798 2.5
    endloop
  endfacet
  facet normal 0 0 1
    outer loop
      vertex -0.707107 20.5061 2.5
      vertex -0.195091 20.7798 2.5
      vertex -0.382683 20.7229 2.5
    endloop
  endfacet
  facet normal 0 0 1
    outer loop
      vertex 0.195091 -20.7798 2.5
      vertex -0.707107 -20.5061 2.5
      vertex 0 -20.799 2.5
    endloop
  endfacet
  facet normal 0 0 1
    outer loop
      vertex -0.707107 20.5061 2.5
      vertex -0.382683 20.7229 2.5
      vertex -0.55557 20.6305 2.5
    endloop
  endfacet
  facet normal 0 0 1
    outer loop
      vertex 0 -20.799 2.5
      vertex -0.707107 -20.5061 2.5
      vertex -0.195091 -20.7798 2.5
    endloop
  endfacet
  facet normal 0 0 1
    outer loop
      vertex -0.195091 -20.7798 2.5
      vertex -0.707107 -20.5061 2.5
      vertex -0.382683 -20.7229 2.5
    endloop
  endfacet
  facet normal 0 0 1
    outer loop
      vertex -0.382683 -20.7229 2.5
      vertex -0.707107 -20.5061 2.5
      vertex -0.55557 -20.6305 2.5
    endloop
  endfacet
  facet normal -0 0 1
    outer loop
      vertex -20.5061 0.707107 2.5
      vertex -0.707107 -20.5061 2.5
      vertex -0.707107 20.5061 2.5
    endloop
  endfacet
  facet normal 0 0 1
    outer loop
      vertex -20.5061 0.707107 2.5
      vertex -20.5061 -0.707107 2.5
      vertex -0.707107 -20.5061 2.5
    endloop
  endfacet
  facet normal -0 0 1
    outer loop
      vertex -20.6305 0.55557 2.5
      vertex -20.5061 -0.707107 2.5
      vertex -20.5061 0.707107 2.5
    endloop
  endfacet
  facet normal 0 0 1
    outer loop
      vertex -20.6305 0.55557 2.5
      vertex -20.6305 -0.55557 2.5
      vertex -20.5061 -0.707107 2.5
    endloop
  endfacet
  facet normal -0 0 1
    outer loop
      vertex -20.7229 0.382683 2.5
      vertex -20.6305 -0.55557 2.5
      vertex -20.6305 0.55557 2.5
    endloop
  endfacet
  facet normal 0 0 1
    outer loop
      vertex -20.7229 0.382683 2.5
      vertex -20.7229 -0.382683 2.5
      vertex -20.6305 -0.55557 2.5
    endloop
  endfacet
  facet normal -0 0 1
    outer loop
      vertex -20.7798 0.195091 2.5
      vertex -20.7229 -0.382683 2.5
      vertex -20.7229 0.382683 2.5
    endloop
  endfacet
  facet normal 0 0 1
    outer loop
      vertex -20.7798 0.195091 2.5
      vertex -20.7798 -0.195091 2.5
      vertex -20.7229 -0.382683 2.5
    endloop
  endfacet
  facet normal 0 -0 1
    outer loop
      vertex -20.7798 -0.195091 2.5
      vertex -20.7798 0.195091 2.5
      vertex -20.799 0 2.5
    endloop
  endfacet
  facet normal -0.309023 0.951055 0
    outer loop
      vertex 1.09819 -2.46657 -2.5
      vertex 0.561361 -2.641 -0.6
      vertex 1.09819 -2.46657 -0.6
    endloop
  endfacet
  facet normal -0.309023 0.951055 0
    outer loop
      vertex 0.561361 -2.641 -0.6
      vertex 1.09819 -2.46657 -2.5
      vertex 0.561361 -2.641 -2.5
    endloop
  endfacet
  facet normal -0.104526 0.994522 0
    outer loop
      vertex 0.561361 -2.641 -2.5
      vertex 0 -2.7 -0.6
      vertex 0.561361 -2.641 -0.6
    endloop
  endfacet
  facet normal -0.104526 0.994522 0
    outer loop
      vertex 0 -2.7 -0.6
      vertex 0.561361 -2.641 -2.5
      vertex 0 -2.7 -2.5
    endloop
  endfacet
  facet normal -0.499992 0.86603 0
    outer loop
      vertex 1.58702 -2.18435 -2.5
      vertex 1.09819 -2.46657 -0.6
      vertex 1.58702 -2.18435 -0.6
    endloop
  endfacet
  facet normal -0.499992 0.86603 0
    outer loop
      vertex 1.09819 -2.46657 -0.6
      vertex 1.58702 -2.18435 -2.5
      vertex 1.09819 -2.46657 -2.5
    endloop
  endfacet
  facet normal -0.809013 0.58779 0
    outer loop
      vertex 2.00649 -1.80665 -2.5
      vertex 2.33827 -1.35 -0.6
      vertex 2.33827 -1.35 -2.5
    endloop
  endfacet
  facet normal -0.809013 0.58779 0
    outer loop
      vertex 2.33827 -1.35 -0.6
      vertex 2.00649 -1.80665 -2.5
      vertex 2.00649 -1.80665 -0.6
    endloop
  endfacet
  facet normal 0.309023 0.951055 -0
    outer loop
      vertex -0.561361 -2.641 -2.5
      vertex -1.09819 -2.46657 -0.6
      vertex -0.561361 -2.641 -0.6
    endloop
  endfacet
  facet normal 0.309023 0.951055 0
    outer loop
      vertex -1.09819 -2.46657 -0.6
      vertex -0.561361 -2.641 -2.5
      vertex -1.09819 -2.46657 -2.5
    endloop
  endfacet
  facet normal 0.104526 0.994522 -0
    outer loop
      vertex 0 -2.7 -2.5
      vertex -0.561361 -2.641 -0.6
      vertex 0 -2.7 -0.6
    endloop
  endfacet
  facet normal 0.104526 0.994522 0
    outer loop
      vertex -0.561361 -2.641 -0.6
      vertex 0 -2.7 -2.5
      vertex -0.561361 -2.641 -2.5
    endloop
  endfacet
  facet normal -0.669138 0.743138 0
    outer loop
      vertex 2.00649 -1.80665 -2.5
      vertex 1.58702 -2.18435 -0.6
      vertex 2.00649 -1.80665 -0.6
    endloop
  endfacet
  facet normal -0.669138 0.743138 0
    outer loop
      vertex 1.58702 -2.18435 -0.6
      vertex 2.00649 -1.80665 -2.5
      vertex 1.58702 -2.18435 -2.5
    endloop
  endfacet
  facet normal 0.309023 -0.951055 0
    outer loop
      vertex -1.09819 2.46657 -2.5
      vertex -0.561361 2.641 -0.6
      vertex -1.09819 2.46657 -0.6
    endloop
  endfacet
  facet normal 0.309023 -0.951055 0
    outer loop
      vertex -0.561361 2.641 -0.6
      vertex -1.09819 2.46657 -2.5
      vertex -0.561361 2.641 -2.5
    endloop
  endfacet
  facet normal -0.669138 -0.743138 0
    outer loop
      vertex 1.58702 2.18435 -2.5
      vertex 2.00649 1.80665 -0.6
      vertex 1.58702 2.18435 -0.6
    endloop
  endfacet
  facet normal -0.669138 -0.743138 -0
    outer loop
      vertex 2.00649 1.80665 -0.6
      vertex 1.58702 2.18435 -2.5
      vertex 2.00649 1.80665 -2.5
    endloop
  endfacet
  facet normal -0.309023 -0.951055 0
    outer loop
      vertex 0.561361 2.641 -2.5
      vertex 1.09819 2.46657 -0.6
      vertex 0.561361 2.641 -0.6
    endloop
  endfacet
  facet normal -0.309023 -0.951055 -0
    outer loop
      vertex 1.09819 2.46657 -0.6
      vertex 0.561361 2.641 -2.5
      vertex 1.09819 2.46657 -2.5
    endloop
  endfacet
  facet normal 0.809013 0.58779 0
    outer loop
      vertex -2.00649 -1.80665 -0.6
      vertex -2.33827 -1.35 -2.5
      vertex -2.33827 -1.35 -0.6
    endloop
  endfacet
  facet normal 0.809013 0.58779 0
    outer loop
      vertex -2.33827 -1.35 -2.5
      vertex -2.00649 -1.80665 -0.6
      vertex -2.00649 -1.80665 -2.5
    endloop
  endfacet
  facet normal -0.809013 -0.58779 0
    outer loop
      vertex 2.33827 1.35 -2.5
      vertex 2.00649 1.80665 -0.6
      vertex 2.00649 1.80665 -2.5
    endloop
  endfacet
  facet normal -0.809013 -0.58779 0
    outer loop
      vertex 2.00649 1.80665 -0.6
      vertex 2.33827 1.35 -2.5
      vertex 2.33827 1.35 -0.6
    endloop
  endfacet
  facet normal -0.499992 -0.86603 0
    outer loop
      vertex 1.09819 2.46657 -2.5
      vertex 1.58702 2.18435 -0.6
      vertex 1.09819 2.46657 -0.6
    endloop
  endfacet
  facet normal -0.499992 -0.86603 -0
    outer loop
      vertex 1.58702 2.18435 -0.6
      vertex 1.09819 2.46657 -2.5
      vertex 1.58702 2.18435 -2.5
    endloop
  endfacet
  facet normal 0.499992 0.86603 -0
    outer loop
      vertex -1.09819 -2.46657 -2.5
      vertex -1.58702 -2.18435 -0.6
      vertex -1.09819 -2.46657 -0.6
    endloop
  endfacet
  facet normal 0.499992 0.86603 0
    outer loop
      vertex -1.58702 -2.18435 -0.6
      vertex -1.09819 -2.46657 -2.5
      vertex -1.58702 -2.18435 -2.5
    endloop
  endfacet
  facet normal -1 0 0
    outer loop
      vertex 2.68521 -0.282227 -2.5
      vertex 2.68521 0.282227 -0.6
      vertex 2.68521 0.282227 -2.5
    endloop
  endfacet
  facet normal -1 -0 0
    outer loop
      vertex 2.68521 0.282227 -0.6
      vertex 2.68521 -0.282227 -2.5
      vertex 2.68521 -0.282227 -0.6
    endloop
  endfacet
  facet normal -0.913548 -0.406731 0
    outer loop
      vertex 2.56785 0.834346 -2.5
      vertex 2.33827 1.35 -0.6
      vertex 2.33827 1.35 -2.5
    endloop
  endfacet
  facet normal -0.913548 -0.406731 0
    outer loop
      vertex 2.33827 1.35 -0.6
      vertex 2.56785 0.834346 -2.5
      vertex 2.56785 0.834346 -0.6
    endloop
  endfacet
  facet normal 0.978146 -0.207918 0
    outer loop
      vertex -2.68521 0.282227 -0.6
      vertex -2.56785 0.834346 -2.5
      vertex -2.56785 0.834346 -0.6
    endloop
  endfacet
  facet normal 0.978146 -0.207918 0
    outer loop
      vertex -2.56785 0.834346 -2.5
      vertex -2.68521 0.282227 -0.6
      vertex -2.68521 0.282227 -2.5
    endloop
  endfacet
  facet normal 1 -0 0
    outer loop
      vertex -2.68521 -0.282227 -0.6
      vertex -2.68521 0.282227 -2.5
      vertex -2.68521 0.282227 -0.6
    endloop
  endfacet
  facet normal 1 0 0
    outer loop
      vertex -2.68521 0.282227 -2.5
      vertex -2.68521 -0.282227 -0.6
      vertex -2.68521 -0.282227 -2.5
    endloop
  endfacet
  facet normal 0.913548 -0.406731 0
    outer loop
      vertex -2.56785 0.834346 -0.6
      vertex -2.33827 1.35 -2.5
      vertex -2.33827 1.35 -0.6
    endloop
  endfacet
  facet normal 0.913548 -0.406731 0
    outer loop
      vertex -2.33827 1.35 -2.5
      vertex -2.56785 0.834346 -0.6
      vertex -2.56785 0.834346 -2.5
    endloop
  endfacet
  facet normal -0.978146 -0.207918 0
    outer loop
      vertex 2.68521 0.282227 -2.5
      vertex 2.56785 0.834346 -0.6
      vertex 2.56785 0.834346 -2.5
    endloop
  endfacet
  facet normal -0.978146 -0.207918 0
    outer loop
      vertex 2.56785 0.834346 -0.6
      vertex 2.68521 0.282227 -2.5
      vertex 2.68521 0.282227 -0.6
    endloop
  endfacet
  facet normal 0.978146 0.207918 0
    outer loop
      vertex -2.56785 -0.834346 -0.6
      vertex -2.68521 -0.282227 -2.5
      vertex -2.68521 -0.282227 -0.6
    endloop
  endfacet
  facet normal 0.978146 0.207918 0
    outer loop
      vertex -2.68521 -0.282227 -2.5
      vertex -2.56785 -0.834346 -0.6
      vertex -2.56785 -0.834346 -2.5
    endloop
  endfacet
  facet normal 0.669138 0.743138 -0
    outer loop
      vertex -1.58702 -2.18435 -2.5
      vertex -2.00649 -1.80665 -0.6
      vertex -1.58702 -2.18435 -0.6
    endloop
  endfacet
  facet normal 0.669138 0.743138 0
    outer loop
      vertex -2.00649 -1.80665 -0.6
      vertex -1.58702 -2.18435 -2.5
      vertex -2.00649 -1.80665 -2.5
    endloop
  endfacet
  facet normal 0.913548 0.406731 0
    outer loop
      vertex -2.33827 -1.35 -0.6
      vertex -2.56785 -0.834346 -2.5
      vertex -2.56785 -0.834346 -0.6
    endloop
  endfacet
  facet normal 0.913548 0.406731 0
    outer loop
      vertex -2.56785 -0.834346 -2.5
      vertex -2.33827 -1.35 -0.6
      vertex -2.33827 -1.35 -2.5
    endloop
  endfacet
  facet normal 0.809013 -0.58779 0
    outer loop
      vertex -2.33827 1.35 -0.6
      vertex -2.00649 1.80665 -2.5
      vertex -2.00649 1.80665 -0.6
    endloop
  endfacet
  facet normal 0.809013 -0.58779 0
    outer loop
      vertex -2.00649 1.80665 -2.5
      vertex -2.33827 1.35 -0.6
      vertex -2.33827 1.35 -2.5
    endloop
  endfacet
  facet normal -0.104526 -0.994522 0
    outer loop
      vertex 0 2.7 -2.5
      vertex 0.561361 2.641 -0.6
      vertex 0 2.7 -0.6
    endloop
  endfacet
  facet normal -0.104526 -0.994522 -0
    outer loop
      vertex 0.561361 2.641 -0.6
      vertex 0 2.7 -2.5
      vertex 0.561361 2.641 -2.5
    endloop
  endfacet
  facet normal -0.978146 0.207918 0
    outer loop
      vertex 2.56785 -0.834346 -2.5
      vertex 2.68521 -0.282227 -0.6
      vertex 2.68521 -0.282227 -2.5
    endloop
  endfacet
  facet normal -0.978146 0.207918 0
    outer loop
      vertex 2.68521 -0.282227 -0.6
      vertex 2.56785 -0.834346 -2.5
      vertex 2.56785 -0.834346 -0.6
    endloop
  endfacet
  facet normal 0.499992 -0.86603 0
    outer loop
      vertex -1.58702 2.18435 -2.5
      vertex -1.09819 2.46657 -0.6
      vertex -1.58702 2.18435 -0.6
    endloop
  endfacet
  facet normal 0.499992 -0.86603 0
    outer loop
      vertex -1.09819 2.46657 -0.6
      vertex -1.58702 2.18435 -2.5
      vertex -1.09819 2.46657 -2.5
    endloop
  endfacet
  facet normal -0.913548 0.406731 0
    outer loop
      vertex 2.33827 -1.35 -2.5
      vertex 2.56785 -0.834346 -0.6
      vertex 2.56785 -0.834346 -2.5
    endloop
  endfacet
  facet normal -0.913548 0.406731 0
    outer loop
      vertex 2.56785 -0.834346 -0.6
      vertex 2.33827 -1.35 -2.5
      vertex 2.33827 -1.35 -0.6
    endloop
  endfacet
  facet normal 0.104526 -0.994522 0
    outer loop
      vertex -0.561361 2.641 -2.5
      vertex 0 2.7 -0.6
      vertex -0.561361 2.641 -0.6
    endloop
  endfacet
  facet normal 0.104526 -0.994522 0
    outer loop
      vertex 0 2.7 -0.6
      vertex -0.561361 2.641 -2.5
      vertex 0 2.7 -2.5
    endloop
  endfacet
  facet normal 0.669138 -0.743138 0
    outer loop
      vertex -2.00649 1.80665 -2.5
      vertex -1.58702 2.18435 -0.6
      vertex -2.00649 1.80665 -0.6
    endloop
  endfacet
  facet normal 0.669138 -0.743138 0
    outer loop
      vertex -1.58702 2.18435 -0.6
      vertex -2.00649 1.80665 -2.5
      vertex -1.58702 2.18435 -2.5
    endloop
  endfacet
  facet normal -0.536362 0.595686 -0.597891
    outer loop
      vertex 1.33766 -1.20443 0.6
      vertex 2.00649 -1.80665 -0.6
      vertex 1.05801 -1.45623 0.6
    endloop
  endfacet
  facet normal 0.247706 -0.762344 -0.59789
    outer loop
      vertex -0.561361 2.641 -0.6
      vertex -0.732125 1.64438 0.6
      vertex -1.09819 2.46657 -0.6
    endloop
  endfacet
  facet normal -0.0837997 0.797186 -0.59789
    outer loop
      vertex 0 -1.8 0.6
      vertex 0.374241 -1.76066 0.6
      vertex 0 -2.7 -0.6
    endloop
  endfacet
  facet normal -0.0837855 0.797185 -0.597893
    outer loop
      vertex 0.374241 -1.76066 0.6
      vertex 0.561361 -2.641 -0.6
      vertex 0 -2.7 -0.6
    endloop
  endfacet
  facet normal 0.400788 -0.694185 -0.597893
    outer loop
      vertex -0.732125 1.64438 0.6
      vertex -1.05801 1.45623 0.6
      vertex -1.58702 2.18435 -0.6
    endloop
  endfacet
  facet normal -0.400782 0.69419 -0.597891
    outer loop
      vertex 1.58702 -2.18435 -0.6
      vertex 1.09819 -2.46657 -0.6
      vertex 0.732125 -1.64438 0.6
    endloop
  endfacet
  facet normal -0.400782 -0.69419 -0.597891
    outer loop
      vertex 1.09819 2.46657 -0.6
      vertex 1.58702 2.18435 -0.6
      vertex 0.732125 1.64438 0.6
    endloop
  endfacet
  facet normal 0.73228 0.326027 -0.59789
    outer loop
      vertex -1.7119 -0.556231 0.6
      vertex -2.33827 -1.35 -0.6
      vertex -2.56785 -0.834346 -0.6
    endloop
  endfacet
  facet normal -0.247706 0.762344 -0.59789
    outer loop
      vertex 0.732125 -1.64438 0.6
      vertex 1.09819 -2.46657 -0.6
      vertex 0.561361 -2.641 -0.6
    endloop
  endfacet
  facet normal -0.732284 0.326021 -0.597888
    outer loop
      vertex 1.7119 -0.556231 0.6
      vertex 2.33827 -1.35 -0.6
      vertex 1.55885 -0.9 0.6
    endloop
  endfacet
  facet normal 0.732284 0.326021 -0.597888
    outer loop
      vertex -1.7119 -0.556231 0.6
      vertex -1.55885 -0.9 0.6
      vertex -2.33827 -1.35 -0.6
    endloop
  endfacet
  facet normal 0.648481 0.471167 -0.597891
    outer loop
      vertex -1.55885 -0.9 0.6
      vertex -1.33766 -1.20443 0.6
      vertex -2.00649 -1.80665 -0.6
    endloop
  endfacet
  facet normal 0.648488 -0.47116 -0.597889
    outer loop
      vertex -2.00649 1.80665 -0.6
      vertex -1.55885 0.9 0.6
      vertex -2.33827 1.35 -0.6
    endloop
  endfacet
  facet normal 0.73228 -0.326027 -0.59789
    outer loop
      vertex -2.33827 1.35 -0.6
      vertex -1.7119 0.556231 0.6
      vertex -2.56785 0.834346 -0.6
    endloop
  endfacet
  facet normal -0.784061 -0.166661 -0.59789
    outer loop
      vertex 2.68521 0.282227 -0.6
      vertex 1.79014 0.18815 0.6
      vertex 1.7119 0.556231 0.6
    endloop
  endfacet
  facet normal -0.784061 -0.166662 -0.59789
    outer loop
      vertex 2.56785 0.834346 -0.6
      vertex 2.68521 0.282227 -0.6
      vertex 1.7119 0.556231 0.6
    endloop
  endfacet
  facet normal -0.73228 0.326027 -0.59789
    outer loop
      vertex 2.56785 -0.834346 -0.6
      vertex 2.33827 -1.35 -0.6
      vertex 1.7119 -0.556231 0.6
    endloop
  endfacet
  facet normal -0.400788 0.694185 -0.597893
    outer loop
      vertex 1.05801 -1.45623 0.6
      vertex 1.58702 -2.18435 -0.6
      vertex 0.732125 -1.64438 0.6
    endloop
  endfacet
  facet normal -0.247706 -0.762344 -0.59789
    outer loop
      vertex 1.09819 2.46657 -0.6
      vertex 0.732125 1.64438 0.6
      vertex 0.561361 2.641 -0.6
    endloop
  endfacet
  facet normal -0.0837997 -0.797186 -0.59789
    outer loop
      vertex 0 2.7 -0.6
      vertex 0.374241 1.76066 0.6
      vertex 0 1.8 0.6
    endloop
  endfacet
  facet normal -0.648481 0.471167 -0.597891
    outer loop
      vertex 1.55885 -0.9 0.6
      vertex 2.00649 -1.80665 -0.6
      vertex 1.33766 -1.20443 0.6
    endloop
  endfacet
  facet normal 0.536365 0.595682 -0.597892
    outer loop
      vertex -1.05801 -1.45623 0.6
      vertex -1.58702 -2.18435 -0.6
      vertex -2.00649 -1.80665 -0.6
    endloop
  endfacet
  facet normal 0.400788 0.694185 -0.597893
    outer loop
      vertex -1.05801 -1.45623 0.6
      vertex -0.732125 -1.64438 0.6
      vertex -1.58702 -2.18435 -0.6
    endloop
  endfacet
  facet normal 0.732284 -0.326021 -0.597888
    outer loop
      vertex -1.55885 0.9 0.6
      vertex -1.7119 0.556231 0.6
      vertex -2.33827 1.35 -0.6
    endloop
  endfacet
  facet normal 0.400782 -0.69419 -0.597891
    outer loop
      vertex -1.09819 2.46657 -0.6
      vertex -0.732125 1.64438 0.6
      vertex -1.58702 2.18435 -0.6
    endloop
  endfacet
  facet normal -0.536365 0.595682 -0.597892
    outer loop
      vertex 2.00649 -1.80665 -0.6
      vertex 1.58702 -2.18435 -0.6
      vertex 1.05801 -1.45623 0.6
    endloop
  endfacet
  facet normal 0.536362 0.595686 -0.597891
    outer loop
      vertex -1.33766 -1.20443 0.6
      vertex -1.05801 -1.45623 0.6
      vertex -2.00649 -1.80665 -0.6
    endloop
  endfacet
  facet normal -0.648488 0.47116 -0.597889
    outer loop
      vertex 2.33827 -1.35 -0.6
      vertex 2.00649 -1.80665 -0.6
      vertex 1.55885 -0.9 0.6
    endloop
  endfacet
  facet normal 0.536362 -0.595686 -0.597891
    outer loop
      vertex -1.05801 1.45623 0.6
      vertex -1.33766 1.20443 0.6
      vertex -2.00649 1.80665 -0.6
    endloop
  endfacet
  facet normal -0.784061 0.166662 -0.59789
    outer loop
      vertex 2.68521 -0.282227 -0.6
      vertex 2.56785 -0.834346 -0.6
      vertex 1.7119 -0.556231 0.6
    endloop
  endfacet
  facet normal 0.648481 -0.471167 -0.597891
    outer loop
      vertex -1.33766 1.20443 0.6
      vertex -1.55885 0.9 0.6
      vertex -2.00649 1.80665 -0.6
    endloop
  endfacet
  facet normal 0.0837855 -0.797185 -0.597893
    outer loop
      vertex 0 2.7 -0.6
      vertex -0.374241 1.76066 0.6
      vertex -0.561361 2.641 -0.6
    endloop
  endfacet
  facet normal 0.0837855 0.797185 -0.597893
    outer loop
      vertex -0.374241 -1.76066 0.6
      vertex 0 -2.7 -0.6
      vertex -0.561361 -2.641 -0.6
    endloop
  endfacet
  facet normal 0.0837997 0.797186 -0.59789
    outer loop
      vertex 0 -1.8 0.6
      vertex 0 -2.7 -0.6
      vertex -0.374241 -1.76066 0.6
    endloop
  endfacet
  facet normal 0.784061 -0.166661 -0.59789
    outer loop
      vertex -1.7119 0.556231 0.6
      vertex -1.79014 0.18815 0.6
      vertex -2.68521 0.282227 -0.6
    endloop
  endfacet
  facet normal 0.0837997 -0.797186 -0.59789
    outer loop
      vertex 0 2.7 -0.6
      vertex 0 1.8 0.6
      vertex -0.374241 1.76066 0.6
    endloop
  endfacet
  facet normal -0.536365 -0.595682 -0.597892
    outer loop
      vertex 1.58702 2.18435 -0.6
      vertex 2.00649 1.80665 -0.6
      vertex 1.05801 1.45623 0.6
    endloop
  endfacet
  facet normal 0.784061 -0.166662 -0.59789
    outer loop
      vertex -2.56785 0.834346 -0.6
      vertex -1.7119 0.556231 0.6
      vertex -2.68521 0.282227 -0.6
    endloop
  endfacet
  facet normal -0.0837855 -0.797185 -0.597893
    outer loop
      vertex 0.561361 2.641 -0.6
      vertex 0.374241 1.76066 0.6
      vertex 0 2.7 -0.6
    endloop
  endfacet
  facet normal -0.247694 0.762346 -0.597893
    outer loop
      vertex 0.732125 -1.64438 0.6
      vertex 0.561361 -2.641 -0.6
      vertex 0.374241 -1.76066 0.6
    endloop
  endfacet
  facet normal 0.400782 0.69419 -0.597891
    outer loop
      vertex -0.732125 -1.64438 0.6
      vertex -1.09819 -2.46657 -0.6
      vertex -1.58702 -2.18435 -0.6
    endloop
  endfacet
  facet normal 0.247706 0.762344 -0.59789
    outer loop
      vertex -0.732125 -1.64438 0.6
      vertex -0.561361 -2.641 -0.6
      vertex -1.09819 -2.46657 -0.6
    endloop
  endfacet
  facet normal 0.247694 -0.762346 -0.597893
    outer loop
      vertex -0.561361 2.641 -0.6
      vertex -0.374241 1.76066 0.6
      vertex -0.732125 1.64438 0.6
    endloop
  endfacet
  facet normal 0.536365 -0.595682 -0.597892
    outer loop
      vertex -1.58702 2.18435 -0.6
      vertex -1.05801 1.45623 0.6
      vertex -2.00649 1.80665 -0.6
    endloop
  endfacet
  facet normal -0.732284 -0.326021 -0.597888
    outer loop
      vertex 2.33827 1.35 -0.6
      vertex 1.7119 0.556231 0.6
      vertex 1.55885 0.9 0.6
    endloop
  endfacet
  facet normal -0.784061 0.166661 -0.59789
    outer loop
      vertex 1.79014 -0.18815 0.6
      vertex 2.68521 -0.282227 -0.6
      vertex 1.7119 -0.556231 0.6
    endloop
  endfacet
  facet normal 0.648488 0.47116 -0.597889
    outer loop
      vertex -1.55885 -0.9 0.6
      vertex -2.00649 -1.80665 -0.6
      vertex -2.33827 -1.35 -0.6
    endloop
  endfacet
  facet normal 0.784061 0.166662 -0.59789
    outer loop
      vertex -1.7119 -0.556231 0.6
      vertex -2.56785 -0.834346 -0.6
      vertex -2.68521 -0.282227 -0.6
    endloop
  endfacet
  facet normal 0.247694 0.762346 -0.597893
    outer loop
      vertex -0.374241 -1.76066 0.6
      vertex -0.561361 -2.641 -0.6
      vertex -0.732125 -1.64438 0.6
    endloop
  endfacet
  facet normal -0.801578 0 -0.59789
    outer loop
      vertex 2.68521 0.282227 -0.6
      vertex 1.79014 -0.18815 0.6
      vertex 1.79014 0.18815 0.6
    endloop
  endfacet
  facet normal -0.801578 0 -0.59789
    outer loop
      vertex 1.79014 -0.18815 0.6
      vertex 2.68521 0.282227 -0.6
      vertex 2.68521 -0.282227 -0.6
    endloop
  endfacet
  facet normal 0.784061 0.166661 -0.59789
    outer loop
      vertex -1.79014 -0.18815 0.6
      vertex -1.7119 -0.556231 0.6
      vertex -2.68521 -0.282227 -0.6
    endloop
  endfacet
  facet normal -0.73228 -0.326027 -0.59789
    outer loop
      vertex 2.33827 1.35 -0.6
      vertex 2.56785 0.834346 -0.6
      vertex 1.7119 0.556231 0.6
    endloop
  endfacet
  facet normal -0.648488 -0.47116 -0.597889
    outer loop
      vertex 2.00649 1.80665 -0.6
      vertex 2.33827 1.35 -0.6
      vertex 1.55885 0.9 0.6
    endloop
  endfacet
  facet normal 0.801578 0 -0.59789
    outer loop
      vertex -1.79014 -0.18815 0.6
      vertex -2.68521 0.282227 -0.6
      vertex -1.79014 0.18815 0.6
    endloop
  endfacet
  facet normal 0.801578 0 -0.59789
    outer loop
      vertex -2.68521 0.282227 -0.6
      vertex -1.79014 -0.18815 0.6
      vertex -2.68521 -0.282227 -0.6
    endloop
  endfacet
  facet normal -0.536362 -0.595686 -0.597891
    outer loop
      vertex 2.00649 1.80665 -0.6
      vertex 1.33766 1.20443 0.6
      vertex 1.05801 1.45623 0.6
    endloop
  endfacet
  facet normal -0.648481 -0.471167 -0.597891
    outer loop
      vertex 2.00649 1.80665 -0.6
      vertex 1.55885 0.9 0.6
      vertex 1.33766 1.20443 0.6
    endloop
  endfacet
  facet normal -0.247694 -0.762346 -0.597893
    outer loop
      vertex 0.561361 2.641 -0.6
      vertex 0.732125 1.64438 0.6
      vertex 0.374241 1.76066 0.6
    endloop
  endfacet
  facet normal -0.400788 -0.694185 -0.597893
    outer loop
      vertex 1.58702 2.18435 -0.6
      vertex 1.05801 1.45623 0.6
      vertex 0.732125 1.64438 0.6
    endloop
  endfacet
  facet normal 0 0 -1
    outer loop
      vertex 1.7119 -0.556231 0.6
      vertex 1.79014 0.18815 0.6
      vertex 1.79014 -0.18815 0.6
    endloop
  endfacet
  facet normal 0 0 -1
    outer loop
      vertex 1.7119 -0.556231 0.6
      vertex 1.7119 0.556231 0.6
      vertex 1.79014 0.18815 0.6
    endloop
  endfacet
  facet normal 0 0 -1
    outer loop
      vertex 1.55885 -0.9 0.6
      vertex 1.7119 0.556231 0.6
      vertex 1.7119 -0.556231 0.6
    endloop
  endfacet
  facet normal 0 0 -1
    outer loop
      vertex 1.55885 -0.9 0.6
      vertex 1.55885 0.9 0.6
      vertex 1.7119 0.556231 0.6
    endloop
  endfacet
  facet normal 0 0 -1
    outer loop
      vertex 1.33766 -1.20443 0.6
      vertex 1.55885 0.9 0.6
      vertex 1.55885 -0.9 0.6
    endloop
  endfacet
  facet normal 0 0 -1
    outer loop
      vertex 1.33766 -1.20443 0.6
      vertex 1.33766 1.20443 0.6
      vertex 1.55885 0.9 0.6
    endloop
  endfacet
  facet normal 0 0 -1
    outer loop
      vertex 1.05801 -1.45623 0.6
      vertex 1.33766 1.20443 0.6
      vertex 1.33766 -1.20443 0.6
    endloop
  endfacet
  facet normal 0 0 -1
    outer loop
      vertex 1.05801 -1.45623 0.6
      vertex 1.05801 1.45623 0.6
      vertex 1.33766 1.20443 0.6
    endloop
  endfacet
  facet normal 0 0 -1
    outer loop
      vertex 0.732125 -1.64438 0.6
      vertex 1.05801 1.45623 0.6
      vertex 1.05801 -1.45623 0.6
    endloop
  endfacet
  facet normal 0 0 -1
    outer loop
      vertex 0.732125 -1.64438 0.6
      vertex 0.732125 1.64438 0.6
      vertex 1.05801 1.45623 0.6
    endloop
  endfacet
  facet normal 0 0 -1
    outer loop
      vertex 0.374241 -1.76066 0.6
      vertex 0.732125 1.64438 0.6
      vertex 0.732125 -1.64438 0.6
    endloop
  endfacet
  facet normal 0 0 -1
    outer loop
      vertex 0.374241 -1.76066 0.6
      vertex 0.374241 1.76066 0.6
      vertex 0.732125 1.64438 0.6
    endloop
  endfacet
  facet normal 0 0 -1
    outer loop
      vertex 0 -1.8 0.6
      vertex 0.374241 1.76066 0.6
      vertex 0.374241 -1.76066 0.6
    endloop
  endfacet
  facet normal 0 0 -1
    outer loop
      vertex 0 -1.8 0.6
      vertex 0 1.8 0.6
      vertex 0.374241 1.76066 0.6
    endloop
  endfacet
  facet normal 0 0 -1
    outer loop
      vertex -0.374241 -1.76066 0.6
      vertex 0 1.8 0.6
      vertex 0 -1.8 0.6
    endloop
  endfacet
  facet normal 0 0 -1
    outer loop
      vertex -0.374241 -1.76066 0.6
      vertex -0.374241 1.76066 0.6
      vertex 0 1.8 0.6
    endloop
  endfacet
  facet normal 0 0 -1
    outer loop
      vertex -0.732125 -1.64438 0.6
      vertex -0.374241 1.76066 0.6
      vertex -0.374241 -1.76066 0.6
    endloop
  endfacet
  facet normal 0 0 -1
    outer loop
      vertex -0.732125 -1.64438 0.6
      vertex -0.732125 1.64438 0.6
      vertex -0.374241 1.76066 0.6
    endloop
  endfacet
  facet normal 0 0 -1
    outer loop
      vertex -1.05801 -1.45623 0.6
      vertex -0.732125 1.64438 0.6
      vertex -0.732125 -1.64438 0.6
    endloop
  endfacet
  facet normal 0 0 -1
    outer loop
      vertex -1.05801 -1.45623 0.6
      vertex -1.05801 1.45623 0.6
      vertex -0.732125 1.64438 0.6
    endloop
  endfacet
  facet normal 0 0 -1
    outer loop
      vertex -1.33766 -1.20443 0.6
      vertex -1.05801 1.45623 0.6
      vertex -1.05801 -1.45623 0.6
    endloop
  endfacet
  facet normal 0 0 -1
    outer loop
      vertex -1.33766 -1.20443 0.6
      vertex -1.33766 1.20443 0.6
      vertex -1.05801 1.45623 0.6
    endloop
  endfacet
  facet normal 0 0 -1
    outer loop
      vertex -1.55885 -0.9 0.6
      vertex -1.33766 1.20443 0.6
      vertex -1.33766 -1.20443 0.6
    endloop
  endfacet
  facet normal 0 0 -1
    outer loop
      vertex -1.55885 -0.9 0.6
      vertex -1.55885 0.9 0.6
      vertex -1.33766 1.20443 0.6
    endloop
  endfacet
  facet normal 0 0 -1
    outer loop
      vertex -1.7119 -0.556231 0.6
      vertex -1.55885 0.9 0.6
      vertex -1.55885 -0.9 0.6
    endloop
  endfacet
  facet normal 0 0 -1
    outer loop
      vertex -1.7119 -0.556231 0.6
      vertex -1.7119 0.556231 0.6
      vertex -1.55885 0.9 0.6
    endloop
  endfacet
  facet normal 0 0 -1
    outer loop
      vertex -1.79014 -0.18815 0.6
      vertex -1.7119 0.556231 0.6
      vertex -1.7119 -0.556231 0.6
    endloop
  endfacet
  facet normal 0 0 -1
    outer loop
      vertex -1.7119 0.556231 0.6
      vertex -1.79014 -0.18815 0.6
      vertex -1.79014 0.18815 0.6
    endloop
  endfacet
  facet normal 0.669126 -0.743149 0
    outer loop
      vertex -9.87806 2.14122 -2.5
      vertex -9.38091 2.58885 -0.6
      vertex -9.87806 2.14122 -0.6
    endloop
  endfacet
  facet normal 0.669126 -0.743149 0
    outer loop
      vertex -9.38091 2.58885 -0.6
      vertex -9.87806 2.14122 -2.5
      vertex -9.38091 2.58885 -2.5
    endloop
  endfacet
  facet normal -0.309021 0.951055 0
    outer loop
      vertex -6.19844 -2.92334 -2.5
      vertex -6.83468 -3.13007 -0.6
      vertex -6.19844 -2.92334 -0.6
    endloop
  endfacet
  facet normal -0.309021 0.951055 0
    outer loop
      vertex -6.83468 -3.13007 -0.6
      vertex -6.19844 -2.92334 -2.5
      vertex -6.83468 -3.13007 -2.5
    endloop
  endfacet
  facet normal -0.104531 0.994522 0
    outer loop
      vertex -6.83468 -3.13007 -2.5
      vertex -7.5 -3.2 -0.6
      vertex -6.83468 -3.13007 -0.6
    endloop
  endfacet
  facet normal -0.104531 0.994522 0
    outer loop
      vertex -7.5 -3.2 -0.6
      vertex -6.83468 -3.13007 -2.5
      vertex -7.5 -3.2 -2.5
    endloop
  endfacet
  facet normal -0.500002 0.866024 0
    outer loop
      vertex -5.61909 -2.58885 -2.5
      vertex -6.19844 -2.92334 -0.6
      vertex -5.61909 -2.58885 -0.6
    endloop
  endfacet
  facet normal -0.500002 0.866024 0
    outer loop
      vertex -6.19844 -2.92334 -0.6
      vertex -5.61909 -2.58885 -2.5
      vertex -6.19844 -2.92334 -2.5
    endloop
  endfacet
  facet normal 0.309021 0.951055 -0
    outer loop
      vertex -8.16532 -3.13007 -2.5
      vertex -8.80156 -2.92334 -0.6
      vertex -8.16532 -3.13007 -0.6
    endloop
  endfacet
  facet normal 0.309021 0.951055 0
    outer loop
      vertex -8.80156 -2.92334 -0.6
      vertex -8.16532 -3.13007 -2.5
      vertex -8.80156 -2.92334 -2.5
    endloop
  endfacet
  facet normal -0.809017 -0.587786 0
    outer loop
      vertex -4.72872 1.6 -2.5
      vertex -5.12194 2.14122 -0.6
      vertex -5.12194 2.14122 -2.5
    endloop
  endfacet
  facet normal -0.809017 -0.587786 0
    outer loop
      vertex -5.12194 2.14122 -0.6
      vertex -4.72872 1.6 -2.5
      vertex -4.72872 1.6 -0.6
    endloop
  endfacet
  facet normal 0.809002 0.587805 0
    outer loop
      vertex -9.87806 -2.14122 -0.6
      vertex -10.2713 -1.6 -2.5
      vertex -10.2713 -1.6 -0.6
    endloop
  endfacet
  facet normal 0.809002 0.587805 0
    outer loop
      vertex -10.2713 -1.6 -2.5
      vertex -9.87806 -2.14122 -0.6
      vertex -9.87806 -2.14122 -2.5
    endloop
  endfacet
  facet normal 0.669126 0.743149 -0
    outer loop
      vertex -9.38091 -2.58885 -2.5
      vertex -9.87806 -2.14122 -0.6
      vertex -9.38091 -2.58885 -0.6
    endloop
  endfacet
  facet normal 0.669126 0.743149 0
    outer loop
      vertex -9.87806 -2.14122 -0.6
      vertex -9.38091 -2.58885 -2.5
      vertex -9.87806 -2.14122 -2.5
    endloop
  endfacet
  facet normal 0.104531 0.994522 -0
    outer loop
      vertex -7.5 -3.2 -2.5
      vertex -8.16532 -3.13007 -0.6
      vertex -7.5 -3.2 -0.6
    endloop
  endfacet
  facet normal 0.104531 0.994522 0
    outer loop
      vertex -8.16532 -3.13007 -0.6
      vertex -7.5 -3.2 -2.5
      vertex -8.16532 -3.13007 -2.5
    endloop
  endfacet
  facet normal 0.913546 -0.406736 0
    outer loop
      vertex -10.5434 0.988853 -0.6
      vertex -10.2713 1.6 -2.5
      vertex -10.2713 1.6 -0.6
    endloop
  endfacet
  facet normal 0.913546 -0.406736 0
    outer loop
      vertex -10.2713 1.6 -2.5
      vertex -10.5434 0.988853 -0.6
      vertex -10.5434 0.988853 -2.5
    endloop
  endfacet
  facet normal -0.913546 0.406736 0
    outer loop
      vertex -4.72872 -1.6 -2.5
      vertex -4.45662 -0.988853 -0.6
      vertex -4.45662 -0.988853 -2.5
    endloop
  endfacet
  facet normal -0.913546 0.406736 0
    outer loop
      vertex -4.45662 -0.988853 -0.6
      vertex -4.72872 -1.6 -2.5
      vertex -4.72872 -1.6 -0.6
    endloop
  endfacet
  facet normal -0.669126 0.743149 0
    outer loop
      vertex -5.12194 -2.14122 -2.5
      vertex -5.61909 -2.58885 -0.6
      vertex -5.12194 -2.14122 -0.6
    endloop
  endfacet
  facet normal -0.669126 0.743149 0
    outer loop
      vertex -5.61909 -2.58885 -0.6
      vertex -5.12194 -2.14122 -2.5
      vertex -5.61909 -2.58885 -2.5
    endloop
  endfacet
  facet normal 0.809002 -0.587805 0
    outer loop
      vertex -10.2713 1.6 -0.6
      vertex -9.87806 2.14122 -2.5
      vertex -9.87806 2.14122 -0.6
    endloop
  endfacet
  facet normal 0.809002 -0.587805 0
    outer loop
      vertex -9.87806 2.14122 -2.5
      vertex -10.2713 1.6 -0.6
      vertex -10.2713 1.6 -2.5
    endloop
  endfacet
  facet normal -0.669126 -0.743149 0
    outer loop
      vertex -5.61909 2.58885 -2.5
      vertex -5.12194 2.14122 -0.6
      vertex -5.61909 2.58885 -0.6
    endloop
  endfacet
  facet normal -0.669126 -0.743149 -0
    outer loop
      vertex -5.12194 2.14122 -0.6
      vertex -5.61909 2.58885 -2.5
      vertex -5.12194 2.14122 -2.5
    endloop
  endfacet
  facet normal -1 0 0
    outer loop
      vertex -4.31753 -0.334491 -2.5
      vertex -4.31753 0.334491 -0.6
      vertex -4.31753 0.334491 -2.5
    endloop
  endfacet
  facet normal -1 -0 0
    outer loop
      vertex -4.31753 0.334491 -0.6
      vertex -4.31753 -0.334491 -2.5
      vertex -4.31753 -0.334491 -0.6
    endloop
  endfacet
  facet normal 0.913546 0.406736 0
    outer loop
      vertex -10.2713 -1.6 -0.6
      vertex -10.5434 -0.988853 -2.5
      vertex -10.5434 -0.988853 -0.6
    endloop
  endfacet
  facet normal 0.913546 0.406736 0
    outer loop
      vertex -10.5434 -0.988853 -2.5
      vertex -10.2713 -1.6 -0.6
      vertex -10.2713 -1.6 -2.5
    endloop
  endfacet
  facet normal 0.978144 0.207928 0
    outer loop
      vertex -10.5434 -0.988853 -0.6
      vertex -10.6825 -0.334491 -2.5
      vertex -10.6825 -0.334491 -0.6
    endloop
  endfacet
  facet normal 0.978144 0.207928 0
    outer loop
      vertex -10.6825 -0.334491 -2.5
      vertex -10.5434 -0.988853 -0.6
      vertex -10.5434 -0.988853 -2.5
    endloop
  endfacet
  facet normal -0.309021 -0.951055 0
    outer loop
      vertex -6.83468 3.13007 -2.5
      vertex -6.19844 2.92334 -0.6
      vertex -6.83468 3.13007 -0.6
    endloop
  endfacet
  facet normal -0.309021 -0.951055 -0
    outer loop
      vertex -6.19844 2.92334 -0.6
      vertex -6.83468 3.13007 -2.5
      vertex -6.19844 2.92334 -2.5
    endloop
  endfacet
  facet normal 0.309021 -0.951055 0
    outer loop
      vertex -8.80156 2.92334 -2.5
      vertex -8.16532 3.13007 -0.6
      vertex -8.80156 2.92334 -0.6
    endloop
  endfacet
  facet normal 0.309021 -0.951055 0
    outer loop
      vertex -8.16532 3.13007 -0.6
      vertex -8.80156 2.92334 -2.5
      vertex -8.16532 3.13007 -2.5
    endloop
  endfacet
  facet normal -0.913546 -0.406736 0
    outer loop
      vertex -4.45662 0.988853 -2.5
      vertex -4.72872 1.6 -0.6
      vertex -4.72872 1.6 -2.5
    endloop
  endfacet
  facet normal -0.913546 -0.406736 0
    outer loop
      vertex -4.72872 1.6 -0.6
      vertex -4.45662 0.988853 -2.5
      vertex -4.45662 0.988853 -0.6
    endloop
  endfacet
  facet normal 0.978144 -0.207928 0
    outer loop
      vertex -10.6825 0.334491 -0.6
      vertex -10.5434 0.988853 -2.5
      vertex -10.5434 0.988853 -0.6
    endloop
  endfacet
  facet normal 0.978144 -0.207928 0
    outer loop
      vertex -10.5434 0.988853 -2.5
      vertex -10.6825 0.334491 -0.6
      vertex -10.6825 0.334491 -2.5
    endloop
  endfacet
  facet normal -0.978147 0.207913 0
    outer loop
      vertex -4.45662 -0.988853 -2.5
      vertex -4.31753 -0.334491 -0.6
      vertex -4.31753 -0.334491 -2.5
    endloop
  endfacet
  facet normal -0.978147 0.207913 0
    outer loop
      vertex -4.31753 -0.334491 -0.6
      vertex -4.45662 -0.988853 -2.5
      vertex -4.45662 -0.988853 -0.6
    endloop
  endfacet
  facet normal 0.104531 -0.994522 0
    outer loop
      vertex -8.16532 3.13007 -2.5
      vertex -7.5 3.2 -0.6
      vertex -8.16532 3.13007 -0.6
    endloop
  endfacet
  facet normal 0.104531 -0.994522 0
    outer loop
      vertex -7.5 3.2 -0.6
      vertex -8.16532 3.13007 -2.5
      vertex -7.5 3.2 -2.5
    endloop
  endfacet
  facet normal 0.500002 -0.866024 0
    outer loop
      vertex -9.38091 2.58885 -2.5
      vertex -8.80156 2.92334 -0.6
      vertex -9.38091 2.58885 -0.6
    endloop
  endfacet
  facet normal 0.500002 -0.866024 0
    outer loop
      vertex -8.80156 2.92334 -0.6
      vertex -9.38091 2.58885 -2.5
      vertex -8.80156 2.92334 -2.5
    endloop
  endfacet
  facet normal -0.500002 -0.866024 0
    outer loop
      vertex -6.19844 2.92334 -2.5
      vertex -5.61909 2.58885 -0.6
      vertex -6.19844 2.92334 -0.6
    endloop
  endfacet
  facet normal -0.500002 -0.866024 -0
    outer loop
      vertex -5.61909 2.58885 -0.6
      vertex -6.19844 2.92334 -2.5
      vertex -5.61909 2.58885 -2.5
    endloop
  endfacet
  facet normal 0.500002 0.866024 -0
    outer loop
      vertex -8.80156 -2.92334 -2.5
      vertex -9.38091 -2.58885 -0.6
      vertex -8.80156 -2.92334 -0.6
    endloop
  endfacet
  facet normal 0.500002 0.866024 0
    outer loop
      vertex -9.38091 -2.58885 -0.6
      vertex -8.80156 -2.92334 -2.5
      vertex -9.38091 -2.58885 -2.5
    endloop
  endfacet
  facet normal -0.809017 0.587786 0
    outer loop
      vertex -5.12194 -2.14122 -2.5
      vertex -4.72872 -1.6 -0.6
      vertex -4.72872 -1.6 -2.5
    endloop
  endfacet
  facet normal -0.809017 0.587786 0
    outer loop
      vertex -4.72872 -1.6 -0.6
      vertex -5.12194 -2.14122 -2.5
      vertex -5.12194 -2.14122 -0.6
    endloop
  endfacet
  facet normal -0.978147 -0.207913 0
    outer loop
      vertex -4.31753 0.334491 -2.5
      vertex -4.45662 0.988853 -0.6
      vertex -4.45662 0.988853 -2.5
    endloop
  endfacet
  facet normal -0.978147 -0.207913 0
    outer loop
      vertex -4.45662 0.988853 -0.6
      vertex -4.31753 0.334491 -2.5
      vertex -4.31753 0.334491 -0.6
    endloop
  endfacet
  facet normal 1 -0 0
    outer loop
      vertex -10.6825 -0.334491 -0.6
      vertex -10.6825 0.334491 -2.5
      vertex -10.6825 0.334491 -0.6
    endloop
  endfacet
  facet normal 1 0 0
    outer loop
      vertex -10.6825 0.334491 -2.5
      vertex -10.6825 -0.334491 -0.6
      vertex -10.6825 -0.334491 -2.5
    endloop
  endfacet
  facet normal -0.104531 -0.994522 0
    outer loop
      vertex -7.5 3.2 -2.5
      vertex -6.83468 3.13007 -0.6
      vertex -7.5 3.2 -0.6
    endloop
  endfacet
  facet normal -0.104531 -0.994522 -0
    outer loop
      vertex -6.83468 3.13007 -0.6
      vertex -7.5 3.2 -2.5
      vertex -6.83468 3.13007 -2.5
    endloop
  endfacet
  facet normal -0.078318 0.745113 -0.662324
    outer loop
      vertex -7.5 -2.13333 0.6
      vertex -7.05646 -2.08671 0.6
      vertex -7.5 -3.2 -0.6
    endloop
  endfacet
  facet normal -0.0783168 0.745112 -0.662325
    outer loop
      vertex -7.05646 -2.08671 0.6
      vertex -6.83468 -3.13007 -0.6
      vertex -7.5 -3.2 -0.6
    endloop
  endfacet
  facet normal 0.374615 0.648839 -0.662323
    outer loop
      vertex -8.75394 -1.7259 0.6
      vertex -8.3677 -1.9489 0.6
      vertex -9.38091 -2.58885 -0.6
    endloop
  endfacet
  facet normal -0.374611 -0.648842 -0.662322
    outer loop
      vertex -6.19844 2.92334 -0.6
      vertex -5.61909 2.58885 -0.6
      vertex -6.6323 1.9489 0.6
    endloop
  endfacet
  facet normal -0.60613 0.44038 -0.662323
    outer loop
      vertex -4.72872 -1.6 -0.6
      vertex -5.12194 -2.14122 -0.6
      vertex -5.65248 -1.06667 0.6
    endloop
  endfacet
  facet normal -0.732846 0.155772 -0.662323
    outer loop
      vertex -4.31753 -0.334491 -0.6
      vertex -4.45662 -0.988853 -0.6
      vertex -5.47108 -0.659236 0.6
    endloop
  endfacet
  facet normal 0.501324 -0.556778 -0.662324
    outer loop
      vertex -8.75394 1.7259 0.6
      vertex -9.08537 1.42748 0.6
      vertex -9.87806 2.14122 -0.6
    endloop
  endfacet
  facet normal -0.501324 0.556778 -0.662324
    outer loop
      vertex -5.91463 -1.42748 0.6
      vertex -5.12194 -2.14122 -0.6
      vertex -6.24606 -1.7259 0.6
    endloop
  endfacet
  facet normal 0.231524 0.712546 -0.662325
    outer loop
      vertex -7.94354 -2.08671 0.6
      vertex -8.16532 -3.13007 -0.6
      vertex -8.80156 -2.92334 -0.6
    endloop
  endfacet
  facet normal -0.684445 0.304735 -0.662323
    outer loop
      vertex -4.45662 -0.988853 -0.6
      vertex -4.72872 -1.6 -0.6
      vertex -5.65248 -1.06667 0.6
    endloop
  endfacet
  facet normal 0.374611 -0.648842 -0.662322
    outer loop
      vertex -8.80156 2.92334 -0.6
      vertex -8.3677 1.9489 0.6
      vertex -9.38091 2.58885 -0.6
    endloop
  endfacet
  facet normal -0.374611 0.648842 -0.662322
    outer loop
      vertex -5.61909 -2.58885 -0.6
      vertex -6.19844 -2.92334 -0.6
      vertex -6.6323 -1.9489 0.6
    endloop
  endfacet
  facet normal 0.23151 -0.712555 -0.662321
    outer loop
      vertex -7.94354 2.08671 0.6
      vertex -8.3677 1.9489 0.6
      vertex -8.80156 2.92334 -0.6
    endloop
  endfacet
  facet normal -0.078318 -0.745113 -0.662324
    outer loop
      vertex -7.5 3.2 -0.6
      vertex -7.05646 2.08671 0.6
      vertex -7.5 2.13333 0.6
    endloop
  endfacet
  facet normal -0.501324 -0.556778 -0.662324
    outer loop
      vertex -5.12194 2.14122 -0.6
      vertex -5.91463 1.42748 0.6
      vertex -6.24606 1.7259 0.6
    endloop
  endfacet
  facet normal -0.0783168 -0.745112 -0.662325
    outer loop
      vertex -6.83468 3.13007 -0.6
      vertex -7.05646 2.08671 0.6
      vertex -7.5 3.2 -0.6
    endloop
  endfacet
  facet normal 0.68444 -0.304732 -0.662329
    outer loop
      vertex -10.2713 1.6 -0.6
      vertex -9.34752 1.06667 0.6
      vertex -10.5434 0.988853 -0.6
    endloop
  endfacet
  facet normal -0.501321 0.556781 -0.662323
    outer loop
      vertex -5.12194 -2.14122 -0.6
      vertex -5.61909 -2.58885 -0.6
      vertex -6.24606 -1.7259 0.6
    endloop
  endfacet
  facet normal -0.606124 0.440386 -0.662325
    outer loop
      vertex -5.65248 -1.06667 0.6
      vertex -5.12194 -2.14122 -0.6
      vertex -5.91463 -1.42748 0.6
    endloop
  endfacet
  facet normal 0.374615 -0.648839 -0.662323
    outer loop
      vertex -8.3677 1.9489 0.6
      vertex -8.75394 1.7259 0.6
      vertex -9.38091 2.58885 -0.6
    endloop
  endfacet
  facet normal -0.684446 0.304733 -0.662323
    outer loop
      vertex -5.47108 -0.659236 0.6
      vertex -4.45662 -0.988853 -0.6
      vertex -5.65248 -1.06667 0.6
    endloop
  endfacet
  facet normal -0.231524 -0.712546 -0.662325
    outer loop
      vertex -6.83468 3.13007 -0.6
      vertex -6.19844 2.92334 -0.6
      vertex -7.05646 2.08671 0.6
    endloop
  endfacet
  facet normal -0.374615 -0.648839 -0.662323
    outer loop
      vertex -5.61909 2.58885 -0.6
      vertex -6.24606 1.7259 0.6
      vertex -6.6323 1.9489 0.6
    endloop
  endfacet
  facet normal 0.231524 -0.712546 -0.662325
    outer loop
      vertex -8.16532 3.13007 -0.6
      vertex -7.94354 2.08671 0.6
      vertex -8.80156 2.92334 -0.6
    endloop
  endfacet
  facet normal 0.0783168 -0.745112 -0.662325
    outer loop
      vertex -7.5 3.2 -0.6
      vertex -7.94354 2.08671 0.6
      vertex -8.16532 3.13007 -0.6
    endloop
  endfacet
  facet normal -0.374615 0.648839 -0.662323
    outer loop
      vertex -6.24606 -1.7259 0.6
      vertex -5.61909 -2.58885 -0.6
      vertex -6.6323 -1.9489 0.6
    endloop
  endfacet
  facet normal -0.23151 0.712555 -0.662321
    outer loop
      vertex -6.6323 -1.9489 0.6
      vertex -6.19844 -2.92334 -0.6
      vertex -7.05646 -2.08671 0.6
    endloop
  endfacet
  facet normal -0.231524 0.712546 -0.662325
    outer loop
      vertex -6.19844 -2.92334 -0.6
      vertex -6.83468 -3.13007 -0.6
      vertex -7.05646 -2.08671 0.6
    endloop
  endfacet
  facet normal 0.732837 0.155776 -0.662332
    outer loop
      vertex -9.62165 -0.222994 0.6
      vertex -9.52892 -0.659236 0.6
      vertex -10.6825 -0.334491 -0.6
    endloop
  endfacet
  facet normal 0.606124 -0.440386 -0.662325
    outer loop
      vertex -9.08537 1.42748 0.6
      vertex -9.34752 1.06667 0.6
      vertex -9.87806 2.14122 -0.6
    endloop
  endfacet
  facet normal -0.501321 -0.556781 -0.662323
    outer loop
      vertex -5.61909 2.58885 -0.6
      vertex -5.12194 2.14122 -0.6
      vertex -6.24606 1.7259 0.6
    endloop
  endfacet
  facet normal 0.732837 0.155782 -0.662331
    outer loop
      vertex -9.52892 -0.659236 0.6
      vertex -10.5434 -0.988853 -0.6
      vertex -10.6825 -0.334491 -0.6
    endloop
  endfacet
  facet normal -0.732846 -0.155772 -0.662323
    outer loop
      vertex -4.45662 0.988853 -0.6
      vertex -4.31753 0.334491 -0.6
      vertex -5.47108 0.659236 0.6
    endloop
  endfacet
  facet normal -0.732846 -0.155778 -0.662322
    outer loop
      vertex -4.31753 0.334491 -0.6
      vertex -5.37835 0.222994 0.6
      vertex -5.47108 0.659236 0.6
    endloop
  endfacet
  facet normal -0.684445 -0.304735 -0.662323
    outer loop
      vertex -4.72872 1.6 -0.6
      vertex -4.45662 0.988853 -0.6
      vertex -5.65248 1.06667 0.6
    endloop
  endfacet
  facet normal 0.501321 -0.556781 -0.662323
    outer loop
      vertex -9.38091 2.58885 -0.6
      vertex -8.75394 1.7259 0.6
      vertex -9.87806 2.14122 -0.6
    endloop
  endfacet
  facet normal 0.606116 0.440392 -0.662327
    outer loop
      vertex -9.34752 -1.06667 0.6
      vertex -9.87806 -2.14122 -0.6
      vertex -10.2713 -1.6 -0.6
    endloop
  endfacet
  facet normal 0.684441 -0.30473 -0.66233
    outer loop
      vertex -9.34752 1.06667 0.6
      vertex -9.52892 0.659236 0.6
      vertex -10.5434 0.988853 -0.6
    endloop
  endfacet
  facet normal 0.606124 0.440386 -0.662325
    outer loop
      vertex -9.34752 -1.06667 0.6
      vertex -9.08537 -1.42748 0.6
      vertex -9.87806 -2.14122 -0.6
    endloop
  endfacet
  facet normal 0.0783168 0.745112 -0.662325
    outer loop
      vertex -7.94354 -2.08671 0.6
      vertex -7.5 -3.2 -0.6
      vertex -8.16532 -3.13007 -0.6
    endloop
  endfacet
  facet normal 0.078318 0.745113 -0.662324
    outer loop
      vertex -7.5 -2.13333 0.6
      vertex -7.5 -3.2 -0.6
      vertex -7.94354 -2.08671 0.6
    endloop
  endfacet
  facet normal 0.732837 -0.155776 -0.662332
    outer loop
      vertex -9.52892 0.659236 0.6
      vertex -9.62165 0.222994 0.6
      vertex -10.6825 0.334491 -0.6
    endloop
  endfacet
  facet normal 0.078318 -0.745113 -0.662324
    outer loop
      vertex -7.5 3.2 -0.6
      vertex -7.5 2.13333 0.6
      vertex -7.94354 2.08671 0.6
    endloop
  endfacet
  facet normal 0.501324 0.556778 -0.662324
    outer loop
      vertex -9.08537 -1.42748 0.6
      vertex -8.75394 -1.7259 0.6
      vertex -9.87806 -2.14122 -0.6
    endloop
  endfacet
  facet normal 0.501321 0.556781 -0.662323
    outer loop
      vertex -8.75394 -1.7259 0.6
      vertex -9.38091 -2.58885 -0.6
      vertex -9.87806 -2.14122 -0.6
    endloop
  endfacet
  facet normal 0.606116 -0.440392 -0.662327
    outer loop
      vertex -9.87806 2.14122 -0.6
      vertex -9.34752 1.06667 0.6
      vertex -10.2713 1.6 -0.6
    endloop
  endfacet
  facet normal 0.74921 0 -0.662333
    outer loop
      vertex -9.62165 -0.222994 0.6
      vertex -10.6825 0.334491 -0.6
      vertex -9.62165 0.222994 0.6
    endloop
  endfacet
  facet normal 0.74921 0 -0.662333
    outer loop
      vertex -10.6825 0.334491 -0.6
      vertex -9.62165 -0.222994 0.6
      vertex -10.6825 -0.334491 -0.6
    endloop
  endfacet
  facet normal 0 0 -1
    outer loop
      vertex -5.47108 -0.659236 0.6
      vertex -5.37835 0.222994 0.6
      vertex -5.37835 -0.222994 0.6
    endloop
  endfacet
  facet normal 0 0 -1
    outer loop
      vertex -5.47108 -0.659236 0.6
      vertex -5.47108 0.659236 0.6
      vertex -5.37835 0.222994 0.6
    endloop
  endfacet
  facet normal 0 0 -1
    outer loop
      vertex -5.65248 -1.06667 0.6
      vertex -5.47108 0.659236 0.6
      vertex -5.47108 -0.659236 0.6
    endloop
  endfacet
  facet normal 0 0 -1
    outer loop
      vertex -5.65248 -1.06667 0.6
      vertex -5.65248 1.06667 0.6
      vertex -5.47108 0.659236 0.6
    endloop
  endfacet
  facet normal 0 0 -1
    outer loop
      vertex -5.91463 -1.42748 0.6
      vertex -5.65248 1.06667 0.6
      vertex -5.65248 -1.06667 0.6
    endloop
  endfacet
  facet normal 0 0 -1
    outer loop
      vertex -5.91463 -1.42748 0.6
      vertex -5.91463 1.42748 0.6
      vertex -5.65248 1.06667 0.6
    endloop
  endfacet
  facet normal 0 0 -1
    outer loop
      vertex -6.24606 -1.7259 0.6
      vertex -5.91463 1.42748 0.6
      vertex -5.91463 -1.42748 0.6
    endloop
  endfacet
  facet normal 0 0 -1
    outer loop
      vertex -6.24606 -1.7259 0.6
      vertex -6.24606 1.7259 0.6
      vertex -5.91463 1.42748 0.6
    endloop
  endfacet
  facet normal 0 0 -1
    outer loop
      vertex -6.6323 -1.9489 0.6
      vertex -6.24606 1.7259 0.6
      vertex -6.24606 -1.7259 0.6
    endloop
  endfacet
  facet normal 0 0 -1
    outer loop
      vertex -6.6323 -1.9489 0.6
      vertex -6.6323 1.9489 0.6
      vertex -6.24606 1.7259 0.6
    endloop
  endfacet
  facet normal 0 0 -1
    outer loop
      vertex -7.05646 -2.08671 0.6
      vertex -6.6323 1.9489 0.6
      vertex -6.6323 -1.9489 0.6
    endloop
  endfacet
  facet normal 0 0 -1
    outer loop
      vertex -7.05646 -2.08671 0.6
      vertex -7.05646 2.08671 0.6
      vertex -6.6323 1.9489 0.6
    endloop
  endfacet
  facet normal 0 0 -1
    outer loop
      vertex -7.5 -2.13333 0.6
      vertex -7.05646 2.08671 0.6
      vertex -7.05646 -2.08671 0.6
    endloop
  endfacet
  facet normal 0 0 -1
    outer loop
      vertex -7.5 -2.13333 0.6
      vertex -7.5 2.13333 0.6
      vertex -7.05646 2.08671 0.6
    endloop
  endfacet
  facet normal 0 0 -1
    outer loop
      vertex -7.94354 -2.08671 0.6
      vertex -7.5 2.13333 0.6
      vertex -7.5 -2.13333 0.6
    endloop
  endfacet
  facet normal 0 0 -1
    outer loop
      vertex -7.94354 -2.08671 0.6
      vertex -7.94354 2.08671 0.6
      vertex -7.5 2.13333 0.6
    endloop
  endfacet
  facet normal 0 0 -1
    outer loop
      vertex -8.3677 -1.9489 0.6
      vertex -7.94354 2.08671 0.6
      vertex -7.94354 -2.08671 0.6
    endloop
  endfacet
  facet normal 0 0 -1
    outer loop
      vertex -8.3677 -1.9489 0.6
      vertex -8.3677 1.9489 0.6
      vertex -7.94354 2.08671 0.6
    endloop
  endfacet
  facet normal 0 0 -1
    outer loop
      vertex -8.75394 -1.7259 0.6
      vertex -8.3677 1.9489 0.6
      vertex -8.3677 -1.9489 0.6
    endloop
  endfacet
  facet normal 0 0 -1
    outer loop
      vertex -8.75394 -1.7259 0.6
      vertex -8.75394 1.7259 0.6
      vertex -8.3677 1.9489 0.6
    endloop
  endfacet
  facet normal 0 0 -1
    outer loop
      vertex -9.08537 -1.42748 0.6
      vertex -8.75394 1.7259 0.6
      vertex -8.75394 -1.7259 0.6
    endloop
  endfacet
  facet normal 0 0 -1
    outer loop
      vertex -9.08537 -1.42748 0.6
      vertex -9.08537 1.42748 0.6
      vertex -8.75394 1.7259 0.6
    endloop
  endfacet
  facet normal 0 0 -1
    outer loop
      vertex -9.34752 -1.06667 0.6
      vertex -9.08537 1.42748 0.6
      vertex -9.08537 -1.42748 0.6
    endloop
  endfacet
  facet normal 0 0 -1
    outer loop
      vertex -9.34752 -1.06667 0.6
      vertex -9.34752 1.06667 0.6
      vertex -9.08537 1.42748 0.6
    endloop
  endfacet
  facet normal 0 0 -1
    outer loop
      vertex -9.52892 -0.659236 0.6
      vertex -9.34752 1.06667 0.6
      vertex -9.34752 -1.06667 0.6
    endloop
  endfacet
  facet normal 0 0 -1
    outer loop
      vertex -9.52892 -0.659236 0.6
      vertex -9.52892 0.659236 0.6
      vertex -9.34752 1.06667 0.6
    endloop
  endfacet
  facet normal 0 0 -1
    outer loop
      vertex -9.62165 -0.222994 0.6
      vertex -9.52892 0.659236 0.6
      vertex -9.52892 -0.659236 0.6
    endloop
  endfacet
  facet normal 0 0 -1
    outer loop
      vertex -9.52892 0.659236 0.6
      vertex -9.62165 -0.222994 0.6
      vertex -9.62165 0.222994 0.6
    endloop
  endfacet
  facet normal -0.60613 -0.44038 -0.662323
    outer loop
      vertex -5.12194 2.14122 -0.6
      vertex -4.72872 1.6 -0.6
      vertex -5.65248 1.06667 0.6
    endloop
  endfacet
  facet normal -0.732846 0.155778 -0.662322
    outer loop
      vertex -5.37835 -0.222994 0.6
      vertex -4.31753 -0.334491 -0.6
      vertex -5.47108 -0.659236 0.6
    endloop
  endfacet
  facet normal -0.606124 -0.440386 -0.662325
    outer loop
      vertex -5.12194 2.14122 -0.6
      vertex -5.65248 1.06667 0.6
      vertex -5.91463 1.42748 0.6
    endloop
  endfacet
  facet normal -0.749219 0 -0.662322
    outer loop
      vertex -4.31753 0.334491 -0.6
      vertex -5.37835 -0.222994 0.6
      vertex -5.37835 0.222994 0.6
    endloop
  endfacet
  facet normal -0.749219 0 -0.662322
    outer loop
      vertex -5.37835 -0.222994 0.6
      vertex -4.31753 0.334491 -0.6
      vertex -4.31753 -0.334491 -0.6
    endloop
  endfacet
  facet normal -0.684446 -0.304733 -0.662323
    outer loop
      vertex -4.45662 0.988853 -0.6
      vertex -5.47108 0.659236 0.6
      vertex -5.65248 1.06667 0.6
    endloop
  endfacet
  facet normal 0.732837 -0.155782 -0.662331
    outer loop
      vertex -10.5434 0.988853 -0.6
      vertex -9.52892 0.659236 0.6
      vertex -10.6825 0.334491 -0.6
    endloop
  endfacet
  facet normal -0.23151 -0.712555 -0.662321
    outer loop
      vertex -6.19844 2.92334 -0.6
      vertex -6.6323 1.9489 0.6
      vertex -7.05646 2.08671 0.6
    endloop
  endfacet
  facet normal 0.684441 0.30473 -0.66233
    outer loop
      vertex -9.52892 -0.659236 0.6
      vertex -9.34752 -1.06667 0.6
      vertex -10.5434 -0.988853 -0.6
    endloop
  endfacet
  facet normal 0.374611 0.648842 -0.662322
    outer loop
      vertex -8.3677 -1.9489 0.6
      vertex -8.80156 -2.92334 -0.6
      vertex -9.38091 -2.58885 -0.6
    endloop
  endfacet
  facet normal 0.68444 0.304732 -0.662329
    outer loop
      vertex -9.34752 -1.06667 0.6
      vertex -10.2713 -1.6 -0.6
      vertex -10.5434 -0.988853 -0.6
    endloop
  endfacet
  facet normal 0.23151 0.712555 -0.662321
    outer loop
      vertex -8.3677 -1.9489 0.6
      vertex -7.94354 -2.08671 0.6
      vertex -8.80156 -2.92334 -0.6
    endloop
  endfacet
  facet normal 0.978148 -0.20791 0
    outer loop
      vertex 4.32027 0.386755 -0.6
      vertex 4.48109 1.14336 -2.5
      vertex 4.48109 1.14336 -0.6
    endloop
  endfacet
  facet normal 0.978148 -0.20791 0
    outer loop
      vertex 4.48109 1.14336 -2.5
      vertex 4.32027 0.386755 -0.6
      vertex 4.32027 0.386755 -2.5
    endloop
  endfacet
  facet normal -0.30902 0.951055 0
    outer loop
      vertex 9.50492 -3.38012 -2.5
      vertex 8.76927 -3.61915 -0.6
      vertex 9.50492 -3.38012 -0.6
    endloop
  endfacet
  facet normal -0.30902 0.951055 0
    outer loop
      vertex 8.76927 -3.61915 -0.6
      vertex 9.50492 -3.38012 -2.5
      vertex 8.76927 -3.61915 -2.5
    endloop
  endfacet
  facet normal -0.104524 0.994522 0
    outer loop
      vertex 8.76927 -3.61915 -2.5
      vertex 8 -3.7 -0.6
      vertex 8.76927 -3.61915 -0.6
    endloop
  endfacet
  facet normal -0.104524 0.994522 0
    outer loop
      vertex 8 -3.7 -0.6
      vertex 8.76927 -3.61915 -2.5
      vertex 8 -3.7 -2.5
    endloop
  endfacet
  facet normal -0.500004 0.866023 0
    outer loop
      vertex 10.1748 -2.99336 -2.5
      vertex 9.50492 -3.38012 -0.6
      vertex 10.1748 -2.99336 -0.6
    endloop
  endfacet
  facet normal -0.500004 0.866023 0
    outer loop
      vertex 9.50492 -3.38012 -0.6
      vertex 10.1748 -2.99336 -2.5
      vertex 9.50492 -3.38012 -2.5
    endloop
  endfacet
  facet normal 0.104524 0.994522 -0
    outer loop
      vertex 8 -3.7 -2.5
      vertex 7.23073 -3.61915 -0.6
      vertex 8 -3.7 -0.6
    endloop
  endfacet
  facet normal 0.104524 0.994522 0
    outer loop
      vertex 7.23073 -3.61915 -0.6
      vertex 8 -3.7 -2.5
      vertex 7.23073 -3.61915 -2.5
    endloop
  endfacet
  facet normal -0.66915 0.743127 0
    outer loop
      vertex 10.7496 -2.47578 -2.5
      vertex 10.1748 -2.99336 -0.6
      vertex 10.7496 -2.47578 -0.6
    endloop
  endfacet
  facet normal -0.66915 0.743127 0
    outer loop
      vertex 10.1748 -2.99336 -0.6
      vertex 10.7496 -2.47578 -2.5
      vertex 10.1748 -2.99336 -2.5
    endloop
  endfacet
  facet normal 0.30902 -0.951055 0
    outer loop
      vertex 6.49508 3.38012 -2.5
      vertex 7.23073 3.61915 -0.6
      vertex 6.49508 3.38012 -0.6
    endloop
  endfacet
  facet normal 0.30902 -0.951055 0
    outer loop
      vertex 7.23073 3.61915 -0.6
      vertex 6.49508 3.38012 -2.5
      vertex 7.23073 3.61915 -2.5
    endloop
  endfacet
  facet normal -0.30902 -0.951055 0
    outer loop
      vertex 8.76927 3.61915 -2.5
      vertex 9.50492 3.38012 -0.6
      vertex 8.76927 3.61915 -0.6
    endloop
  endfacet
  facet normal -0.30902 -0.951055 -0
    outer loop
      vertex 9.50492 3.38012 -0.6
      vertex 8.76927 3.61915 -2.5
      vertex 9.50492 3.38012 -2.5
    endloop
  endfacet
  facet normal 0.809021 0.58778 0
    outer loop
      vertex 5.25036 -2.47578 -0.6
      vertex 4.79571 -1.85 -2.5
      vertex 4.79571 -1.85 -0.6
    endloop
  endfacet
  facet normal 0.809021 0.58778 0
    outer loop
      vertex 4.79571 -1.85 -2.5
      vertex 5.25036 -2.47578 -0.6
      vertex 5.25036 -2.47578 -2.5
    endloop
  endfacet
  facet normal 0.809021 -0.58778 0
    outer loop
      vertex 4.79571 1.85 -0.6
      vertex 5.25036 2.47578 -2.5
      vertex 5.25036 2.47578 -0.6
    endloop
  endfacet
  facet normal 0.809021 -0.58778 0
    outer loop
      vertex 5.25036 2.47578 -2.5
      vertex 4.79571 1.85 -0.6
      vertex 4.79571 1.85 -2.5
    endloop
  endfacet
  facet normal -0.80899 -0.587823 0
    outer loop
      vertex 11.2043 1.85 -2.5
      vertex 10.7496 2.47578 -0.6
      vertex 10.7496 2.47578 -2.5
    endloop
  endfacet
  facet normal -0.80899 -0.587823 0
    outer loop
      vertex 10.7496 2.47578 -0.6
      vertex 11.2043 1.85 -2.5
      vertex 11.2043 1.85 -0.6
    endloop
  endfacet
  facet normal -0.500004 -0.866023 0
    outer loop
      vertex 9.50492 3.38012 -2.5
      vertex 10.1748 2.99336 -0.6
      vertex 9.50492 3.38012 -0.6
    endloop
  endfacet
  facet normal -0.500004 -0.866023 -0
    outer loop
      vertex 10.1748 2.99336 -0.6
      vertex 9.50492 3.38012 -2.5
      vertex 10.1748 2.99336 -2.5
    endloop
  endfacet
  facet normal -0.913553 -0.406719 0
    outer loop
      vertex 11.5189 1.14336 -2.5
      vertex 11.2043 1.85 -0.6
      vertex 11.2043 1.85 -2.5
    endloop
  endfacet
  facet normal -0.913553 -0.406719 0
    outer loop
      vertex 11.2043 1.85 -0.6
      vertex 11.5189 1.14336 -2.5
      vertex 11.5189 1.14336 -0.6
    endloop
  endfacet
  facet normal 0.913544 -0.406741 0
    outer loop
      vertex 4.48109 1.14336 -0.6
      vertex 4.79571 1.85 -2.5
      vertex 4.79571 1.85 -0.6
    endloop
  endfacet
  facet normal 0.913544 -0.406741 0
    outer loop
      vertex 4.79571 1.85 -2.5
      vertex 4.48109 1.14336 -0.6
      vertex 4.48109 1.14336 -2.5
    endloop
  endfacet
  facet normal -0.978153 -0.207885 0
    outer loop
      vertex 11.6797 0.386755 -2.5
      vertex 11.5189 1.14336 -0.6
      vertex 11.5189 1.14336 -2.5
    endloop
  endfacet
  facet normal -0.978153 -0.207885 0
    outer loop
      vertex 11.5189 1.14336 -0.6
      vertex 11.6797 0.386755 -2.5
      vertex 11.6797 0.386755 -0.6
    endloop
  endfacet
  facet normal 0.500004 0.866023 -0
    outer loop
      vertex 6.49508 -3.38012 -2.5
      vertex 5.8252 -2.99336 -0.6
      vertex 6.49508 -3.38012 -0.6
    endloop
  endfacet
  facet normal 0.500004 0.866023 0
    outer loop
      vertex 5.8252 -2.99336 -0.6
      vertex 6.49508 -3.38012 -2.5
      vertex 5.8252 -2.99336 -2.5
    endloop
  endfacet
  facet normal 0.669125 0.74315 -0
    outer loop
      vertex 5.8252 -2.99336 -2.5
      vertex 5.25036 -2.47578 -0.6
      vertex 5.8252 -2.99336 -0.6
    endloop
  endfacet
  facet normal 0.669125 0.74315 0
    outer loop
      vertex 5.25036 -2.47578 -0.6
      vertex 5.8252 -2.99336 -2.5
      vertex 5.25036 -2.47578 -2.5
    endloop
  endfacet
  facet normal 0.978148 0.20791 0
    outer loop
      vertex 4.48109 -1.14336 -0.6
      vertex 4.32027 -0.386755 -2.5
      vertex 4.32027 -0.386755 -0.6
    endloop
  endfacet
  facet normal 0.978148 0.20791 0
    outer loop
      vertex 4.32027 -0.386755 -2.5
      vertex 4.48109 -1.14336 -0.6
      vertex 4.48109 -1.14336 -2.5
    endloop
  endfacet
  facet normal -1 0 0
    outer loop
      vertex 11.6797 -0.386755 -2.5
      vertex 11.6797 0.386755 -0.6
      vertex 11.6797 0.386755 -2.5
    endloop
  endfacet
  facet normal -1 -0 0
    outer loop
      vertex 11.6797 0.386755 -0.6
      vertex 11.6797 -0.386755 -2.5
      vertex 11.6797 -0.386755 -0.6
    endloop
  endfacet
  facet normal 0.30902 0.951055 -0
    outer loop
      vertex 7.23073 -3.61915 -2.5
      vertex 6.49508 -3.38012 -0.6
      vertex 7.23073 -3.61915 -0.6
    endloop
  endfacet
  facet normal 0.30902 0.951055 0
    outer loop
      vertex 6.49508 -3.38012 -0.6
      vertex 7.23073 -3.61915 -2.5
      vertex 6.49508 -3.38012 -2.5
    endloop
  endfacet
  facet normal -0.80899 0.587823 0
    outer loop
      vertex 10.7496 -2.47578 -2.5
      vertex 11.2043 -1.85 -0.6
      vertex 11.2043 -1.85 -2.5
    endloop
  endfacet
  facet normal -0.80899 0.587823 0
    outer loop
      vertex 11.2043 -1.85 -0.6
      vertex 10.7496 -2.47578 -2.5
      vertex 10.7496 -2.47578 -0.6
    endloop
  endfacet
  facet normal -0.104524 -0.994522 0
    outer loop
      vertex 8 3.7 -2.5
      vertex 8.76927 3.61915 -0.6
      vertex 8 3.7 -0.6
    endloop
  endfacet
  facet normal -0.104524 -0.994522 -0
    outer loop
      vertex 8.76927 3.61915 -0.6
      vertex 8 3.7 -2.5
      vertex 8.76927 3.61915 -2.5
    endloop
  endfacet
  facet normal 0.500004 -0.866023 0
    outer loop
      vertex 5.8252 2.99336 -2.5
      vertex 6.49508 3.38012 -0.6
      vertex 5.8252 2.99336 -0.6
    endloop
  endfacet
  facet normal 0.500004 -0.866023 0
    outer loop
      vertex 6.49508 3.38012 -0.6
      vertex 5.8252 2.99336 -2.5
      vertex 6.49508 3.38012 -2.5
    endloop
  endfacet
  facet normal -0.913553 0.406719 0
    outer loop
      vertex 11.2043 -1.85 -2.5
      vertex 11.5189 -1.14336 -0.6
      vertex 11.5189 -1.14336 -2.5
    endloop
  endfacet
  facet normal -0.913553 0.406719 0
    outer loop
      vertex 11.5189 -1.14336 -0.6
      vertex 11.2043 -1.85 -2.5
      vertex 11.2043 -1.85 -0.6
    endloop
  endfacet
  facet normal 1 -0 0
    outer loop
      vertex 4.32027 -0.386755 -0.6
      vertex 4.32027 0.386755 -2.5
      vertex 4.32027 0.386755 -0.6
    endloop
  endfacet
  facet normal 1 0 0
    outer loop
      vertex 4.32027 0.386755 -2.5
      vertex 4.32027 -0.386755 -0.6
      vertex 4.32027 -0.386755 -2.5
    endloop
  endfacet
  facet normal 0.104524 -0.994522 0
    outer loop
      vertex 7.23073 3.61915 -2.5
      vertex 8 3.7 -0.6
      vertex 7.23073 3.61915 -0.6
    endloop
  endfacet
  facet normal 0.104524 -0.994522 0
    outer loop
      vertex 8 3.7 -0.6
      vertex 7.23073 3.61915 -2.5
      vertex 8 3.7 -2.5
    endloop
  endfacet
  facet normal 0.913544 0.406741 0
    outer loop
      vertex 4.79571 -1.85 -0.6
      vertex 4.48109 -1.14336 -2.5
      vertex 4.48109 -1.14336 -0.6
    endloop
  endfacet
  facet normal 0.913544 0.406741 0
    outer loop
      vertex 4.48109 -1.14336 -2.5
      vertex 4.79571 -1.85 -0.6
      vertex 4.79571 -1.85 -2.5
    endloop
  endfacet
  facet normal 0.669125 -0.74315 0
    outer loop
      vertex 5.25036 2.47578 -2.5
      vertex 5.8252 2.99336 -0.6
      vertex 5.25036 2.47578 -0.6
    endloop
  endfacet
  facet normal 0.669125 -0.74315 0
    outer loop
      vertex 5.8252 2.99336 -0.6
      vertex 5.25036 2.47578 -2.5
      vertex 5.8252 2.99336 -2.5
    endloop
  endfacet
  facet normal -0.978153 0.207885 0
    outer loop
      vertex 11.5189 -1.14336 -2.5
      vertex 11.6797 -0.386755 -0.6
      vertex 11.6797 -0.386755 -2.5
    endloop
  endfacet
  facet normal -0.978153 0.207885 0
    outer loop
      vertex 11.6797 -0.386755 -0.6
      vertex 11.5189 -1.14336 -2.5
      vertex 11.5189 -1.14336 -0.6
    endloop
  endfacet
  facet normal -0.66915 -0.743127 0
    outer loop
      vertex 10.1748 2.99336 -2.5
      vertex 10.7496 2.47578 -0.6
      vertex 10.1748 2.99336 -0.6
    endloop
  endfacet
  facet normal -0.66915 -0.743127 -0
    outer loop
      vertex 10.7496 2.47578 -0.6
      vertex 10.1748 2.99336 -2.5
      vertex 10.7496 2.47578 -2.5
    endloop
  endfacet
  facet normal -0.699343 0 -0.714787
    outer loop
      vertex 10.4532 -0.257836 0.6
      vertex 11.6797 0.386755 -0.6
      vertex 11.6797 -0.386755 -0.6
    endloop
  endfacet
  facet normal -0.699343 0 -0.714787
    outer loop
      vertex 11.6797 0.386755 -0.6
      vertex 10.4532 -0.257836 0.6
      vertex 10.4532 0.257836 0.6
    endloop
  endfacet
  facet normal 0.349663 0.605627 -0.714809
    outer loop
      vertex 6.55013 -1.99557 0.6
      vertex 6.49508 -3.38012 -0.6
      vertex 5.8252 -2.99336 -0.6
    endloop
  endfacet
  facet normal -0.0731088 0.69549 -0.714807
    outer loop
      vertex 8 -2.46667 0.6
      vertex 8.51285 -2.41276 0.6
      vertex 8 -3.7 -0.6
    endloop
  endfacet
  facet normal -0.0730955 0.695488 -0.71481
    outer loop
      vertex 8.51285 -2.41276 0.6
      vertex 8.76927 -3.61915 -0.6
      vertex 8 -3.7 -0.6
    endloop
  endfacet
  facet normal -0.467939 0.519704 -0.714801
    outer loop
      vertex 9.83309 -1.65052 0.6
      vertex 10.7496 -2.47578 -0.6
      vertex 9.44987 -1.99557 0.6
    endloop
  endfacet
  facet normal -0.684063 -0.145383 -0.714788
    outer loop
      vertex 11.5189 1.14336 -0.6
      vertex 11.6797 0.386755 -0.6
      vertex 10.4532 0.257836 0.6
    endloop
  endfacet
  facet normal -0.349663 0.605627 -0.714809
    outer loop
      vertex 10.1748 -2.99336 -0.6
      vertex 9.50492 -3.38012 -0.6
      vertex 9.44987 -1.99557 0.6
    endloop
  endfacet
  facet normal -0.349661 -0.605628 -0.714809
    outer loop
      vertex 9.50492 3.38012 -0.6
      vertex 9.44987 1.99557 0.6
      vertex 9.00328 2.25341 0.6
    endloop
  endfacet
  facet normal 0.216104 0.665091 -0.71481
    outer loop
      vertex 7.48715 -2.41276 0.6
      vertex 7.23073 -3.61915 -0.6
      vertex 6.49508 -3.38012 -0.6
    endloop
  endfacet
  facet normal -0.638859 -0.284423 -0.714817
    outer loop
      vertex 11.2043 1.85 -0.6
      vertex 11.5189 1.14336 -0.6
      vertex 10.3459 0.762241 0.6
    endloop
  endfacet
  facet normal -0.638884 -0.284392 -0.714807
    outer loop
      vertex 11.2043 1.85 -0.6
      vertex 10.3459 0.762241 0.6
      vertex 10.1362 1.23333 0.6
    endloop
  endfacet
  facet normal 0.565765 0.411047 -0.714807
    outer loop
      vertex 5.8638 -1.23333 0.6
      vertex 5.25036 -2.47578 -0.6
      vertex 4.79571 -1.85 -0.6
    endloop
  endfacet
  facet normal -0.216104 -0.665091 -0.71481
    outer loop
      vertex 8.76927 3.61915 -0.6
      vertex 9.50492 3.38012 -0.6
      vertex 8.51285 2.41276 0.6
    endloop
  endfacet
  facet normal 0.467934 -0.519698 -0.714809
    outer loop
      vertex 6.55013 1.99557 0.6
      vertex 6.16691 1.65052 0.6
      vertex 5.25036 2.47578 -0.6
    endloop
  endfacet
  facet normal 0.684038 -0.145395 -0.714809
    outer loop
      vertex 4.48109 1.14336 -0.6
      vertex 5.54685 0.257836 0.6
      vertex 4.32027 0.386755 -0.6
    endloop
  endfacet
  facet normal 0.349661 0.605628 -0.714809
    outer loop
      vertex 6.55013 -1.99557 0.6
      vertex 6.99672 -2.25341 0.6
      vertex 6.49508 -3.38012 -0.6
    endloop
  endfacet
  facet normal 0.638864 -0.284437 -0.714807
    outer loop
      vertex 5.8638 1.23333 0.6
      vertex 5.65406 0.762241 0.6
      vertex 4.79571 1.85 -0.6
    endloop
  endfacet
  facet normal 0.638864 0.284437 -0.714807
    outer loop
      vertex 5.65406 -0.762241 0.6
      vertex 5.8638 -1.23333 0.6
      vertex 4.79571 -1.85 -0.6
    endloop
  endfacet
  facet normal -0.349663 -0.605627 -0.714809
    outer loop
      vertex 9.50492 3.38012 -0.6
      vertex 10.1748 2.99336 -0.6
      vertex 9.44987 1.99557 0.6
    endloop
  endfacet
  facet normal -0.684001 0.145505 -0.714823
    outer loop
      vertex 10.4532 -0.257836 0.6
      vertex 11.5189 -1.14336 -0.6
      vertex 10.3459 -0.762241 0.6
    endloop
  endfacet
  facet normal -0.565744 0.411077 -0.714808
    outer loop
      vertex 11.2043 -1.85 -0.6
      vertex 10.7496 -2.47578 -0.6
      vertex 10.1362 -1.23333 0.6
    endloop
  endfacet
  facet normal -0.638859 0.284423 -0.714817
    outer loop
      vertex 11.5189 -1.14336 -0.6
      vertex 11.2043 -1.85 -0.6
      vertex 10.3459 -0.762241 0.6
    endloop
  endfacet
  facet normal -0.565766 -0.411058 -0.7148
    outer loop
      vertex 10.7496 2.47578 -0.6
      vertex 10.1362 1.23333 0.6
      vertex 9.83309 1.65052 0.6
    endloop
  endfacet
  facet normal -0.216101 0.665092 -0.714809
    outer loop
      vertex 9.00328 -2.25341 0.6
      vertex 9.50492 -3.38012 -0.6
      vertex 8.51285 -2.41276 0.6
    endloop
  endfacet
  facet normal 0.467933 -0.5197 -0.714808
    outer loop
      vertex 5.8252 2.99336 -0.6
      vertex 6.55013 1.99557 0.6
      vertex 5.25036 2.47578 -0.6
    endloop
  endfacet
  facet normal 0 0 -1
    outer loop
      vertex 10.3459 -0.762241 0.6
      vertex 10.4532 0.257836 0.6
      vertex 10.4532 -0.257836 0.6
    endloop
  endfacet
  facet normal 0 0 -1
    outer loop
      vertex 10.3459 -0.762241 0.6
      vertex 10.3459 0.762241 0.6
      vertex 10.4532 0.257836 0.6
    endloop
  endfacet
  facet normal 0 0 -1
    outer loop
      vertex 10.1362 -1.23333 0.6
      vertex 10.3459 0.762241 0.6
      vertex 10.3459 -0.762241 0.6
    endloop
  endfacet
  facet normal 0 0 -1
    outer loop
      vertex 10.1362 -1.23333 0.6
      vertex 10.1362 1.23333 0.6
      vertex 10.3459 0.762241 0.6
    endloop
  endfacet
  facet normal 0 0 -1
    outer loop
      vertex 9.83309 -1.65052 0.6
      vertex 10.1362 1.23333 0.6
      vertex 10.1362 -1.23333 0.6
    endloop
  endfacet
  facet normal 0 0 -1
    outer loop
      vertex 9.83309 -1.65052 0.6
      vertex 9.83309 1.65052 0.6
      vertex 10.1362 1.23333 0.6
    endloop
  endfacet
  facet normal 0 0 -1
    outer loop
      vertex 9.44987 -1.99557 0.6
      vertex 9.83309 1.65052 0.6
      vertex 9.83309 -1.65052 0.6
    endloop
  endfacet
  facet normal 0 0 -1
    outer loop
      vertex 9.44987 -1.99557 0.6
      vertex 9.44987 1.99557 0.6
      vertex 9.83309 1.65052 0.6
    endloop
  endfacet
  facet normal 0 0 -1
    outer loop
      vertex 9.00328 -2.25341 0.6
      vertex 9.44987 1.99557 0.6
      vertex 9.44987 -1.99557 0.6
    endloop
  endfacet
  facet normal 0 0 -1
    outer loop
      vertex 9.00328 -2.25341 0.6
      vertex 9.00328 2.25341 0.6
      vertex 9.44987 1.99557 0.6
    endloop
  endfacet
  facet normal 0 0 -1
    outer loop
      vertex 8.51285 -2.41276 0.6
      vertex 9.00328 2.25341 0.6
      vertex 9.00328 -2.25341 0.6
    endloop
  endfacet
  facet normal 0 0 -1
    outer loop
      vertex 8.51285 -2.41276 0.6
      vertex 8.51285 2.41276 0.6
      vertex 9.00328 2.25341 0.6
    endloop
  endfacet
  facet normal 0 0 -1
    outer loop
      vertex 8 -2.46667 0.6
      vertex 8.51285 2.41276 0.6
      vertex 8.51285 -2.41276 0.6
    endloop
  endfacet
  facet normal 0 0 -1
    outer loop
      vertex 8 -2.46667 0.6
      vertex 8 2.46667 0.6
      vertex 8.51285 2.41276 0.6
    endloop
  endfacet
  facet normal 0 0 -1
    outer loop
      vertex 7.48715 -2.41276 0.6
      vertex 8 2.46667 0.6
      vertex 8 -2.46667 0.6
    endloop
  endfacet
  facet normal 0 0 -1
    outer loop
      vertex 7.48715 -2.41276 0.6
      vertex 7.48715 2.41276 0.6
      vertex 8 2.46667 0.6
    endloop
  endfacet
  facet normal 0 0 -1
    outer loop
      vertex 6.99672 -2.25341 0.6
      vertex 7.48715 2.41276 0.6
      vertex 7.48715 -2.41276 0.6
    endloop
  endfacet
  facet normal 0 0 -1
    outer loop
      vertex 6.99672 -2.25341 0.6
      vertex 6.99672 2.25341 0.6
      vertex 7.48715 2.41276 0.6
    endloop
  endfacet
  facet normal 0 0 -1
    outer loop
      vertex 6.55013 -1.99557 0.6
      vertex 6.99672 2.25341 0.6
      vertex 6.99672 -2.25341 0.6
    endloop
  endfacet
  facet normal 0 0 -1
    outer loop
      vertex 6.55013 -1.99557 0.6
      vertex 6.55013 1.99557 0.6
      vertex 6.99672 2.25341 0.6
    endloop
  endfacet
  facet normal 0 0 -1
    outer loop
      vertex 6.16691 -1.65052 0.6
      vertex 6.55013 1.99557 0.6
      vertex 6.55013 -1.99557 0.6
    endloop
  endfacet
  facet normal 0 0 -1
    outer loop
      vertex 6.16691 -1.65052 0.6
      vertex 6.16691 1.65052 0.6
      vertex 6.55013 1.99557 0.6
    endloop
  endfacet
  facet normal 0 0 -1
    outer loop
      vertex 5.8638 -1.23333 0.6
      vertex 6.16691 1.65052 0.6
      vertex 6.16691 -1.65052 0.6
    endloop
  endfacet
  facet normal 0 0 -1
    outer loop
      vertex 5.8638 -1.23333 0.6
      vertex 5.8638 1.23333 0.6
      vertex 6.16691 1.65052 0.6
    endloop
  endfacet
  facet normal 0 0 -1
    outer loop
      vertex 5.65406 -0.762241 0.6
      vertex 5.8638 1.23333 0.6
      vertex 5.8638 -1.23333 0.6
    endloop
  endfacet
  facet normal 0 0 -1
    outer loop
      vertex 5.65406 -0.762241 0.6
      vertex 5.65406 0.762241 0.6
      vertex 5.8638 1.23333 0.6
    endloop
  endfacet
  facet normal 0 0 -1
    outer loop
      vertex 5.54685 -0.257836 0.6
      vertex 5.65406 0.762241 0.6
      vertex 5.65406 -0.762241 0.6
    endloop
  endfacet
  facet normal 0 0 -1
    outer loop
      vertex 5.65406 0.762241 0.6
      vertex 5.54685 -0.257836 0.6
      vertex 5.54685 0.257836 0.6
    endloop
  endfacet
  facet normal 0.467933 0.5197 -0.714808
    outer loop
      vertex 6.55013 -1.99557 0.6
      vertex 5.8252 -2.99336 -0.6
      vertex 5.25036 -2.47578 -0.6
    endloop
  endfacet
  facet normal -0.467951 0.519685 -0.714807
    outer loop
      vertex 10.7496 -2.47578 -0.6
      vertex 10.1748 -2.99336 -0.6
      vertex 9.44987 -1.99557 0.6
    endloop
  endfacet
  facet normal -0.216104 0.665091 -0.71481
    outer loop
      vertex 9.50492 -3.38012 -0.6
      vertex 8.76927 -3.61915 -0.6
      vertex 8.51285 -2.41276 0.6
    endloop
  endfacet
  facet normal 0.467934 0.519698 -0.714809
    outer loop
      vertex 6.16691 -1.65052 0.6
      vertex 6.55013 -1.99557 0.6
      vertex 5.25036 -2.47578 -0.6
    endloop
  endfacet
  facet normal 0.565765 -0.411047 -0.714807
    outer loop
      vertex 5.25036 2.47578 -0.6
      vertex 5.8638 1.23333 0.6
      vertex 4.79571 1.85 -0.6
    endloop
  endfacet
  facet normal 0.216104 -0.665091 -0.71481
    outer loop
      vertex 7.23073 3.61915 -0.6
      vertex 7.48715 2.41276 0.6
      vertex 6.49508 3.38012 -0.6
    endloop
  endfacet
  facet normal 0.0730955 -0.695488 -0.71481
    outer loop
      vertex 8 3.7 -0.6
      vertex 7.48715 2.41276 0.6
      vertex 7.23073 3.61915 -0.6
    endloop
  endfacet
  facet normal -0.349661 0.605628 -0.714809
    outer loop
      vertex 9.44987 -1.99557 0.6
      vertex 9.50492 -3.38012 -0.6
      vertex 9.00328 -2.25341 0.6
    endloop
  endfacet
  facet normal 0.63886 0.284442 -0.714808
    outer loop
      vertex 5.65406 -0.762241 0.6
      vertex 4.79571 -1.85 -0.6
      vertex 4.48109 -1.14336 -0.6
    endloop
  endfacet
  facet normal 0.0730955 0.695488 -0.71481
    outer loop
      vertex 7.48715 -2.41276 0.6
      vertex 8 -3.7 -0.6
      vertex 7.23073 -3.61915 -0.6
    endloop
  endfacet
  facet normal 0.0731088 0.69549 -0.714807
    outer loop
      vertex 8 -2.46667 0.6
      vertex 8 -3.7 -0.6
      vertex 7.48715 -2.41276 0.6
    endloop
  endfacet
  facet normal 0.349663 -0.605627 -0.714809
    outer loop
      vertex 6.49508 3.38012 -0.6
      vertex 6.55013 1.99557 0.6
      vertex 5.8252 2.99336 -0.6
    endloop
  endfacet
  facet normal -0.684063 0.145383 -0.714788
    outer loop
      vertex 11.6797 -0.386755 -0.6
      vertex 11.5189 -1.14336 -0.6
      vertex 10.4532 -0.257836 0.6
    endloop
  endfacet
  facet normal 0.63886 -0.284442 -0.714808
    outer loop
      vertex 4.79571 1.85 -0.6
      vertex 5.65406 0.762241 0.6
      vertex 4.48109 1.14336 -0.6
    endloop
  endfacet
  facet normal 0.349661 -0.605628 -0.714809
    outer loop
      vertex 6.99672 2.25341 0.6
      vertex 6.55013 1.99557 0.6
      vertex 6.49508 3.38012 -0.6
    endloop
  endfacet
  facet normal -0.467951 -0.519685 -0.714807
    outer loop
      vertex 10.1748 2.99336 -0.6
      vertex 10.7496 2.47578 -0.6
      vertex 9.44987 1.99557 0.6
    endloop
  endfacet
  facet normal 0.0731088 -0.69549 -0.714807
    outer loop
      vertex 8 3.7 -0.6
      vertex 8 2.46667 0.6
      vertex 7.48715 2.41276 0.6
    endloop
  endfacet
  facet normal 0.684038 0.145395 -0.714809
    outer loop
      vertex 5.54685 -0.257836 0.6
      vertex 4.48109 -1.14336 -0.6
      vertex 4.32027 -0.386755 -0.6
    endloop
  endfacet
  facet normal -0.565766 0.411058 -0.7148
    outer loop
      vertex 10.1362 -1.23333 0.6
      vertex 10.7496 -2.47578 -0.6
      vertex 9.83309 -1.65052 0.6
    endloop
  endfacet
  facet normal -0.216101 -0.665092 -0.714809
    outer loop
      vertex 9.50492 3.38012 -0.6
      vertex 9.00328 2.25341 0.6
      vertex 8.51285 2.41276 0.6
    endloop
  endfacet
  facet normal -0.638884 0.284392 -0.714807
    outer loop
      vertex 10.3459 -0.762241 0.6
      vertex 11.2043 -1.85 -0.6
      vertex 10.1362 -1.23333 0.6
    endloop
  endfacet
  facet normal 0.68404 -0.145391 -0.714808
    outer loop
      vertex 5.65406 0.762241 0.6
      vertex 5.54685 0.257836 0.6
      vertex 4.48109 1.14336 -0.6
    endloop
  endfacet
  facet normal 0.565759 -0.411053 -0.71481
    outer loop
      vertex 6.16691 1.65052 0.6
      vertex 5.8638 1.23333 0.6
      vertex 5.25036 2.47578 -0.6
    endloop
  endfacet
  facet normal 0.565759 0.411053 -0.71481
    outer loop
      vertex 5.8638 -1.23333 0.6
      vertex 6.16691 -1.65052 0.6
      vertex 5.25036 -2.47578 -0.6
    endloop
  endfacet
  facet normal 0.216101 -0.665092 -0.714809
    outer loop
      vertex 7.48715 2.41276 0.6
      vertex 6.99672 2.25341 0.6
      vertex 6.49508 3.38012 -0.6
    endloop
  endfacet
  facet normal 0.216101 0.665092 -0.714809
    outer loop
      vertex 6.99672 -2.25341 0.6
      vertex 7.48715 -2.41276 0.6
      vertex 6.49508 -3.38012 -0.6
    endloop
  endfacet
  facet normal 0.68404 0.145391 -0.714808
    outer loop
      vertex 5.54685 -0.257836 0.6
      vertex 5.65406 -0.762241 0.6
      vertex 4.48109 -1.14336 -0.6
    endloop
  endfacet
  facet normal -0.0730955 -0.695488 -0.71481
    outer loop
      vertex 8.76927 3.61915 -0.6
      vertex 8.51285 2.41276 0.6
      vertex 8 3.7 -0.6
    endloop
  endfacet
  facet normal -0.565744 -0.411077 -0.714808
    outer loop
      vertex 10.7496 2.47578 -0.6
      vertex 11.2043 1.85 -0.6
      vertex 10.1362 1.23333 0.6
    endloop
  endfacet
  facet normal -0.684001 -0.145505 -0.714823
    outer loop
      vertex 11.5189 1.14336 -0.6
      vertex 10.4532 0.257836 0.6
      vertex 10.3459 0.762241 0.6
    endloop
  endfacet
  facet normal -0.467939 -0.519704 -0.714801
    outer loop
      vertex 10.7496 2.47578 -0.6
      vertex 9.83309 1.65052 0.6
      vertex 9.44987 1.99557 0.6
    endloop
  endfacet
  facet normal -0.0731088 -0.69549 -0.714807
    outer loop
      vertex 8 3.7 -0.6
      vertex 8.51285 2.41276 0.6
      vertex 8 2.46667 0.6
    endloop
  endfacet
  facet normal 0.699319 0 -0.714809
    outer loop
      vertex 4.32027 -0.386755 -0.6
      vertex 5.54685 0.257836 0.6
      vertex 5.54685 -0.257836 0.6
    endloop
  endfacet
  facet normal 0.699319 0 -0.714809
    outer loop
      vertex 5.54685 0.257836 0.6
      vertex 4.32027 -0.386755 -0.6
      vertex 4.32027 0.386755 -0.6
    endloop
  endfacet
  facet normal -0.309019 0.951056 0
    outer loop
      vertex 1.70829 4.66311 -2.5
      vertex 0.873229 4.39178 -0.6
      vertex 1.70829 4.66311 -0.6
    endloop
  endfacet
  facet normal -0.309019 0.951056 0
    outer loop
      vertex 0.873229 4.39178 -0.6
      vertex 1.70829 4.66311 -2.5
      vertex 0.873229 4.39178 -2.5
    endloop
  endfacet
  facet normal -0.104528 0.994522 0
    outer loop
      vertex 0.873229 4.39178 -2.5
      vertex 0 4.3 -0.6
      vertex 0.873229 4.39178 -0.6
    endloop
  endfacet
  facet normal -0.104528 0.994522 0
    outer loop
      vertex 0 4.3 -0.6
      vertex 0.873229 4.39178 -2.5
      vertex 0 4.3 -2.5
    endloop
  endfacet
  facet normal -0.499998 0.866027 0
    outer loop
      vertex 2.4687 5.10213 -2.5
      vertex 1.70829 4.66311 -0.6
      vertex 2.4687 5.10213 -0.6
    endloop
  endfacet
  facet normal -0.499998 0.866027 0
    outer loop
      vertex 1.70829 4.66311 -0.6
      vertex 2.4687 5.10213 -2.5
      vertex 1.70829 4.66311 -2.5
    endloop
  endfacet
  facet normal 0.309019 0.951056 -0
    outer loop
      vertex -0.873229 4.39178 -2.5
      vertex -1.70829 4.66311 -0.6
      vertex -0.873229 4.39178 -0.6
    endloop
  endfacet
  facet normal 0.309019 0.951056 0
    outer loop
      vertex -1.70829 4.66311 -0.6
      vertex -0.873229 4.39178 -2.5
      vertex -1.70829 4.66311 -2.5
    endloop
  endfacet
  facet normal 0.104528 0.994522 -0
    outer loop
      vertex 0 4.3 -2.5
      vertex -0.873229 4.39178 -0.6
      vertex 0 4.3 -0.6
    endloop
  endfacet
  facet normal 0.104528 0.994522 0
    outer loop
      vertex -0.873229 4.39178 -0.6
      vertex 0 4.3 -2.5
      vertex -0.873229 4.39178 -2.5
    endloop
  endfacet
  facet normal -0.669129 0.743146 0
    outer loop
      vertex 3.12121 5.68965 -2.5
      vertex 2.4687 5.10213 -0.6
      vertex 3.12121 5.68965 -0.6
    endloop
  endfacet
  facet normal -0.669129 0.743146 0
    outer loop
      vertex 2.4687 5.10213 -0.6
      vertex 3.12121 5.68965 -2.5
      vertex 2.4687 5.10213 -2.5
    endloop
  endfacet
  facet normal 0.308988 -0.951066 0
    outer loop
      vertex -1.70829 12.3369 -2.5
      vertex -0.873229 12.6082 -0.6
      vertex -1.70829 12.3369 -0.6
    endloop
  endfacet
  facet normal 0.308988 -0.951066 0
    outer loop
      vertex -0.873229 12.6082 -0.6
      vertex -1.70829 12.3369 -2.5
      vertex -0.873229 12.6082 -2.5
    endloop
  endfacet
  facet normal -0.669179 -0.743101 0
    outer loop
      vertex 2.4687 11.8979 -2.5
      vertex 3.12121 11.3103 -0.6
      vertex 2.4687 11.8979 -0.6
    endloop
  endfacet
  facet normal -0.669179 -0.743101 -0
    outer loop
      vertex 3.12121 11.3103 -0.6
      vertex 2.4687 11.8979 -2.5
      vertex 3.12121 11.3103 -2.5
    endloop
  endfacet
  facet normal -0.308988 -0.951066 0
    outer loop
      vertex 0.873229 12.6082 -2.5
      vertex 1.70829 12.3369 -0.6
      vertex 0.873229 12.6082 -0.6
    endloop
  endfacet
  facet normal -0.308988 -0.951066 -0
    outer loop
      vertex 1.70829 12.3369 -0.6
      vertex 0.873229 12.6082 -2.5
      vertex 1.70829 12.3369 -2.5
    endloop
  endfacet
  facet normal 0.809017 0.587786 0
    outer loop
      vertex -3.12121 5.68965 -0.6
      vertex -3.63731 6.4 -2.5
      vertex -3.63731 6.4 -0.6
    endloop
  endfacet
  facet normal 0.809017 0.587786 0
    outer loop
      vertex -3.63731 6.4 -2.5
      vertex -3.12121 5.68965 -0.6
      vertex -3.12121 5.68965 -2.5
    endloop
  endfacet
  facet normal -0.808997 -0.587813 0
    outer loop
      vertex 3.63731 10.6 -2.5
      vertex 3.12121 11.3103 -0.6
      vertex 3.12121 11.3103 -2.5
    endloop
  endfacet
  facet normal -0.808997 -0.587813 0
    outer loop
      vertex 3.12121 11.3103 -0.6
      vertex 3.63731 10.6 -2.5
      vertex 3.63731 10.6 -0.6
    endloop
  endfacet
  facet normal -0.49998 -0.866037 0
    outer loop
      vertex 1.70829 12.3369 -2.5
      vertex 2.4687 11.8979 -0.6
      vertex 1.70829 12.3369 -0.6
    endloop
  endfacet
  facet normal -0.49998 -0.866037 -0
    outer loop
      vertex 2.4687 11.8979 -0.6
      vertex 1.70829 12.3369 -2.5
      vertex 2.4687 11.8979 -2.5
    endloop
  endfacet
  facet normal 0.499998 0.866027 -0
    outer loop
      vertex -1.70829 4.66311 -2.5
      vertex -2.4687 5.10213 -0.6
      vertex -1.70829 4.66311 -0.6
    endloop
  endfacet
  facet normal 0.499998 0.866027 0
    outer loop
      vertex -2.4687 5.10213 -0.6
      vertex -1.70829 4.66311 -2.5
      vertex -2.4687 5.10213 -2.5
    endloop
  endfacet
  facet normal -1 0 0
    outer loop
      vertex 4.17699 8.06098 -2.5
      vertex 4.17699 8.93902 -0.6
      vertex 4.17699 8.93902 -2.5
    endloop
  endfacet
  facet normal -1 -0 0
    outer loop
      vertex 4.17699 8.93902 -0.6
      vertex 4.17699 8.06098 -2.5
      vertex 4.17699 8.06098 -0.6
    endloop
  endfacet
  facet normal -0.913546 -0.406735 0
    outer loop
      vertex 3.99444 9.79787 -2.5
      vertex 3.63731 10.6 -0.6
      vertex 3.63731 10.6 -2.5
    endloop
  endfacet
  facet normal -0.913546 -0.406735 0
    outer loop
      vertex 3.63731 10.6 -0.6
      vertex 3.99444 9.79787 -2.5
      vertex 3.99444 9.79787 -0.6
    endloop
  endfacet
  facet normal 0.978149 -0.207907 0
    outer loop
      vertex -4.17699 8.93902 -0.6
      vertex -3.99444 9.79787 -2.5
      vertex -3.99444 9.79787 -0.6
    endloop
  endfacet
  facet normal 0.978149 -0.207907 0
    outer loop
      vertex -3.99444 9.79787 -2.5
      vertex -4.17699 8.93902 -0.6
      vertex -4.17699 8.93902 -2.5
    endloop
  endfacet
  facet normal 1 -0 0
    outer loop
      vertex -4.17699 8.06098 -0.6
      vertex -4.17699 8.93902 -2.5
      vertex -4.17699 8.93902 -0.6
    endloop
  endfacet
  facet normal 1 0 0
    outer loop
      vertex -4.17699 8.93902 -2.5
      vertex -4.17699 8.06098 -0.6
      vertex -4.17699 8.06098 -2.5
    endloop
  endfacet
  facet normal -0.978149 -0.207907 0
    outer loop
      vertex 4.17699 8.93902 -2.5
      vertex 3.99444 9.79787 -0.6
      vertex 3.99444 9.79787 -2.5
    endloop
  endfacet
  facet normal -0.978149 -0.207907 0
    outer loop
      vertex 3.99444 9.79787 -0.6
      vertex 4.17699 8.93902 -2.5
      vertex 4.17699 8.93902 -0.6
    endloop
  endfacet
  facet normal 0.978149 0.207907 0
    outer loop
      vertex -3.99444 7.20213 -0.6
      vertex -4.17699 8.06098 -2.5
      vertex -4.17699 8.06098 -0.6
    endloop
  endfacet
  facet normal 0.978149 0.207907 0
    outer loop
      vertex -4.17699 8.06098 -2.5
      vertex -3.99444 7.20213 -0.6
      vertex -3.99444 7.20213 -2.5
    endloop
  endfacet
  facet normal 0.669129 0.743146 -0
    outer loop
      vertex -2.4687 5.10213 -2.5
      vertex -3.12121 5.68965 -0.6
      vertex -2.4687 5.10213 -0.6
    endloop
  endfacet
  facet normal 0.669129 0.743146 0
    outer loop
      vertex -3.12121 5.68965 -0.6
      vertex -2.4687 5.10213 -2.5
      vertex -3.12121 5.68965 -2.5
    endloop
  endfacet
  facet normal 0.913546 0.406735 0
    outer loop
      vertex -3.63731 6.4 -0.6
      vertex -3.99444 7.20213 -2.5
      vertex -3.99444 7.20213 -0.6
    endloop
  endfacet
  facet normal 0.913546 0.406735 0
    outer loop
      vertex -3.99444 7.20213 -2.5
      vertex -3.63731 6.4 -0.6
      vertex -3.63731 6.4 -2.5
    endloop
  endfacet
  facet normal 0.808997 -0.587813 0
    outer loop
      vertex -3.63731 10.6 -0.6
      vertex -3.12121 11.3103 -2.5
      vertex -3.12121 11.3103 -0.6
    endloop
  endfacet
  facet normal 0.808997 -0.587813 0
    outer loop
      vertex -3.12121 11.3103 -2.5
      vertex -3.63731 10.6 -0.6
      vertex -3.63731 10.6 -2.5
    endloop
  endfacet
  facet normal -0.809017 0.587786 0
    outer loop
      vertex 3.12121 5.68965 -2.5
      vertex 3.63731 6.4 -0.6
      vertex 3.63731 6.4 -2.5
    endloop
  endfacet
  facet normal -0.809017 0.587786 0
    outer loop
      vertex 3.63731 6.4 -0.6
      vertex 3.12121 5.68965 -2.5
      vertex 3.12121 5.68965 -0.6
    endloop
  endfacet
  facet normal -0.104551 -0.99452 0
    outer loop
      vertex 0 12.7 -2.5
      vertex 0.873229 12.6082 -0.6
      vertex 0 12.7 -0.6
    endloop
  endfacet
  facet normal -0.104551 -0.99452 -0
    outer loop
      vertex 0.873229 12.6082 -0.6
      vertex 0 12.7 -2.5
      vertex 0.873229 12.6082 -2.5
    endloop
  endfacet
  facet normal -0.978149 0.207907 0
    outer loop
      vertex 3.99444 7.20213 -2.5
      vertex 4.17699 8.06098 -0.6
      vertex 4.17699 8.06098 -2.5
    endloop
  endfacet
  facet normal -0.978149 0.207907 0
    outer loop
      vertex 4.17699 8.06098 -0.6
      vertex 3.99444 7.20213 -2.5
      vertex 3.99444 7.20213 -0.6
    endloop
  endfacet
  facet normal 0.49998 -0.866037 0
    outer loop
      vertex -2.4687 11.8979 -2.5
      vertex -1.70829 12.3369 -0.6
      vertex -2.4687 11.8979 -0.6
    endloop
  endfacet
  facet normal 0.49998 -0.866037 0
    outer loop
      vertex -1.70829 12.3369 -0.6
      vertex -2.4687 11.8979 -2.5
      vertex -1.70829 12.3369 -2.5
    endloop
  endfacet
  facet normal -0.913546 0.406735 0
    outer loop
      vertex 3.63731 6.4 -2.5
      vertex 3.99444 7.20213 -0.6
      vertex 3.99444 7.20213 -2.5
    endloop
  endfacet
  facet normal -0.913546 0.406735 0
    outer loop
      vertex 3.99444 7.20213 -0.6
      vertex 3.63731 6.4 -2.5
      vertex 3.63731 6.4 -0.6
    endloop
  endfacet
  facet normal 0.104551 -0.99452 0
    outer loop
      vertex -0.873229 12.6082 -2.5
      vertex 0 12.7 -0.6
      vertex -0.873229 12.6082 -0.6
    endloop
  endfacet
  facet normal 0.104551 -0.99452 0
    outer loop
      vertex 0 12.7 -0.6
      vertex -0.873229 12.6082 -2.5
      vertex 0 12.7 -2.5
    endloop
  endfacet
  facet normal 0.669179 -0.743101 0
    outer loop
      vertex -3.12121 11.3103 -2.5
      vertex -2.4687 11.8979 -0.6
      vertex -3.12121 11.3103 -0.6
    endloop
  endfacet
  facet normal 0.669179 -0.743101 0
    outer loop
      vertex -2.4687 11.8979 -0.6
      vertex -3.12121 11.3103 -2.5
      vertex -2.4687 11.8979 -2.5
    endloop
  endfacet
  facet normal 0.913546 -0.406735 0
    outer loop
      vertex -3.99444 9.79787 -0.6
      vertex -3.63731 10.6 -2.5
      vertex -3.63731 10.6 -0.6
    endloop
  endfacet
  facet normal 0.913546 -0.406735 0
    outer loop
      vertex -3.63731 10.6 -2.5
      vertex -3.99444 9.79787 -0.6
      vertex -3.99444 9.79787 -2.5
    endloop
  endfacet
  facet normal -0.528188 -0.383728 -0.757476
    outer loop
      vertex 3.12121 11.3103 -0.6
      vertex 2.42487 9.9 0.6
      vertex 2.0808 10.3736 0.6
    endloop
  endfacet
  facet normal 0.326424 0.565387 -0.757486
    outer loop
      vertex -1.6458 6.23475 0.6
      vertex -1.70829 4.66311 -0.6
      vertex -2.4687 5.10213 -0.6
    endloop
  endfacet
  facet normal 0.528155 -0.383754 -0.757486
    outer loop
      vertex -3.12121 11.3103 -0.6
      vertex -2.42487 9.9 0.6
      vertex -3.63731 10.6 -0.6
    endloop
  endfacet
  facet normal -0.0682452 0.649274 -0.757486
    outer loop
      vertex 0 5.7 0.6
      vertex 0.582152 5.76119 0.6
      vertex 0 4.3 -0.6
    endloop
  endfacet
  facet normal -0.0682413 0.649273 -0.757487
    outer loop
      vertex 0.582152 5.76119 0.6
      vertex 0.873229 4.39178 -0.6
      vertex 0 4.3 -0.6
    endloop
  endfacet
  facet normal -0.436844 0.48516 -0.757487
    outer loop
      vertex 2.0808 6.62643 0.6
      vertex 3.12121 5.68965 -0.6
      vertex 1.6458 6.23475 0.6
    endloop
  endfacet
  facet normal -0.638585 -0.135732 -0.757487
    outer loop
      vertex 3.99444 9.79787 -0.6
      vertex 4.17699 8.93902 -0.6
      vertex 2.78466 8.79268 0.6
    endloop
  endfacet
  facet normal -0.326424 0.565387 -0.757486
    outer loop
      vertex 2.4687 5.10213 -0.6
      vertex 1.70829 4.66311 -0.6
      vertex 1.6458 6.23475 0.6
    endloop
  endfacet
  facet normal -0.596406 0.265541 -0.757488
    outer loop
      vertex 2.66296 7.63475 0.6
      vertex 3.63731 6.4 -0.6
      vertex 2.42487 7.1 0.6
    endloop
  endfacet
  facet normal 0.528166 0.383736 -0.757487
    outer loop
      vertex -2.42487 7.1 0.6
      vertex -3.12121 5.68965 -0.6
      vertex -3.63731 6.4 -0.6
    endloop
  endfacet
  facet normal 0.596409 0.265538 -0.757487
    outer loop
      vertex -2.66296 7.63475 0.6
      vertex -3.63731 6.4 -0.6
      vertex -3.99444 7.20213 -0.6
    endloop
  endfacet
  facet normal 0.436844 0.48516 -0.757487
    outer loop
      vertex -2.0808 6.62643 0.6
      vertex -1.6458 6.23475 0.6
      vertex -3.12121 5.68965 -0.6
    endloop
  endfacet
  facet normal 0.201744 0.620898 -0.757486
    outer loop
      vertex -1.13886 5.94207 0.6
      vertex -0.873229 4.39178 -0.6
      vertex -1.70829 4.66311 -0.6
    endloop
  endfacet
  facet normal -0.201757 -0.620896 -0.757484
    outer loop
      vertex 0.873229 12.6082 -0.6
      vertex 1.13886 11.0579 0.6
      vertex 0.582152 11.2388 0.6
    endloop
  endfacet
  facet normal -0.201744 0.620898 -0.757486
    outer loop
      vertex 1.13886 5.94207 0.6
      vertex 1.70829 4.66311 -0.6
      vertex 0.873229 4.39178 -0.6
    endloop
  endfacet
  facet normal -0.528155 -0.383754 -0.757486
    outer loop
      vertex 3.12121 11.3103 -0.6
      vertex 3.63731 10.6 -0.6
      vertex 2.42487 9.9 0.6
    endloop
  endfacet
  facet normal 0.528166 0.383736 -0.757488
    outer loop
      vertex -2.42487 7.1 0.6
      vertex -2.0808 6.62643 0.6
      vertex -3.12121 5.68965 -0.6
    endloop
  endfacet
  facet normal 0.596406 -0.265541 -0.757488
    outer loop
      vertex -2.42487 9.9 0.6
      vertex -2.66296 9.36525 0.6
      vertex -3.63731 10.6 -0.6
    endloop
  endfacet
  facet normal 0.436866 -0.485124 -0.757498
    outer loop
      vertex -2.4687 11.8979 -0.6
      vertex -1.6458 10.7652 0.6
      vertex -3.12121 11.3103 -0.6
    endloop
  endfacet
  facet normal 0.326404 -0.565378 -0.757501
    outer loop
      vertex -1.70829 12.3369 -0.6
      vertex -1.6458 10.7652 0.6
      vertex -2.4687 11.8979 -0.6
    endloop
  endfacet
  facet normal 0.596406 0.265541 -0.757488
    outer loop
      vertex -2.66296 7.63475 0.6
      vertex -2.42487 7.1 0.6
      vertex -3.63731 6.4 -0.6
    endloop
  endfacet
  facet normal 0.436842 0.485164 -0.757486
    outer loop
      vertex -1.6458 6.23475 0.6
      vertex -2.4687 5.10213 -0.6
      vertex -3.12121 5.68965 -0.6
    endloop
  endfacet
  facet normal -0.436842 0.485164 -0.757486
    outer loop
      vertex 3.12121 5.68965 -0.6
      vertex 2.4687 5.10213 -0.6
      vertex 1.6458 6.23475 0.6
    endloop
  endfacet
  facet normal -0.652851 0 -0.757486
    outer loop
      vertex 2.78466 8.20732 0.6
      vertex 4.17699 8.93902 -0.6
      vertex 4.17699 8.06098 -0.6
    endloop
  endfacet
  facet normal -0.652851 0 -0.757486
    outer loop
      vertex 4.17699 8.93902 -0.6
      vertex 2.78466 8.20732 0.6
      vertex 2.78466 8.79268 0.6
    endloop
  endfacet
  facet normal 0.638585 -0.135732 -0.757487
    outer loop
      vertex -3.99444 9.79787 -0.6
      vertex -2.78466 8.79268 0.6
      vertex -4.17699 8.93902 -0.6
    endloop
  endfacet
  facet normal -0.528166 0.383736 -0.757488
    outer loop
      vertex 2.42487 7.1 0.6
      vertex 3.12121 5.68965 -0.6
      vertex 2.0808 6.62643 0.6
    endloop
  endfacet
  facet normal -0.326404 -0.565378 -0.757501
    outer loop
      vertex 1.70829 12.3369 -0.6
      vertex 2.4687 11.8979 -0.6
      vertex 1.6458 10.7652 0.6
    endloop
  endfacet
  facet normal -0.326424 0.565387 -0.757486
    outer loop
      vertex 1.6458 6.23475 0.6
      vertex 1.70829 4.66311 -0.6
      vertex 1.13886 5.94207 0.6
    endloop
  endfacet
  facet normal -0.596409 0.265538 -0.757487
    outer loop
      vertex 3.99444 7.20213 -0.6
      vertex 3.63731 6.4 -0.6
      vertex 2.66296 7.63475 0.6
    endloop
  endfacet
  facet normal 0.0682562 -0.649274 -0.757486
    outer loop
      vertex 0 12.7 -0.6
      vertex -0.582152 11.2388 0.6
      vertex -0.873229 12.6082 -0.6
    endloop
  endfacet
  facet normal -0.638585 0.135732 -0.757486
    outer loop
      vertex 2.78466 8.20732 0.6
      vertex 3.99444 7.20213 -0.6
      vertex 2.66296 7.63475 0.6
    endloop
  endfacet
  facet normal 0.0682413 0.649273 -0.757487
    outer loop
      vertex -0.582152 5.76119 0.6
      vertex 0 4.3 -0.6
      vertex -0.873229 4.39178 -0.6
    endloop
  endfacet
  facet normal 0.0682452 0.649274 -0.757486
    outer loop
      vertex 0 5.7 0.6
      vertex 0 4.3 -0.6
      vertex -0.582152 5.76119 0.6
    endloop
  endfacet
  facet normal -0.638585 -0.135732 -0.757486
    outer loop
      vertex 3.99444 9.79787 -0.6
      vertex 2.78466 8.79268 0.6
      vertex 2.66296 9.36525 0.6
    endloop
  endfacet
  facet normal -0.436808 -0.485219 -0.75747
    outer loop
      vertex 3.12121 11.3103 -0.6
      vertex 2.0808 10.3736 0.6
      vertex 1.6458 10.7652 0.6
    endloop
  endfacet
  facet normal 0.0682563 -0.649274 -0.757486
    outer loop
      vertex 0 12.7 -0.6
      vertex 0 11.3 0.6
      vertex -0.582152 11.2388 0.6
    endloop
  endfacet
  facet normal -0.638585 0.135732 -0.757487
    outer loop
      vertex 4.17699 8.06098 -0.6
      vertex 3.99444 7.20213 -0.6
      vertex 2.78466 8.20732 0.6
    endloop
  endfacet
  facet normal 0.436808 -0.485219 -0.75747
    outer loop
      vertex -1.6458 10.7652 0.6
      vertex -2.0808 10.3736 0.6
      vertex -3.12121 11.3103 -0.6
    endloop
  endfacet
  facet normal -0.201736 0.620898 -0.757488
    outer loop
      vertex 1.13886 5.94207 0.6
      vertex 0.873229 4.39178 -0.6
      vertex 0.582152 5.76119 0.6
    endloop
  endfacet
  facet normal 0.201721 -0.620896 -0.757494
    outer loop
      vertex -0.873229 12.6082 -0.6
      vertex -1.13886 11.0579 0.6
      vertex -1.70829 12.3369 -0.6
    endloop
  endfacet
  facet normal 0.638585 0.135732 -0.757486
    outer loop
      vertex -2.78466 8.20732 0.6
      vertex -2.66296 7.63475 0.6
      vertex -3.99444 7.20213 -0.6
    endloop
  endfacet
  facet normal 0.326437 -0.56537 -0.757493
    outer loop
      vertex -1.13886 11.0579 0.6
      vertex -1.6458 10.7652 0.6
      vertex -1.70829 12.3369 -0.6
    endloop
  endfacet
  facet normal 0.596409 -0.265538 -0.757487
    outer loop
      vertex -3.63731 10.6 -0.6
      vertex -2.66296 9.36525 0.6
      vertex -3.99444 9.79787 -0.6
    endloop
  endfacet
  facet normal -0.596409 -0.265538 -0.757487
    outer loop
      vertex 3.63731 10.6 -0.6
      vertex 3.99444 9.79787 -0.6
      vertex 2.66296 9.36525 0.6
    endloop
  endfacet
  facet normal -0.0682562 -0.649274 -0.757486
    outer loop
      vertex 0.873229 12.6082 -0.6
      vertex 0.582152 11.2388 0.6
      vertex 0 12.7 -0.6
    endloop
  endfacet
  facet normal 0.326424 0.565387 -0.757486
    outer loop
      vertex -1.6458 6.23475 0.6
      vertex -1.13886 5.94207 0.6
      vertex -1.70829 4.66311 -0.6
    endloop
  endfacet
  facet normal -0.326437 -0.56537 -0.757493
    outer loop
      vertex 1.70829 12.3369 -0.6
      vertex 1.6458 10.7652 0.6
      vertex 1.13886 11.0579 0.6
    endloop
  endfacet
  facet normal 0.638585 -0.135732 -0.757486
    outer loop
      vertex -2.66296 9.36525 0.6
      vertex -2.78466 8.79268 0.6
      vertex -3.99444 9.79787 -0.6
    endloop
  endfacet
  facet normal 0.201736 0.620898 -0.757488
    outer loop
      vertex -0.582152 5.76119 0.6
      vertex -0.873229 4.39178 -0.6
      vertex -1.13886 5.94207 0.6
    endloop
  endfacet
  facet normal 0.528188 -0.383728 -0.757476
    outer loop
      vertex -2.0808 10.3736 0.6
      vertex -2.42487 9.9 0.6
      vertex -3.12121 11.3103 -0.6
    endloop
  endfacet
  facet normal -0.528166 0.383736 -0.757487
    outer loop
      vertex 3.63731 6.4 -0.6
      vertex 3.12121 5.68965 -0.6
      vertex 2.42487 7.1 0.6
    endloop
  endfacet
  facet normal -0.0682563 -0.649274 -0.757486
    outer loop
      vertex 0 12.7 -0.6
      vertex 0.582152 11.2388 0.6
      vertex 0 11.3 0.6
    endloop
  endfacet
  facet normal -0.201721 -0.620896 -0.757494
    outer loop
      vertex 1.70829 12.3369 -0.6
      vertex 1.13886 11.0579 0.6
      vertex 0.873229 12.6082 -0.6
    endloop
  endfacet
  facet normal -0.436866 -0.485124 -0.757498
    outer loop
      vertex 2.4687 11.8979 -0.6
      vertex 3.12121 11.3103 -0.6
      vertex 1.6458 10.7652 0.6
    endloop
  endfacet
  facet normal 0.201757 -0.620896 -0.757484
    outer loop
      vertex -0.873229 12.6082 -0.6
      vertex -0.582152 11.2388 0.6
      vertex -1.13886 11.0579 0.6
    endloop
  endfacet
  facet normal 0.652851 0 -0.757486
    outer loop
      vertex -4.17699 8.06098 -0.6
      vertex -2.78466 8.79268 0.6
      vertex -2.78466 8.20732 0.6
    endloop
  endfacet
  facet normal 0.652851 0 -0.757486
    outer loop
      vertex -2.78466 8.79268 0.6
      vertex -4.17699 8.06098 -0.6
      vertex -4.17699 8.93902 -0.6
    endloop
  endfacet
  facet normal 0.638585 0.135732 -0.757487
    outer loop
      vertex -2.78466 8.20732 0.6
      vertex -3.99444 7.20213 -0.6
      vertex -4.17699 8.06098 -0.6
    endloop
  endfacet
  facet normal -0.596406 -0.265541 -0.757488
    outer loop
      vertex 3.63731 10.6 -0.6
      vertex 2.66296 9.36525 0.6
      vertex 2.42487 9.9 0.6
    endloop
  endfacet
  facet normal 0 0 -1
    outer loop
      vertex 2.66296 7.63475 0.6
      vertex 2.78466 8.79268 0.6
      vertex 2.78466 8.20732 0.6
    endloop
  endfacet
  facet normal 0 0 -1
    outer loop
      vertex 2.66296 7.63475 0.6
      vertex 2.66296 9.36525 0.6
      vertex 2.78466 8.79268 0.6
    endloop
  endfacet
  facet normal 0 0 -1
    outer loop
      vertex 2.42487 7.1 0.6
      vertex 2.66296 9.36525 0.6
      vertex 2.66296 7.63475 0.6
    endloop
  endfacet
  facet normal 0 0 -1
    outer loop
      vertex 2.42487 7.1 0.6
      vertex 2.42487 9.9 0.6
      vertex 2.66296 9.36525 0.6
    endloop
  endfacet
  facet normal 0 0 -1
    outer loop
      vertex 2.0808 6.62643 0.6
      vertex 2.42487 9.9 0.6
      vertex 2.42487 7.1 0.6
    endloop
  endfacet
  facet normal 0 0 -1
    outer loop
      vertex 2.0808 6.62643 0.6
      vertex 2.0808 10.3736 0.6
      vertex 2.42487 9.9 0.6
    endloop
  endfacet
  facet normal 0 0 -1
    outer loop
      vertex 1.6458 6.23475 0.6
      vertex 2.0808 10.3736 0.6
      vertex 2.0808 6.62643 0.6
    endloop
  endfacet
  facet normal 0 0 -1
    outer loop
      vertex 1.6458 6.23475 0.6
      vertex 1.6458 10.7652 0.6
      vertex 2.0808 10.3736 0.6
    endloop
  endfacet
  facet normal 0 0 -1
    outer loop
      vertex 1.13886 5.94207 0.6
      vertex 1.6458 10.7652 0.6
      vertex 1.6458 6.23475 0.6
    endloop
  endfacet
  facet normal 0 0 -1
    outer loop
      vertex 1.13886 5.94207 0.6
      vertex 1.13886 11.0579 0.6
      vertex 1.6458 10.7652 0.6
    endloop
  endfacet
  facet normal 0 0 -1
    outer loop
      vertex 0.582152 5.76119 0.6
      vertex 1.13886 11.0579 0.6
      vertex 1.13886 5.94207 0.6
    endloop
  endfacet
  facet normal 0 0 -1
    outer loop
      vertex 0.582152 5.76119 0.6
      vertex 0.582152 11.2388 0.6
      vertex 1.13886 11.0579 0.6
    endloop
  endfacet
  facet normal 0 0 -1
    outer loop
      vertex 0 5.7 0.6
      vertex 0.582152 11.2388 0.6
      vertex 0.582152 5.76119 0.6
    endloop
  endfacet
  facet normal 0 0 -1
    outer loop
      vertex 0 5.7 0.6
      vertex 0 11.3 0.6
      vertex 0.582152 11.2388 0.6
    endloop
  endfacet
  facet normal 0 0 -1
    outer loop
      vertex -0.582152 5.76119 0.6
      vertex 0 11.3 0.6
      vertex 0 5.7 0.6
    endloop
  endfacet
  facet normal 0 0 -1
    outer loop
      vertex -0.582152 5.76119 0.6
      vertex -0.582152 11.2388 0.6
      vertex 0 11.3 0.6
    endloop
  endfacet
  facet normal 0 0 -1
    outer loop
      vertex -1.13886 5.94207 0.6
      vertex -0.582152 11.2388 0.6
      vertex -0.582152 5.76119 0.6
    endloop
  endfacet
  facet normal 0 0 -1
    outer loop
      vertex -1.13886 5.94207 0.6
      vertex -1.13886 11.0579 0.6
      vertex -0.582152 11.2388 0.6
    endloop
  endfacet
  facet normal 0 0 -1
    outer loop
      vertex -1.6458 6.23475 0.6
      vertex -1.13886 11.0579 0.6
      vertex -1.13886 5.94207 0.6
    endloop
  endfacet
  facet normal 0 0 -1
    outer loop
      vertex -1.6458 6.23475 0.6
      vertex -1.6458 10.7652 0.6
      vertex -1.13886 11.0579 0.6
    endloop
  endfacet
  facet normal 0 0 -1
    outer loop
      vertex -2.0808 6.62643 0.6
      vertex -1.6458 10.7652 0.6
      vertex -1.6458 6.23475 0.6
    endloop
  endfacet
  facet normal 0 0 -1
    outer loop
      vertex -2.0808 6.62643 0.6
      vertex -2.0808 10.3736 0.6
      vertex -1.6458 10.7652 0.6
    endloop
  endfacet
  facet normal 0 0 -1
    outer loop
      vertex -2.42487 7.1 0.6
      vertex -2.0808 10.3736 0.6
      vertex -2.0808 6.62643 0.6
    endloop
  endfacet
  facet normal 0 0 -1
    outer loop
      vertex -2.42487 7.1 0.6
      vertex -2.42487 9.9 0.6
      vertex -2.0808 10.3736 0.6
    endloop
  endfacet
  facet normal 0 0 -1
    outer loop
      vertex -2.66296 7.63475 0.6
      vertex -2.42487 9.9 0.6
      vertex -2.42487 7.1 0.6
    endloop
  endfacet
  facet normal 0 0 -1
    outer loop
      vertex -2.66296 7.63475 0.6
      vertex -2.66296 9.36525 0.6
      vertex -2.42487 9.9 0.6
    endloop
  endfacet
  facet normal 0 0 -1
    outer loop
      vertex -2.78466 8.20732 0.6
      vertex -2.66296 9.36525 0.6
      vertex -2.66296 7.63475 0.6
    endloop
  endfacet
  facet normal 0 0 -1
    outer loop
      vertex -2.66296 9.36525 0.6
      vertex -2.78466 8.20732 0.6
      vertex -2.78466 8.79268 0.6
    endloop
  endfacet
  facet normal 0.913548 -0.406731 0
    outer loop
      vertex -4.46996 -7.54762 -0.6
      vertex -4.07032 -6.65 -2.5
      vertex -4.07032 -6.65 -0.6
    endloop
  endfacet
  facet normal 0.913548 -0.406731 0
    outer loop
      vertex -4.07032 -6.65 -2.5
      vertex -4.46996 -7.54762 -0.6
      vertex -4.46996 -7.54762 -2.5
    endloop
  endfacet
  facet normal 0.309017 -0.951056 0
    outer loop
      vertex -1.91166 -4.70634 -2.5
      vertex -0.977184 -4.40271 -0.6
      vertex -1.91166 -4.70634 -0.6
    endloop
  endfacet
  facet normal 0.309017 -0.951056 0
    outer loop
      vertex -0.977184 -4.40271 -0.6
      vertex -1.91166 -4.70634 -2.5
      vertex -0.977184 -4.40271 -2.5
    endloop
  endfacet
  facet normal -0.30899 0.951065 0
    outer loop
      vertex 1.91166 -13.2937 -2.5
      vertex 0.977184 -13.5973 -0.6
      vertex 1.91166 -13.2937 -0.6
    endloop
  endfacet
  facet normal -0.30899 0.951065 0
    outer loop
      vertex 0.977184 -13.5973 -0.6
      vertex 1.91166 -13.2937 -2.5
      vertex 0.977184 -13.5973 -2.5
    endloop
  endfacet
  facet normal -0.104522 0.994523 0
    outer loop
      vertex 0.977184 -13.5973 -2.5
      vertex 0 -13.7 -0.6
      vertex 0.977184 -13.5973 -0.6
    endloop
  endfacet
  facet normal -0.104522 0.994523 0
    outer loop
      vertex 0 -13.7 -0.6
      vertex 0.977184 -13.5973 -2.5
      vertex 0 -13.7 -2.5
    endloop
  endfacet
  facet normal -0.500012 0.866019 0
    outer loop
      vertex 2.76259 -12.8024 -2.5
      vertex 1.91166 -13.2937 -0.6
      vertex 2.76259 -12.8024 -0.6
    endloop
  endfacet
  facet normal -0.500012 0.866019 0
    outer loop
      vertex 1.91166 -13.2937 -0.6
      vertex 2.76259 -12.8024 -2.5
      vertex 1.91166 -13.2937 -2.5
    endloop
  endfacet
  facet normal 0.809012 0.587793 0
    outer loop
      vertex -3.49278 -12.1449 -0.6
      vertex -4.07032 -11.35 -2.5
      vertex -4.07032 -11.35 -0.6
    endloop
  endfacet
  facet normal 0.809012 0.587793 0
    outer loop
      vertex -4.07032 -11.35 -2.5
      vertex -3.49278 -12.1449 -0.6
      vertex -3.49278 -12.1449 -2.5
    endloop
  endfacet
  facet normal -0.913544 0.406739 0
    outer loop
      vertex 4.07032 -11.35 -2.5
      vertex 4.46996 -10.4524 -0.6
      vertex 4.46996 -10.4524 -2.5
    endloop
  endfacet
  facet normal -0.913544 0.406739 0
    outer loop
      vertex 4.46996 -10.4524 -0.6
      vertex 4.07032 -11.35 -2.5
      vertex 4.07032 -11.35 -0.6
    endloop
  endfacet
  facet normal 0.104522 0.994523 -0
    outer loop
      vertex 0 -13.7 -2.5
      vertex -0.977184 -13.5973 -0.6
      vertex 0 -13.7 -0.6
    endloop
  endfacet
  facet normal 0.104522 0.994523 0
    outer loop
      vertex -0.977184 -13.5973 -0.6
      vertex 0 -13.7 -2.5
      vertex -0.977184 -13.5973 -2.5
    endloop
  endfacet
  facet normal -0.66915 0.743128 0
    outer loop
      vertex 3.49278 -12.1449 -2.5
      vertex 2.76259 -12.8024 -0.6
      vertex 3.49278 -12.1449 -0.6
    endloop
  endfacet
  facet normal -0.66915 0.743128 0
    outer loop
      vertex 2.76259 -12.8024 -0.6
      vertex 3.49278 -12.1449 -2.5
      vertex 2.76259 -12.8024 -2.5
    endloop
  endfacet
  facet normal -0.499996 -0.866027 0
    outer loop
      vertex 1.91166 -4.70634 -2.5
      vertex 2.76259 -5.19762 -0.6
      vertex 1.91166 -4.70634 -0.6
    endloop
  endfacet
  facet normal -0.499996 -0.866027 -0
    outer loop
      vertex 2.76259 -5.19762 -0.6
      vertex 1.91166 -4.70634 -2.5
      vertex 2.76259 -5.19762 -2.5
    endloop
  endfacet
  facet normal 0.66915 0.743128 -0
    outer loop
      vertex -2.76259 -12.8024 -2.5
      vertex -3.49278 -12.1449 -0.6
      vertex -2.76259 -12.8024 -0.6
    endloop
  endfacet
  facet normal 0.66915 0.743128 0
    outer loop
      vertex -3.49278 -12.1449 -0.6
      vertex -2.76259 -12.8024 -2.5
      vertex -3.49278 -12.1449 -2.5
    endloop
  endfacet
  facet normal -0.669133 -0.743143 0
    outer loop
      vertex 2.76259 -5.19762 -2.5
      vertex 3.49278 -5.85509 -0.6
      vertex 2.76259 -5.19762 -0.6
    endloop
  endfacet
  facet normal -0.669133 -0.743143 -0
    outer loop
      vertex 3.49278 -5.85509 -0.6
      vertex 2.76259 -5.19762 -2.5
      vertex 3.49278 -5.85509 -2.5
    endloop
  endfacet
  facet normal 0.500012 0.866019 -0
    outer loop
      vertex -1.91166 -13.2937 -2.5
      vertex -2.76259 -12.8024 -0.6
      vertex -1.91166 -13.2937 -0.6
    endloop
  endfacet
  facet normal 0.500012 0.866019 0
    outer loop
      vertex -2.76259 -12.8024 -0.6
      vertex -1.91166 -13.2937 -2.5
      vertex -2.76259 -12.8024 -2.5
    endloop
  endfacet
  facet normal -0.809015 -0.587788 0
    outer loop
      vertex 4.07032 -6.65 -2.5
      vertex 3.49278 -5.85509 -0.6
      vertex 3.49278 -5.85509 -2.5
    endloop
  endfacet
  facet normal -0.809015 -0.587788 0
    outer loop
      vertex 3.49278 -5.85509 -0.6
      vertex 4.07032 -6.65 -2.5
      vertex 4.07032 -6.65 -0.6
    endloop
  endfacet
  facet normal 0.30899 0.951065 -0
    outer loop
      vertex -0.977184 -13.5973 -2.5
      vertex -1.91166 -13.2937 -0.6
      vertex -0.977184 -13.5973 -0.6
    endloop
  endfacet
  facet normal 0.30899 0.951065 0
    outer loop
      vertex -1.91166 -13.2937 -0.6
      vertex -0.977184 -13.5973 -2.5
      vertex -1.91166 -13.2937 -2.5
    endloop
  endfacet
  facet normal -1 0 0
    outer loop
      vertex 4.67425 -9.49128 -2.5
      vertex 4.67425 -8.50872 -0.6
      vertex 4.67425 -8.50872 -2.5
    endloop
  endfacet
  facet normal -1 -0 0
    outer loop
      vertex 4.67425 -8.50872 -0.6
      vertex 4.67425 -9.49128 -2.5
      vertex 4.67425 -9.49128 -0.6
    endloop
  endfacet
  facet normal 0.809015 -0.587788 0
    outer loop
      vertex -4.07032 -6.65 -0.6
      vertex -3.49278 -5.85509 -2.5
      vertex -3.49278 -5.85509 -0.6
    endloop
  endfacet
  facet normal 0.809015 -0.587788 0
    outer loop
      vertex -3.49278 -5.85509 -2.5
      vertex -4.07032 -6.65 -0.6
      vertex -4.07032 -6.65 -2.5
    endloop
  endfacet
  facet normal 0.499996 -0.866027 0
    outer loop
      vertex -2.76259 -5.19762 -2.5
      vertex -1.91166 -4.70634 -0.6
      vertex -2.76259 -5.19762 -0.6
    endloop
  endfacet
  facet normal 0.499996 -0.866027 0
    outer loop
      vertex -1.91166 -4.70634 -0.6
      vertex -2.76259 -5.19762 -2.5
      vertex -1.91166 -4.70634 -2.5
    endloop
  endfacet
  facet normal -0.913548 -0.406731 0
    outer loop
      vertex 4.46996 -7.54762 -2.5
      vertex 4.07032 -6.65 -0.6
      vertex 4.07032 -6.65 -2.5
    endloop
  endfacet
  facet normal -0.913548 -0.406731 0
    outer loop
      vertex 4.07032 -6.65 -0.6
      vertex 4.46996 -7.54762 -2.5
      vertex 4.46996 -7.54762 -0.6
    endloop
  endfacet
  facet normal 0.104532 -0.994521 0
    outer loop
      vertex -0.977184 -4.40271 -2.5
      vertex 0 -4.3 -0.6
      vertex -0.977184 -4.40271 -0.6
    endloop
  endfacet
  facet normal 0.104532 -0.994521 0
    outer loop
      vertex 0 -4.3 -0.6
      vertex -0.977184 -4.40271 -2.5
      vertex 0 -4.3 -2.5
    endloop
  endfacet
  facet normal 0.669133 -0.743143 0
    outer loop
      vertex -3.49278 -5.85509 -2.5
      vertex -2.76259 -5.19762 -0.6
      vertex -3.49278 -5.85509 -0.6
    endloop
  endfacet
  facet normal 0.669133 -0.743143 0
    outer loop
      vertex -2.76259 -5.19762 -0.6
      vertex -3.49278 -5.85509 -2.5
      vertex -2.76259 -5.19762 -2.5
    endloop
  endfacet
  facet normal 0.978148 0.207909 0
    outer loop
      vertex -4.46996 -10.4524 -0.6
      vertex -4.67425 -9.49128 -2.5
      vertex -4.67425 -9.49128 -0.6
    endloop
  endfacet
  facet normal 0.978148 0.207909 0
    outer loop
      vertex -4.67425 -9.49128 -2.5
      vertex -4.46996 -10.4524 -0.6
      vertex -4.46996 -10.4524 -2.5
    endloop
  endfacet
  facet normal -0.104532 -0.994521 0
    outer loop
      vertex 0 -4.3 -2.5
      vertex 0.977184 -4.40271 -0.6
      vertex 0 -4.3 -0.6
    endloop
  endfacet
  facet normal -0.104532 -0.994521 -0
    outer loop
      vertex 0.977184 -4.40271 -0.6
      vertex 0 -4.3 -2.5
      vertex 0.977184 -4.40271 -2.5
    endloop
  endfacet
  facet normal -0.978148 0.207909 0
    outer loop
      vertex 4.46996 -10.4524 -2.5
      vertex 4.67425 -9.49128 -0.6
      vertex 4.67425 -9.49128 -2.5
    endloop
  endfacet
  facet normal -0.978148 0.207909 0
    outer loop
      vertex 4.67425 -9.49128 -0.6
      vertex 4.46996 -10.4524 -2.5
      vertex 4.46996 -10.4524 -0.6
    endloop
  endfacet
  facet normal -0.809012 0.587793 0
    outer loop
      vertex 3.49278 -12.1449 -2.5
      vertex 4.07032 -11.35 -0.6
      vertex 4.07032 -11.35 -2.5
    endloop
  endfacet
  facet normal -0.809012 0.587793 0
    outer loop
      vertex 4.07032 -11.35 -0.6
      vertex 3.49278 -12.1449 -2.5
      vertex 3.49278 -12.1449 -0.6
    endloop
  endfacet
  facet normal -0.978147 -0.207914 0
    outer loop
      vertex 4.67425 -8.50872 -2.5
      vertex 4.46996 -7.54762 -0.6
      vertex 4.46996 -7.54762 -2.5
    endloop
  endfacet
  facet normal -0.978147 -0.207914 0
    outer loop
      vertex 4.46996 -7.54762 -0.6
      vertex 4.67425 -8.50872 -2.5
      vertex 4.67425 -8.50872 -0.6
    endloop
  endfacet
  facet normal 0.913544 0.406739 0
    outer loop
      vertex -4.07032 -11.35 -0.6
      vertex -4.46996 -10.4524 -2.5
      vertex -4.46996 -10.4524 -0.6
    endloop
  endfacet
  facet normal 0.913544 0.406739 0
    outer loop
      vertex -4.46996 -10.4524 -2.5
      vertex -4.07032 -11.35 -0.6
      vertex -4.07032 -11.35 -2.5
    endloop
  endfacet
  facet normal 1 -0 0
    outer loop
      vertex -4.67425 -9.49128 -0.6
      vertex -4.67425 -8.50872 -2.5
      vertex -4.67425 -8.50872 -0.6
    endloop
  endfacet
  facet normal 1 0 0
    outer loop
      vertex -4.67425 -8.50872 -2.5
      vertex -4.67425 -9.49128 -0.6
      vertex -4.67425 -9.49128 -2.5
    endloop
  endfacet
  facet normal 0.978147 -0.207914 0
    outer loop
      vertex -4.67425 -8.50872 -0.6
      vertex -4.46996 -7.54762 -2.5
      vertex -4.46996 -7.54762 -0.6
    endloop
  endfacet
  facet normal 0.978147 -0.207914 0
    outer loop
      vertex -4.46996 -7.54762 -2.5
      vertex -4.67425 -8.50872 -0.6
      vertex -4.67425 -8.50872 -2.5
    endloop
  endfacet
  facet normal -0.309017 -0.951056 0
    outer loop
      vertex 0.977184 -4.40271 -2.5
      vertex 1.91166 -4.70634 -0.6
      vertex 0.977184 -4.40271 -0.6
    endloop
  endfacet
  facet normal -0.309017 -0.951056 -0
    outer loop
      vertex 1.91166 -4.70634 -0.6
      vertex 0.977184 -4.40271 -2.5
      vertex 1.91166 -4.70634 -2.5
    endloop
  endfacet
  facet normal -0.0637805 -0.606838 -0.792262
    outer loop
      vertex 0 -4.3 -0.6
      vertex 0.651456 -5.93514 0.6
      vertex 0 -5.86667 0.6
    endloop
  endfacet
  facet normal -0.305094 0.528421 -0.792268
    outer loop
      vertex 1.91166 -13.2937 -0.6
      vertex 1.84173 -11.5349 0.6
      vertex 2.76259 -12.8024 -0.6
    endloop
  endfacet
  facet normal -0.305064 0.528427 -0.792276
    outer loop
      vertex 1.84173 -11.5349 0.6
      vertex 1.91166 -13.2937 -0.6
      vertex 1.27444 -11.8624 0.6
    endloop
  endfacet
  facet normal 0.493646 -0.35866 -0.792261
    outer loop
      vertex -2.32852 -6.90339 0.6
      vertex -2.71355 -7.43333 0.6
      vertex -4.07032 -6.65 -0.6
    endloop
  endfacet
  facet normal -0.0637148 0.606833 -0.792271
    outer loop
      vertex 0 -12.1333 0.6
      vertex 0.651456 -12.0649 0.6
      vertex 0 -13.7 -0.6
    endloop
  endfacet
  facet normal -0.0637784 0.606847 -0.792256
    outer loop
      vertex 0.651456 -12.0649 0.6
      vertex 0.977184 -13.5973 -0.6
      vertex 0 -13.7 -0.6
    endloop
  endfacet
  facet normal 0.493644 0.35866 -0.792261
    outer loop
      vertex -2.32852 -11.0966 0.6
      vertex -3.49278 -12.1449 -0.6
      vertex -4.07032 -11.35 -0.6
    endloop
  endfacet
  facet normal -0.493646 -0.35866 -0.792261
    outer loop
      vertex 4.07032 -6.65 -0.6
      vertex 2.71355 -7.43333 0.6
      vertex 2.32852 -6.90339 0.6
    endloop
  endfacet
  facet normal -0.557428 0.248184 -0.792262
    outer loop
      vertex 4.46996 -10.4524 -0.6
      vertex 4.07032 -11.35 -0.6
      vertex 2.97998 -9.96825 0.6
    endloop
  endfacet
  facet normal 0.596849 -0.126865 -0.79226
    outer loop
      vertex -4.46996 -7.54762 -0.6
      vertex -2.97998 -8.03175 0.6
      vertex -4.67425 -8.50872 -0.6
    endloop
  endfacet
  facet normal -0.188557 -0.580317 -0.792261
    outer loop
      vertex 1.91166 -4.70634 -0.6
      vertex 1.27444 -6.13756 0.6
      vertex 0.651456 -5.93514 0.6
    endloop
  endfacet
  facet normal 0.596849 0.126863 -0.792261
    outer loop
      vertex -2.97998 -9.96825 0.6
      vertex -4.46996 -10.4524 -0.6
      vertex -4.67425 -9.49128 -0.6
    endloop
  endfacet
  facet normal -0.493637 0.358681 -0.792256
    outer loop
      vertex 2.71355 -10.5667 0.6
      vertex 4.07032 -11.35 -0.6
      vertex 2.32852 -11.0966 0.6
    endloop
  endfacet
  facet normal 0.408293 -0.453453 -0.792261
    outer loop
      vertex -1.84173 -6.46508 0.6
      vertex -2.32852 -6.90339 0.6
      vertex -2.76259 -5.19762 -0.6
    endloop
  endfacet
  facet normal 0.188557 -0.580317 -0.792261
    outer loop
      vertex -0.651456 -5.93514 0.6
      vertex -1.27444 -6.13756 0.6
      vertex -1.91166 -4.70634 -0.6
    endloop
  endfacet
  facet normal 0.408282 0.453451 -0.792267
    outer loop
      vertex -2.32852 -11.0966 0.6
      vertex -1.84173 -11.5349 0.6
      vertex -2.76259 -12.8024 -0.6
    endloop
  endfacet
  facet normal 0.596849 -0.126863 -0.792261
    outer loop
      vertex -2.97998 -8.03175 0.6
      vertex -3.11617 -8.67248 0.6
      vertex -4.67425 -8.50872 -0.6
    endloop
  endfacet
  facet normal -0.408282 0.453451 -0.792267
    outer loop
      vertex 2.32852 -11.0966 0.6
      vertex 2.76259 -12.8024 -0.6
      vertex 1.84173 -11.5349 0.6
    endloop
  endfacet
  facet normal 0.557439 0.248172 -0.792258
    outer loop
      vertex -2.97998 -9.96825 0.6
      vertex -2.71355 -10.5667 0.6
      vertex -4.07032 -11.35 -0.6
    endloop
  endfacet
  facet normal -0.596849 -0.126863 -0.792261
    outer loop
      vertex 4.67425 -8.50872 -0.6
      vertex 3.11617 -8.67248 0.6
      vertex 2.97998 -8.03175 0.6
    endloop
  endfacet
  facet normal -0.408303 0.453443 -0.792262
    outer loop
      vertex 3.49278 -12.1449 -0.6
      vertex 2.76259 -12.8024 -0.6
      vertex 2.32852 -11.0966 0.6
    endloop
  endfacet
  facet normal 0.305087 -0.528435 -0.792262
    outer loop
      vertex -1.84173 -6.46508 0.6
      vertex -1.91166 -4.70634 -0.6
      vertex -1.27444 -6.13756 0.6
    endloop
  endfacet
  facet normal 0.305089 -0.528434 -0.792261
    outer loop
      vertex -1.91166 -4.70634 -0.6
      vertex -1.84173 -6.46508 0.6
      vertex -2.76259 -5.19762 -0.6
    endloop
  endfacet
  facet normal 0.188557 -0.580317 -0.792261
    outer loop
      vertex -0.977184 -4.40271 -0.6
      vertex -0.651456 -5.93514 0.6
      vertex -1.91166 -4.70634 -0.6
    endloop
  endfacet
  facet normal 0.0637837 -0.606839 -0.792262
    outer loop
      vertex 0 -4.3 -0.6
      vertex -0.651456 -5.93514 0.6
      vertex -0.977184 -4.40271 -0.6
    endloop
  endfacet
  facet normal 0.557431 -0.248181 -0.792261
    outer loop
      vertex -2.71355 -7.43333 0.6
      vertex -2.97998 -8.03175 0.6
      vertex -4.07032 -6.65 -0.6
    endloop
  endfacet
  facet normal -0.305089 -0.528434 -0.792261
    outer loop
      vertex 1.84173 -6.46508 0.6
      vertex 1.91166 -4.70634 -0.6
      vertex 2.76259 -5.19762 -0.6
    endloop
  endfacet
  facet normal -0.305087 -0.528435 -0.792262
    outer loop
      vertex 1.91166 -4.70634 -0.6
      vertex 1.84173 -6.46508 0.6
      vertex 1.27444 -6.13756 0.6
    endloop
  endfacet
  facet normal -0.188617 0.580273 -0.792279
    outer loop
      vertex 1.27444 -11.8624 0.6
      vertex 1.91166 -13.2937 -0.6
      vertex 0.651456 -12.0649 0.6
    endloop
  endfacet
  facet normal -0.188542 0.580328 -0.792257
    outer loop
      vertex 1.91166 -13.2937 -0.6
      vertex 0.977184 -13.5973 -0.6
      vertex 0.651456 -12.0649 0.6
    endloop
  endfacet
  facet normal 0.305064 0.528427 -0.792276
    outer loop
      vertex -1.91166 -13.2937 -0.6
      vertex -1.84173 -11.5349 0.6
      vertex -1.27444 -11.8624 0.6
    endloop
  endfacet
  facet normal 0.305094 0.528421 -0.792268
    outer loop
      vertex -1.84173 -11.5349 0.6
      vertex -1.91166 -13.2937 -0.6
      vertex -2.76259 -12.8024 -0.6
    endloop
  endfacet
  facet normal 0.493637 0.358681 -0.792256
    outer loop
      vertex -2.71355 -10.5667 0.6
      vertex -2.32852 -11.0966 0.6
      vertex -4.07032 -11.35 -0.6
    endloop
  endfacet
  facet normal -0.596849 -0.126865 -0.79226
    outer loop
      vertex 4.46996 -7.54762 -0.6
      vertex 4.67425 -8.50872 -0.6
      vertex 2.97998 -8.03175 0.6
    endloop
  endfacet
  facet normal -0.493646 -0.358658 -0.792261
    outer loop
      vertex 3.49278 -5.85509 -0.6
      vertex 4.07032 -6.65 -0.6
      vertex 2.32852 -6.90339 0.6
    endloop
  endfacet
  facet normal 0.557431 -0.24818 -0.792261
    outer loop
      vertex -4.07032 -6.65 -0.6
      vertex -2.97998 -8.03175 0.6
      vertex -4.46996 -7.54762 -0.6
    endloop
  endfacet
  facet normal 0.188542 0.580328 -0.792257
    outer loop
      vertex -0.651456 -12.0649 0.6
      vertex -0.977184 -13.5973 -0.6
      vertex -1.91166 -13.2937 -0.6
    endloop
  endfacet
  facet normal 0.408293 -0.453452 -0.792261
    outer loop
      vertex -2.76259 -5.19762 -0.6
      vertex -2.32852 -6.90339 0.6
      vertex -3.49278 -5.85509 -0.6
    endloop
  endfacet
  facet normal -0.557431 -0.24818 -0.792261
    outer loop
      vertex 4.07032 -6.65 -0.6
      vertex 4.46996 -7.54762 -0.6
      vertex 2.97998 -8.03175 0.6
    endloop
  endfacet
  facet normal -0.557439 0.248172 -0.792258
    outer loop
      vertex 2.97998 -9.96825 0.6
      vertex 4.07032 -11.35 -0.6
      vertex 2.71355 -10.5667 0.6
    endloop
  endfacet
  facet normal 0.493646 -0.358658 -0.792261
    outer loop
      vertex -3.49278 -5.85509 -0.6
      vertex -2.32852 -6.90339 0.6
      vertex -4.07032 -6.65 -0.6
    endloop
  endfacet
  facet normal -0.408293 -0.453453 -0.792261
    outer loop
      vertex 2.76259 -5.19762 -0.6
      vertex 2.32852 -6.90339 0.6
      vertex 1.84173 -6.46508 0.6
    endloop
  endfacet
  facet normal 0.0637784 0.606847 -0.792256
    outer loop
      vertex -0.651456 -12.0649 0.6
      vertex 0 -13.7 -0.6
      vertex -0.977184 -13.5973 -0.6
    endloop
  endfacet
  facet normal 0.0637148 0.606833 -0.792271
    outer loop
      vertex 0 -12.1333 0.6
      vertex 0 -13.7 -0.6
      vertex -0.651456 -12.0649 0.6
    endloop
  endfacet
  facet normal -0.493644 0.35866 -0.792261
    outer loop
      vertex 4.07032 -11.35 -0.6
      vertex 3.49278 -12.1449 -0.6
      vertex 2.32852 -11.0966 0.6
    endloop
  endfacet
  facet normal -0.596849 0.126863 -0.792261
    outer loop
      vertex 3.11617 -9.32752 0.6
      vertex 4.67425 -9.49128 -0.6
      vertex 2.97998 -9.96825 0.6
    endloop
  endfacet
  facet normal 0.0637805 -0.606838 -0.792262
    outer loop
      vertex 0 -4.3 -0.6
      vertex 0 -5.86667 0.6
      vertex -0.651456 -5.93514 0.6
    endloop
  endfacet
  facet normal -0.557431 -0.248181 -0.792261
    outer loop
      vertex 4.07032 -6.65 -0.6
      vertex 2.97998 -8.03175 0.6
      vertex 2.71355 -7.43333 0.6
    endloop
  endfacet
  facet normal 0.408303 0.453443 -0.792262
    outer loop
      vertex -2.32852 -11.0966 0.6
      vertex -2.76259 -12.8024 -0.6
      vertex -3.49278 -12.1449 -0.6
    endloop
  endfacet
  facet normal -0.0637837 -0.606839 -0.792262
    outer loop
      vertex 0.977184 -4.40271 -0.6
      vertex 0.651456 -5.93514 0.6
      vertex 0 -4.3 -0.6
    endloop
  endfacet
  facet normal -0.188557 -0.580317 -0.792261
    outer loop
      vertex 0.977184 -4.40271 -0.6
      vertex 1.91166 -4.70634 -0.6
      vertex 0.651456 -5.93514 0.6
    endloop
  endfacet
  facet normal -0.610182 0 -0.792261
    outer loop
      vertex 3.11617 -9.32752 0.6
      vertex 4.67425 -8.50872 -0.6
      vertex 4.67425 -9.49128 -0.6
    endloop
  endfacet
  facet normal -0.610182 0 -0.792261
    outer loop
      vertex 4.67425 -8.50872 -0.6
      vertex 3.11617 -9.32752 0.6
      vertex 3.11617 -8.67248 0.6
    endloop
  endfacet
  facet normal 0.557428 0.248184 -0.792262
    outer loop
      vertex -2.97998 -9.96825 0.6
      vertex -4.07032 -11.35 -0.6
      vertex -4.46996 -10.4524 -0.6
    endloop
  endfacet
  facet normal 0.188617 0.580273 -0.792279
    outer loop
      vertex -1.27444 -11.8624 0.6
      vertex -0.651456 -12.0649 0.6
      vertex -1.91166 -13.2937 -0.6
    endloop
  endfacet
  facet normal -0.596849 0.126863 -0.792261
    outer loop
      vertex 4.67425 -9.49128 -0.6
      vertex 4.46996 -10.4524 -0.6
      vertex 2.97998 -9.96825 0.6
    endloop
  endfacet
  facet normal -0.408293 -0.453452 -0.792261
    outer loop
      vertex 2.76259 -5.19762 -0.6
      vertex 3.49278 -5.85509 -0.6
      vertex 2.32852 -6.90339 0.6
    endloop
  endfacet
  facet normal 0.596849 0.126863 -0.792261
    outer loop
      vertex -3.11617 -9.32752 0.6
      vertex -2.97998 -9.96825 0.6
      vertex -4.67425 -9.49128 -0.6
    endloop
  endfacet
  facet normal 0.610182 0 -0.792261
    outer loop
      vertex -4.67425 -9.49128 -0.6
      vertex -3.11617 -8.67248 0.6
      vertex -3.11617 -9.32752 0.6
    endloop
  endfacet
  facet normal 0.610182 0 -0.792261
    outer loop
      vertex -3.11617 -8.67248 0.6
      vertex -4.67425 -9.49128 -0.6
      vertex -4.67425 -8.50872 -0.6
    endloop
  endfacet
  facet normal 0 0 -1
    outer loop
      vertex 2.97998 -9.96825 0.6
      vertex 3.11617 -8.67248 0.6
      vertex 3.11617 -9.32752 0.6
    endloop
  endfacet
  facet normal 0 0 -1
    outer loop
      vertex 2.97998 -9.96825 0.6
      vertex 2.97998 -8.03175 0.6
      vertex 3.11617 -8.67248 0.6
    endloop
  endfacet
  facet normal 0 0 -1
    outer loop
      vertex 2.71355 -10.5667 0.6
      vertex 2.97998 -8.03175 0.6
      vertex 2.97998 -9.96825 0.6
    endloop
  endfacet
  facet normal 0 0 -1
    outer loop
      vertex 2.71355 -10.5667 0.6
      vertex 2.71355 -7.43333 0.6
      vertex 2.97998 -8.03175 0.6
    endloop
  endfacet
  facet normal 0 0 -1
    outer loop
      vertex 2.32852 -11.0966 0.6
      vertex 2.71355 -7.43333 0.6
      vertex 2.71355 -10.5667 0.6
    endloop
  endfacet
  facet normal 0 0 -1
    outer loop
      vertex 2.32852 -11.0966 0.6
      vertex 2.32852 -6.90339 0.6
      vertex 2.71355 -7.43333 0.6
    endloop
  endfacet
  facet normal 0 0 -1
    outer loop
      vertex 1.84173 -11.5349 0.6
      vertex 2.32852 -6.90339 0.6
      vertex 2.32852 -11.0966 0.6
    endloop
  endfacet
  facet normal 0 0 -1
    outer loop
      vertex 1.84173 -11.5349 0.6
      vertex 1.84173 -6.46508 0.6
      vertex 2.32852 -6.90339 0.6
    endloop
  endfacet
  facet normal 0 0 -1
    outer loop
      vertex 1.27444 -11.8624 0.6
      vertex 1.84173 -6.46508 0.6
      vertex 1.84173 -11.5349 0.6
    endloop
  endfacet
  facet normal 0 0 -1
    outer loop
      vertex 1.27444 -11.8624 0.6
      vertex 1.27444 -6.13756 0.6
      vertex 1.84173 -6.46508 0.6
    endloop
  endfacet
  facet normal 0 0 -1
    outer loop
      vertex 0.651456 -12.0649 0.6
      vertex 1.27444 -6.13756 0.6
      vertex 1.27444 -11.8624 0.6
    endloop
  endfacet
  facet normal 0 0 -1
    outer loop
      vertex 0.651456 -12.0649 0.6
      vertex 0.651456 -5.93514 0.6
      vertex 1.27444 -6.13756 0.6
    endloop
  endfacet
  facet normal 0 0 -1
    outer loop
      vertex 0 -12.1333 0.6
      vertex 0.651456 -5.93514 0.6
      vertex 0.651456 -12.0649 0.6
    endloop
  endfacet
  facet normal 0 0 -1
    outer loop
      vertex 0 -12.1333 0.6
      vertex 0 -5.86667 0.6
      vertex 0.651456 -5.93514 0.6
    endloop
  endfacet
  facet normal 0 0 -1
    outer loop
      vertex -0.651456 -12.0649 0.6
      vertex 0 -5.86667 0.6
      vertex 0 -12.1333 0.6
    endloop
  endfacet
  facet normal 0 0 -1
    outer loop
      vertex -0.651456 -12.0649 0.6
      vertex -0.651456 -5.93514 0.6
      vertex 0 -5.86667 0.6
    endloop
  endfacet
  facet normal 0 0 -1
    outer loop
      vertex -1.27444 -11.8624 0.6
      vertex -0.651456 -5.93514 0.6
      vertex -0.651456 -12.0649 0.6
    endloop
  endfacet
  facet normal 0 0 -1
    outer loop
      vertex -1.27444 -11.8624 0.6
      vertex -1.27444 -6.13756 0.6
      vertex -0.651456 -5.93514 0.6
    endloop
  endfacet
  facet normal 0 0 -1
    outer loop
      vertex -1.84173 -11.5349 0.6
      vertex -1.27444 -6.13756 0.6
      vertex -1.27444 -11.8624 0.6
    endloop
  endfacet
  facet normal 0 0 -1
    outer loop
      vertex -1.84173 -11.5349 0.6
      vertex -1.84173 -6.46508 0.6
      vertex -1.27444 -6.13756 0.6
    endloop
  endfacet
  facet normal 0 0 -1
    outer loop
      vertex -2.32852 -11.0966 0.6
      vertex -1.84173 -6.46508 0.6
      vertex -1.84173 -11.5349 0.6
    endloop
  endfacet
  facet normal 0 0 -1
    outer loop
      vertex -2.32852 -11.0966 0.6
      vertex -2.32852 -6.90339 0.6
      vertex -1.84173 -6.46508 0.6
    endloop
  endfacet
  facet normal 0 0 -1
    outer loop
      vertex -2.71355 -10.5667 0.6
      vertex -2.32852 -6.90339 0.6
      vertex -2.32852 -11.0966 0.6
    endloop
  endfacet
  facet normal 0 0 -1
    outer loop
      vertex -2.71355 -10.5667 0.6
      vertex -2.71355 -7.43333 0.6
      vertex -2.32852 -6.90339 0.6
    endloop
  endfacet
  facet normal 0 0 -1
    outer loop
      vertex -2.97998 -9.96825 0.6
      vertex -2.71355 -7.43333 0.6
      vertex -2.71355 -10.5667 0.6
    endloop
  endfacet
  facet normal 0 0 -1
    outer loop
      vertex -2.97998 -9.96825 0.6
      vertex -2.97998 -8.03175 0.6
      vertex -2.71355 -7.43333 0.6
    endloop
  endfacet
  facet normal 0 0 -1
    outer loop
      vertex -3.11617 -9.32752 0.6
      vertex -2.97998 -8.03175 0.6
      vertex -2.97998 -9.96825 0.6
    endloop
  endfacet
  facet normal 0 0 -1
    outer loop
      vertex -2.97998 -8.03175 0.6
      vertex -3.11617 -9.32752 0.6
      vertex -3.11617 -8.67248 0.6
    endloop
  endfacet
endsolid OpenSCAD_Model
