solid OpenSCAD_Model
  facet normal 0 0 -1
    outer loop
      vertex -3.94443 15.1685 -2.5
      vertex -3.49 15 -2.5
      vertex -3.49 14.99 -2.5
    endloop
  endfacet
  facet normal 0 0 -1
    outer loop
      vertex -3.49 15 -2.5
      vertex -3.94443 15.1685 -2.5
      vertex -3.49 15.01 -2.5
    endloop
  endfacet
  facet normal 0 0 -1
    outer loop
      vertex -3.49 15.01 -2.5
      vertex -3.51921 15.8049 -2.5
      vertex -3.49 16 -2.5
    endloop
  endfacet
  facet normal -0 0 -1
    outer loop
      vertex -3.49 16 -2.5
      vertex -3.51921 15.8049 -2.5
      vertex -3.5 16 -2.5
    endloop
  endfacet
  facet normal 0 0 -1
    outer loop
      vertex -3.49 15.01 -2.5
      vertex -3.57612 15.6173 -2.5
      vertex -3.51921 15.8049 -2.5
    endloop
  endfacet
  facet normal 0 0 -1
    outer loop
      vertex -3.49 15.01 -2.5
      vertex -3.66853 15.4444 -2.5
      vertex -3.57612 15.6173 -2.5
    endloop
  endfacet
  facet normal 0 0 -1
    outer loop
      vertex -3.49 15.01 -2.5
      vertex -3.79289 15.2929 -2.5
      vertex -3.66853 15.4444 -2.5
    endloop
  endfacet
  facet normal 0 0 -1
    outer loop
      vertex -3.49 15.01 -2.5
      vertex -3.94443 15.1685 -2.5
      vertex -3.79289 15.2929 -2.5
    endloop
  endfacet
  facet normal 0 0 -1
    outer loop
      vertex -3.49 14.99 -2.5
      vertex -4.11732 15.0761 -2.5
      vertex -3.94443 15.1685 -2.5
    endloop
  endfacet
  facet normal 0 0 -1
    outer loop
      vertex -3.49 14.99 -2.5
      vertex -4.30491 15.0192 -2.5
      vertex -4.11732 15.0761 -2.5
    endloop
  endfacet
  facet normal 0 0 -1
    outer loop
      vertex -4.5 14.99 -2.5
      vertex -4.30491 15.0192 -2.5
      vertex -3.49 14.99 -2.5
    endloop
  endfacet
  facet normal 0 0 -1
    outer loop
      vertex -4.30491 15.0192 -2.5
      vertex -4.5 14.99 -2.5
      vertex -4.5 15 -2.5
    endloop
  endfacet
  facet normal 0 0 -1
    outer loop
      vertex -3.49 15 -2.5
      vertex 3.49 15.01 -2.5
      vertex 3.49 15 -2.5
    endloop
  endfacet
  facet normal -0 0 -1
    outer loop
      vertex 3.49 15.01 -2.5
      vertex -3.49 15 -2.5
      vertex -3.49 15.01 -2.5
    endloop
  endfacet
  facet normal 0 0 -1
    outer loop
      vertex 4.5 14.99 -2.5
      vertex 4.30491 15.0192 -2.5
      vertex 4.5 15 -2.5
    endloop
  endfacet
  facet normal 0 0 -1
    outer loop
      vertex 3.49 14.99 -2.5
      vertex 4.30491 15.0192 -2.5
      vertex 4.5 14.99 -2.5
    endloop
  endfacet
  facet normal 0 0 -1
    outer loop
      vertex 3.49 14.99 -2.5
      vertex 4.11732 15.0761 -2.5
      vertex 4.30491 15.0192 -2.5
    endloop
  endfacet
  facet normal 0 0 -1
    outer loop
      vertex 3.49 14.99 -2.5
      vertex 3.94443 15.1685 -2.5
      vertex 4.11732 15.0761 -2.5
    endloop
  endfacet
  facet normal 0 0 -1
    outer loop
      vertex 3.49 15 -2.5
      vertex 3.94443 15.1685 -2.5
      vertex 3.49 14.99 -2.5
    endloop
  endfacet
  facet normal 0 0 -1
    outer loop
      vertex 3.49 15.01 -2.5
      vertex 3.94443 15.1685 -2.5
      vertex 3.49 15 -2.5
    endloop
  endfacet
  facet normal -0 0 -1
    outer loop
      vertex 3.94443 15.1685 -2.5
      vertex 3.49 15.01 -2.5
      vertex 3.79289 15.2929 -2.5
    endloop
  endfacet
  facet normal -0 0 -1
    outer loop
      vertex 3.79289 15.2929 -2.5
      vertex 3.49 15.01 -2.5
      vertex 3.66853 15.4444 -2.5
    endloop
  endfacet
  facet normal -0 0 -1
    outer loop
      vertex 3.66853 15.4444 -2.5
      vertex 3.49 15.01 -2.5
      vertex 3.57612 15.6173 -2.5
    endloop
  endfacet
  facet normal -0 0 -1
    outer loop
      vertex 3.57612 15.6173 -2.5
      vertex 3.49 15.01 -2.5
      vertex 3.51921 15.8049 -2.5
    endloop
  endfacet
  facet normal 0 0 -1
    outer loop
      vertex 3.49 16 -2.5
      vertex 3.51921 15.8049 -2.5
      vertex 3.49 15.01 -2.5
    endloop
  endfacet
  facet normal 0 0 -1
    outer loop
      vertex 3.51921 15.8049 -2.5
      vertex 3.49 16 -2.5
      vertex 3.5 16 -2.5
    endloop
  endfacet
  facet normal -0 0 1
    outer loop
      vertex -3.51921 15.8049 2.5
      vertex -3.49 15.01 2.5
      vertex -3.49 16 2.5
    endloop
  endfacet
  facet normal -0 0 1
    outer loop
      vertex -3.57612 15.6173 2.5
      vertex -3.49 15.01 2.5
      vertex -3.51921 15.8049 2.5
    endloop
  endfacet
  facet normal 0 0 1
    outer loop
      vertex -3.51921 15.8049 2.5
      vertex -3.49 16 2.5
      vertex -3.5 16 2.5
    endloop
  endfacet
  facet normal -0 0 1
    outer loop
      vertex -3.66853 15.4444 2.5
      vertex -3.49 15.01 2.5
      vertex -3.57612 15.6173 2.5
    endloop
  endfacet
  facet normal -0 0 1
    outer loop
      vertex -3.79289 15.2929 2.5
      vertex -3.49 15.01 2.5
      vertex -3.66853 15.4444 2.5
    endloop
  endfacet
  facet normal -0 0 1
    outer loop
      vertex -3.94443 15.1685 2.5
      vertex -3.49 15.01 2.5
      vertex -3.79289 15.2929 2.5
    endloop
  endfacet
  facet normal 0 0 1
    outer loop
      vertex -3.49 15.01 2.5
      vertex -3.94443 15.1685 2.5
      vertex -3.49 15 2.5
    endloop
  endfacet
  facet normal 0 0 1
    outer loop
      vertex -3.49 15 2.5
      vertex -3.94443 15.1685 2.5
      vertex -3.49 14.99 2.5
    endloop
  endfacet
  facet normal -0 0 1
    outer loop
      vertex -4.11732 15.0761 2.5
      vertex -3.49 14.99 2.5
      vertex -3.94443 15.1685 2.5
    endloop
  endfacet
  facet normal -0 0 1
    outer loop
      vertex -4.30491 15.0192 2.5
      vertex -3.49 14.99 2.5
      vertex -4.11732 15.0761 2.5
    endloop
  endfacet
  facet normal 0 0 1
    outer loop
      vertex -4.5 14.99 2.5
      vertex -4.30491 15.0192 2.5
      vertex -4.5 15 2.5
    endloop
  endfacet
  facet normal 0 0 1
    outer loop
      vertex -4.30491 15.0192 2.5
      vertex -4.5 14.99 2.5
      vertex -3.49 14.99 2.5
    endloop
  endfacet
  facet normal -0 0 1
    outer loop
      vertex -3.49 15.01 2.5
      vertex 3.49 15 2.5
      vertex 3.49 15.01 2.5
    endloop
  endfacet
  facet normal 0 0 1
    outer loop
      vertex 3.49 15 2.5
      vertex -3.49 15.01 2.5
      vertex -3.49 15 2.5
    endloop
  endfacet
  facet normal 0 0 1
    outer loop
      vertex 4.30491 15.0192 2.5
      vertex 4.5 14.99 2.5
      vertex 4.5 15 2.5
    endloop
  endfacet
  facet normal -0 0 1
    outer loop
      vertex 3.49 16 2.5
      vertex 3.51921 15.8049 2.5
      vertex 3.5 16 2.5
    endloop
  endfacet
  facet normal 0 0 1
    outer loop
      vertex 3.49 15.01 2.5
      vertex 3.51921 15.8049 2.5
      vertex 3.49 16 2.5
    endloop
  endfacet
  facet normal 0 0 1
    outer loop
      vertex 3.49 15.01 2.5
      vertex 3.57612 15.6173 2.5
      vertex 3.51921 15.8049 2.5
    endloop
  endfacet
  facet normal 0 0 1
    outer loop
      vertex 3.49 15.01 2.5
      vertex 3.66853 15.4444 2.5
      vertex 3.57612 15.6173 2.5
    endloop
  endfacet
  facet normal 0 0 1
    outer loop
      vertex 3.49 15.01 2.5
      vertex 3.79289 15.2929 2.5
      vertex 3.66853 15.4444 2.5
    endloop
  endfacet
  facet normal 0 0 1
    outer loop
      vertex 3.49 15.01 2.5
      vertex 3.94443 15.1685 2.5
      vertex 3.79289 15.2929 2.5
    endloop
  endfacet
  facet normal 0 0 1
    outer loop
      vertex 3.49 15 2.5
      vertex 3.94443 15.1685 2.5
      vertex 3.49 15.01 2.5
    endloop
  endfacet
  facet normal 0 0 1
    outer loop
      vertex 3.49 14.99 2.5
      vertex 3.94443 15.1685 2.5
      vertex 3.49 15 2.5
    endloop
  endfacet
  facet normal 0 0 1
    outer loop
      vertex 3.94443 15.1685 2.5
      vertex 3.49 14.99 2.5
      vertex 4.11732 15.0761 2.5
    endloop
  endfacet
  facet normal 0 0 1
    outer loop
      vertex 4.11732 15.0761 2.5
      vertex 3.49 14.99 2.5
      vertex 4.30491 15.0192 2.5
    endloop
  endfacet
  facet normal 0 0 1
    outer loop
      vertex 4.30491 15.0192 2.5
      vertex 3.49 14.99 2.5
      vertex 4.5 14.99 2.5
    endloop
  endfacet
  facet normal 0 0 0
    outer loop
      vertex 3.49 15.1913 -2.5
      vertex 3.49 15.6305 -2.5
      vertex 3.49 16 -2.5
    endloop
  endfacet
  facet normal 0 0 0
    outer loop
      vertex 3.49 15.01 -2.5
      vertex 3.49 15.03 -2.5
      vertex 3.49 15.0346 -2.5
    endloop
  endfacet
  facet normal 0 0 0
    outer loop
      vertex 3.49 15.01 -2.5
      vertex 3.49 15.0346 -2.5
      vertex 3.49 15.0411 -2.5
    endloop
  endfacet
  facet normal 0 0 0
    outer loop
      vertex 3.49 15.01 -2.5
      vertex 3.49 15.0411 -2.5
      vertex 3.49 15.0511 -2.5
    endloop
  endfacet
  facet normal 0 0 0
    outer loop
      vertex 3.49 15.01 -2.5
      vertex 3.49 15.0511 -2.5
      vertex 3.49 15.0682 -2.5
    endloop
  endfacet
  facet normal 0 0 0
    outer loop
      vertex 3.49 15.01 -2.5
      vertex 3.49 15.0682 -2.5
      vertex 3.49 15.1021 -2.5
    endloop
  endfacet
  facet normal 0 0 0
    outer loop
      vertex 3.49 15.01 -2.5
      vertex 3.49 15.1021 -2.5
      vertex 3.49 15.1913 -2.5
    endloop
  endfacet
  facet normal 0 0 -0
    outer loop
      vertex 3.49 15.1913 -2.5
      vertex 3.49 16 -2.5
      vertex 3.49 15.01 -2.5
    endloop
  endfacet
  facet normal 0 0 0
    outer loop
      vertex 3.49 16 2.5
      vertex 3.49 15.6305 2.5
      vertex 3.49 15.1913 2.5
    endloop
  endfacet
  facet normal 0 0 0
    outer loop
      vertex 3.49 15.0411 2.5
      vertex 3.49 15.0346 2.5
      vertex 3.49 15.03 2.5
    endloop
  endfacet
  facet normal 0 0 0
    outer loop
      vertex 3.49 16 2.5
      vertex 3.49 15.1913 2.5
      vertex 3.49 15.1021 2.5
    endloop
  endfacet
  facet normal 0 0 0
    outer loop
      vertex 3.49 16 2.5
      vertex 3.49 15.1021 2.5
      vertex 3.49 15.0682 2.5
    endloop
  endfacet
  facet normal 0 0 0
    outer loop
      vertex 3.49 15.0511 2.5
      vertex 3.49 15.0411 2.5
      vertex 3.49 15.03 2.5
    endloop
  endfacet
  facet normal 0 0 0
    outer loop
      vertex 3.49 15.01 2.5
      vertex 3.49 16 2.5
      vertex 3.49 15.0682 2.5
    endloop
  endfacet
  facet normal 0 0 0
    outer loop
      vertex 3.49 15.01 2.5
      vertex 3.49 15.0682 2.5
      vertex 3.49 15.0511 2.5
    endloop
  endfacet
  facet normal -0 0 0
    outer loop
      vertex 3.49 15.03 2.5
      vertex 3.49 15.01 2.5
      vertex 3.49 15.0511 2.5
    endloop
  endfacet
  facet normal 0.995188 0.0979885 0
    outer loop
      vertex 3.5 16 2.5
      vertex 3.51921 15.8049 2.5
      vertex 3.5 16 -2.5
    endloop
  endfacet
  facet normal 0.995188 0.0979885 -0
    outer loop
      vertex 3.51921 15.8049 -2.5
      vertex 3.5 16 -2.5
      vertex 3.51921 15.8049 2.5
    endloop
  endfacet
  facet normal 0.956937 0.290295 0
    outer loop
      vertex 3.57612 15.6173 2.5
      vertex 3.51921 15.8049 -2.5
      vertex 3.51921 15.8049 2.5
    endloop
  endfacet
  facet normal 0.956937 0.290295 0
    outer loop
      vertex 3.51921 15.8049 -2.5
      vertex 3.57612 15.6173 2.5
      vertex 3.57612 15.6173 -2.5
    endloop
  endfacet
  facet normal 0.881936 0.471369 0
    outer loop
      vertex 3.66853 15.4444 2.5
      vertex 3.57612 15.6173 -2.5
      vertex 3.57612 15.6173 2.5
    endloop
  endfacet
  facet normal 0.881936 0.471369 0
    outer loop
      vertex 3.57612 15.6173 -2.5
      vertex 3.66853 15.4444 2.5
      vertex 3.66853 15.4444 -2.5
    endloop
  endfacet
  facet normal 0.772942 0.634476 0
    outer loop
      vertex 3.79289 15.2929 2.5
      vertex 3.66853 15.4444 -2.5
      vertex 3.66853 15.4444 2.5
    endloop
  endfacet
  facet normal 0.772942 0.634476 0
    outer loop
      vertex 3.66853 15.4444 -2.5
      vertex 3.79289 15.2929 2.5
      vertex 3.79289 15.2929 -2.5
    endloop
  endfacet
  facet normal 0.634498 0.772925 -0
    outer loop
      vertex 3.94443 15.1685 -2.5
      vertex 3.79289 15.2929 2.5
      vertex 3.94443 15.1685 2.5
    endloop
  endfacet
  facet normal 0.634498 0.772925 0
    outer loop
      vertex 3.79289 15.2929 2.5
      vertex 3.94443 15.1685 -2.5
      vertex 3.79289 15.2929 -2.5
    endloop
  endfacet
  facet normal 0.471351 0.881946 -0
    outer loop
      vertex 4.11732 15.0761 -2.5
      vertex 3.94443 15.1685 2.5
      vertex 4.11732 15.0761 2.5
    endloop
  endfacet
  facet normal 0.471351 0.881946 0
    outer loop
      vertex 3.94443 15.1685 2.5
      vertex 4.11732 15.0761 -2.5
      vertex 3.94443 15.1685 -2.5
    endloop
  endfacet
  facet normal 0.290262 0.956947 -0
    outer loop
      vertex 4.30491 15.0192 -2.5
      vertex 4.11732 15.0761 2.5
      vertex 4.30491 15.0192 2.5
    endloop
  endfacet
  facet normal 0.290262 0.956947 0
    outer loop
      vertex 4.11732 15.0761 2.5
      vertex 4.30491 15.0192 -2.5
      vertex 4.11732 15.0761 -2.5
    endloop
  endfacet
  facet normal 0.0979429 0.995192 -0
    outer loop
      vertex 4.5 15 -2.5
      vertex 4.30491 15.0192 2.5
      vertex 4.5 15 2.5
    endloop
  endfacet
  facet normal 0.0979429 0.995192 0
    outer loop
      vertex 4.5 15 -2.5
      vertex 4.30491 15.0192 -2.5
      vertex 4.30491 15.0192 2.5
    endloop
  endfacet
  facet normal 0 0 0
    outer loop
      vertex -3.49 16 -2.5
      vertex -3.49 15.6305 -2.5
      vertex -3.49 15.1913 -2.5
    endloop
  endfacet
  facet normal 0 0 0
    outer loop
      vertex -3.49 15.1021 -2.5
      vertex -3.49 15.0682 -2.5
      vertex -3.49 15.0511 -2.5
    endloop
  endfacet
  facet normal 0 0 0
    outer loop
      vertex -3.49 15.1913 -2.5
      vertex -3.49 15.1021 -2.5
      vertex -3.49 15.0511 -2.5
    endloop
  endfacet
  facet normal 0 0 0
    outer loop
      vertex -3.49 15.01 -2.5
      vertex -3.49 16 -2.5
      vertex -3.49 15.1913 -2.5
    endloop
  endfacet
  facet normal 0 0 0
    outer loop
      vertex -3.49 15.0411 -2.5
      vertex -3.49 15.0346 -2.5
      vertex -3.49 15.03 -2.5
    endloop
  endfacet
  facet normal 0 0 0
    outer loop
      vertex -3.49 15.01 -2.5
      vertex -3.49 15.1913 -2.5
      vertex -3.49 15.0511 -2.5
    endloop
  endfacet
  facet normal 0 0 0
    outer loop
      vertex -3.49 15.01 -2.5
      vertex -3.49 15.0511 -2.5
      vertex -3.49 15.0411 -2.5
    endloop
  endfacet
  facet normal 0 0 0
    outer loop
      vertex -3.49 15.0411 -2.5
      vertex -3.49 15.03 -2.5
      vertex -3.49 15.01 -2.5
    endloop
  endfacet
  facet normal 0 0 0
    outer loop
      vertex -3.49 15.1913 2.5
      vertex -3.49 15.6305 2.5
      vertex -3.49 16 2.5
    endloop
  endfacet
  facet normal 0 0 0
    outer loop
      vertex -3.49 15.0411 2.5
      vertex -3.49 15.0511 2.5
      vertex -3.49 15.0682 2.5
    endloop
  endfacet
  facet normal 0 0 -0
    outer loop
      vertex -3.49 15.1913 2.5
      vertex -3.49 16 2.5
      vertex -3.49 15.01 2.5
    endloop
  endfacet
  facet normal 0 0 0
    outer loop
      vertex -3.49 15.03 2.5
      vertex -3.49 15.0346 2.5
      vertex -3.49 15.0411 2.5
    endloop
  endfacet
  facet normal 0 0 -0
    outer loop
      vertex -3.49 15.1021 2.5
      vertex -3.49 15.1913 2.5
      vertex -3.49 15.01 2.5
    endloop
  endfacet
  facet normal 0 0 0
    outer loop
      vertex -3.49 15.03 2.5
      vertex -3.49 15.0411 2.5
      vertex -3.49 15.0682 2.5
    endloop
  endfacet
  facet normal 0 0 0
    outer loop
      vertex -3.49 15.03 2.5
      vertex -3.49 15.0682 2.5
      vertex -3.49 15.1021 2.5
    endloop
  endfacet
  facet normal 0 0 -0
    outer loop
      vertex -3.49 15.03 2.5
      vertex -3.49 15.1021 2.5
      vertex -3.49 15.01 2.5
    endloop
  endfacet
  facet normal -0.995188 0.0979885 0
    outer loop
      vertex -3.5 16 -2.5
      vertex -3.51921 15.8049 -2.5
      vertex -3.5 16 2.5
    endloop
  endfacet
  facet normal -0.995188 0.0979885 0
    outer loop
      vertex -3.51921 15.8049 2.5
      vertex -3.5 16 2.5
      vertex -3.51921 15.8049 -2.5
    endloop
  endfacet
  facet normal -0.956937 0.290295 0
    outer loop
      vertex -3.57612 15.6173 -2.5
      vertex -3.51921 15.8049 2.5
      vertex -3.51921 15.8049 -2.5
    endloop
  endfacet
  facet normal -0.956937 0.290295 0
    outer loop
      vertex -3.51921 15.8049 2.5
      vertex -3.57612 15.6173 -2.5
      vertex -3.57612 15.6173 2.5
    endloop
  endfacet
  facet normal -0.881936 0.471369 0
    outer loop
      vertex -3.66853 15.4444 -2.5
      vertex -3.57612 15.6173 2.5
      vertex -3.57612 15.6173 -2.5
    endloop
  endfacet
  facet normal -0.881936 0.471369 0
    outer loop
      vertex -3.57612 15.6173 2.5
      vertex -3.66853 15.4444 -2.5
      vertex -3.66853 15.4444 2.5
    endloop
  endfacet
  facet normal -0.772942 0.634476 0
    outer loop
      vertex -3.79289 15.2929 -2.5
      vertex -3.66853 15.4444 2.5
      vertex -3.66853 15.4444 -2.5
    endloop
  endfacet
  facet normal -0.772942 0.634476 0
    outer loop
      vertex -3.66853 15.4444 2.5
      vertex -3.79289 15.2929 -2.5
      vertex -3.79289 15.2929 2.5
    endloop
  endfacet
  facet normal -0.634498 0.772925 0
    outer loop
      vertex -3.79289 15.2929 -2.5
      vertex -3.94443 15.1685 2.5
      vertex -3.79289 15.2929 2.5
    endloop
  endfacet
  facet normal -0.634498 0.772925 0
    outer loop
      vertex -3.94443 15.1685 2.5
      vertex -3.79289 15.2929 -2.5
      vertex -3.94443 15.1685 -2.5
    endloop
  endfacet
  facet normal -0.471351 0.881946 0
    outer loop
      vertex -3.94443 15.1685 -2.5
      vertex -4.11732 15.0761 2.5
      vertex -3.94443 15.1685 2.5
    endloop
  endfacet
  facet normal -0.471351 0.881946 0
    outer loop
      vertex -4.11732 15.0761 2.5
      vertex -3.94443 15.1685 -2.5
      vertex -4.11732 15.0761 -2.5
    endloop
  endfacet
  facet normal -0.290262 0.956947 0
    outer loop
      vertex -4.11732 15.0761 -2.5
      vertex -4.30491 15.0192 2.5
      vertex -4.11732 15.0761 2.5
    endloop
  endfacet
  facet normal -0.290262 0.956947 0
    outer loop
      vertex -4.30491 15.0192 2.5
      vertex -4.11732 15.0761 -2.5
      vertex -4.30491 15.0192 -2.5
    endloop
  endfacet
  facet normal -0.0979429 0.995192 0
    outer loop
      vertex -4.30491 15.0192 2.5
      vertex -4.5 15 -2.5
      vertex -4.5 15 2.5
    endloop
  endfacet
  facet normal -0.0979429 0.995192 0
    outer loop
      vertex -4.30491 15.0192 -2.5
      vertex -4.5 15 -2.5
      vertex -4.30491 15.0192 2.5
    endloop
  endfacet
  facet normal 0.773023 0.634378 0
    outer loop
      vertex 2.91014 20.4445 2.5
      vertex 2.47487 20.9749 -2.5
      vertex 2.47487 20.9749 2.5
    endloop
  endfacet
  facet normal 0.773023 0.634378 0
    outer loop
      vertex 2.47487 20.9749 -2.5
      vertex 2.91014 20.4445 2.5
      vertex 2.91014 20.4445 -2.5
    endloop
  endfacet
  facet normal 0 0 1
    outer loop
      vertex -3.49 15.1913 2.5
      vertex -2.91014 20.4445 2.5
      vertex -3.23358 19.8394 2.5
    endloop
  endfacet
  facet normal 0 0 1
    outer loop
      vertex -2.91014 20.4445 2.5
      vertex -3.49 15.1913 2.5
      vertex -3.49 15.1021 2.5
    endloop
  endfacet
  facet normal 0 0 1
    outer loop
      vertex -3.49 15.0411 2.5
      vertex -0.682816 21.9327 2.5
      vertex -1.33939 21.7336 2.5
    endloop
  endfacet
  facet normal 0 0 1
    outer loop
      vertex -0.682816 21.9327 2.5
      vertex -3.49 15.0411 2.5
      vertex -3.49 15.0346 2.5
    endloop
  endfacet
  facet normal 0 0 1
    outer loop
      vertex 3.5 18.5 2.5
      vertex 3.49 16 2.5
      vertex 3.5 16 2.5
    endloop
  endfacet
  facet normal 0 0 1
    outer loop
      vertex 3.49 16 2.5
      vertex 3.43275 19.1828 2.5
      vertex 3.49 15.6305 2.5
    endloop
  endfacet
  facet normal 0 0 1
    outer loop
      vertex 3.43275 19.1828 2.5
      vertex 3.49 16 2.5
      vertex 3.5 18.5 2.5
    endloop
  endfacet
  facet normal -0.290192 0.956968 0
    outer loop
      vertex -0.682816 21.9327 -2.5
      vertex -1.33939 21.7336 2.5
      vertex -0.682816 21.9327 2.5
    endloop
  endfacet
  facet normal -0.290192 0.956968 0
    outer loop
      vertex -1.33939 21.7336 2.5
      vertex -0.682816 21.9327 -2.5
      vertex -1.33939 21.7336 -2.5
    endloop
  endfacet
  facet normal -0.995185 0.0980172 0
    outer loop
      vertex -3.5 18.5 -2.5
      vertex -3.43275 19.1828 2.5
      vertex -3.43275 19.1828 -2.5
    endloop
  endfacet
  facet normal -0.995185 0.0980172 0
    outer loop
      vertex -3.43275 19.1828 2.5
      vertex -3.5 18.5 -2.5
      vertex -3.5 18.5 2.5
    endloop
  endfacet
  facet normal 0 1 -0
    outer loop
      vertex 24 15 -2.5
      vertex 4.5 15 2.5
      vertex 24 15 2.5
    endloop
  endfacet
  facet normal 0 1 0
    outer loop
      vertex 4.5 15 2.5
      vertex 24 15 -2.5
      vertex 4.5 15 -2.5
    endloop
  endfacet
  facet normal 0 1 -0
    outer loop
      vertex -4.5 15 -2.5
      vertex -24 15 2.5
      vertex -4.5 15 2.5
    endloop
  endfacet
  facet normal 0 1 0
    outer loop
      vertex -24 15 2.5
      vertex -4.5 15 -2.5
      vertex -24 15 -2.5
    endloop
  endfacet
  facet normal 0 0 1
    outer loop
      vertex 0 22 2.5
      vertex 3.49 15.0346 2.5
      vertex 0.682816 21.9327 2.5
    endloop
  endfacet
  facet normal 0 0 1
    outer loop
      vertex 3.49 15.0346 2.5
      vertex 0 22 2.5
      vertex 3.49 15.03 2.5
    endloop
  endfacet
  facet normal 0.290192 0.956968 -0
    outer loop
      vertex 1.33939 21.7336 -2.5
      vertex 0.682816 21.9327 2.5
      vertex 1.33939 21.7336 2.5
    endloop
  endfacet
  facet normal 0.290192 0.956968 0
    outer loop
      vertex 0.682816 21.9327 2.5
      vertex 1.33939 21.7336 -2.5
      vertex 0.682816 21.9327 -2.5
    endloop
  endfacet
  facet normal 0 0 1
    outer loop
      vertex -3.49 15.03 2.5
      vertex 3.49 15.03 2.5
      vertex 0 22 2.5
    endloop
  endfacet
  facet normal 0 0 1
    outer loop
      vertex 3.49 15.03 2.5
      vertex -3.49 15.03 2.5
      vertex 3.49 15.01 2.5
    endloop
  endfacet
  facet normal 0 0 1
    outer loop
      vertex 3.49 15.01 2.5
      vertex -3.49 15.03 2.5
      vertex -3.49 15.01 2.5
    endloop
  endfacet
  facet normal 0 0 1
    outer loop
      vertex -3.49 15.0511 2.5
      vertex -1.33939 21.7336 2.5
      vertex -1.9445 21.4101 2.5
    endloop
  endfacet
  facet normal 0 0 1
    outer loop
      vertex -1.33939 21.7336 2.5
      vertex -3.49 15.0511 2.5
      vertex -3.49 15.0411 2.5
    endloop
  endfacet
  facet normal -0 0 1
    outer loop
      vertex -3.5 18.5 2.5
      vertex -3.49 16 2.5
      vertex -3.43275 19.1828 2.5
    endloop
  endfacet
  facet normal 0 0 1
    outer loop
      vertex -3.49 16 2.5
      vertex -3.5 18.5 2.5
      vertex -3.5 16 2.5
    endloop
  endfacet
  facet normal 0 0 1
    outer loop
      vertex -3.43275 19.1828 2.5
      vertex -3.49 16 2.5
      vertex -3.49 15.6305 2.5
    endloop
  endfacet
  facet normal 0 0 -1
    outer loop
      vertex -3.49 15.6305 -2.5
      vertex -3.23358 19.8394 -2.5
      vertex -3.49 15.1913 -2.5
    endloop
  endfacet
  facet normal 0 0 -1
    outer loop
      vertex -3.23358 19.8394 -2.5
      vertex -3.49 15.6305 -2.5
      vertex -3.43275 19.1828 -2.5
    endloop
  endfacet
  facet normal 0 0 -1
    outer loop
      vertex 2.91014 20.4445 -2.5
      vertex 3.49 15.1913 -2.5
      vertex 3.49 15.1021 -2.5
    endloop
  endfacet
  facet normal 0 0 -1
    outer loop
      vertex 3.49 15.1913 -2.5
      vertex 2.91014 20.4445 -2.5
      vertex 3.23358 19.8394 -2.5
    endloop
  endfacet
  facet normal 0 0 -1
    outer loop
      vertex -3.49 15.03 -2.5
      vertex 3.49 15.03 -2.5
      vertex 3.49 15.01 -2.5
    endloop
  endfacet
  facet normal 0 0 -1
    outer loop
      vertex -3.49 15.03 -2.5
      vertex 3.49 15.01 -2.5
      vertex -3.49 15.01 -2.5
    endloop
  endfacet
  facet normal 0 0 -1
    outer loop
      vertex 3.49 15.03 -2.5
      vertex -3.49 15.03 -2.5
      vertex 0 22 -2.5
    endloop
  endfacet
  facet normal 0 0 1
    outer loop
      vertex 1.33939 21.7336 2.5
      vertex 3.49 15.0511 2.5
      vertex 1.9445 21.4101 2.5
    endloop
  endfacet
  facet normal 0 0 1
    outer loop
      vertex 3.49 15.0511 2.5
      vertex 1.33939 21.7336 2.5
      vertex 3.49 15.0411 2.5
    endloop
  endfacet
  facet normal 0 0 -1
    outer loop
      vertex 3.23358 19.8394 -2.5
      vertex 3.49 15.6305 -2.5
      vertex 3.49 15.1913 -2.5
    endloop
  endfacet
  facet normal 0 0 -1
    outer loop
      vertex 3.49 15.6305 -2.5
      vertex 3.23358 19.8394 -2.5
      vertex 3.43275 19.1828 -2.5
    endloop
  endfacet
  facet normal 0 0 1
    outer loop
      vertex 3.23358 19.8394 2.5
      vertex 3.49 15.6305 2.5
      vertex 3.43275 19.1828 2.5
    endloop
  endfacet
  facet normal 0 0 1
    outer loop
      vertex 3.49 15.6305 2.5
      vertex 3.23358 19.8394 2.5
      vertex 3.49 15.1913 2.5
    endloop
  endfacet
  facet normal 0 0 1
    outer loop
      vertex -3.49 15.0346 2.5
      vertex 0 22 2.5
      vertex -0.682816 21.9327 2.5
    endloop
  endfacet
  facet normal 0 0 1
    outer loop
      vertex 0 22 2.5
      vertex -3.49 15.0346 2.5
      vertex -3.49 15.03 2.5
    endloop
  endfacet
  facet normal 0 0 1
    outer loop
      vertex -3.49 15.0682 2.5
      vertex -1.9445 21.4101 2.5
      vertex -2.47487 20.9749 2.5
    endloop
  endfacet
  facet normal 0 0 1
    outer loop
      vertex -1.9445 21.4101 2.5
      vertex -3.49 15.0682 2.5
      vertex -3.49 15.0511 2.5
    endloop
  endfacet
  facet normal -0.634338 0.773056 0
    outer loop
      vertex -1.9445 21.4101 -2.5
      vertex -2.47487 20.9749 2.5
      vertex -1.9445 21.4101 2.5
    endloop
  endfacet
  facet normal -0.634338 0.773056 0
    outer loop
      vertex -2.47487 20.9749 2.5
      vertex -1.9445 21.4101 -2.5
      vertex -2.47487 20.9749 -2.5
    endloop
  endfacet
  facet normal -0.881917 0.471405 0
    outer loop
      vertex -3.23358 19.8394 -2.5
      vertex -2.91014 20.4445 2.5
      vertex -2.91014 20.4445 -2.5
    endloop
  endfacet
  facet normal -0.881917 0.471405 0
    outer loop
      vertex -2.91014 20.4445 2.5
      vertex -3.23358 19.8394 -2.5
      vertex -3.23358 19.8394 2.5
    endloop
  endfacet
  facet normal 0 0 -1
    outer loop
      vertex 1.33939 21.7336 -2.5
      vertex 3.49 15.0511 -2.5
      vertex 3.49 15.0411 -2.5
    endloop
  endfacet
  facet normal 0 0 -1
    outer loop
      vertex 3.49 15.0511 -2.5
      vertex 1.33939 21.7336 -2.5
      vertex 1.9445 21.4101 -2.5
    endloop
  endfacet
  facet normal 0 0 1
    outer loop
      vertex 0.682816 21.9327 2.5
      vertex 3.49 15.0411 2.5
      vertex 1.33939 21.7336 2.5
    endloop
  endfacet
  facet normal 0 0 1
    outer loop
      vertex 3.49 15.0411 2.5
      vertex 0.682816 21.9327 2.5
      vertex 3.49 15.0346 2.5
    endloop
  endfacet
  facet normal 0 0 1
    outer loop
      vertex 1.9445 21.4101 2.5
      vertex 3.49 15.0682 2.5
      vertex 2.47487 20.9749 2.5
    endloop
  endfacet
  facet normal 0 0 1
    outer loop
      vertex 3.49 15.0682 2.5
      vertex 1.9445 21.4101 2.5
      vertex 3.49 15.0511 2.5
    endloop
  endfacet
  facet normal 0.995185 0.0980172 0
    outer loop
      vertex 3.5 18.5 2.5
      vertex 3.43275 19.1828 -2.5
      vertex 3.43275 19.1828 2.5
    endloop
  endfacet
  facet normal 0.995185 0.0980172 0
    outer loop
      vertex 3.43275 19.1828 -2.5
      vertex 3.5 18.5 2.5
      vertex 3.5 18.5 -2.5
    endloop
  endfacet
  facet normal 0.634338 0.773056 -0
    outer loop
      vertex 2.47487 20.9749 -2.5
      vertex 1.9445 21.4101 2.5
      vertex 2.47487 20.9749 2.5
    endloop
  endfacet
  facet normal 0.634338 0.773056 0
    outer loop
      vertex 1.9445 21.4101 2.5
      vertex 2.47487 20.9749 -2.5
      vertex 1.9445 21.4101 -2.5
    endloop
  endfacet
  facet normal 0 0 -1
    outer loop
      vertex 3.49 15.6305 -2.5
      vertex 3.43275 19.1828 -2.5
      vertex 3.49 16 -2.5
    endloop
  endfacet
  facet normal 0 0 -1
    outer loop
      vertex 3.49 16 -2.5
      vertex 3.5 18.5 -2.5
      vertex 3.5 16 -2.5
    endloop
  endfacet
  facet normal -0 0 -1
    outer loop
      vertex 3.5 18.5 -2.5
      vertex 3.49 16 -2.5
      vertex 3.43275 19.1828 -2.5
    endloop
  endfacet
  facet normal 0 0 -1
    outer loop
      vertex -3.49 15.0346 -2.5
      vertex 0 22 -2.5
      vertex -3.49 15.03 -2.5
    endloop
  endfacet
  facet normal 0 0 -1
    outer loop
      vertex 0 22 -2.5
      vertex -3.49 15.0346 -2.5
      vertex -0.682816 21.9327 -2.5
    endloop
  endfacet
  facet normal -0.773023 0.634378 0
    outer loop
      vertex -2.91014 20.4445 -2.5
      vertex -2.47487 20.9749 2.5
      vertex -2.47487 20.9749 -2.5
    endloop
  endfacet
  facet normal -0.773023 0.634378 0
    outer loop
      vertex -2.47487 20.9749 2.5
      vertex -2.91014 20.4445 -2.5
      vertex -2.91014 20.4445 2.5
    endloop
  endfacet
  facet normal 0 0 1
    outer loop
      vertex -3.49 15.1021 2.5
      vertex -2.47487 20.9749 2.5
      vertex -2.91014 20.4445 2.5
    endloop
  endfacet
  facet normal 0 0 1
    outer loop
      vertex -2.47487 20.9749 2.5
      vertex -3.49 15.1021 2.5
      vertex -3.49 15.0682 2.5
    endloop
  endfacet
  facet normal 0 0 -1
    outer loop
      vertex -3.49 16 -2.5
      vertex -3.43275 19.1828 -2.5
      vertex -3.49 15.6305 -2.5
    endloop
  endfacet
  facet normal 0 0 -1
    outer loop
      vertex -3.5 18.5 -2.5
      vertex -3.49 16 -2.5
      vertex -3.5 16 -2.5
    endloop
  endfacet
  facet normal 0 0 -1
    outer loop
      vertex -3.49 16 -2.5
      vertex -3.5 18.5 -2.5
      vertex -3.43275 19.1828 -2.5
    endloop
  endfacet
  facet normal 0 0 1
    outer loop
      vertex -3.49 15.6305 2.5
      vertex -3.23358 19.8394 2.5
      vertex -3.43275 19.1828 2.5
    endloop
  endfacet
  facet normal 0 0 1
    outer loop
      vertex -3.23358 19.8394 2.5
      vertex -3.49 15.6305 2.5
      vertex -3.49 15.1913 2.5
    endloop
  endfacet
  facet normal 0 0 -1
    outer loop
      vertex -3.49 15.0411 -2.5
      vertex -0.682816 21.9327 -2.5
      vertex -3.49 15.0346 -2.5
    endloop
  endfacet
  facet normal 0 0 -1
    outer loop
      vertex -0.682816 21.9327 -2.5
      vertex -3.49 15.0411 -2.5
      vertex -1.33939 21.7336 -2.5
    endloop
  endfacet
  facet normal 0 0 -1
    outer loop
      vertex 0.682816 21.9327 -2.5
      vertex 3.49 15.0411 -2.5
      vertex 3.49 15.0346 -2.5
    endloop
  endfacet
  facet normal 0 0 -1
    outer loop
      vertex 3.49 15.0411 -2.5
      vertex 0.682816 21.9327 -2.5
      vertex 1.33939 21.7336 -2.5
    endloop
  endfacet
  facet normal 0.471467 0.881884 -0
    outer loop
      vertex 1.9445 21.4101 -2.5
      vertex 1.33939 21.7336 2.5
      vertex 1.9445 21.4101 2.5
    endloop
  endfacet
  facet normal 0.471467 0.881884 0
    outer loop
      vertex 1.33939 21.7336 2.5
      vertex 1.9445 21.4101 -2.5
      vertex 1.33939 21.7336 -2.5
    endloop
  endfacet
  facet normal 0 0 1
    outer loop
      vertex 2.47487 20.9749 2.5
      vertex 3.49 15.1021 2.5
      vertex 2.91014 20.4445 2.5
    endloop
  endfacet
  facet normal 0 0 1
    outer loop
      vertex 3.49 15.1021 2.5
      vertex 2.47487 20.9749 2.5
      vertex 3.49 15.0682 2.5
    endloop
  endfacet
  facet normal 0 0 1
    outer loop
      vertex 2.91014 20.4445 2.5
      vertex 3.49 15.1913 2.5
      vertex 3.23358 19.8394 2.5
    endloop
  endfacet
  facet normal 0 0 1
    outer loop
      vertex 3.49 15.1913 2.5
      vertex 2.91014 20.4445 2.5
      vertex 3.49 15.1021 2.5
    endloop
  endfacet
  facet normal 0.881917 0.471405 0
    outer loop
      vertex 3.23358 19.8394 2.5
      vertex 2.91014 20.4445 -2.5
      vertex 2.91014 20.4445 2.5
    endloop
  endfacet
  facet normal 0.881917 0.471405 0
    outer loop
      vertex 2.91014 20.4445 -2.5
      vertex 3.23358 19.8394 2.5
      vertex 3.23358 19.8394 -2.5
    endloop
  endfacet
  facet normal 0.956943 0.290275 0
    outer loop
      vertex 3.43275 19.1828 2.5
      vertex 3.23358 19.8394 -2.5
      vertex 3.23358 19.8394 2.5
    endloop
  endfacet
  facet normal 0.956943 0.290275 0
    outer loop
      vertex 3.23358 19.8394 -2.5
      vertex 3.43275 19.1828 2.5
      vertex 3.43275 19.1828 -2.5
    endloop
  endfacet
  facet normal -1 0 0
    outer loop
      vertex -3.5 16 -2.5
      vertex -3.5 18.5 2.5
      vertex -3.5 18.5 -2.5
    endloop
  endfacet
  facet normal -1 -0 0
    outer loop
      vertex -3.5 18.5 2.5
      vertex -3.5 16 -2.5
      vertex -3.5 16 2.5
    endloop
  endfacet
  facet normal -0.956943 0.290275 0
    outer loop
      vertex -3.43275 19.1828 -2.5
      vertex -3.23358 19.8394 2.5
      vertex -3.23358 19.8394 -2.5
    endloop
  endfacet
  facet normal -0.956943 0.290275 0
    outer loop
      vertex -3.23358 19.8394 2.5
      vertex -3.43275 19.1828 -2.5
      vertex -3.43275 19.1828 2.5
    endloop
  endfacet
  facet normal 0 0 -1
    outer loop
      vertex -3.49 15.0682 -2.5
      vertex -1.9445 21.4101 -2.5
      vertex -3.49 15.0511 -2.5
    endloop
  endfacet
  facet normal 0 0 -1
    outer loop
      vertex -1.9445 21.4101 -2.5
      vertex -3.49 15.0682 -2.5
      vertex -2.47487 20.9749 -2.5
    endloop
  endfacet
  facet normal 0 0 -1
    outer loop
      vertex -3.49 15.0511 -2.5
      vertex -1.33939 21.7336 -2.5
      vertex -3.49 15.0411 -2.5
    endloop
  endfacet
  facet normal 0 0 -1
    outer loop
      vertex -1.33939 21.7336 -2.5
      vertex -3.49 15.0511 -2.5
      vertex -1.9445 21.4101 -2.5
    endloop
  endfacet
  facet normal -0.471467 0.881884 0
    outer loop
      vertex -1.33939 21.7336 -2.5
      vertex -1.9445 21.4101 2.5
      vertex -1.33939 21.7336 2.5
    endloop
  endfacet
  facet normal -0.471467 0.881884 0
    outer loop
      vertex -1.9445 21.4101 2.5
      vertex -1.33939 21.7336 -2.5
      vertex -1.9445 21.4101 -2.5
    endloop
  endfacet
  facet normal 0 0 -1
    outer loop
      vertex 2.47487 20.9749 -2.5
      vertex 3.49 15.1021 -2.5
      vertex 3.49 15.0682 -2.5
    endloop
  endfacet
  facet normal 0 0 -1
    outer loop
      vertex 3.49 15.1021 -2.5
      vertex 2.47487 20.9749 -2.5
      vertex 2.91014 20.4445 -2.5
    endloop
  endfacet
  facet normal 0 0 -1
    outer loop
      vertex 1.9445 21.4101 -2.5
      vertex 3.49 15.0682 -2.5
      vertex 3.49 15.0511 -2.5
    endloop
  endfacet
  facet normal 0 0 -1
    outer loop
      vertex 3.49 15.0682 -2.5
      vertex 1.9445 21.4101 -2.5
      vertex 2.47487 20.9749 -2.5
    endloop
  endfacet
  facet normal 1 -0 0
    outer loop
      vertex 3.5 16 2.5
      vertex 3.5 18.5 -2.5
      vertex 3.5 18.5 2.5
    endloop
  endfacet
  facet normal 1 0 0
    outer loop
      vertex 3.5 18.5 -2.5
      vertex 3.5 16 2.5
      vertex 3.5 16 -2.5
    endloop
  endfacet
  facet normal 0 0 -1
    outer loop
      vertex 0 22 -2.5
      vertex 3.49 15.0346 -2.5
      vertex 3.49 15.03 -2.5
    endloop
  endfacet
  facet normal 0 0 -1
    outer loop
      vertex 3.49 15.0346 -2.5
      vertex 0 22 -2.5
      vertex 0.682816 21.9327 -2.5
    endloop
  endfacet
  facet normal 0.0980871 0.995178 -0
    outer loop
      vertex 0.682816 21.9327 -2.5
      vertex 0 22 2.5
      vertex 0.682816 21.9327 2.5
    endloop
  endfacet
  facet normal 0.0980871 0.995178 0
    outer loop
      vertex 0 22 2.5
      vertex 0.682816 21.9327 -2.5
      vertex 0 22 -2.5
    endloop
  endfacet
  facet normal 0 0 -1
    outer loop
      vertex -3.49 15.1021 -2.5
      vertex -2.47487 20.9749 -2.5
      vertex -3.49 15.0682 -2.5
    endloop
  endfacet
  facet normal 0 0 -1
    outer loop
      vertex -2.47487 20.9749 -2.5
      vertex -3.49 15.1021 -2.5
      vertex -2.91014 20.4445 -2.5
    endloop
  endfacet
  facet normal 0 0 -1
    outer loop
      vertex -3.49 15.1913 -2.5
      vertex -2.91014 20.4445 -2.5
      vertex -3.49 15.1021 -2.5
    endloop
  endfacet
  facet normal 0 0 -1
    outer loop
      vertex -2.91014 20.4445 -2.5
      vertex -3.49 15.1913 -2.5
      vertex -3.23358 19.8394 -2.5
    endloop
  endfacet
  facet normal -0.0980871 0.995178 0
    outer loop
      vertex 0 22 -2.5
      vertex -0.682816 21.9327 2.5
      vertex 0 22 2.5
    endloop
  endfacet
  facet normal -0.0980871 0.995178 0
    outer loop
      vertex -0.682816 21.9327 2.5
      vertex 0 22 -2.5
      vertex -0.682816 21.9327 -2.5
    endloop
  endfacet
  facet normal -0.0978464 0.995202 0
    outer loop
      vertex -8.67844e-05 20.5 2.5
      vertex -0.117054 20.4885 3.2
      vertex -8.67844e-05 20.5 3.2
    endloop
  endfacet
  facet normal -0.0978464 0.995202 0
    outer loop
      vertex -0.117054 20.4885 3.2
      vertex -8.67844e-05 20.5 2.5
      vertex -0.117054 20.4885 2.5
    endloop
  endfacet
  facet normal -0.956901 -0.290413 0
    outer loop
      vertex -0.554327 16.5704 2.5
      vertex -0.58847 16.6829 3.2
      vertex -0.58847 16.6829 2.5
    endloop
  endfacet
  facet normal -0.956901 -0.290413 0
    outer loop
      vertex -0.58847 16.6829 3.2
      vertex -0.554327 16.5704 2.5
      vertex -0.554327 16.5704 3.2
    endloop
  endfacet
  facet normal 0.0978464 0.995202 -0
    outer loop
      vertex 0.117054 20.4885 2.5
      vertex 8.67844e-05 20.5 3.2
      vertex 0.117054 20.4885 3.2
    endloop
  endfacet
  facet normal 0.0978464 0.995202 0
    outer loop
      vertex 8.67844e-05 20.5 3.2
      vertex 0.117054 20.4885 2.5
      vertex 8.67844e-05 20.5 2.5
    endloop
  endfacet
  facet normal 1 -0 0
    outer loop
      vertex 0.599991 16.7999 3.2
      vertex 0.599991 19.9001 2.5
      vertex 0.599991 19.9001 3.2
    endloop
  endfacet
  facet normal 1 0 0
    outer loop
      vertex 0.599991 19.9001 2.5
      vertex 0.599991 16.7999 3.2
      vertex 0.599991 16.7999 2.5
    endloop
  endfacet
  facet normal -0.47109 0.882085 0
    outer loop
      vertex -0.229609 20.4543 2.5
      vertex -0.333342 20.3989 3.2
      vertex -0.229609 20.4543 3.2
    endloop
  endfacet
  facet normal -0.47109 0.882085 0
    outer loop
      vertex -0.333342 20.3989 3.2
      vertex -0.229609 20.4543 2.5
      vertex -0.333342 20.3989 2.5
    endloop
  endfacet
  facet normal -0.88186 0.47151 0
    outer loop
      vertex -0.554327 20.1296 2.5
      vertex -0.498881 20.2333 3.2
      vertex -0.498881 20.2333 2.5
    endloop
  endfacet
  facet normal -0.88186 0.47151 0
    outer loop
      vertex -0.498881 20.2333 3.2
      vertex -0.554327 20.1296 2.5
      vertex -0.554327 20.1296 3.2
    endloop
  endfacet
  facet normal 0.634303 0.773084 -0
    outer loop
      vertex 0.424264 20.3243 2.5
      vertex 0.333342 20.3989 3.2
      vertex 0.424264 20.3243 3.2
    endloop
  endfacet
  facet normal 0.634303 0.773084 0
    outer loop
      vertex 0.333342 20.3989 3.2
      vertex 0.424264 20.3243 2.5
      vertex 0.333342 20.3989 2.5
    endloop
  endfacet
  facet normal -0.77328 0.634064 0
    outer loop
      vertex -0.498881 20.2333 2.5
      vertex -0.424264 20.3243 3.2
      vertex -0.424264 20.3243 2.5
    endloop
  endfacet
  facet normal -0.77328 0.634064 0
    outer loop
      vertex -0.424264 20.3243 3.2
      vertex -0.498881 20.2333 2.5
      vertex -0.498881 20.2333 3.2
    endloop
  endfacet
  facet normal 0.88186 0.47151 0
    outer loop
      vertex 0.554327 20.1296 3.2
      vertex 0.498881 20.2333 2.5
      vertex 0.498881 20.2333 3.2
    endloop
  endfacet
  facet normal 0.88186 0.47151 0
    outer loop
      vertex 0.498881 20.2333 2.5
      vertex 0.554327 20.1296 3.2
      vertex 0.554327 20.1296 2.5
    endloop
  endfacet
  facet normal -0.0978464 -0.995202 0
    outer loop
      vertex -0.117054 16.2115 2.5
      vertex -8.67844e-05 16.2 3.2
      vertex -0.117054 16.2115 3.2
    endloop
  endfacet
  facet normal -0.0978464 -0.995202 -0
    outer loop
      vertex -8.67844e-05 16.2 3.2
      vertex -0.117054 16.2115 2.5
      vertex -8.67844e-05 16.2 2.5
    endloop
  endfacet
  facet normal -0.634303 0.773084 0
    outer loop
      vertex -0.333342 20.3989 2.5
      vertex -0.424264 20.3243 3.2
      vertex -0.333342 20.3989 3.2
    endloop
  endfacet
  facet normal -0.634303 0.773084 0
    outer loop
      vertex -0.424264 20.3243 3.2
      vertex -0.333342 20.3989 2.5
      vertex -0.424264 20.3243 2.5
    endloop
  endfacet
  facet normal 0.290727 -0.956806 0
    outer loop
      vertex 0.117054 16.2115 2.5
      vertex 0.229609 16.2457 3.2
      vertex 0.117054 16.2115 3.2
    endloop
  endfacet
  facet normal 0.290727 -0.956806 0
    outer loop
      vertex 0.229609 16.2457 3.2
      vertex 0.117054 16.2115 2.5
      vertex 0.229609 16.2457 2.5
    endloop
  endfacet
  facet normal 0.47109 -0.882085 0
    outer loop
      vertex 0.229609 16.2457 2.5
      vertex 0.333342 16.3011 3.2
      vertex 0.229609 16.2457 3.2
    endloop
  endfacet
  facet normal 0.47109 -0.882085 0
    outer loop
      vertex 0.333342 16.3011 3.2
      vertex 0.229609 16.2457 2.5
      vertex 0.333342 16.3011 2.5
    endloop
  endfacet
  facet normal -1 0 0
    outer loop
      vertex -0.599991 16.7999 2.5
      vertex -0.599991 19.9001 3.2
      vertex -0.599991 19.9001 2.5
    endloop
  endfacet
  facet normal -1 -0 0
    outer loop
      vertex -0.599991 19.9001 3.2
      vertex -0.599991 16.7999 2.5
      vertex -0.599991 16.7999 3.2
    endloop
  endfacet
  facet normal 0 1 -0
    outer loop
      vertex 8.67844e-05 20.5 2.5
      vertex -8.67844e-05 20.5 3.2
      vertex 8.67844e-05 20.5 3.2
    endloop
  endfacet
  facet normal 0 1 0
    outer loop
      vertex -8.67844e-05 20.5 3.2
      vertex 8.67844e-05 20.5 2.5
      vertex -8.67844e-05 20.5 2.5
    endloop
  endfacet
  facet normal -0.290727 0.956806 0
    outer loop
      vertex -0.117054 20.4885 2.5
      vertex -0.229609 20.4543 3.2
      vertex -0.117054 20.4885 3.2
    endloop
  endfacet
  facet normal -0.290727 0.956806 0
    outer loop
      vertex -0.229609 20.4543 3.2
      vertex -0.117054 20.4885 2.5
      vertex -0.229609 20.4543 2.5
    endloop
  endfacet
  facet normal 0.77328 0.634064 0
    outer loop
      vertex 0.498881 20.2333 3.2
      vertex 0.424264 20.3243 2.5
      vertex 0.424264 20.3243 3.2
    endloop
  endfacet
  facet normal 0.77328 0.634064 0
    outer loop
      vertex 0.424264 20.3243 2.5
      vertex 0.498881 20.2333 3.2
      vertex 0.498881 20.2333 2.5
    endloop
  endfacet
  facet normal 0.0978464 -0.995202 0
    outer loop
      vertex 8.67844e-05 16.2 2.5
      vertex 0.117054 16.2115 3.2
      vertex 8.67844e-05 16.2 3.2
    endloop
  endfacet
  facet normal 0.0978464 -0.995202 0
    outer loop
      vertex 0.117054 16.2115 3.2
      vertex 8.67844e-05 16.2 2.5
      vertex 0.117054 16.2115 2.5
    endloop
  endfacet
  facet normal 0.995187 0.0979961 0
    outer loop
      vertex 0.599991 19.9001 3.2
      vertex 0.58847 20.0171 2.5
      vertex 0.58847 20.0171 3.2
    endloop
  endfacet
  facet normal 0.995187 0.0979961 0
    outer loop
      vertex 0.58847 20.0171 2.5
      vertex 0.599991 19.9001 3.2
      vertex 0.599991 19.9001 2.5
    endloop
  endfacet
  facet normal -0.634303 -0.773084 0
    outer loop
      vertex -0.424264 16.3757 2.5
      vertex -0.333342 16.3011 3.2
      vertex -0.424264 16.3757 3.2
    endloop
  endfacet
  facet normal -0.634303 -0.773084 -0
    outer loop
      vertex -0.333342 16.3011 3.2
      vertex -0.424264 16.3757 2.5
      vertex -0.333342 16.3011 2.5
    endloop
  endfacet
  facet normal 0.290727 0.956806 -0
    outer loop
      vertex 0.229609 20.4543 2.5
      vertex 0.117054 20.4885 3.2
      vertex 0.229609 20.4543 3.2
    endloop
  endfacet
  facet normal 0.290727 0.956806 0
    outer loop
      vertex 0.117054 20.4885 3.2
      vertex 0.229609 20.4543 2.5
      vertex 0.117054 20.4885 2.5
    endloop
  endfacet
  facet normal -0.956901 0.290413 0
    outer loop
      vertex -0.58847 20.0171 2.5
      vertex -0.554327 20.1296 3.2
      vertex -0.554327 20.1296 2.5
    endloop
  endfacet
  facet normal -0.956901 0.290413 0
    outer loop
      vertex -0.554327 20.1296 3.2
      vertex -0.58847 20.0171 2.5
      vertex -0.58847 20.0171 3.2
    endloop
  endfacet
  facet normal 0.47109 0.882085 -0
    outer loop
      vertex 0.333342 20.3989 2.5
      vertex 0.229609 20.4543 3.2
      vertex 0.333342 20.3989 3.2
    endloop
  endfacet
  facet normal 0.47109 0.882085 0
    outer loop
      vertex 0.229609 20.4543 3.2
      vertex 0.333342 20.3989 2.5
      vertex 0.229609 20.4543 2.5
    endloop
  endfacet
  facet normal -0.995187 0.0979961 0
    outer loop
      vertex -0.599991 19.9001 2.5
      vertex -0.58847 20.0171 3.2
      vertex -0.58847 20.0171 2.5
    endloop
  endfacet
  facet normal -0.995187 0.0979961 0
    outer loop
      vertex -0.58847 20.0171 3.2
      vertex -0.599991 19.9001 2.5
      vertex -0.599991 19.9001 3.2
    endloop
  endfacet
  facet normal 0.956901 0.290413 0
    outer loop
      vertex 0.58847 20.0171 3.2
      vertex 0.554327 20.1296 2.5
      vertex 0.554327 20.1296 3.2
    endloop
  endfacet
  facet normal 0.956901 0.290413 0
    outer loop
      vertex 0.554327 20.1296 2.5
      vertex 0.58847 20.0171 3.2
      vertex 0.58847 20.0171 2.5
    endloop
  endfacet
  facet normal 0.956901 -0.290413 0
    outer loop
      vertex 0.554327 16.5704 3.2
      vertex 0.58847 16.6829 2.5
      vertex 0.58847 16.6829 3.2
    endloop
  endfacet
  facet normal 0.956901 -0.290413 0
    outer loop
      vertex 0.58847 16.6829 2.5
      vertex 0.554327 16.5704 3.2
      vertex 0.554327 16.5704 2.5
    endloop
  endfacet
  facet normal -0.995187 -0.0979961 0
    outer loop
      vertex -0.58847 16.6829 2.5
      vertex -0.599991 16.7999 3.2
      vertex -0.599991 16.7999 2.5
    endloop
  endfacet
  facet normal -0.995187 -0.0979961 0
    outer loop
      vertex -0.599991 16.7999 3.2
      vertex -0.58847 16.6829 2.5
      vertex -0.58847 16.6829 3.2
    endloop
  endfacet
  facet normal 0.995187 -0.0979961 0
    outer loop
      vertex 0.58847 16.6829 3.2
      vertex 0.599991 16.7999 2.5
      vertex 0.599991 16.7999 3.2
    endloop
  endfacet
  facet normal 0.995187 -0.0979961 0
    outer loop
      vertex 0.599991 16.7999 2.5
      vertex 0.58847 16.6829 3.2
      vertex 0.58847 16.6829 2.5
    endloop
  endfacet
  facet normal 0.77328 -0.634064 0
    outer loop
      vertex 0.424264 16.3757 3.2
      vertex 0.498881 16.4667 2.5
      vertex 0.498881 16.4667 3.2
    endloop
  endfacet
  facet normal 0.77328 -0.634064 0
    outer loop
      vertex 0.498881 16.4667 2.5
      vertex 0.424264 16.3757 3.2
      vertex 0.424264 16.3757 2.5
    endloop
  endfacet
  facet normal 0.634303 -0.773084 0
    outer loop
      vertex 0.333342 16.3011 2.5
      vertex 0.424264 16.3757 3.2
      vertex 0.333342 16.3011 3.2
    endloop
  endfacet
  facet normal 0.634303 -0.773084 0
    outer loop
      vertex 0.424264 16.3757 3.2
      vertex 0.333342 16.3011 2.5
      vertex 0.424264 16.3757 2.5
    endloop
  endfacet
  facet normal -0.88186 -0.47151 0
    outer loop
      vertex -0.498881 16.4667 2.5
      vertex -0.554327 16.5704 3.2
      vertex -0.554327 16.5704 2.5
    endloop
  endfacet
  facet normal -0.88186 -0.47151 0
    outer loop
      vertex -0.554327 16.5704 3.2
      vertex -0.498881 16.4667 2.5
      vertex -0.498881 16.4667 3.2
    endloop
  endfacet
  facet normal 0 0 1
    outer loop
      vertex -0.599991 19.9001 3.2
      vertex 0.599991 19.9001 3.2
      vertex 0.58847 20.0171 3.2
    endloop
  endfacet
  facet normal 0 0 1
    outer loop
      vertex 0.599991 19.9001 3.2
      vertex -0.599991 19.9001 3.2
      vertex 0.599991 16.7999 3.2
    endloop
  endfacet
  facet normal 0 0 1
    outer loop
      vertex -0.599991 19.9001 3.2
      vertex 0.58847 20.0171 3.2
      vertex 0.554327 20.1296 3.2
    endloop
  endfacet
  facet normal 0 0 1
    outer loop
      vertex -0.599991 16.7999 3.2
      vertex 0.599991 16.7999 3.2
      vertex -0.599991 19.9001 3.2
    endloop
  endfacet
  facet normal 0 0 1
    outer loop
      vertex -0.599991 19.9001 3.2
      vertex 0.554327 20.1296 3.2
      vertex 0.498881 20.2333 3.2
    endloop
  endfacet
  facet normal 0 0 1
    outer loop
      vertex 0.599991 16.7999 3.2
      vertex -0.599991 16.7999 3.2
      vertex 0.58847 16.6829 3.2
    endloop
  endfacet
  facet normal 0 0 1
    outer loop
      vertex -0.599991 19.9001 3.2
      vertex 0.498881 20.2333 3.2
      vertex 0.424264 20.3243 3.2
    endloop
  endfacet
  facet normal 0 0 1
    outer loop
      vertex 0.58847 16.6829 3.2
      vertex -0.599991 16.7999 3.2
      vertex 0.554327 16.5704 3.2
    endloop
  endfacet
  facet normal 0 0 1
    outer loop
      vertex -0.599991 19.9001 3.2
      vertex 0.424264 20.3243 3.2
      vertex 0.333342 20.3989 3.2
    endloop
  endfacet
  facet normal 0 0 1
    outer loop
      vertex 0.554327 16.5704 3.2
      vertex -0.599991 16.7999 3.2
      vertex 0.498881 16.4667 3.2
    endloop
  endfacet
  facet normal 0 0 1
    outer loop
      vertex -0.599991 19.9001 3.2
      vertex 0.333342 20.3989 3.2
      vertex 0.229609 20.4543 3.2
    endloop
  endfacet
  facet normal 0 0 1
    outer loop
      vertex 0.498881 16.4667 3.2
      vertex -0.599991 16.7999 3.2
      vertex 0.424264 16.3757 3.2
    endloop
  endfacet
  facet normal 0 0 1
    outer loop
      vertex -0.599991 19.9001 3.2
      vertex 0.229609 20.4543 3.2
      vertex 0.117054 20.4885 3.2
    endloop
  endfacet
  facet normal 0 0 1
    outer loop
      vertex 0.424264 16.3757 3.2
      vertex -0.599991 16.7999 3.2
      vertex 0.333342 16.3011 3.2
    endloop
  endfacet
  facet normal 0 0 1
    outer loop
      vertex -0.599991 19.9001 3.2
      vertex 0.117054 20.4885 3.2
      vertex 8.67844e-05 20.5 3.2
    endloop
  endfacet
  facet normal 0 0 1
    outer loop
      vertex 0.333342 16.3011 3.2
      vertex -0.599991 16.7999 3.2
      vertex 0.229609 16.2457 3.2
    endloop
  endfacet
  facet normal 0 0 1
    outer loop
      vertex -0.599991 19.9001 3.2
      vertex 8.67844e-05 20.5 3.2
      vertex -8.67844e-05 20.5 3.2
    endloop
  endfacet
  facet normal 0 0 1
    outer loop
      vertex 0.229609 16.2457 3.2
      vertex -0.599991 16.7999 3.2
      vertex 0.117054 16.2115 3.2
    endloop
  endfacet
  facet normal 0 0 1
    outer loop
      vertex -0.599991 19.9001 3.2
      vertex -8.67844e-05 20.5 3.2
      vertex -0.117054 20.4885 3.2
    endloop
  endfacet
  facet normal 0 0 1
    outer loop
      vertex 0.117054 16.2115 3.2
      vertex -0.599991 16.7999 3.2
      vertex 8.67844e-05 16.2 3.2
    endloop
  endfacet
  facet normal 0 0 1
    outer loop
      vertex -0.599991 19.9001 3.2
      vertex -0.117054 20.4885 3.2
      vertex -0.229609 20.4543 3.2
    endloop
  endfacet
  facet normal 0 0 1
    outer loop
      vertex 8.67844e-05 16.2 3.2
      vertex -0.599991 16.7999 3.2
      vertex -8.67844e-05 16.2 3.2
    endloop
  endfacet
  facet normal 0 0 1
    outer loop
      vertex -0.599991 19.9001 3.2
      vertex -0.229609 20.4543 3.2
      vertex -0.333342 20.3989 3.2
    endloop
  endfacet
  facet normal 0 0 1
    outer loop
      vertex -8.67844e-05 16.2 3.2
      vertex -0.599991 16.7999 3.2
      vertex -0.117054 16.2115 3.2
    endloop
  endfacet
  facet normal 0 0 1
    outer loop
      vertex -0.599991 19.9001 3.2
      vertex -0.333342 20.3989 3.2
      vertex -0.424264 20.3243 3.2
    endloop
  endfacet
  facet normal 0 0 1
    outer loop
      vertex -0.117054 16.2115 3.2
      vertex -0.599991 16.7999 3.2
      vertex -0.229609 16.2457 3.2
    endloop
  endfacet
  facet normal 0 0 1
    outer loop
      vertex -0.599991 19.9001 3.2
      vertex -0.424264 20.3243 3.2
      vertex -0.498881 20.2333 3.2
    endloop
  endfacet
  facet normal 0 0 1
    outer loop
      vertex -0.229609 16.2457 3.2
      vertex -0.599991 16.7999 3.2
      vertex -0.333342 16.3011 3.2
    endloop
  endfacet
  facet normal 0 0 1
    outer loop
      vertex -0.599991 19.9001 3.2
      vertex -0.498881 20.2333 3.2
      vertex -0.554327 20.1296 3.2
    endloop
  endfacet
  facet normal 0 0 1
    outer loop
      vertex -0.333342 16.3011 3.2
      vertex -0.599991 16.7999 3.2
      vertex -0.424264 16.3757 3.2
    endloop
  endfacet
  facet normal 0 0 1
    outer loop
      vertex -0.599991 19.9001 3.2
      vertex -0.554327 20.1296 3.2
      vertex -0.58847 20.0171 3.2
    endloop
  endfacet
  facet normal 0 0 1
    outer loop
      vertex -0.424264 16.3757 3.2
      vertex -0.599991 16.7999 3.2
      vertex -0.498881 16.4667 3.2
    endloop
  endfacet
  facet normal 0 0 1
    outer loop
      vertex -0.498881 16.4667 3.2
      vertex -0.599991 16.7999 3.2
      vertex -0.554327 16.5704 3.2
    endloop
  endfacet
  facet normal 0 0 1
    outer loop
      vertex -0.554327 16.5704 3.2
      vertex -0.599991 16.7999 3.2
      vertex -0.58847 16.6829 3.2
    endloop
  endfacet
  facet normal -0.290727 -0.956806 0
    outer loop
      vertex -0.229609 16.2457 2.5
      vertex -0.117054 16.2115 3.2
      vertex -0.229609 16.2457 3.2
    endloop
  endfacet
  facet normal -0.290727 -0.956806 -0
    outer loop
      vertex -0.117054 16.2115 3.2
      vertex -0.229609 16.2457 2.5
      vertex -0.117054 16.2115 2.5
    endloop
  endfacet
  facet normal 0.88186 -0.47151 0
    outer loop
      vertex 0.498881 16.4667 3.2
      vertex 0.554327 16.5704 2.5
      vertex 0.554327 16.5704 3.2
    endloop
  endfacet
  facet normal 0.88186 -0.47151 0
    outer loop
      vertex 0.554327 16.5704 2.5
      vertex 0.498881 16.4667 3.2
      vertex 0.498881 16.4667 2.5
    endloop
  endfacet
  facet normal -0.77328 -0.634064 0
    outer loop
      vertex -0.424264 16.3757 2.5
      vertex -0.498881 16.4667 3.2
      vertex -0.498881 16.4667 2.5
    endloop
  endfacet
  facet normal -0.77328 -0.634064 0
    outer loop
      vertex -0.498881 16.4667 3.2
      vertex -0.424264 16.3757 2.5
      vertex -0.424264 16.3757 3.2
    endloop
  endfacet
  facet normal 0 0 -1
    outer loop
      vertex -0.599991 16.7999 2.5
      vertex 0.599991 16.7999 2.5
      vertex 0.58847 16.6829 2.5
    endloop
  endfacet
  facet normal 0 0 -1
    outer loop
      vertex 0.599991 16.7999 2.5
      vertex -0.599991 16.7999 2.5
      vertex 0.599991 19.9001 2.5
    endloop
  endfacet
  facet normal 0 0 -1
    outer loop
      vertex -0.599991 16.7999 2.5
      vertex 0.58847 16.6829 2.5
      vertex 0.554327 16.5704 2.5
    endloop
  endfacet
  facet normal 0 0 -1
    outer loop
      vertex -0.599991 19.9001 2.5
      vertex 0.599991 19.9001 2.5
      vertex -0.599991 16.7999 2.5
    endloop
  endfacet
  facet normal 0 0 -1
    outer loop
      vertex -0.599991 16.7999 2.5
      vertex 0.554327 16.5704 2.5
      vertex 0.498881 16.4667 2.5
    endloop
  endfacet
  facet normal 0 0 -1
    outer loop
      vertex 0.599991 19.9001 2.5
      vertex -0.599991 19.9001 2.5
      vertex 0.58847 20.0171 2.5
    endloop
  endfacet
  facet normal 0 0 -1
    outer loop
      vertex -0.599991 16.7999 2.5
      vertex 0.498881 16.4667 2.5
      vertex 0.424264 16.3757 2.5
    endloop
  endfacet
  facet normal -0 0 -1
    outer loop
      vertex 0.58847 20.0171 2.5
      vertex -0.599991 19.9001 2.5
      vertex 0.554327 20.1296 2.5
    endloop
  endfacet
  facet normal 0 0 -1
    outer loop
      vertex -0.599991 16.7999 2.5
      vertex 0.424264 16.3757 2.5
      vertex 0.333342 16.3011 2.5
    endloop
  endfacet
  facet normal -0 0 -1
    outer loop
      vertex 0.554327 20.1296 2.5
      vertex -0.599991 19.9001 2.5
      vertex 0.498881 20.2333 2.5
    endloop
  endfacet
  facet normal 0 0 -1
    outer loop
      vertex -0.599991 16.7999 2.5
      vertex 0.333342 16.3011 2.5
      vertex 0.229609 16.2457 2.5
    endloop
  endfacet
  facet normal -0 0 -1
    outer loop
      vertex 0.498881 20.2333 2.5
      vertex -0.599991 19.9001 2.5
      vertex 0.424264 20.3243 2.5
    endloop
  endfacet
  facet normal 0 0 -1
    outer loop
      vertex -0.599991 16.7999 2.5
      vertex 0.229609 16.2457 2.5
      vertex 0.117054 16.2115 2.5
    endloop
  endfacet
  facet normal -0 0 -1
    outer loop
      vertex 0.424264 20.3243 2.5
      vertex -0.599991 19.9001 2.5
      vertex 0.333342 20.3989 2.5
    endloop
  endfacet
  facet normal 0 0 -1
    outer loop
      vertex -0.599991 16.7999 2.5
      vertex 0.117054 16.2115 2.5
      vertex 8.67844e-05 16.2 2.5
    endloop
  endfacet
  facet normal -0 0 -1
    outer loop
      vertex 0.333342 20.3989 2.5
      vertex -0.599991 19.9001 2.5
      vertex 0.229609 20.4543 2.5
    endloop
  endfacet
  facet normal 0 0 -1
    outer loop
      vertex -0.599991 16.7999 2.5
      vertex 8.67844e-05 16.2 2.5
      vertex -8.67844e-05 16.2 2.5
    endloop
  endfacet
  facet normal -0 0 -1
    outer loop
      vertex 0.229609 20.4543 2.5
      vertex -0.599991 19.9001 2.5
      vertex 0.117054 20.4885 2.5
    endloop
  endfacet
  facet normal 0 0 -1
    outer loop
      vertex -0.599991 16.7999 2.5
      vertex -8.67844e-05 16.2 2.5
      vertex -0.117054 16.2115 2.5
    endloop
  endfacet
  facet normal -0 0 -1
    outer loop
      vertex 0.117054 20.4885 2.5
      vertex -0.599991 19.9001 2.5
      vertex 8.67844e-05 20.5 2.5
    endloop
  endfacet
  facet normal 0 0 -1
    outer loop
      vertex -0.599991 16.7999 2.5
      vertex -0.117054 16.2115 2.5
      vertex -0.229609 16.2457 2.5
    endloop
  endfacet
  facet normal -0 0 -1
    outer loop
      vertex 8.67844e-05 20.5 2.5
      vertex -0.599991 19.9001 2.5
      vertex -8.67844e-05 20.5 2.5
    endloop
  endfacet
  facet normal 0 0 -1
    outer loop
      vertex -0.599991 16.7999 2.5
      vertex -0.229609 16.2457 2.5
      vertex -0.333342 16.3011 2.5
    endloop
  endfacet
  facet normal 0 0 -1
    outer loop
      vertex -8.67844e-05 20.5 2.5
      vertex -0.599991 19.9001 2.5
      vertex -0.117054 20.4885 2.5
    endloop
  endfacet
  facet normal 0 0 -1
    outer loop
      vertex -0.599991 16.7999 2.5
      vertex -0.333342 16.3011 2.5
      vertex -0.424264 16.3757 2.5
    endloop
  endfacet
  facet normal 0 0 -1
    outer loop
      vertex -0.117054 20.4885 2.5
      vertex -0.599991 19.9001 2.5
      vertex -0.229609 20.4543 2.5
    endloop
  endfacet
  facet normal 0 0 -1
    outer loop
      vertex -0.599991 16.7999 2.5
      vertex -0.424264 16.3757 2.5
      vertex -0.498881 16.4667 2.5
    endloop
  endfacet
  facet normal 0 0 -1
    outer loop
      vertex -0.229609 20.4543 2.5
      vertex -0.599991 19.9001 2.5
      vertex -0.333342 20.3989 2.5
    endloop
  endfacet
  facet normal 0 0 -1
    outer loop
      vertex -0.599991 16.7999 2.5
      vertex -0.498881 16.4667 2.5
      vertex -0.554327 16.5704 2.5
    endloop
  endfacet
  facet normal 0 0 -1
    outer loop
      vertex -0.333342 20.3989 2.5
      vertex -0.599991 19.9001 2.5
      vertex -0.424264 20.3243 2.5
    endloop
  endfacet
  facet normal 0 0 -1
    outer loop
      vertex -0.599991 16.7999 2.5
      vertex -0.554327 16.5704 2.5
      vertex -0.58847 16.6829 2.5
    endloop
  endfacet
  facet normal 0 0 -1
    outer loop
      vertex -0.424264 20.3243 2.5
      vertex -0.599991 19.9001 2.5
      vertex -0.498881 20.2333 2.5
    endloop
  endfacet
  facet normal 0 0 -1
    outer loop
      vertex -0.498881 20.2333 2.5
      vertex -0.599991 19.9001 2.5
      vertex -0.554327 20.1296 2.5
    endloop
  endfacet
  facet normal 0 0 -1
    outer loop
      vertex -0.554327 20.1296 2.5
      vertex -0.599991 19.9001 2.5
      vertex -0.58847 20.0171 2.5
    endloop
  endfacet
  facet normal -0.47109 -0.882085 0
    outer loop
      vertex -0.333342 16.3011 2.5
      vertex -0.229609 16.2457 3.2
      vertex -0.333342 16.3011 3.2
    endloop
  endfacet
  facet normal -0.47109 -0.882085 -0
    outer loop
      vertex -0.229609 16.2457 3.2
      vertex -0.333342 16.3011 2.5
      vertex -0.229609 16.2457 2.5
    endloop
  endfacet
  facet normal 0 -1 0
    outer loop
      vertex -8.67844e-05 16.2 2.5
      vertex 8.67844e-05 16.2 3.2
      vertex -8.67844e-05 16.2 3.2
    endloop
  endfacet
  facet normal 0 -1 -0
    outer loop
      vertex 8.67844e-05 16.2 3.2
      vertex -8.67844e-05 16.2 2.5
      vertex 8.67844e-05 16.2 2.5
    endloop
  endfacet
  facet normal 0 0 1
    outer loop
      vertex -24.99 -14.99 2.5
      vertex -25 -14.99 2.5
      vertex -24.99 -15 2.5
    endloop
  endfacet
  facet normal -0 0 1
    outer loop
      vertex -24.99 -15 2.5
      vertex -22.9114 -31.2183 2.5
      vertex -15 -15 2.5
    endloop
  endfacet
  facet normal -0 0 1
    outer loop
      vertex -25 -30.736 2.5
      vertex -22.9114 -31.2183 2.5
      vertex -24.99 -15 2.5
    endloop
  endfacet
  facet normal 0 0 1
    outer loop
      vertex -22.9114 -31.2183 2.5
      vertex -25 -30.736 2.5
      vertex -23.0314 -31.411 2.5
    endloop
  endfacet
  facet normal 0 0 1
    outer loop
      vertex -23.1885 -31.5749 2.5
      vertex -25 -30.736 2.5
      vertex -23.3758 -31.7031 2.5
    endloop
  endfacet
  facet normal 0 0 1
    outer loop
      vertex -23.3758 -31.7031 2.5
      vertex -25 -30.736 2.5
      vertex -23.5855 -31.7901 2.5
    endloop
  endfacet
  facet normal 0 0 1
    outer loop
      vertex -23.5855 -31.7901 2.5
      vertex -25 -30.736 2.5
      vertex -23.8086 -31.8322 2.5
    endloop
  endfacet
  facet normal 0 0 1
    outer loop
      vertex -23.8086 -31.8322 2.5
      vertex -25 -30.736 2.5
      vertex -24.0356 -31.8276 2.5
    endloop
  endfacet
  facet normal 0 0 1
    outer loop
      vertex -24.0356 -31.8276 2.5
      vertex -25 -30.736 2.5
      vertex -24.2568 -31.7766 2.5
    endloop
  endfacet
  facet normal 0 0 1
    outer loop
      vertex -24.2568 -31.7766 2.5
      vertex -25 -30.736 2.5
      vertex -24.4628 -31.6812 2.5
    endloop
  endfacet
  facet normal 0 0 1
    outer loop
      vertex -24.4628 -31.6812 2.5
      vertex -25 -30.736 2.5
      vertex -24.6448 -31.5455 2.5
    endloop
  endfacet
  facet normal 0 0 1
    outer loop
      vertex -24.6448 -31.5455 2.5
      vertex -25 -30.736 2.5
      vertex -24.7951 -31.3754 2.5
    endloop
  endfacet
  facet normal 0 0 1
    outer loop
      vertex -24.7951 -31.3754 2.5
      vertex -25 -30.736 2.5
      vertex -24.9073 -31.178 2.5
    endloop
  endfacet
  facet normal 0 0 1
    outer loop
      vertex -23.0314 -31.411 2.5
      vertex -25 -30.736 2.5
      vertex -23.1885 -31.5749 2.5
    endloop
  endfacet
  facet normal 0 0 1
    outer loop
      vertex -25 -30.736 2.5
      vertex -24.99 -15 2.5
      vertex -25 -14.99 2.5
    endloop
  endfacet
  facet normal 0 0 1
    outer loop
      vertex -24.9073 -31.178 2.5
      vertex -25 -30.736 2.5
      vertex -24.9766 -30.9618 2.5
    endloop
  endfacet
  facet normal 0 0 -1
    outer loop
      vertex -25 -30.736 -2.5
      vertex -22.9114 -31.2183 -2.5
      vertex -23.0314 -31.411 -2.5
    endloop
  endfacet
  facet normal 0 0 -1
    outer loop
      vertex -25 -30.736 -2.5
      vertex -23.0314 -31.411 -2.5
      vertex -23.1885 -31.5749 -2.5
    endloop
  endfacet
  facet normal 0 0 -1
    outer loop
      vertex -25 -30.736 -2.5
      vertex -23.1885 -31.5749 -2.5
      vertex -23.3758 -31.7031 -2.5
    endloop
  endfacet
  facet normal 0 0 -1
    outer loop
      vertex -25 -30.736 -2.5
      vertex -23.3758 -31.7031 -2.5
      vertex -23.5855 -31.7901 -2.5
    endloop
  endfacet
  facet normal 0 0 -1
    outer loop
      vertex -25 -30.736 -2.5
      vertex -23.5855 -31.7901 -2.5
      vertex -23.8086 -31.8322 -2.5
    endloop
  endfacet
  facet normal 0 0 -1
    outer loop
      vertex -25 -30.736 -2.5
      vertex -23.8086 -31.8322 -2.5
      vertex -24.0356 -31.8276 -2.5
    endloop
  endfacet
  facet normal 0 0 -1
    outer loop
      vertex -25 -30.736 -2.5
      vertex -24.0356 -31.8276 -2.5
      vertex -24.2568 -31.7766 -2.5
    endloop
  endfacet
  facet normal 0 0 -1
    outer loop
      vertex -25 -30.736 -2.5
      vertex -24.2568 -31.7766 -2.5
      vertex -24.4628 -31.6812 -2.5
    endloop
  endfacet
  facet normal 0 0 -1
    outer loop
      vertex -25 -30.736 -2.5
      vertex -24.4628 -31.6812 -2.5
      vertex -24.6448 -31.5455 -2.5
    endloop
  endfacet
  facet normal 0 0 -1
    outer loop
      vertex -25 -30.736 -2.5
      vertex -24.6448 -31.5455 -2.5
      vertex -24.7951 -31.3754 -2.5
    endloop
  endfacet
  facet normal 0 0 -1
    outer loop
      vertex -25 -30.736 -2.5
      vertex -24.7951 -31.3754 -2.5
      vertex -24.9073 -31.178 -2.5
    endloop
  endfacet
  facet normal 0 0 -1
    outer loop
      vertex -25 -30.736 -2.5
      vertex -24.9073 -31.178 -2.5
      vertex -24.9766 -30.9618 -2.5
    endloop
  endfacet
  facet normal 0 0 -1
    outer loop
      vertex -22.9114 -31.2183 -2.5
      vertex -25 -30.736 -2.5
      vertex -24.99 -15 -2.5
    endloop
  endfacet
  facet normal 0 0 -1
    outer loop
      vertex -22.9114 -31.2183 -2.5
      vertex -24.99 -15 -2.5
      vertex -15 -15 -2.5
    endloop
  endfacet
  facet normal 0 0 -1
    outer loop
      vertex -25 -14.99 -2.5
      vertex -24.99 -15 -2.5
      vertex -25 -30.736 -2.5
    endloop
  endfacet
  facet normal 0 0 -1
    outer loop
      vertex -24.99 -15 -2.5
      vertex -25 -14.99 -2.5
      vertex -24.99 -14.99 -2.5
    endloop
  endfacet
  facet normal 0.898768 -0.438425 0
    outer loop
      vertex -15 -15 2.5
      vertex -22.9114 -31.2183 2.5
      vertex -15 -15 -2.5
    endloop
  endfacet
  facet normal 0.898768 -0.438425 0
    outer loop
      vertex -22.9114 -31.2183 -2.5
      vertex -15 -15 -2.5
      vertex -22.9114 -31.2183 2.5
    endloop
  endfacet
  facet normal 0 -1 0
    outer loop
      vertex -15 -15 2.5
      vertex 24 -15 -2.5
      vertex 24 -15 2.5
    endloop
  endfacet
  facet normal 0 -1 0
    outer loop
      vertex 24 -15 -2.5
      vertex -15 -15 2.5
      vertex -15 -15 -2.5
    endloop
  endfacet
  facet normal -1 0 0
    outer loop
      vertex -25 -14.99 -2.5
      vertex -25 14 2.5
      vertex -25 14 -2.5
    endloop
  endfacet
  facet normal -1 0 0
    outer loop
      vertex -25 -14.99 -2.5
      vertex -25 -14.99 2.5
      vertex -25 14 2.5
    endloop
  endfacet
  facet normal -1 0 0
    outer loop
      vertex -25 -30.736 -2.5
      vertex -25 -14.99 2.5
      vertex -25 -14.99 -2.5
    endloop
  endfacet
  facet normal -1 -0 0
    outer loop
      vertex -25 -14.99 2.5
      vertex -25 -30.736 -2.5
      vertex -25 -30.736 2.5
    endloop
  endfacet
  facet normal 0.848863 -0.528612 0
    outer loop
      vertex -23.0314 -31.411 2.5
      vertex -22.9114 -31.2183 -2.5
      vertex -22.9114 -31.2183 2.5
    endloop
  endfacet
  facet normal 0.848863 -0.528612 0
    outer loop
      vertex -22.9114 -31.2183 -2.5
      vertex -23.0314 -31.411 2.5
      vertex -23.0314 -31.411 -2.5
    endloop
  endfacet
  facet normal 0.721924 -0.691972 0
    outer loop
      vertex -23.1885 -31.5749 2.5
      vertex -23.0314 -31.411 -2.5
      vertex -23.0314 -31.411 2.5
    endloop
  endfacet
  facet normal 0.721924 -0.691972 0
    outer loop
      vertex -23.0314 -31.411 -2.5
      vertex -23.1885 -31.5749 2.5
      vertex -23.1885 -31.5749 -2.5
    endloop
  endfacet
  facet normal 0.564826 -0.82521 0
    outer loop
      vertex -23.3758 -31.7031 -2.5
      vertex -23.1885 -31.5749 2.5
      vertex -23.3758 -31.7031 2.5
    endloop
  endfacet
  facet normal 0.564826 -0.82521 0
    outer loop
      vertex -23.1885 -31.5749 2.5
      vertex -23.3758 -31.7031 -2.5
      vertex -23.1885 -31.5749 -2.5
    endloop
  endfacet
  facet normal 0.383208 -0.923662 0
    outer loop
      vertex -23.5855 -31.7901 -2.5
      vertex -23.3758 -31.7031 2.5
      vertex -23.5855 -31.7901 2.5
    endloop
  endfacet
  facet normal 0.383208 -0.923662 0
    outer loop
      vertex -23.3758 -31.7031 2.5
      vertex -23.5855 -31.7901 -2.5
      vertex -23.3758 -31.7031 -2.5
    endloop
  endfacet
  facet normal 0.185432 -0.982657 0
    outer loop
      vertex -23.8086 -31.8322 -2.5
      vertex -23.5855 -31.7901 2.5
      vertex -23.8086 -31.8322 2.5
    endloop
  endfacet
  facet normal 0.185432 -0.982657 0
    outer loop
      vertex -23.5855 -31.7901 2.5
      vertex -23.8086 -31.8322 -2.5
      vertex -23.5855 -31.7901 -2.5
    endloop
  endfacet
  facet normal -0.0202602 -0.999795 0
    outer loop
      vertex -24.0356 -31.8276 -2.5
      vertex -23.8086 -31.8322 2.5
      vertex -24.0356 -31.8276 2.5
    endloop
  endfacet
  facet normal -0.0202602 -0.999795 -0
    outer loop
      vertex -23.8086 -31.8322 2.5
      vertex -24.0356 -31.8276 -2.5
      vertex -23.8086 -31.8322 -2.5
    endloop
  endfacet
  facet normal -0.224666 -0.974436 0
    outer loop
      vertex -24.2568 -31.7766 -2.5
      vertex -24.0356 -31.8276 2.5
      vertex -24.2568 -31.7766 2.5
    endloop
  endfacet
  facet normal -0.224666 -0.974436 -0
    outer loop
      vertex -24.0356 -31.8276 2.5
      vertex -24.2568 -31.7766 -2.5
      vertex -24.0356 -31.8276 -2.5
    endloop
  endfacet
  facet normal -0.420231 -0.907417 0
    outer loop
      vertex -24.4628 -31.6812 -2.5
      vertex -24.2568 -31.7766 2.5
      vertex -24.4628 -31.6812 2.5
    endloop
  endfacet
  facet normal -0.420231 -0.907417 -0
    outer loop
      vertex -24.2568 -31.7766 2.5
      vertex -24.4628 -31.6812 -2.5
      vertex -24.2568 -31.7766 -2.5
    endloop
  endfacet
  facet normal -0.597742 -0.801688 0
    outer loop
      vertex -24.6448 -31.5455 -2.5
      vertex -24.4628 -31.6812 2.5
      vertex -24.6448 -31.5455 2.5
    endloop
  endfacet
  facet normal -0.597742 -0.801688 -0
    outer loop
      vertex -24.4628 -31.6812 2.5
      vertex -24.6448 -31.5455 -2.5
      vertex -24.4628 -31.6812 -2.5
    endloop
  endfacet
  facet normal -0.749375 -0.662146 0
    outer loop
      vertex -24.6448 -31.5455 -2.5
      vertex -24.7951 -31.3754 2.5
      vertex -24.7951 -31.3754 -2.5
    endloop
  endfacet
  facet normal -0.749375 -0.662146 0
    outer loop
      vertex -24.7951 -31.3754 2.5
      vertex -24.6448 -31.5455 -2.5
      vertex -24.6448 -31.5455 2.5
    endloop
  endfacet
  facet normal -0.869379 -0.494146 0
    outer loop
      vertex -24.7951 -31.3754 -2.5
      vertex -24.9073 -31.178 2.5
      vertex -24.9073 -31.178 -2.5
    endloop
  endfacet
  facet normal -0.869379 -0.494146 0
    outer loop
      vertex -24.9073 -31.178 2.5
      vertex -24.7951 -31.3754 -2.5
      vertex -24.7951 -31.3754 2.5
    endloop
  endfacet
  facet normal -0.952276 -0.305239 0
    outer loop
      vertex -24.9073 -31.178 -2.5
      vertex -24.9766 -30.9618 2.5
      vertex -24.9766 -30.9618 -2.5
    endloop
  endfacet
  facet normal -0.952276 -0.305239 0
    outer loop
      vertex -24.9766 -30.9618 2.5
      vertex -24.9073 -31.178 -2.5
      vertex -24.9073 -31.178 2.5
    endloop
  endfacet
  facet normal -0.994673 -0.103079 0
    outer loop
      vertex -24.9766 -30.9618 -2.5
      vertex -25 -30.736 2.5
      vertex -25 -30.736 -2.5
    endloop
  endfacet
  facet normal -0.994673 -0.103079 0
    outer loop
      vertex -25 -30.736 2.5
      vertex -24.9766 -30.9618 -2.5
      vertex -24.9766 -30.9618 2.5
    endloop
  endfacet
  facet normal 1 -0 0
    outer loop
      vertex -23.2 -17.4001 3.2
      vertex -23.2 -14.4 2.5
      vertex -23.2 -14.4 3.2
    endloop
  endfacet
  facet normal 1 0 0
    outer loop
      vertex -23.2 -14.4 2.5
      vertex -23.2 -17.4001 3.2
      vertex -23.2 -17.4001 2.5
    endloop
  endfacet
  facet normal -0.995204 -0.0978192 0
    outer loop
      vertex -24.3885 -17.5171 2.5
      vertex -24.4 -17.4001 3.2
      vertex -24.4 -17.4001 2.5
    endloop
  endfacet
  facet normal -0.995204 -0.0978192 0
    outer loop
      vertex -24.4 -17.4001 3.2
      vertex -24.3885 -17.5171 2.5
      vertex -24.3885 -17.5171 3.2
    endloop
  endfacet
  facet normal -1 0 0
    outer loop
      vertex -24.4 -17.4001 2.5
      vertex -24.4 -14.0999 3.2
      vertex -24.4 -14.0999 2.5
    endloop
  endfacet
  facet normal -1 -0 0
    outer loop
      vertex -24.4 -14.0999 3.2
      vertex -24.4 -17.4001 2.5
      vertex -24.4 -17.4001 3.2
    endloop
  endfacet
  facet normal 0.882023 -0.471206 0
    outer loop
      vertex -23.3011 -17.7333 3.2
      vertex -23.2457 -17.6296 2.5
      vertex -23.2457 -17.6296 3.2
    endloop
  endfacet
  facet normal 0.882023 -0.471206 0
    outer loop
      vertex -23.2457 -17.6296 2.5
      vertex -23.3011 -17.7333 3.2
      vertex -23.3011 -17.7333 2.5
    endloop
  endfacet
  facet normal 0 0 -1
    outer loop
      vertex -24.4 -17.4001 2.5
      vertex -23.2 -17.4001 2.5
      vertex -23.2115 -17.5171 2.5
    endloop
  endfacet
  facet normal 0 0 -1
    outer loop
      vertex -24.4 -17.4001 2.5
      vertex -23.2115 -17.5171 2.5
      vertex -23.2457 -17.6296 2.5
    endloop
  endfacet
  facet normal 0 0 -1
    outer loop
      vertex -24.4 -17.4001 2.5
      vertex -23.2457 -17.6296 2.5
      vertex -23.3011 -17.7333 2.5
    endloop
  endfacet
  facet normal 0 0 -1
    outer loop
      vertex -24.4 -17.4001 2.5
      vertex -23.3011 -17.7333 2.5
      vertex -23.3757 -17.8243 2.5
    endloop
  endfacet
  facet normal 0 0 -1
    outer loop
      vertex -24.4 -17.4001 2.5
      vertex -23.3757 -17.8243 2.5
      vertex -23.4667 -17.8989 2.5
    endloop
  endfacet
  facet normal 0 0 -1
    outer loop
      vertex -24.4 -17.4001 2.5
      vertex -23.4667 -17.8989 2.5
      vertex -23.5704 -17.9543 2.5
    endloop
  endfacet
  facet normal 0 0 -1
    outer loop
      vertex -24.4 -17.4001 2.5
      vertex -23.5704 -17.9543 2.5
      vertex -23.6829 -17.9885 2.5
    endloop
  endfacet
  facet normal 0 0 -1
    outer loop
      vertex -24.4 -17.4001 2.5
      vertex -23.6829 -17.9885 2.5
      vertex -23.7999 -18 2.5
    endloop
  endfacet
  facet normal 0 0 -1
    outer loop
      vertex -23.2 -17.4001 2.5
      vertex -24.4 -17.4001 2.5
      vertex -23.8 -14.4 2.5
    endloop
  endfacet
  facet normal 0 0 -1
    outer loop
      vertex -24.4 -17.4001 2.5
      vertex -23.7999 -18 2.5
      vertex -23.8001 -18 2.5
    endloop
  endfacet
  facet normal 0 0 -1
    outer loop
      vertex -23.2 -17.4001 2.5
      vertex -23.8 -14.4 2.5
      vertex -23.2 -14.4 2.5
    endloop
  endfacet
  facet normal 0 -0 -1
    outer loop
      vertex -23.8616 -14.3968 2.5
      vertex -23.8 -14.4 2.5
      vertex -24.4 -17.4001 2.5
    endloop
  endfacet
  facet normal 0 0 -1
    outer loop
      vertex -23.8 -14.4 2.5
      vertex -23.8616 -14.3968 2.5
      vertex -23.8307 -14.3967 2.5
    endloop
  endfacet
  facet normal 0 -0 -1
    outer loop
      vertex -23.8627 -14.3967 2.5
      vertex -23.8616 -14.3968 2.5
      vertex -24.4 -17.4001 2.5
    endloop
  endfacet
  facet normal 0 0 -1
    outer loop
      vertex -23.8616 -14.3968 2.5
      vertex -23.8627 -14.3967 2.5
      vertex -23.8621 -14.3967 2.5
    endloop
  endfacet
  facet normal 0 0 -1
    outer loop
      vertex -24.4 -17.4001 2.5
      vertex -23.8001 -18 2.5
      vertex -23.9171 -17.9885 2.5
    endloop
  endfacet
  facet normal 0 -0 -1
    outer loop
      vertex -23.9247 -14.3869 2.5
      vertex -23.8627 -14.3967 2.5
      vertex -24.4 -17.4001 2.5
    endloop
  endfacet
  facet normal 0 0 -1
    outer loop
      vertex -23.8627 -14.3967 2.5
      vertex -23.9247 -14.3869 2.5
      vertex -23.8935 -14.3902 2.5
    endloop
  endfacet
  facet normal 0 -0 -1
    outer loop
      vertex -23.9843 -14.371 2.5
      vertex -23.9247 -14.3869 2.5
      vertex -24.4 -17.4001 2.5
    endloop
  endfacet
  facet normal 0 0 -1
    outer loop
      vertex -23.9247 -14.3869 2.5
      vertex -23.9843 -14.371 2.5
      vertex -23.9542 -14.3773 2.5
    endloop
  endfacet
  facet normal 0 -0 -1
    outer loop
      vertex -23.9854 -14.3706 2.5
      vertex -23.9843 -14.371 2.5
      vertex -24.4 -17.4001 2.5
    endloop
  endfacet
  facet normal 0 0 -1
    outer loop
      vertex -23.9843 -14.371 2.5
      vertex -23.9854 -14.3706 2.5
      vertex -23.9848 -14.3707 2.5
    endloop
  endfacet
  facet normal 0 0 -1
    outer loop
      vertex -24.4 -17.4001 2.5
      vertex -23.9171 -17.9885 2.5
      vertex -24.0296 -17.9543 2.5
    endloop
  endfacet
  facet normal 0 -0 -1
    outer loop
      vertex -24.044 -14.3481 2.5
      vertex -23.9854 -14.3706 2.5
      vertex -24.4 -17.4001 2.5
    endloop
  endfacet
  facet normal 0 0 -1
    outer loop
      vertex -23.9854 -14.3706 2.5
      vertex -24.044 -14.3481 2.5
      vertex -24.0141 -14.3578 2.5
    endloop
  endfacet
  facet normal 0 -0 -1
    outer loop
      vertex -24.099 -14.3201 2.5
      vertex -24.044 -14.3481 2.5
      vertex -24.4 -17.4001 2.5
    endloop
  endfacet
  facet normal 0 0 -1
    outer loop
      vertex -24.044 -14.3481 2.5
      vertex -24.099 -14.3201 2.5
      vertex -24.0709 -14.3326 2.5
    endloop
  endfacet
  facet normal 0 -0 -1
    outer loop
      vertex -24.1 -14.3196 2.5
      vertex -24.099 -14.3201 2.5
      vertex -24.4 -17.4001 2.5
    endloop
  endfacet
  facet normal 0 0 -1
    outer loop
      vertex -24.099 -14.3201 2.5
      vertex -24.1 -14.3196 2.5
      vertex -24.0994 -14.3198 2.5
    endloop
  endfacet
  facet normal 0 0 -1
    outer loop
      vertex -24.4 -17.4001 2.5
      vertex -24.0296 -17.9543 2.5
      vertex -24.1333 -17.8989 2.5
    endloop
  endfacet
  facet normal 0 -0 -1
    outer loop
      vertex -24.1526 -14.2854 2.5
      vertex -24.1 -14.3196 2.5
      vertex -24.4 -17.4001 2.5
    endloop
  endfacet
  facet normal 0 0 -1
    outer loop
      vertex -24.1 -14.3196 2.5
      vertex -24.1526 -14.2854 2.5
      vertex -24.1254 -14.3011 2.5
    endloop
  endfacet
  facet normal 0 -0 -1
    outer loop
      vertex -24.2006 -14.2466 2.5
      vertex -24.1526 -14.2854 2.5
      vertex -24.4 -17.4001 2.5
    endloop
  endfacet
  facet normal 0 0 -1
    outer loop
      vertex -24.1526 -14.2854 2.5
      vertex -24.2006 -14.2466 2.5
      vertex -24.1756 -14.2647 2.5
    endloop
  endfacet
  facet normal 0 0 -1
    outer loop
      vertex -24.4 -14.0999 2.5
      vertex -24.2006 -14.2466 2.5
      vertex -24.4 -17.4001 2.5
    endloop
  endfacet
  facet normal 0 0 -1
    outer loop
      vertex -24.2006 -14.2466 2.5
      vertex -24.2015 -14.2459 2.5
      vertex -24.201 -14.2462 2.5
    endloop
  endfacet
  facet normal 0 0 -1
    outer loop
      vertex -24.4 -17.4001 2.5
      vertex -24.1333 -17.8989 2.5
      vertex -24.2243 -17.8243 2.5
    endloop
  endfacet
  facet normal 0 0 -1
    outer loop
      vertex -24.2006 -14.2466 2.5
      vertex -24.4 -14.0999 2.5
      vertex -24.2015 -14.2459 2.5
    endloop
  endfacet
  facet normal -0 -0 -1
    outer loop
      vertex -24.2459 -14.2015 2.5
      vertex -24.2015 -14.2459 2.5
      vertex -24.4 -14.0999 2.5
    endloop
  endfacet
  facet normal 0 0 -1
    outer loop
      vertex -24.2015 -14.2459 2.5
      vertex -24.2459 -14.2015 2.5
      vertex -24.2225 -14.2225 2.5
    endloop
  endfacet
  facet normal 0 0 -1
    outer loop
      vertex -24.2459 -14.2015 2.5
      vertex -24.4 -14.0999 2.5
      vertex -24.2641 -14.1764 2.5
    endloop
  endfacet
  facet normal 0 0 -1
    outer loop
      vertex -24.2641 -14.1764 2.5
      vertex -24.4 -14.0999 2.5
      vertex -24.2847 -14.1535 2.5
    endloop
  endfacet
  facet normal 0 0 -1
    outer loop
      vertex -24.4 -17.4001 2.5
      vertex -24.2243 -17.8243 2.5
      vertex -24.2989 -17.7333 2.5
    endloop
  endfacet
  facet normal -0 -0 -1
    outer loop
      vertex -24.2854 -14.1526 2.5
      vertex -24.2847 -14.1535 2.5
      vertex -24.4 -14.0999 2.5
    endloop
  endfacet
  facet normal 0 0 -1
    outer loop
      vertex -24.2847 -14.1535 2.5
      vertex -24.2854 -14.1526 2.5
      vertex -24.285 -14.1531 2.5
    endloop
  endfacet
  facet normal 0 0 -1
    outer loop
      vertex -24.2854 -14.1526 2.5
      vertex -24.4 -14.0999 2.5
      vertex -24.3011 -14.1254 2.5
    endloop
  endfacet
  facet normal 0 0 -1
    outer loop
      vertex -24.3011 -14.1254 2.5
      vertex -24.4 -14.0999 2.5
      vertex -24.3196 -14.1 2.5
    endloop
  endfacet
  facet normal 0 0 -1
    outer loop
      vertex -24.3196 -14.1 2.5
      vertex -24.4 -14.0999 2.5
      vertex -24.3322 -14.0717 2.5
    endloop
  endfacet
  facet normal -0 0 -1
    outer loop
      vertex -24.3322 -14.0717 2.5
      vertex -24.4 -14.0999 2.5
      vertex -24.3477 -14.045 2.5
    endloop
  endfacet
  facet normal 0 0 -1
    outer loop
      vertex -24.4 -17.4001 2.5
      vertex -24.2989 -17.7333 2.5
      vertex -24.3543 -17.6296 2.5
    endloop
  endfacet
  facet normal 0 -0 -1
    outer loop
      vertex -24.3481 -14.044 2.5
      vertex -24.3477 -14.045 2.5
      vertex -24.4 -14.0999 2.5
    endloop
  endfacet
  facet normal 0 0 -1
    outer loop
      vertex -24.3477 -14.045 2.5
      vertex -24.3481 -14.044 2.5
      vertex -24.3478 -14.0445 2.5
    endloop
  endfacet
  facet normal -0 0 -1
    outer loop
      vertex -24.3481 -14.044 2.5
      vertex -24.4 -14.0999 2.5
      vertex -24.3578 -14.0141 2.5
    endloop
  endfacet
  facet normal 0 0 -1
    outer loop
      vertex -24.3578 -14.0141 2.5
      vertex -24.3885 -13.9829 2.5
      vertex -24.3706 -13.9854 2.5
    endloop
  endfacet
  facet normal 0 0 -1
    outer loop
      vertex -24.4 -17.4001 2.5
      vertex -24.3543 -17.6296 2.5
      vertex -24.3885 -17.5171 2.5
    endloop
  endfacet
  facet normal 0 -0 -1
    outer loop
      vertex -24.3885 -13.9829 2.5
      vertex -24.3578 -14.0141 2.5
      vertex -24.4 -14.0999 2.5
    endloop
  endfacet
  facet normal 0 0 -1
    outer loop
      vertex -24.3706 -13.9854 2.5
      vertex -24.3885 -13.9829 2.5
      vertex -24.3771 -13.9551 2.5
    endloop
  endfacet
  facet normal -0 0 -1
    outer loop
      vertex -24.3771 -13.9551 2.5
      vertex -24.3885 -13.9829 2.5
      vertex -24.3786 -13.9504 2.5
    endloop
  endfacet
  facet normal -0 0 1
    outer loop
      vertex -23.8 -14.4 3.2
      vertex -23.2 -17.4001 3.2
      vertex -23.2 -14.4 3.2
    endloop
  endfacet
  facet normal 0 0 1
    outer loop
      vertex -24.4 -17.4001 3.2
      vertex -23.2 -17.4001 3.2
      vertex -23.8 -14.4 3.2
    endloop
  endfacet
  facet normal 0 0 1
    outer loop
      vertex -23.2 -17.4001 3.2
      vertex -24.4 -17.4001 3.2
      vertex -23.2115 -17.5171 3.2
    endloop
  endfacet
  facet normal 0 0 1
    outer loop
      vertex -23.2457 -17.6296 3.2
      vertex -24.4 -17.4001 3.2
      vertex -23.3011 -17.7333 3.2
    endloop
  endfacet
  facet normal 0 0 1
    outer loop
      vertex -23.3011 -17.7333 3.2
      vertex -24.4 -17.4001 3.2
      vertex -23.3757 -17.8243 3.2
    endloop
  endfacet
  facet normal 0 0 1
    outer loop
      vertex -23.3757 -17.8243 3.2
      vertex -24.4 -17.4001 3.2
      vertex -23.4667 -17.8989 3.2
    endloop
  endfacet
  facet normal 0 0 1
    outer loop
      vertex -23.4667 -17.8989 3.2
      vertex -24.4 -17.4001 3.2
      vertex -23.5704 -17.9543 3.2
    endloop
  endfacet
  facet normal 0 0 1
    outer loop
      vertex -23.5704 -17.9543 3.2
      vertex -24.4 -17.4001 3.2
      vertex -23.6829 -17.9885 3.2
    endloop
  endfacet
  facet normal 0 0 1
    outer loop
      vertex -23.2115 -17.5171 3.2
      vertex -24.4 -17.4001 3.2
      vertex -23.2457 -17.6296 3.2
    endloop
  endfacet
  facet normal 0 0 1
    outer loop
      vertex -23.6829 -17.9885 3.2
      vertex -24.4 -17.4001 3.2
      vertex -23.7999 -18 3.2
    endloop
  endfacet
  facet normal -0 0 1
    outer loop
      vertex -23.8616 -14.3968 3.2
      vertex -23.8 -14.4 3.2
      vertex -23.8307 -14.3967 3.2
    endloop
  endfacet
  facet normal 0 0 1
    outer loop
      vertex -23.8 -14.4 3.2
      vertex -23.8616 -14.3968 3.2
      vertex -24.4 -17.4001 3.2
    endloop
  endfacet
  facet normal -0 0 1
    outer loop
      vertex -23.8627 -14.3967 3.2
      vertex -23.8616 -14.3968 3.2
      vertex -23.8621 -14.3967 3.2
    endloop
  endfacet
  facet normal 0 0 1
    outer loop
      vertex -23.8616 -14.3968 3.2
      vertex -23.8627 -14.3967 3.2
      vertex -24.4 -17.4001 3.2
    endloop
  endfacet
  facet normal 0 0 1
    outer loop
      vertex -23.9247 -14.3869 3.2
      vertex -23.8627 -14.3967 3.2
      vertex -23.8935 -14.3902 3.2
    endloop
  endfacet
  facet normal 0 0 1
    outer loop
      vertex -23.7999 -18 3.2
      vertex -24.4 -17.4001 3.2
      vertex -23.8001 -18 3.2
    endloop
  endfacet
  facet normal 0 0 1
    outer loop
      vertex -23.8627 -14.3967 3.2
      vertex -23.9247 -14.3869 3.2
      vertex -24.4 -17.4001 3.2
    endloop
  endfacet
  facet normal 0 0 1
    outer loop
      vertex -23.9843 -14.371 3.2
      vertex -23.9247 -14.3869 3.2
      vertex -23.9542 -14.3773 3.2
    endloop
  endfacet
  facet normal 0 0 1
    outer loop
      vertex -23.9247 -14.3869 3.2
      vertex -23.9843 -14.371 3.2
      vertex -24.4 -17.4001 3.2
    endloop
  endfacet
  facet normal 0 0 1
    outer loop
      vertex -23.9854 -14.3706 3.2
      vertex -23.9843 -14.371 3.2
      vertex -23.9848 -14.3707 3.2
    endloop
  endfacet
  facet normal 0 0 1
    outer loop
      vertex -23.9843 -14.371 3.2
      vertex -23.9854 -14.3706 3.2
      vertex -24.4 -17.4001 3.2
    endloop
  endfacet
  facet normal 0 0 1
    outer loop
      vertex -24.044 -14.3481 3.2
      vertex -23.9854 -14.3706 3.2
      vertex -24.0141 -14.3578 3.2
    endloop
  endfacet
  facet normal 0 0 1
    outer loop
      vertex -23.8001 -18 3.2
      vertex -24.4 -17.4001 3.2
      vertex -23.9171 -17.9885 3.2
    endloop
  endfacet
  facet normal 0 0 1
    outer loop
      vertex -23.9854 -14.3706 3.2
      vertex -24.044 -14.3481 3.2
      vertex -24.4 -17.4001 3.2
    endloop
  endfacet
  facet normal 0 0 1
    outer loop
      vertex -24.099 -14.3201 3.2
      vertex -24.044 -14.3481 3.2
      vertex -24.0709 -14.3326 3.2
    endloop
  endfacet
  facet normal 0 0 1
    outer loop
      vertex -24.044 -14.3481 3.2
      vertex -24.099 -14.3201 3.2
      vertex -24.4 -17.4001 3.2
    endloop
  endfacet
  facet normal 0 0 1
    outer loop
      vertex -24.1 -14.3196 3.2
      vertex -24.099 -14.3201 3.2
      vertex -24.0994 -14.3198 3.2
    endloop
  endfacet
  facet normal 0 0 1
    outer loop
      vertex -24.099 -14.3201 3.2
      vertex -24.1 -14.3196 3.2
      vertex -24.4 -17.4001 3.2
    endloop
  endfacet
  facet normal 0 0 1
    outer loop
      vertex -24.1526 -14.2854 3.2
      vertex -24.1 -14.3196 3.2
      vertex -24.1254 -14.3011 3.2
    endloop
  endfacet
  facet normal 0 0 1
    outer loop
      vertex -23.9171 -17.9885 3.2
      vertex -24.4 -17.4001 3.2
      vertex -24.0296 -17.9543 3.2
    endloop
  endfacet
  facet normal 0 0 1
    outer loop
      vertex -24.1 -14.3196 3.2
      vertex -24.1526 -14.2854 3.2
      vertex -24.4 -17.4001 3.2
    endloop
  endfacet
  facet normal 0 0 1
    outer loop
      vertex -24.2006 -14.2466 3.2
      vertex -24.1526 -14.2854 3.2
      vertex -24.1756 -14.2647 3.2
    endloop
  endfacet
  facet normal 0 0 1
    outer loop
      vertex -24.1526 -14.2854 3.2
      vertex -24.2006 -14.2466 3.2
      vertex -24.4 -17.4001 3.2
    endloop
  endfacet
  facet normal 0 0 1
    outer loop
      vertex -24.2015 -14.2459 3.2
      vertex -24.2006 -14.2466 3.2
      vertex -24.201 -14.2462 3.2
    endloop
  endfacet
  facet normal 0 0 1
    outer loop
      vertex -24.4 -14.0999 3.2
      vertex -24.2006 -14.2466 3.2
      vertex -24.2015 -14.2459 3.2
    endloop
  endfacet
  facet normal 0 0 1
    outer loop
      vertex -24.2459 -14.2015 3.2
      vertex -24.2015 -14.2459 3.2
      vertex -24.2225 -14.2225 3.2
    endloop
  endfacet
  facet normal 0 0 1
    outer loop
      vertex -24.0296 -17.9543 3.2
      vertex -24.4 -17.4001 3.2
      vertex -24.1333 -17.8989 3.2
    endloop
  endfacet
  facet normal 0 0 1
    outer loop
      vertex -24.2015 -14.2459 3.2
      vertex -24.2459 -14.2015 3.2
      vertex -24.4 -14.0999 3.2
    endloop
  endfacet
  facet normal 0 0 1
    outer loop
      vertex -24.4 -14.0999 3.2
      vertex -24.2459 -14.2015 3.2
      vertex -24.2641 -14.1764 3.2
    endloop
  endfacet
  facet normal 0 0 1
    outer loop
      vertex -24.4 -14.0999 3.2
      vertex -24.2641 -14.1764 3.2
      vertex -24.2847 -14.1535 3.2
    endloop
  endfacet
  facet normal 0 0 1
    outer loop
      vertex -24.2854 -14.1526 3.2
      vertex -24.2847 -14.1535 3.2
      vertex -24.285 -14.1531 3.2
    endloop
  endfacet
  facet normal 0 0 1
    outer loop
      vertex -24.2847 -14.1535 3.2
      vertex -24.2854 -14.1526 3.2
      vertex -24.4 -14.0999 3.2
    endloop
  endfacet
  facet normal 0 0 1
    outer loop
      vertex -24.1333 -17.8989 3.2
      vertex -24.4 -17.4001 3.2
      vertex -24.2243 -17.8243 3.2
    endloop
  endfacet
  facet normal 0 0 1
    outer loop
      vertex -24.4 -14.0999 3.2
      vertex -24.2854 -14.1526 3.2
      vertex -24.3011 -14.1254 3.2
    endloop
  endfacet
  facet normal 0 0 1
    outer loop
      vertex -24.4 -14.0999 3.2
      vertex -24.3011 -14.1254 3.2
      vertex -24.3196 -14.1 3.2
    endloop
  endfacet
  facet normal -0 0 1
    outer loop
      vertex -24.4 -14.0999 3.2
      vertex -24.3196 -14.1 3.2
      vertex -24.3322 -14.0717 3.2
    endloop
  endfacet
  facet normal 0 0 1
    outer loop
      vertex -24.4 -14.0999 3.2
      vertex -24.3322 -14.0717 3.2
      vertex -24.3477 -14.045 3.2
    endloop
  endfacet
  facet normal 0 0 1
    outer loop
      vertex -24.3481 -14.044 3.2
      vertex -24.3477 -14.045 3.2
      vertex -24.3478 -14.0445 3.2
    endloop
  endfacet
  facet normal 0 0 1
    outer loop
      vertex -24.3477 -14.045 3.2
      vertex -24.3481 -14.044 3.2
      vertex -24.4 -14.0999 3.2
    endloop
  endfacet
  facet normal 0 0 1
    outer loop
      vertex -24.2243 -17.8243 3.2
      vertex -24.4 -17.4001 3.2
      vertex -24.2989 -17.7333 3.2
    endloop
  endfacet
  facet normal 0 0 1
    outer loop
      vertex -24.4 -14.0999 3.2
      vertex -24.3481 -14.044 3.2
      vertex -24.3578 -14.0141 3.2
    endloop
  endfacet
  facet normal 0 0 1
    outer loop
      vertex -24.3885 -13.9829 3.2
      vertex -24.3578 -14.0141 3.2
      vertex -24.3706 -13.9854 3.2
    endloop
  endfacet
  facet normal -0 0 1
    outer loop
      vertex -24.3885 -13.9829 3.2
      vertex -24.3706 -13.9854 3.2
      vertex -24.3771 -13.9551 3.2
    endloop
  endfacet
  facet normal 0 0 1
    outer loop
      vertex -24.3885 -13.9829 3.2
      vertex -24.3771 -13.9551 3.2
      vertex -24.3786 -13.9504 3.2
    endloop
  endfacet
  facet normal 0 0 1
    outer loop
      vertex -24.3578 -14.0141 3.2
      vertex -24.3885 -13.9829 3.2
      vertex -24.4 -14.0999 3.2
    endloop
  endfacet
  facet normal 0 0 1
    outer loop
      vertex -24.2006 -14.2466 3.2
      vertex -24.4 -14.0999 3.2
      vertex -24.4 -17.4001 3.2
    endloop
  endfacet
  facet normal 0 0 1
    outer loop
      vertex -24.2989 -17.7333 3.2
      vertex -24.4 -17.4001 3.2
      vertex -24.3543 -17.6296 3.2
    endloop
  endfacet
  facet normal 0 0 1
    outer loop
      vertex -24.3543 -17.6296 3.2
      vertex -24.4 -17.4001 3.2
      vertex -24.3885 -17.5171 3.2
    endloop
  endfacet
  facet normal -0.882023 -0.471206 0
    outer loop
      vertex -24.2989 -17.7333 2.5
      vertex -24.3543 -17.6296 3.2
      vertex -24.3543 -17.6296 2.5
    endloop
  endfacet
  facet normal -0.882023 -0.471206 0
    outer loop
      vertex -24.3543 -17.6296 3.2
      vertex -24.2989 -17.7333 2.5
      vertex -24.2989 -17.7333 3.2
    endloop
  endfacet
  facet normal -0.0978192 -0.995204 0
    outer loop
      vertex -23.9171 -17.9885 2.5
      vertex -23.8001 -18 3.2
      vertex -23.9171 -17.9885 3.2
    endloop
  endfacet
  facet normal -0.0978192 -0.995204 -0
    outer loop
      vertex -23.8001 -18 3.2
      vertex -23.9171 -17.9885 2.5
      vertex -23.8001 -18 2.5
    endloop
  endfacet
  facet normal 0.471206 -0.882023 0
    outer loop
      vertex -23.5704 -17.9543 2.5
      vertex -23.4667 -17.8989 3.2
      vertex -23.5704 -17.9543 3.2
    endloop
  endfacet
  facet normal 0.471206 -0.882023 0
    outer loop
      vertex -23.4667 -17.8989 3.2
      vertex -23.5704 -17.9543 2.5
      vertex -23.4667 -17.8989 2.5
    endloop
  endfacet
  facet normal -0.956603 0.291396 0
    outer loop
      vertex -24.3885 -13.9829 2.5
      vertex -24.3786 -13.9504 3.2
      vertex -24.3786 -13.9504 2.5
    endloop
  endfacet
  facet normal -0.956603 0.291396 0
    outer loop
      vertex -24.3786 -13.9504 3.2
      vertex -24.3885 -13.9829 2.5
      vertex -24.3885 -13.9829 3.2
    endloop
  endfacet
  facet normal 0.290857 -0.956767 0
    outer loop
      vertex -23.6829 -17.9885 2.5
      vertex -23.5704 -17.9543 3.2
      vertex -23.6829 -17.9885 3.2
    endloop
  endfacet
  facet normal 0.290857 -0.956767 0
    outer loop
      vertex -23.5704 -17.9543 3.2
      vertex -23.6829 -17.9885 2.5
      vertex -23.5704 -17.9543 2.5
    endloop
  endfacet
  facet normal -0.995204 0.0978192 0
    outer loop
      vertex -24.4 -14.0999 2.5
      vertex -24.3885 -13.9829 3.2
      vertex -24.3885 -13.9829 2.5
    endloop
  endfacet
  facet normal -0.995204 0.0978192 0
    outer loop
      vertex -24.3885 -13.9829 3.2
      vertex -24.4 -14.0999 2.5
      vertex -24.4 -14.0999 3.2
    endloop
  endfacet
  facet normal -0.471206 -0.882023 0
    outer loop
      vertex -24.1333 -17.8989 2.5
      vertex -24.0296 -17.9543 3.2
      vertex -24.1333 -17.8989 3.2
    endloop
  endfacet
  facet normal -0.471206 -0.882023 -0
    outer loop
      vertex -24.0296 -17.9543 3.2
      vertex -24.1333 -17.8989 2.5
      vertex -24.0296 -17.9543 2.5
    endloop
  endfacet
  facet normal -0.633978 -0.773351 0
    outer loop
      vertex -24.2243 -17.8243 2.5
      vertex -24.1333 -17.8989 3.2
      vertex -24.2243 -17.8243 3.2
    endloop
  endfacet
  facet normal -0.633978 -0.773351 -0
    outer loop
      vertex -24.1333 -17.8989 3.2
      vertex -24.2243 -17.8243 2.5
      vertex -24.1333 -17.8989 2.5
    endloop
  endfacet
  facet normal 0.956767 -0.290857 0
    outer loop
      vertex -23.2457 -17.6296 3.2
      vertex -23.2115 -17.5171 2.5
      vertex -23.2115 -17.5171 3.2
    endloop
  endfacet
  facet normal 0.956767 -0.290857 0
    outer loop
      vertex -23.2115 -17.5171 2.5
      vertex -23.2457 -17.6296 3.2
      vertex -23.2457 -17.6296 2.5
    endloop
  endfacet
  facet normal 0.773351 -0.633978 0
    outer loop
      vertex -23.3757 -17.8243 3.2
      vertex -23.3011 -17.7333 2.5
      vertex -23.3011 -17.7333 3.2
    endloop
  endfacet
  facet normal 0.773351 -0.633978 0
    outer loop
      vertex -23.3011 -17.7333 2.5
      vertex -23.3757 -17.8243 3.2
      vertex -23.3757 -17.8243 2.5
    endloop
  endfacet
  facet normal -0.773351 -0.633978 0
    outer loop
      vertex -24.2243 -17.8243 2.5
      vertex -24.2989 -17.7333 3.2
      vertex -24.2989 -17.7333 2.5
    endloop
  endfacet
  facet normal -0.773351 -0.633978 0
    outer loop
      vertex -24.2989 -17.7333 3.2
      vertex -24.2243 -17.8243 2.5
      vertex -24.2243 -17.8243 3.2
    endloop
  endfacet
  facet normal 0.633978 -0.773351 0
    outer loop
      vertex -23.4667 -17.8989 2.5
      vertex -23.3757 -17.8243 3.2
      vertex -23.4667 -17.8989 3.2
    endloop
  endfacet
  facet normal 0.633978 -0.773351 0
    outer loop
      vertex -23.3757 -17.8243 3.2
      vertex -23.4667 -17.8989 2.5
      vertex -23.3757 -17.8243 2.5
    endloop
  endfacet
  facet normal 0.0978192 -0.995204 0
    outer loop
      vertex -23.7999 -18 2.5
      vertex -23.6829 -17.9885 3.2
      vertex -23.7999 -18 3.2
    endloop
  endfacet
  facet normal 0.0978192 -0.995204 0
    outer loop
      vertex -23.6829 -17.9885 3.2
      vertex -23.7999 -18 2.5
      vertex -23.6829 -17.9885 2.5
    endloop
  endfacet
  facet normal 0.995204 -0.0978192 0
    outer loop
      vertex -23.2115 -17.5171 3.2
      vertex -23.2 -17.4001 2.5
      vertex -23.2 -17.4001 3.2
    endloop
  endfacet
  facet normal 0.995204 -0.0978192 0
    outer loop
      vertex -23.2 -17.4001 2.5
      vertex -23.2115 -17.5171 3.2
      vertex -23.2115 -17.5171 2.5
    endloop
  endfacet
  facet normal -0.956767 -0.290857 0
    outer loop
      vertex -24.3543 -17.6296 2.5
      vertex -24.3885 -17.5171 3.2
      vertex -24.3885 -17.5171 2.5
    endloop
  endfacet
  facet normal -0.956767 -0.290857 0
    outer loop
      vertex -24.3885 -17.5171 3.2
      vertex -24.3543 -17.6296 2.5
      vertex -24.3543 -17.6296 3.2
    endloop
  endfacet
  facet normal 0 -1 0
    outer loop
      vertex -23.8001 -18 2.5
      vertex -23.7999 -18 3.2
      vertex -23.8001 -18 3.2
    endloop
  endfacet
  facet normal 0 -1 -0
    outer loop
      vertex -23.7999 -18 3.2
      vertex -23.8001 -18 2.5
      vertex -23.7999 -18 2.5
    endloop
  endfacet
  facet normal -0.290857 -0.956767 0
    outer loop
      vertex -24.0296 -17.9543 2.5
      vertex -23.9171 -17.9885 3.2
      vertex -24.0296 -17.9543 3.2
    endloop
  endfacet
  facet normal -0.290857 -0.956767 -0
    outer loop
      vertex -23.9171 -17.9885 3.2
      vertex -24.0296 -17.9543 2.5
      vertex -23.9171 -17.9885 2.5
    endloop
  endfacet
  facet normal 1 -0 0
    outer loop
      vertex -23.2 -23.9001 3.2
      vertex -23.2 -20.5999 2.5
      vertex -23.2 -20.5999 3.2
    endloop
  endfacet
  facet normal 1 0 0
    outer loop
      vertex -23.2 -20.5999 2.5
      vertex -23.2 -23.9001 3.2
      vertex -23.2 -23.9001 2.5
    endloop
  endfacet
  facet normal -0.995204 -0.0978192 0
    outer loop
      vertex -24.3885 -24.0171 2.5
      vertex -24.4 -23.9001 3.2
      vertex -24.4 -23.9001 2.5
    endloop
  endfacet
  facet normal -0.995204 -0.0978192 0
    outer loop
      vertex -24.4 -23.9001 3.2
      vertex -24.3885 -24.0171 2.5
      vertex -24.3885 -24.0171 3.2
    endloop
  endfacet
  facet normal -1 0 0
    outer loop
      vertex -24.4 -23.9001 2.5
      vertex -24.4 -20.5999 3.2
      vertex -24.4 -20.5999 2.5
    endloop
  endfacet
  facet normal -1 -0 0
    outer loop
      vertex -24.4 -20.5999 3.2
      vertex -24.4 -23.9001 2.5
      vertex -24.4 -23.9001 3.2
    endloop
  endfacet
  facet normal 0.882023 -0.471206 0
    outer loop
      vertex -23.3011 -24.2333 3.2
      vertex -23.2457 -24.1296 2.5
      vertex -23.2457 -24.1296 3.2
    endloop
  endfacet
  facet normal 0.882023 -0.471206 0
    outer loop
      vertex -23.2457 -24.1296 2.5
      vertex -23.3011 -24.2333 3.2
      vertex -23.3011 -24.2333 2.5
    endloop
  endfacet
  facet normal 0.882023 0.471206 0
    outer loop
      vertex -23.2457 -20.3704 3.2
      vertex -23.3011 -20.2667 2.5
      vertex -23.3011 -20.2667 3.2
    endloop
  endfacet
  facet normal 0.882023 0.471206 0
    outer loop
      vertex -23.3011 -20.2667 2.5
      vertex -23.2457 -20.3704 3.2
      vertex -23.2457 -20.3704 2.5
    endloop
  endfacet
  facet normal 0 0 -1
    outer loop
      vertex -24.4 -23.9001 2.5
      vertex -23.2 -23.9001 2.5
      vertex -23.2115 -24.0171 2.5
    endloop
  endfacet
  facet normal 0 0 -1
    outer loop
      vertex -23.2 -23.9001 2.5
      vertex -24.4 -23.9001 2.5
      vertex -23.2 -20.5999 2.5
    endloop
  endfacet
  facet normal 0 0 -1
    outer loop
      vertex -24.4 -23.9001 2.5
      vertex -23.2115 -24.0171 2.5
      vertex -23.2457 -24.1296 2.5
    endloop
  endfacet
  facet normal 0 0 -1
    outer loop
      vertex -24.4 -20.5999 2.5
      vertex -23.2 -20.5999 2.5
      vertex -24.4 -23.9001 2.5
    endloop
  endfacet
  facet normal 0 0 -1
    outer loop
      vertex -24.4 -23.9001 2.5
      vertex -23.2457 -24.1296 2.5
      vertex -23.3011 -24.2333 2.5
    endloop
  endfacet
  facet normal 0 0 -1
    outer loop
      vertex -23.2 -20.5999 2.5
      vertex -24.4 -20.5999 2.5
      vertex -23.2115 -20.4829 2.5
    endloop
  endfacet
  facet normal 0 0 -1
    outer loop
      vertex -24.4 -23.9001 2.5
      vertex -23.3011 -24.2333 2.5
      vertex -23.3757 -24.3243 2.5
    endloop
  endfacet
  facet normal -0 0 -1
    outer loop
      vertex -23.2115 -20.4829 2.5
      vertex -24.4 -20.5999 2.5
      vertex -23.2457 -20.3704 2.5
    endloop
  endfacet
  facet normal 0 0 -1
    outer loop
      vertex -24.4 -23.9001 2.5
      vertex -23.3757 -24.3243 2.5
      vertex -23.4667 -24.3989 2.5
    endloop
  endfacet
  facet normal -0 0 -1
    outer loop
      vertex -23.2457 -20.3704 2.5
      vertex -24.4 -20.5999 2.5
      vertex -23.3011 -20.2667 2.5
    endloop
  endfacet
  facet normal 0 0 -1
    outer loop
      vertex -24.4 -23.9001 2.5
      vertex -23.4667 -24.3989 2.5
      vertex -23.5704 -24.4543 2.5
    endloop
  endfacet
  facet normal -0 0 -1
    outer loop
      vertex -23.3011 -20.2667 2.5
      vertex -24.4 -20.5999 2.5
      vertex -23.3757 -20.1757 2.5
    endloop
  endfacet
  facet normal 0 0 -1
    outer loop
      vertex -24.4 -23.9001 2.5
      vertex -23.5704 -24.4543 2.5
      vertex -23.6829 -24.4885 2.5
    endloop
  endfacet
  facet normal -0 0 -1
    outer loop
      vertex -23.3757 -20.1757 2.5
      vertex -24.4 -20.5999 2.5
      vertex -23.4667 -20.1011 2.5
    endloop
  endfacet
  facet normal 0 0 -1
    outer loop
      vertex -24.4 -23.9001 2.5
      vertex -23.6829 -24.4885 2.5
      vertex -23.7999 -24.5 2.5
    endloop
  endfacet
  facet normal -0 0 -1
    outer loop
      vertex -23.4667 -20.1011 2.5
      vertex -24.4 -20.5999 2.5
      vertex -23.5704 -20.0457 2.5
    endloop
  endfacet
  facet normal 0 0 -1
    outer loop
      vertex -24.4 -23.9001 2.5
      vertex -23.7999 -24.5 2.5
      vertex -23.8001 -24.5 2.5
    endloop
  endfacet
  facet normal -0 0 -1
    outer loop
      vertex -23.5704 -20.0457 2.5
      vertex -24.4 -20.5999 2.5
      vertex -23.6829 -20.0115 2.5
    endloop
  endfacet
  facet normal 0 0 -1
    outer loop
      vertex -24.4 -23.9001 2.5
      vertex -23.8001 -24.5 2.5
      vertex -23.9171 -24.4885 2.5
    endloop
  endfacet
  facet normal -0 0 -1
    outer loop
      vertex -23.6829 -20.0115 2.5
      vertex -24.4 -20.5999 2.5
      vertex -23.7999 -20 2.5
    endloop
  endfacet
  facet normal 0 0 -1
    outer loop
      vertex -24.4 -23.9001 2.5
      vertex -23.9171 -24.4885 2.5
      vertex -24.0296 -24.4543 2.5
    endloop
  endfacet
  facet normal -0 0 -1
    outer loop
      vertex -23.7999 -20 2.5
      vertex -24.4 -20.5999 2.5
      vertex -23.8001 -20 2.5
    endloop
  endfacet
  facet normal 0 0 -1
    outer loop
      vertex -24.4 -23.9001 2.5
      vertex -24.0296 -24.4543 2.5
      vertex -24.1333 -24.3989 2.5
    endloop
  endfacet
  facet normal 0 0 -1
    outer loop
      vertex -23.8001 -20 2.5
      vertex -24.4 -20.5999 2.5
      vertex -23.9171 -20.0115 2.5
    endloop
  endfacet
  facet normal 0 0 -1
    outer loop
      vertex -24.4 -23.9001 2.5
      vertex -24.1333 -24.3989 2.5
      vertex -24.2243 -24.3243 2.5
    endloop
  endfacet
  facet normal 0 0 -1
    outer loop
      vertex -23.9171 -20.0115 2.5
      vertex -24.4 -20.5999 2.5
      vertex -24.0296 -20.0457 2.5
    endloop
  endfacet
  facet normal 0 0 -1
    outer loop
      vertex -24.4 -23.9001 2.5
      vertex -24.2243 -24.3243 2.5
      vertex -24.2989 -24.2333 2.5
    endloop
  endfacet
  facet normal 0 0 -1
    outer loop
      vertex -24.0296 -20.0457 2.5
      vertex -24.4 -20.5999 2.5
      vertex -24.1333 -20.1011 2.5
    endloop
  endfacet
  facet normal 0 0 -1
    outer loop
      vertex -24.4 -23.9001 2.5
      vertex -24.2989 -24.2333 2.5
      vertex -24.3543 -24.1296 2.5
    endloop
  endfacet
  facet normal 0 0 -1
    outer loop
      vertex -24.1333 -20.1011 2.5
      vertex -24.4 -20.5999 2.5
      vertex -24.2243 -20.1757 2.5
    endloop
  endfacet
  facet normal 0 0 -1
    outer loop
      vertex -24.4 -23.9001 2.5
      vertex -24.3543 -24.1296 2.5
      vertex -24.3885 -24.0171 2.5
    endloop
  endfacet
  facet normal 0 0 -1
    outer loop
      vertex -24.2243 -20.1757 2.5
      vertex -24.4 -20.5999 2.5
      vertex -24.2989 -20.2667 2.5
    endloop
  endfacet
  facet normal 0 0 -1
    outer loop
      vertex -24.2989 -20.2667 2.5
      vertex -24.4 -20.5999 2.5
      vertex -24.3543 -20.3704 2.5
    endloop
  endfacet
  facet normal 0 0 -1
    outer loop
      vertex -24.3543 -20.3704 2.5
      vertex -24.4 -20.5999 2.5
      vertex -24.3885 -20.4829 2.5
    endloop
  endfacet
  facet normal 0 0 1
    outer loop
      vertex -24.4 -20.5999 3.2
      vertex -23.2 -20.5999 3.2
      vertex -23.2115 -20.4829 3.2
    endloop
  endfacet
  facet normal 0 0 1
    outer loop
      vertex -23.2 -20.5999 3.2
      vertex -24.4 -20.5999 3.2
      vertex -23.2 -23.9001 3.2
    endloop
  endfacet
  facet normal 0 0 1
    outer loop
      vertex -24.4 -20.5999 3.2
      vertex -23.2115 -20.4829 3.2
      vertex -23.2457 -20.3704 3.2
    endloop
  endfacet
  facet normal 0 0 1
    outer loop
      vertex -24.4 -23.9001 3.2
      vertex -23.2 -23.9001 3.2
      vertex -24.4 -20.5999 3.2
    endloop
  endfacet
  facet normal 0 0 1
    outer loop
      vertex -24.4 -20.5999 3.2
      vertex -23.2457 -20.3704 3.2
      vertex -23.3011 -20.2667 3.2
    endloop
  endfacet
  facet normal 0 0 1
    outer loop
      vertex -23.2 -23.9001 3.2
      vertex -24.4 -23.9001 3.2
      vertex -23.2115 -24.0171 3.2
    endloop
  endfacet
  facet normal 0 0 1
    outer loop
      vertex -24.4 -20.5999 3.2
      vertex -23.3011 -20.2667 3.2
      vertex -23.3757 -20.1757 3.2
    endloop
  endfacet
  facet normal 0 0 1
    outer loop
      vertex -23.2115 -24.0171 3.2
      vertex -24.4 -23.9001 3.2
      vertex -23.2457 -24.1296 3.2
    endloop
  endfacet
  facet normal 0 0 1
    outer loop
      vertex -24.4 -20.5999 3.2
      vertex -23.3757 -20.1757 3.2
      vertex -23.4667 -20.1011 3.2
    endloop
  endfacet
  facet normal 0 0 1
    outer loop
      vertex -23.2457 -24.1296 3.2
      vertex -24.4 -23.9001 3.2
      vertex -23.3011 -24.2333 3.2
    endloop
  endfacet
  facet normal 0 0 1
    outer loop
      vertex -24.4 -20.5999 3.2
      vertex -23.4667 -20.1011 3.2
      vertex -23.5704 -20.0457 3.2
    endloop
  endfacet
  facet normal 0 0 1
    outer loop
      vertex -23.3011 -24.2333 3.2
      vertex -24.4 -23.9001 3.2
      vertex -23.3757 -24.3243 3.2
    endloop
  endfacet
  facet normal 0 0 1
    outer loop
      vertex -24.4 -20.5999 3.2
      vertex -23.5704 -20.0457 3.2
      vertex -23.6829 -20.0115 3.2
    endloop
  endfacet
  facet normal 0 0 1
    outer loop
      vertex -23.3757 -24.3243 3.2
      vertex -24.4 -23.9001 3.2
      vertex -23.4667 -24.3989 3.2
    endloop
  endfacet
  facet normal 0 0 1
    outer loop
      vertex -24.4 -20.5999 3.2
      vertex -23.6829 -20.0115 3.2
      vertex -23.7999 -20 3.2
    endloop
  endfacet
  facet normal 0 0 1
    outer loop
      vertex -23.4667 -24.3989 3.2
      vertex -24.4 -23.9001 3.2
      vertex -23.5704 -24.4543 3.2
    endloop
  endfacet
  facet normal 0 0 1
    outer loop
      vertex -24.4 -20.5999 3.2
      vertex -23.7999 -20 3.2
      vertex -23.8001 -20 3.2
    endloop
  endfacet
  facet normal 0 0 1
    outer loop
      vertex -23.5704 -24.4543 3.2
      vertex -24.4 -23.9001 3.2
      vertex -23.6829 -24.4885 3.2
    endloop
  endfacet
  facet normal 0 0 1
    outer loop
      vertex -24.4 -20.5999 3.2
      vertex -23.8001 -20 3.2
      vertex -23.9171 -20.0115 3.2
    endloop
  endfacet
  facet normal 0 0 1
    outer loop
      vertex -23.6829 -24.4885 3.2
      vertex -24.4 -23.9001 3.2
      vertex -23.7999 -24.5 3.2
    endloop
  endfacet
  facet normal 0 0 1
    outer loop
      vertex -24.4 -20.5999 3.2
      vertex -23.9171 -20.0115 3.2
      vertex -24.0296 -20.0457 3.2
    endloop
  endfacet
  facet normal 0 0 1
    outer loop
      vertex -23.7999 -24.5 3.2
      vertex -24.4 -23.9001 3.2
      vertex -23.8001 -24.5 3.2
    endloop
  endfacet
  facet normal 0 0 1
    outer loop
      vertex -24.4 -20.5999 3.2
      vertex -24.0296 -20.0457 3.2
      vertex -24.1333 -20.1011 3.2
    endloop
  endfacet
  facet normal 0 0 1
    outer loop
      vertex -23.8001 -24.5 3.2
      vertex -24.4 -23.9001 3.2
      vertex -23.9171 -24.4885 3.2
    endloop
  endfacet
  facet normal 0 0 1
    outer loop
      vertex -24.4 -20.5999 3.2
      vertex -24.1333 -20.1011 3.2
      vertex -24.2243 -20.1757 3.2
    endloop
  endfacet
  facet normal 0 0 1
    outer loop
      vertex -23.9171 -24.4885 3.2
      vertex -24.4 -23.9001 3.2
      vertex -24.0296 -24.4543 3.2
    endloop
  endfacet
  facet normal 0 0 1
    outer loop
      vertex -24.4 -20.5999 3.2
      vertex -24.2243 -20.1757 3.2
      vertex -24.2989 -20.2667 3.2
    endloop
  endfacet
  facet normal 0 0 1
    outer loop
      vertex -24.0296 -24.4543 3.2
      vertex -24.4 -23.9001 3.2
      vertex -24.1333 -24.3989 3.2
    endloop
  endfacet
  facet normal 0 0 1
    outer loop
      vertex -24.4 -20.5999 3.2
      vertex -24.2989 -20.2667 3.2
      vertex -24.3543 -20.3704 3.2
    endloop
  endfacet
  facet normal 0 0 1
    outer loop
      vertex -24.1333 -24.3989 3.2
      vertex -24.4 -23.9001 3.2
      vertex -24.2243 -24.3243 3.2
    endloop
  endfacet
  facet normal 0 0 1
    outer loop
      vertex -24.4 -20.5999 3.2
      vertex -24.3543 -20.3704 3.2
      vertex -24.3885 -20.4829 3.2
    endloop
  endfacet
  facet normal 0 0 1
    outer loop
      vertex -24.2243 -24.3243 3.2
      vertex -24.4 -23.9001 3.2
      vertex -24.2989 -24.2333 3.2
    endloop
  endfacet
  facet normal 0 0 1
    outer loop
      vertex -24.2989 -24.2333 3.2
      vertex -24.4 -23.9001 3.2
      vertex -24.3543 -24.1296 3.2
    endloop
  endfacet
  facet normal 0 0 1
    outer loop
      vertex -24.3543 -24.1296 3.2
      vertex -24.4 -23.9001 3.2
      vertex -24.3885 -24.0171 3.2
    endloop
  endfacet
  facet normal 0.471206 0.882023 -0
    outer loop
      vertex -23.4667 -20.1011 2.5
      vertex -23.5704 -20.0457 3.2
      vertex -23.4667 -20.1011 3.2
    endloop
  endfacet
  facet normal 0.471206 0.882023 0
    outer loop
      vertex -23.5704 -20.0457 3.2
      vertex -23.4667 -20.1011 2.5
      vertex -23.5704 -20.0457 2.5
    endloop
  endfacet
  facet normal -0.882023 0.471206 0
    outer loop
      vertex -24.3543 -20.3704 2.5
      vertex -24.2989 -20.2667 3.2
      vertex -24.2989 -20.2667 2.5
    endloop
  endfacet
  facet normal -0.882023 0.471206 0
    outer loop
      vertex -24.2989 -20.2667 3.2
      vertex -24.3543 -20.3704 2.5
      vertex -24.3543 -20.3704 3.2
    endloop
  endfacet
  facet normal -0.882023 -0.471206 0
    outer loop
      vertex -24.2989 -24.2333 2.5
      vertex -24.3543 -24.1296 3.2
      vertex -24.3543 -24.1296 2.5
    endloop
  endfacet
  facet normal -0.882023 -0.471206 0
    outer loop
      vertex -24.3543 -24.1296 3.2
      vertex -24.2989 -24.2333 2.5
      vertex -24.2989 -24.2333 3.2
    endloop
  endfacet
  facet normal -0.773351 0.633978 0
    outer loop
      vertex -24.2989 -20.2667 2.5
      vertex -24.2243 -20.1757 3.2
      vertex -24.2243 -20.1757 2.5
    endloop
  endfacet
  facet normal -0.773351 0.633978 0
    outer loop
      vertex -24.2243 -20.1757 3.2
      vertex -24.2989 -20.2667 2.5
      vertex -24.2989 -20.2667 3.2
    endloop
  endfacet
  facet normal -0.0978192 -0.995204 0
    outer loop
      vertex -23.9171 -24.4885 2.5
      vertex -23.8001 -24.5 3.2
      vertex -23.9171 -24.4885 3.2
    endloop
  endfacet
  facet normal -0.0978192 -0.995204 -0
    outer loop
      vertex -23.8001 -24.5 3.2
      vertex -23.9171 -24.4885 2.5
      vertex -23.8001 -24.5 2.5
    endloop
  endfacet
  facet normal 0.471206 -0.882023 0
    outer loop
      vertex -23.5704 -24.4543 2.5
      vertex -23.4667 -24.3989 3.2
      vertex -23.5704 -24.4543 3.2
    endloop
  endfacet
  facet normal 0.471206 -0.882023 0
    outer loop
      vertex -23.4667 -24.3989 3.2
      vertex -23.5704 -24.4543 2.5
      vertex -23.4667 -24.3989 2.5
    endloop
  endfacet
  facet normal 0 1 -0
    outer loop
      vertex -23.7999 -20 2.5
      vertex -23.8001 -20 3.2
      vertex -23.7999 -20 3.2
    endloop
  endfacet
  facet normal 0 1 0
    outer loop
      vertex -23.8001 -20 3.2
      vertex -23.7999 -20 2.5
      vertex -23.8001 -20 2.5
    endloop
  endfacet
  facet normal -0.471206 0.882023 0
    outer loop
      vertex -24.0296 -20.0457 2.5
      vertex -24.1333 -20.1011 3.2
      vertex -24.0296 -20.0457 3.2
    endloop
  endfacet
  facet normal -0.471206 0.882023 0
    outer loop
      vertex -24.1333 -20.1011 3.2
      vertex -24.0296 -20.0457 2.5
      vertex -24.1333 -20.1011 2.5
    endloop
  endfacet
  facet normal -0.956767 0.290857 0
    outer loop
      vertex -24.3885 -20.4829 2.5
      vertex -24.3543 -20.3704 3.2
      vertex -24.3543 -20.3704 2.5
    endloop
  endfacet
  facet normal -0.956767 0.290857 0
    outer loop
      vertex -24.3543 -20.3704 3.2
      vertex -24.3885 -20.4829 2.5
      vertex -24.3885 -20.4829 3.2
    endloop
  endfacet
  facet normal -0.290857 -0.956767 0
    outer loop
      vertex -24.0296 -24.4543 2.5
      vertex -23.9171 -24.4885 3.2
      vertex -24.0296 -24.4543 3.2
    endloop
  endfacet
  facet normal -0.290857 -0.956767 -0
    outer loop
      vertex -23.9171 -24.4885 3.2
      vertex -24.0296 -24.4543 2.5
      vertex -23.9171 -24.4885 2.5
    endloop
  endfacet
  facet normal 0.995204 0.0978192 0
    outer loop
      vertex -23.2 -20.5999 3.2
      vertex -23.2115 -20.4829 2.5
      vertex -23.2115 -20.4829 3.2
    endloop
  endfacet
  facet normal 0.995204 0.0978192 0
    outer loop
      vertex -23.2115 -20.4829 2.5
      vertex -23.2 -20.5999 3.2
      vertex -23.2 -20.5999 2.5
    endloop
  endfacet
  facet normal 0.0978192 0.995204 -0
    outer loop
      vertex -23.6829 -20.0115 2.5
      vertex -23.7999 -20 3.2
      vertex -23.6829 -20.0115 3.2
    endloop
  endfacet
  facet normal 0.0978192 0.995204 0
    outer loop
      vertex -23.7999 -20 3.2
      vertex -23.6829 -20.0115 2.5
      vertex -23.7999 -20 2.5
    endloop
  endfacet
  facet normal 0.290857 -0.956767 0
    outer loop
      vertex -23.6829 -24.4885 2.5
      vertex -23.5704 -24.4543 3.2
      vertex -23.6829 -24.4885 3.2
    endloop
  endfacet
  facet normal 0.290857 -0.956767 0
    outer loop
      vertex -23.5704 -24.4543 3.2
      vertex -23.6829 -24.4885 2.5
      vertex -23.5704 -24.4543 2.5
    endloop
  endfacet
  facet normal -0.995204 0.0978192 0
    outer loop
      vertex -24.4 -20.5999 2.5
      vertex -24.3885 -20.4829 3.2
      vertex -24.3885 -20.4829 2.5
    endloop
  endfacet
  facet normal -0.995204 0.0978192 0
    outer loop
      vertex -24.3885 -20.4829 3.2
      vertex -24.4 -20.5999 2.5
      vertex -24.4 -20.5999 3.2
    endloop
  endfacet
  facet normal -0.471206 -0.882023 0
    outer loop
      vertex -24.1333 -24.3989 2.5
      vertex -24.0296 -24.4543 3.2
      vertex -24.1333 -24.3989 3.2
    endloop
  endfacet
  facet normal -0.471206 -0.882023 -0
    outer loop
      vertex -24.0296 -24.4543 3.2
      vertex -24.1333 -24.3989 2.5
      vertex -24.0296 -24.4543 2.5
    endloop
  endfacet
  facet normal -0.633978 -0.773351 0
    outer loop
      vertex -24.2243 -24.3243 2.5
      vertex -24.1333 -24.3989 3.2
      vertex -24.2243 -24.3243 3.2
    endloop
  endfacet
  facet normal -0.633978 -0.773351 -0
    outer loop
      vertex -24.1333 -24.3989 3.2
      vertex -24.2243 -24.3243 2.5
      vertex -24.1333 -24.3989 2.5
    endloop
  endfacet
  facet normal 0.956767 -0.290857 0
    outer loop
      vertex -23.2457 -24.1296 3.2
      vertex -23.2115 -24.0171 2.5
      vertex -23.2115 -24.0171 3.2
    endloop
  endfacet
  facet normal 0.956767 -0.290857 0
    outer loop
      vertex -23.2115 -24.0171 2.5
      vertex -23.2457 -24.1296 3.2
      vertex -23.2457 -24.1296 2.5
    endloop
  endfacet
  facet normal 0.956767 0.290857 0
    outer loop
      vertex -23.2115 -20.4829 3.2
      vertex -23.2457 -20.3704 2.5
      vertex -23.2457 -20.3704 3.2
    endloop
  endfacet
  facet normal 0.956767 0.290857 0
    outer loop
      vertex -23.2457 -20.3704 2.5
      vertex -23.2115 -20.4829 3.2
      vertex -23.2115 -20.4829 2.5
    endloop
  endfacet
  facet normal 0.773351 -0.633978 0
    outer loop
      vertex -23.3757 -24.3243 3.2
      vertex -23.3011 -24.2333 2.5
      vertex -23.3011 -24.2333 3.2
    endloop
  endfacet
  facet normal 0.773351 -0.633978 0
    outer loop
      vertex -23.3011 -24.2333 2.5
      vertex -23.3757 -24.3243 3.2
      vertex -23.3757 -24.3243 2.5
    endloop
  endfacet
  facet normal -0.0978192 0.995204 0
    outer loop
      vertex -23.8001 -20 2.5
      vertex -23.9171 -20.0115 3.2
      vertex -23.8001 -20 3.2
    endloop
  endfacet
  facet normal -0.0978192 0.995204 0
    outer loop
      vertex -23.9171 -20.0115 3.2
      vertex -23.8001 -20 2.5
      vertex -23.9171 -20.0115 2.5
    endloop
  endfacet
  facet normal 0.995204 -0.0978192 0
    outer loop
      vertex -23.2115 -24.0171 3.2
      vertex -23.2 -23.9001 2.5
      vertex -23.2 -23.9001 3.2
    endloop
  endfacet
  facet normal 0.995204 -0.0978192 0
    outer loop
      vertex -23.2 -23.9001 2.5
      vertex -23.2115 -24.0171 3.2
      vertex -23.2115 -24.0171 2.5
    endloop
  endfacet
  facet normal -0.773351 -0.633978 0
    outer loop
      vertex -24.2243 -24.3243 2.5
      vertex -24.2989 -24.2333 3.2
      vertex -24.2989 -24.2333 2.5
    endloop
  endfacet
  facet normal -0.773351 -0.633978 0
    outer loop
      vertex -24.2989 -24.2333 3.2
      vertex -24.2243 -24.3243 2.5
      vertex -24.2243 -24.3243 3.2
    endloop
  endfacet
  facet normal 0.633978 -0.773351 0
    outer loop
      vertex -23.4667 -24.3989 2.5
      vertex -23.3757 -24.3243 3.2
      vertex -23.4667 -24.3989 3.2
    endloop
  endfacet
  facet normal 0.633978 -0.773351 0
    outer loop
      vertex -23.3757 -24.3243 3.2
      vertex -23.4667 -24.3989 2.5
      vertex -23.3757 -24.3243 2.5
    endloop
  endfacet
  facet normal 0.0978192 -0.995204 0
    outer loop
      vertex -23.7999 -24.5 2.5
      vertex -23.6829 -24.4885 3.2
      vertex -23.7999 -24.5 3.2
    endloop
  endfacet
  facet normal 0.0978192 -0.995204 0
    outer loop
      vertex -23.6829 -24.4885 3.2
      vertex -23.7999 -24.5 2.5
      vertex -23.6829 -24.4885 2.5
    endloop
  endfacet
  facet normal 0.633978 0.773351 -0
    outer loop
      vertex -23.3757 -20.1757 2.5
      vertex -23.4667 -20.1011 3.2
      vertex -23.3757 -20.1757 3.2
    endloop
  endfacet
  facet normal 0.633978 0.773351 0
    outer loop
      vertex -23.4667 -20.1011 3.2
      vertex -23.3757 -20.1757 2.5
      vertex -23.4667 -20.1011 2.5
    endloop
  endfacet
  facet normal -0.633978 0.773351 0
    outer loop
      vertex -24.1333 -20.1011 2.5
      vertex -24.2243 -20.1757 3.2
      vertex -24.1333 -20.1011 3.2
    endloop
  endfacet
  facet normal -0.633978 0.773351 0
    outer loop
      vertex -24.2243 -20.1757 3.2
      vertex -24.1333 -20.1011 2.5
      vertex -24.2243 -20.1757 2.5
    endloop
  endfacet
  facet normal 0.773351 0.633978 0
    outer loop
      vertex -23.3011 -20.2667 3.2
      vertex -23.3757 -20.1757 2.5
      vertex -23.3757 -20.1757 3.2
    endloop
  endfacet
  facet normal 0.773351 0.633978 0
    outer loop
      vertex -23.3757 -20.1757 2.5
      vertex -23.3011 -20.2667 3.2
      vertex -23.3011 -20.2667 2.5
    endloop
  endfacet
  facet normal -0.290857 0.956767 0
    outer loop
      vertex -23.9171 -20.0115 2.5
      vertex -24.0296 -20.0457 3.2
      vertex -23.9171 -20.0115 3.2
    endloop
  endfacet
  facet normal -0.290857 0.956767 0
    outer loop
      vertex -24.0296 -20.0457 3.2
      vertex -23.9171 -20.0115 2.5
      vertex -24.0296 -20.0457 2.5
    endloop
  endfacet
  facet normal -0.956767 -0.290857 0
    outer loop
      vertex -24.3543 -24.1296 2.5
      vertex -24.3885 -24.0171 3.2
      vertex -24.3885 -24.0171 2.5
    endloop
  endfacet
  facet normal -0.956767 -0.290857 0
    outer loop
      vertex -24.3885 -24.0171 3.2
      vertex -24.3543 -24.1296 2.5
      vertex -24.3543 -24.1296 3.2
    endloop
  endfacet
  facet normal 0 -1 0
    outer loop
      vertex -23.8001 -24.5 2.5
      vertex -23.7999 -24.5 3.2
      vertex -23.8001 -24.5 3.2
    endloop
  endfacet
  facet normal 0 -1 -0
    outer loop
      vertex -23.7999 -24.5 3.2
      vertex -23.8001 -24.5 2.5
      vertex -23.7999 -24.5 2.5
    endloop
  endfacet
  facet normal 0.290857 0.956767 -0
    outer loop
      vertex -23.5704 -20.0457 2.5
      vertex -23.6829 -20.0115 3.2
      vertex -23.5704 -20.0457 3.2
    endloop
  endfacet
  facet normal 0.290857 0.956767 0
    outer loop
      vertex -23.6829 -20.0115 3.2
      vertex -23.5704 -20.0457 2.5
      vertex -23.6829 -20.0115 2.5
    endloop
  endfacet
  facet normal 1 -0 0
    outer loop
      vertex -23.2 -30.4001 3.2
      vertex -23.2 -27.0999 2.5
      vertex -23.2 -27.0999 3.2
    endloop
  endfacet
  facet normal 1 0 0
    outer loop
      vertex -23.2 -27.0999 2.5
      vertex -23.2 -30.4001 3.2
      vertex -23.2 -30.4001 2.5
    endloop
  endfacet
  facet normal -0.995204 -0.0978192 0
    outer loop
      vertex -24.3885 -30.5171 2.5
      vertex -24.4 -30.4001 3.2
      vertex -24.4 -30.4001 2.5
    endloop
  endfacet
  facet normal -0.995204 -0.0978192 0
    outer loop
      vertex -24.4 -30.4001 3.2
      vertex -24.3885 -30.5171 2.5
      vertex -24.3885 -30.5171 3.2
    endloop
  endfacet
  facet normal -1 0 0
    outer loop
      vertex -24.4 -30.4001 2.5
      vertex -24.4 -27.0999 3.2
      vertex -24.4 -27.0999 2.5
    endloop
  endfacet
  facet normal -1 -0 0
    outer loop
      vertex -24.4 -27.0999 3.2
      vertex -24.4 -30.4001 2.5
      vertex -24.4 -30.4001 3.2
    endloop
  endfacet
  facet normal 0.882023 -0.471206 0
    outer loop
      vertex -23.3011 -30.7333 3.2
      vertex -23.2457 -30.6296 2.5
      vertex -23.2457 -30.6296 3.2
    endloop
  endfacet
  facet normal 0.882023 -0.471206 0
    outer loop
      vertex -23.2457 -30.6296 2.5
      vertex -23.3011 -30.7333 3.2
      vertex -23.3011 -30.7333 2.5
    endloop
  endfacet
  facet normal 0.882023 0.471206 0
    outer loop
      vertex -23.2457 -26.8704 3.2
      vertex -23.3011 -26.7667 2.5
      vertex -23.3011 -26.7667 3.2
    endloop
  endfacet
  facet normal 0.882023 0.471206 0
    outer loop
      vertex -23.3011 -26.7667 2.5
      vertex -23.2457 -26.8704 3.2
      vertex -23.2457 -26.8704 2.5
    endloop
  endfacet
  facet normal 0 0 -1
    outer loop
      vertex -24.4 -30.4001 2.5
      vertex -23.2 -30.4001 2.5
      vertex -23.2115 -30.5171 2.5
    endloop
  endfacet
  facet normal 0 0 -1
    outer loop
      vertex -23.2 -30.4001 2.5
      vertex -24.4 -30.4001 2.5
      vertex -23.2 -27.0999 2.5
    endloop
  endfacet
  facet normal 0 0 -1
    outer loop
      vertex -24.4 -30.4001 2.5
      vertex -23.2115 -30.5171 2.5
      vertex -23.2457 -30.6296 2.5
    endloop
  endfacet
  facet normal 0 0 -1
    outer loop
      vertex -24.4 -27.0999 2.5
      vertex -23.2 -27.0999 2.5
      vertex -24.4 -30.4001 2.5
    endloop
  endfacet
  facet normal 0 0 -1
    outer loop
      vertex -24.4 -30.4001 2.5
      vertex -23.2457 -30.6296 2.5
      vertex -23.3011 -30.7333 2.5
    endloop
  endfacet
  facet normal 0 0 -1
    outer loop
      vertex -23.2 -27.0999 2.5
      vertex -24.4 -27.0999 2.5
      vertex -23.2115 -26.9829 2.5
    endloop
  endfacet
  facet normal 0 0 -1
    outer loop
      vertex -24.4 -30.4001 2.5
      vertex -23.3011 -30.7333 2.5
      vertex -23.3757 -30.8243 2.5
    endloop
  endfacet
  facet normal -0 0 -1
    outer loop
      vertex -23.2115 -26.9829 2.5
      vertex -24.4 -27.0999 2.5
      vertex -23.2457 -26.8704 2.5
    endloop
  endfacet
  facet normal 0 0 -1
    outer loop
      vertex -24.4 -30.4001 2.5
      vertex -23.3757 -30.8243 2.5
      vertex -23.4667 -30.8989 2.5
    endloop
  endfacet
  facet normal -0 0 -1
    outer loop
      vertex -23.2457 -26.8704 2.5
      vertex -24.4 -27.0999 2.5
      vertex -23.3011 -26.7667 2.5
    endloop
  endfacet
  facet normal 0 0 -1
    outer loop
      vertex -24.4 -30.4001 2.5
      vertex -23.4667 -30.8989 2.5
      vertex -23.5704 -30.9543 2.5
    endloop
  endfacet
  facet normal -0 0 -1
    outer loop
      vertex -23.3011 -26.7667 2.5
      vertex -24.4 -27.0999 2.5
      vertex -23.3757 -26.6757 2.5
    endloop
  endfacet
  facet normal 0 0 -1
    outer loop
      vertex -24.4 -30.4001 2.5
      vertex -23.5704 -30.9543 2.5
      vertex -23.6829 -30.9885 2.5
    endloop
  endfacet
  facet normal -0 0 -1
    outer loop
      vertex -23.3757 -26.6757 2.5
      vertex -24.4 -27.0999 2.5
      vertex -23.4667 -26.6011 2.5
    endloop
  endfacet
  facet normal 0 0 -1
    outer loop
      vertex -24.4 -30.4001 2.5
      vertex -23.6829 -30.9885 2.5
      vertex -23.7999 -31 2.5
    endloop
  endfacet
  facet normal -0 0 -1
    outer loop
      vertex -23.4667 -26.6011 2.5
      vertex -24.4 -27.0999 2.5
      vertex -23.5704 -26.5457 2.5
    endloop
  endfacet
  facet normal 0 0 -1
    outer loop
      vertex -24.4 -30.4001 2.5
      vertex -23.7999 -31 2.5
      vertex -23.8001 -31 2.5
    endloop
  endfacet
  facet normal -0 0 -1
    outer loop
      vertex -23.5704 -26.5457 2.5
      vertex -24.4 -27.0999 2.5
      vertex -23.6829 -26.5115 2.5
    endloop
  endfacet
  facet normal 0 0 -1
    outer loop
      vertex -24.4 -30.4001 2.5
      vertex -23.8001 -31 2.5
      vertex -23.9171 -30.9885 2.5
    endloop
  endfacet
  facet normal -0 0 -1
    outer loop
      vertex -23.6829 -26.5115 2.5
      vertex -24.4 -27.0999 2.5
      vertex -23.7999 -26.5 2.5
    endloop
  endfacet
  facet normal 0 0 -1
    outer loop
      vertex -24.4 -30.4001 2.5
      vertex -23.9171 -30.9885 2.5
      vertex -24.0296 -30.9543 2.5
    endloop
  endfacet
  facet normal -0 0 -1
    outer loop
      vertex -23.7999 -26.5 2.5
      vertex -24.4 -27.0999 2.5
      vertex -23.8001 -26.5 2.5
    endloop
  endfacet
  facet normal 0 0 -1
    outer loop
      vertex -24.4 -30.4001 2.5
      vertex -24.0296 -30.9543 2.5
      vertex -24.1333 -30.8989 2.5
    endloop
  endfacet
  facet normal 0 0 -1
    outer loop
      vertex -23.8001 -26.5 2.5
      vertex -24.4 -27.0999 2.5
      vertex -23.9171 -26.5115 2.5
    endloop
  endfacet
  facet normal 0 0 -1
    outer loop
      vertex -24.4 -30.4001 2.5
      vertex -24.1333 -30.8989 2.5
      vertex -24.2243 -30.8243 2.5
    endloop
  endfacet
  facet normal 0 0 -1
    outer loop
      vertex -23.9171 -26.5115 2.5
      vertex -24.4 -27.0999 2.5
      vertex -24.0296 -26.5457 2.5
    endloop
  endfacet
  facet normal 0 0 -1
    outer loop
      vertex -24.4 -30.4001 2.5
      vertex -24.2243 -30.8243 2.5
      vertex -24.2989 -30.7333 2.5
    endloop
  endfacet
  facet normal 0 0 -1
    outer loop
      vertex -24.0296 -26.5457 2.5
      vertex -24.4 -27.0999 2.5
      vertex -24.1333 -26.6011 2.5
    endloop
  endfacet
  facet normal 0 0 -1
    outer loop
      vertex -24.4 -30.4001 2.5
      vertex -24.2989 -30.7333 2.5
      vertex -24.3543 -30.6296 2.5
    endloop
  endfacet
  facet normal 0 0 -1
    outer loop
      vertex -24.1333 -26.6011 2.5
      vertex -24.4 -27.0999 2.5
      vertex -24.2243 -26.6757 2.5
    endloop
  endfacet
  facet normal 0 0 -1
    outer loop
      vertex -24.4 -30.4001 2.5
      vertex -24.3543 -30.6296 2.5
      vertex -24.3885 -30.5171 2.5
    endloop
  endfacet
  facet normal 0 0 -1
    outer loop
      vertex -24.2243 -26.6757 2.5
      vertex -24.4 -27.0999 2.5
      vertex -24.2989 -26.7667 2.5
    endloop
  endfacet
  facet normal 0 0 -1
    outer loop
      vertex -24.2989 -26.7667 2.5
      vertex -24.4 -27.0999 2.5
      vertex -24.3543 -26.8704 2.5
    endloop
  endfacet
  facet normal 0 0 -1
    outer loop
      vertex -24.3543 -26.8704 2.5
      vertex -24.4 -27.0999 2.5
      vertex -24.3885 -26.9829 2.5
    endloop
  endfacet
  facet normal 0 0 1
    outer loop
      vertex -24.4 -27.0999 3.2
      vertex -23.2 -27.0999 3.2
      vertex -23.2115 -26.9829 3.2
    endloop
  endfacet
  facet normal 0 0 1
    outer loop
      vertex -23.2 -27.0999 3.2
      vertex -24.4 -27.0999 3.2
      vertex -23.2 -30.4001 3.2
    endloop
  endfacet
  facet normal 0 0 1
    outer loop
      vertex -24.4 -27.0999 3.2
      vertex -23.2115 -26.9829 3.2
      vertex -23.2457 -26.8704 3.2
    endloop
  endfacet
  facet normal 0 0 1
    outer loop
      vertex -24.4 -30.4001 3.2
      vertex -23.2 -30.4001 3.2
      vertex -24.4 -27.0999 3.2
    endloop
  endfacet
  facet normal 0 0 1
    outer loop
      vertex -24.4 -27.0999 3.2
      vertex -23.2457 -26.8704 3.2
      vertex -23.3011 -26.7667 3.2
    endloop
  endfacet
  facet normal 0 0 1
    outer loop
      vertex -23.2 -30.4001 3.2
      vertex -24.4 -30.4001 3.2
      vertex -23.2115 -30.5171 3.2
    endloop
  endfacet
  facet normal 0 0 1
    outer loop
      vertex -24.4 -27.0999 3.2
      vertex -23.3011 -26.7667 3.2
      vertex -23.3757 -26.6757 3.2
    endloop
  endfacet
  facet normal 0 0 1
    outer loop
      vertex -23.2115 -30.5171 3.2
      vertex -24.4 -30.4001 3.2
      vertex -23.2457 -30.6296 3.2
    endloop
  endfacet
  facet normal 0 0 1
    outer loop
      vertex -24.4 -27.0999 3.2
      vertex -23.3757 -26.6757 3.2
      vertex -23.4667 -26.6011 3.2
    endloop
  endfacet
  facet normal 0 0 1
    outer loop
      vertex -23.2457 -30.6296 3.2
      vertex -24.4 -30.4001 3.2
      vertex -23.3011 -30.7333 3.2
    endloop
  endfacet
  facet normal 0 0 1
    outer loop
      vertex -24.4 -27.0999 3.2
      vertex -23.4667 -26.6011 3.2
      vertex -23.5704 -26.5457 3.2
    endloop
  endfacet
  facet normal 0 0 1
    outer loop
      vertex -23.3011 -30.7333 3.2
      vertex -24.4 -30.4001 3.2
      vertex -23.3757 -30.8243 3.2
    endloop
  endfacet
  facet normal 0 0 1
    outer loop
      vertex -24.4 -27.0999 3.2
      vertex -23.5704 -26.5457 3.2
      vertex -23.6829 -26.5115 3.2
    endloop
  endfacet
  facet normal 0 0 1
    outer loop
      vertex -23.3757 -30.8243 3.2
      vertex -24.4 -30.4001 3.2
      vertex -23.4667 -30.8989 3.2
    endloop
  endfacet
  facet normal 0 0 1
    outer loop
      vertex -24.4 -27.0999 3.2
      vertex -23.6829 -26.5115 3.2
      vertex -23.7999 -26.5 3.2
    endloop
  endfacet
  facet normal 0 0 1
    outer loop
      vertex -23.4667 -30.8989 3.2
      vertex -24.4 -30.4001 3.2
      vertex -23.5704 -30.9543 3.2
    endloop
  endfacet
  facet normal 0 0 1
    outer loop
      vertex -24.4 -27.0999 3.2
      vertex -23.7999 -26.5 3.2
      vertex -23.8001 -26.5 3.2
    endloop
  endfacet
  facet normal 0 0 1
    outer loop
      vertex -23.5704 -30.9543 3.2
      vertex -24.4 -30.4001 3.2
      vertex -23.6829 -30.9885 3.2
    endloop
  endfacet
  facet normal 0 0 1
    outer loop
      vertex -24.4 -27.0999 3.2
      vertex -23.8001 -26.5 3.2
      vertex -23.9171 -26.5115 3.2
    endloop
  endfacet
  facet normal 0 0 1
    outer loop
      vertex -23.6829 -30.9885 3.2
      vertex -24.4 -30.4001 3.2
      vertex -23.7999 -31 3.2
    endloop
  endfacet
  facet normal 0 0 1
    outer loop
      vertex -24.4 -27.0999 3.2
      vertex -23.9171 -26.5115 3.2
      vertex -24.0296 -26.5457 3.2
    endloop
  endfacet
  facet normal 0 0 1
    outer loop
      vertex -23.7999 -31 3.2
      vertex -24.4 -30.4001 3.2
      vertex -23.8001 -31 3.2
    endloop
  endfacet
  facet normal 0 0 1
    outer loop
      vertex -24.4 -27.0999 3.2
      vertex -24.0296 -26.5457 3.2
      vertex -24.1333 -26.6011 3.2
    endloop
  endfacet
  facet normal 0 0 1
    outer loop
      vertex -23.8001 -31 3.2
      vertex -24.4 -30.4001 3.2
      vertex -23.9171 -30.9885 3.2
    endloop
  endfacet
  facet normal 0 0 1
    outer loop
      vertex -24.4 -27.0999 3.2
      vertex -24.1333 -26.6011 3.2
      vertex -24.2243 -26.6757 3.2
    endloop
  endfacet
  facet normal 0 0 1
    outer loop
      vertex -23.9171 -30.9885 3.2
      vertex -24.4 -30.4001 3.2
      vertex -24.0296 -30.9543 3.2
    endloop
  endfacet
  facet normal 0 0 1
    outer loop
      vertex -24.4 -27.0999 3.2
      vertex -24.2243 -26.6757 3.2
      vertex -24.2989 -26.7667 3.2
    endloop
  endfacet
  facet normal 0 0 1
    outer loop
      vertex -24.0296 -30.9543 3.2
      vertex -24.4 -30.4001 3.2
      vertex -24.1333 -30.8989 3.2
    endloop
  endfacet
  facet normal 0 0 1
    outer loop
      vertex -24.4 -27.0999 3.2
      vertex -24.2989 -26.7667 3.2
      vertex -24.3543 -26.8704 3.2
    endloop
  endfacet
  facet normal 0 0 1
    outer loop
      vertex -24.1333 -30.8989 3.2
      vertex -24.4 -30.4001 3.2
      vertex -24.2243 -30.8243 3.2
    endloop
  endfacet
  facet normal 0 0 1
    outer loop
      vertex -24.4 -27.0999 3.2
      vertex -24.3543 -26.8704 3.2
      vertex -24.3885 -26.9829 3.2
    endloop
  endfacet
  facet normal 0 0 1
    outer loop
      vertex -24.2243 -30.8243 3.2
      vertex -24.4 -30.4001 3.2
      vertex -24.2989 -30.7333 3.2
    endloop
  endfacet
  facet normal 0 0 1
    outer loop
      vertex -24.2989 -30.7333 3.2
      vertex -24.4 -30.4001 3.2
      vertex -24.3543 -30.6296 3.2
    endloop
  endfacet
  facet normal 0 0 1
    outer loop
      vertex -24.3543 -30.6296 3.2
      vertex -24.4 -30.4001 3.2
      vertex -24.3885 -30.5171 3.2
    endloop
  endfacet
  facet normal -0.882023 0.471206 0
    outer loop
      vertex -24.3543 -26.8704 2.5
      vertex -24.2989 -26.7667 3.2
      vertex -24.2989 -26.7667 2.5
    endloop
  endfacet
  facet normal -0.882023 0.471206 0
    outer loop
      vertex -24.2989 -26.7667 3.2
      vertex -24.3543 -26.8704 2.5
      vertex -24.3543 -26.8704 3.2
    endloop
  endfacet
  facet normal -0.882023 -0.471206 0
    outer loop
      vertex -24.2989 -30.7333 2.5
      vertex -24.3543 -30.6296 3.2
      vertex -24.3543 -30.6296 2.5
    endloop
  endfacet
  facet normal -0.882023 -0.471206 0
    outer loop
      vertex -24.3543 -30.6296 3.2
      vertex -24.2989 -30.7333 2.5
      vertex -24.2989 -30.7333 3.2
    endloop
  endfacet
  facet normal -0.773351 0.633978 0
    outer loop
      vertex -24.2989 -26.7667 2.5
      vertex -24.2243 -26.6757 3.2
      vertex -24.2243 -26.6757 2.5
    endloop
  endfacet
  facet normal -0.773351 0.633978 0
    outer loop
      vertex -24.2243 -26.6757 3.2
      vertex -24.2989 -26.7667 2.5
      vertex -24.2989 -26.7667 3.2
    endloop
  endfacet
  facet normal -0.0978192 -0.995204 0
    outer loop
      vertex -23.9171 -30.9885 2.5
      vertex -23.8001 -31 3.2
      vertex -23.9171 -30.9885 3.2
    endloop
  endfacet
  facet normal -0.0978192 -0.995204 -0
    outer loop
      vertex -23.8001 -31 3.2
      vertex -23.9171 -30.9885 2.5
      vertex -23.8001 -31 2.5
    endloop
  endfacet
  facet normal 0.471206 -0.882023 0
    outer loop
      vertex -23.5704 -30.9543 2.5
      vertex -23.4667 -30.8989 3.2
      vertex -23.5704 -30.9543 3.2
    endloop
  endfacet
  facet normal 0.471206 -0.882023 0
    outer loop
      vertex -23.4667 -30.8989 3.2
      vertex -23.5704 -30.9543 2.5
      vertex -23.4667 -30.8989 2.5
    endloop
  endfacet
  facet normal 0 1 -0
    outer loop
      vertex -23.7999 -26.5 2.5
      vertex -23.8001 -26.5 3.2
      vertex -23.7999 -26.5 3.2
    endloop
  endfacet
  facet normal 0 1 0
    outer loop
      vertex -23.8001 -26.5 3.2
      vertex -23.7999 -26.5 2.5
      vertex -23.8001 -26.5 2.5
    endloop
  endfacet
  facet normal -0.471206 0.882023 0
    outer loop
      vertex -24.0296 -26.5457 2.5
      vertex -24.1333 -26.6011 3.2
      vertex -24.0296 -26.5457 3.2
    endloop
  endfacet
  facet normal -0.471206 0.882023 0
    outer loop
      vertex -24.1333 -26.6011 3.2
      vertex -24.0296 -26.5457 2.5
      vertex -24.1333 -26.6011 2.5
    endloop
  endfacet
  facet normal -0.956767 0.290857 0
    outer loop
      vertex -24.3885 -26.9829 2.5
      vertex -24.3543 -26.8704 3.2
      vertex -24.3543 -26.8704 2.5
    endloop
  endfacet
  facet normal -0.956767 0.290857 0
    outer loop
      vertex -24.3543 -26.8704 3.2
      vertex -24.3885 -26.9829 2.5
      vertex -24.3885 -26.9829 3.2
    endloop
  endfacet
  facet normal 0.995204 0.0978192 0
    outer loop
      vertex -23.2 -27.0999 3.2
      vertex -23.2115 -26.9829 2.5
      vertex -23.2115 -26.9829 3.2
    endloop
  endfacet
  facet normal 0.995204 0.0978192 0
    outer loop
      vertex -23.2115 -26.9829 2.5
      vertex -23.2 -27.0999 3.2
      vertex -23.2 -27.0999 2.5
    endloop
  endfacet
  facet normal 0.0978192 0.995204 -0
    outer loop
      vertex -23.6829 -26.5115 2.5
      vertex -23.7999 -26.5 3.2
      vertex -23.6829 -26.5115 3.2
    endloop
  endfacet
  facet normal 0.0978192 0.995204 0
    outer loop
      vertex -23.7999 -26.5 3.2
      vertex -23.6829 -26.5115 2.5
      vertex -23.7999 -26.5 2.5
    endloop
  endfacet
  facet normal 0.290857 -0.956767 0
    outer loop
      vertex -23.6829 -30.9885 2.5
      vertex -23.5704 -30.9543 3.2
      vertex -23.6829 -30.9885 3.2
    endloop
  endfacet
  facet normal 0.290857 -0.956767 0
    outer loop
      vertex -23.5704 -30.9543 3.2
      vertex -23.6829 -30.9885 2.5
      vertex -23.5704 -30.9543 2.5
    endloop
  endfacet
  facet normal -0.995204 0.0978192 0
    outer loop
      vertex -24.4 -27.0999 2.5
      vertex -24.3885 -26.9829 3.2
      vertex -24.3885 -26.9829 2.5
    endloop
  endfacet
  facet normal -0.995204 0.0978192 0
    outer loop
      vertex -24.3885 -26.9829 3.2
      vertex -24.4 -27.0999 2.5
      vertex -24.4 -27.0999 3.2
    endloop
  endfacet
  facet normal -0.471206 -0.882023 0
    outer loop
      vertex -24.1333 -30.8989 2.5
      vertex -24.0296 -30.9543 3.2
      vertex -24.1333 -30.8989 3.2
    endloop
  endfacet
  facet normal -0.471206 -0.882023 -0
    outer loop
      vertex -24.0296 -30.9543 3.2
      vertex -24.1333 -30.8989 2.5
      vertex -24.0296 -30.9543 2.5
    endloop
  endfacet
  facet normal -0.633978 -0.773351 0
    outer loop
      vertex -24.2243 -30.8243 2.5
      vertex -24.1333 -30.8989 3.2
      vertex -24.2243 -30.8243 3.2
    endloop
  endfacet
  facet normal -0.633978 -0.773351 -0
    outer loop
      vertex -24.1333 -30.8989 3.2
      vertex -24.2243 -30.8243 2.5
      vertex -24.1333 -30.8989 2.5
    endloop
  endfacet
  facet normal 0.956767 -0.290857 0
    outer loop
      vertex -23.2457 -30.6296 3.2
      vertex -23.2115 -30.5171 2.5
      vertex -23.2115 -30.5171 3.2
    endloop
  endfacet
  facet normal 0.956767 -0.290857 0
    outer loop
      vertex -23.2115 -30.5171 2.5
      vertex -23.2457 -30.6296 3.2
      vertex -23.2457 -30.6296 2.5
    endloop
  endfacet
  facet normal 0.956767 0.290857 0
    outer loop
      vertex -23.2115 -26.9829 3.2
      vertex -23.2457 -26.8704 2.5
      vertex -23.2457 -26.8704 3.2
    endloop
  endfacet
  facet normal 0.956767 0.290857 0
    outer loop
      vertex -23.2457 -26.8704 2.5
      vertex -23.2115 -26.9829 3.2
      vertex -23.2115 -26.9829 2.5
    endloop
  endfacet
  facet normal 0.773351 -0.633978 0
    outer loop
      vertex -23.3757 -30.8243 3.2
      vertex -23.3011 -30.7333 2.5
      vertex -23.3011 -30.7333 3.2
    endloop
  endfacet
  facet normal 0.773351 -0.633978 0
    outer loop
      vertex -23.3011 -30.7333 2.5
      vertex -23.3757 -30.8243 3.2
      vertex -23.3757 -30.8243 2.5
    endloop
  endfacet
  facet normal -0.0978192 0.995204 0
    outer loop
      vertex -23.8001 -26.5 2.5
      vertex -23.9171 -26.5115 3.2
      vertex -23.8001 -26.5 3.2
    endloop
  endfacet
  facet normal -0.0978192 0.995204 0
    outer loop
      vertex -23.9171 -26.5115 3.2
      vertex -23.8001 -26.5 2.5
      vertex -23.9171 -26.5115 2.5
    endloop
  endfacet
  facet normal -0.773351 -0.633978 0
    outer loop
      vertex -24.2243 -30.8243 2.5
      vertex -24.2989 -30.7333 3.2
      vertex -24.2989 -30.7333 2.5
    endloop
  endfacet
  facet normal -0.773351 -0.633978 0
    outer loop
      vertex -24.2989 -30.7333 3.2
      vertex -24.2243 -30.8243 2.5
      vertex -24.2243 -30.8243 3.2
    endloop
  endfacet
  facet normal 0.633978 -0.773351 0
    outer loop
      vertex -23.4667 -30.8989 2.5
      vertex -23.3757 -30.8243 3.2
      vertex -23.4667 -30.8989 3.2
    endloop
  endfacet
  facet normal 0.633978 -0.773351 0
    outer loop
      vertex -23.3757 -30.8243 3.2
      vertex -23.4667 -30.8989 2.5
      vertex -23.3757 -30.8243 2.5
    endloop
  endfacet
  facet normal 0.0978192 -0.995204 0
    outer loop
      vertex -23.7999 -31 2.5
      vertex -23.6829 -30.9885 3.2
      vertex -23.7999 -31 3.2
    endloop
  endfacet
  facet normal 0.0978192 -0.995204 0
    outer loop
      vertex -23.6829 -30.9885 3.2
      vertex -23.7999 -31 2.5
      vertex -23.6829 -30.9885 2.5
    endloop
  endfacet
  facet normal 0.995204 -0.0978192 0
    outer loop
      vertex -23.2115 -30.5171 3.2
      vertex -23.2 -30.4001 2.5
      vertex -23.2 -30.4001 3.2
    endloop
  endfacet
  facet normal 0.995204 -0.0978192 0
    outer loop
      vertex -23.2 -30.4001 2.5
      vertex -23.2115 -30.5171 3.2
      vertex -23.2115 -30.5171 2.5
    endloop
  endfacet
  facet normal 0.633978 0.773351 -0
    outer loop
      vertex -23.3757 -26.6757 2.5
      vertex -23.4667 -26.6011 3.2
      vertex -23.3757 -26.6757 3.2
    endloop
  endfacet
  facet normal 0.633978 0.773351 0
    outer loop
      vertex -23.4667 -26.6011 3.2
      vertex -23.3757 -26.6757 2.5
      vertex -23.4667 -26.6011 2.5
    endloop
  endfacet
  facet normal -0.633978 0.773351 0
    outer loop
      vertex -24.1333 -26.6011 2.5
      vertex -24.2243 -26.6757 3.2
      vertex -24.1333 -26.6011 3.2
    endloop
  endfacet
  facet normal -0.633978 0.773351 0
    outer loop
      vertex -24.2243 -26.6757 3.2
      vertex -24.1333 -26.6011 2.5
      vertex -24.2243 -26.6757 2.5
    endloop
  endfacet
  facet normal 0.773351 0.633978 0
    outer loop
      vertex -23.3011 -26.7667 3.2
      vertex -23.3757 -26.6757 2.5
      vertex -23.3757 -26.6757 3.2
    endloop
  endfacet
  facet normal 0.773351 0.633978 0
    outer loop
      vertex -23.3757 -26.6757 2.5
      vertex -23.3011 -26.7667 3.2
      vertex -23.3011 -26.7667 2.5
    endloop
  endfacet
  facet normal -0.290857 0.956767 0
    outer loop
      vertex -23.9171 -26.5115 2.5
      vertex -24.0296 -26.5457 3.2
      vertex -23.9171 -26.5115 3.2
    endloop
  endfacet
  facet normal -0.290857 0.956767 0
    outer loop
      vertex -24.0296 -26.5457 3.2
      vertex -23.9171 -26.5115 2.5
      vertex -24.0296 -26.5457 2.5
    endloop
  endfacet
  facet normal -0.956767 -0.290857 0
    outer loop
      vertex -24.3543 -30.6296 2.5
      vertex -24.3885 -30.5171 3.2
      vertex -24.3885 -30.5171 2.5
    endloop
  endfacet
  facet normal -0.956767 -0.290857 0
    outer loop
      vertex -24.3885 -30.5171 3.2
      vertex -24.3543 -30.6296 2.5
      vertex -24.3543 -30.6296 3.2
    endloop
  endfacet
  facet normal 0 -1 0
    outer loop
      vertex -23.8001 -31 2.5
      vertex -23.7999 -31 3.2
      vertex -23.8001 -31 3.2
    endloop
  endfacet
  facet normal 0 -1 -0
    outer loop
      vertex -23.7999 -31 3.2
      vertex -23.8001 -31 2.5
      vertex -23.7999 -31 2.5
    endloop
  endfacet
  facet normal 0.290857 0.956767 -0
    outer loop
      vertex -23.5704 -26.5457 2.5
      vertex -23.6829 -26.5115 3.2
      vertex -23.5704 -26.5457 3.2
    endloop
  endfacet
  facet normal 0.290857 0.956767 0
    outer loop
      vertex -23.6829 -26.5115 3.2
      vertex -23.5704 -26.5457 2.5
      vertex -23.6829 -26.5115 2.5
    endloop
  endfacet
  facet normal 0.471206 0.882023 -0
    outer loop
      vertex -23.4667 -26.6011 2.5
      vertex -23.5704 -26.5457 3.2
      vertex -23.4667 -26.6011 3.2
    endloop
  endfacet
  facet normal 0.471206 0.882023 0
    outer loop
      vertex -23.5704 -26.5457 3.2
      vertex -23.4667 -26.6011 2.5
      vertex -23.5704 -26.5457 2.5
    endloop
  endfacet
  facet normal -0.290857 -0.956767 0
    outer loop
      vertex -24.0296 -30.9543 2.5
      vertex -23.9171 -30.9885 3.2
      vertex -24.0296 -30.9543 3.2
    endloop
  endfacet
  facet normal -0.290857 -0.956767 -0
    outer loop
      vertex -23.9171 -30.9885 3.2
      vertex -24.0296 -30.9543 2.5
      vertex -23.9171 -30.9885 2.5
    endloop
  endfacet
  facet normal 0 0 -1
    outer loop
      vertex -24.4 10.6915 2.5
      vertex -23.2 10.6915 2.5
      vertex -23.2131 10.5667 2.5
    endloop
  endfacet
  facet normal 0 0 -1
    outer loop
      vertex -19.5159 -13.9854 2.5
      vertex -19.4898 -13.7373 2.5
      vertex -19.4898 -13.8627 2.5
    endloop
  endfacet
  facet normal 0 0 -1
    outer loop
      vertex -19.5159 -13.9854 2.5
      vertex -19.5159 -13.6146 2.5
      vertex -19.4898 -13.7373 2.5
    endloop
  endfacet
  facet normal 0 0 -1
    outer loop
      vertex -19.5669 -14.1 2.5
      vertex -19.5159 -13.6146 2.5
      vertex -19.5159 -13.9854 2.5
    endloop
  endfacet
  facet normal 0 0 -1
    outer loop
      vertex -19.5669 -14.1 2.5
      vertex -19.5669 -13.5 2.5
      vertex -19.5159 -13.6146 2.5
    endloop
  endfacet
  facet normal 0 0 -1
    outer loop
      vertex -19.6406 -14.2015 2.5
      vertex -19.5669 -13.5 2.5
      vertex -19.5669 -14.1 2.5
    endloop
  endfacet
  facet normal 0 0 -1
    outer loop
      vertex -19.6406 -14.2015 2.5
      vertex -19.6406 -13.3985 2.5
      vertex -19.5669 -13.5 2.5
    endloop
  endfacet
  facet normal 0 0 -1
    outer loop
      vertex -19.7339 -14.2854 2.5
      vertex -19.6406 -13.3985 2.5
      vertex -19.6406 -14.2015 2.5
    endloop
  endfacet
  facet normal 0 0 -1
    outer loop
      vertex -19.7339 -14.2854 2.5
      vertex -19.7339 -13.3146 2.5
      vertex -19.6406 -13.3985 2.5
    endloop
  endfacet
  facet normal 0 0 -1
    outer loop
      vertex -19.8425 -14.3481 2.5
      vertex -19.7339 -13.3146 2.5
      vertex -19.7339 -14.2854 2.5
    endloop
  endfacet
  facet normal 0 0 -1
    outer loop
      vertex -19.8425 -14.3481 2.5
      vertex -19.8425 -13.2519 2.5
      vertex -19.7339 -13.3146 2.5
    endloop
  endfacet
  facet normal 0 0 -1
    outer loop
      vertex -19.9618 -14.3869 2.5
      vertex -19.8425 -13.2519 2.5
      vertex -19.8425 -14.3481 2.5
    endloop
  endfacet
  facet normal 0 0 -1
    outer loop
      vertex -19.9618 -14.3869 2.5
      vertex -19.9618 -13.2131 2.5
      vertex -19.8425 -13.2519 2.5
    endloop
  endfacet
  facet normal 0 0 -1
    outer loop
      vertex -20.0865 -14.4 2.5
      vertex -19.9618 -13.2131 2.5
      vertex -19.9618 -14.3869 2.5
    endloop
  endfacet
  facet normal 0 0 -1
    outer loop
      vertex -20.0865 -14.4 2.5
      vertex -20.0865 -13.2 2.5
      vertex -19.9618 -13.2131 2.5
    endloop
  endfacet
  facet normal 0 0 -1
    outer loop
      vertex -20.0865 -14.4 2.5
      vertex -21.5691 -13.2 2.5
      vertex -20.0865 -13.2 2.5
    endloop
  endfacet
  facet normal 0 0 -1
    outer loop
      vertex -23.8 -14.4 2.5
      vertex -21.5691 -13.2 2.5
      vertex -20.0865 -14.4 2.5
    endloop
  endfacet
  facet normal 0 0 -1
    outer loop
      vertex -24.4 -10.6915 2.5
      vertex -23.2 -10.6915 2.5
      vertex -23.2 -12.7585 2.5
    endloop
  endfacet
  facet normal 0 0 -1
    outer loop
      vertex -23.2 -10.6915 2.5
      vertex -24.4 -10.6915 2.5
      vertex -23.2131 -10.5667 2.5
    endloop
  endfacet
  facet normal -0 0 -1
    outer loop
      vertex -23.2131 -10.5667 2.5
      vertex -24.4 -10.6915 2.5
      vertex -23.2519 -10.4474 2.5
    endloop
  endfacet
  facet normal -0 0 -1
    outer loop
      vertex -23.2519 -10.4474 2.5
      vertex -24.4 -10.6915 2.5
      vertex -23.3146 -10.3388 2.5
    endloop
  endfacet
  facet normal -0 0 -1
    outer loop
      vertex -23.3146 -10.3388 2.5
      vertex -24.4 -10.6915 2.5
      vertex -23.3985 -10.2456 2.5
    endloop
  endfacet
  facet normal -0 0 -1
    outer loop
      vertex -23.3985 -10.2456 2.5
      vertex -24.4 -10.6915 2.5
      vertex -23.5 -10.1719 2.5
    endloop
  endfacet
  facet normal -0 0 -1
    outer loop
      vertex -23.5 -10.1719 2.5
      vertex -24.4 -10.6915 2.5
      vertex -23.6146 -10.1208 2.5
    endloop
  endfacet
  facet normal -0 0 -1
    outer loop
      vertex -21.5691 -13.2 2.5
      vertex -23.8 -14.4 2.5
      vertex -23.2 -12.7585 2.5
    endloop
  endfacet
  facet normal 0 0 -1
    outer loop
      vertex -24.4 -13.8 2.5
      vertex -23.2 -12.7585 2.5
      vertex -23.8 -14.4 2.5
    endloop
  endfacet
  facet normal 0 0 -1
    outer loop
      vertex -24.3999 -13.8005 2.5
      vertex -23.8 -14.4 2.5
      vertex -23.8307 -14.3967 2.5
    endloop
  endfacet
  facet normal 0 0 -1
    outer loop
      vertex -23.8621 -14.3967 2.5
      vertex -23.8307 -14.3967 2.5
      vertex -23.8616 -14.3968 2.5
    endloop
  endfacet
  facet normal 0 0 -1
    outer loop
      vertex -23.8935 -14.3902 2.5
      vertex -23.8307 -14.3967 2.5
      vertex -23.8621 -14.3967 2.5
    endloop
  endfacet
  facet normal 0 0 -1
    outer loop
      vertex -23.8935 -14.3902 2.5
      vertex -23.8621 -14.3967 2.5
      vertex -23.8627 -14.3967 2.5
    endloop
  endfacet
  facet normal 0 0 -1
    outer loop
      vertex -24.4 -10.6915 2.5
      vertex -23.2 -12.7585 2.5
      vertex -24.4 -13.8 2.5
    endloop
  endfacet
  facet normal 0 0 -1
    outer loop
      vertex -24.3967 -13.8318 2.5
      vertex -23.8307 -14.3967 2.5
      vertex -23.8935 -14.3902 2.5
    endloop
  endfacet
  facet normal 0 0 -1
    outer loop
      vertex -23.9542 -14.3773 2.5
      vertex -23.8935 -14.3902 2.5
      vertex -23.9247 -14.3869 2.5
    endloop
  endfacet
  facet normal 0 0 -1
    outer loop
      vertex -24.3967 -13.8318 2.5
      vertex -23.8935 -14.3902 2.5
      vertex -23.9542 -14.3773 2.5
    endloop
  endfacet
  facet normal 0 0 -1
    outer loop
      vertex -23.9848 -14.3707 2.5
      vertex -23.9542 -14.3773 2.5
      vertex -23.9843 -14.371 2.5
    endloop
  endfacet
  facet normal 0 0 -1
    outer loop
      vertex -24.0141 -14.3578 2.5
      vertex -23.9542 -14.3773 2.5
      vertex -23.9848 -14.3707 2.5
    endloop
  endfacet
  facet normal 0 0 -1
    outer loop
      vertex -24.0141 -14.3578 2.5
      vertex -23.9848 -14.3707 2.5
      vertex -23.9854 -14.3706 2.5
    endloop
  endfacet
  facet normal -0 0 -1
    outer loop
      vertex -23.6146 -10.1208 2.5
      vertex -24.4 -10.6915 2.5
      vertex -23.7373 -10.0948 2.5
    endloop
  endfacet
  facet normal 0 0 -1
    outer loop
      vertex -24.3967 -13.8318 2.5
      vertex -23.9542 -14.3773 2.5
      vertex -24.0141 -14.3578 2.5
    endloop
  endfacet
  facet normal 0 0 -1
    outer loop
      vertex -24.0709 -14.3326 2.5
      vertex -24.0141 -14.3578 2.5
      vertex -24.044 -14.3481 2.5
    endloop
  endfacet
  facet normal 0 0 -1
    outer loop
      vertex -24.3967 -13.8318 2.5
      vertex -24.0141 -14.3578 2.5
      vertex -24.0709 -14.3326 2.5
    endloop
  endfacet
  facet normal 0 0 -1
    outer loop
      vertex -24.0994 -14.3198 2.5
      vertex -24.0709 -14.3326 2.5
      vertex -24.099 -14.3201 2.5
    endloop
  endfacet
  facet normal 0 0 -1
    outer loop
      vertex -24.1254 -14.3011 2.5
      vertex -24.0709 -14.3326 2.5
      vertex -24.0994 -14.3198 2.5
    endloop
  endfacet
  facet normal 0 0 -1
    outer loop
      vertex -24.1254 -14.3011 2.5
      vertex -24.0994 -14.3198 2.5
      vertex -24.1 -14.3196 2.5
    endloop
  endfacet
  facet normal -0 0 -1
    outer loop
      vertex -23.7373 -10.0948 2.5
      vertex -24.4 -10.6915 2.5
      vertex -23.8627 -10.0948 2.5
    endloop
  endfacet
  facet normal 0 0 -1
    outer loop
      vertex -24.3967 -13.8318 2.5
      vertex -24.0709 -14.3326 2.5
      vertex -24.1254 -14.3011 2.5
    endloop
  endfacet
  facet normal 0 0 -1
    outer loop
      vertex -24.1756 -14.2647 2.5
      vertex -24.1254 -14.3011 2.5
      vertex -24.1526 -14.2854 2.5
    endloop
  endfacet
  facet normal 0 0 -1
    outer loop
      vertex -24.3967 -13.8318 2.5
      vertex -24.1254 -14.3011 2.5
      vertex -24.1756 -14.2647 2.5
    endloop
  endfacet
  facet normal 0 0 -1
    outer loop
      vertex -24.201 -14.2462 2.5
      vertex -24.1756 -14.2647 2.5
      vertex -24.2006 -14.2466 2.5
    endloop
  endfacet
  facet normal 0 0 -1
    outer loop
      vertex -24.2225 -14.2225 2.5
      vertex -24.1756 -14.2647 2.5
      vertex -24.201 -14.2462 2.5
    endloop
  endfacet
  facet normal 0 0 -1
    outer loop
      vertex -24.2225 -14.2225 2.5
      vertex -24.201 -14.2462 2.5
      vertex -24.2015 -14.2459 2.5
    endloop
  endfacet
  facet normal 0 0 -1
    outer loop
      vertex -23.8627 -10.0948 2.5
      vertex -24.4 -10.6915 2.5
      vertex -23.9854 -10.1208 2.5
    endloop
  endfacet
  facet normal 0 0 -1
    outer loop
      vertex -24.3967 -13.8318 2.5
      vertex -24.1756 -14.2647 2.5
      vertex -24.2225 -14.2225 2.5
    endloop
  endfacet
  facet normal 0 0 -1
    outer loop
      vertex -24.2641 -14.1764 2.5
      vertex -24.2225 -14.2225 2.5
      vertex -24.2459 -14.2015 2.5
    endloop
  endfacet
  facet normal 0 0 -1
    outer loop
      vertex -24.3967 -13.8318 2.5
      vertex -24.2225 -14.2225 2.5
      vertex -24.2641 -14.1764 2.5
    endloop
  endfacet
  facet normal 0 0 -1
    outer loop
      vertex -24.285 -14.1531 2.5
      vertex -24.2641 -14.1764 2.5
      vertex -24.2847 -14.1535 2.5
    endloop
  endfacet
  facet normal 0 0 -1
    outer loop
      vertex -24.3011 -14.1254 2.5
      vertex -24.2641 -14.1764 2.5
      vertex -24.285 -14.1531 2.5
    endloop
  endfacet
  facet normal 0 0 -1
    outer loop
      vertex -24.3011 -14.1254 2.5
      vertex -24.285 -14.1531 2.5
      vertex -24.2854 -14.1526 2.5
    endloop
  endfacet
  facet normal 0 0 -1
    outer loop
      vertex -23.9854 -10.1208 2.5
      vertex -24.4 -10.6915 2.5
      vertex -24.1 -10.1719 2.5
    endloop
  endfacet
  facet normal 0 0 -1
    outer loop
      vertex -24.3967 -13.8318 2.5
      vertex -24.2641 -14.1764 2.5
      vertex -24.3011 -14.1254 2.5
    endloop
  endfacet
  facet normal 0 0 -1
    outer loop
      vertex -24.3322 -14.0717 2.5
      vertex -24.3011 -14.1254 2.5
      vertex -24.3196 -14.1 2.5
    endloop
  endfacet
  facet normal 0 0 -1
    outer loop
      vertex -24.3967 -13.8318 2.5
      vertex -24.3011 -14.1254 2.5
      vertex -24.3322 -14.0717 2.5
    endloop
  endfacet
  facet normal 0 0 -1
    outer loop
      vertex -24.3478 -14.0445 2.5
      vertex -24.3322 -14.0717 2.5
      vertex -24.3477 -14.045 2.5
    endloop
  endfacet
  facet normal 0 0 -1
    outer loop
      vertex -24.3578 -14.0141 2.5
      vertex -24.3322 -14.0717 2.5
      vertex -24.3478 -14.0445 2.5
    endloop
  endfacet
  facet normal 0 0 -1
    outer loop
      vertex -24.3578 -14.0141 2.5
      vertex -24.3478 -14.0445 2.5
      vertex -24.3481 -14.044 2.5
    endloop
  endfacet
  facet normal 0 0 -1
    outer loop
      vertex -24.1 -10.1719 2.5
      vertex -24.4 -10.6915 2.5
      vertex -24.2015 -10.2456 2.5
    endloop
  endfacet
  facet normal 0 0 -1
    outer loop
      vertex -24.3967 -13.8318 2.5
      vertex -24.3322 -14.0717 2.5
      vertex -24.3578 -14.0141 2.5
    endloop
  endfacet
  facet normal 0 0 -1
    outer loop
      vertex -24.3771 -13.9551 2.5
      vertex -24.3578 -14.0141 2.5
      vertex -24.3706 -13.9854 2.5
    endloop
  endfacet
  facet normal 0 0 -1
    outer loop
      vertex -24.3967 -13.8318 2.5
      vertex -24.3578 -14.0141 2.5
      vertex -24.3771 -13.9551 2.5
    endloop
  endfacet
  facet normal 0 0 -1
    outer loop
      vertex -24.3867 -13.9252 2.5
      vertex -24.3771 -13.9551 2.5
      vertex -24.3866 -13.9258 2.5
    endloop
  endfacet
  facet normal 0 0 -1
    outer loop
      vertex -24.3902 -13.8935 2.5
      vertex -24.3771 -13.9551 2.5
      vertex -24.3867 -13.9252 2.5
    endloop
  endfacet
  facet normal 0 0 -1
    outer loop
      vertex -24.3902 -13.8935 2.5
      vertex -24.3867 -13.9252 2.5
      vertex -24.3869 -13.9247 2.5
    endloop
  endfacet
  facet normal 0 0 -1
    outer loop
      vertex -24.3967 -13.8318 2.5
      vertex -24.3771 -13.9551 2.5
      vertex -24.3902 -13.8935 2.5
    endloop
  endfacet
  facet normal 0 0 -1
    outer loop
      vertex -23.8307 -14.3967 2.5
      vertex -24.3967 -13.8318 2.5
      vertex -24.3999 -13.8005 2.5
    endloop
  endfacet
  facet normal 0 0 -1
    outer loop
      vertex -24.3967 -13.8318 2.5
      vertex -24.3902 -13.8935 2.5
      vertex -24.3967 -13.8627 2.5
    endloop
  endfacet
  facet normal 0 0 -1
    outer loop
      vertex -23.8 -14.4 2.5
      vertex -24.3999 -13.8005 2.5
      vertex -24.4 -13.8 2.5
    endloop
  endfacet
  facet normal 0 0 -1
    outer loop
      vertex -24.2015 -10.2456 2.5
      vertex -24.4 -10.6915 2.5
      vertex -24.2854 -10.3388 2.5
    endloop
  endfacet
  facet normal 0 0 -1
    outer loop
      vertex -24.2854 -10.3388 2.5
      vertex -24.4 -10.6915 2.5
      vertex -24.3481 -10.4474 2.5
    endloop
  endfacet
  facet normal 0 0 -1
    outer loop
      vertex -24.3481 -10.4474 2.5
      vertex -24.4 -10.6915 2.5
      vertex -24.3869 -10.5667 2.5
    endloop
  endfacet
  facet normal 0 0 -1
    outer loop
      vertex -1.19612 0 2.5
      vertex -21.5691 13.2 2.5
      vertex 0 0.693558 2.5
    endloop
  endfacet
  facet normal 0 -0 -1
    outer loop
      vertex -21.5691 13.2 2.5
      vertex -1.19612 0 2.5
      vertex -23.2 12.7585 2.5
    endloop
  endfacet
  facet normal 0 0 -1
    outer loop
      vertex 24.4 -10.6915 2.5
      vertex 23.2 -10.6915 2.5
      vertex 23.2131 -10.5667 2.5
    endloop
  endfacet
  facet normal 0 0 -1
    outer loop
      vertex 21.5691 -13.2 2.5
      vertex 1.19612 0 2.5
      vertex 23.2 -12.7585 2.5
    endloop
  endfacet
  facet normal 0 -0 -1
    outer loop
      vertex 1.19612 0 2.5
      vertex 21.5691 -13.2 2.5
      vertex 0 -0.693558 2.5
    endloop
  endfacet
  facet normal -0 0 -1
    outer loop
      vertex 24.3967 -13.8627 2.5
      vertex 24.3902 -13.8935 2.5
      vertex 24.3967 -13.8318 2.5
    endloop
  endfacet
  facet normal -0 0 -1
    outer loop
      vertex 24.4 -13.8011 2.5
      vertex 24.3967 -13.8318 2.5
      vertex 24.3999 -13.8005 2.5
    endloop
  endfacet
  facet normal 0 0 -1
    outer loop
      vertex 23.8 -14.4 2.5
      vertex 24.4 -13.8 2.5
      vertex 24.3999 -13.8005 2.5
    endloop
  endfacet
  facet normal 0 0 -1
    outer loop
      vertex 23.8 -14.4 2.5
      vertex 24.3999 -13.8005 2.5
      vertex 24.3967 -13.8318 2.5
    endloop
  endfacet
  facet normal 0 0 -1
    outer loop
      vertex 23.8307 -14.3967 2.5
      vertex 24.3967 -13.8318 2.5
      vertex 24.3902 -13.8935 2.5
    endloop
  endfacet
  facet normal 0 0 -1
    outer loop
      vertex 24.3867 -13.9252 2.5
      vertex 24.3902 -13.8935 2.5
      vertex 24.3869 -13.9247 2.5
    endloop
  endfacet
  facet normal 0 0 -1
    outer loop
      vertex 24.4 -13.8 2.5
      vertex 23.2 -12.7585 2.5
      vertex 24.4 -10.6915 2.5
    endloop
  endfacet
  facet normal 0 0 -1
    outer loop
      vertex 24.3771 -13.9551 2.5
      vertex 24.3902 -13.8935 2.5
      vertex 24.3867 -13.9252 2.5
    endloop
  endfacet
  facet normal 0 0 -1
    outer loop
      vertex 24.3771 -13.9551 2.5
      vertex 24.3867 -13.9252 2.5
      vertex 24.3866 -13.9258 2.5
    endloop
  endfacet
  facet normal 0 0 -1
    outer loop
      vertex 23.8307 -14.3967 2.5
      vertex 24.3902 -13.8935 2.5
      vertex 24.3771 -13.9551 2.5
    endloop
  endfacet
  facet normal 0 0 -1
    outer loop
      vertex 24.3578 -14.0141 2.5
      vertex 24.3771 -13.9551 2.5
      vertex 24.3706 -13.9854 2.5
    endloop
  endfacet
  facet normal 0 0 -1
    outer loop
      vertex 23.8307 -14.3967 2.5
      vertex 24.3771 -13.9551 2.5
      vertex 24.3578 -14.0141 2.5
    endloop
  endfacet
  facet normal 0 0 -1
    outer loop
      vertex 24.3478 -14.0445 2.5
      vertex 24.3578 -14.0141 2.5
      vertex 24.3481 -14.044 2.5
    endloop
  endfacet
  facet normal 0 0 -1
    outer loop
      vertex 23.2 -10.6915 2.5
      vertex 24.4 -10.6915 2.5
      vertex 23.2 -12.7585 2.5
    endloop
  endfacet
  facet normal 0 0 -1
    outer loop
      vertex 24.3322 -14.0717 2.5
      vertex 24.3578 -14.0141 2.5
      vertex 24.3478 -14.0445 2.5
    endloop
  endfacet
  facet normal 0 0 -1
    outer loop
      vertex 24.3322 -14.0717 2.5
      vertex 24.3478 -14.0445 2.5
      vertex 24.3477 -14.045 2.5
    endloop
  endfacet
  facet normal 0 0 -1
    outer loop
      vertex 23.8307 -14.3967 2.5
      vertex 24.3578 -14.0141 2.5
      vertex 24.3322 -14.0717 2.5
    endloop
  endfacet
  facet normal 0 0 -1
    outer loop
      vertex 24.3011 -14.1254 2.5
      vertex 24.3322 -14.0717 2.5
      vertex 24.3196 -14.1 2.5
    endloop
  endfacet
  facet normal 0 0 -1
    outer loop
      vertex 23.8307 -14.3967 2.5
      vertex 24.3322 -14.0717 2.5
      vertex 24.3011 -14.1254 2.5
    endloop
  endfacet
  facet normal 0 0 -1
    outer loop
      vertex 24.285 -14.1531 2.5
      vertex 24.3011 -14.1254 2.5
      vertex 24.2854 -14.1526 2.5
    endloop
  endfacet
  facet normal 0 0 -1
    outer loop
      vertex 24.4 -10.6915 2.5
      vertex 23.2131 -10.5667 2.5
      vertex 24.3869 -10.5667 2.5
    endloop
  endfacet
  facet normal 0 0 -1
    outer loop
      vertex 24.2641 -14.1764 2.5
      vertex 24.3011 -14.1254 2.5
      vertex 24.285 -14.1531 2.5
    endloop
  endfacet
  facet normal 0 0 -1
    outer loop
      vertex 24.2641 -14.1764 2.5
      vertex 24.285 -14.1531 2.5
      vertex 24.2847 -14.1535 2.5
    endloop
  endfacet
  facet normal 0 0 -1
    outer loop
      vertex 23.8307 -14.3967 2.5
      vertex 24.3011 -14.1254 2.5
      vertex 24.2641 -14.1764 2.5
    endloop
  endfacet
  facet normal 0 0 -1
    outer loop
      vertex 24.2225 -14.2225 2.5
      vertex 24.2641 -14.1764 2.5
      vertex 24.2459 -14.2015 2.5
    endloop
  endfacet
  facet normal 0 0 -1
    outer loop
      vertex 23.8307 -14.3967 2.5
      vertex 24.2641 -14.1764 2.5
      vertex 24.2225 -14.2225 2.5
    endloop
  endfacet
  facet normal 0 0 -1
    outer loop
      vertex 24.201 -14.2462 2.5
      vertex 24.2225 -14.2225 2.5
      vertex 24.2015 -14.2459 2.5
    endloop
  endfacet
  facet normal 0 0 -1
    outer loop
      vertex 24.3869 -10.5667 2.5
      vertex 23.2131 -10.5667 2.5
      vertex 24.3481 -10.4474 2.5
    endloop
  endfacet
  facet normal 0 0 -1
    outer loop
      vertex 24.1756 -14.2647 2.5
      vertex 24.2225 -14.2225 2.5
      vertex 24.201 -14.2462 2.5
    endloop
  endfacet
  facet normal 0 0 -1
    outer loop
      vertex 24.1756 -14.2647 2.5
      vertex 24.201 -14.2462 2.5
      vertex 24.2006 -14.2466 2.5
    endloop
  endfacet
  facet normal 0 0 -1
    outer loop
      vertex 23.8307 -14.3967 2.5
      vertex 24.2225 -14.2225 2.5
      vertex 24.1756 -14.2647 2.5
    endloop
  endfacet
  facet normal 0 0 -1
    outer loop
      vertex 24.1254 -14.3011 2.5
      vertex 24.1756 -14.2647 2.5
      vertex 24.1526 -14.2854 2.5
    endloop
  endfacet
  facet normal 0 0 -1
    outer loop
      vertex 23.8307 -14.3967 2.5
      vertex 24.1756 -14.2647 2.5
      vertex 24.1254 -14.3011 2.5
    endloop
  endfacet
  facet normal 0 0 -1
    outer loop
      vertex 24.0994 -14.3198 2.5
      vertex 24.1254 -14.3011 2.5
      vertex 24.1 -14.3196 2.5
    endloop
  endfacet
  facet normal -0 0 -1
    outer loop
      vertex 24.3481 -10.4474 2.5
      vertex 23.2131 -10.5667 2.5
      vertex 24.2854 -10.3388 2.5
    endloop
  endfacet
  facet normal 0 0 -1
    outer loop
      vertex 24.0709 -14.3326 2.5
      vertex 24.1254 -14.3011 2.5
      vertex 24.0994 -14.3198 2.5
    endloop
  endfacet
  facet normal 0 0 -1
    outer loop
      vertex 24.0709 -14.3326 2.5
      vertex 24.0994 -14.3198 2.5
      vertex 24.099 -14.3201 2.5
    endloop
  endfacet
  facet normal 0 0 -1
    outer loop
      vertex 23.8307 -14.3967 2.5
      vertex 24.1254 -14.3011 2.5
      vertex 24.0709 -14.3326 2.5
    endloop
  endfacet
  facet normal 0 0 -1
    outer loop
      vertex 24.0141 -14.3578 2.5
      vertex 24.0709 -14.3326 2.5
      vertex 24.044 -14.3481 2.5
    endloop
  endfacet
  facet normal 0 0 -1
    outer loop
      vertex 23.8307 -14.3967 2.5
      vertex 24.0709 -14.3326 2.5
      vertex 24.0141 -14.3578 2.5
    endloop
  endfacet
  facet normal 0 0 -1
    outer loop
      vertex 23.9848 -14.3707 2.5
      vertex 24.0141 -14.3578 2.5
      vertex 23.9854 -14.3706 2.5
    endloop
  endfacet
  facet normal -0 0 -1
    outer loop
      vertex 24.2854 -10.3388 2.5
      vertex 23.2131 -10.5667 2.5
      vertex 24.2015 -10.2456 2.5
    endloop
  endfacet
  facet normal 0 0 -1
    outer loop
      vertex 23.9542 -14.3773 2.5
      vertex 24.0141 -14.3578 2.5
      vertex 23.9848 -14.3707 2.5
    endloop
  endfacet
  facet normal 0 0 -1
    outer loop
      vertex 23.9542 -14.3773 2.5
      vertex 23.9848 -14.3707 2.5
      vertex 23.9843 -14.371 2.5
    endloop
  endfacet
  facet normal 0 0 -1
    outer loop
      vertex 23.8307 -14.3967 2.5
      vertex 24.0141 -14.3578 2.5
      vertex 23.9542 -14.3773 2.5
    endloop
  endfacet
  facet normal 0 0 -1
    outer loop
      vertex 23.8935 -14.3902 2.5
      vertex 23.9542 -14.3773 2.5
      vertex 23.9247 -14.3869 2.5
    endloop
  endfacet
  facet normal 0 0 -1
    outer loop
      vertex 23.8307 -14.3967 2.5
      vertex 23.9542 -14.3773 2.5
      vertex 23.8935 -14.3902 2.5
    endloop
  endfacet
  facet normal 0 0 -1
    outer loop
      vertex 23.8621 -14.3967 2.5
      vertex 23.8935 -14.3902 2.5
      vertex 23.8627 -14.3967 2.5
    endloop
  endfacet
  facet normal -0 0 -1
    outer loop
      vertex 24.2015 -10.2456 2.5
      vertex 23.2131 -10.5667 2.5
      vertex 24.1 -10.1719 2.5
    endloop
  endfacet
  facet normal 0 0 -1
    outer loop
      vertex 23.8307 -14.3967 2.5
      vertex 23.8935 -14.3902 2.5
      vertex 23.8621 -14.3967 2.5
    endloop
  endfacet
  facet normal 0 0 -1
    outer loop
      vertex 23.8307 -14.3967 2.5
      vertex 23.8621 -14.3967 2.5
      vertex 23.8616 -14.3968 2.5
    endloop
  endfacet
  facet normal 0 0 -1
    outer loop
      vertex 24.3967 -13.8318 2.5
      vertex 23.8307 -14.3967 2.5
      vertex 23.8 -14.4 2.5
    endloop
  endfacet
  facet normal -0 0 -1
    outer loop
      vertex 24.4 -13.8 2.5
      vertex 23.8 -14.4 2.5
      vertex 23.2 -12.7585 2.5
    endloop
  endfacet
  facet normal -0 0 -1
    outer loop
      vertex 24.1 -10.1719 2.5
      vertex 23.2131 -10.5667 2.5
      vertex 23.9854 -10.1208 2.5
    endloop
  endfacet
  facet normal -0 0 -1
    outer loop
      vertex 23.9854 -10.1208 2.5
      vertex 23.2131 -10.5667 2.5
      vertex 23.8627 -10.0948 2.5
    endloop
  endfacet
  facet normal -0 0 -1
    outer loop
      vertex 23.8627 -10.0948 2.5
      vertex 23.2131 -10.5667 2.5
      vertex 23.7373 -10.0948 2.5
    endloop
  endfacet
  facet normal 0 0 -1
    outer loop
      vertex 23.7373 -10.0948 2.5
      vertex 23.2131 -10.5667 2.5
      vertex 23.6146 -10.1208 2.5
    endloop
  endfacet
  facet normal 0 0 -1
    outer loop
      vertex 23.6146 -10.1208 2.5
      vertex 23.2131 -10.5667 2.5
      vertex 23.5 -10.1719 2.5
    endloop
  endfacet
  facet normal 0 0 -1
    outer loop
      vertex 23.5 -10.1719 2.5
      vertex 23.2131 -10.5667 2.5
      vertex 23.3985 -10.2456 2.5
    endloop
  endfacet
  facet normal 0 0 -1
    outer loop
      vertex 23.3985 -10.2456 2.5
      vertex 23.2131 -10.5667 2.5
      vertex 23.3146 -10.3388 2.5
    endloop
  endfacet
  facet normal 0 0 -1
    outer loop
      vertex 23.3146 -10.3388 2.5
      vertex 23.2131 -10.5667 2.5
      vertex 23.2519 -10.4474 2.5
    endloop
  endfacet
  facet normal 0 0 -1
    outer loop
      vertex 23.8 -14.4 2.5
      vertex 21.5691 -13.2 2.5
      vertex 23.2 -12.7585 2.5
    endloop
  endfacet
  facet normal 0 0 -1
    outer loop
      vertex 20.0865 -14.4 2.5
      vertex 21.5691 -13.2 2.5
      vertex 23.8 -14.4 2.5
    endloop
  endfacet
  facet normal 0 0 -1
    outer loop
      vertex 20.0865 -14.4 2.5
      vertex 20.0865 -13.2 2.5
      vertex 21.5691 -13.2 2.5
    endloop
  endfacet
  facet normal 0 0 -1
    outer loop
      vertex 19.9618 -14.3869 2.5
      vertex 20.0865 -13.2 2.5
      vertex 20.0865 -14.4 2.5
    endloop
  endfacet
  facet normal 0 0 -1
    outer loop
      vertex 19.9618 -14.3869 2.5
      vertex 19.9618 -13.2131 2.5
      vertex 20.0865 -13.2 2.5
    endloop
  endfacet
  facet normal 0 0 -1
    outer loop
      vertex 19.8425 -14.3481 2.5
      vertex 19.9618 -13.2131 2.5
      vertex 19.9618 -14.3869 2.5
    endloop
  endfacet
  facet normal 0 0 -1
    outer loop
      vertex 19.8425 -14.3481 2.5
      vertex 19.8425 -13.2519 2.5
      vertex 19.9618 -13.2131 2.5
    endloop
  endfacet
  facet normal 0 0 -1
    outer loop
      vertex 19.7339 -14.2854 2.5
      vertex 19.8425 -13.2519 2.5
      vertex 19.8425 -14.3481 2.5
    endloop
  endfacet
  facet normal 0 0 -1
    outer loop
      vertex 19.7339 -14.2854 2.5
      vertex 19.7339 -13.3146 2.5
      vertex 19.8425 -13.2519 2.5
    endloop
  endfacet
  facet normal 0 0 -1
    outer loop
      vertex 19.6406 -14.2015 2.5
      vertex 19.7339 -13.3146 2.5
      vertex 19.7339 -14.2854 2.5
    endloop
  endfacet
  facet normal 0 0 -1
    outer loop
      vertex 19.6406 -14.2015 2.5
      vertex 19.6406 -13.3985 2.5
      vertex 19.7339 -13.3146 2.5
    endloop
  endfacet
  facet normal 0 0 -1
    outer loop
      vertex 19.5669 -14.1 2.5
      vertex 19.6406 -13.3985 2.5
      vertex 19.6406 -14.2015 2.5
    endloop
  endfacet
  facet normal 0 0 -1
    outer loop
      vertex 19.5669 -14.1 2.5
      vertex 19.5669 -13.5 2.5
      vertex 19.6406 -13.3985 2.5
    endloop
  endfacet
  facet normal 0 0 -1
    outer loop
      vertex 19.5159 -13.9854 2.5
      vertex 19.5669 -13.5 2.5
      vertex 19.5669 -14.1 2.5
    endloop
  endfacet
  facet normal 0 0 -1
    outer loop
      vertex 19.5159 -13.9854 2.5
      vertex 19.5159 -13.6146 2.5
      vertex 19.5669 -13.5 2.5
    endloop
  endfacet
  facet normal 0 0 -1
    outer loop
      vertex 19.4898 -13.8627 2.5
      vertex 19.5159 -13.6146 2.5
      vertex 19.5159 -13.9854 2.5
    endloop
  endfacet
  facet normal 0 0 -1
    outer loop
      vertex 19.5159 -13.6146 2.5
      vertex 19.4898 -13.8627 2.5
      vertex 19.4898 -13.7373 2.5
    endloop
  endfacet
  facet normal 0 0 -1
    outer loop
      vertex 1.19612 0 2.5
      vertex 21.5691 13.2 2.5
      vertex 23.2 12.7585 2.5
    endloop
  endfacet
  facet normal 0 0 -1
    outer loop
      vertex 0 0.693558 2.5
      vertex 1.19612 0 2.5
      vertex 0 -0.693558 2.5
    endloop
  endfacet
  facet normal 0 0 -1
    outer loop
      vertex 1.19612 0 2.5
      vertex 0 0.693558 2.5
      vertex 21.5691 13.2 2.5
    endloop
  endfacet
  facet normal 0 0 -1
    outer loop
      vertex 0 -0.693558 2.5
      vertex -1.19612 0 2.5
      vertex 0 0.693558 2.5
    endloop
  endfacet
  facet normal 0 0 -1
    outer loop
      vertex -21.5691 -13.2 2.5
      vertex -1.19612 0 2.5
      vertex 0 -0.693558 2.5
    endloop
  endfacet
  facet normal 0 0 -1
    outer loop
      vertex -1.19612 0 2.5
      vertex -21.5691 -13.2 2.5
      vertex -23.2 -12.7585 2.5
    endloop
  endfacet
  facet normal 0 0 -1
    outer loop
      vertex 23.2 12.7585 2.5
      vertex 24.4 13.8 2.5
      vertex 24.4 10.6915 2.5
    endloop
  endfacet
  facet normal 0 -0 -1
    outer loop
      vertex 23.8 14.4 2.5
      vertex 24.4 13.8 2.5
      vertex 23.2 12.7585 2.5
    endloop
  endfacet
  facet normal 0 0 -1
    outer loop
      vertex 24.3967 13.8318 2.5
      vertex 24.3902 13.8935 2.5
      vertex 24.3967 13.8627 2.5
    endloop
  endfacet
  facet normal 0 0 -1
    outer loop
      vertex 24.4 13.8 2.5
      vertex 23.8 14.4 2.5
      vertex 24.3999 13.8005 2.5
    endloop
  endfacet
  facet normal 0 0 -1
    outer loop
      vertex 23.2 10.6915 2.5
      vertex 24.4 10.6915 2.5
      vertex 24.3869 10.5667 2.5
    endloop
  endfacet
  facet normal 0 0 -1
    outer loop
      vertex 24.3999 13.8005 2.5
      vertex 23.8 14.4 2.5
      vertex 24.3967 13.8318 2.5
    endloop
  endfacet
  facet normal -0 -0 -1
    outer loop
      vertex 23.8307 14.3967 2.5
      vertex 24.3967 13.8318 2.5
      vertex 23.8 14.4 2.5
    endloop
  endfacet
  facet normal 0 0 -1
    outer loop
      vertex 24.3967 13.8318 2.5
      vertex 23.8307 14.3967 2.5
      vertex 24.3902 13.8935 2.5
    endloop
  endfacet
  facet normal 0 0 -1
    outer loop
      vertex 24.3902 13.8935 2.5
      vertex 24.3867 13.9252 2.5
      vertex 24.3869 13.9247 2.5
    endloop
  endfacet
  facet normal 0 0 -1
    outer loop
      vertex 24.3902 13.8935 2.5
      vertex 24.3771 13.9551 2.5
      vertex 24.3867 13.9252 2.5
    endloop
  endfacet
  facet normal 0 0 -1
    outer loop
      vertex 24.3867 13.9252 2.5
      vertex 24.3771 13.9551 2.5
      vertex 24.3866 13.9258 2.5
    endloop
  endfacet
  facet normal 0 0 -1
    outer loop
      vertex 23.2 10.6915 2.5
      vertex 24.3869 10.5667 2.5
      vertex 24.3481 10.4474 2.5
    endloop
  endfacet
  facet normal 0 0 -1
    outer loop
      vertex 24.3902 13.8935 2.5
      vertex 23.8307 14.3967 2.5
      vertex 24.3771 13.9551 2.5
    endloop
  endfacet
  facet normal 0 0 -1
    outer loop
      vertex 24.3771 13.9551 2.5
      vertex 24.3578 14.0141 2.5
      vertex 24.3706 13.9854 2.5
    endloop
  endfacet
  facet normal 0 0 -1
    outer loop
      vertex 24.3771 13.9551 2.5
      vertex 23.8307 14.3967 2.5
      vertex 24.3578 14.0141 2.5
    endloop
  endfacet
  facet normal 0 0 -1
    outer loop
      vertex 24.3578 14.0141 2.5
      vertex 24.3478 14.0445 2.5
      vertex 24.3481 14.044 2.5
    endloop
  endfacet
  facet normal 0 0 -1
    outer loop
      vertex 24.3578 14.0141 2.5
      vertex 24.3322 14.0717 2.5
      vertex 24.3478 14.0445 2.5
    endloop
  endfacet
  facet normal 0 0 -1
    outer loop
      vertex 24.3478 14.0445 2.5
      vertex 24.3322 14.0717 2.5
      vertex 24.3477 14.045 2.5
    endloop
  endfacet
  facet normal 0 0 -1
    outer loop
      vertex 23.2 10.6915 2.5
      vertex 24.3481 10.4474 2.5
      vertex 24.2854 10.3388 2.5
    endloop
  endfacet
  facet normal 0 0 -1
    outer loop
      vertex 24.3578 14.0141 2.5
      vertex 23.8307 14.3967 2.5
      vertex 24.3322 14.0717 2.5
    endloop
  endfacet
  facet normal 0 0 -1
    outer loop
      vertex 24.3322 14.0717 2.5
      vertex 24.3011 14.1254 2.5
      vertex 24.3196 14.1 2.5
    endloop
  endfacet
  facet normal 0 0 -1
    outer loop
      vertex 24.3322 14.0717 2.5
      vertex 23.8307 14.3967 2.5
      vertex 24.3011 14.1254 2.5
    endloop
  endfacet
  facet normal 0 0 -1
    outer loop
      vertex 24.3011 14.1254 2.5
      vertex 24.285 14.1531 2.5
      vertex 24.2854 14.1526 2.5
    endloop
  endfacet
  facet normal 0 0 -1
    outer loop
      vertex 24.3011 14.1254 2.5
      vertex 24.2641 14.1764 2.5
      vertex 24.285 14.1531 2.5
    endloop
  endfacet
  facet normal 0 0 -1
    outer loop
      vertex 24.285 14.1531 2.5
      vertex 24.2641 14.1764 2.5
      vertex 24.2847 14.1535 2.5
    endloop
  endfacet
  facet normal 0 0 -1
    outer loop
      vertex 23.2 10.6915 2.5
      vertex 24.2854 10.3388 2.5
      vertex 24.2015 10.2456 2.5
    endloop
  endfacet
  facet normal 0 0 -1
    outer loop
      vertex 24.3011 14.1254 2.5
      vertex 23.8307 14.3967 2.5
      vertex 24.2641 14.1764 2.5
    endloop
  endfacet
  facet normal 0 0 -1
    outer loop
      vertex 24.2641 14.1764 2.5
      vertex 24.2225 14.2225 2.5
      vertex 24.2459 14.2015 2.5
    endloop
  endfacet
  facet normal 0 0 -1
    outer loop
      vertex 24.2641 14.1764 2.5
      vertex 23.8307 14.3967 2.5
      vertex 24.2225 14.2225 2.5
    endloop
  endfacet
  facet normal 0 0 -1
    outer loop
      vertex 24.2225 14.2225 2.5
      vertex 24.201 14.2462 2.5
      vertex 24.2015 14.2459 2.5
    endloop
  endfacet
  facet normal 0 0 -1
    outer loop
      vertex 24.2225 14.2225 2.5
      vertex 24.1756 14.2647 2.5
      vertex 24.201 14.2462 2.5
    endloop
  endfacet
  facet normal 0 0 -1
    outer loop
      vertex 24.201 14.2462 2.5
      vertex 24.1756 14.2647 2.5
      vertex 24.2006 14.2466 2.5
    endloop
  endfacet
  facet normal 0 0 -1
    outer loop
      vertex 23.2 10.6915 2.5
      vertex 24.2015 10.2456 2.5
      vertex 24.1 10.1719 2.5
    endloop
  endfacet
  facet normal 0 0 -1
    outer loop
      vertex 24.2225 14.2225 2.5
      vertex 23.8307 14.3967 2.5
      vertex 24.1756 14.2647 2.5
    endloop
  endfacet
  facet normal 0 0 -1
    outer loop
      vertex 24.1756 14.2647 2.5
      vertex 24.1254 14.3011 2.5
      vertex 24.1526 14.2854 2.5
    endloop
  endfacet
  facet normal 0 0 -1
    outer loop
      vertex 24.1254 14.3011 2.5
      vertex 24.0994 14.3198 2.5
      vertex 24.1 14.3196 2.5
    endloop
  endfacet
  facet normal 0 0 -1
    outer loop
      vertex 24.1254 14.3011 2.5
      vertex 24.0709 14.3326 2.5
      vertex 24.0994 14.3198 2.5
    endloop
  endfacet
  facet normal 0 0 -1
    outer loop
      vertex 24.0994 14.3198 2.5
      vertex 24.0709 14.3326 2.5
      vertex 24.099 14.3201 2.5
    endloop
  endfacet
  facet normal 0 0 -1
    outer loop
      vertex 24.1254 14.3011 2.5
      vertex 23.8307 14.3967 2.5
      vertex 24.0709 14.3326 2.5
    endloop
  endfacet
  facet normal 0 0 -1
    outer loop
      vertex 23.2 10.6915 2.5
      vertex 24.1 10.1719 2.5
      vertex 23.9854 10.1208 2.5
    endloop
  endfacet
  facet normal 0 0 -1
    outer loop
      vertex 24.0709 14.3326 2.5
      vertex 24.0141 14.3578 2.5
      vertex 24.044 14.3481 2.5
    endloop
  endfacet
  facet normal 0 0 -1
    outer loop
      vertex 24.0709 14.3326 2.5
      vertex 23.8307 14.3967 2.5
      vertex 24.0141 14.3578 2.5
    endloop
  endfacet
  facet normal 0 0 -1
    outer loop
      vertex 24.0141 14.3578 2.5
      vertex 23.9848 14.3707 2.5
      vertex 23.9854 14.3706 2.5
    endloop
  endfacet
  facet normal 0 0 -1
    outer loop
      vertex 24.0141 14.3578 2.5
      vertex 23.9542 14.3773 2.5
      vertex 23.9848 14.3707 2.5
    endloop
  endfacet
  facet normal 0 0 -1
    outer loop
      vertex 23.9848 14.3707 2.5
      vertex 23.9542 14.3773 2.5
      vertex 23.9843 14.371 2.5
    endloop
  endfacet
  facet normal 0 0 -1
    outer loop
      vertex 24.0141 14.3578 2.5
      vertex 23.8307 14.3967 2.5
      vertex 23.9542 14.3773 2.5
    endloop
  endfacet
  facet normal 0 0 -1
    outer loop
      vertex 23.2 10.6915 2.5
      vertex 23.9854 10.1208 2.5
      vertex 23.8627 10.0948 2.5
    endloop
  endfacet
  facet normal 0 0 -1
    outer loop
      vertex 23.9542 14.3773 2.5
      vertex 23.8935 14.3902 2.5
      vertex 23.9247 14.3869 2.5
    endloop
  endfacet
  facet normal 0 0 -1
    outer loop
      vertex 23.9542 14.3773 2.5
      vertex 23.8307 14.3967 2.5
      vertex 23.8935 14.3902 2.5
    endloop
  endfacet
  facet normal 0 0 -1
    outer loop
      vertex 23.8935 14.3902 2.5
      vertex 23.8621 14.3967 2.5
      vertex 23.8627 14.3967 2.5
    endloop
  endfacet
  facet normal 0 0 -1
    outer loop
      vertex 23.8935 14.3902 2.5
      vertex 23.8307 14.3967 2.5
      vertex 23.8621 14.3967 2.5
    endloop
  endfacet
  facet normal 0 0 -1
    outer loop
      vertex 23.8621 14.3967 2.5
      vertex 23.8307 14.3967 2.5
      vertex 23.8616 14.3968 2.5
    endloop
  endfacet
  facet normal 0 0 -1
    outer loop
      vertex 23.2 10.6915 2.5
      vertex 23.8627 10.0948 2.5
      vertex 23.7373 10.0948 2.5
    endloop
  endfacet
  facet normal 0 0 -1
    outer loop
      vertex 23.2 10.6915 2.5
      vertex 23.7373 10.0948 2.5
      vertex 23.6146 10.1208 2.5
    endloop
  endfacet
  facet normal 0 0 -1
    outer loop
      vertex 23.2 10.6915 2.5
      vertex 23.6146 10.1208 2.5
      vertex 23.5 10.1719 2.5
    endloop
  endfacet
  facet normal 0 0 -1
    outer loop
      vertex 23.2 10.6915 2.5
      vertex 23.5 10.1719 2.5
      vertex 23.3985 10.2456 2.5
    endloop
  endfacet
  facet normal 0 0 -1
    outer loop
      vertex 23.2 10.6915 2.5
      vertex 23.3985 10.2456 2.5
      vertex 23.3146 10.3388 2.5
    endloop
  endfacet
  facet normal 0 0 -1
    outer loop
      vertex 23.2 10.6915 2.5
      vertex 23.3146 10.3388 2.5
      vertex 23.2519 10.4474 2.5
    endloop
  endfacet
  facet normal 0 0 -1
    outer loop
      vertex 23.2 10.6915 2.5
      vertex 23.2519 10.4474 2.5
      vertex 23.2131 10.5667 2.5
    endloop
  endfacet
  facet normal 0 0 -1
    outer loop
      vertex 24.4 10.6915 2.5
      vertex 23.2 10.6915 2.5
      vertex 23.2 12.7585 2.5
    endloop
  endfacet
  facet normal 0 0 -1
    outer loop
      vertex 24.1756 14.2647 2.5
      vertex 23.8307 14.3967 2.5
      vertex 24.1254 14.3011 2.5
    endloop
  endfacet
  facet normal 0 0 -1
    outer loop
      vertex 21.5691 13.2 2.5
      vertex 23.8 14.4 2.5
      vertex 23.2 12.7585 2.5
    endloop
  endfacet
  facet normal 0 0 -1
    outer loop
      vertex 20.0865 14.4 2.5
      vertex 21.5691 13.2 2.5
      vertex 20.0865 13.2 2.5
    endloop
  endfacet
  facet normal 0 0 -1
    outer loop
      vertex 21.5691 13.2 2.5
      vertex 20.0865 14.4 2.5
      vertex 23.8 14.4 2.5
    endloop
  endfacet
  facet normal 0 0 -1
    outer loop
      vertex 19.9618 13.2131 2.5
      vertex 20.0865 14.4 2.5
      vertex 20.0865 13.2 2.5
    endloop
  endfacet
  facet normal 0 0 -1
    outer loop
      vertex 19.9618 13.2131 2.5
      vertex 19.9618 14.3869 2.5
      vertex 20.0865 14.4 2.5
    endloop
  endfacet
  facet normal 0 0 -1
    outer loop
      vertex 19.8425 13.2519 2.5
      vertex 19.9618 14.3869 2.5
      vertex 19.9618 13.2131 2.5
    endloop
  endfacet
  facet normal 0 0 -1
    outer loop
      vertex 19.8425 13.2519 2.5
      vertex 19.8425 14.3481 2.5
      vertex 19.9618 14.3869 2.5
    endloop
  endfacet
  facet normal 0 0 -1
    outer loop
      vertex 19.7339 13.3146 2.5
      vertex 19.8425 14.3481 2.5
      vertex 19.8425 13.2519 2.5
    endloop
  endfacet
  facet normal 0 0 -1
    outer loop
      vertex 19.7339 13.3146 2.5
      vertex 19.7339 14.2854 2.5
      vertex 19.8425 14.3481 2.5
    endloop
  endfacet
  facet normal 0 0 -1
    outer loop
      vertex 19.6406 13.3985 2.5
      vertex 19.7339 14.2854 2.5
      vertex 19.7339 13.3146 2.5
    endloop
  endfacet
  facet normal 0 0 -1
    outer loop
      vertex 19.6406 13.3985 2.5
      vertex 19.6406 14.2015 2.5
      vertex 19.7339 14.2854 2.5
    endloop
  endfacet
  facet normal 0 0 -1
    outer loop
      vertex 19.5669 13.5 2.5
      vertex 19.6406 14.2015 2.5
      vertex 19.6406 13.3985 2.5
    endloop
  endfacet
  facet normal 0 0 -1
    outer loop
      vertex 19.5669 13.5 2.5
      vertex 19.5669 14.1 2.5
      vertex 19.6406 14.2015 2.5
    endloop
  endfacet
  facet normal 0 0 -1
    outer loop
      vertex 19.5159 13.6146 2.5
      vertex 19.5669 14.1 2.5
      vertex 19.5669 13.5 2.5
    endloop
  endfacet
  facet normal 0 0 -1
    outer loop
      vertex 19.5159 13.6146 2.5
      vertex 19.5159 13.9854 2.5
      vertex 19.5669 14.1 2.5
    endloop
  endfacet
  facet normal 0 0 -1
    outer loop
      vertex 19.4898 13.7373 2.5
      vertex 19.5159 13.9854 2.5
      vertex 19.5159 13.6146 2.5
    endloop
  endfacet
  facet normal 0 0 -1
    outer loop
      vertex 19.5159 13.9854 2.5
      vertex 19.4898 13.7373 2.5
      vertex 19.4898 13.8627 2.5
    endloop
  endfacet
  facet normal -0 0 -1
    outer loop
      vertex 24.4 13.8011 2.5
      vertex 24.3999 13.8005 2.5
      vertex 24.3967 13.8318 2.5
    endloop
  endfacet
  facet normal 0 0 -1
    outer loop
      vertex -19.5159 13.6146 2.5
      vertex -19.4898 13.8627 2.5
      vertex -19.4898 13.7373 2.5
    endloop
  endfacet
  facet normal 0 0 -1
    outer loop
      vertex -19.5159 13.6146 2.5
      vertex -19.5159 13.9854 2.5
      vertex -19.4898 13.8627 2.5
    endloop
  endfacet
  facet normal 0 0 -1
    outer loop
      vertex -19.5669 13.5 2.5
      vertex -19.5159 13.9854 2.5
      vertex -19.5159 13.6146 2.5
    endloop
  endfacet
  facet normal 0 0 -1
    outer loop
      vertex -19.5669 13.5 2.5
      vertex -19.5669 14.1 2.5
      vertex -19.5159 13.9854 2.5
    endloop
  endfacet
  facet normal 0 0 -1
    outer loop
      vertex -19.6406 13.3985 2.5
      vertex -19.5669 14.1 2.5
      vertex -19.5669 13.5 2.5
    endloop
  endfacet
  facet normal 0 0 -1
    outer loop
      vertex -19.6406 13.3985 2.5
      vertex -19.6406 14.2015 2.5
      vertex -19.5669 14.1 2.5
    endloop
  endfacet
  facet normal 0 0 -1
    outer loop
      vertex -19.7339 13.3146 2.5
      vertex -19.6406 14.2015 2.5
      vertex -19.6406 13.3985 2.5
    endloop
  endfacet
  facet normal 0 0 -1
    outer loop
      vertex -19.7339 13.3146 2.5
      vertex -19.7339 14.2854 2.5
      vertex -19.6406 14.2015 2.5
    endloop
  endfacet
  facet normal 0 0 -1
    outer loop
      vertex -19.8425 13.2519 2.5
      vertex -19.7339 14.2854 2.5
      vertex -19.7339 13.3146 2.5
    endloop
  endfacet
  facet normal 0 0 -1
    outer loop
      vertex -19.8425 13.2519 2.5
      vertex -19.8425 14.3481 2.5
      vertex -19.7339 14.2854 2.5
    endloop
  endfacet
  facet normal 0 0 -1
    outer loop
      vertex -19.9618 13.2131 2.5
      vertex -19.8425 14.3481 2.5
      vertex -19.8425 13.2519 2.5
    endloop
  endfacet
  facet normal 0 0 -1
    outer loop
      vertex -19.9618 13.2131 2.5
      vertex -19.9618 14.3869 2.5
      vertex -19.8425 14.3481 2.5
    endloop
  endfacet
  facet normal 0 0 -1
    outer loop
      vertex -20.0865 13.2 2.5
      vertex -19.9618 14.3869 2.5
      vertex -19.9618 13.2131 2.5
    endloop
  endfacet
  facet normal 0 0 -1
    outer loop
      vertex -20.0865 13.2 2.5
      vertex -20.0865 14.4 2.5
      vertex -19.9618 14.3869 2.5
    endloop
  endfacet
  facet normal 0 0 -1
    outer loop
      vertex -21.5691 13.2 2.5
      vertex -20.0865 14.4 2.5
      vertex -20.0865 13.2 2.5
    endloop
  endfacet
  facet normal 0 0 -1
    outer loop
      vertex -23.8 14.4 2.5
      vertex -21.5691 13.2 2.5
      vertex -23.2 12.7585 2.5
    endloop
  endfacet
  facet normal 0 0 -1
    outer loop
      vertex -24.4 10.6915 2.5
      vertex -23.2131 10.5667 2.5
      vertex -23.2519 10.4474 2.5
    endloop
  endfacet
  facet normal 0 0 -1
    outer loop
      vertex -24.4 10.6915 2.5
      vertex -23.2519 10.4474 2.5
      vertex -23.3146 10.3388 2.5
    endloop
  endfacet
  facet normal 0 0 -1
    outer loop
      vertex -24.4 10.6915 2.5
      vertex -23.3146 10.3388 2.5
      vertex -23.3985 10.2456 2.5
    endloop
  endfacet
  facet normal 0 0 -1
    outer loop
      vertex -24.4 10.6915 2.5
      vertex -23.3985 10.2456 2.5
      vertex -23.5 10.1719 2.5
    endloop
  endfacet
  facet normal 0 0 -1
    outer loop
      vertex -24.4 10.6915 2.5
      vertex -23.5 10.1719 2.5
      vertex -23.6146 10.1208 2.5
    endloop
  endfacet
  facet normal 0 0 -1
    outer loop
      vertex -24.4 10.6915 2.5
      vertex -23.6146 10.1208 2.5
      vertex -23.7373 10.0948 2.5
    endloop
  endfacet
  facet normal 0 0 -1
    outer loop
      vertex -21.5691 13.2 2.5
      vertex -23.8 14.4 2.5
      vertex -20.0865 14.4 2.5
    endloop
  endfacet
  facet normal 0 0 -1
    outer loop
      vertex -23.2 10.6915 2.5
      vertex -24.4 10.6915 2.5
      vertex -23.2 12.7585 2.5
    endloop
  endfacet
  facet normal 0 0 -1
    outer loop
      vertex -23.2 12.7585 2.5
      vertex -24.4 13.8 2.5
      vertex -23.8 14.4 2.5
    endloop
  endfacet
  facet normal 0 -0 -1
    outer loop
      vertex -24.3999 13.8005 2.5
      vertex -23.8 14.4 2.5
      vertex -24.4 13.8 2.5
    endloop
  endfacet
  facet normal 0 0 -1
    outer loop
      vertex -23.8 14.4 2.5
      vertex -24.3999 13.8005 2.5
      vertex -23.8307 14.3967 2.5
    endloop
  endfacet
  facet normal 0 0 -1
    outer loop
      vertex -24.4 10.6915 2.5
      vertex -23.7373 10.0948 2.5
      vertex -23.8627 10.0948 2.5
    endloop
  endfacet
  facet normal 0 0 -1
    outer loop
      vertex -23.8307 14.3967 2.5
      vertex -23.8621 14.3967 2.5
      vertex -23.8616 14.3968 2.5
    endloop
  endfacet
  facet normal 0 -0 -1
    outer loop
      vertex -24.3967 13.8318 2.5
      vertex -23.8307 14.3967 2.5
      vertex -24.3999 13.8005 2.5
    endloop
  endfacet
  facet normal -0 0 -1
    outer loop
      vertex -23.8307 14.3967 2.5
      vertex -23.8935 14.3902 2.5
      vertex -23.8621 14.3967 2.5
    endloop
  endfacet
  facet normal -0 0 -1
    outer loop
      vertex -23.8621 14.3967 2.5
      vertex -23.8935 14.3902 2.5
      vertex -23.8627 14.3967 2.5
    endloop
  endfacet
  facet normal 0 0 -1
    outer loop
      vertex -23.8307 14.3967 2.5
      vertex -24.3967 13.8318 2.5
      vertex -23.8935 14.3902 2.5
    endloop
  endfacet
  facet normal 0 0 -1
    outer loop
      vertex -23.8935 14.3902 2.5
      vertex -23.9542 14.3773 2.5
      vertex -23.9247 14.3869 2.5
    endloop
  endfacet
  facet normal 0 0 -1
    outer loop
      vertex -24.4 10.6915 2.5
      vertex -23.8627 10.0948 2.5
      vertex -23.9854 10.1208 2.5
    endloop
  endfacet
  facet normal 0 0 -1
    outer loop
      vertex -23.9542 14.3773 2.5
      vertex -23.9848 14.3707 2.5
      vertex -23.9843 14.371 2.5
    endloop
  endfacet
  facet normal 0 0 -1
    outer loop
      vertex -23.8935 14.3902 2.5
      vertex -24.3967 13.8318 2.5
      vertex -23.9542 14.3773 2.5
    endloop
  endfacet
  facet normal 0 0 -1
    outer loop
      vertex -23.9542 14.3773 2.5
      vertex -24.0141 14.3578 2.5
      vertex -23.9848 14.3707 2.5
    endloop
  endfacet
  facet normal 0 0 -1
    outer loop
      vertex -23.9848 14.3707 2.5
      vertex -24.0141 14.3578 2.5
      vertex -23.9854 14.3706 2.5
    endloop
  endfacet
  facet normal 0 0 -1
    outer loop
      vertex -23.9542 14.3773 2.5
      vertex -24.3967 13.8318 2.5
      vertex -24.0141 14.3578 2.5
    endloop
  endfacet
  facet normal 0 0 -1
    outer loop
      vertex -24.0141 14.3578 2.5
      vertex -24.0709 14.3326 2.5
      vertex -24.044 14.3481 2.5
    endloop
  endfacet
  facet normal 0 0 -1
    outer loop
      vertex -24.4 10.6915 2.5
      vertex -23.9854 10.1208 2.5
      vertex -24.1 10.1719 2.5
    endloop
  endfacet
  facet normal 0 0 -1
    outer loop
      vertex -24.0709 14.3326 2.5
      vertex -24.0994 14.3198 2.5
      vertex -24.099 14.3201 2.5
    endloop
  endfacet
  facet normal 0 0 -1
    outer loop
      vertex -24.0141 14.3578 2.5
      vertex -24.3967 13.8318 2.5
      vertex -24.0709 14.3326 2.5
    endloop
  endfacet
  facet normal 0 0 -1
    outer loop
      vertex -24.0709 14.3326 2.5
      vertex -24.1254 14.3011 2.5
      vertex -24.0994 14.3198 2.5
    endloop
  endfacet
  facet normal 0 0 -1
    outer loop
      vertex -24.0994 14.3198 2.5
      vertex -24.1254 14.3011 2.5
      vertex -24.1 14.3196 2.5
    endloop
  endfacet
  facet normal 0 0 -1
    outer loop
      vertex -24.0709 14.3326 2.5
      vertex -24.3967 13.8318 2.5
      vertex -24.1254 14.3011 2.5
    endloop
  endfacet
  facet normal 0 0 -1
    outer loop
      vertex -24.1254 14.3011 2.5
      vertex -24.1756 14.2647 2.5
      vertex -24.1526 14.2854 2.5
    endloop
  endfacet
  facet normal 0 0 -1
    outer loop
      vertex -24.4 10.6915 2.5
      vertex -24.1 10.1719 2.5
      vertex -24.2015 10.2456 2.5
    endloop
  endfacet
  facet normal 0 0 -1
    outer loop
      vertex -24.1756 14.2647 2.5
      vertex -24.201 14.2462 2.5
      vertex -24.2006 14.2466 2.5
    endloop
  endfacet
  facet normal 0 0 -1
    outer loop
      vertex -24.1254 14.3011 2.5
      vertex -24.3967 13.8318 2.5
      vertex -24.1756 14.2647 2.5
    endloop
  endfacet
  facet normal 0 0 -1
    outer loop
      vertex -24.1756 14.2647 2.5
      vertex -24.2225 14.2225 2.5
      vertex -24.201 14.2462 2.5
    endloop
  endfacet
  facet normal 0 0 -1
    outer loop
      vertex -24.201 14.2462 2.5
      vertex -24.2225 14.2225 2.5
      vertex -24.2015 14.2459 2.5
    endloop
  endfacet
  facet normal 0 0 -1
    outer loop
      vertex -24.1756 14.2647 2.5
      vertex -24.3967 13.8318 2.5
      vertex -24.2225 14.2225 2.5
    endloop
  endfacet
  facet normal 0 0 -1
    outer loop
      vertex -24.2225 14.2225 2.5
      vertex -24.2641 14.1764 2.5
      vertex -24.2459 14.2015 2.5
    endloop
  endfacet
  facet normal 0 0 -1
    outer loop
      vertex -24.4 10.6915 2.5
      vertex -24.2015 10.2456 2.5
      vertex -24.2854 10.3388 2.5
    endloop
  endfacet
  facet normal 0 0 -1
    outer loop
      vertex -24.2641 14.1764 2.5
      vertex -24.285 14.1531 2.5
      vertex -24.2847 14.1535 2.5
    endloop
  endfacet
  facet normal 0 0 -1
    outer loop
      vertex -24.2225 14.2225 2.5
      vertex -24.3967 13.8318 2.5
      vertex -24.2641 14.1764 2.5
    endloop
  endfacet
  facet normal 0 0 -1
    outer loop
      vertex -24.2641 14.1764 2.5
      vertex -24.3011 14.1254 2.5
      vertex -24.285 14.1531 2.5
    endloop
  endfacet
  facet normal 0 0 -1
    outer loop
      vertex -24.285 14.1531 2.5
      vertex -24.3011 14.1254 2.5
      vertex -24.2854 14.1526 2.5
    endloop
  endfacet
  facet normal 0 0 -1
    outer loop
      vertex -24.2641 14.1764 2.5
      vertex -24.3967 13.8318 2.5
      vertex -24.3011 14.1254 2.5
    endloop
  endfacet
  facet normal 0 0 -1
    outer loop
      vertex -24.3011 14.1254 2.5
      vertex -24.3322 14.0717 2.5
      vertex -24.3196 14.1 2.5
    endloop
  endfacet
  facet normal 0 0 -1
    outer loop
      vertex -24.4 10.6915 2.5
      vertex -24.2854 10.3388 2.5
      vertex -24.3481 10.4474 2.5
    endloop
  endfacet
  facet normal 0 0 -1
    outer loop
      vertex -24.3322 14.0717 2.5
      vertex -24.3478 14.0445 2.5
      vertex -24.3477 14.045 2.5
    endloop
  endfacet
  facet normal 0 0 -1
    outer loop
      vertex -24.3011 14.1254 2.5
      vertex -24.3967 13.8318 2.5
      vertex -24.3322 14.0717 2.5
    endloop
  endfacet
  facet normal 0 0 -1
    outer loop
      vertex -24.3322 14.0717 2.5
      vertex -24.3578 14.0141 2.5
      vertex -24.3478 14.0445 2.5
    endloop
  endfacet
  facet normal 0 0 -1
    outer loop
      vertex -24.3478 14.0445 2.5
      vertex -24.3578 14.0141 2.5
      vertex -24.3481 14.044 2.5
    endloop
  endfacet
  facet normal 0 0 -1
    outer loop
      vertex -24.3578 14.0141 2.5
      vertex -24.3771 13.9551 2.5
      vertex -24.3706 13.9854 2.5
    endloop
  endfacet
  facet normal 0 0 -1
    outer loop
      vertex -24.3771 13.9551 2.5
      vertex -24.3867 13.9252 2.5
      vertex -24.3866 13.9258 2.5
    endloop
  endfacet
  facet normal 0 0 -1
    outer loop
      vertex -24.4 10.6915 2.5
      vertex -24.3481 10.4474 2.5
      vertex -24.3869 10.5667 2.5
    endloop
  endfacet
  facet normal 0 0 -1
    outer loop
      vertex -24.3771 13.9551 2.5
      vertex -24.3902 13.8935 2.5
      vertex -24.3867 13.9252 2.5
    endloop
  endfacet
  facet normal 0 0 -1
    outer loop
      vertex -24.3867 13.9252 2.5
      vertex -24.3902 13.8935 2.5
      vertex -24.3869 13.9247 2.5
    endloop
  endfacet
  facet normal 0 0 -1
    outer loop
      vertex -24.3771 13.9551 2.5
      vertex -24.3967 13.8318 2.5
      vertex -24.3902 13.8935 2.5
    endloop
  endfacet
  facet normal 0 0 -1
    outer loop
      vertex -24.3578 14.0141 2.5
      vertex -24.3967 13.8318 2.5
      vertex -24.3771 13.9551 2.5
    endloop
  endfacet
  facet normal -0 0 -1
    outer loop
      vertex -23.2 12.7585 2.5
      vertex -24.4 10.6915 2.5
      vertex -24.4 13.8 2.5
    endloop
  endfacet
  facet normal 0 0 -1
    outer loop
      vertex -24.3322 14.0717 2.5
      vertex -24.3967 13.8318 2.5
      vertex -24.3578 14.0141 2.5
    endloop
  endfacet
  facet normal 0 0 -1
    outer loop
      vertex -24.3967 -13.8318 2.5
      vertex -24.4 -13.8011 2.5
      vertex -24.3999 -13.8005 2.5
    endloop
  endfacet
  facet normal 0 0 -1
    outer loop
      vertex -24.3902 13.8935 2.5
      vertex -24.3967 13.8318 2.5
      vertex -24.3967 13.8627 2.5
    endloop
  endfacet
  facet normal 0 0 -1
    outer loop
      vertex -24.3967 13.8318 2.5
      vertex -24.3999 13.8005 2.5
      vertex -24.4 13.8011 2.5
    endloop
  endfacet
  facet normal 0 0 1
    outer loop
      vertex -24.4 -10.6915 3.2
      vertex -23.2 -10.6915 3.2
      vertex -23.2131 -10.5667 3.2
    endloop
  endfacet
  facet normal 0 0 1
    outer loop
      vertex -19.5159 13.9854 3.2
      vertex -19.4898 13.7373 3.2
      vertex -19.4898 13.8627 3.2
    endloop
  endfacet
  facet normal 0 0 1
    outer loop
      vertex -19.5159 13.9854 3.2
      vertex -19.5159 13.6146 3.2
      vertex -19.4898 13.7373 3.2
    endloop
  endfacet
  facet normal 0 0 1
    outer loop
      vertex -19.5669 14.1 3.2
      vertex -19.5159 13.6146 3.2
      vertex -19.5159 13.9854 3.2
    endloop
  endfacet
  facet normal 0 0 1
    outer loop
      vertex -19.5669 14.1 3.2
      vertex -19.5669 13.5 3.2
      vertex -19.5159 13.6146 3.2
    endloop
  endfacet
  facet normal 0 0 1
    outer loop
      vertex -19.6406 14.2015 3.2
      vertex -19.5669 13.5 3.2
      vertex -19.5669 14.1 3.2
    endloop
  endfacet
  facet normal 0 0 1
    outer loop
      vertex -19.6406 14.2015 3.2
      vertex -19.6406 13.3985 3.2
      vertex -19.5669 13.5 3.2
    endloop
  endfacet
  facet normal 0 0 1
    outer loop
      vertex -19.7339 14.2854 3.2
      vertex -19.6406 13.3985 3.2
      vertex -19.6406 14.2015 3.2
    endloop
  endfacet
  facet normal 0 0 1
    outer loop
      vertex -19.7339 14.2854 3.2
      vertex -19.7339 13.3146 3.2
      vertex -19.6406 13.3985 3.2
    endloop
  endfacet
  facet normal 0 0 1
    outer loop
      vertex -19.8425 14.3481 3.2
      vertex -19.7339 13.3146 3.2
      vertex -19.7339 14.2854 3.2
    endloop
  endfacet
  facet normal 0 0 1
    outer loop
      vertex -19.8425 14.3481 3.2
      vertex -19.8425 13.2519 3.2
      vertex -19.7339 13.3146 3.2
    endloop
  endfacet
  facet normal 0 0 1
    outer loop
      vertex -19.9618 14.3869 3.2
      vertex -19.8425 13.2519 3.2
      vertex -19.8425 14.3481 3.2
    endloop
  endfacet
  facet normal 0 0 1
    outer loop
      vertex -19.9618 14.3869 3.2
      vertex -19.9618 13.2131 3.2
      vertex -19.8425 13.2519 3.2
    endloop
  endfacet
  facet normal 0 0 1
    outer loop
      vertex -20.0865 14.4 3.2
      vertex -19.9618 13.2131 3.2
      vertex -19.9618 14.3869 3.2
    endloop
  endfacet
  facet normal 0 0 1
    outer loop
      vertex -20.0865 14.4 3.2
      vertex -20.0865 13.2 3.2
      vertex -19.9618 13.2131 3.2
    endloop
  endfacet
  facet normal 0 0 1
    outer loop
      vertex -20.0865 14.4 3.2
      vertex -21.5691 13.2 3.2
      vertex -20.0865 13.2 3.2
    endloop
  endfacet
  facet normal -0 0 1
    outer loop
      vertex -23.8 14.4 3.2
      vertex -21.5691 13.2 3.2
      vertex -20.0865 14.4 3.2
    endloop
  endfacet
  facet normal 0 0 1
    outer loop
      vertex -24.4 10.6915 3.2
      vertex -23.2 10.6915 3.2
      vertex -23.2 12.7585 3.2
    endloop
  endfacet
  facet normal 0 0 1
    outer loop
      vertex -23.2 10.6915 3.2
      vertex -24.4 10.6915 3.2
      vertex -23.2131 10.5667 3.2
    endloop
  endfacet
  facet normal 0 0 1
    outer loop
      vertex -23.2131 10.5667 3.2
      vertex -24.4 10.6915 3.2
      vertex -23.2519 10.4474 3.2
    endloop
  endfacet
  facet normal 0 0 1
    outer loop
      vertex -23.2519 10.4474 3.2
      vertex -24.4 10.6915 3.2
      vertex -23.3146 10.3388 3.2
    endloop
  endfacet
  facet normal 0 0 1
    outer loop
      vertex -23.3146 10.3388 3.2
      vertex -24.4 10.6915 3.2
      vertex -23.3985 10.2456 3.2
    endloop
  endfacet
  facet normal 0 0 1
    outer loop
      vertex -23.3985 10.2456 3.2
      vertex -24.4 10.6915 3.2
      vertex -23.5 10.1719 3.2
    endloop
  endfacet
  facet normal 0 0 1
    outer loop
      vertex -23.5 10.1719 3.2
      vertex -24.4 10.6915 3.2
      vertex -23.6146 10.1208 3.2
    endloop
  endfacet
  facet normal 0 0 1
    outer loop
      vertex -21.5691 13.2 3.2
      vertex -23.8 14.4 3.2
      vertex -23.2 12.7585 3.2
    endloop
  endfacet
  facet normal -0 0 1
    outer loop
      vertex -24.4 13.8 3.2
      vertex -23.2 12.7585 3.2
      vertex -23.8 14.4 3.2
    endloop
  endfacet
  facet normal 0 0 1
    outer loop
      vertex -24.3999 13.8005 3.2
      vertex -23.8 14.4 3.2
      vertex -23.8307 14.3967 3.2
    endloop
  endfacet
  facet normal 0 0 1
    outer loop
      vertex -23.8621 14.3967 3.2
      vertex -23.8307 14.3967 3.2
      vertex -23.8616 14.3968 3.2
    endloop
  endfacet
  facet normal 0 0 1
    outer loop
      vertex -23.8935 14.3902 3.2
      vertex -23.8307 14.3967 3.2
      vertex -23.8621 14.3967 3.2
    endloop
  endfacet
  facet normal 0 0 1
    outer loop
      vertex -23.8935 14.3902 3.2
      vertex -23.8621 14.3967 3.2
      vertex -23.8627 14.3967 3.2
    endloop
  endfacet
  facet normal 0 0 1
    outer loop
      vertex -24.4 10.6915 3.2
      vertex -23.2 12.7585 3.2
      vertex -24.4 13.8 3.2
    endloop
  endfacet
  facet normal 0 0 1
    outer loop
      vertex -24.3967 13.8318 3.2
      vertex -23.8307 14.3967 3.2
      vertex -23.8935 14.3902 3.2
    endloop
  endfacet
  facet normal 0 0 1
    outer loop
      vertex -23.9542 14.3773 3.2
      vertex -23.8935 14.3902 3.2
      vertex -23.9247 14.3869 3.2
    endloop
  endfacet
  facet normal 0 0 1
    outer loop
      vertex -24.3967 13.8318 3.2
      vertex -23.8935 14.3902 3.2
      vertex -23.9542 14.3773 3.2
    endloop
  endfacet
  facet normal 0 0 1
    outer loop
      vertex -23.9848 14.3707 3.2
      vertex -23.9542 14.3773 3.2
      vertex -23.9843 14.371 3.2
    endloop
  endfacet
  facet normal 0 0 1
    outer loop
      vertex -24.0141 14.3578 3.2
      vertex -23.9542 14.3773 3.2
      vertex -23.9848 14.3707 3.2
    endloop
  endfacet
  facet normal 0 0 1
    outer loop
      vertex -24.0141 14.3578 3.2
      vertex -23.9848 14.3707 3.2
      vertex -23.9854 14.3706 3.2
    endloop
  endfacet
  facet normal 0 0 1
    outer loop
      vertex -23.6146 10.1208 3.2
      vertex -24.4 10.6915 3.2
      vertex -23.7373 10.0948 3.2
    endloop
  endfacet
  facet normal 0 0 1
    outer loop
      vertex -24.3967 13.8318 3.2
      vertex -23.9542 14.3773 3.2
      vertex -24.0141 14.3578 3.2
    endloop
  endfacet
  facet normal 0 0 1
    outer loop
      vertex -24.0709 14.3326 3.2
      vertex -24.0141 14.3578 3.2
      vertex -24.044 14.3481 3.2
    endloop
  endfacet
  facet normal 0 0 1
    outer loop
      vertex -24.3967 13.8318 3.2
      vertex -24.0141 14.3578 3.2
      vertex -24.0709 14.3326 3.2
    endloop
  endfacet
  facet normal 0 0 1
    outer loop
      vertex -24.0994 14.3198 3.2
      vertex -24.0709 14.3326 3.2
      vertex -24.099 14.3201 3.2
    endloop
  endfacet
  facet normal 0 0 1
    outer loop
      vertex -24.1254 14.3011 3.2
      vertex -24.0709 14.3326 3.2
      vertex -24.0994 14.3198 3.2
    endloop
  endfacet
  facet normal 0 0 1
    outer loop
      vertex -24.1254 14.3011 3.2
      vertex -24.0994 14.3198 3.2
      vertex -24.1 14.3196 3.2
    endloop
  endfacet
  facet normal 0 0 1
    outer loop
      vertex -23.7373 10.0948 3.2
      vertex -24.4 10.6915 3.2
      vertex -23.8627 10.0948 3.2
    endloop
  endfacet
  facet normal 0 0 1
    outer loop
      vertex -24.3967 13.8318 3.2
      vertex -24.0709 14.3326 3.2
      vertex -24.1254 14.3011 3.2
    endloop
  endfacet
  facet normal 0 0 1
    outer loop
      vertex -24.1756 14.2647 3.2
      vertex -24.1254 14.3011 3.2
      vertex -24.1526 14.2854 3.2
    endloop
  endfacet
  facet normal 0 0 1
    outer loop
      vertex -24.3967 13.8318 3.2
      vertex -24.1254 14.3011 3.2
      vertex -24.1756 14.2647 3.2
    endloop
  endfacet
  facet normal 0 0 1
    outer loop
      vertex -24.201 14.2462 3.2
      vertex -24.1756 14.2647 3.2
      vertex -24.2006 14.2466 3.2
    endloop
  endfacet
  facet normal 0 0 1
    outer loop
      vertex -24.2225 14.2225 3.2
      vertex -24.1756 14.2647 3.2
      vertex -24.201 14.2462 3.2
    endloop
  endfacet
  facet normal 0 0 1
    outer loop
      vertex -24.2225 14.2225 3.2
      vertex -24.201 14.2462 3.2
      vertex -24.2015 14.2459 3.2
    endloop
  endfacet
  facet normal 0 0 1
    outer loop
      vertex -23.8627 10.0948 3.2
      vertex -24.4 10.6915 3.2
      vertex -23.9854 10.1208 3.2
    endloop
  endfacet
  facet normal 0 0 1
    outer loop
      vertex -24.3967 13.8318 3.2
      vertex -24.1756 14.2647 3.2
      vertex -24.2225 14.2225 3.2
    endloop
  endfacet
  facet normal 0 0 1
    outer loop
      vertex -24.2641 14.1764 3.2
      vertex -24.2225 14.2225 3.2
      vertex -24.2459 14.2015 3.2
    endloop
  endfacet
  facet normal 0 0 1
    outer loop
      vertex -24.3967 13.8318 3.2
      vertex -24.2225 14.2225 3.2
      vertex -24.2641 14.1764 3.2
    endloop
  endfacet
  facet normal 0 0 1
    outer loop
      vertex -24.285 14.1531 3.2
      vertex -24.2641 14.1764 3.2
      vertex -24.2847 14.1535 3.2
    endloop
  endfacet
  facet normal 0 0 1
    outer loop
      vertex -24.3011 14.1254 3.2
      vertex -24.2641 14.1764 3.2
      vertex -24.285 14.1531 3.2
    endloop
  endfacet
  facet normal 0 0 1
    outer loop
      vertex -24.3011 14.1254 3.2
      vertex -24.285 14.1531 3.2
      vertex -24.2854 14.1526 3.2
    endloop
  endfacet
  facet normal 0 0 1
    outer loop
      vertex -23.9854 10.1208 3.2
      vertex -24.4 10.6915 3.2
      vertex -24.1 10.1719 3.2
    endloop
  endfacet
  facet normal 0 0 1
    outer loop
      vertex -24.3967 13.8318 3.2
      vertex -24.2641 14.1764 3.2
      vertex -24.3011 14.1254 3.2
    endloop
  endfacet
  facet normal 0 0 1
    outer loop
      vertex -24.3322 14.0717 3.2
      vertex -24.3011 14.1254 3.2
      vertex -24.3196 14.1 3.2
    endloop
  endfacet
  facet normal 0 0 1
    outer loop
      vertex -24.3967 13.8318 3.2
      vertex -24.3011 14.1254 3.2
      vertex -24.3322 14.0717 3.2
    endloop
  endfacet
  facet normal 0 0 1
    outer loop
      vertex -24.3478 14.0445 3.2
      vertex -24.3322 14.0717 3.2
      vertex -24.3477 14.045 3.2
    endloop
  endfacet
  facet normal 0 0 1
    outer loop
      vertex -24.3578 14.0141 3.2
      vertex -24.3322 14.0717 3.2
      vertex -24.3478 14.0445 3.2
    endloop
  endfacet
  facet normal 0 0 1
    outer loop
      vertex -24.3578 14.0141 3.2
      vertex -24.3478 14.0445 3.2
      vertex -24.3481 14.044 3.2
    endloop
  endfacet
  facet normal 0 0 1
    outer loop
      vertex -24.1 10.1719 3.2
      vertex -24.4 10.6915 3.2
      vertex -24.2015 10.2456 3.2
    endloop
  endfacet
  facet normal 0 0 1
    outer loop
      vertex -24.3967 13.8318 3.2
      vertex -24.3322 14.0717 3.2
      vertex -24.3578 14.0141 3.2
    endloop
  endfacet
  facet normal 0 0 1
    outer loop
      vertex -24.3771 13.9551 3.2
      vertex -24.3578 14.0141 3.2
      vertex -24.3706 13.9854 3.2
    endloop
  endfacet
  facet normal 0 0 1
    outer loop
      vertex -24.3967 13.8318 3.2
      vertex -24.3578 14.0141 3.2
      vertex -24.3771 13.9551 3.2
    endloop
  endfacet
  facet normal 0 0 1
    outer loop
      vertex -24.3867 13.9252 3.2
      vertex -24.3771 13.9551 3.2
      vertex -24.3866 13.9258 3.2
    endloop
  endfacet
  facet normal 0 0 1
    outer loop
      vertex -24.3902 13.8935 3.2
      vertex -24.3771 13.9551 3.2
      vertex -24.3867 13.9252 3.2
    endloop
  endfacet
  facet normal 0 0 1
    outer loop
      vertex -24.3902 13.8935 3.2
      vertex -24.3867 13.9252 3.2
      vertex -24.3869 13.9247 3.2
    endloop
  endfacet
  facet normal 0 0 1
    outer loop
      vertex -24.3967 13.8318 3.2
      vertex -24.3771 13.9551 3.2
      vertex -24.3902 13.8935 3.2
    endloop
  endfacet
  facet normal 0 0 1
    outer loop
      vertex -23.8307 14.3967 3.2
      vertex -24.3967 13.8318 3.2
      vertex -24.3999 13.8005 3.2
    endloop
  endfacet
  facet normal 0 0 1
    outer loop
      vertex -24.3967 13.8318 3.2
      vertex -24.3902 13.8935 3.2
      vertex -24.3967 13.8627 3.2
    endloop
  endfacet
  facet normal 0 0 1
    outer loop
      vertex -23.8 14.4 3.2
      vertex -24.3999 13.8005 3.2
      vertex -24.4 13.8 3.2
    endloop
  endfacet
  facet normal 0 0 1
    outer loop
      vertex -24.2015 10.2456 3.2
      vertex -24.4 10.6915 3.2
      vertex -24.2854 10.3388 3.2
    endloop
  endfacet
  facet normal 0 0 1
    outer loop
      vertex -24.2854 10.3388 3.2
      vertex -24.4 10.6915 3.2
      vertex -24.3481 10.4474 3.2
    endloop
  endfacet
  facet normal 0 0 1
    outer loop
      vertex -24.3481 10.4474 3.2
      vertex -24.4 10.6915 3.2
      vertex -24.3869 10.5667 3.2
    endloop
  endfacet
  facet normal 0 0 1
    outer loop
      vertex -1.19612 0 3.2
      vertex -21.5691 -13.2 3.2
      vertex 0 -0.693558 3.2
    endloop
  endfacet
  facet normal 0 -0 1
    outer loop
      vertex -21.5691 -13.2 3.2
      vertex -1.19612 0 3.2
      vertex -23.2 -12.7585 3.2
    endloop
  endfacet
  facet normal 0 0 1
    outer loop
      vertex 24.4 10.6915 3.2
      vertex 23.2 10.6915 3.2
      vertex 23.2131 10.5667 3.2
    endloop
  endfacet
  facet normal 0 0 1
    outer loop
      vertex 21.5691 13.2 3.2
      vertex 1.19612 0 3.2
      vertex 23.2 12.7585 3.2
    endloop
  endfacet
  facet normal 0 -0 1
    outer loop
      vertex 1.19612 0 3.2
      vertex 21.5691 13.2 3.2
      vertex 0 0.693558 3.2
    endloop
  endfacet
  facet normal 0 0 1
    outer loop
      vertex 24.3967 13.8627 3.2
      vertex 24.3902 13.8935 3.2
      vertex 24.3967 13.8318 3.2
    endloop
  endfacet
  facet normal 0 0 1
    outer loop
      vertex 24.4 13.8011 3.2
      vertex 24.3967 13.8318 3.2
      vertex 24.3999 13.8005 3.2
    endloop
  endfacet
  facet normal 0 0 1
    outer loop
      vertex 23.8 14.4 3.2
      vertex 24.4 13.8 3.2
      vertex 24.3999 13.8005 3.2
    endloop
  endfacet
  facet normal 0 0 1
    outer loop
      vertex 23.8 14.4 3.2
      vertex 24.3999 13.8005 3.2
      vertex 24.3967 13.8318 3.2
    endloop
  endfacet
  facet normal 0 0 1
    outer loop
      vertex 23.8307 14.3967 3.2
      vertex 24.3967 13.8318 3.2
      vertex 24.3902 13.8935 3.2
    endloop
  endfacet
  facet normal 0 0 1
    outer loop
      vertex 24.3867 13.9252 3.2
      vertex 24.3902 13.8935 3.2
      vertex 24.3869 13.9247 3.2
    endloop
  endfacet
  facet normal 0 0 1
    outer loop
      vertex 24.4 13.8 3.2
      vertex 23.2 12.7585 3.2
      vertex 24.4 10.6915 3.2
    endloop
  endfacet
  facet normal 0 0 1
    outer loop
      vertex 24.3771 13.9551 3.2
      vertex 24.3902 13.8935 3.2
      vertex 24.3867 13.9252 3.2
    endloop
  endfacet
  facet normal 0 0 1
    outer loop
      vertex 24.3771 13.9551 3.2
      vertex 24.3867 13.9252 3.2
      vertex 24.3866 13.9258 3.2
    endloop
  endfacet
  facet normal 0 0 1
    outer loop
      vertex 23.8307 14.3967 3.2
      vertex 24.3902 13.8935 3.2
      vertex 24.3771 13.9551 3.2
    endloop
  endfacet
  facet normal 0 0 1
    outer loop
      vertex 24.3578 14.0141 3.2
      vertex 24.3771 13.9551 3.2
      vertex 24.3706 13.9854 3.2
    endloop
  endfacet
  facet normal 0 0 1
    outer loop
      vertex 23.8307 14.3967 3.2
      vertex 24.3771 13.9551 3.2
      vertex 24.3578 14.0141 3.2
    endloop
  endfacet
  facet normal 0 0 1
    outer loop
      vertex 24.3478 14.0445 3.2
      vertex 24.3578 14.0141 3.2
      vertex 24.3481 14.044 3.2
    endloop
  endfacet
  facet normal 0 0 1
    outer loop
      vertex 23.2 10.6915 3.2
      vertex 24.4 10.6915 3.2
      vertex 23.2 12.7585 3.2
    endloop
  endfacet
  facet normal 0 0 1
    outer loop
      vertex 24.3322 14.0717 3.2
      vertex 24.3578 14.0141 3.2
      vertex 24.3478 14.0445 3.2
    endloop
  endfacet
  facet normal 0 0 1
    outer loop
      vertex 24.3322 14.0717 3.2
      vertex 24.3478 14.0445 3.2
      vertex 24.3477 14.045 3.2
    endloop
  endfacet
  facet normal 0 0 1
    outer loop
      vertex 23.8307 14.3967 3.2
      vertex 24.3578 14.0141 3.2
      vertex 24.3322 14.0717 3.2
    endloop
  endfacet
  facet normal 0 0 1
    outer loop
      vertex 24.3011 14.1254 3.2
      vertex 24.3322 14.0717 3.2
      vertex 24.3196 14.1 3.2
    endloop
  endfacet
  facet normal 0 0 1
    outer loop
      vertex 23.8307 14.3967 3.2
      vertex 24.3322 14.0717 3.2
      vertex 24.3011 14.1254 3.2
    endloop
  endfacet
  facet normal 0 0 1
    outer loop
      vertex 24.285 14.1531 3.2
      vertex 24.3011 14.1254 3.2
      vertex 24.2854 14.1526 3.2
    endloop
  endfacet
  facet normal 0 0 1
    outer loop
      vertex 24.4 10.6915 3.2
      vertex 23.2131 10.5667 3.2
      vertex 24.3869 10.5667 3.2
    endloop
  endfacet
  facet normal 0 0 1
    outer loop
      vertex 24.2641 14.1764 3.2
      vertex 24.3011 14.1254 3.2
      vertex 24.285 14.1531 3.2
    endloop
  endfacet
  facet normal 0 0 1
    outer loop
      vertex 24.2641 14.1764 3.2
      vertex 24.285 14.1531 3.2
      vertex 24.2847 14.1535 3.2
    endloop
  endfacet
  facet normal 0 0 1
    outer loop
      vertex 23.8307 14.3967 3.2
      vertex 24.3011 14.1254 3.2
      vertex 24.2641 14.1764 3.2
    endloop
  endfacet
  facet normal 0 0 1
    outer loop
      vertex 24.2225 14.2225 3.2
      vertex 24.2641 14.1764 3.2
      vertex 24.2459 14.2015 3.2
    endloop
  endfacet
  facet normal 0 0 1
    outer loop
      vertex 23.8307 14.3967 3.2
      vertex 24.2641 14.1764 3.2
      vertex 24.2225 14.2225 3.2
    endloop
  endfacet
  facet normal 0 0 1
    outer loop
      vertex 24.201 14.2462 3.2
      vertex 24.2225 14.2225 3.2
      vertex 24.2015 14.2459 3.2
    endloop
  endfacet
  facet normal 0 0 1
    outer loop
      vertex 24.3869 10.5667 3.2
      vertex 23.2131 10.5667 3.2
      vertex 24.3481 10.4474 3.2
    endloop
  endfacet
  facet normal 0 0 1
    outer loop
      vertex 24.1756 14.2647 3.2
      vertex 24.2225 14.2225 3.2
      vertex 24.201 14.2462 3.2
    endloop
  endfacet
  facet normal 0 0 1
    outer loop
      vertex 24.1756 14.2647 3.2
      vertex 24.201 14.2462 3.2
      vertex 24.2006 14.2466 3.2
    endloop
  endfacet
  facet normal 0 0 1
    outer loop
      vertex 23.8307 14.3967 3.2
      vertex 24.2225 14.2225 3.2
      vertex 24.1756 14.2647 3.2
    endloop
  endfacet
  facet normal 0 0 1
    outer loop
      vertex 24.1254 14.3011 3.2
      vertex 24.1756 14.2647 3.2
      vertex 24.1526 14.2854 3.2
    endloop
  endfacet
  facet normal 0 0 1
    outer loop
      vertex 23.8307 14.3967 3.2
      vertex 24.1756 14.2647 3.2
      vertex 24.1254 14.3011 3.2
    endloop
  endfacet
  facet normal 0 0 1
    outer loop
      vertex 24.0994 14.3198 3.2
      vertex 24.1254 14.3011 3.2
      vertex 24.1 14.3196 3.2
    endloop
  endfacet
  facet normal 0 0 1
    outer loop
      vertex 24.3481 10.4474 3.2
      vertex 23.2131 10.5667 3.2
      vertex 24.2854 10.3388 3.2
    endloop
  endfacet
  facet normal 0 0 1
    outer loop
      vertex 24.0709 14.3326 3.2
      vertex 24.1254 14.3011 3.2
      vertex 24.0994 14.3198 3.2
    endloop
  endfacet
  facet normal 0 0 1
    outer loop
      vertex 24.0709 14.3326 3.2
      vertex 24.0994 14.3198 3.2
      vertex 24.099 14.3201 3.2
    endloop
  endfacet
  facet normal 0 0 1
    outer loop
      vertex 23.8307 14.3967 3.2
      vertex 24.1254 14.3011 3.2
      vertex 24.0709 14.3326 3.2
    endloop
  endfacet
  facet normal 0 0 1
    outer loop
      vertex 24.0141 14.3578 3.2
      vertex 24.0709 14.3326 3.2
      vertex 24.044 14.3481 3.2
    endloop
  endfacet
  facet normal 0 0 1
    outer loop
      vertex 23.8307 14.3967 3.2
      vertex 24.0709 14.3326 3.2
      vertex 24.0141 14.3578 3.2
    endloop
  endfacet
  facet normal 0 0 1
    outer loop
      vertex 23.9848 14.3707 3.2
      vertex 24.0141 14.3578 3.2
      vertex 23.9854 14.3706 3.2
    endloop
  endfacet
  facet normal 0 0 1
    outer loop
      vertex 24.2854 10.3388 3.2
      vertex 23.2131 10.5667 3.2
      vertex 24.2015 10.2456 3.2
    endloop
  endfacet
  facet normal 0 0 1
    outer loop
      vertex 23.9542 14.3773 3.2
      vertex 24.0141 14.3578 3.2
      vertex 23.9848 14.3707 3.2
    endloop
  endfacet
  facet normal 0 0 1
    outer loop
      vertex 23.9542 14.3773 3.2
      vertex 23.9848 14.3707 3.2
      vertex 23.9843 14.371 3.2
    endloop
  endfacet
  facet normal 0 0 1
    outer loop
      vertex 23.8307 14.3967 3.2
      vertex 24.0141 14.3578 3.2
      vertex 23.9542 14.3773 3.2
    endloop
  endfacet
  facet normal 0 0 1
    outer loop
      vertex 23.8935 14.3902 3.2
      vertex 23.9542 14.3773 3.2
      vertex 23.9247 14.3869 3.2
    endloop
  endfacet
  facet normal 0 0 1
    outer loop
      vertex 23.8307 14.3967 3.2
      vertex 23.9542 14.3773 3.2
      vertex 23.8935 14.3902 3.2
    endloop
  endfacet
  facet normal -0 0 1
    outer loop
      vertex 23.8621 14.3967 3.2
      vertex 23.8935 14.3902 3.2
      vertex 23.8627 14.3967 3.2
    endloop
  endfacet
  facet normal 0 0 1
    outer loop
      vertex 24.2015 10.2456 3.2
      vertex 23.2131 10.5667 3.2
      vertex 24.1 10.1719 3.2
    endloop
  endfacet
  facet normal -0 0 1
    outer loop
      vertex 23.8307 14.3967 3.2
      vertex 23.8935 14.3902 3.2
      vertex 23.8621 14.3967 3.2
    endloop
  endfacet
  facet normal 0 0 1
    outer loop
      vertex 23.8307 14.3967 3.2
      vertex 23.8621 14.3967 3.2
      vertex 23.8616 14.3968 3.2
    endloop
  endfacet
  facet normal 0 0 1
    outer loop
      vertex 24.3967 13.8318 3.2
      vertex 23.8307 14.3967 3.2
      vertex 23.8 14.4 3.2
    endloop
  endfacet
  facet normal 0 0 1
    outer loop
      vertex 24.4 13.8 3.2
      vertex 23.8 14.4 3.2
      vertex 23.2 12.7585 3.2
    endloop
  endfacet
  facet normal 0 0 1
    outer loop
      vertex 24.1 10.1719 3.2
      vertex 23.2131 10.5667 3.2
      vertex 23.9854 10.1208 3.2
    endloop
  endfacet
  facet normal 0 0 1
    outer loop
      vertex 23.9854 10.1208 3.2
      vertex 23.2131 10.5667 3.2
      vertex 23.8627 10.0948 3.2
    endloop
  endfacet
  facet normal 0 0 1
    outer loop
      vertex 23.8627 10.0948 3.2
      vertex 23.2131 10.5667 3.2
      vertex 23.7373 10.0948 3.2
    endloop
  endfacet
  facet normal 0 0 1
    outer loop
      vertex 23.7373 10.0948 3.2
      vertex 23.2131 10.5667 3.2
      vertex 23.6146 10.1208 3.2
    endloop
  endfacet
  facet normal 0 0 1
    outer loop
      vertex 23.6146 10.1208 3.2
      vertex 23.2131 10.5667 3.2
      vertex 23.5 10.1719 3.2
    endloop
  endfacet
  facet normal 0 0 1
    outer loop
      vertex 23.5 10.1719 3.2
      vertex 23.2131 10.5667 3.2
      vertex 23.3985 10.2456 3.2
    endloop
  endfacet
  facet normal 0 0 1
    outer loop
      vertex 23.3985 10.2456 3.2
      vertex 23.2131 10.5667 3.2
      vertex 23.3146 10.3388 3.2
    endloop
  endfacet
  facet normal 0 0 1
    outer loop
      vertex 23.3146 10.3388 3.2
      vertex 23.2131 10.5667 3.2
      vertex 23.2519 10.4474 3.2
    endloop
  endfacet
  facet normal 0 0 1
    outer loop
      vertex 23.8 14.4 3.2
      vertex 21.5691 13.2 3.2
      vertex 23.2 12.7585 3.2
    endloop
  endfacet
  facet normal -0 0 1
    outer loop
      vertex 20.0865 14.4 3.2
      vertex 21.5691 13.2 3.2
      vertex 23.8 14.4 3.2
    endloop
  endfacet
  facet normal 0 0 1
    outer loop
      vertex 20.0865 14.4 3.2
      vertex 20.0865 13.2 3.2
      vertex 21.5691 13.2 3.2
    endloop
  endfacet
  facet normal -0 0 1
    outer loop
      vertex 19.9618 14.3869 3.2
      vertex 20.0865 13.2 3.2
      vertex 20.0865 14.4 3.2
    endloop
  endfacet
  facet normal 0 0 1
    outer loop
      vertex 19.9618 14.3869 3.2
      vertex 19.9618 13.2131 3.2
      vertex 20.0865 13.2 3.2
    endloop
  endfacet
  facet normal -0 0 1
    outer loop
      vertex 19.8425 14.3481 3.2
      vertex 19.9618 13.2131 3.2
      vertex 19.9618 14.3869 3.2
    endloop
  endfacet
  facet normal 0 0 1
    outer loop
      vertex 19.8425 14.3481 3.2
      vertex 19.8425 13.2519 3.2
      vertex 19.9618 13.2131 3.2
    endloop
  endfacet
  facet normal -0 0 1
    outer loop
      vertex 19.7339 14.2854 3.2
      vertex 19.8425 13.2519 3.2
      vertex 19.8425 14.3481 3.2
    endloop
  endfacet
  facet normal 0 0 1
    outer loop
      vertex 19.7339 14.2854 3.2
      vertex 19.7339 13.3146 3.2
      vertex 19.8425 13.2519 3.2
    endloop
  endfacet
  facet normal -0 0 1
    outer loop
      vertex 19.6406 14.2015 3.2
      vertex 19.7339 13.3146 3.2
      vertex 19.7339 14.2854 3.2
    endloop
  endfacet
  facet normal 0 0 1
    outer loop
      vertex 19.6406 14.2015 3.2
      vertex 19.6406 13.3985 3.2
      vertex 19.7339 13.3146 3.2
    endloop
  endfacet
  facet normal -0 0 1
    outer loop
      vertex 19.5669 14.1 3.2
      vertex 19.6406 13.3985 3.2
      vertex 19.6406 14.2015 3.2
    endloop
  endfacet
  facet normal 0 0 1
    outer loop
      vertex 19.5669 14.1 3.2
      vertex 19.5669 13.5 3.2
      vertex 19.6406 13.3985 3.2
    endloop
  endfacet
  facet normal -0 0 1
    outer loop
      vertex 19.5159 13.9854 3.2
      vertex 19.5669 13.5 3.2
      vertex 19.5669 14.1 3.2
    endloop
  endfacet
  facet normal 0 0 1
    outer loop
      vertex 19.5159 13.9854 3.2
      vertex 19.5159 13.6146 3.2
      vertex 19.5669 13.5 3.2
    endloop
  endfacet
  facet normal -0 0 1
    outer loop
      vertex 19.4898 13.8627 3.2
      vertex 19.5159 13.6146 3.2
      vertex 19.5159 13.9854 3.2
    endloop
  endfacet
  facet normal 0 0 1
    outer loop
      vertex 19.5159 13.6146 3.2
      vertex 19.4898 13.8627 3.2
      vertex 19.4898 13.7373 3.2
    endloop
  endfacet
  facet normal 0 0 1
    outer loop
      vertex 1.19612 0 3.2
      vertex 21.5691 -13.2 3.2
      vertex 23.2 -12.7585 3.2
    endloop
  endfacet
  facet normal 0 0 1
    outer loop
      vertex 0 -0.693558 3.2
      vertex 1.19612 0 3.2
      vertex 0 0.693558 3.2
    endloop
  endfacet
  facet normal 0 0 1
    outer loop
      vertex 1.19612 0 3.2
      vertex 0 -0.693558 3.2
      vertex 21.5691 -13.2 3.2
    endloop
  endfacet
  facet normal 0 0 1
    outer loop
      vertex 0 0.693558 3.2
      vertex -1.19612 0 3.2
      vertex 0 -0.693558 3.2
    endloop
  endfacet
  facet normal 0 0 1
    outer loop
      vertex -21.5691 13.2 3.2
      vertex -1.19612 0 3.2
      vertex 0 0.693558 3.2
    endloop
  endfacet
  facet normal 0 0 1
    outer loop
      vertex -1.19612 0 3.2
      vertex -21.5691 13.2 3.2
      vertex -23.2 12.7585 3.2
    endloop
  endfacet
  facet normal -0 0 1
    outer loop
      vertex 23.2 -12.7585 3.2
      vertex 24.4 -13.8 3.2
      vertex 24.4 -10.6915 3.2
    endloop
  endfacet
  facet normal 0 -0 1
    outer loop
      vertex 23.8 -14.4 3.2
      vertex 24.4 -13.8 3.2
      vertex 23.2 -12.7585 3.2
    endloop
  endfacet
  facet normal 0 0 1
    outer loop
      vertex 24.3967 -13.8318 3.2
      vertex 24.3902 -13.8935 3.2
      vertex 24.3967 -13.8627 3.2
    endloop
  endfacet
  facet normal 0 0 1
    outer loop
      vertex 24.4 -13.8 3.2
      vertex 23.8 -14.4 3.2
      vertex 24.3999 -13.8005 3.2
    endloop
  endfacet
  facet normal 0 0 1
    outer loop
      vertex 23.2 -10.6915 3.2
      vertex 24.4 -10.6915 3.2
      vertex 24.3869 -10.5667 3.2
    endloop
  endfacet
  facet normal 0 0 1
    outer loop
      vertex 24.3999 -13.8005 3.2
      vertex 23.8 -14.4 3.2
      vertex 24.3967 -13.8318 3.2
    endloop
  endfacet
  facet normal 0 -0 1
    outer loop
      vertex 23.8307 -14.3967 3.2
      vertex 24.3967 -13.8318 3.2
      vertex 23.8 -14.4 3.2
    endloop
  endfacet
  facet normal 0 0 1
    outer loop
      vertex 24.3967 -13.8318 3.2
      vertex 23.8307 -14.3967 3.2
      vertex 24.3902 -13.8935 3.2
    endloop
  endfacet
  facet normal 0 0 1
    outer loop
      vertex 24.3902 -13.8935 3.2
      vertex 24.3867 -13.9252 3.2
      vertex 24.3869 -13.9247 3.2
    endloop
  endfacet
  facet normal 0 0 1
    outer loop
      vertex 24.3902 -13.8935 3.2
      vertex 24.3771 -13.9551 3.2
      vertex 24.3867 -13.9252 3.2
    endloop
  endfacet
  facet normal 0 0 1
    outer loop
      vertex 24.3867 -13.9252 3.2
      vertex 24.3771 -13.9551 3.2
      vertex 24.3866 -13.9258 3.2
    endloop
  endfacet
  facet normal 0 0 1
    outer loop
      vertex 23.2 -10.6915 3.2
      vertex 24.3869 -10.5667 3.2
      vertex 24.3481 -10.4474 3.2
    endloop
  endfacet
  facet normal 0 0 1
    outer loop
      vertex 24.3902 -13.8935 3.2
      vertex 23.8307 -14.3967 3.2
      vertex 24.3771 -13.9551 3.2
    endloop
  endfacet
  facet normal 0 0 1
    outer loop
      vertex 24.3771 -13.9551 3.2
      vertex 24.3578 -14.0141 3.2
      vertex 24.3706 -13.9854 3.2
    endloop
  endfacet
  facet normal 0 0 1
    outer loop
      vertex 24.3771 -13.9551 3.2
      vertex 23.8307 -14.3967 3.2
      vertex 24.3578 -14.0141 3.2
    endloop
  endfacet
  facet normal 0 0 1
    outer loop
      vertex 24.3578 -14.0141 3.2
      vertex 24.3478 -14.0445 3.2
      vertex 24.3481 -14.044 3.2
    endloop
  endfacet
  facet normal 0 0 1
    outer loop
      vertex 24.3578 -14.0141 3.2
      vertex 24.3322 -14.0717 3.2
      vertex 24.3478 -14.0445 3.2
    endloop
  endfacet
  facet normal 0 0 1
    outer loop
      vertex 24.3478 -14.0445 3.2
      vertex 24.3322 -14.0717 3.2
      vertex 24.3477 -14.045 3.2
    endloop
  endfacet
  facet normal 0 0 1
    outer loop
      vertex 23.2 -10.6915 3.2
      vertex 24.3481 -10.4474 3.2
      vertex 24.2854 -10.3388 3.2
    endloop
  endfacet
  facet normal 0 0 1
    outer loop
      vertex 24.3578 -14.0141 3.2
      vertex 23.8307 -14.3967 3.2
      vertex 24.3322 -14.0717 3.2
    endloop
  endfacet
  facet normal 0 0 1
    outer loop
      vertex 24.3322 -14.0717 3.2
      vertex 24.3011 -14.1254 3.2
      vertex 24.3196 -14.1 3.2
    endloop
  endfacet
  facet normal 0 0 1
    outer loop
      vertex 24.3322 -14.0717 3.2
      vertex 23.8307 -14.3967 3.2
      vertex 24.3011 -14.1254 3.2
    endloop
  endfacet
  facet normal 0 0 1
    outer loop
      vertex 24.3011 -14.1254 3.2
      vertex 24.285 -14.1531 3.2
      vertex 24.2854 -14.1526 3.2
    endloop
  endfacet
  facet normal 0 0 1
    outer loop
      vertex 24.3011 -14.1254 3.2
      vertex 24.2641 -14.1764 3.2
      vertex 24.285 -14.1531 3.2
    endloop
  endfacet
  facet normal 0 0 1
    outer loop
      vertex 24.285 -14.1531 3.2
      vertex 24.2641 -14.1764 3.2
      vertex 24.2847 -14.1535 3.2
    endloop
  endfacet
  facet normal 0 0 1
    outer loop
      vertex 23.2 -10.6915 3.2
      vertex 24.2854 -10.3388 3.2
      vertex 24.2015 -10.2456 3.2
    endloop
  endfacet
  facet normal 0 0 1
    outer loop
      vertex 24.3011 -14.1254 3.2
      vertex 23.8307 -14.3967 3.2
      vertex 24.2641 -14.1764 3.2
    endloop
  endfacet
  facet normal 0 0 1
    outer loop
      vertex 24.2641 -14.1764 3.2
      vertex 24.2225 -14.2225 3.2
      vertex 24.2459 -14.2015 3.2
    endloop
  endfacet
  facet normal 0 0 1
    outer loop
      vertex 24.2641 -14.1764 3.2
      vertex 23.8307 -14.3967 3.2
      vertex 24.2225 -14.2225 3.2
    endloop
  endfacet
  facet normal 0 0 1
    outer loop
      vertex 24.2225 -14.2225 3.2
      vertex 24.201 -14.2462 3.2
      vertex 24.2015 -14.2459 3.2
    endloop
  endfacet
  facet normal 0 0 1
    outer loop
      vertex 24.2225 -14.2225 3.2
      vertex 24.1756 -14.2647 3.2
      vertex 24.201 -14.2462 3.2
    endloop
  endfacet
  facet normal 0 0 1
    outer loop
      vertex 24.201 -14.2462 3.2
      vertex 24.1756 -14.2647 3.2
      vertex 24.2006 -14.2466 3.2
    endloop
  endfacet
  facet normal 0 0 1
    outer loop
      vertex 23.2 -10.6915 3.2
      vertex 24.2015 -10.2456 3.2
      vertex 24.1 -10.1719 3.2
    endloop
  endfacet
  facet normal 0 0 1
    outer loop
      vertex 24.2225 -14.2225 3.2
      vertex 23.8307 -14.3967 3.2
      vertex 24.1756 -14.2647 3.2
    endloop
  endfacet
  facet normal 0 0 1
    outer loop
      vertex 24.1756 -14.2647 3.2
      vertex 24.1254 -14.3011 3.2
      vertex 24.1526 -14.2854 3.2
    endloop
  endfacet
  facet normal 0 0 1
    outer loop
      vertex 24.1254 -14.3011 3.2
      vertex 24.0994 -14.3198 3.2
      vertex 24.1 -14.3196 3.2
    endloop
  endfacet
  facet normal 0 0 1
    outer loop
      vertex 24.1254 -14.3011 3.2
      vertex 24.0709 -14.3326 3.2
      vertex 24.0994 -14.3198 3.2
    endloop
  endfacet
  facet normal 0 0 1
    outer loop
      vertex 24.0994 -14.3198 3.2
      vertex 24.0709 -14.3326 3.2
      vertex 24.099 -14.3201 3.2
    endloop
  endfacet
  facet normal 0 0 1
    outer loop
      vertex 24.1254 -14.3011 3.2
      vertex 23.8307 -14.3967 3.2
      vertex 24.0709 -14.3326 3.2
    endloop
  endfacet
  facet normal 0 0 1
    outer loop
      vertex 23.2 -10.6915 3.2
      vertex 24.1 -10.1719 3.2
      vertex 23.9854 -10.1208 3.2
    endloop
  endfacet
  facet normal 0 0 1
    outer loop
      vertex 24.0709 -14.3326 3.2
      vertex 24.0141 -14.3578 3.2
      vertex 24.044 -14.3481 3.2
    endloop
  endfacet
  facet normal 0 0 1
    outer loop
      vertex 24.0709 -14.3326 3.2
      vertex 23.8307 -14.3967 3.2
      vertex 24.0141 -14.3578 3.2
    endloop
  endfacet
  facet normal 0 0 1
    outer loop
      vertex 24.0141 -14.3578 3.2
      vertex 23.9848 -14.3707 3.2
      vertex 23.9854 -14.3706 3.2
    endloop
  endfacet
  facet normal 0 0 1
    outer loop
      vertex 24.0141 -14.3578 3.2
      vertex 23.9542 -14.3773 3.2
      vertex 23.9848 -14.3707 3.2
    endloop
  endfacet
  facet normal 0 0 1
    outer loop
      vertex 23.9848 -14.3707 3.2
      vertex 23.9542 -14.3773 3.2
      vertex 23.9843 -14.371 3.2
    endloop
  endfacet
  facet normal 0 0 1
    outer loop
      vertex 24.0141 -14.3578 3.2
      vertex 23.8307 -14.3967 3.2
      vertex 23.9542 -14.3773 3.2
    endloop
  endfacet
  facet normal 0 0 1
    outer loop
      vertex 23.2 -10.6915 3.2
      vertex 23.9854 -10.1208 3.2
      vertex 23.8627 -10.0948 3.2
    endloop
  endfacet
  facet normal 0 0 1
    outer loop
      vertex 23.9542 -14.3773 3.2
      vertex 23.8935 -14.3902 3.2
      vertex 23.9247 -14.3869 3.2
    endloop
  endfacet
  facet normal 0 0 1
    outer loop
      vertex 23.9542 -14.3773 3.2
      vertex 23.8307 -14.3967 3.2
      vertex 23.8935 -14.3902 3.2
    endloop
  endfacet
  facet normal 0 0 1
    outer loop
      vertex 23.8935 -14.3902 3.2
      vertex 23.8621 -14.3967 3.2
      vertex 23.8627 -14.3967 3.2
    endloop
  endfacet
  facet normal 0 0 1
    outer loop
      vertex 23.8935 -14.3902 3.2
      vertex 23.8307 -14.3967 3.2
      vertex 23.8621 -14.3967 3.2
    endloop
  endfacet
  facet normal 0 0 1
    outer loop
      vertex 23.8621 -14.3967 3.2
      vertex 23.8307 -14.3967 3.2
      vertex 23.8616 -14.3968 3.2
    endloop
  endfacet
  facet normal 0 0 1
    outer loop
      vertex 23.2 -10.6915 3.2
      vertex 23.8627 -10.0948 3.2
      vertex 23.7373 -10.0948 3.2
    endloop
  endfacet
  facet normal 0 0 1
    outer loop
      vertex 23.2 -10.6915 3.2
      vertex 23.7373 -10.0948 3.2
      vertex 23.6146 -10.1208 3.2
    endloop
  endfacet
  facet normal 0 0 1
    outer loop
      vertex 23.2 -10.6915 3.2
      vertex 23.6146 -10.1208 3.2
      vertex 23.5 -10.1719 3.2
    endloop
  endfacet
  facet normal 0 0 1
    outer loop
      vertex 23.2 -10.6915 3.2
      vertex 23.5 -10.1719 3.2
      vertex 23.3985 -10.2456 3.2
    endloop
  endfacet
  facet normal 0 0 1
    outer loop
      vertex 23.2 -10.6915 3.2
      vertex 23.3985 -10.2456 3.2
      vertex 23.3146 -10.3388 3.2
    endloop
  endfacet
  facet normal 0 0 1
    outer loop
      vertex 23.2 -10.6915 3.2
      vertex 23.3146 -10.3388 3.2
      vertex 23.2519 -10.4474 3.2
    endloop
  endfacet
  facet normal 0 0 1
    outer loop
      vertex 23.2 -10.6915 3.2
      vertex 23.2519 -10.4474 3.2
      vertex 23.2131 -10.5667 3.2
    endloop
  endfacet
  facet normal 0 0 1
    outer loop
      vertex 24.4 -10.6915 3.2
      vertex 23.2 -10.6915 3.2
      vertex 23.2 -12.7585 3.2
    endloop
  endfacet
  facet normal 0 0 1
    outer loop
      vertex 24.1756 -14.2647 3.2
      vertex 23.8307 -14.3967 3.2
      vertex 24.1254 -14.3011 3.2
    endloop
  endfacet
  facet normal -0 0 1
    outer loop
      vertex 21.5691 -13.2 3.2
      vertex 23.8 -14.4 3.2
      vertex 23.2 -12.7585 3.2
    endloop
  endfacet
  facet normal 0 0 1
    outer loop
      vertex 20.0865 -14.4 3.2
      vertex 21.5691 -13.2 3.2
      vertex 20.0865 -13.2 3.2
    endloop
  endfacet
  facet normal 0 0 1
    outer loop
      vertex 21.5691 -13.2 3.2
      vertex 20.0865 -14.4 3.2
      vertex 23.8 -14.4 3.2
    endloop
  endfacet
  facet normal -0 0 1
    outer loop
      vertex 19.9618 -13.2131 3.2
      vertex 20.0865 -14.4 3.2
      vertex 20.0865 -13.2 3.2
    endloop
  endfacet
  facet normal 0 0 1
    outer loop
      vertex 19.9618 -13.2131 3.2
      vertex 19.9618 -14.3869 3.2
      vertex 20.0865 -14.4 3.2
    endloop
  endfacet
  facet normal -0 0 1
    outer loop
      vertex 19.8425 -13.2519 3.2
      vertex 19.9618 -14.3869 3.2
      vertex 19.9618 -13.2131 3.2
    endloop
  endfacet
  facet normal 0 0 1
    outer loop
      vertex 19.8425 -13.2519 3.2
      vertex 19.8425 -14.3481 3.2
      vertex 19.9618 -14.3869 3.2
    endloop
  endfacet
  facet normal -0 0 1
    outer loop
      vertex 19.7339 -13.3146 3.2
      vertex 19.8425 -14.3481 3.2
      vertex 19.8425 -13.2519 3.2
    endloop
  endfacet
  facet normal 0 0 1
    outer loop
      vertex 19.7339 -13.3146 3.2
      vertex 19.7339 -14.2854 3.2
      vertex 19.8425 -14.3481 3.2
    endloop
  endfacet
  facet normal -0 0 1
    outer loop
      vertex 19.6406 -13.3985 3.2
      vertex 19.7339 -14.2854 3.2
      vertex 19.7339 -13.3146 3.2
    endloop
  endfacet
  facet normal 0 0 1
    outer loop
      vertex 19.6406 -13.3985 3.2
      vertex 19.6406 -14.2015 3.2
      vertex 19.7339 -14.2854 3.2
    endloop
  endfacet
  facet normal -0 0 1
    outer loop
      vertex 19.5669 -13.5 3.2
      vertex 19.6406 -14.2015 3.2
      vertex 19.6406 -13.3985 3.2
    endloop
  endfacet
  facet normal 0 0 1
    outer loop
      vertex 19.5669 -13.5 3.2
      vertex 19.5669 -14.1 3.2
      vertex 19.6406 -14.2015 3.2
    endloop
  endfacet
  facet normal -0 0 1
    outer loop
      vertex 19.5159 -13.6146 3.2
      vertex 19.5669 -14.1 3.2
      vertex 19.5669 -13.5 3.2
    endloop
  endfacet
  facet normal 0 0 1
    outer loop
      vertex 19.5159 -13.6146 3.2
      vertex 19.5159 -13.9854 3.2
      vertex 19.5669 -14.1 3.2
    endloop
  endfacet
  facet normal -0 0 1
    outer loop
      vertex 19.4898 -13.7373 3.2
      vertex 19.5159 -13.9854 3.2
      vertex 19.5159 -13.6146 3.2
    endloop
  endfacet
  facet normal 0 0 1
    outer loop
      vertex 19.5159 -13.9854 3.2
      vertex 19.4898 -13.7373 3.2
      vertex 19.4898 -13.8627 3.2
    endloop
  endfacet
  facet normal 0 0 1
    outer loop
      vertex 24.4 -13.8011 3.2
      vertex 24.3999 -13.8005 3.2
      vertex 24.3967 -13.8318 3.2
    endloop
  endfacet
  facet normal 0 0 1
    outer loop
      vertex -19.5159 -13.6146 3.2
      vertex -19.4898 -13.8627 3.2
      vertex -19.4898 -13.7373 3.2
    endloop
  endfacet
  facet normal 0 0 1
    outer loop
      vertex -19.5159 -13.6146 3.2
      vertex -19.5159 -13.9854 3.2
      vertex -19.4898 -13.8627 3.2
    endloop
  endfacet
  facet normal 0 0 1
    outer loop
      vertex -19.5669 -13.5 3.2
      vertex -19.5159 -13.9854 3.2
      vertex -19.5159 -13.6146 3.2
    endloop
  endfacet
  facet normal 0 0 1
    outer loop
      vertex -19.5669 -13.5 3.2
      vertex -19.5669 -14.1 3.2
      vertex -19.5159 -13.9854 3.2
    endloop
  endfacet
  facet normal 0 0 1
    outer loop
      vertex -19.6406 -13.3985 3.2
      vertex -19.5669 -14.1 3.2
      vertex -19.5669 -13.5 3.2
    endloop
  endfacet
  facet normal 0 0 1
    outer loop
      vertex -19.6406 -13.3985 3.2
      vertex -19.6406 -14.2015 3.2
      vertex -19.5669 -14.1 3.2
    endloop
  endfacet
  facet normal 0 0 1
    outer loop
      vertex -19.7339 -13.3146 3.2
      vertex -19.6406 -14.2015 3.2
      vertex -19.6406 -13.3985 3.2
    endloop
  endfacet
  facet normal 0 0 1
    outer loop
      vertex -19.7339 -13.3146 3.2
      vertex -19.7339 -14.2854 3.2
      vertex -19.6406 -14.2015 3.2
    endloop
  endfacet
  facet normal 0 0 1
    outer loop
      vertex -19.8425 -13.2519 3.2
      vertex -19.7339 -14.2854 3.2
      vertex -19.7339 -13.3146 3.2
    endloop
  endfacet
  facet normal 0 0 1
    outer loop
      vertex -19.8425 -13.2519 3.2
      vertex -19.8425 -14.3481 3.2
      vertex -19.7339 -14.2854 3.2
    endloop
  endfacet
  facet normal 0 0 1
    outer loop
      vertex -19.9618 -13.2131 3.2
      vertex -19.8425 -14.3481 3.2
      vertex -19.8425 -13.2519 3.2
    endloop
  endfacet
  facet normal 0 0 1
    outer loop
      vertex -19.9618 -13.2131 3.2
      vertex -19.9618 -14.3869 3.2
      vertex -19.8425 -14.3481 3.2
    endloop
  endfacet
  facet normal 0 0 1
    outer loop
      vertex -20.0865 -13.2 3.2
      vertex -19.9618 -14.3869 3.2
      vertex -19.9618 -13.2131 3.2
    endloop
  endfacet
  facet normal 0 0 1
    outer loop
      vertex -20.0865 -13.2 3.2
      vertex -20.0865 -14.4 3.2
      vertex -19.9618 -14.3869 3.2
    endloop
  endfacet
  facet normal -0 0 1
    outer loop
      vertex -21.5691 -13.2 3.2
      vertex -20.0865 -14.4 3.2
      vertex -20.0865 -13.2 3.2
    endloop
  endfacet
  facet normal 0 0 1
    outer loop
      vertex -23.8 -14.4 3.2
      vertex -21.5691 -13.2 3.2
      vertex -23.2 -12.7585 3.2
    endloop
  endfacet
  facet normal 0 0 1
    outer loop
      vertex -24.4 -10.6915 3.2
      vertex -23.2131 -10.5667 3.2
      vertex -23.2519 -10.4474 3.2
    endloop
  endfacet
  facet normal 0 0 1
    outer loop
      vertex -24.4 -10.6915 3.2
      vertex -23.2519 -10.4474 3.2
      vertex -23.3146 -10.3388 3.2
    endloop
  endfacet
  facet normal 0 0 1
    outer loop
      vertex -24.4 -10.6915 3.2
      vertex -23.3146 -10.3388 3.2
      vertex -23.3985 -10.2456 3.2
    endloop
  endfacet
  facet normal 0 0 1
    outer loop
      vertex -24.4 -10.6915 3.2
      vertex -23.3985 -10.2456 3.2
      vertex -23.5 -10.1719 3.2
    endloop
  endfacet
  facet normal 0 0 1
    outer loop
      vertex -24.4 -10.6915 3.2
      vertex -23.5 -10.1719 3.2
      vertex -23.6146 -10.1208 3.2
    endloop
  endfacet
  facet normal 0 0 1
    outer loop
      vertex -24.4 -10.6915 3.2
      vertex -23.6146 -10.1208 3.2
      vertex -23.7373 -10.0948 3.2
    endloop
  endfacet
  facet normal 0 0 1
    outer loop
      vertex -21.5691 -13.2 3.2
      vertex -23.8 -14.4 3.2
      vertex -20.0865 -14.4 3.2
    endloop
  endfacet
  facet normal 0 0 1
    outer loop
      vertex -23.2 -10.6915 3.2
      vertex -24.4 -10.6915 3.2
      vertex -23.2 -12.7585 3.2
    endloop
  endfacet
  facet normal 0 0 1
    outer loop
      vertex -23.2 -12.7585 3.2
      vertex -24.4 -13.8 3.2
      vertex -23.8 -14.4 3.2
    endloop
  endfacet
  facet normal -0 -0 1
    outer loop
      vertex -24.3999 -13.8005 3.2
      vertex -23.8 -14.4 3.2
      vertex -24.4 -13.8 3.2
    endloop
  endfacet
  facet normal 0 0 1
    outer loop
      vertex -23.8 -14.4 3.2
      vertex -24.3999 -13.8005 3.2
      vertex -23.8307 -14.3967 3.2
    endloop
  endfacet
  facet normal 0 0 1
    outer loop
      vertex -24.4 -10.6915 3.2
      vertex -23.7373 -10.0948 3.2
      vertex -23.8627 -10.0948 3.2
    endloop
  endfacet
  facet normal 0 0 1
    outer loop
      vertex -23.8307 -14.3967 3.2
      vertex -23.8621 -14.3967 3.2
      vertex -23.8616 -14.3968 3.2
    endloop
  endfacet
  facet normal -0 -0 1
    outer loop
      vertex -24.3967 -13.8318 3.2
      vertex -23.8307 -14.3967 3.2
      vertex -24.3999 -13.8005 3.2
    endloop
  endfacet
  facet normal 0 0 1
    outer loop
      vertex -23.8307 -14.3967 3.2
      vertex -23.8935 -14.3902 3.2
      vertex -23.8621 -14.3967 3.2
    endloop
  endfacet
  facet normal 0 0 1
    outer loop
      vertex -23.8621 -14.3967 3.2
      vertex -23.8935 -14.3902 3.2
      vertex -23.8627 -14.3967 3.2
    endloop
  endfacet
  facet normal 0 0 1
    outer loop
      vertex -23.8307 -14.3967 3.2
      vertex -24.3967 -13.8318 3.2
      vertex -23.8935 -14.3902 3.2
    endloop
  endfacet
  facet normal 0 0 1
    outer loop
      vertex -23.8935 -14.3902 3.2
      vertex -23.9542 -14.3773 3.2
      vertex -23.9247 -14.3869 3.2
    endloop
  endfacet
  facet normal 0 0 1
    outer loop
      vertex -24.4 -10.6915 3.2
      vertex -23.8627 -10.0948 3.2
      vertex -23.9854 -10.1208 3.2
    endloop
  endfacet
  facet normal 0 0 1
    outer loop
      vertex -23.9542 -14.3773 3.2
      vertex -23.9848 -14.3707 3.2
      vertex -23.9843 -14.371 3.2
    endloop
  endfacet
  facet normal 0 0 1
    outer loop
      vertex -23.8935 -14.3902 3.2
      vertex -24.3967 -13.8318 3.2
      vertex -23.9542 -14.3773 3.2
    endloop
  endfacet
  facet normal 0 0 1
    outer loop
      vertex -23.9542 -14.3773 3.2
      vertex -24.0141 -14.3578 3.2
      vertex -23.9848 -14.3707 3.2
    endloop
  endfacet
  facet normal 0 0 1
    outer loop
      vertex -23.9848 -14.3707 3.2
      vertex -24.0141 -14.3578 3.2
      vertex -23.9854 -14.3706 3.2
    endloop
  endfacet
  facet normal 0 0 1
    outer loop
      vertex -23.9542 -14.3773 3.2
      vertex -24.3967 -13.8318 3.2
      vertex -24.0141 -14.3578 3.2
    endloop
  endfacet
  facet normal 0 0 1
    outer loop
      vertex -24.0141 -14.3578 3.2
      vertex -24.0709 -14.3326 3.2
      vertex -24.044 -14.3481 3.2
    endloop
  endfacet
  facet normal 0 0 1
    outer loop
      vertex -24.4 -10.6915 3.2
      vertex -23.9854 -10.1208 3.2
      vertex -24.1 -10.1719 3.2
    endloop
  endfacet
  facet normal 0 0 1
    outer loop
      vertex -24.0709 -14.3326 3.2
      vertex -24.0994 -14.3198 3.2
      vertex -24.099 -14.3201 3.2
    endloop
  endfacet
  facet normal 0 0 1
    outer loop
      vertex -24.0141 -14.3578 3.2
      vertex -24.3967 -13.8318 3.2
      vertex -24.0709 -14.3326 3.2
    endloop
  endfacet
  facet normal 0 0 1
    outer loop
      vertex -24.0709 -14.3326 3.2
      vertex -24.1254 -14.3011 3.2
      vertex -24.0994 -14.3198 3.2
    endloop
  endfacet
  facet normal 0 0 1
    outer loop
      vertex -24.0994 -14.3198 3.2
      vertex -24.1254 -14.3011 3.2
      vertex -24.1 -14.3196 3.2
    endloop
  endfacet
  facet normal 0 0 1
    outer loop
      vertex -24.0709 -14.3326 3.2
      vertex -24.3967 -13.8318 3.2
      vertex -24.1254 -14.3011 3.2
    endloop
  endfacet
  facet normal 0 0 1
    outer loop
      vertex -24.1254 -14.3011 3.2
      vertex -24.1756 -14.2647 3.2
      vertex -24.1526 -14.2854 3.2
    endloop
  endfacet
  facet normal 0 0 1
    outer loop
      vertex -24.4 -10.6915 3.2
      vertex -24.1 -10.1719 3.2
      vertex -24.2015 -10.2456 3.2
    endloop
  endfacet
  facet normal 0 0 1
    outer loop
      vertex -24.1756 -14.2647 3.2
      vertex -24.201 -14.2462 3.2
      vertex -24.2006 -14.2466 3.2
    endloop
  endfacet
  facet normal 0 0 1
    outer loop
      vertex -24.1254 -14.3011 3.2
      vertex -24.3967 -13.8318 3.2
      vertex -24.1756 -14.2647 3.2
    endloop
  endfacet
  facet normal 0 0 1
    outer loop
      vertex -24.1756 -14.2647 3.2
      vertex -24.2225 -14.2225 3.2
      vertex -24.201 -14.2462 3.2
    endloop
  endfacet
  facet normal 0 0 1
    outer loop
      vertex -24.201 -14.2462 3.2
      vertex -24.2225 -14.2225 3.2
      vertex -24.2015 -14.2459 3.2
    endloop
  endfacet
  facet normal 0 0 1
    outer loop
      vertex -24.1756 -14.2647 3.2
      vertex -24.3967 -13.8318 3.2
      vertex -24.2225 -14.2225 3.2
    endloop
  endfacet
  facet normal 0 0 1
    outer loop
      vertex -24.2225 -14.2225 3.2
      vertex -24.2641 -14.1764 3.2
      vertex -24.2459 -14.2015 3.2
    endloop
  endfacet
  facet normal 0 0 1
    outer loop
      vertex -24.4 -10.6915 3.2
      vertex -24.2015 -10.2456 3.2
      vertex -24.2854 -10.3388 3.2
    endloop
  endfacet
  facet normal 0 0 1
    outer loop
      vertex -24.2641 -14.1764 3.2
      vertex -24.285 -14.1531 3.2
      vertex -24.2847 -14.1535 3.2
    endloop
  endfacet
  facet normal 0 0 1
    outer loop
      vertex -24.2225 -14.2225 3.2
      vertex -24.3967 -13.8318 3.2
      vertex -24.2641 -14.1764 3.2
    endloop
  endfacet
  facet normal 0 0 1
    outer loop
      vertex -24.2641 -14.1764 3.2
      vertex -24.3011 -14.1254 3.2
      vertex -24.285 -14.1531 3.2
    endloop
  endfacet
  facet normal 0 0 1
    outer loop
      vertex -24.285 -14.1531 3.2
      vertex -24.3011 -14.1254 3.2
      vertex -24.2854 -14.1526 3.2
    endloop
  endfacet
  facet normal 0 0 1
    outer loop
      vertex -24.2641 -14.1764 3.2
      vertex -24.3967 -13.8318 3.2
      vertex -24.3011 -14.1254 3.2
    endloop
  endfacet
  facet normal 0 0 1
    outer loop
      vertex -24.3011 -14.1254 3.2
      vertex -24.3322 -14.0717 3.2
      vertex -24.3196 -14.1 3.2
    endloop
  endfacet
  facet normal 0 0 1
    outer loop
      vertex -24.4 -10.6915 3.2
      vertex -24.2854 -10.3388 3.2
      vertex -24.3481 -10.4474 3.2
    endloop
  endfacet
  facet normal 0 0 1
    outer loop
      vertex -24.3322 -14.0717 3.2
      vertex -24.3478 -14.0445 3.2
      vertex -24.3477 -14.045 3.2
    endloop
  endfacet
  facet normal 0 0 1
    outer loop
      vertex -24.3011 -14.1254 3.2
      vertex -24.3967 -13.8318 3.2
      vertex -24.3322 -14.0717 3.2
    endloop
  endfacet
  facet normal 0 0 1
    outer loop
      vertex -24.3322 -14.0717 3.2
      vertex -24.3578 -14.0141 3.2
      vertex -24.3478 -14.0445 3.2
    endloop
  endfacet
  facet normal 0 0 1
    outer loop
      vertex -24.3478 -14.0445 3.2
      vertex -24.3578 -14.0141 3.2
      vertex -24.3481 -14.044 3.2
    endloop
  endfacet
  facet normal 0 0 1
    outer loop
      vertex -24.3578 -14.0141 3.2
      vertex -24.3771 -13.9551 3.2
      vertex -24.3706 -13.9854 3.2
    endloop
  endfacet
  facet normal 0 0 1
    outer loop
      vertex -24.3771 -13.9551 3.2
      vertex -24.3867 -13.9252 3.2
      vertex -24.3866 -13.9258 3.2
    endloop
  endfacet
  facet normal 0 0 1
    outer loop
      vertex -24.4 -10.6915 3.2
      vertex -24.3481 -10.4474 3.2
      vertex -24.3869 -10.5667 3.2
    endloop
  endfacet
  facet normal 0 0 1
    outer loop
      vertex -24.3771 -13.9551 3.2
      vertex -24.3902 -13.8935 3.2
      vertex -24.3867 -13.9252 3.2
    endloop
  endfacet
  facet normal 0 0 1
    outer loop
      vertex -24.3867 -13.9252 3.2
      vertex -24.3902 -13.8935 3.2
      vertex -24.3869 -13.9247 3.2
    endloop
  endfacet
  facet normal 0 0 1
    outer loop
      vertex -24.3771 -13.9551 3.2
      vertex -24.3967 -13.8318 3.2
      vertex -24.3902 -13.8935 3.2
    endloop
  endfacet
  facet normal 0 0 1
    outer loop
      vertex -24.3578 -14.0141 3.2
      vertex -24.3967 -13.8318 3.2
      vertex -24.3771 -13.9551 3.2
    endloop
  endfacet
  facet normal 0 0 1
    outer loop
      vertex -23.2 -12.7585 3.2
      vertex -24.4 -10.6915 3.2
      vertex -24.4 -13.8 3.2
    endloop
  endfacet
  facet normal 0 0 1
    outer loop
      vertex -24.3322 -14.0717 3.2
      vertex -24.3967 -13.8318 3.2
      vertex -24.3578 -14.0141 3.2
    endloop
  endfacet
  facet normal 0 0 1
    outer loop
      vertex -24.3967 13.8318 3.2
      vertex -24.4 13.8011 3.2
      vertex -24.3999 13.8005 3.2
    endloop
  endfacet
  facet normal 0 0 1
    outer loop
      vertex -24.3902 -13.8935 3.2
      vertex -24.3967 -13.8318 3.2
      vertex -24.3967 -13.8627 3.2
    endloop
  endfacet
  facet normal 0 0 1
    outer loop
      vertex -24.3967 -13.8318 3.2
      vertex -24.3999 -13.8005 3.2
      vertex -24.4 -13.8011 3.2
    endloop
  endfacet
  facet normal 0.514496 -0.857493 0
    outer loop
      vertex 23.9843 -14.371 2.5
      vertex 23.9848 -14.3707 3.2
      vertex 23.9843 -14.371 3.2
    endloop
  endfacet
  facet normal 0.514496 -0.857493 0
    outer loop
      vertex 23.9848 -14.3707 3.2
      vertex 23.9843 -14.371 2.5
      vertex 23.9848 -14.3707 2.5
    endloop
  endfacet
  facet normal 0.40644 -0.913677 0
    outer loop
      vertex 24.0709 -14.3326 2.5
      vertex 24.099 -14.3201 3.2
      vertex 24.0709 -14.3326 3.2
    endloop
  endfacet
  facet normal 0.40644 -0.913677 0
    outer loop
      vertex 24.099 -14.3201 3.2
      vertex 24.0709 -14.3326 2.5
      vertex 24.099 -14.3201 2.5
    endloop
  endfacet
  facet normal 0.6 -0.8 0
    outer loop
      vertex 24.099 -14.3201 2.5
      vertex 24.0994 -14.3198 3.2
      vertex 24.099 -14.3201 3.2
    endloop
  endfacet
  facet normal 0.6 -0.8 0
    outer loop
      vertex 24.0994 -14.3198 3.2
      vertex 24.099 -14.3201 2.5
      vertex 24.0994 -14.3198 2.5
    endloop
  endfacet
  facet normal 0.586437 -0.809995 0
    outer loop
      vertex 24.1756 -14.2647 2.5
      vertex 24.2006 -14.2466 3.2
      vertex 24.1756 -14.2647 3.2
    endloop
  endfacet
  facet normal 0.586437 -0.809995 0
    outer loop
      vertex 24.2006 -14.2466 3.2
      vertex 24.1756 -14.2647 2.5
      vertex 24.2006 -14.2466 2.5
    endloop
  endfacet
  facet normal 0.743456 -0.668785 0
    outer loop
      vertex 24.2641 -14.1764 3.2
      vertex 24.2847 -14.1535 2.5
      vertex 24.2847 -14.1535 3.2
    endloop
  endfacet
  facet normal 0.743456 -0.668785 0
    outer loop
      vertex 24.2847 -14.1535 2.5
      vertex 24.2641 -14.1764 3.2
      vertex 24.2641 -14.1764 2.5
    endloop
  endfacet
  facet normal 0.707107 -0.707107 0
    outer loop
      vertex 24.2006 -14.2466 3.2
      vertex 24.201 -14.2462 2.5
      vertex 24.201 -14.2462 3.2
    endloop
  endfacet
  facet normal 0.707107 -0.707107 0
    outer loop
      vertex 24.201 -14.2462 2.5
      vertex 24.2006 -14.2466 3.2
      vertex 24.2006 -14.2466 2.5
    endloop
  endfacet
  facet normal 0.8 -0.6 0
    outer loop
      vertex 24.2847 -14.1535 3.2
      vertex 24.285 -14.1531 2.5
      vertex 24.285 -14.1531 3.2
    endloop
  endfacet
  facet normal 0.8 -0.6 0
    outer loop
      vertex 24.285 -14.1531 2.5
      vertex 24.2847 -14.1535 3.2
      vertex 24.2847 -14.1535 2.5
    endloop
  endfacet
  facet normal 0.864834 -0.502057 0
    outer loop
      vertex 24.3322 -14.0717 3.2
      vertex 24.3477 -14.045 2.5
      vertex 24.3477 -14.045 3.2
    endloop
  endfacet
  facet normal 0.864834 -0.502057 0
    outer loop
      vertex 24.3477 -14.045 2.5
      vertex 24.3322 -14.0717 3.2
      vertex 24.3322 -14.0717 2.5
    endloop
  endfacet
  facet normal 0.980581 -0.196116 0
    outer loop
      vertex 24.3477 -14.045 3.2
      vertex 24.3478 -14.0445 2.5
      vertex 24.3478 -14.0445 3.2
    endloop
  endfacet
  facet normal 0.980581 -0.196116 0
    outer loop
      vertex 24.3478 -14.0445 2.5
      vertex 24.3477 -14.045 3.2
      vertex 24.3477 -14.045 2.5
    endloop
  endfacet
  facet normal 0.951249 -0.308425 0
    outer loop
      vertex 24.3771 -13.9551 3.2
      vertex 24.3866 -13.9258 2.5
      vertex 24.3866 -13.9258 3.2
    endloop
  endfacet
  facet normal 0.951249 -0.308425 0
    outer loop
      vertex 24.3866 -13.9258 2.5
      vertex 24.3771 -13.9551 3.2
      vertex 24.3771 -13.9551 2.5
    endloop
  endfacet
  facet normal 0.994272 -0.106876 0
    outer loop
      vertex 24.3967 -13.8318 3.2
      vertex 24.4 -13.8011 2.5
      vertex 24.4 -13.8011 3.2
    endloop
  endfacet
  facet normal 0.994272 -0.106876 0
    outer loop
      vertex 24.4 -13.8011 2.5
      vertex 24.3967 -13.8318 3.2
      vertex 24.3967 -13.8318 2.5
    endloop
  endfacet
  facet normal 0.986394 -0.164399 0
    outer loop
      vertex 24.3866 -13.9258 3.2
      vertex 24.3867 -13.9252 2.5
      vertex 24.3867 -13.9252 3.2
    endloop
  endfacet
  facet normal 0.986394 -0.164399 0
    outer loop
      vertex 24.3867 -13.9252 2.5
      vertex 24.3866 -13.9258 3.2
      vertex 24.3866 -13.9258 2.5
    endloop
  endfacet
  facet normal 0.986394 0.164399 0
    outer loop
      vertex 24.4 -13.8011 3.2
      vertex 24.3999 -13.8005 2.5
      vertex 24.3999 -13.8005 3.2
    endloop
  endfacet
  facet normal 0.986394 0.164399 0
    outer loop
      vertex 24.3999 -13.8005 2.5
      vertex 24.4 -13.8011 3.2
      vertex 24.4 -13.8011 2.5
    endloop
  endfacet
  facet normal 0.501608 0.865095 -0
    outer loop
      vertex 23.2 -12.7585 2.5
      vertex 1.19612 0 3.2
      vertex 23.2 -12.7585 3.2
    endloop
  endfacet
  facet normal 0.501608 0.865095 0
    outer loop
      vertex 1.19612 0 3.2
      vertex 23.2 -12.7585 2.5
      vertex 1.19612 0 2.5
    endloop
  endfacet
  facet normal 0.501608 -0.865095 0
    outer loop
      vertex 1.19612 0 2.5
      vertex 23.2 12.7585 3.2
      vertex 1.19612 0 3.2
    endloop
  endfacet
  facet normal 0.501608 -0.865095 0
    outer loop
      vertex 23.2 12.7585 3.2
      vertex 1.19612 0 2.5
      vertex 23.2 12.7585 2.5
    endloop
  endfacet
  facet normal 0.986394 -0.164399 0
    outer loop
      vertex 24.3999 13.8005 3.2
      vertex 24.4 13.8011 2.5
      vertex 24.4 13.8011 3.2
    endloop
  endfacet
  facet normal 0.986394 -0.164399 0
    outer loop
      vertex 24.4 13.8011 2.5
      vertex 24.3999 13.8005 3.2
      vertex 24.3999 13.8005 2.5
    endloop
  endfacet
  facet normal 0.994272 0.106876 0
    outer loop
      vertex 24.4 13.8011 3.2
      vertex 24.3967 13.8318 2.5
      vertex 24.3967 13.8318 3.2
    endloop
  endfacet
  facet normal 0.994272 0.106876 0
    outer loop
      vertex 24.3967 13.8318 2.5
      vertex 24.4 13.8011 3.2
      vertex 24.4 13.8011 2.5
    endloop
  endfacet
  facet normal 0.986394 0.164399 0
    outer loop
      vertex 24.3867 13.9252 3.2
      vertex 24.3866 13.9258 2.5
      vertex 24.3866 13.9258 3.2
    endloop
  endfacet
  facet normal 0.986394 0.164399 0
    outer loop
      vertex 24.3866 13.9258 2.5
      vertex 24.3867 13.9252 3.2
      vertex 24.3867 13.9252 2.5
    endloop
  endfacet
  facet normal 0.980581 0.196116 0
    outer loop
      vertex 24.3478 14.0445 3.2
      vertex 24.3477 14.045 2.5
      vertex 24.3477 14.045 3.2
    endloop
  endfacet
  facet normal 0.980581 0.196116 0
    outer loop
      vertex 24.3477 14.045 2.5
      vertex 24.3478 14.0445 3.2
      vertex 24.3478 14.0445 2.5
    endloop
  endfacet
  facet normal 0.951249 0.308425 0
    outer loop
      vertex 24.3866 13.9258 3.2
      vertex 24.3771 13.9551 2.5
      vertex 24.3771 13.9551 3.2
    endloop
  endfacet
  facet normal 0.951249 0.308425 0
    outer loop
      vertex 24.3771 13.9551 2.5
      vertex 24.3866 13.9258 3.2
      vertex 24.3866 13.9258 2.5
    endloop
  endfacet
  facet normal 0.8 0.6 0
    outer loop
      vertex 24.285 14.1531 3.2
      vertex 24.2847 14.1535 2.5
      vertex 24.2847 14.1535 3.2
    endloop
  endfacet
  facet normal 0.8 0.6 0
    outer loop
      vertex 24.2847 14.1535 2.5
      vertex 24.285 14.1531 3.2
      vertex 24.285 14.1531 2.5
    endloop
  endfacet
  facet normal 0.864834 0.502057 0
    outer loop
      vertex 24.3477 14.045 3.2
      vertex 24.3322 14.0717 2.5
      vertex 24.3322 14.0717 3.2
    endloop
  endfacet
  facet normal 0.864834 0.502057 0
    outer loop
      vertex 24.3322 14.0717 2.5
      vertex 24.3477 14.045 3.2
      vertex 24.3477 14.045 2.5
    endloop
  endfacet
  facet normal 0.743456 0.668785 0
    outer loop
      vertex 24.2847 14.1535 3.2
      vertex 24.2641 14.1764 2.5
      vertex 24.2641 14.1764 3.2
    endloop
  endfacet
  facet normal 0.743456 0.668785 0
    outer loop
      vertex 24.2641 14.1764 2.5
      vertex 24.2847 14.1535 3.2
      vertex 24.2847 14.1535 2.5
    endloop
  endfacet
  facet normal 0.707107 0.707107 0
    outer loop
      vertex 24.201 14.2462 3.2
      vertex 24.2006 14.2466 2.5
      vertex 24.2006 14.2466 3.2
    endloop
  endfacet
  facet normal 0.707107 0.707107 0
    outer loop
      vertex 24.2006 14.2466 2.5
      vertex 24.201 14.2462 3.2
      vertex 24.201 14.2462 2.5
    endloop
  endfacet
  facet normal 0.6 0.8 -0
    outer loop
      vertex 24.0994 14.3198 2.5
      vertex 24.099 14.3201 3.2
      vertex 24.0994 14.3198 3.2
    endloop
  endfacet
  facet normal 0.6 0.8 0
    outer loop
      vertex 24.099 14.3201 3.2
      vertex 24.0994 14.3198 2.5
      vertex 24.099 14.3201 2.5
    endloop
  endfacet
  facet normal 0.586437 0.809995 -0
    outer loop
      vertex 24.2006 14.2466 2.5
      vertex 24.1756 14.2647 3.2
      vertex 24.2006 14.2466 3.2
    endloop
  endfacet
  facet normal 0.586437 0.809995 0
    outer loop
      vertex 24.1756 14.2647 3.2
      vertex 24.2006 14.2466 2.5
      vertex 24.1756 14.2647 2.5
    endloop
  endfacet
  facet normal 0.40644 0.913677 -0
    outer loop
      vertex 24.099 14.3201 2.5
      vertex 24.0709 14.3326 3.2
      vertex 24.099 14.3201 3.2
    endloop
  endfacet
  facet normal 0.40644 0.913677 0
    outer loop
      vertex 24.0709 14.3326 3.2
      vertex 24.099 14.3201 2.5
      vertex 24.0709 14.3326 2.5
    endloop
  endfacet
  facet normal 0.514496 0.857493 -0
    outer loop
      vertex 23.9848 14.3707 2.5
      vertex 23.9843 14.371 3.2
      vertex 23.9848 14.3707 3.2
    endloop
  endfacet
  facet normal 0.514496 0.857493 0
    outer loop
      vertex 23.9843 14.371 3.2
      vertex 23.9848 14.3707 2.5
      vertex 23.9843 14.371 2.5
    endloop
  endfacet
  facet normal 0.204863 0.978791 -0
    outer loop
      vertex 23.9843 14.371 2.5
      vertex 23.9542 14.3773 3.2
      vertex 23.9843 14.371 3.2
    endloop
  endfacet
  facet normal 0.204863 0.978791 0
    outer loop
      vertex 23.9542 14.3773 3.2
      vertex 23.9843 14.371 2.5
      vertex 23.9542 14.3773 2.5
    endloop
  endfacet
  facet normal 0.196116 0.980581 -0
    outer loop
      vertex 23.8621 14.3967 2.5
      vertex 23.8616 14.3968 3.2
      vertex 23.8621 14.3967 3.2
    endloop
  endfacet
  facet normal 0.196116 0.980581 0
    outer loop
      vertex 23.8616 14.3968 3.2
      vertex 23.8621 14.3967 2.5
      vertex 23.8616 14.3968 2.5
    endloop
  endfacet
  facet normal -0.00323623 0.999995 0
    outer loop
      vertex 23.8616 14.3968 2.5
      vertex 23.8307 14.3967 3.2
      vertex 23.8616 14.3968 3.2
    endloop
  endfacet
  facet normal -0.00323623 0.999995 0
    outer loop
      vertex 23.8307 14.3967 3.2
      vertex 23.8616 14.3968 2.5
      vertex 23.8307 14.3967 2.5
    endloop
  endfacet
  facet normal -0.501609 0.865094 0
    outer loop
      vertex 21.5691 13.2 2.5
      vertex 0 0.693558 3.2
      vertex 21.5691 13.2 3.2
    endloop
  endfacet
  facet normal -0.501609 0.865094 0
    outer loop
      vertex 0 0.693558 3.2
      vertex 21.5691 13.2 2.5
      vertex 0 0.693558 2.5
    endloop
  endfacet
  facet normal 0.501609 0.865094 -0
    outer loop
      vertex 0 0.693558 2.5
      vertex -21.5691 13.2 3.2
      vertex 0 0.693558 3.2
    endloop
  endfacet
  facet normal 0.501609 0.865094 0
    outer loop
      vertex -21.5691 13.2 3.2
      vertex 0 0.693558 2.5
      vertex -21.5691 13.2 2.5
    endloop
  endfacet
  facet normal 0.00323623 0.999995 -0
    outer loop
      vertex -23.8307 14.3967 2.5
      vertex -23.8616 14.3968 3.2
      vertex -23.8307 14.3967 3.2
    endloop
  endfacet
  facet normal 0.00323623 0.999995 0
    outer loop
      vertex -23.8616 14.3968 3.2
      vertex -23.8307 14.3967 2.5
      vertex -23.8616 14.3968 2.5
    endloop
  endfacet
  facet normal -0.196116 0.980581 0
    outer loop
      vertex -23.8616 14.3968 2.5
      vertex -23.8621 14.3967 3.2
      vertex -23.8616 14.3968 3.2
    endloop
  endfacet
  facet normal -0.196116 0.980581 0
    outer loop
      vertex -23.8621 14.3967 3.2
      vertex -23.8616 14.3968 2.5
      vertex -23.8621 14.3967 2.5
    endloop
  endfacet
  facet normal -0.204863 0.978791 0
    outer loop
      vertex -23.9542 14.3773 2.5
      vertex -23.9843 14.371 3.2
      vertex -23.9542 14.3773 3.2
    endloop
  endfacet
  facet normal -0.204863 0.978791 0
    outer loop
      vertex -23.9843 14.371 3.2
      vertex -23.9542 14.3773 2.5
      vertex -23.9843 14.371 2.5
    endloop
  endfacet
  facet normal -0.40644 0.913677 0
    outer loop
      vertex -24.0709 14.3326 2.5
      vertex -24.099 14.3201 3.2
      vertex -24.0709 14.3326 3.2
    endloop
  endfacet
  facet normal -0.40644 0.913677 0
    outer loop
      vertex -24.099 14.3201 3.2
      vertex -24.0709 14.3326 2.5
      vertex -24.099 14.3201 2.5
    endloop
  endfacet
  facet normal -0.514496 0.857493 0
    outer loop
      vertex -23.9843 14.371 2.5
      vertex -23.9848 14.3707 3.2
      vertex -23.9843 14.371 3.2
    endloop
  endfacet
  facet normal -0.514496 0.857493 0
    outer loop
      vertex -23.9848 14.3707 3.2
      vertex -23.9843 14.371 2.5
      vertex -23.9848 14.3707 2.5
    endloop
  endfacet
  facet normal -0.6 0.8 0
    outer loop
      vertex -24.099 14.3201 2.5
      vertex -24.0994 14.3198 3.2
      vertex -24.099 14.3201 3.2
    endloop
  endfacet
  facet normal -0.6 0.8 0
    outer loop
      vertex -24.0994 14.3198 3.2
      vertex -24.099 14.3201 2.5
      vertex -24.0994 14.3198 2.5
    endloop
  endfacet
  facet normal -0.586437 0.809995 0
    outer loop
      vertex -24.1756 14.2647 2.5
      vertex -24.2006 14.2466 3.2
      vertex -24.1756 14.2647 3.2
    endloop
  endfacet
  facet normal -0.586437 0.809995 0
    outer loop
      vertex -24.2006 14.2466 3.2
      vertex -24.1756 14.2647 2.5
      vertex -24.2006 14.2466 2.5
    endloop
  endfacet
  facet normal -0.743456 0.668785 0
    outer loop
      vertex -24.2847 14.1535 2.5
      vertex -24.2641 14.1764 3.2
      vertex -24.2641 14.1764 2.5
    endloop
  endfacet
  facet normal -0.743456 0.668785 0
    outer loop
      vertex -24.2641 14.1764 3.2
      vertex -24.2847 14.1535 2.5
      vertex -24.2847 14.1535 3.2
    endloop
  endfacet
  facet normal -0.707107 0.707107 0
    outer loop
      vertex -24.201 14.2462 2.5
      vertex -24.2006 14.2466 3.2
      vertex -24.2006 14.2466 2.5
    endloop
  endfacet
  facet normal -0.707107 0.707107 0
    outer loop
      vertex -24.2006 14.2466 3.2
      vertex -24.201 14.2462 2.5
      vertex -24.201 14.2462 3.2
    endloop
  endfacet
  facet normal -0.8 0.6 0
    outer loop
      vertex -24.285 14.1531 2.5
      vertex -24.2847 14.1535 3.2
      vertex -24.2847 14.1535 2.5
    endloop
  endfacet
  facet normal -0.8 0.6 0
    outer loop
      vertex -24.2847 14.1535 3.2
      vertex -24.285 14.1531 2.5
      vertex -24.285 14.1531 3.2
    endloop
  endfacet
  facet normal -0.864834 0.502057 0
    outer loop
      vertex -24.3477 14.045 2.5
      vertex -24.3322 14.0717 3.2
      vertex -24.3322 14.0717 2.5
    endloop
  endfacet
  facet normal -0.864834 0.502057 0
    outer loop
      vertex -24.3322 14.0717 3.2
      vertex -24.3477 14.045 2.5
      vertex -24.3477 14.045 3.2
    endloop
  endfacet
  facet normal -0.951249 0.308425 0
    outer loop
      vertex -24.3866 13.9258 2.5
      vertex -24.3771 13.9551 3.2
      vertex -24.3771 13.9551 2.5
    endloop
  endfacet
  facet normal -0.951249 0.308425 0
    outer loop
      vertex -24.3771 13.9551 3.2
      vertex -24.3866 13.9258 2.5
      vertex -24.3866 13.9258 3.2
    endloop
  endfacet
  facet normal -0.980581 0.196116 0
    outer loop
      vertex -24.3478 14.0445 2.5
      vertex -24.3477 14.045 3.2
      vertex -24.3477 14.045 2.5
    endloop
  endfacet
  facet normal -0.980581 0.196116 0
    outer loop
      vertex -24.3477 14.045 3.2
      vertex -24.3478 14.0445 2.5
      vertex -24.3478 14.0445 3.2
    endloop
  endfacet
  facet normal -0.986394 0.164399 0
    outer loop
      vertex -24.3867 13.9252 2.5
      vertex -24.3866 13.9258 3.2
      vertex -24.3866 13.9258 2.5
    endloop
  endfacet
  facet normal -0.986394 0.164399 0
    outer loop
      vertex -24.3866 13.9258 3.2
      vertex -24.3867 13.9252 2.5
      vertex -24.3867 13.9252 3.2
    endloop
  endfacet
  facet normal -0.994272 0.106876 0
    outer loop
      vertex -24.4 13.8011 2.5
      vertex -24.3967 13.8318 3.2
      vertex -24.3967 13.8318 2.5
    endloop
  endfacet
  facet normal -0.994272 0.106876 0
    outer loop
      vertex -24.3967 13.8318 3.2
      vertex -24.4 13.8011 2.5
      vertex -24.4 13.8011 3.2
    endloop
  endfacet
  facet normal -0.986394 -0.164399 0
    outer loop
      vertex -24.3999 13.8005 2.5
      vertex -24.4 13.8011 3.2
      vertex -24.4 13.8011 2.5
    endloop
  endfacet
  facet normal -0.986394 -0.164399 0
    outer loop
      vertex -24.4 13.8011 3.2
      vertex -24.3999 13.8005 2.5
      vertex -24.3999 13.8005 3.2
    endloop
  endfacet
  facet normal -0.501608 -0.865095 0
    outer loop
      vertex -23.2 12.7585 2.5
      vertex -1.19612 0 3.2
      vertex -23.2 12.7585 3.2
    endloop
  endfacet
  facet normal -0.501608 -0.865095 -0
    outer loop
      vertex -1.19612 0 3.2
      vertex -23.2 12.7585 2.5
      vertex -1.19612 0 2.5
    endloop
  endfacet
  facet normal -0.501608 0.865095 0
    outer loop
      vertex -1.19612 0 2.5
      vertex -23.2 -12.7585 3.2
      vertex -1.19612 0 3.2
    endloop
  endfacet
  facet normal -0.501608 0.865095 0
    outer loop
      vertex -23.2 -12.7585 3.2
      vertex -1.19612 0 2.5
      vertex -23.2 -12.7585 2.5
    endloop
  endfacet
  facet normal -0.986394 0.164399 0
    outer loop
      vertex -24.4 -13.8011 2.5
      vertex -24.3999 -13.8005 3.2
      vertex -24.3999 -13.8005 2.5
    endloop
  endfacet
  facet normal -0.986394 0.164399 0
    outer loop
      vertex -24.3999 -13.8005 3.2
      vertex -24.4 -13.8011 2.5
      vertex -24.4 -13.8011 3.2
    endloop
  endfacet
  facet normal -0.994272 -0.106876 0
    outer loop
      vertex -24.3967 -13.8318 2.5
      vertex -24.4 -13.8011 3.2
      vertex -24.4 -13.8011 2.5
    endloop
  endfacet
  facet normal -0.994272 -0.106876 0
    outer loop
      vertex -24.4 -13.8011 3.2
      vertex -24.3967 -13.8318 2.5
      vertex -24.3967 -13.8318 3.2
    endloop
  endfacet
  facet normal -0.986394 -0.164399 0
    outer loop
      vertex -24.3866 -13.9258 2.5
      vertex -24.3867 -13.9252 3.2
      vertex -24.3867 -13.9252 2.5
    endloop
  endfacet
  facet normal -0.986394 -0.164399 0
    outer loop
      vertex -24.3867 -13.9252 3.2
      vertex -24.3866 -13.9258 2.5
      vertex -24.3866 -13.9258 3.2
    endloop
  endfacet
  facet normal -0.950977 -0.309261 0
    outer loop
      vertex -24.3866 -13.9258 2.5
      vertex -24.3786 -13.9504 2.5
      vertex -24.3866 -13.9258 3.2
    endloop
  endfacet
  facet normal 0 0 1
    outer loop
      vertex -24.3771 -13.9551 2.5
      vertex -24.3786 -13.9504 2.5
      vertex -24.3866 -13.9258 2.5
    endloop
  endfacet
  facet normal -0.950977 -0.309261 -0
    outer loop
      vertex -24.3786 -13.9504 3.2
      vertex -24.3866 -13.9258 3.2
      vertex -24.3786 -13.9504 2.5
    endloop
  endfacet
  facet normal -0 -0 -1
    outer loop
      vertex -24.3786 -13.9504 3.2
      vertex -24.3771 -13.9551 3.2
      vertex -24.3866 -13.9258 3.2
    endloop
  endfacet
  facet normal 0.501609 -0.865094 0
    outer loop
      vertex -21.5691 -13.2 2.5
      vertex 0 -0.693558 3.2
      vertex -21.5691 -13.2 3.2
    endloop
  endfacet
  facet normal 0.501609 -0.865094 0
    outer loop
      vertex 0 -0.693558 3.2
      vertex -21.5691 -13.2 2.5
      vertex 0 -0.693558 2.5
    endloop
  endfacet
  facet normal -0.501609 -0.865094 0
    outer loop
      vertex 0 -0.693558 2.5
      vertex 21.5691 -13.2 3.2
      vertex 0 -0.693558 3.2
    endloop
  endfacet
  facet normal -0.501609 -0.865094 -0
    outer loop
      vertex 21.5691 -13.2 3.2
      vertex 0 -0.693558 2.5
      vertex 21.5691 -13.2 2.5
    endloop
  endfacet
  facet normal -0.00323623 -0.999995 0
    outer loop
      vertex 23.8307 -14.3967 2.5
      vertex 23.8616 -14.3968 3.2
      vertex 23.8307 -14.3967 3.2
    endloop
  endfacet
  facet normal -0.00323623 -0.999995 -0
    outer loop
      vertex 23.8616 -14.3968 3.2
      vertex 23.8307 -14.3967 2.5
      vertex 23.8616 -14.3968 2.5
    endloop
  endfacet
  facet normal 0.196116 -0.980581 0
    outer loop
      vertex 23.8616 -14.3968 2.5
      vertex 23.8621 -14.3967 3.2
      vertex 23.8616 -14.3968 3.2
    endloop
  endfacet
  facet normal 0.196116 -0.980581 0
    outer loop
      vertex 23.8621 -14.3967 3.2
      vertex 23.8616 -14.3968 2.5
      vertex 23.8621 -14.3967 2.5
    endloop
  endfacet
  facet normal 0.204863 -0.978791 0
    outer loop
      vertex 23.9542 -14.3773 2.5
      vertex 23.9843 -14.371 3.2
      vertex 23.9542 -14.3773 3.2
    endloop
  endfacet
  facet normal 0.204863 -0.978791 0
    outer loop
      vertex 23.9843 -14.371 3.2
      vertex 23.9542 -14.3773 2.5
      vertex 23.9843 -14.371 2.5
    endloop
  endfacet
  facet normal 0 0 -1
    outer loop
      vertex 3.09415 12.1164 2.5
      vertex 3.07675 12.3653 2.5
      vertex 3.09853 12.2418 2.5
    endloop
  endfacet
  facet normal 0 0 -1
    outer loop
      vertex 3.06378 11.9947 2.5
      vertex 3.07675 12.3653 2.5
      vertex 3.09415 12.1164 2.5
    endloop
  endfacet
  facet normal 0 0 -1
    outer loop
      vertex 3.06378 11.9947 2.5
      vertex 3.02977 12.4816 2.5
      vertex 3.07675 12.3653 2.5
    endloop
  endfacet
  facet normal 0 0 -1
    outer loop
      vertex 3.00879 11.882 2.5
      vertex 3.02977 12.4816 2.5
      vertex 3.06378 11.9947 2.5
    endloop
  endfacet
  facet normal 0 0 -1
    outer loop
      vertex 3.00879 11.882 2.5
      vertex 2.95966 12.5856 2.5
      vertex 3.02977 12.4816 2.5
    endloop
  endfacet
  facet normal 0 0 -1
    outer loop
      vertex 3.00879 11.882 2.5
      vertex 2.86943 12.6728 2.5
      vertex 2.95966 12.5856 2.5
    endloop
  endfacet
  facet normal 0 0 -1
    outer loop
      vertex 3.00879 11.882 2.5
      vertex 2.76306 12.7392 2.5
      vertex 2.86943 12.6728 2.5
    endloop
  endfacet
  facet normal 0 0 -1
    outer loop
      vertex 3.00879 11.882 2.5
      vertex 2.6452 12.7822 2.5
      vertex 2.76306 12.7392 2.5
    endloop
  endfacet
  facet normal 0 0 -1
    outer loop
      vertex 3.00879 11.882 2.5
      vertex 2.521 12.7996 2.5
      vertex 2.6452 12.7822 2.5
    endloop
  endfacet
  facet normal 0 0 -1
    outer loop
      vertex 3.00879 11.882 2.5
      vertex 2.39586 12.7909 2.5
      vertex 2.521 12.7996 2.5
    endloop
  endfacet
  facet normal 0 0 -1
    outer loop
      vertex 3.00879 11.882 2.5
      vertex 2.27528 12.7563 2.5
      vertex 2.39586 12.7909 2.5
    endloop
  endfacet
  facet normal 0 0 -1
    outer loop
      vertex 3.00879 11.882 2.5
      vertex 2.16452 12.6974 2.5
      vertex 2.27528 12.7563 2.5
    endloop
  endfacet
  facet normal 0 0 -1
    outer loop
      vertex 3.00879 11.882 2.5
      vertex 2.06844 12.6168 2.5
      vertex 2.16452 12.6974 2.5
    endloop
  endfacet
  facet normal 0 0 -1
    outer loop
      vertex 3.00879 11.882 2.5
      vertex 1.9912 12.518 2.5
      vertex 2.06844 12.6168 2.5
    endloop
  endfacet
  facet normal 0 0 -1
    outer loop
      vertex 0 9.33203 2.5
      vertex 3.00879 11.882 2.5
      vertex 0.508789 7.88201 2.5
    endloop
  endfacet
  facet normal 0 0 -1
    outer loop
      vertex -0.508789 7.88201 2.5
      vertex 0.508789 7.88201 2.5
      vertex 0.434464 7.7862 2.5
    endloop
  endfacet
  facet normal 0 0 -1
    outer loop
      vertex -0.508789 7.88201 2.5
      vertex 0.434464 7.7862 2.5
      vertex 0.342392 7.70729 2.5
    endloop
  endfacet
  facet normal 0 0 -1
    outer loop
      vertex -0.508789 7.88201 2.5
      vertex 0.342392 7.70729 2.5
      vertex 0.236343 7.64852 2.5
    endloop
  endfacet
  facet normal 0 0 -1
    outer loop
      vertex -0.508789 7.88201 2.5
      vertex 0.236343 7.64852 2.5
      vertex 0.120621 7.61226 2.5
    endloop
  endfacet
  facet normal 0 0 -1
    outer loop
      vertex -0.508789 7.88201 2.5
      vertex 0.120621 7.61226 2.5
      vertex 0 7.60001 2.5
    endloop
  endfacet
  facet normal -0 0 -1
    outer loop
      vertex 3.00879 11.882 2.5
      vertex 0 9.33203 2.5
      vertex 1.9912 12.518 2.5
    endloop
  endfacet
  facet normal 0 0 -1
    outer loop
      vertex -0.508789 7.88201 2.5
      vertex 0 7.60001 2.5
      vertex -0.120621 7.61226 2.5
    endloop
  endfacet
  facet normal 0 0 -1
    outer loop
      vertex -0.508789 7.88201 2.5
      vertex -0.120621 7.61226 2.5
      vertex -0.236343 7.64852 2.5
    endloop
  endfacet
  facet normal 0 0 -1
    outer loop
      vertex -0.508789 7.88201 2.5
      vertex -0.236343 7.64852 2.5
      vertex -0.342392 7.70729 2.5
    endloop
  endfacet
  facet normal 0 0 -1
    outer loop
      vertex -0.508789 7.88201 2.5
      vertex -0.342392 7.70729 2.5
      vertex -0.434464 7.7862 2.5
    endloop
  endfacet
  facet normal 0 0 -1
    outer loop
      vertex 0.508789 7.88201 2.5
      vertex -0.508789 7.88201 2.5
      vertex 0 9.33203 2.5
    endloop
  endfacet
  facet normal 0 0 -1
    outer loop
      vertex -3.00867 11.8818 2.5
      vertex 0 9.33203 2.5
      vertex -0.508789 7.88201 2.5
    endloop
  endfacet
  facet normal 0 0 -1
    outer loop
      vertex 0 9.33203 2.5
      vertex -3.00867 11.8818 2.5
      vertex -1.9912 12.518 2.5
    endloop
  endfacet
  facet normal -0 0 -1
    outer loop
      vertex -1.9912 12.518 2.5
      vertex -3.00867 11.8818 2.5
      vertex -2.06844 12.6168 2.5
    endloop
  endfacet
  facet normal -0 0 -1
    outer loop
      vertex -2.06844 12.6168 2.5
      vertex -3.00867 11.8818 2.5
      vertex -2.16452 12.6974 2.5
    endloop
  endfacet
  facet normal -0 0 -1
    outer loop
      vertex -2.16452 12.6974 2.5
      vertex -3.00867 11.8818 2.5
      vertex -2.27528 12.7563 2.5
    endloop
  endfacet
  facet normal -0 0 -1
    outer loop
      vertex -2.27528 12.7563 2.5
      vertex -3.00867 11.8818 2.5
      vertex -2.39586 12.7909 2.5
    endloop
  endfacet
  facet normal -0 0 -1
    outer loop
      vertex -2.39586 12.7909 2.5
      vertex -3.00867 11.8818 2.5
      vertex -2.521 12.7996 2.5
    endloop
  endfacet
  facet normal 0 0 -1
    outer loop
      vertex -2.521 12.7996 2.5
      vertex -3.00867 11.8818 2.5
      vertex -2.6452 12.7822 2.5
    endloop
  endfacet
  facet normal 0 0 -1
    outer loop
      vertex -2.6452 12.7822 2.5
      vertex -3.00867 11.8818 2.5
      vertex -2.76306 12.7392 2.5
    endloop
  endfacet
  facet normal 0 0 -1
    outer loop
      vertex -2.76306 12.7392 2.5
      vertex -3.00867 11.8818 2.5
      vertex -2.86943 12.6728 2.5
    endloop
  endfacet
  facet normal 0 0 -1
    outer loop
      vertex -2.86943 12.6728 2.5
      vertex -3.00867 11.8818 2.5
      vertex -2.95966 12.5856 2.5
    endloop
  endfacet
  facet normal 0 0 -1
    outer loop
      vertex -3.06378 11.9947 2.5
      vertex -3.00867 11.8818 2.5
      vertex -3.00879 11.882 2.5
    endloop
  endfacet
  facet normal 0 0 -1
    outer loop
      vertex -3.00867 11.8818 2.5
      vertex -3.02977 12.4816 2.5
      vertex -2.95966 12.5856 2.5
    endloop
  endfacet
  facet normal 0 0 -1
    outer loop
      vertex -3.00867 11.8818 2.5
      vertex -3.06378 11.9947 2.5
      vertex -3.02977 12.4816 2.5
    endloop
  endfacet
  facet normal 0 0 -1
    outer loop
      vertex -3.06378 11.9947 2.5
      vertex -3.07675 12.3653 2.5
      vertex -3.02977 12.4816 2.5
    endloop
  endfacet
  facet normal 0 0 -1
    outer loop
      vertex -3.09415 12.1164 2.5
      vertex -3.07675 12.3653 2.5
      vertex -3.06378 11.9947 2.5
    endloop
  endfacet
  facet normal 0 0 -1
    outer loop
      vertex -3.07675 12.3653 2.5
      vertex -3.09415 12.1164 2.5
      vertex -3.09853 12.2418 2.5
    endloop
  endfacet
  facet normal 0 0 1
    outer loop
      vertex 3.07675 12.3653 3.2
      vertex 3.09415 12.1164 3.2
      vertex 3.09853 12.2418 3.2
    endloop
  endfacet
  facet normal 0 0 1
    outer loop
      vertex 3.07675 12.3653 3.2
      vertex 3.06378 11.9947 3.2
      vertex 3.09415 12.1164 3.2
    endloop
  endfacet
  facet normal 0 0 1
    outer loop
      vertex 3.02977 12.4816 3.2
      vertex 3.06378 11.9947 3.2
      vertex 3.07675 12.3653 3.2
    endloop
  endfacet
  facet normal 0 0 1
    outer loop
      vertex 3.02977 12.4816 3.2
      vertex 3.00879 11.882 3.2
      vertex 3.06378 11.9947 3.2
    endloop
  endfacet
  facet normal 0 0 1
    outer loop
      vertex 2.95966 12.5856 3.2
      vertex 3.00879 11.882 3.2
      vertex 3.02977 12.4816 3.2
    endloop
  endfacet
  facet normal 0 0 1
    outer loop
      vertex 2.86943 12.6728 3.2
      vertex 3.00879 11.882 3.2
      vertex 2.95966 12.5856 3.2
    endloop
  endfacet
  facet normal 0 0 1
    outer loop
      vertex 2.76306 12.7392 3.2
      vertex 3.00879 11.882 3.2
      vertex 2.86943 12.6728 3.2
    endloop
  endfacet
  facet normal 0 0 1
    outer loop
      vertex 2.6452 12.7822 3.2
      vertex 3.00879 11.882 3.2
      vertex 2.76306 12.7392 3.2
    endloop
  endfacet
  facet normal 0 0 1
    outer loop
      vertex 2.521 12.7996 3.2
      vertex 3.00879 11.882 3.2
      vertex 2.6452 12.7822 3.2
    endloop
  endfacet
  facet normal -0 0 1
    outer loop
      vertex 2.39586 12.7909 3.2
      vertex 3.00879 11.882 3.2
      vertex 2.521 12.7996 3.2
    endloop
  endfacet
  facet normal -0 0 1
    outer loop
      vertex 2.27528 12.7563 3.2
      vertex 3.00879 11.882 3.2
      vertex 2.39586 12.7909 3.2
    endloop
  endfacet
  facet normal -0 0 1
    outer loop
      vertex 2.16452 12.6974 3.2
      vertex 3.00879 11.882 3.2
      vertex 2.27528 12.7563 3.2
    endloop
  endfacet
  facet normal -0 0 1
    outer loop
      vertex 2.06844 12.6168 3.2
      vertex 3.00879 11.882 3.2
      vertex 2.16452 12.6974 3.2
    endloop
  endfacet
  facet normal -0 0 1
    outer loop
      vertex 1.9912 12.518 3.2
      vertex 3.00879 11.882 3.2
      vertex 2.06844 12.6168 3.2
    endloop
  endfacet
  facet normal 0 0 1
    outer loop
      vertex 0 9.33203 3.2
      vertex 3.00879 11.882 3.2
      vertex 1.9912 12.518 3.2
    endloop
  endfacet
  facet normal 0 0 1
    outer loop
      vertex 3.00879 11.882 3.2
      vertex 0 9.33203 3.2
      vertex 0.508789 7.88201 3.2
    endloop
  endfacet
  facet normal 0 0 1
    outer loop
      vertex -0.508789 7.88201 3.2
      vertex 0.508789 7.88201 3.2
      vertex 0 9.33203 3.2
    endloop
  endfacet
  facet normal 0 0 1
    outer loop
      vertex 0.508789 7.88201 3.2
      vertex -0.508789 7.88201 3.2
      vertex 0.434464 7.7862 3.2
    endloop
  endfacet
  facet normal 0 0 1
    outer loop
      vertex 0.434464 7.7862 3.2
      vertex -0.508789 7.88201 3.2
      vertex 0.342392 7.70729 3.2
    endloop
  endfacet
  facet normal 0 0 1
    outer loop
      vertex 0.342392 7.70729 3.2
      vertex -0.508789 7.88201 3.2
      vertex 0.236343 7.64852 3.2
    endloop
  endfacet
  facet normal 0 0 1
    outer loop
      vertex 0.236343 7.64852 3.2
      vertex -0.508789 7.88201 3.2
      vertex 0.120621 7.61226 3.2
    endloop
  endfacet
  facet normal 0 0 1
    outer loop
      vertex 0.120621 7.61226 3.2
      vertex -0.508789 7.88201 3.2
      vertex 0 7.60001 3.2
    endloop
  endfacet
  facet normal 0 0 1
    outer loop
      vertex 0 7.60001 3.2
      vertex -0.508789 7.88201 3.2
      vertex -0.120621 7.61226 3.2
    endloop
  endfacet
  facet normal 0 0 1
    outer loop
      vertex -0.120621 7.61226 3.2
      vertex -0.508789 7.88201 3.2
      vertex -0.236343 7.64852 3.2
    endloop
  endfacet
  facet normal 0 0 1
    outer loop
      vertex -0.236343 7.64852 3.2
      vertex -0.508789 7.88201 3.2
      vertex -0.342392 7.70729 3.2
    endloop
  endfacet
  facet normal 0 0 1
    outer loop
      vertex -0.342392 7.70729 3.2
      vertex -0.508789 7.88201 3.2
      vertex -0.434464 7.7862 3.2
    endloop
  endfacet
  facet normal -0 0 1
    outer loop
      vertex -3.00867 11.8818 3.2
      vertex 0 9.33203 3.2
      vertex -1.9912 12.518 3.2
    endloop
  endfacet
  facet normal 0 0 1
    outer loop
      vertex -3.00867 11.8818 3.2
      vertex -1.9912 12.518 3.2
      vertex -2.06844 12.6168 3.2
    endloop
  endfacet
  facet normal 0 0 1
    outer loop
      vertex -3.00867 11.8818 3.2
      vertex -2.06844 12.6168 3.2
      vertex -2.16452 12.6974 3.2
    endloop
  endfacet
  facet normal 0 0 1
    outer loop
      vertex -3.00867 11.8818 3.2
      vertex -2.16452 12.6974 3.2
      vertex -2.27528 12.7563 3.2
    endloop
  endfacet
  facet normal 0 0 1
    outer loop
      vertex -3.00867 11.8818 3.2
      vertex -2.27528 12.7563 3.2
      vertex -2.39586 12.7909 3.2
    endloop
  endfacet
  facet normal 0 0 1
    outer loop
      vertex -3.00867 11.8818 3.2
      vertex -2.39586 12.7909 3.2
      vertex -2.521 12.7996 3.2
    endloop
  endfacet
  facet normal 0 0 1
    outer loop
      vertex -3.00867 11.8818 3.2
      vertex -2.521 12.7996 3.2
      vertex -2.6452 12.7822 3.2
    endloop
  endfacet
  facet normal 0 0 1
    outer loop
      vertex -3.00867 11.8818 3.2
      vertex -2.6452 12.7822 3.2
      vertex -2.76306 12.7392 3.2
    endloop
  endfacet
  facet normal 0 0 1
    outer loop
      vertex -3.00867 11.8818 3.2
      vertex -2.76306 12.7392 3.2
      vertex -2.86943 12.6728 3.2
    endloop
  endfacet
  facet normal 0 0 1
    outer loop
      vertex -3.00867 11.8818 3.2
      vertex -2.86943 12.6728 3.2
      vertex -2.95966 12.5856 3.2
    endloop
  endfacet
  facet normal 0 0 1
    outer loop
      vertex 0 9.33203 3.2
      vertex -3.00867 11.8818 3.2
      vertex -0.508789 7.88201 3.2
    endloop
  endfacet
  facet normal -0 0 1
    outer loop
      vertex -3.02977 12.4816 3.2
      vertex -3.00867 11.8818 3.2
      vertex -2.95966 12.5856 3.2
    endloop
  endfacet
  facet normal -0 0 1
    outer loop
      vertex -3.06378 11.9947 3.2
      vertex -3.00867 11.8818 3.2
      vertex -3.02977 12.4816 3.2
    endloop
  endfacet
  facet normal 0 0 1
    outer loop
      vertex -3.00867 11.8818 3.2
      vertex -3.06378 11.9947 3.2
      vertex -3.00879 11.882 3.2
    endloop
  endfacet
  facet normal -0 0 1
    outer loop
      vertex -3.07675 12.3653 3.2
      vertex -3.06378 11.9947 3.2
      vertex -3.02977 12.4816 3.2
    endloop
  endfacet
  facet normal 0 0 1
    outer loop
      vertex -3.07675 12.3653 3.2
      vertex -3.09415 12.1164 3.2
      vertex -3.06378 11.9947 3.2
    endloop
  endfacet
  facet normal 0 -0 1
    outer loop
      vertex -3.09415 12.1164 3.2
      vertex -3.07675 12.3653 3.2
      vertex -3.09853 12.2418 3.2
    endloop
  endfacet
  facet normal 0.299003 -0.954252 0
    outer loop
      vertex 0.120621 7.61226 2.5
      vertex 0.236343 7.64852 3.2
      vertex 0.120621 7.61226 3.2
    endloop
  endfacet
  facet normal 0.299003 -0.954252 0
    outer loop
      vertex 0.236343 7.64852 3.2
      vertex 0.120621 7.61226 2.5
      vertex 0.236343 7.64852 2.5
    endloop
  endfacet
  facet normal 0.484722 -0.874668 0
    outer loop
      vertex 0.236343 7.64852 2.5
      vertex 0.342392 7.70729 3.2
      vertex 0.236343 7.64852 3.2
    endloop
  endfacet
  facet normal 0.484722 -0.874668 0
    outer loop
      vertex 0.342392 7.70729 3.2
      vertex 0.236343 7.64852 2.5
      vertex 0.342392 7.70729 2.5
    endloop
  endfacet
  facet normal 0.650749 -0.759293 0
    outer loop
      vertex 0.342392 7.70729 2.5
      vertex 0.434464 7.7862 3.2
      vertex 0.342392 7.70729 3.2
    endloop
  endfacet
  facet normal 0.650749 -0.759293 0
    outer loop
      vertex 0.434464 7.7862 3.2
      vertex 0.342392 7.70729 2.5
      vertex 0.434464 7.7862 2.5
    endloop
  endfacet
  facet normal 0.790126 -0.612944 0
    outer loop
      vertex 0.434464 7.7862 3.2
      vertex 0.508789 7.88201 2.5
      vertex 0.508789 7.88201 3.2
    endloop
  endfacet
  facet normal 0.790126 -0.612944 0
    outer loop
      vertex 0.508789 7.88201 2.5
      vertex 0.434464 7.7862 3.2
      vertex 0.434464 7.7862 2.5
    endloop
  endfacet
  facet normal 0.847998 -0.53 0
    outer loop
      vertex 0.508789 7.88201 3.2
      vertex 3.00879 11.882 2.5
      vertex 3.00879 11.882 3.2
    endloop
  endfacet
  facet normal 0.847998 -0.53 0
    outer loop
      vertex 3.00879 11.882 2.5
      vertex 0.508789 7.88201 3.2
      vertex 0.508789 7.88201 2.5
    endloop
  endfacet
  facet normal 0.898723 -0.438516 0
    outer loop
      vertex 3.00879 11.882 3.2
      vertex 3.06378 11.9947 2.5
      vertex 3.06378 11.9947 3.2
    endloop
  endfacet
  facet normal 0.898723 -0.438516 0
    outer loop
      vertex 3.06378 11.9947 2.5
      vertex 3.00879 11.882 3.2
      vertex 3.00879 11.882 2.5
    endloop
  endfacet
  facet normal 0.970246 -0.242123 0
    outer loop
      vertex 3.06378 11.9947 3.2
      vertex 3.09415 12.1164 2.5
      vertex 3.09415 12.1164 3.2
    endloop
  endfacet
  facet normal 0.970246 -0.242123 0
    outer loop
      vertex 3.09415 12.1164 2.5
      vertex 3.06378 11.9947 3.2
      vertex 3.06378 11.9947 2.5
    endloop
  endfacet
  facet normal 0.999391 -0.0349069 0
    outer loop
      vertex 3.09415 12.1164 3.2
      vertex 3.09853 12.2418 2.5
      vertex 3.09853 12.2418 3.2
    endloop
  endfacet
  facet normal 0.999391 -0.0349069 0
    outer loop
      vertex 3.09853 12.2418 2.5
      vertex 3.09415 12.1164 3.2
      vertex 3.09415 12.1164 2.5
    endloop
  endfacet
  facet normal 0.984803 0.173676 0
    outer loop
      vertex 3.09853 12.2418 3.2
      vertex 3.07675 12.3653 2.5
      vertex 3.07675 12.3653 3.2
    endloop
  endfacet
  facet normal 0.984803 0.173676 0
    outer loop
      vertex 3.07675 12.3653 2.5
      vertex 3.09853 12.2418 3.2
      vertex 3.09853 12.2418 2.5
    endloop
  endfacet
  facet normal 0.927207 0.37455 0
    outer loop
      vertex 3.07675 12.3653 3.2
      vertex 3.02977 12.4816 2.5
      vertex 3.02977 12.4816 3.2
    endloop
  endfacet
  facet normal 0.927207 0.37455 0
    outer loop
      vertex 3.02977 12.4816 2.5
      vertex 3.07675 12.3653 3.2
      vertex 3.07675 12.3653 2.5
    endloop
  endfacet
  facet normal 0.829181 0.55898 0
    outer loop
      vertex 3.02977 12.4816 3.2
      vertex 2.95966 12.5856 2.5
      vertex 2.95966 12.5856 3.2
    endloop
  endfacet
  facet normal 0.829181 0.55898 0
    outer loop
      vertex 2.95966 12.5856 2.5
      vertex 3.02977 12.4816 3.2
      vertex 3.02977 12.4816 2.5
    endloop
  endfacet
  facet normal 0.69493 0.719077 -0
    outer loop
      vertex 2.95966 12.5856 2.5
      vertex 2.86943 12.6728 3.2
      vertex 2.95966 12.5856 3.2
    endloop
  endfacet
  facet normal 0.69493 0.719077 0
    outer loop
      vertex 2.86943 12.6728 3.2
      vertex 2.95966 12.5856 2.5
      vertex 2.86943 12.6728 2.5
    endloop
  endfacet
  facet normal 0.529533 0.848289 -0
    outer loop
      vertex 2.86943 12.6728 2.5
      vertex 2.76306 12.7392 3.2
      vertex 2.86943 12.6728 3.2
    endloop
  endfacet
  facet normal 0.529533 0.848289 0
    outer loop
      vertex 2.76306 12.7392 3.2
      vertex 2.86943 12.6728 2.5
      vertex 2.76306 12.7392 2.5
    endloop
  endfacet
  facet normal 0.342741 0.93943 -0
    outer loop
      vertex 2.76306 12.7392 2.5
      vertex 2.6452 12.7822 3.2
      vertex 2.76306 12.7392 3.2
    endloop
  endfacet
  facet normal 0.342741 0.93943 0
    outer loop
      vertex 2.6452 12.7822 3.2
      vertex 2.76306 12.7392 2.5
      vertex 2.6452 12.7822 2.5
    endloop
  endfacet
  facet normal 0.138742 0.990329 -0
    outer loop
      vertex 2.6452 12.7822 2.5
      vertex 2.521 12.7996 3.2
      vertex 2.6452 12.7822 3.2
    endloop
  endfacet
  facet normal 0.138742 0.990329 0
    outer loop
      vertex 2.521 12.7996 3.2
      vertex 2.6452 12.7822 2.5
      vertex 2.521 12.7996 2.5
    endloop
  endfacet
  facet normal -0.0693547 0.997592 0
    outer loop
      vertex 2.521 12.7996 2.5
      vertex 2.39586 12.7909 3.2
      vertex 2.521 12.7996 3.2
    endloop
  endfacet
  facet normal -0.0693547 0.997592 0
    outer loop
      vertex 2.39586 12.7909 3.2
      vertex 2.521 12.7996 2.5
      vertex 2.39586 12.7909 2.5
    endloop
  endfacet
  facet normal -0.275816 0.96121 0
    outer loop
      vertex 2.39586 12.7909 2.5
      vertex 2.27528 12.7563 3.2
      vertex 2.39586 12.7909 3.2
    endloop
  endfacet
  facet normal -0.275816 0.96121 0
    outer loop
      vertex 2.27528 12.7563 3.2
      vertex 2.39586 12.7909 2.5
      vertex 2.27528 12.7563 2.5
    endloop
  endfacet
  facet normal -0.46952 0.882922 0
    outer loop
      vertex 2.27528 12.7563 2.5
      vertex 2.16452 12.6974 3.2
      vertex 2.27528 12.7563 3.2
    endloop
  endfacet
  facet normal -0.46952 0.882922 0
    outer loop
      vertex 2.16452 12.6974 3.2
      vertex 2.27528 12.7563 2.5
      vertex 2.16452 12.6974 2.5
    endloop
  endfacet
  facet normal -0.642691 0.766126 0
    outer loop
      vertex 2.16452 12.6974 2.5
      vertex 2.06844 12.6168 3.2
      vertex 2.16452 12.6974 3.2
    endloop
  endfacet
  facet normal -0.642691 0.766126 0
    outer loop
      vertex 2.06844 12.6168 3.2
      vertex 2.16452 12.6974 2.5
      vertex 2.06844 12.6168 2.5
    endloop
  endfacet
  facet normal -0.787821 0.615904 0
    outer loop
      vertex 1.9912 12.518 2.5
      vertex 2.06844 12.6168 3.2
      vertex 2.06844 12.6168 2.5
    endloop
  endfacet
  facet normal -0.787821 0.615904 0
    outer loop
      vertex 2.06844 12.6168 3.2
      vertex 1.9912 12.518 2.5
      vertex 1.9912 12.518 3.2
    endloop
  endfacet
  facet normal -0.848002 0.529993 0
    outer loop
      vertex 0 9.33203 2.5
      vertex 1.9912 12.518 3.2
      vertex 1.9912 12.518 2.5
    endloop
  endfacet
  facet normal -0.848002 0.529993 0
    outer loop
      vertex 1.9912 12.518 3.2
      vertex 0 9.33203 2.5
      vertex 0 9.33203 3.2
    endloop
  endfacet
  facet normal 0.848002 0.529993 0
    outer loop
      vertex 0 9.33203 3.2
      vertex -1.9912 12.518 2.5
      vertex -1.9912 12.518 3.2
    endloop
  endfacet
  facet normal 0.848002 0.529993 0
    outer loop
      vertex -1.9912 12.518 2.5
      vertex 0 9.33203 3.2
      vertex 0 9.33203 2.5
    endloop
  endfacet
  facet normal 0.787821 0.615904 0
    outer loop
      vertex -1.9912 12.518 3.2
      vertex -2.06844 12.6168 2.5
      vertex -2.06844 12.6168 3.2
    endloop
  endfacet
  facet normal 0.787821 0.615904 0
    outer loop
      vertex -2.06844 12.6168 2.5
      vertex -1.9912 12.518 3.2
      vertex -1.9912 12.518 2.5
    endloop
  endfacet
  facet normal 0.642691 0.766126 -0
    outer loop
      vertex -2.06844 12.6168 2.5
      vertex -2.16452 12.6974 3.2
      vertex -2.06844 12.6168 3.2
    endloop
  endfacet
  facet normal 0.642691 0.766126 0
    outer loop
      vertex -2.16452 12.6974 3.2
      vertex -2.06844 12.6168 2.5
      vertex -2.16452 12.6974 2.5
    endloop
  endfacet
  facet normal 0.46952 0.882922 -0
    outer loop
      vertex -2.16452 12.6974 2.5
      vertex -2.27528 12.7563 3.2
      vertex -2.16452 12.6974 3.2
    endloop
  endfacet
  facet normal 0.46952 0.882922 0
    outer loop
      vertex -2.27528 12.7563 3.2
      vertex -2.16452 12.6974 2.5
      vertex -2.27528 12.7563 2.5
    endloop
  endfacet
  facet normal 0.275816 0.96121 -0
    outer loop
      vertex -2.27528 12.7563 2.5
      vertex -2.39586 12.7909 3.2
      vertex -2.27528 12.7563 3.2
    endloop
  endfacet
  facet normal 0.275816 0.96121 0
    outer loop
      vertex -2.39586 12.7909 3.2
      vertex -2.27528 12.7563 2.5
      vertex -2.39586 12.7909 2.5
    endloop
  endfacet
  facet normal 0.0693547 0.997592 -0
    outer loop
      vertex -2.39586 12.7909 2.5
      vertex -2.521 12.7996 3.2
      vertex -2.39586 12.7909 3.2
    endloop
  endfacet
  facet normal 0.0693547 0.997592 0
    outer loop
      vertex -2.521 12.7996 3.2
      vertex -2.39586 12.7909 2.5
      vertex -2.521 12.7996 2.5
    endloop
  endfacet
  facet normal -0.138742 0.990329 0
    outer loop
      vertex -2.521 12.7996 2.5
      vertex -2.6452 12.7822 3.2
      vertex -2.521 12.7996 3.2
    endloop
  endfacet
  facet normal -0.138742 0.990329 0
    outer loop
      vertex -2.6452 12.7822 3.2
      vertex -2.521 12.7996 2.5
      vertex -2.6452 12.7822 2.5
    endloop
  endfacet
  facet normal -0.342741 0.93943 0
    outer loop
      vertex -2.6452 12.7822 2.5
      vertex -2.76306 12.7392 3.2
      vertex -2.6452 12.7822 3.2
    endloop
  endfacet
  facet normal -0.342741 0.93943 0
    outer loop
      vertex -2.76306 12.7392 3.2
      vertex -2.6452 12.7822 2.5
      vertex -2.76306 12.7392 2.5
    endloop
  endfacet
  facet normal -0.529533 0.848289 0
    outer loop
      vertex -2.76306 12.7392 2.5
      vertex -2.86943 12.6728 3.2
      vertex -2.76306 12.7392 3.2
    endloop
  endfacet
  facet normal -0.529533 0.848289 0
    outer loop
      vertex -2.86943 12.6728 3.2
      vertex -2.76306 12.7392 2.5
      vertex -2.86943 12.6728 2.5
    endloop
  endfacet
  facet normal -0.69493 0.719077 0
    outer loop
      vertex -2.86943 12.6728 2.5
      vertex -2.95966 12.5856 3.2
      vertex -2.86943 12.6728 3.2
    endloop
  endfacet
  facet normal -0.69493 0.719077 0
    outer loop
      vertex -2.95966 12.5856 3.2
      vertex -2.86943 12.6728 2.5
      vertex -2.95966 12.5856 2.5
    endloop
  endfacet
  facet normal -0.829181 0.55898 0
    outer loop
      vertex -3.02977 12.4816 2.5
      vertex -2.95966 12.5856 3.2
      vertex -2.95966 12.5856 2.5
    endloop
  endfacet
  facet normal -0.829181 0.55898 0
    outer loop
      vertex -2.95966 12.5856 3.2
      vertex -3.02977 12.4816 2.5
      vertex -3.02977 12.4816 3.2
    endloop
  endfacet
  facet normal -0.927207 0.37455 0
    outer loop
      vertex -3.07675 12.3653 2.5
      vertex -3.02977 12.4816 3.2
      vertex -3.02977 12.4816 2.5
    endloop
  endfacet
  facet normal -0.927207 0.37455 0
    outer loop
      vertex -3.02977 12.4816 3.2
      vertex -3.07675 12.3653 2.5
      vertex -3.07675 12.3653 3.2
    endloop
  endfacet
  facet normal -0.984803 0.173676 0
    outer loop
      vertex -3.09853 12.2418 2.5
      vertex -3.07675 12.3653 3.2
      vertex -3.07675 12.3653 2.5
    endloop
  endfacet
  facet normal -0.984803 0.173676 0
    outer loop
      vertex -3.07675 12.3653 3.2
      vertex -3.09853 12.2418 2.5
      vertex -3.09853 12.2418 3.2
    endloop
  endfacet
  facet normal -0.999391 -0.0349069 0
    outer loop
      vertex -3.09415 12.1164 2.5
      vertex -3.09853 12.2418 3.2
      vertex -3.09853 12.2418 2.5
    endloop
  endfacet
  facet normal -0.999391 -0.0349069 0
    outer loop
      vertex -3.09853 12.2418 3.2
      vertex -3.09415 12.1164 2.5
      vertex -3.09415 12.1164 3.2
    endloop
  endfacet
  facet normal -0.970246 -0.242123 0
    outer loop
      vertex -3.06378 11.9947 2.5
      vertex -3.09415 12.1164 3.2
      vertex -3.09415 12.1164 2.5
    endloop
  endfacet
  facet normal -0.970246 -0.242123 0
    outer loop
      vertex -3.09415 12.1164 3.2
      vertex -3.06378 11.9947 2.5
      vertex -3.06378 11.9947 3.2
    endloop
  endfacet
  facet normal -0.898723 -0.438516 0
    outer loop
      vertex -3.00879 11.882 2.5
      vertex -3.06378 11.9947 3.2
      vertex -3.06378 11.9947 2.5
    endloop
  endfacet
  facet normal -0.898723 -0.438516 0
    outer loop
      vertex -3.06378 11.9947 3.2
      vertex -3.00879 11.882 2.5
      vertex -3.00879 11.882 3.2
    endloop
  endfacet
  facet normal -0.857493 -0.514496 0
    outer loop
      vertex -3.00867 11.8818 2.5
      vertex -3.00879 11.882 3.2
      vertex -3.00879 11.882 2.5
    endloop
  endfacet
  facet normal -0.857493 -0.514496 0
    outer loop
      vertex -3.00879 11.882 3.2
      vertex -3.00867 11.8818 2.5
      vertex -3.00867 11.8818 3.2
    endloop
  endfacet
  facet normal -0.847997 -0.530001 0
    outer loop
      vertex -0.508789 7.88201 2.5
      vertex -3.00867 11.8818 3.2
      vertex -3.00867 11.8818 2.5
    endloop
  endfacet
  facet normal -0.847997 -0.530001 0
    outer loop
      vertex -3.00867 11.8818 3.2
      vertex -0.508789 7.88201 2.5
      vertex -0.508789 7.88201 3.2
    endloop
  endfacet
  facet normal -0.790126 -0.612944 0
    outer loop
      vertex -0.434464 7.7862 2.5
      vertex -0.508789 7.88201 3.2
      vertex -0.508789 7.88201 2.5
    endloop
  endfacet
  facet normal -0.790126 -0.612944 0
    outer loop
      vertex -0.508789 7.88201 3.2
      vertex -0.434464 7.7862 2.5
      vertex -0.434464 7.7862 3.2
    endloop
  endfacet
  facet normal -0.650749 -0.759293 0
    outer loop
      vertex -0.434464 7.7862 2.5
      vertex -0.342392 7.70729 3.2
      vertex -0.434464 7.7862 3.2
    endloop
  endfacet
  facet normal -0.650749 -0.759293 -0
    outer loop
      vertex -0.342392 7.70729 3.2
      vertex -0.434464 7.7862 2.5
      vertex -0.342392 7.70729 2.5
    endloop
  endfacet
  facet normal -0.484722 -0.874668 0
    outer loop
      vertex -0.342392 7.70729 2.5
      vertex -0.236343 7.64852 3.2
      vertex -0.342392 7.70729 3.2
    endloop
  endfacet
  facet normal -0.484722 -0.874668 -0
    outer loop
      vertex -0.236343 7.64852 3.2
      vertex -0.342392 7.70729 2.5
      vertex -0.236343 7.64852 2.5
    endloop
  endfacet
  facet normal -0.299003 -0.954252 0
    outer loop
      vertex -0.236343 7.64852 2.5
      vertex -0.120621 7.61226 3.2
      vertex -0.236343 7.64852 3.2
    endloop
  endfacet
  facet normal -0.299003 -0.954252 -0
    outer loop
      vertex -0.120621 7.61226 3.2
      vertex -0.236343 7.64852 2.5
      vertex -0.120621 7.61226 2.5
    endloop
  endfacet
  facet normal -0.101038 -0.994883 0
    outer loop
      vertex -0.120621 7.61226 2.5
      vertex 0 7.60001 3.2
      vertex -0.120621 7.61226 3.2
    endloop
  endfacet
  facet normal -0.101038 -0.994883 -0
    outer loop
      vertex 0 7.60001 3.2
      vertex -0.120621 7.61226 2.5
      vertex 0 7.60001 2.5
    endloop
  endfacet
  facet normal 0.101038 -0.994883 0
    outer loop
      vertex 0 7.60001 2.5
      vertex 0.120621 7.61226 3.2
      vertex 0 7.60001 3.2
    endloop
  endfacet
  facet normal 0.101038 -0.994883 0
    outer loop
      vertex 0.120621 7.61226 3.2
      vertex 0 7.60001 2.5
      vertex 0.120621 7.61226 2.5
    endloop
  endfacet
  facet normal 0 0 -1
    outer loop
      vertex -12.2015 13.6146 2.5
      vertex -12.1754 13.8627 2.5
      vertex -12.1754 13.7373 2.5
    endloop
  endfacet
  facet normal 0 0 -1
    outer loop
      vertex -12.2015 13.6146 2.5
      vertex -12.2015 13.9854 2.5
      vertex -12.1754 13.8627 2.5
    endloop
  endfacet
  facet normal 0 0 -1
    outer loop
      vertex -12.2525 13.5 2.5
      vertex -12.2015 13.9854 2.5
      vertex -12.2015 13.6146 2.5
    endloop
  endfacet
  facet normal 0 0 -1
    outer loop
      vertex -12.2525 13.5 2.5
      vertex -12.2525 14.1 2.5
      vertex -12.2015 13.9854 2.5
    endloop
  endfacet
  facet normal 0 0 -1
    outer loop
      vertex -12.3262 13.3985 2.5
      vertex -12.2525 14.1 2.5
      vertex -12.2525 13.5 2.5
    endloop
  endfacet
  facet normal 0 0 -1
    outer loop
      vertex -12.3262 13.3985 2.5
      vertex -12.3262 14.2015 2.5
      vertex -12.2525 14.1 2.5
    endloop
  endfacet
  facet normal 0 0 -1
    outer loop
      vertex -12.4194 13.3146 2.5
      vertex -12.3262 14.2015 2.5
      vertex -12.3262 13.3985 2.5
    endloop
  endfacet
  facet normal 0 0 -1
    outer loop
      vertex -12.4194 13.3146 2.5
      vertex -12.4194 14.2854 2.5
      vertex -12.3262 14.2015 2.5
    endloop
  endfacet
  facet normal 0 0 -1
    outer loop
      vertex -12.5281 13.2519 2.5
      vertex -12.4194 14.2854 2.5
      vertex -12.4194 13.3146 2.5
    endloop
  endfacet
  facet normal 0 0 -1
    outer loop
      vertex -12.5281 13.2519 2.5
      vertex -12.5281 14.3481 2.5
      vertex -12.4194 14.2854 2.5
    endloop
  endfacet
  facet normal 0 0 -1
    outer loop
      vertex -12.6474 13.2131 2.5
      vertex -12.5281 14.3481 2.5
      vertex -12.5281 13.2519 2.5
    endloop
  endfacet
  facet normal 0 0 -1
    outer loop
      vertex -12.6474 13.2131 2.5
      vertex -12.6474 14.3869 2.5
      vertex -12.5281 14.3481 2.5
    endloop
  endfacet
  facet normal 0 0 -1
    outer loop
      vertex -12.7721 13.2 2.5
      vertex -12.6474 14.3869 2.5
      vertex -12.6474 13.2131 2.5
    endloop
  endfacet
  facet normal 0 0 -1
    outer loop
      vertex -12.7721 13.2 2.5
      vertex -12.7721 14.4 2.5
      vertex -12.6474 14.3869 2.5
    endloop
  endfacet
  facet normal 0 0 -1
    outer loop
      vertex -16.4856 13.2 2.5
      vertex -12.7721 14.4 2.5
      vertex -12.7721 13.2 2.5
    endloop
  endfacet
  facet normal 0 0 -1
    outer loop
      vertex -16.4856 13.2 2.5
      vertex -16.4856 14.4 2.5
      vertex -12.7721 14.4 2.5
    endloop
  endfacet
  facet normal 0 0 -1
    outer loop
      vertex -16.6103 13.2131 2.5
      vertex -16.4856 14.4 2.5
      vertex -16.4856 13.2 2.5
    endloop
  endfacet
  facet normal 0 0 -1
    outer loop
      vertex -16.6103 13.2131 2.5
      vertex -16.6103 14.3869 2.5
      vertex -16.4856 14.4 2.5
    endloop
  endfacet
  facet normal 0 0 -1
    outer loop
      vertex -16.7296 13.2519 2.5
      vertex -16.6103 14.3869 2.5
      vertex -16.6103 13.2131 2.5
    endloop
  endfacet
  facet normal 0 0 -1
    outer loop
      vertex -16.7296 13.2519 2.5
      vertex -16.7296 14.3481 2.5
      vertex -16.6103 14.3869 2.5
    endloop
  endfacet
  facet normal 0 0 -1
    outer loop
      vertex -16.8382 13.3146 2.5
      vertex -16.7296 14.3481 2.5
      vertex -16.7296 13.2519 2.5
    endloop
  endfacet
  facet normal 0 0 -1
    outer loop
      vertex -16.8382 13.3146 2.5
      vertex -16.8382 14.2854 2.5
      vertex -16.7296 14.3481 2.5
    endloop
  endfacet
  facet normal 0 0 -1
    outer loop
      vertex -16.9314 13.3985 2.5
      vertex -16.8382 14.2854 2.5
      vertex -16.8382 13.3146 2.5
    endloop
  endfacet
  facet normal 0 0 -1
    outer loop
      vertex -16.9314 13.3985 2.5
      vertex -16.9314 14.2015 2.5
      vertex -16.8382 14.2854 2.5
    endloop
  endfacet
  facet normal 0 0 -1
    outer loop
      vertex -17.0052 13.5 2.5
      vertex -16.9314 14.2015 2.5
      vertex -16.9314 13.3985 2.5
    endloop
  endfacet
  facet normal 0 0 -1
    outer loop
      vertex -17.0052 13.5 2.5
      vertex -17.0052 14.1 2.5
      vertex -16.9314 14.2015 2.5
    endloop
  endfacet
  facet normal 0 0 -1
    outer loop
      vertex -17.0562 13.6146 2.5
      vertex -17.0052 14.1 2.5
      vertex -17.0052 13.5 2.5
    endloop
  endfacet
  facet normal 0 0 -1
    outer loop
      vertex -17.0562 13.6146 2.5
      vertex -17.0562 13.9854 2.5
      vertex -17.0052 14.1 2.5
    endloop
  endfacet
  facet normal 0 0 -1
    outer loop
      vertex -17.0823 13.7373 2.5
      vertex -17.0562 13.9854 2.5
      vertex -17.0562 13.6146 2.5
    endloop
  endfacet
  facet normal 0 0 -1
    outer loop
      vertex -17.0562 13.9854 2.5
      vertex -17.0823 13.7373 2.5
      vertex -17.0823 13.8627 2.5
    endloop
  endfacet
  facet normal 0 0 -1
    outer loop
      vertex -4.88704 13.6146 2.5
      vertex -4.86096 13.8627 2.5
      vertex -4.86096 13.7373 2.5
    endloop
  endfacet
  facet normal 0 0 -1
    outer loop
      vertex -4.88704 13.6146 2.5
      vertex -4.88704 13.9854 2.5
      vertex -4.86096 13.8627 2.5
    endloop
  endfacet
  facet normal 0 0 -1
    outer loop
      vertex -4.93806 13.5 2.5
      vertex -4.88704 13.9854 2.5
      vertex -4.88704 13.6146 2.5
    endloop
  endfacet
  facet normal 0 0 -1
    outer loop
      vertex -4.93806 13.5 2.5
      vertex -4.93806 14.1 2.5
      vertex -4.88704 13.9854 2.5
    endloop
  endfacet
  facet normal 0 0 -1
    outer loop
      vertex -5.0118 13.3985 2.5
      vertex -4.93806 14.1 2.5
      vertex -4.93806 13.5 2.5
    endloop
  endfacet
  facet normal 0 0 -1
    outer loop
      vertex -5.0118 13.3985 2.5
      vertex -5.0118 14.2015 2.5
      vertex -4.93806 14.1 2.5
    endloop
  endfacet
  facet normal 0 0 -1
    outer loop
      vertex -5.10501 13.3146 2.5
      vertex -5.0118 14.2015 2.5
      vertex -5.0118 13.3985 2.5
    endloop
  endfacet
  facet normal 0 0 -1
    outer loop
      vertex -5.10501 13.3146 2.5
      vertex -5.10501 14.2854 2.5
      vertex -5.0118 14.2015 2.5
    endloop
  endfacet
  facet normal 0 0 -1
    outer loop
      vertex -5.21364 13.2519 2.5
      vertex -5.10501 14.2854 2.5
      vertex -5.10501 13.3146 2.5
    endloop
  endfacet
  facet normal 0 0 -1
    outer loop
      vertex -5.21364 13.2519 2.5
      vertex -5.21364 14.3481 2.5
      vertex -5.10501 14.2854 2.5
    endloop
  endfacet
  facet normal 0 0 -1
    outer loop
      vertex -5.33293 13.2131 2.5
      vertex -5.21364 14.3481 2.5
      vertex -5.21364 13.2519 2.5
    endloop
  endfacet
  facet normal 0 0 -1
    outer loop
      vertex -5.33293 13.2131 2.5
      vertex -5.33293 14.3869 2.5
      vertex -5.21364 14.3481 2.5
    endloop
  endfacet
  facet normal 0 0 -1
    outer loop
      vertex -5.45767 13.2 2.5
      vertex -5.33293 14.3869 2.5
      vertex -5.33293 13.2131 2.5
    endloop
  endfacet
  facet normal 0 0 -1
    outer loop
      vertex -5.45767 13.2 2.5
      vertex -5.45767 14.4 2.5
      vertex -5.33293 14.3869 2.5
    endloop
  endfacet
  facet normal 0 0 -1
    outer loop
      vertex -9.17116 13.2 2.5
      vertex -5.45767 14.4 2.5
      vertex -5.45767 13.2 2.5
    endloop
  endfacet
  facet normal 0 0 -1
    outer loop
      vertex -9.17116 13.2 2.5
      vertex -9.17116 14.4 2.5
      vertex -5.45767 14.4 2.5
    endloop
  endfacet
  facet normal 0 0 -1
    outer loop
      vertex -9.2959 13.2131 2.5
      vertex -9.17116 14.4 2.5
      vertex -9.17116 13.2 2.5
    endloop
  endfacet
  facet normal 0 0 -1
    outer loop
      vertex -9.2959 13.2131 2.5
      vertex -9.2959 14.3869 2.5
      vertex -9.17116 14.4 2.5
    endloop
  endfacet
  facet normal 0 0 -1
    outer loop
      vertex -9.41519 13.2519 2.5
      vertex -9.2959 14.3869 2.5
      vertex -9.2959 13.2131 2.5
    endloop
  endfacet
  facet normal 0 0 -1
    outer loop
      vertex -9.41519 13.2519 2.5
      vertex -9.41519 14.3481 2.5
      vertex -9.2959 14.3869 2.5
    endloop
  endfacet
  facet normal 0 0 -1
    outer loop
      vertex -9.52382 13.3146 2.5
      vertex -9.41519 14.3481 2.5
      vertex -9.41519 13.2519 2.5
    endloop
  endfacet
  facet normal 0 0 -1
    outer loop
      vertex -9.52382 13.3146 2.5
      vertex -9.52382 14.2854 2.5
      vertex -9.41519 14.3481 2.5
    endloop
  endfacet
  facet normal 0 0 -1
    outer loop
      vertex -9.61703 13.3985 2.5
      vertex -9.52382 14.2854 2.5
      vertex -9.52382 13.3146 2.5
    endloop
  endfacet
  facet normal 0 0 -1
    outer loop
      vertex -9.61703 13.3985 2.5
      vertex -9.61703 14.2015 2.5
      vertex -9.52382 14.2854 2.5
    endloop
  endfacet
  facet normal 0 0 -1
    outer loop
      vertex -9.69077 13.5 2.5
      vertex -9.61703 14.2015 2.5
      vertex -9.61703 13.3985 2.5
    endloop
  endfacet
  facet normal 0 0 -1
    outer loop
      vertex -9.69077 13.5 2.5
      vertex -9.69077 14.1 2.5
      vertex -9.61703 14.2015 2.5
    endloop
  endfacet
  facet normal 0 0 -1
    outer loop
      vertex -9.74179 13.6146 2.5
      vertex -9.69077 14.1 2.5
      vertex -9.69077 13.5 2.5
    endloop
  endfacet
  facet normal 0 0 -1
    outer loop
      vertex -9.74179 13.6146 2.5
      vertex -9.74179 13.9854 2.5
      vertex -9.69077 14.1 2.5
    endloop
  endfacet
  facet normal 0 0 -1
    outer loop
      vertex -9.76787 13.7373 2.5
      vertex -9.74179 13.9854 2.5
      vertex -9.74179 13.6146 2.5
    endloop
  endfacet
  facet normal 0 0 -1
    outer loop
      vertex -9.74179 13.9854 2.5
      vertex -9.76787 13.7373 2.5
      vertex -9.76787 13.8627 2.5
    endloop
  endfacet
  facet normal 0 0 -1
    outer loop
      vertex 2.42737 13.6146 2.5
      vertex 2.45345 13.8627 2.5
      vertex 2.45345 13.7373 2.5
    endloop
  endfacet
  facet normal 0 0 -1
    outer loop
      vertex 2.42737 13.6146 2.5
      vertex 2.42737 13.9854 2.5
      vertex 2.45345 13.8627 2.5
    endloop
  endfacet
  facet normal 0 0 -1
    outer loop
      vertex 2.37634 13.5 2.5
      vertex 2.42737 13.9854 2.5
      vertex 2.42737 13.6146 2.5
    endloop
  endfacet
  facet normal 0 0 -1
    outer loop
      vertex 2.37634 13.5 2.5
      vertex 2.37634 14.1 2.5
      vertex 2.42737 13.9854 2.5
    endloop
  endfacet
  facet normal 0 0 -1
    outer loop
      vertex 2.30261 13.3985 2.5
      vertex 2.37634 14.1 2.5
      vertex 2.37634 13.5 2.5
    endloop
  endfacet
  facet normal 0 0 -1
    outer loop
      vertex 2.30261 13.3985 2.5
      vertex 2.30261 14.2015 2.5
      vertex 2.37634 14.1 2.5
    endloop
  endfacet
  facet normal 0 0 -1
    outer loop
      vertex 2.2094 13.3146 2.5
      vertex 2.30261 14.2015 2.5
      vertex 2.30261 13.3985 2.5
    endloop
  endfacet
  facet normal 0 0 -1
    outer loop
      vertex 2.2094 13.3146 2.5
      vertex 2.2094 14.2854 2.5
      vertex 2.30261 14.2015 2.5
    endloop
  endfacet
  facet normal 0 0 -1
    outer loop
      vertex 2.10077 13.2519 2.5
      vertex 2.2094 14.2854 2.5
      vertex 2.2094 13.3146 2.5
    endloop
  endfacet
  facet normal 0 0 -1
    outer loop
      vertex 2.10077 13.2519 2.5
      vertex 2.10077 14.3481 2.5
      vertex 2.2094 14.2854 2.5
    endloop
  endfacet
  facet normal 0 0 -1
    outer loop
      vertex 1.98148 13.2131 2.5
      vertex 2.10077 14.3481 2.5
      vertex 2.10077 13.2519 2.5
    endloop
  endfacet
  facet normal 0 0 -1
    outer loop
      vertex 1.98148 13.2131 2.5
      vertex 1.98148 14.3869 2.5
      vertex 2.10077 14.3481 2.5
    endloop
  endfacet
  facet normal 0 0 -1
    outer loop
      vertex 1.85674 13.2 2.5
      vertex 1.98148 14.3869 2.5
      vertex 1.98148 13.2131 2.5
    endloop
  endfacet
  facet normal 0 0 -1
    outer loop
      vertex 1.85674 13.2 2.5
      vertex 1.85674 14.4 2.5
      vertex 1.98148 14.3869 2.5
    endloop
  endfacet
  facet normal 0 0 -1
    outer loop
      vertex -1.85674 13.2 2.5
      vertex 1.85674 14.4 2.5
      vertex 1.85674 13.2 2.5
    endloop
  endfacet
  facet normal 0 0 -1
    outer loop
      vertex -1.85674 13.2 2.5
      vertex -1.85674 14.4 2.5
      vertex 1.85674 14.4 2.5
    endloop
  endfacet
  facet normal 0 0 -1
    outer loop
      vertex -1.98148 13.2131 2.5
      vertex -1.85674 14.4 2.5
      vertex -1.85674 13.2 2.5
    endloop
  endfacet
  facet normal 0 0 -1
    outer loop
      vertex -1.98148 13.2131 2.5
      vertex -1.98148 14.3869 2.5
      vertex -1.85674 14.4 2.5
    endloop
  endfacet
  facet normal 0 0 -1
    outer loop
      vertex -2.10077 13.2519 2.5
      vertex -1.98148 14.3869 2.5
      vertex -1.98148 13.2131 2.5
    endloop
  endfacet
  facet normal 0 0 -1
    outer loop
      vertex -2.10077 13.2519 2.5
      vertex -2.10077 14.3481 2.5
      vertex -1.98148 14.3869 2.5
    endloop
  endfacet
  facet normal 0 0 -1
    outer loop
      vertex -2.2094 13.3146 2.5
      vertex -2.10077 14.3481 2.5
      vertex -2.10077 13.2519 2.5
    endloop
  endfacet
  facet normal 0 0 -1
    outer loop
      vertex -2.2094 13.3146 2.5
      vertex -2.2094 14.2854 2.5
      vertex -2.10077 14.3481 2.5
    endloop
  endfacet
  facet normal 0 0 -1
    outer loop
      vertex -2.30261 13.3985 2.5
      vertex -2.2094 14.2854 2.5
      vertex -2.2094 13.3146 2.5
    endloop
  endfacet
  facet normal 0 0 -1
    outer loop
      vertex -2.30261 13.3985 2.5
      vertex -2.30261 14.2015 2.5
      vertex -2.2094 14.2854 2.5
    endloop
  endfacet
  facet normal 0 0 -1
    outer loop
      vertex -2.37634 13.5 2.5
      vertex -2.30261 14.2015 2.5
      vertex -2.30261 13.3985 2.5
    endloop
  endfacet
  facet normal 0 0 -1
    outer loop
      vertex -2.37634 13.5 2.5
      vertex -2.37634 14.1 2.5
      vertex -2.30261 14.2015 2.5
    endloop
  endfacet
  facet normal 0 0 -1
    outer loop
      vertex -2.42737 13.6146 2.5
      vertex -2.37634 14.1 2.5
      vertex -2.37634 13.5 2.5
    endloop
  endfacet
  facet normal 0 0 -1
    outer loop
      vertex -2.42737 13.6146 2.5
      vertex -2.42737 13.9854 2.5
      vertex -2.37634 14.1 2.5
    endloop
  endfacet
  facet normal 0 0 -1
    outer loop
      vertex -2.45345 13.7373 2.5
      vertex -2.42737 13.9854 2.5
      vertex -2.42737 13.6146 2.5
    endloop
  endfacet
  facet normal 0 0 -1
    outer loop
      vertex -2.42737 13.9854 2.5
      vertex -2.45345 13.7373 2.5
      vertex -2.45345 13.8627 2.5
    endloop
  endfacet
  facet normal 0 0 -1
    outer loop
      vertex 9.74179 13.6146 2.5
      vertex 9.76787 13.8627 2.5
      vertex 9.76787 13.7373 2.5
    endloop
  endfacet
  facet normal 0 0 -1
    outer loop
      vertex 9.74179 13.6146 2.5
      vertex 9.74179 13.9854 2.5
      vertex 9.76787 13.8627 2.5
    endloop
  endfacet
  facet normal 0 0 -1
    outer loop
      vertex 9.69077 13.5 2.5
      vertex 9.74179 13.9854 2.5
      vertex 9.74179 13.6146 2.5
    endloop
  endfacet
  facet normal 0 0 -1
    outer loop
      vertex 9.69077 13.5 2.5
      vertex 9.69077 14.1 2.5
      vertex 9.74179 13.9854 2.5
    endloop
  endfacet
  facet normal 0 0 -1
    outer loop
      vertex 9.61703 13.3985 2.5
      vertex 9.69077 14.1 2.5
      vertex 9.69077 13.5 2.5
    endloop
  endfacet
  facet normal 0 0 -1
    outer loop
      vertex 9.61703 13.3985 2.5
      vertex 9.61703 14.2015 2.5
      vertex 9.69077 14.1 2.5
    endloop
  endfacet
  facet normal 0 0 -1
    outer loop
      vertex 9.52382 13.3146 2.5
      vertex 9.61703 14.2015 2.5
      vertex 9.61703 13.3985 2.5
    endloop
  endfacet
  facet normal 0 0 -1
    outer loop
      vertex 9.52382 13.3146 2.5
      vertex 9.52382 14.2854 2.5
      vertex 9.61703 14.2015 2.5
    endloop
  endfacet
  facet normal 0 0 -1
    outer loop
      vertex 9.41519 13.2519 2.5
      vertex 9.52382 14.2854 2.5
      vertex 9.52382 13.3146 2.5
    endloop
  endfacet
  facet normal 0 0 -1
    outer loop
      vertex 9.41519 13.2519 2.5
      vertex 9.41519 14.3481 2.5
      vertex 9.52382 14.2854 2.5
    endloop
  endfacet
  facet normal 0 0 -1
    outer loop
      vertex 9.2959 13.2131 2.5
      vertex 9.41519 14.3481 2.5
      vertex 9.41519 13.2519 2.5
    endloop
  endfacet
  facet normal 0 0 -1
    outer loop
      vertex 9.2959 13.2131 2.5
      vertex 9.2959 14.3869 2.5
      vertex 9.41519 14.3481 2.5
    endloop
  endfacet
  facet normal 0 0 -1
    outer loop
      vertex 9.17116 13.2 2.5
      vertex 9.2959 14.3869 2.5
      vertex 9.2959 13.2131 2.5
    endloop
  endfacet
  facet normal 0 0 -1
    outer loop
      vertex 9.17116 13.2 2.5
      vertex 9.17116 14.4 2.5
      vertex 9.2959 14.3869 2.5
    endloop
  endfacet
  facet normal 0 0 -1
    outer loop
      vertex 5.45767 13.2 2.5
      vertex 9.17116 14.4 2.5
      vertex 9.17116 13.2 2.5
    endloop
  endfacet
  facet normal 0 0 -1
    outer loop
      vertex 5.45767 13.2 2.5
      vertex 5.45767 14.4 2.5
      vertex 9.17116 14.4 2.5
    endloop
  endfacet
  facet normal 0 0 -1
    outer loop
      vertex 5.33293 13.2131 2.5
      vertex 5.45767 14.4 2.5
      vertex 5.45767 13.2 2.5
    endloop
  endfacet
  facet normal 0 0 -1
    outer loop
      vertex 5.33293 13.2131 2.5
      vertex 5.33293 14.3869 2.5
      vertex 5.45767 14.4 2.5
    endloop
  endfacet
  facet normal 0 0 -1
    outer loop
      vertex 5.21364 13.2519 2.5
      vertex 5.33293 14.3869 2.5
      vertex 5.33293 13.2131 2.5
    endloop
  endfacet
  facet normal 0 0 -1
    outer loop
      vertex 5.21364 13.2519 2.5
      vertex 5.21364 14.3481 2.5
      vertex 5.33293 14.3869 2.5
    endloop
  endfacet
  facet normal 0 0 -1
    outer loop
      vertex 5.10501 13.3146 2.5
      vertex 5.21364 14.3481 2.5
      vertex 5.21364 13.2519 2.5
    endloop
  endfacet
  facet normal 0 0 -1
    outer loop
      vertex 5.10501 13.3146 2.5
      vertex 5.10501 14.2854 2.5
      vertex 5.21364 14.3481 2.5
    endloop
  endfacet
  facet normal 0 0 -1
    outer loop
      vertex 5.0118 13.3985 2.5
      vertex 5.10501 14.2854 2.5
      vertex 5.10501 13.3146 2.5
    endloop
  endfacet
  facet normal 0 0 -1
    outer loop
      vertex 5.0118 13.3985 2.5
      vertex 5.0118 14.2015 2.5
      vertex 5.10501 14.2854 2.5
    endloop
  endfacet
  facet normal 0 0 -1
    outer loop
      vertex 4.93806 13.5 2.5
      vertex 5.0118 14.2015 2.5
      vertex 5.0118 13.3985 2.5
    endloop
  endfacet
  facet normal 0 0 -1
    outer loop
      vertex 4.93806 13.5 2.5
      vertex 4.93806 14.1 2.5
      vertex 5.0118 14.2015 2.5
    endloop
  endfacet
  facet normal 0 0 -1
    outer loop
      vertex 4.88704 13.6146 2.5
      vertex 4.93806 14.1 2.5
      vertex 4.93806 13.5 2.5
    endloop
  endfacet
  facet normal 0 0 -1
    outer loop
      vertex 4.88704 13.6146 2.5
      vertex 4.88704 13.9854 2.5
      vertex 4.93806 14.1 2.5
    endloop
  endfacet
  facet normal 0 0 -1
    outer loop
      vertex 4.86096 13.7373 2.5
      vertex 4.88704 13.9854 2.5
      vertex 4.88704 13.6146 2.5
    endloop
  endfacet
  facet normal 0 0 -1
    outer loop
      vertex 4.88704 13.9854 2.5
      vertex 4.86096 13.7373 2.5
      vertex 4.86096 13.8627 2.5
    endloop
  endfacet
  facet normal 0 0 -1
    outer loop
      vertex 17.0562 13.6146 2.5
      vertex 17.0823 13.8627 2.5
      vertex 17.0823 13.7373 2.5
    endloop
  endfacet
  facet normal 0 0 -1
    outer loop
      vertex 17.0562 13.6146 2.5
      vertex 17.0562 13.9854 2.5
      vertex 17.0823 13.8627 2.5
    endloop
  endfacet
  facet normal 0 0 -1
    outer loop
      vertex 17.0052 13.5 2.5
      vertex 17.0562 13.9854 2.5
      vertex 17.0562 13.6146 2.5
    endloop
  endfacet
  facet normal 0 0 -1
    outer loop
      vertex 17.0052 13.5 2.5
      vertex 17.0052 14.1 2.5
      vertex 17.0562 13.9854 2.5
    endloop
  endfacet
  facet normal 0 0 -1
    outer loop
      vertex 16.9314 13.3985 2.5
      vertex 17.0052 14.1 2.5
      vertex 17.0052 13.5 2.5
    endloop
  endfacet
  facet normal 0 0 -1
    outer loop
      vertex 16.9314 13.3985 2.5
      vertex 16.9314 14.2015 2.5
      vertex 17.0052 14.1 2.5
    endloop
  endfacet
  facet normal 0 0 -1
    outer loop
      vertex 16.8382 13.3146 2.5
      vertex 16.9314 14.2015 2.5
      vertex 16.9314 13.3985 2.5
    endloop
  endfacet
  facet normal 0 0 -1
    outer loop
      vertex 16.8382 13.3146 2.5
      vertex 16.8382 14.2854 2.5
      vertex 16.9314 14.2015 2.5
    endloop
  endfacet
  facet normal 0 0 -1
    outer loop
      vertex 16.7296 13.2519 2.5
      vertex 16.8382 14.2854 2.5
      vertex 16.8382 13.3146 2.5
    endloop
  endfacet
  facet normal 0 0 -1
    outer loop
      vertex 16.7296 13.2519 2.5
      vertex 16.7296 14.3481 2.5
      vertex 16.8382 14.2854 2.5
    endloop
  endfacet
  facet normal 0 0 -1
    outer loop
      vertex 16.6103 13.2131 2.5
      vertex 16.7296 14.3481 2.5
      vertex 16.7296 13.2519 2.5
    endloop
  endfacet
  facet normal 0 0 -1
    outer loop
      vertex 16.6103 13.2131 2.5
      vertex 16.6103 14.3869 2.5
      vertex 16.7296 14.3481 2.5
    endloop
  endfacet
  facet normal 0 0 -1
    outer loop
      vertex 16.4856 13.2 2.5
      vertex 16.6103 14.3869 2.5
      vertex 16.6103 13.2131 2.5
    endloop
  endfacet
  facet normal 0 0 -1
    outer loop
      vertex 16.4856 13.2 2.5
      vertex 16.4856 14.4 2.5
      vertex 16.6103 14.3869 2.5
    endloop
  endfacet
  facet normal 0 0 -1
    outer loop
      vertex 12.7721 13.2 2.5
      vertex 16.4856 14.4 2.5
      vertex 16.4856 13.2 2.5
    endloop
  endfacet
  facet normal 0 0 -1
    outer loop
      vertex 12.7721 13.2 2.5
      vertex 12.7721 14.4 2.5
      vertex 16.4856 14.4 2.5
    endloop
  endfacet
  facet normal 0 0 -1
    outer loop
      vertex 12.6474 13.2131 2.5
      vertex 12.7721 14.4 2.5
      vertex 12.7721 13.2 2.5
    endloop
  endfacet
  facet normal 0 0 -1
    outer loop
      vertex 12.6474 13.2131 2.5
      vertex 12.6474 14.3869 2.5
      vertex 12.7721 14.4 2.5
    endloop
  endfacet
  facet normal 0 0 -1
    outer loop
      vertex 12.5281 13.2519 2.5
      vertex 12.6474 14.3869 2.5
      vertex 12.6474 13.2131 2.5
    endloop
  endfacet
  facet normal 0 0 -1
    outer loop
      vertex 12.5281 13.2519 2.5
      vertex 12.5281 14.3481 2.5
      vertex 12.6474 14.3869 2.5
    endloop
  endfacet
  facet normal 0 0 -1
    outer loop
      vertex 12.4194 13.3146 2.5
      vertex 12.5281 14.3481 2.5
      vertex 12.5281 13.2519 2.5
    endloop
  endfacet
  facet normal 0 0 -1
    outer loop
      vertex 12.4194 13.3146 2.5
      vertex 12.4194 14.2854 2.5
      vertex 12.5281 14.3481 2.5
    endloop
  endfacet
  facet normal 0 0 -1
    outer loop
      vertex 12.3262 13.3985 2.5
      vertex 12.4194 14.2854 2.5
      vertex 12.4194 13.3146 2.5
    endloop
  endfacet
  facet normal 0 0 -1
    outer loop
      vertex 12.3262 13.3985 2.5
      vertex 12.3262 14.2015 2.5
      vertex 12.4194 14.2854 2.5
    endloop
  endfacet
  facet normal 0 0 -1
    outer loop
      vertex 12.2525 13.5 2.5
      vertex 12.3262 14.2015 2.5
      vertex 12.3262 13.3985 2.5
    endloop
  endfacet
  facet normal 0 0 -1
    outer loop
      vertex 12.2525 13.5 2.5
      vertex 12.2525 14.1 2.5
      vertex 12.3262 14.2015 2.5
    endloop
  endfacet
  facet normal 0 0 -1
    outer loop
      vertex 12.2015 13.6146 2.5
      vertex 12.2525 14.1 2.5
      vertex 12.2525 13.5 2.5
    endloop
  endfacet
  facet normal 0 0 -1
    outer loop
      vertex 12.2015 13.6146 2.5
      vertex 12.2015 13.9854 2.5
      vertex 12.2525 14.1 2.5
    endloop
  endfacet
  facet normal 0 0 -1
    outer loop
      vertex 12.1754 13.7373 2.5
      vertex 12.2015 13.9854 2.5
      vertex 12.2015 13.6146 2.5
    endloop
  endfacet
  facet normal 0 0 -1
    outer loop
      vertex 12.2015 13.9854 2.5
      vertex 12.1754 13.7373 2.5
      vertex 12.1754 13.8627 2.5
    endloop
  endfacet
  facet normal 0 0 -1
    outer loop
      vertex -24.4 4.56859 2.5
      vertex -23.2 4.56859 2.5
      vertex -23.2131 4.44385 2.5
    endloop
  endfacet
  facet normal 0 0 -1
    outer loop
      vertex -23.2 4.56859 2.5
      vertex -24.4 4.56859 2.5
      vertex -23.2 7.67712 2.5
    endloop
  endfacet
  facet normal 0 0 -1
    outer loop
      vertex -24.4 4.56859 2.5
      vertex -23.2131 4.44385 2.5
      vertex -23.2519 4.32455 2.5
    endloop
  endfacet
  facet normal 0 0 -1
    outer loop
      vertex -24.4 7.67712 2.5
      vertex -23.2 7.67712 2.5
      vertex -24.4 4.56859 2.5
    endloop
  endfacet
  facet normal 0 0 -1
    outer loop
      vertex -24.4 4.56859 2.5
      vertex -23.2519 4.32455 2.5
      vertex -23.3146 4.21593 2.5
    endloop
  endfacet
  facet normal 0 0 -1
    outer loop
      vertex -23.2 7.67712 2.5
      vertex -24.4 7.67712 2.5
      vertex -23.2131 7.80186 2.5
    endloop
  endfacet
  facet normal 0 0 -1
    outer loop
      vertex -24.4 4.56859 2.5
      vertex -23.3146 4.21593 2.5
      vertex -23.3985 4.12271 2.5
    endloop
  endfacet
  facet normal -0 0 -1
    outer loop
      vertex -23.2131 7.80186 2.5
      vertex -24.4 7.67712 2.5
      vertex -23.2519 7.92116 2.5
    endloop
  endfacet
  facet normal 0 0 -1
    outer loop
      vertex -24.4 4.56859 2.5
      vertex -23.3985 4.12271 2.5
      vertex -23.5 4.04898 2.5
    endloop
  endfacet
  facet normal -0 0 -1
    outer loop
      vertex -23.2519 7.92116 2.5
      vertex -24.4 7.67712 2.5
      vertex -23.3146 8.02979 2.5
    endloop
  endfacet
  facet normal 0 0 -1
    outer loop
      vertex -24.4 4.56859 2.5
      vertex -23.5 4.04898 2.5
      vertex -23.6146 3.99796 2.5
    endloop
  endfacet
  facet normal -0 0 -1
    outer loop
      vertex -23.3146 8.02979 2.5
      vertex -24.4 7.67712 2.5
      vertex -23.3985 8.123 2.5
    endloop
  endfacet
  facet normal 0 0 -1
    outer loop
      vertex -24.4 4.56859 2.5
      vertex -23.6146 3.99796 2.5
      vertex -23.7373 3.97188 2.5
    endloop
  endfacet
  facet normal -0 0 -1
    outer loop
      vertex -23.3985 8.123 2.5
      vertex -24.4 7.67712 2.5
      vertex -23.5 8.19673 2.5
    endloop
  endfacet
  facet normal 0 0 -1
    outer loop
      vertex -24.4 4.56859 2.5
      vertex -23.7373 3.97188 2.5
      vertex -23.8627 3.97188 2.5
    endloop
  endfacet
  facet normal -0 0 -1
    outer loop
      vertex -23.5 8.19673 2.5
      vertex -24.4 7.67712 2.5
      vertex -23.6146 8.24776 2.5
    endloop
  endfacet
  facet normal 0 0 -1
    outer loop
      vertex -24.4 4.56859 2.5
      vertex -23.8627 3.97188 2.5
      vertex -23.9854 3.99796 2.5
    endloop
  endfacet
  facet normal -0 0 -1
    outer loop
      vertex -23.6146 8.24776 2.5
      vertex -24.4 7.67712 2.5
      vertex -23.7373 8.27383 2.5
    endloop
  endfacet
  facet normal 0 0 -1
    outer loop
      vertex -24.4 4.56859 2.5
      vertex -23.9854 3.99796 2.5
      vertex -24.1 4.04898 2.5
    endloop
  endfacet
  facet normal -0 0 -1
    outer loop
      vertex -23.7373 8.27383 2.5
      vertex -24.4 7.67712 2.5
      vertex -23.8627 8.27383 2.5
    endloop
  endfacet
  facet normal 0 0 -1
    outer loop
      vertex -24.4 4.56859 2.5
      vertex -24.1 4.04898 2.5
      vertex -24.2015 4.12271 2.5
    endloop
  endfacet
  facet normal 0 0 -1
    outer loop
      vertex -23.8627 8.27383 2.5
      vertex -24.4 7.67712 2.5
      vertex -23.9854 8.24776 2.5
    endloop
  endfacet
  facet normal 0 0 -1
    outer loop
      vertex -24.4 4.56859 2.5
      vertex -24.2015 4.12271 2.5
      vertex -24.2854 4.21593 2.5
    endloop
  endfacet
  facet normal 0 0 -1
    outer loop
      vertex -23.9854 8.24776 2.5
      vertex -24.4 7.67712 2.5
      vertex -24.1 8.19673 2.5
    endloop
  endfacet
  facet normal 0 0 -1
    outer loop
      vertex -24.4 4.56859 2.5
      vertex -24.2854 4.21593 2.5
      vertex -24.3481 4.32455 2.5
    endloop
  endfacet
  facet normal 0 0 -1
    outer loop
      vertex -24.1 8.19673 2.5
      vertex -24.4 7.67712 2.5
      vertex -24.2015 8.123 2.5
    endloop
  endfacet
  facet normal 0 0 -1
    outer loop
      vertex -24.4 4.56859 2.5
      vertex -24.3481 4.32455 2.5
      vertex -24.3869 4.44385 2.5
    endloop
  endfacet
  facet normal 0 0 -1
    outer loop
      vertex -24.2015 8.123 2.5
      vertex -24.4 7.67712 2.5
      vertex -24.2854 8.02979 2.5
    endloop
  endfacet
  facet normal 0 0 -1
    outer loop
      vertex -24.2854 8.02979 2.5
      vertex -24.4 7.67712 2.5
      vertex -24.3481 7.92116 2.5
    endloop
  endfacet
  facet normal 0 0 -1
    outer loop
      vertex -24.3481 7.92116 2.5
      vertex -24.4 7.67712 2.5
      vertex -24.3869 7.80186 2.5
    endloop
  endfacet
  facet normal 0 0 -1
    outer loop
      vertex 23.2 4.56859 2.5
      vertex 24.4 4.56859 2.5
      vertex 24.3869 4.44385 2.5
    endloop
  endfacet
  facet normal 0 0 -1
    outer loop
      vertex 24.4 4.56859 2.5
      vertex 23.2 4.56859 2.5
      vertex 24.4 7.67712 2.5
    endloop
  endfacet
  facet normal 0 0 -1
    outer loop
      vertex 23.2 4.56859 2.5
      vertex 24.3869 4.44385 2.5
      vertex 24.3481 4.32455 2.5
    endloop
  endfacet
  facet normal 0 0 -1
    outer loop
      vertex 23.2 7.67712 2.5
      vertex 24.4 7.67712 2.5
      vertex 23.2 4.56859 2.5
    endloop
  endfacet
  facet normal 0 0 -1
    outer loop
      vertex 23.2 4.56859 2.5
      vertex 24.3481 4.32455 2.5
      vertex 24.2854 4.21593 2.5
    endloop
  endfacet
  facet normal 0 0 -1
    outer loop
      vertex 24.4 7.67712 2.5
      vertex 23.2 7.67712 2.5
      vertex 24.3869 7.80186 2.5
    endloop
  endfacet
  facet normal 0 0 -1
    outer loop
      vertex 23.2 4.56859 2.5
      vertex 24.2854 4.21593 2.5
      vertex 24.2015 4.12271 2.5
    endloop
  endfacet
  facet normal -0 0 -1
    outer loop
      vertex 24.3869 7.80186 2.5
      vertex 23.2 7.67712 2.5
      vertex 24.3481 7.92116 2.5
    endloop
  endfacet
  facet normal 0 0 -1
    outer loop
      vertex 23.2 4.56859 2.5
      vertex 24.2015 4.12271 2.5
      vertex 24.1 4.04898 2.5
    endloop
  endfacet
  facet normal -0 0 -1
    outer loop
      vertex 24.3481 7.92116 2.5
      vertex 23.2 7.67712 2.5
      vertex 24.2854 8.02979 2.5
    endloop
  endfacet
  facet normal 0 0 -1
    outer loop
      vertex 23.2 4.56859 2.5
      vertex 24.1 4.04898 2.5
      vertex 23.9854 3.99796 2.5
    endloop
  endfacet
  facet normal -0 0 -1
    outer loop
      vertex 24.2854 8.02979 2.5
      vertex 23.2 7.67712 2.5
      vertex 24.2015 8.123 2.5
    endloop
  endfacet
  facet normal 0 0 -1
    outer loop
      vertex 23.2 4.56859 2.5
      vertex 23.9854 3.99796 2.5
      vertex 23.8627 3.97188 2.5
    endloop
  endfacet
  facet normal -0 0 -1
    outer loop
      vertex 24.2015 8.123 2.5
      vertex 23.2 7.67712 2.5
      vertex 24.1 8.19673 2.5
    endloop
  endfacet
  facet normal 0 0 -1
    outer loop
      vertex 23.2 4.56859 2.5
      vertex 23.8627 3.97188 2.5
      vertex 23.7373 3.97188 2.5
    endloop
  endfacet
  facet normal -0 0 -1
    outer loop
      vertex 24.1 8.19673 2.5
      vertex 23.2 7.67712 2.5
      vertex 23.9854 8.24776 2.5
    endloop
  endfacet
  facet normal 0 0 -1
    outer loop
      vertex 23.2 4.56859 2.5
      vertex 23.7373 3.97188 2.5
      vertex 23.6146 3.99796 2.5
    endloop
  endfacet
  facet normal -0 0 -1
    outer loop
      vertex 23.9854 8.24776 2.5
      vertex 23.2 7.67712 2.5
      vertex 23.8627 8.27383 2.5
    endloop
  endfacet
  facet normal 0 0 -1
    outer loop
      vertex 23.2 4.56859 2.5
      vertex 23.6146 3.99796 2.5
      vertex 23.5 4.04898 2.5
    endloop
  endfacet
  facet normal -0 0 -1
    outer loop
      vertex 23.8627 8.27383 2.5
      vertex 23.2 7.67712 2.5
      vertex 23.7373 8.27383 2.5
    endloop
  endfacet
  facet normal 0 0 -1
    outer loop
      vertex 23.2 4.56859 2.5
      vertex 23.5 4.04898 2.5
      vertex 23.3985 4.12271 2.5
    endloop
  endfacet
  facet normal 0 0 -1
    outer loop
      vertex 23.7373 8.27383 2.5
      vertex 23.2 7.67712 2.5
      vertex 23.6146 8.24776 2.5
    endloop
  endfacet
  facet normal 0 0 -1
    outer loop
      vertex 23.2 4.56859 2.5
      vertex 23.3985 4.12271 2.5
      vertex 23.3146 4.21593 2.5
    endloop
  endfacet
  facet normal 0 0 -1
    outer loop
      vertex 23.6146 8.24776 2.5
      vertex 23.2 7.67712 2.5
      vertex 23.5 8.19673 2.5
    endloop
  endfacet
  facet normal 0 0 -1
    outer loop
      vertex 23.2 4.56859 2.5
      vertex 23.3146 4.21593 2.5
      vertex 23.2519 4.32455 2.5
    endloop
  endfacet
  facet normal 0 0 -1
    outer loop
      vertex 23.5 8.19673 2.5
      vertex 23.2 7.67712 2.5
      vertex 23.3985 8.123 2.5
    endloop
  endfacet
  facet normal 0 0 -1
    outer loop
      vertex 23.2 4.56859 2.5
      vertex 23.2519 4.32455 2.5
      vertex 23.2131 4.44385 2.5
    endloop
  endfacet
  facet normal 0 0 -1
    outer loop
      vertex 23.3985 8.123 2.5
      vertex 23.2 7.67712 2.5
      vertex 23.3146 8.02979 2.5
    endloop
  endfacet
  facet normal 0 0 -1
    outer loop
      vertex 23.3146 8.02979 2.5
      vertex 23.2 7.67712 2.5
      vertex 23.2519 7.92116 2.5
    endloop
  endfacet
  facet normal 0 0 -1
    outer loop
      vertex 23.2519 7.92116 2.5
      vertex 23.2 7.67712 2.5
      vertex 23.2131 7.80186 2.5
    endloop
  endfacet
  facet normal 0 0 -1
    outer loop
      vertex -24.4 -1.55426 2.5
      vertex -23.2 -1.55426 2.5
      vertex -23.2131 -1.679 2.5
    endloop
  endfacet
  facet normal 0 0 -1
    outer loop
      vertex -23.2 -1.55426 2.5
      vertex -24.4 -1.55426 2.5
      vertex -23.2 1.55426 2.5
    endloop
  endfacet
  facet normal 0 0 -1
    outer loop
      vertex -24.4 -1.55426 2.5
      vertex -23.2131 -1.679 2.5
      vertex -23.2519 -1.79829 2.5
    endloop
  endfacet
  facet normal 0 0 -1
    outer loop
      vertex -24.4 1.55426 2.5
      vertex -23.2 1.55426 2.5
      vertex -24.4 -1.55426 2.5
    endloop
  endfacet
  facet normal 0 0 -1
    outer loop
      vertex -24.4 -1.55426 2.5
      vertex -23.2519 -1.79829 2.5
      vertex -23.3146 -1.90692 2.5
    endloop
  endfacet
  facet normal 0 0 -1
    outer loop
      vertex -23.2 1.55426 2.5
      vertex -24.4 1.55426 2.5
      vertex -23.2131 1.679 2.5
    endloop
  endfacet
  facet normal 0 0 -1
    outer loop
      vertex -24.4 -1.55426 2.5
      vertex -23.3146 -1.90692 2.5
      vertex -23.3985 -2.00014 2.5
    endloop
  endfacet
  facet normal -0 0 -1
    outer loop
      vertex -23.2131 1.679 2.5
      vertex -24.4 1.55426 2.5
      vertex -23.2519 1.79829 2.5
    endloop
  endfacet
  facet normal 0 0 -1
    outer loop
      vertex -24.4 -1.55426 2.5
      vertex -23.3985 -2.00014 2.5
      vertex -23.5 -2.07387 2.5
    endloop
  endfacet
  facet normal -0 0 -1
    outer loop
      vertex -23.2519 1.79829 2.5
      vertex -24.4 1.55426 2.5
      vertex -23.3146 1.90692 2.5
    endloop
  endfacet
  facet normal 0 0 -1
    outer loop
      vertex -24.4 -1.55426 2.5
      vertex -23.5 -2.07387 2.5
      vertex -23.6146 -2.12489 2.5
    endloop
  endfacet
  facet normal -0 0 -1
    outer loop
      vertex -23.3146 1.90692 2.5
      vertex -24.4 1.55426 2.5
      vertex -23.3985 2.00014 2.5
    endloop
  endfacet
  facet normal 0 0 -1
    outer loop
      vertex -24.4 -1.55426 2.5
      vertex -23.6146 -2.12489 2.5
      vertex -23.7373 -2.15097 2.5
    endloop
  endfacet
  facet normal -0 0 -1
    outer loop
      vertex -23.3985 2.00014 2.5
      vertex -24.4 1.55426 2.5
      vertex -23.5 2.07387 2.5
    endloop
  endfacet
  facet normal 0 0 -1
    outer loop
      vertex -24.4 -1.55426 2.5
      vertex -23.7373 -2.15097 2.5
      vertex -23.8627 -2.15097 2.5
    endloop
  endfacet
  facet normal -0 0 -1
    outer loop
      vertex -23.5 2.07387 2.5
      vertex -24.4 1.55426 2.5
      vertex -23.6146 2.12489 2.5
    endloop
  endfacet
  facet normal 0 0 -1
    outer loop
      vertex -24.4 -1.55426 2.5
      vertex -23.8627 -2.15097 2.5
      vertex -23.9854 -2.12489 2.5
    endloop
  endfacet
  facet normal -0 0 -1
    outer loop
      vertex -23.6146 2.12489 2.5
      vertex -24.4 1.55426 2.5
      vertex -23.7373 2.15097 2.5
    endloop
  endfacet
  facet normal 0 0 -1
    outer loop
      vertex -24.4 -1.55426 2.5
      vertex -23.9854 -2.12489 2.5
      vertex -24.1 -2.07387 2.5
    endloop
  endfacet
  facet normal -0 0 -1
    outer loop
      vertex -23.7373 2.15097 2.5
      vertex -24.4 1.55426 2.5
      vertex -23.8627 2.15097 2.5
    endloop
  endfacet
  facet normal 0 0 -1
    outer loop
      vertex -24.4 -1.55426 2.5
      vertex -24.1 -2.07387 2.5
      vertex -24.2015 -2.00014 2.5
    endloop
  endfacet
  facet normal 0 0 -1
    outer loop
      vertex -23.8627 2.15097 2.5
      vertex -24.4 1.55426 2.5
      vertex -23.9854 2.12489 2.5
    endloop
  endfacet
  facet normal 0 0 -1
    outer loop
      vertex -24.4 -1.55426 2.5
      vertex -24.2015 -2.00014 2.5
      vertex -24.2854 -1.90692 2.5
    endloop
  endfacet
  facet normal 0 0 -1
    outer loop
      vertex -23.9854 2.12489 2.5
      vertex -24.4 1.55426 2.5
      vertex -24.1 2.07387 2.5
    endloop
  endfacet
  facet normal 0 0 -1
    outer loop
      vertex -24.4 -1.55426 2.5
      vertex -24.2854 -1.90692 2.5
      vertex -24.3481 -1.79829 2.5
    endloop
  endfacet
  facet normal 0 0 -1
    outer loop
      vertex -24.1 2.07387 2.5
      vertex -24.4 1.55426 2.5
      vertex -24.2015 2.00014 2.5
    endloop
  endfacet
  facet normal 0 0 -1
    outer loop
      vertex -24.4 -1.55426 2.5
      vertex -24.3481 -1.79829 2.5
      vertex -24.3869 -1.679 2.5
    endloop
  endfacet
  facet normal 0 0 -1
    outer loop
      vertex -24.2015 2.00014 2.5
      vertex -24.4 1.55426 2.5
      vertex -24.2854 1.90692 2.5
    endloop
  endfacet
  facet normal 0 0 -1
    outer loop
      vertex -24.2854 1.90692 2.5
      vertex -24.4 1.55426 2.5
      vertex -24.3481 1.79829 2.5
    endloop
  endfacet
  facet normal 0 0 -1
    outer loop
      vertex -24.3481 1.79829 2.5
      vertex -24.4 1.55426 2.5
      vertex -24.3869 1.679 2.5
    endloop
  endfacet
  facet normal 0 0 -1
    outer loop
      vertex 23.2 -1.55426 2.5
      vertex 24.4 -1.55426 2.5
      vertex 24.3869 -1.679 2.5
    endloop
  endfacet
  facet normal 0 0 -1
    outer loop
      vertex 24.4 -1.55426 2.5
      vertex 23.2 -1.55426 2.5
      vertex 24.4 1.55426 2.5
    endloop
  endfacet
  facet normal 0 0 -1
    outer loop
      vertex 23.2 -1.55426 2.5
      vertex 24.3869 -1.679 2.5
      vertex 24.3481 -1.79829 2.5
    endloop
  endfacet
  facet normal 0 0 -1
    outer loop
      vertex 23.2 1.55426 2.5
      vertex 24.4 1.55426 2.5
      vertex 23.2 -1.55426 2.5
    endloop
  endfacet
  facet normal 0 0 -1
    outer loop
      vertex 23.2 -1.55426 2.5
      vertex 24.3481 -1.79829 2.5
      vertex 24.2854 -1.90692 2.5
    endloop
  endfacet
  facet normal 0 0 -1
    outer loop
      vertex 24.4 1.55426 2.5
      vertex 23.2 1.55426 2.5
      vertex 24.3869 1.679 2.5
    endloop
  endfacet
  facet normal 0 0 -1
    outer loop
      vertex 23.2 -1.55426 2.5
      vertex 24.2854 -1.90692 2.5
      vertex 24.2015 -2.00014 2.5
    endloop
  endfacet
  facet normal -0 0 -1
    outer loop
      vertex 24.3869 1.679 2.5
      vertex 23.2 1.55426 2.5
      vertex 24.3481 1.79829 2.5
    endloop
  endfacet
  facet normal 0 0 -1
    outer loop
      vertex 23.2 -1.55426 2.5
      vertex 24.2015 -2.00014 2.5
      vertex 24.1 -2.07387 2.5
    endloop
  endfacet
  facet normal -0 0 -1
    outer loop
      vertex 24.3481 1.79829 2.5
      vertex 23.2 1.55426 2.5
      vertex 24.2854 1.90692 2.5
    endloop
  endfacet
  facet normal 0 0 -1
    outer loop
      vertex 23.2 -1.55426 2.5
      vertex 24.1 -2.07387 2.5
      vertex 23.9854 -2.12489 2.5
    endloop
  endfacet
  facet normal -0 0 -1
    outer loop
      vertex 24.2854 1.90692 2.5
      vertex 23.2 1.55426 2.5
      vertex 24.2015 2.00014 2.5
    endloop
  endfacet
  facet normal 0 0 -1
    outer loop
      vertex 23.2 -1.55426 2.5
      vertex 23.9854 -2.12489 2.5
      vertex 23.8627 -2.15097 2.5
    endloop
  endfacet
  facet normal -0 0 -1
    outer loop
      vertex 24.2015 2.00014 2.5
      vertex 23.2 1.55426 2.5
      vertex 24.1 2.07387 2.5
    endloop
  endfacet
  facet normal 0 0 -1
    outer loop
      vertex 23.2 -1.55426 2.5
      vertex 23.8627 -2.15097 2.5
      vertex 23.7373 -2.15097 2.5
    endloop
  endfacet
  facet normal -0 0 -1
    outer loop
      vertex 24.1 2.07387 2.5
      vertex 23.2 1.55426 2.5
      vertex 23.9854 2.12489 2.5
    endloop
  endfacet
  facet normal 0 0 -1
    outer loop
      vertex 23.2 -1.55426 2.5
      vertex 23.7373 -2.15097 2.5
      vertex 23.6146 -2.12489 2.5
    endloop
  endfacet
  facet normal -0 0 -1
    outer loop
      vertex 23.9854 2.12489 2.5
      vertex 23.2 1.55426 2.5
      vertex 23.8627 2.15097 2.5
    endloop
  endfacet
  facet normal 0 0 -1
    outer loop
      vertex 23.2 -1.55426 2.5
      vertex 23.6146 -2.12489 2.5
      vertex 23.5 -2.07387 2.5
    endloop
  endfacet
  facet normal -0 0 -1
    outer loop
      vertex 23.8627 2.15097 2.5
      vertex 23.2 1.55426 2.5
      vertex 23.7373 2.15097 2.5
    endloop
  endfacet
  facet normal 0 0 -1
    outer loop
      vertex 23.2 -1.55426 2.5
      vertex 23.5 -2.07387 2.5
      vertex 23.3985 -2.00014 2.5
    endloop
  endfacet
  facet normal 0 0 -1
    outer loop
      vertex 23.7373 2.15097 2.5
      vertex 23.2 1.55426 2.5
      vertex 23.6146 2.12489 2.5
    endloop
  endfacet
  facet normal 0 0 -1
    outer loop
      vertex 23.2 -1.55426 2.5
      vertex 23.3985 -2.00014 2.5
      vertex 23.3146 -1.90692 2.5
    endloop
  endfacet
  facet normal 0 0 -1
    outer loop
      vertex 23.6146 2.12489 2.5
      vertex 23.2 1.55426 2.5
      vertex 23.5 2.07387 2.5
    endloop
  endfacet
  facet normal 0 0 -1
    outer loop
      vertex 23.2 -1.55426 2.5
      vertex 23.3146 -1.90692 2.5
      vertex 23.2519 -1.79829 2.5
    endloop
  endfacet
  facet normal 0 0 -1
    outer loop
      vertex 23.5 2.07387 2.5
      vertex 23.2 1.55426 2.5
      vertex 23.3985 2.00014 2.5
    endloop
  endfacet
  facet normal 0 0 -1
    outer loop
      vertex 23.2 -1.55426 2.5
      vertex 23.2519 -1.79829 2.5
      vertex 23.2131 -1.679 2.5
    endloop
  endfacet
  facet normal 0 0 -1
    outer loop
      vertex 23.3985 2.00014 2.5
      vertex 23.2 1.55426 2.5
      vertex 23.3146 1.90692 2.5
    endloop
  endfacet
  facet normal 0 0 -1
    outer loop
      vertex 23.3146 1.90692 2.5
      vertex 23.2 1.55426 2.5
      vertex 23.2519 1.79829 2.5
    endloop
  endfacet
  facet normal 0 0 -1
    outer loop
      vertex 23.2519 1.79829 2.5
      vertex 23.2 1.55426 2.5
      vertex 23.2131 1.679 2.5
    endloop
  endfacet
  facet normal 0 0 -1
    outer loop
      vertex -24.4 -7.67712 2.5
      vertex -23.2 -7.67712 2.5
      vertex -23.2131 -7.80186 2.5
    endloop
  endfacet
  facet normal 0 0 -1
    outer loop
      vertex -23.2 -7.67712 2.5
      vertex -24.4 -7.67712 2.5
      vertex -23.2 -4.56859 2.5
    endloop
  endfacet
  facet normal 0 0 -1
    outer loop
      vertex -24.4 -7.67712 2.5
      vertex -23.2131 -7.80186 2.5
      vertex -23.2519 -7.92116 2.5
    endloop
  endfacet
  facet normal 0 0 -1
    outer loop
      vertex -24.4 -4.56859 2.5
      vertex -23.2 -4.56859 2.5
      vertex -24.4 -7.67712 2.5
    endloop
  endfacet
  facet normal 0 0 -1
    outer loop
      vertex -24.4 -7.67712 2.5
      vertex -23.2519 -7.92116 2.5
      vertex -23.3146 -8.02979 2.5
    endloop
  endfacet
  facet normal 0 0 -1
    outer loop
      vertex -23.2 -4.56859 2.5
      vertex -24.4 -4.56859 2.5
      vertex -23.2131 -4.44385 2.5
    endloop
  endfacet
  facet normal 0 0 -1
    outer loop
      vertex -24.4 -7.67712 2.5
      vertex -23.3146 -8.02979 2.5
      vertex -23.3985 -8.123 2.5
    endloop
  endfacet
  facet normal -0 0 -1
    outer loop
      vertex -23.2131 -4.44385 2.5
      vertex -24.4 -4.56859 2.5
      vertex -23.2519 -4.32455 2.5
    endloop
  endfacet
  facet normal 0 0 -1
    outer loop
      vertex -24.4 -7.67712 2.5
      vertex -23.3985 -8.123 2.5
      vertex -23.5 -8.19673 2.5
    endloop
  endfacet
  facet normal -0 0 -1
    outer loop
      vertex -23.2519 -4.32455 2.5
      vertex -24.4 -4.56859 2.5
      vertex -23.3146 -4.21593 2.5
    endloop
  endfacet
  facet normal 0 0 -1
    outer loop
      vertex -24.4 -7.67712 2.5
      vertex -23.5 -8.19673 2.5
      vertex -23.6146 -8.24776 2.5
    endloop
  endfacet
  facet normal -0 0 -1
    outer loop
      vertex -23.3146 -4.21593 2.5
      vertex -24.4 -4.56859 2.5
      vertex -23.3985 -4.12271 2.5
    endloop
  endfacet
  facet normal 0 0 -1
    outer loop
      vertex -24.4 -7.67712 2.5
      vertex -23.6146 -8.24776 2.5
      vertex -23.7373 -8.27383 2.5
    endloop
  endfacet
  facet normal -0 0 -1
    outer loop
      vertex -23.3985 -4.12271 2.5
      vertex -24.4 -4.56859 2.5
      vertex -23.5 -4.04898 2.5
    endloop
  endfacet
  facet normal 0 0 -1
    outer loop
      vertex -24.4 -7.67712 2.5
      vertex -23.7373 -8.27383 2.5
      vertex -23.8627 -8.27383 2.5
    endloop
  endfacet
  facet normal -0 0 -1
    outer loop
      vertex -23.5 -4.04898 2.5
      vertex -24.4 -4.56859 2.5
      vertex -23.6146 -3.99796 2.5
    endloop
  endfacet
  facet normal 0 0 -1
    outer loop
      vertex -24.4 -7.67712 2.5
      vertex -23.8627 -8.27383 2.5
      vertex -23.9854 -8.24776 2.5
    endloop
  endfacet
  facet normal -0 0 -1
    outer loop
      vertex -23.6146 -3.99796 2.5
      vertex -24.4 -4.56859 2.5
      vertex -23.7373 -3.97188 2.5
    endloop
  endfacet
  facet normal 0 0 -1
    outer loop
      vertex -24.4 -7.67712 2.5
      vertex -23.9854 -8.24776 2.5
      vertex -24.1 -8.19673 2.5
    endloop
  endfacet
  facet normal -0 0 -1
    outer loop
      vertex -23.7373 -3.97188 2.5
      vertex -24.4 -4.56859 2.5
      vertex -23.8627 -3.97188 2.5
    endloop
  endfacet
  facet normal 0 0 -1
    outer loop
      vertex -24.4 -7.67712 2.5
      vertex -24.1 -8.19673 2.5
      vertex -24.2015 -8.123 2.5
    endloop
  endfacet
  facet normal 0 0 -1
    outer loop
      vertex -23.8627 -3.97188 2.5
      vertex -24.4 -4.56859 2.5
      vertex -23.9854 -3.99796 2.5
    endloop
  endfacet
  facet normal 0 0 -1
    outer loop
      vertex -24.4 -7.67712 2.5
      vertex -24.2015 -8.123 2.5
      vertex -24.2854 -8.02979 2.5
    endloop
  endfacet
  facet normal 0 0 -1
    outer loop
      vertex -23.9854 -3.99796 2.5
      vertex -24.4 -4.56859 2.5
      vertex -24.1 -4.04898 2.5
    endloop
  endfacet
  facet normal 0 0 -1
    outer loop
      vertex -24.4 -7.67712 2.5
      vertex -24.2854 -8.02979 2.5
      vertex -24.3481 -7.92116 2.5
    endloop
  endfacet
  facet normal 0 0 -1
    outer loop
      vertex -24.1 -4.04898 2.5
      vertex -24.4 -4.56859 2.5
      vertex -24.2015 -4.12271 2.5
    endloop
  endfacet
  facet normal 0 0 -1
    outer loop
      vertex -24.4 -7.67712 2.5
      vertex -24.3481 -7.92116 2.5
      vertex -24.3869 -7.80186 2.5
    endloop
  endfacet
  facet normal 0 0 -1
    outer loop
      vertex -24.2015 -4.12271 2.5
      vertex -24.4 -4.56859 2.5
      vertex -24.2854 -4.21593 2.5
    endloop
  endfacet
  facet normal 0 0 -1
    outer loop
      vertex -24.2854 -4.21593 2.5
      vertex -24.4 -4.56859 2.5
      vertex -24.3481 -4.32455 2.5
    endloop
  endfacet
  facet normal 0 0 -1
    outer loop
      vertex -24.3481 -4.32455 2.5
      vertex -24.4 -4.56859 2.5
      vertex -24.3869 -4.44385 2.5
    endloop
  endfacet
  facet normal 0 0 -1
    outer loop
      vertex 23.2 -7.67712 2.5
      vertex 24.4 -7.67712 2.5
      vertex 24.3869 -7.80186 2.5
    endloop
  endfacet
  facet normal 0 0 -1
    outer loop
      vertex 24.4 -7.67712 2.5
      vertex 23.2 -7.67712 2.5
      vertex 24.4 -4.56859 2.5
    endloop
  endfacet
  facet normal 0 0 -1
    outer loop
      vertex 23.2 -7.67712 2.5
      vertex 24.3869 -7.80186 2.5
      vertex 24.3481 -7.92116 2.5
    endloop
  endfacet
  facet normal 0 0 -1
    outer loop
      vertex 23.2 -4.56859 2.5
      vertex 24.4 -4.56859 2.5
      vertex 23.2 -7.67712 2.5
    endloop
  endfacet
  facet normal 0 0 -1
    outer loop
      vertex 23.2 -7.67712 2.5
      vertex 24.3481 -7.92116 2.5
      vertex 24.2854 -8.02979 2.5
    endloop
  endfacet
  facet normal 0 0 -1
    outer loop
      vertex 24.4 -4.56859 2.5
      vertex 23.2 -4.56859 2.5
      vertex 24.3869 -4.44385 2.5
    endloop
  endfacet
  facet normal 0 0 -1
    outer loop
      vertex 23.2 -7.67712 2.5
      vertex 24.2854 -8.02979 2.5
      vertex 24.2015 -8.123 2.5
    endloop
  endfacet
  facet normal -0 0 -1
    outer loop
      vertex 24.3869 -4.44385 2.5
      vertex 23.2 -4.56859 2.5
      vertex 24.3481 -4.32455 2.5
    endloop
  endfacet
  facet normal 0 0 -1
    outer loop
      vertex 23.2 -7.67712 2.5
      vertex 24.2015 -8.123 2.5
      vertex 24.1 -8.19673 2.5
    endloop
  endfacet
  facet normal -0 0 -1
    outer loop
      vertex 24.3481 -4.32455 2.5
      vertex 23.2 -4.56859 2.5
      vertex 24.2854 -4.21593 2.5
    endloop
  endfacet
  facet normal 0 0 -1
    outer loop
      vertex 23.2 -7.67712 2.5
      vertex 24.1 -8.19673 2.5
      vertex 23.9854 -8.24776 2.5
    endloop
  endfacet
  facet normal -0 0 -1
    outer loop
      vertex 24.2854 -4.21593 2.5
      vertex 23.2 -4.56859 2.5
      vertex 24.2015 -4.12271 2.5
    endloop
  endfacet
  facet normal 0 0 -1
    outer loop
      vertex 23.2 -7.67712 2.5
      vertex 23.9854 -8.24776 2.5
      vertex 23.8627 -8.27383 2.5
    endloop
  endfacet
  facet normal -0 0 -1
    outer loop
      vertex 24.2015 -4.12271 2.5
      vertex 23.2 -4.56859 2.5
      vertex 24.1 -4.04898 2.5
    endloop
  endfacet
  facet normal 0 0 -1
    outer loop
      vertex 23.2 -7.67712 2.5
      vertex 23.8627 -8.27383 2.5
      vertex 23.7373 -8.27383 2.5
    endloop
  endfacet
  facet normal -0 0 -1
    outer loop
      vertex 24.1 -4.04898 2.5
      vertex 23.2 -4.56859 2.5
      vertex 23.9854 -3.99796 2.5
    endloop
  endfacet
  facet normal 0 0 -1
    outer loop
      vertex 23.2 -7.67712 2.5
      vertex 23.7373 -8.27383 2.5
      vertex 23.6146 -8.24776 2.5
    endloop
  endfacet
  facet normal -0 0 -1
    outer loop
      vertex 23.9854 -3.99796 2.5
      vertex 23.2 -4.56859 2.5
      vertex 23.8627 -3.97188 2.5
    endloop
  endfacet
  facet normal 0 0 -1
    outer loop
      vertex 23.2 -7.67712 2.5
      vertex 23.6146 -8.24776 2.5
      vertex 23.5 -8.19673 2.5
    endloop
  endfacet
  facet normal -0 0 -1
    outer loop
      vertex 23.8627 -3.97188 2.5
      vertex 23.2 -4.56859 2.5
      vertex 23.7373 -3.97188 2.5
    endloop
  endfacet
  facet normal 0 0 -1
    outer loop
      vertex 23.2 -7.67712 2.5
      vertex 23.5 -8.19673 2.5
      vertex 23.3985 -8.123 2.5
    endloop
  endfacet
  facet normal 0 0 -1
    outer loop
      vertex 23.7373 -3.97188 2.5
      vertex 23.2 -4.56859 2.5
      vertex 23.6146 -3.99796 2.5
    endloop
  endfacet
  facet normal 0 0 -1
    outer loop
      vertex 23.2 -7.67712 2.5
      vertex 23.3985 -8.123 2.5
      vertex 23.3146 -8.02979 2.5
    endloop
  endfacet
  facet normal 0 0 -1
    outer loop
      vertex 23.6146 -3.99796 2.5
      vertex 23.2 -4.56859 2.5
      vertex 23.5 -4.04898 2.5
    endloop
  endfacet
  facet normal 0 0 -1
    outer loop
      vertex 23.2 -7.67712 2.5
      vertex 23.3146 -8.02979 2.5
      vertex 23.2519 -7.92116 2.5
    endloop
  endfacet
  facet normal 0 0 -1
    outer loop
      vertex 23.5 -4.04898 2.5
      vertex 23.2 -4.56859 2.5
      vertex 23.3985 -4.12271 2.5
    endloop
  endfacet
  facet normal 0 0 -1
    outer loop
      vertex 23.2 -7.67712 2.5
      vertex 23.2519 -7.92116 2.5
      vertex 23.2131 -7.80186 2.5
    endloop
  endfacet
  facet normal 0 0 -1
    outer loop
      vertex 23.3985 -4.12271 2.5
      vertex 23.2 -4.56859 2.5
      vertex 23.3146 -4.21593 2.5
    endloop
  endfacet
  facet normal 0 0 -1
    outer loop
      vertex 23.3146 -4.21593 2.5
      vertex 23.2 -4.56859 2.5
      vertex 23.2519 -4.32455 2.5
    endloop
  endfacet
  facet normal 0 0 -1
    outer loop
      vertex 23.2519 -4.32455 2.5
      vertex 23.2 -4.56859 2.5
      vertex 23.2131 -4.44385 2.5
    endloop
  endfacet
  facet normal 0 0 -1
    outer loop
      vertex -12.2015 -13.9854 2.5
      vertex -12.1754 -13.7373 2.5
      vertex -12.1754 -13.8627 2.5
    endloop
  endfacet
  facet normal 0 0 -1
    outer loop
      vertex -12.2015 -13.9854 2.5
      vertex -12.2015 -13.6146 2.5
      vertex -12.1754 -13.7373 2.5
    endloop
  endfacet
  facet normal 0 0 -1
    outer loop
      vertex -12.2525 -14.1 2.5
      vertex -12.2015 -13.6146 2.5
      vertex -12.2015 -13.9854 2.5
    endloop
  endfacet
  facet normal 0 0 -1
    outer loop
      vertex -12.2525 -14.1 2.5
      vertex -12.2525 -13.5 2.5
      vertex -12.2015 -13.6146 2.5
    endloop
  endfacet
  facet normal 0 0 -1
    outer loop
      vertex -12.3262 -14.2015 2.5
      vertex -12.2525 -13.5 2.5
      vertex -12.2525 -14.1 2.5
    endloop
  endfacet
  facet normal 0 0 -1
    outer loop
      vertex -12.3262 -14.2015 2.5
      vertex -12.3262 -13.3985 2.5
      vertex -12.2525 -13.5 2.5
    endloop
  endfacet
  facet normal 0 0 -1
    outer loop
      vertex -12.4194 -14.2854 2.5
      vertex -12.3262 -13.3985 2.5
      vertex -12.3262 -14.2015 2.5
    endloop
  endfacet
  facet normal 0 0 -1
    outer loop
      vertex -12.4194 -14.2854 2.5
      vertex -12.4194 -13.3146 2.5
      vertex -12.3262 -13.3985 2.5
    endloop
  endfacet
  facet normal 0 0 -1
    outer loop
      vertex -12.5281 -14.3481 2.5
      vertex -12.4194 -13.3146 2.5
      vertex -12.4194 -14.2854 2.5
    endloop
  endfacet
  facet normal 0 0 -1
    outer loop
      vertex -12.5281 -14.3481 2.5
      vertex -12.5281 -13.2519 2.5
      vertex -12.4194 -13.3146 2.5
    endloop
  endfacet
  facet normal 0 0 -1
    outer loop
      vertex -12.6474 -14.3869 2.5
      vertex -12.5281 -13.2519 2.5
      vertex -12.5281 -14.3481 2.5
    endloop
  endfacet
  facet normal 0 0 -1
    outer loop
      vertex -12.6474 -14.3869 2.5
      vertex -12.6474 -13.2131 2.5
      vertex -12.5281 -13.2519 2.5
    endloop
  endfacet
  facet normal 0 0 -1
    outer loop
      vertex -12.7721 -14.4 2.5
      vertex -12.6474 -13.2131 2.5
      vertex -12.6474 -14.3869 2.5
    endloop
  endfacet
  facet normal 0 0 -1
    outer loop
      vertex -12.7721 -14.4 2.5
      vertex -12.7721 -13.2 2.5
      vertex -12.6474 -13.2131 2.5
    endloop
  endfacet
  facet normal 0 0 -1
    outer loop
      vertex -16.4856 -14.4 2.5
      vertex -12.7721 -13.2 2.5
      vertex -12.7721 -14.4 2.5
    endloop
  endfacet
  facet normal 0 0 -1
    outer loop
      vertex -16.4856 -14.4 2.5
      vertex -16.4856 -13.2 2.5
      vertex -12.7721 -13.2 2.5
    endloop
  endfacet
  facet normal 0 0 -1
    outer loop
      vertex -16.6103 -14.3869 2.5
      vertex -16.4856 -13.2 2.5
      vertex -16.4856 -14.4 2.5
    endloop
  endfacet
  facet normal 0 0 -1
    outer loop
      vertex -16.6103 -14.3869 2.5
      vertex -16.6103 -13.2131 2.5
      vertex -16.4856 -13.2 2.5
    endloop
  endfacet
  facet normal 0 0 -1
    outer loop
      vertex -16.7296 -14.3481 2.5
      vertex -16.6103 -13.2131 2.5
      vertex -16.6103 -14.3869 2.5
    endloop
  endfacet
  facet normal 0 0 -1
    outer loop
      vertex -16.7296 -14.3481 2.5
      vertex -16.7296 -13.2519 2.5
      vertex -16.6103 -13.2131 2.5
    endloop
  endfacet
  facet normal 0 0 -1
    outer loop
      vertex -16.8382 -14.2854 2.5
      vertex -16.7296 -13.2519 2.5
      vertex -16.7296 -14.3481 2.5
    endloop
  endfacet
  facet normal 0 0 -1
    outer loop
      vertex -16.8382 -14.2854 2.5
      vertex -16.8382 -13.3146 2.5
      vertex -16.7296 -13.2519 2.5
    endloop
  endfacet
  facet normal 0 0 -1
    outer loop
      vertex -16.9314 -14.2015 2.5
      vertex -16.8382 -13.3146 2.5
      vertex -16.8382 -14.2854 2.5
    endloop
  endfacet
  facet normal 0 0 -1
    outer loop
      vertex -16.9314 -14.2015 2.5
      vertex -16.9314 -13.3985 2.5
      vertex -16.8382 -13.3146 2.5
    endloop
  endfacet
  facet normal 0 0 -1
    outer loop
      vertex -17.0052 -14.1 2.5
      vertex -16.9314 -13.3985 2.5
      vertex -16.9314 -14.2015 2.5
    endloop
  endfacet
  facet normal 0 0 -1
    outer loop
      vertex -17.0052 -14.1 2.5
      vertex -17.0052 -13.5 2.5
      vertex -16.9314 -13.3985 2.5
    endloop
  endfacet
  facet normal 0 0 -1
    outer loop
      vertex -17.0562 -13.9854 2.5
      vertex -17.0052 -13.5 2.5
      vertex -17.0052 -14.1 2.5
    endloop
  endfacet
  facet normal 0 0 -1
    outer loop
      vertex -17.0562 -13.9854 2.5
      vertex -17.0562 -13.6146 2.5
      vertex -17.0052 -13.5 2.5
    endloop
  endfacet
  facet normal 0 0 -1
    outer loop
      vertex -17.0823 -13.8627 2.5
      vertex -17.0562 -13.6146 2.5
      vertex -17.0562 -13.9854 2.5
    endloop
  endfacet
  facet normal 0 0 -1
    outer loop
      vertex -17.0562 -13.6146 2.5
      vertex -17.0823 -13.8627 2.5
      vertex -17.0823 -13.7373 2.5
    endloop
  endfacet
  facet normal 0 0 -1
    outer loop
      vertex -4.88704 -13.9854 2.5
      vertex -4.86096 -13.7373 2.5
      vertex -4.86096 -13.8627 2.5
    endloop
  endfacet
  facet normal 0 0 -1
    outer loop
      vertex -4.88704 -13.9854 2.5
      vertex -4.88704 -13.6146 2.5
      vertex -4.86096 -13.7373 2.5
    endloop
  endfacet
  facet normal 0 0 -1
    outer loop
      vertex -4.93806 -14.1 2.5
      vertex -4.88704 -13.6146 2.5
      vertex -4.88704 -13.9854 2.5
    endloop
  endfacet
  facet normal 0 0 -1
    outer loop
      vertex -4.93806 -14.1 2.5
      vertex -4.93806 -13.5 2.5
      vertex -4.88704 -13.6146 2.5
    endloop
  endfacet
  facet normal 0 0 -1
    outer loop
      vertex -5.0118 -14.2015 2.5
      vertex -4.93806 -13.5 2.5
      vertex -4.93806 -14.1 2.5
    endloop
  endfacet
  facet normal 0 0 -1
    outer loop
      vertex -5.0118 -14.2015 2.5
      vertex -5.0118 -13.3985 2.5
      vertex -4.93806 -13.5 2.5
    endloop
  endfacet
  facet normal 0 0 -1
    outer loop
      vertex -5.10501 -14.2854 2.5
      vertex -5.0118 -13.3985 2.5
      vertex -5.0118 -14.2015 2.5
    endloop
  endfacet
  facet normal 0 0 -1
    outer loop
      vertex -5.10501 -14.2854 2.5
      vertex -5.10501 -13.3146 2.5
      vertex -5.0118 -13.3985 2.5
    endloop
  endfacet
  facet normal 0 0 -1
    outer loop
      vertex -5.21364 -14.3481 2.5
      vertex -5.10501 -13.3146 2.5
      vertex -5.10501 -14.2854 2.5
    endloop
  endfacet
  facet normal 0 0 -1
    outer loop
      vertex -5.21364 -14.3481 2.5
      vertex -5.21364 -13.2519 2.5
      vertex -5.10501 -13.3146 2.5
    endloop
  endfacet
  facet normal 0 0 -1
    outer loop
      vertex -5.33293 -14.3869 2.5
      vertex -5.21364 -13.2519 2.5
      vertex -5.21364 -14.3481 2.5
    endloop
  endfacet
  facet normal 0 0 -1
    outer loop
      vertex -5.33293 -14.3869 2.5
      vertex -5.33293 -13.2131 2.5
      vertex -5.21364 -13.2519 2.5
    endloop
  endfacet
  facet normal 0 0 -1
    outer loop
      vertex -5.45767 -14.4 2.5
      vertex -5.33293 -13.2131 2.5
      vertex -5.33293 -14.3869 2.5
    endloop
  endfacet
  facet normal 0 0 -1
    outer loop
      vertex -5.45767 -14.4 2.5
      vertex -5.45767 -13.2 2.5
      vertex -5.33293 -13.2131 2.5
    endloop
  endfacet
  facet normal 0 0 -1
    outer loop
      vertex -9.17116 -14.4 2.5
      vertex -5.45767 -13.2 2.5
      vertex -5.45767 -14.4 2.5
    endloop
  endfacet
  facet normal 0 0 -1
    outer loop
      vertex -9.17116 -14.4 2.5
      vertex -9.17116 -13.2 2.5
      vertex -5.45767 -13.2 2.5
    endloop
  endfacet
  facet normal 0 0 -1
    outer loop
      vertex -9.2959 -14.3869 2.5
      vertex -9.17116 -13.2 2.5
      vertex -9.17116 -14.4 2.5
    endloop
  endfacet
  facet normal 0 0 -1
    outer loop
      vertex -9.2959 -14.3869 2.5
      vertex -9.2959 -13.2131 2.5
      vertex -9.17116 -13.2 2.5
    endloop
  endfacet
  facet normal 0 0 -1
    outer loop
      vertex -9.41519 -14.3481 2.5
      vertex -9.2959 -13.2131 2.5
      vertex -9.2959 -14.3869 2.5
    endloop
  endfacet
  facet normal 0 0 -1
    outer loop
      vertex -9.41519 -14.3481 2.5
      vertex -9.41519 -13.2519 2.5
      vertex -9.2959 -13.2131 2.5
    endloop
  endfacet
  facet normal 0 0 -1
    outer loop
      vertex -9.52382 -14.2854 2.5
      vertex -9.41519 -13.2519 2.5
      vertex -9.41519 -14.3481 2.5
    endloop
  endfacet
  facet normal 0 0 -1
    outer loop
      vertex -9.52382 -14.2854 2.5
      vertex -9.52382 -13.3146 2.5
      vertex -9.41519 -13.2519 2.5
    endloop
  endfacet
  facet normal 0 0 -1
    outer loop
      vertex -9.61703 -14.2015 2.5
      vertex -9.52382 -13.3146 2.5
      vertex -9.52382 -14.2854 2.5
    endloop
  endfacet
  facet normal 0 0 -1
    outer loop
      vertex -9.61703 -14.2015 2.5
      vertex -9.61703 -13.3985 2.5
      vertex -9.52382 -13.3146 2.5
    endloop
  endfacet
  facet normal 0 0 -1
    outer loop
      vertex -9.69077 -14.1 2.5
      vertex -9.61703 -13.3985 2.5
      vertex -9.61703 -14.2015 2.5
    endloop
  endfacet
  facet normal 0 0 -1
    outer loop
      vertex -9.69077 -14.1 2.5
      vertex -9.69077 -13.5 2.5
      vertex -9.61703 -13.3985 2.5
    endloop
  endfacet
  facet normal 0 0 -1
    outer loop
      vertex -9.74179 -13.9854 2.5
      vertex -9.69077 -13.5 2.5
      vertex -9.69077 -14.1 2.5
    endloop
  endfacet
  facet normal 0 0 -1
    outer loop
      vertex -9.74179 -13.9854 2.5
      vertex -9.74179 -13.6146 2.5
      vertex -9.69077 -13.5 2.5
    endloop
  endfacet
  facet normal 0 0 -1
    outer loop
      vertex -9.76787 -13.8627 2.5
      vertex -9.74179 -13.6146 2.5
      vertex -9.74179 -13.9854 2.5
    endloop
  endfacet
  facet normal 0 0 -1
    outer loop
      vertex -9.74179 -13.6146 2.5
      vertex -9.76787 -13.8627 2.5
      vertex -9.76787 -13.7373 2.5
    endloop
  endfacet
  facet normal 0 0 -1
    outer loop
      vertex 2.42737 -13.9854 2.5
      vertex 2.45345 -13.7373 2.5
      vertex 2.45345 -13.8627 2.5
    endloop
  endfacet
  facet normal 0 0 -1
    outer loop
      vertex 2.42737 -13.9854 2.5
      vertex 2.42737 -13.6146 2.5
      vertex 2.45345 -13.7373 2.5
    endloop
  endfacet
  facet normal 0 0 -1
    outer loop
      vertex 2.37634 -14.1 2.5
      vertex 2.42737 -13.6146 2.5
      vertex 2.42737 -13.9854 2.5
    endloop
  endfacet
  facet normal 0 0 -1
    outer loop
      vertex 2.37634 -14.1 2.5
      vertex 2.37634 -13.5 2.5
      vertex 2.42737 -13.6146 2.5
    endloop
  endfacet
  facet normal 0 0 -1
    outer loop
      vertex 2.30261 -14.2015 2.5
      vertex 2.37634 -13.5 2.5
      vertex 2.37634 -14.1 2.5
    endloop
  endfacet
  facet normal 0 0 -1
    outer loop
      vertex 2.30261 -14.2015 2.5
      vertex 2.30261 -13.3985 2.5
      vertex 2.37634 -13.5 2.5
    endloop
  endfacet
  facet normal 0 0 -1
    outer loop
      vertex 2.2094 -14.2854 2.5
      vertex 2.30261 -13.3985 2.5
      vertex 2.30261 -14.2015 2.5
    endloop
  endfacet
  facet normal 0 0 -1
    outer loop
      vertex 2.2094 -14.2854 2.5
      vertex 2.2094 -13.3146 2.5
      vertex 2.30261 -13.3985 2.5
    endloop
  endfacet
  facet normal 0 0 -1
    outer loop
      vertex 2.10077 -14.3481 2.5
      vertex 2.2094 -13.3146 2.5
      vertex 2.2094 -14.2854 2.5
    endloop
  endfacet
  facet normal 0 0 -1
    outer loop
      vertex 2.10077 -14.3481 2.5
      vertex 2.10077 -13.2519 2.5
      vertex 2.2094 -13.3146 2.5
    endloop
  endfacet
  facet normal 0 0 -1
    outer loop
      vertex 1.98148 -14.3869 2.5
      vertex 2.10077 -13.2519 2.5
      vertex 2.10077 -14.3481 2.5
    endloop
  endfacet
  facet normal 0 0 -1
    outer loop
      vertex 1.98148 -14.3869 2.5
      vertex 1.98148 -13.2131 2.5
      vertex 2.10077 -13.2519 2.5
    endloop
  endfacet
  facet normal 0 0 -1
    outer loop
      vertex 1.85674 -14.4 2.5
      vertex 1.98148 -13.2131 2.5
      vertex 1.98148 -14.3869 2.5
    endloop
  endfacet
  facet normal 0 0 -1
    outer loop
      vertex 1.85674 -14.4 2.5
      vertex 1.85674 -13.2 2.5
      vertex 1.98148 -13.2131 2.5
    endloop
  endfacet
  facet normal 0 0 -1
    outer loop
      vertex -1.85674 -14.4 2.5
      vertex 1.85674 -13.2 2.5
      vertex 1.85674 -14.4 2.5
    endloop
  endfacet
  facet normal 0 0 -1
    outer loop
      vertex -1.85674 -14.4 2.5
      vertex -1.85674 -13.2 2.5
      vertex 1.85674 -13.2 2.5
    endloop
  endfacet
  facet normal 0 0 -1
    outer loop
      vertex -1.98148 -14.3869 2.5
      vertex -1.85674 -13.2 2.5
      vertex -1.85674 -14.4 2.5
    endloop
  endfacet
  facet normal 0 0 -1
    outer loop
      vertex -1.98148 -14.3869 2.5
      vertex -1.98148 -13.2131 2.5
      vertex -1.85674 -13.2 2.5
    endloop
  endfacet
  facet normal 0 0 -1
    outer loop
      vertex -2.10077 -14.3481 2.5
      vertex -1.98148 -13.2131 2.5
      vertex -1.98148 -14.3869 2.5
    endloop
  endfacet
  facet normal 0 0 -1
    outer loop
      vertex -2.10077 -14.3481 2.5
      vertex -2.10077 -13.2519 2.5
      vertex -1.98148 -13.2131 2.5
    endloop
  endfacet
  facet normal 0 0 -1
    outer loop
      vertex -2.2094 -14.2854 2.5
      vertex -2.10077 -13.2519 2.5
      vertex -2.10077 -14.3481 2.5
    endloop
  endfacet
  facet normal 0 0 -1
    outer loop
      vertex -2.2094 -14.2854 2.5
      vertex -2.2094 -13.3146 2.5
      vertex -2.10077 -13.2519 2.5
    endloop
  endfacet
  facet normal 0 0 -1
    outer loop
      vertex -2.30261 -14.2015 2.5
      vertex -2.2094 -13.3146 2.5
      vertex -2.2094 -14.2854 2.5
    endloop
  endfacet
  facet normal 0 0 -1
    outer loop
      vertex -2.30261 -14.2015 2.5
      vertex -2.30261 -13.3985 2.5
      vertex -2.2094 -13.3146 2.5
    endloop
  endfacet
  facet normal 0 0 -1
    outer loop
      vertex -2.37634 -14.1 2.5
      vertex -2.30261 -13.3985 2.5
      vertex -2.30261 -14.2015 2.5
    endloop
  endfacet
  facet normal 0 0 -1
    outer loop
      vertex -2.37634 -14.1 2.5
      vertex -2.37634 -13.5 2.5
      vertex -2.30261 -13.3985 2.5
    endloop
  endfacet
  facet normal 0 0 -1
    outer loop
      vertex -2.42737 -13.9854 2.5
      vertex -2.37634 -13.5 2.5
      vertex -2.37634 -14.1 2.5
    endloop
  endfacet
  facet normal 0 0 -1
    outer loop
      vertex -2.42737 -13.9854 2.5
      vertex -2.42737 -13.6146 2.5
      vertex -2.37634 -13.5 2.5
    endloop
  endfacet
  facet normal 0 0 -1
    outer loop
      vertex -2.45345 -13.8627 2.5
      vertex -2.42737 -13.6146 2.5
      vertex -2.42737 -13.9854 2.5
    endloop
  endfacet
  facet normal 0 0 -1
    outer loop
      vertex -2.42737 -13.6146 2.5
      vertex -2.45345 -13.8627 2.5
      vertex -2.45345 -13.7373 2.5
    endloop
  endfacet
  facet normal 0 0 -1
    outer loop
      vertex 9.74179 -13.9854 2.5
      vertex 9.76787 -13.7373 2.5
      vertex 9.76787 -13.8627 2.5
    endloop
  endfacet
  facet normal 0 0 -1
    outer loop
      vertex 9.74179 -13.9854 2.5
      vertex 9.74179 -13.6146 2.5
      vertex 9.76787 -13.7373 2.5
    endloop
  endfacet
  facet normal 0 0 -1
    outer loop
      vertex 9.69077 -14.1 2.5
      vertex 9.74179 -13.6146 2.5
      vertex 9.74179 -13.9854 2.5
    endloop
  endfacet
  facet normal 0 0 -1
    outer loop
      vertex 9.69077 -14.1 2.5
      vertex 9.69077 -13.5 2.5
      vertex 9.74179 -13.6146 2.5
    endloop
  endfacet
  facet normal 0 0 -1
    outer loop
      vertex 9.61703 -14.2015 2.5
      vertex 9.69077 -13.5 2.5
      vertex 9.69077 -14.1 2.5
    endloop
  endfacet
  facet normal 0 0 -1
    outer loop
      vertex 9.61703 -14.2015 2.5
      vertex 9.61703 -13.3985 2.5
      vertex 9.69077 -13.5 2.5
    endloop
  endfacet
  facet normal 0 0 -1
    outer loop
      vertex 9.52382 -14.2854 2.5
      vertex 9.61703 -13.3985 2.5
      vertex 9.61703 -14.2015 2.5
    endloop
  endfacet
  facet normal 0 0 -1
    outer loop
      vertex 9.52382 -14.2854 2.5
      vertex 9.52382 -13.3146 2.5
      vertex 9.61703 -13.3985 2.5
    endloop
  endfacet
  facet normal 0 0 -1
    outer loop
      vertex 9.41519 -14.3481 2.5
      vertex 9.52382 -13.3146 2.5
      vertex 9.52382 -14.2854 2.5
    endloop
  endfacet
  facet normal 0 0 -1
    outer loop
      vertex 9.41519 -14.3481 2.5
      vertex 9.41519 -13.2519 2.5
      vertex 9.52382 -13.3146 2.5
    endloop
  endfacet
  facet normal 0 0 -1
    outer loop
      vertex 9.2959 -14.3869 2.5
      vertex 9.41519 -13.2519 2.5
      vertex 9.41519 -14.3481 2.5
    endloop
  endfacet
  facet normal 0 0 -1
    outer loop
      vertex 9.2959 -14.3869 2.5
      vertex 9.2959 -13.2131 2.5
      vertex 9.41519 -13.2519 2.5
    endloop
  endfacet
  facet normal 0 0 -1
    outer loop
      vertex 9.17116 -14.4 2.5
      vertex 9.2959 -13.2131 2.5
      vertex 9.2959 -14.3869 2.5
    endloop
  endfacet
  facet normal 0 0 -1
    outer loop
      vertex 9.17116 -14.4 2.5
      vertex 9.17116 -13.2 2.5
      vertex 9.2959 -13.2131 2.5
    endloop
  endfacet
  facet normal 0 0 -1
    outer loop
      vertex 5.45767 -14.4 2.5
      vertex 9.17116 -13.2 2.5
      vertex 9.17116 -14.4 2.5
    endloop
  endfacet
  facet normal 0 0 -1
    outer loop
      vertex 5.45767 -14.4 2.5
      vertex 5.45767 -13.2 2.5
      vertex 9.17116 -13.2 2.5
    endloop
  endfacet
  facet normal 0 0 -1
    outer loop
      vertex 5.33293 -14.3869 2.5
      vertex 5.45767 -13.2 2.5
      vertex 5.45767 -14.4 2.5
    endloop
  endfacet
  facet normal 0 0 -1
    outer loop
      vertex 5.33293 -14.3869 2.5
      vertex 5.33293 -13.2131 2.5
      vertex 5.45767 -13.2 2.5
    endloop
  endfacet
  facet normal 0 0 -1
    outer loop
      vertex 5.21364 -14.3481 2.5
      vertex 5.33293 -13.2131 2.5
      vertex 5.33293 -14.3869 2.5
    endloop
  endfacet
  facet normal 0 0 -1
    outer loop
      vertex 5.21364 -14.3481 2.5
      vertex 5.21364 -13.2519 2.5
      vertex 5.33293 -13.2131 2.5
    endloop
  endfacet
  facet normal 0 0 -1
    outer loop
      vertex 5.10501 -14.2854 2.5
      vertex 5.21364 -13.2519 2.5
      vertex 5.21364 -14.3481 2.5
    endloop
  endfacet
  facet normal 0 0 -1
    outer loop
      vertex 5.10501 -14.2854 2.5
      vertex 5.10501 -13.3146 2.5
      vertex 5.21364 -13.2519 2.5
    endloop
  endfacet
  facet normal 0 0 -1
    outer loop
      vertex 5.0118 -14.2015 2.5
      vertex 5.10501 -13.3146 2.5
      vertex 5.10501 -14.2854 2.5
    endloop
  endfacet
  facet normal 0 0 -1
    outer loop
      vertex 5.0118 -14.2015 2.5
      vertex 5.0118 -13.3985 2.5
      vertex 5.10501 -13.3146 2.5
    endloop
  endfacet
  facet normal 0 0 -1
    outer loop
      vertex 4.93806 -14.1 2.5
      vertex 5.0118 -13.3985 2.5
      vertex 5.0118 -14.2015 2.5
    endloop
  endfacet
  facet normal 0 0 -1
    outer loop
      vertex 4.93806 -14.1 2.5
      vertex 4.93806 -13.5 2.5
      vertex 5.0118 -13.3985 2.5
    endloop
  endfacet
  facet normal 0 0 -1
    outer loop
      vertex 4.88704 -13.9854 2.5
      vertex 4.93806 -13.5 2.5
      vertex 4.93806 -14.1 2.5
    endloop
  endfacet
  facet normal 0 0 -1
    outer loop
      vertex 4.88704 -13.9854 2.5
      vertex 4.88704 -13.6146 2.5
      vertex 4.93806 -13.5 2.5
    endloop
  endfacet
  facet normal 0 0 -1
    outer loop
      vertex 4.86096 -13.8627 2.5
      vertex 4.88704 -13.6146 2.5
      vertex 4.88704 -13.9854 2.5
    endloop
  endfacet
  facet normal 0 0 -1
    outer loop
      vertex 4.88704 -13.6146 2.5
      vertex 4.86096 -13.8627 2.5
      vertex 4.86096 -13.7373 2.5
    endloop
  endfacet
  facet normal 0 0 -1
    outer loop
      vertex 17.0562 -13.9854 2.5
      vertex 17.0823 -13.7373 2.5
      vertex 17.0823 -13.8627 2.5
    endloop
  endfacet
  facet normal 0 0 -1
    outer loop
      vertex 17.0562 -13.9854 2.5
      vertex 17.0562 -13.6146 2.5
      vertex 17.0823 -13.7373 2.5
    endloop
  endfacet
  facet normal 0 0 -1
    outer loop
      vertex 17.0052 -14.1 2.5
      vertex 17.0562 -13.6146 2.5
      vertex 17.0562 -13.9854 2.5
    endloop
  endfacet
  facet normal 0 0 -1
    outer loop
      vertex 17.0052 -14.1 2.5
      vertex 17.0052 -13.5 2.5
      vertex 17.0562 -13.6146 2.5
    endloop
  endfacet
  facet normal 0 0 -1
    outer loop
      vertex 16.9314 -14.2015 2.5
      vertex 17.0052 -13.5 2.5
      vertex 17.0052 -14.1 2.5
    endloop
  endfacet
  facet normal 0 0 -1
    outer loop
      vertex 16.9314 -14.2015 2.5
      vertex 16.9314 -13.3985 2.5
      vertex 17.0052 -13.5 2.5
    endloop
  endfacet
  facet normal 0 0 -1
    outer loop
      vertex 16.8382 -14.2854 2.5
      vertex 16.9314 -13.3985 2.5
      vertex 16.9314 -14.2015 2.5
    endloop
  endfacet
  facet normal 0 0 -1
    outer loop
      vertex 16.8382 -14.2854 2.5
      vertex 16.8382 -13.3146 2.5
      vertex 16.9314 -13.3985 2.5
    endloop
  endfacet
  facet normal 0 0 -1
    outer loop
      vertex 16.7296 -14.3481 2.5
      vertex 16.8382 -13.3146 2.5
      vertex 16.8382 -14.2854 2.5
    endloop
  endfacet
  facet normal 0 0 -1
    outer loop
      vertex 16.7296 -14.3481 2.5
      vertex 16.7296 -13.2519 2.5
      vertex 16.8382 -13.3146 2.5
    endloop
  endfacet
  facet normal 0 0 -1
    outer loop
      vertex 16.6103 -14.3869 2.5
      vertex 16.7296 -13.2519 2.5
      vertex 16.7296 -14.3481 2.5
    endloop
  endfacet
  facet normal 0 0 -1
    outer loop
      vertex 16.6103 -14.3869 2.5
      vertex 16.6103 -13.2131 2.5
      vertex 16.7296 -13.2519 2.5
    endloop
  endfacet
  facet normal 0 0 -1
    outer loop
      vertex 16.4856 -14.4 2.5
      vertex 16.6103 -13.2131 2.5
      vertex 16.6103 -14.3869 2.5
    endloop
  endfacet
  facet normal 0 0 -1
    outer loop
      vertex 16.4856 -14.4 2.5
      vertex 16.4856 -13.2 2.5
      vertex 16.6103 -13.2131 2.5
    endloop
  endfacet
  facet normal 0 0 -1
    outer loop
      vertex 12.7721 -14.4 2.5
      vertex 16.4856 -13.2 2.5
      vertex 16.4856 -14.4 2.5
    endloop
  endfacet
  facet normal 0 0 -1
    outer loop
      vertex 12.7721 -14.4 2.5
      vertex 12.7721 -13.2 2.5
      vertex 16.4856 -13.2 2.5
    endloop
  endfacet
  facet normal 0 0 -1
    outer loop
      vertex 12.6474 -14.3869 2.5
      vertex 12.7721 -13.2 2.5
      vertex 12.7721 -14.4 2.5
    endloop
  endfacet
  facet normal 0 0 -1
    outer loop
      vertex 12.6474 -14.3869 2.5
      vertex 12.6474 -13.2131 2.5
      vertex 12.7721 -13.2 2.5
    endloop
  endfacet
  facet normal 0 0 -1
    outer loop
      vertex 12.5281 -14.3481 2.5
      vertex 12.6474 -13.2131 2.5
      vertex 12.6474 -14.3869 2.5
    endloop
  endfacet
  facet normal 0 0 -1
    outer loop
      vertex 12.5281 -14.3481 2.5
      vertex 12.5281 -13.2519 2.5
      vertex 12.6474 -13.2131 2.5
    endloop
  endfacet
  facet normal 0 0 -1
    outer loop
      vertex 12.4194 -14.2854 2.5
      vertex 12.5281 -13.2519 2.5
      vertex 12.5281 -14.3481 2.5
    endloop
  endfacet
  facet normal 0 0 -1
    outer loop
      vertex 12.4194 -14.2854 2.5
      vertex 12.4194 -13.3146 2.5
      vertex 12.5281 -13.2519 2.5
    endloop
  endfacet
  facet normal 0 0 -1
    outer loop
      vertex 12.3262 -14.2015 2.5
      vertex 12.4194 -13.3146 2.5
      vertex 12.4194 -14.2854 2.5
    endloop
  endfacet
  facet normal 0 0 -1
    outer loop
      vertex 12.3262 -14.2015 2.5
      vertex 12.3262 -13.3985 2.5
      vertex 12.4194 -13.3146 2.5
    endloop
  endfacet
  facet normal 0 0 -1
    outer loop
      vertex 12.2525 -14.1 2.5
      vertex 12.3262 -13.3985 2.5
      vertex 12.3262 -14.2015 2.5
    endloop
  endfacet
  facet normal 0 0 -1
    outer loop
      vertex 12.2525 -14.1 2.5
      vertex 12.2525 -13.5 2.5
      vertex 12.3262 -13.3985 2.5
    endloop
  endfacet
  facet normal 0 0 -1
    outer loop
      vertex 12.2015 -13.9854 2.5
      vertex 12.2525 -13.5 2.5
      vertex 12.2525 -14.1 2.5
    endloop
  endfacet
  facet normal 0 0 -1
    outer loop
      vertex 12.2015 -13.9854 2.5
      vertex 12.2015 -13.6146 2.5
      vertex 12.2525 -13.5 2.5
    endloop
  endfacet
  facet normal 0 0 -1
    outer loop
      vertex 12.1754 -13.8627 2.5
      vertex 12.2015 -13.6146 2.5
      vertex 12.2015 -13.9854 2.5
    endloop
  endfacet
  facet normal 0 0 -1
    outer loop
      vertex 12.2015 -13.6146 2.5
      vertex 12.1754 -13.8627 2.5
      vertex 12.1754 -13.7373 2.5
    endloop
  endfacet
  facet normal 0 0 1
    outer loop
      vertex -12.2015 13.9854 3.2
      vertex -12.1754 13.7373 3.2
      vertex -12.1754 13.8627 3.2
    endloop
  endfacet
  facet normal 0 0 1
    outer loop
      vertex -12.2015 13.9854 3.2
      vertex -12.2015 13.6146 3.2
      vertex -12.1754 13.7373 3.2
    endloop
  endfacet
  facet normal 0 0 1
    outer loop
      vertex -12.2525 14.1 3.2
      vertex -12.2015 13.6146 3.2
      vertex -12.2015 13.9854 3.2
    endloop
  endfacet
  facet normal 0 0 1
    outer loop
      vertex -12.2525 14.1 3.2
      vertex -12.2525 13.5 3.2
      vertex -12.2015 13.6146 3.2
    endloop
  endfacet
  facet normal 0 0 1
    outer loop
      vertex -12.3262 14.2015 3.2
      vertex -12.2525 13.5 3.2
      vertex -12.2525 14.1 3.2
    endloop
  endfacet
  facet normal 0 0 1
    outer loop
      vertex -12.3262 14.2015 3.2
      vertex -12.3262 13.3985 3.2
      vertex -12.2525 13.5 3.2
    endloop
  endfacet
  facet normal 0 0 1
    outer loop
      vertex -12.4194 14.2854 3.2
      vertex -12.3262 13.3985 3.2
      vertex -12.3262 14.2015 3.2
    endloop
  endfacet
  facet normal 0 0 1
    outer loop
      vertex -12.4194 14.2854 3.2
      vertex -12.4194 13.3146 3.2
      vertex -12.3262 13.3985 3.2
    endloop
  endfacet
  facet normal 0 0 1
    outer loop
      vertex -12.5281 14.3481 3.2
      vertex -12.4194 13.3146 3.2
      vertex -12.4194 14.2854 3.2
    endloop
  endfacet
  facet normal 0 0 1
    outer loop
      vertex -12.5281 14.3481 3.2
      vertex -12.5281 13.2519 3.2
      vertex -12.4194 13.3146 3.2
    endloop
  endfacet
  facet normal 0 0 1
    outer loop
      vertex -12.6474 14.3869 3.2
      vertex -12.5281 13.2519 3.2
      vertex -12.5281 14.3481 3.2
    endloop
  endfacet
  facet normal 0 0 1
    outer loop
      vertex -12.6474 14.3869 3.2
      vertex -12.6474 13.2131 3.2
      vertex -12.5281 13.2519 3.2
    endloop
  endfacet
  facet normal 0 0 1
    outer loop
      vertex -12.7721 14.4 3.2
      vertex -12.6474 13.2131 3.2
      vertex -12.6474 14.3869 3.2
    endloop
  endfacet
  facet normal 0 0 1
    outer loop
      vertex -12.7721 14.4 3.2
      vertex -12.7721 13.2 3.2
      vertex -12.6474 13.2131 3.2
    endloop
  endfacet
  facet normal -0 0 1
    outer loop
      vertex -16.4856 14.4 3.2
      vertex -12.7721 13.2 3.2
      vertex -12.7721 14.4 3.2
    endloop
  endfacet
  facet normal 0 0 1
    outer loop
      vertex -16.4856 14.4 3.2
      vertex -16.4856 13.2 3.2
      vertex -12.7721 13.2 3.2
    endloop
  endfacet
  facet normal -0 0 1
    outer loop
      vertex -16.6103 14.3869 3.2
      vertex -16.4856 13.2 3.2
      vertex -16.4856 14.4 3.2
    endloop
  endfacet
  facet normal 0 0 1
    outer loop
      vertex -16.6103 14.3869 3.2
      vertex -16.6103 13.2131 3.2
      vertex -16.4856 13.2 3.2
    endloop
  endfacet
  facet normal -0 0 1
    outer loop
      vertex -16.7296 14.3481 3.2
      vertex -16.6103 13.2131 3.2
      vertex -16.6103 14.3869 3.2
    endloop
  endfacet
  facet normal 0 0 1
    outer loop
      vertex -16.7296 14.3481 3.2
      vertex -16.7296 13.2519 3.2
      vertex -16.6103 13.2131 3.2
    endloop
  endfacet
  facet normal -0 0 1
    outer loop
      vertex -16.8382 14.2854 3.2
      vertex -16.7296 13.2519 3.2
      vertex -16.7296 14.3481 3.2
    endloop
  endfacet
  facet normal 0 0 1
    outer loop
      vertex -16.8382 14.2854 3.2
      vertex -16.8382 13.3146 3.2
      vertex -16.7296 13.2519 3.2
    endloop
  endfacet
  facet normal -0 0 1
    outer loop
      vertex -16.9314 14.2015 3.2
      vertex -16.8382 13.3146 3.2
      vertex -16.8382 14.2854 3.2
    endloop
  endfacet
  facet normal 0 0 1
    outer loop
      vertex -16.9314 14.2015 3.2
      vertex -16.9314 13.3985 3.2
      vertex -16.8382 13.3146 3.2
    endloop
  endfacet
  facet normal -0 0 1
    outer loop
      vertex -17.0052 14.1 3.2
      vertex -16.9314 13.3985 3.2
      vertex -16.9314 14.2015 3.2
    endloop
  endfacet
  facet normal 0 0 1
    outer loop
      vertex -17.0052 14.1 3.2
      vertex -17.0052 13.5 3.2
      vertex -16.9314 13.3985 3.2
    endloop
  endfacet
  facet normal -0 0 1
    outer loop
      vertex -17.0562 13.9854 3.2
      vertex -17.0052 13.5 3.2
      vertex -17.0052 14.1 3.2
    endloop
  endfacet
  facet normal 0 0 1
    outer loop
      vertex -17.0562 13.9854 3.2
      vertex -17.0562 13.6146 3.2
      vertex -17.0052 13.5 3.2
    endloop
  endfacet
  facet normal -0 0 1
    outer loop
      vertex -17.0823 13.8627 3.2
      vertex -17.0562 13.6146 3.2
      vertex -17.0562 13.9854 3.2
    endloop
  endfacet
  facet normal 0 0 1
    outer loop
      vertex -17.0562 13.6146 3.2
      vertex -17.0823 13.8627 3.2
      vertex -17.0823 13.7373 3.2
    endloop
  endfacet
  facet normal 0 0 1
    outer loop
      vertex -4.88704 13.9854 3.2
      vertex -4.86096 13.7373 3.2
      vertex -4.86096 13.8627 3.2
    endloop
  endfacet
  facet normal 0 0 1
    outer loop
      vertex -4.88704 13.9854 3.2
      vertex -4.88704 13.6146 3.2
      vertex -4.86096 13.7373 3.2
    endloop
  endfacet
  facet normal 0 0 1
    outer loop
      vertex -4.93806 14.1 3.2
      vertex -4.88704 13.6146 3.2
      vertex -4.88704 13.9854 3.2
    endloop
  endfacet
  facet normal 0 0 1
    outer loop
      vertex -4.93806 14.1 3.2
      vertex -4.93806 13.5 3.2
      vertex -4.88704 13.6146 3.2
    endloop
  endfacet
  facet normal 0 0 1
    outer loop
      vertex -5.0118 14.2015 3.2
      vertex -4.93806 13.5 3.2
      vertex -4.93806 14.1 3.2
    endloop
  endfacet
  facet normal 0 0 1
    outer loop
      vertex -5.0118 14.2015 3.2
      vertex -5.0118 13.3985 3.2
      vertex -4.93806 13.5 3.2
    endloop
  endfacet
  facet normal 0 0 1
    outer loop
      vertex -5.10501 14.2854 3.2
      vertex -5.0118 13.3985 3.2
      vertex -5.0118 14.2015 3.2
    endloop
  endfacet
  facet normal 0 0 1
    outer loop
      vertex -5.10501 14.2854 3.2
      vertex -5.10501 13.3146 3.2
      vertex -5.0118 13.3985 3.2
    endloop
  endfacet
  facet normal 0 0 1
    outer loop
      vertex -5.21364 14.3481 3.2
      vertex -5.10501 13.3146 3.2
      vertex -5.10501 14.2854 3.2
    endloop
  endfacet
  facet normal 0 0 1
    outer loop
      vertex -5.21364 14.3481 3.2
      vertex -5.21364 13.2519 3.2
      vertex -5.10501 13.3146 3.2
    endloop
  endfacet
  facet normal 0 0 1
    outer loop
      vertex -5.33293 14.3869 3.2
      vertex -5.21364 13.2519 3.2
      vertex -5.21364 14.3481 3.2
    endloop
  endfacet
  facet normal 0 0 1
    outer loop
      vertex -5.33293 14.3869 3.2
      vertex -5.33293 13.2131 3.2
      vertex -5.21364 13.2519 3.2
    endloop
  endfacet
  facet normal 0 0 1
    outer loop
      vertex -5.45767 14.4 3.2
      vertex -5.33293 13.2131 3.2
      vertex -5.33293 14.3869 3.2
    endloop
  endfacet
  facet normal 0 0 1
    outer loop
      vertex -5.45767 14.4 3.2
      vertex -5.45767 13.2 3.2
      vertex -5.33293 13.2131 3.2
    endloop
  endfacet
  facet normal -0 0 1
    outer loop
      vertex -9.17116 14.4 3.2
      vertex -5.45767 13.2 3.2
      vertex -5.45767 14.4 3.2
    endloop
  endfacet
  facet normal 0 0 1
    outer loop
      vertex -9.17116 14.4 3.2
      vertex -9.17116 13.2 3.2
      vertex -5.45767 13.2 3.2
    endloop
  endfacet
  facet normal -0 0 1
    outer loop
      vertex -9.2959 14.3869 3.2
      vertex -9.17116 13.2 3.2
      vertex -9.17116 14.4 3.2
    endloop
  endfacet
  facet normal 0 0 1
    outer loop
      vertex -9.2959 14.3869 3.2
      vertex -9.2959 13.2131 3.2
      vertex -9.17116 13.2 3.2
    endloop
  endfacet
  facet normal -0 0 1
    outer loop
      vertex -9.41519 14.3481 3.2
      vertex -9.2959 13.2131 3.2
      vertex -9.2959 14.3869 3.2
    endloop
  endfacet
  facet normal 0 0 1
    outer loop
      vertex -9.41519 14.3481 3.2
      vertex -9.41519 13.2519 3.2
      vertex -9.2959 13.2131 3.2
    endloop
  endfacet
  facet normal -0 0 1
    outer loop
      vertex -9.52382 14.2854 3.2
      vertex -9.41519 13.2519 3.2
      vertex -9.41519 14.3481 3.2
    endloop
  endfacet
  facet normal 0 0 1
    outer loop
      vertex -9.52382 14.2854 3.2
      vertex -9.52382 13.3146 3.2
      vertex -9.41519 13.2519 3.2
    endloop
  endfacet
  facet normal -0 0 1
    outer loop
      vertex -9.61703 14.2015 3.2
      vertex -9.52382 13.3146 3.2
      vertex -9.52382 14.2854 3.2
    endloop
  endfacet
  facet normal 0 0 1
    outer loop
      vertex -9.61703 14.2015 3.2
      vertex -9.61703 13.3985 3.2
      vertex -9.52382 13.3146 3.2
    endloop
  endfacet
  facet normal -0 0 1
    outer loop
      vertex -9.69077 14.1 3.2
      vertex -9.61703 13.3985 3.2
      vertex -9.61703 14.2015 3.2
    endloop
  endfacet
  facet normal 0 0 1
    outer loop
      vertex -9.69077 14.1 3.2
      vertex -9.69077 13.5 3.2
      vertex -9.61703 13.3985 3.2
    endloop
  endfacet
  facet normal -0 0 1
    outer loop
      vertex -9.74179 13.9854 3.2
      vertex -9.69077 13.5 3.2
      vertex -9.69077 14.1 3.2
    endloop
  endfacet
  facet normal 0 0 1
    outer loop
      vertex -9.74179 13.9854 3.2
      vertex -9.74179 13.6146 3.2
      vertex -9.69077 13.5 3.2
    endloop
  endfacet
  facet normal -0 0 1
    outer loop
      vertex -9.76787 13.8627 3.2
      vertex -9.74179 13.6146 3.2
      vertex -9.74179 13.9854 3.2
    endloop
  endfacet
  facet normal 0 0 1
    outer loop
      vertex -9.74179 13.6146 3.2
      vertex -9.76787 13.8627 3.2
      vertex -9.76787 13.7373 3.2
    endloop
  endfacet
  facet normal 0 0 1
    outer loop
      vertex 23.2 7.67712 3.2
      vertex 24.4 7.67712 3.2
      vertex 24.3869 7.80186 3.2
    endloop
  endfacet
  facet normal 0 0 1
    outer loop
      vertex 24.4 7.67712 3.2
      vertex 23.2 7.67712 3.2
      vertex 24.4 4.56859 3.2
    endloop
  endfacet
  facet normal 0 0 1
    outer loop
      vertex 23.2 7.67712 3.2
      vertex 24.3869 7.80186 3.2
      vertex 24.3481 7.92116 3.2
    endloop
  endfacet
  facet normal 0 0 1
    outer loop
      vertex 23.2 4.56859 3.2
      vertex 24.4 4.56859 3.2
      vertex 23.2 7.67712 3.2
    endloop
  endfacet
  facet normal 0 0 1
    outer loop
      vertex 23.2 7.67712 3.2
      vertex 24.3481 7.92116 3.2
      vertex 24.2854 8.02979 3.2
    endloop
  endfacet
  facet normal 0 0 1
    outer loop
      vertex 24.4 4.56859 3.2
      vertex 23.2 4.56859 3.2
      vertex 24.3869 4.44385 3.2
    endloop
  endfacet
  facet normal 0 0 1
    outer loop
      vertex 23.2 7.67712 3.2
      vertex 24.2854 8.02979 3.2
      vertex 24.2015 8.123 3.2
    endloop
  endfacet
  facet normal 0 0 1
    outer loop
      vertex 24.3869 4.44385 3.2
      vertex 23.2 4.56859 3.2
      vertex 24.3481 4.32455 3.2
    endloop
  endfacet
  facet normal 0 0 1
    outer loop
      vertex 23.2 7.67712 3.2
      vertex 24.2015 8.123 3.2
      vertex 24.1 8.19673 3.2
    endloop
  endfacet
  facet normal 0 0 1
    outer loop
      vertex 24.3481 4.32455 3.2
      vertex 23.2 4.56859 3.2
      vertex 24.2854 4.21593 3.2
    endloop
  endfacet
  facet normal 0 0 1
    outer loop
      vertex 23.2 7.67712 3.2
      vertex 24.1 8.19673 3.2
      vertex 23.9854 8.24776 3.2
    endloop
  endfacet
  facet normal 0 0 1
    outer loop
      vertex 24.2854 4.21593 3.2
      vertex 23.2 4.56859 3.2
      vertex 24.2015 4.12271 3.2
    endloop
  endfacet
  facet normal 0 0 1
    outer loop
      vertex 23.2 7.67712 3.2
      vertex 23.9854 8.24776 3.2
      vertex 23.8627 8.27383 3.2
    endloop
  endfacet
  facet normal 0 0 1
    outer loop
      vertex 24.2015 4.12271 3.2
      vertex 23.2 4.56859 3.2
      vertex 24.1 4.04898 3.2
    endloop
  endfacet
  facet normal 0 0 1
    outer loop
      vertex 23.2 7.67712 3.2
      vertex 23.8627 8.27383 3.2
      vertex 23.7373 8.27383 3.2
    endloop
  endfacet
  facet normal 0 0 1
    outer loop
      vertex 24.1 4.04898 3.2
      vertex 23.2 4.56859 3.2
      vertex 23.9854 3.99796 3.2
    endloop
  endfacet
  facet normal 0 0 1
    outer loop
      vertex 23.2 7.67712 3.2
      vertex 23.7373 8.27383 3.2
      vertex 23.6146 8.24776 3.2
    endloop
  endfacet
  facet normal 0 0 1
    outer loop
      vertex 23.9854 3.99796 3.2
      vertex 23.2 4.56859 3.2
      vertex 23.8627 3.97188 3.2
    endloop
  endfacet
  facet normal 0 0 1
    outer loop
      vertex 23.2 7.67712 3.2
      vertex 23.6146 8.24776 3.2
      vertex 23.5 8.19673 3.2
    endloop
  endfacet
  facet normal 0 0 1
    outer loop
      vertex 23.8627 3.97188 3.2
      vertex 23.2 4.56859 3.2
      vertex 23.7373 3.97188 3.2
    endloop
  endfacet
  facet normal 0 0 1
    outer loop
      vertex 23.2 7.67712 3.2
      vertex 23.5 8.19673 3.2
      vertex 23.3985 8.123 3.2
    endloop
  endfacet
  facet normal 0 0 1
    outer loop
      vertex 23.7373 3.97188 3.2
      vertex 23.2 4.56859 3.2
      vertex 23.6146 3.99796 3.2
    endloop
  endfacet
  facet normal 0 0 1
    outer loop
      vertex 23.2 7.67712 3.2
      vertex 23.3985 8.123 3.2
      vertex 23.3146 8.02979 3.2
    endloop
  endfacet
  facet normal 0 0 1
    outer loop
      vertex 23.6146 3.99796 3.2
      vertex 23.2 4.56859 3.2
      vertex 23.5 4.04898 3.2
    endloop
  endfacet
  facet normal 0 0 1
    outer loop
      vertex 23.2 7.67712 3.2
      vertex 23.3146 8.02979 3.2
      vertex 23.2519 7.92116 3.2
    endloop
  endfacet
  facet normal 0 0 1
    outer loop
      vertex 23.5 4.04898 3.2
      vertex 23.2 4.56859 3.2
      vertex 23.3985 4.12271 3.2
    endloop
  endfacet
  facet normal 0 0 1
    outer loop
      vertex 23.2 7.67712 3.2
      vertex 23.2519 7.92116 3.2
      vertex 23.2131 7.80186 3.2
    endloop
  endfacet
  facet normal 0 0 1
    outer loop
      vertex 23.3985 4.12271 3.2
      vertex 23.2 4.56859 3.2
      vertex 23.3146 4.21593 3.2
    endloop
  endfacet
  facet normal 0 0 1
    outer loop
      vertex 23.3146 4.21593 3.2
      vertex 23.2 4.56859 3.2
      vertex 23.2519 4.32455 3.2
    endloop
  endfacet
  facet normal 0 0 1
    outer loop
      vertex 23.2519 4.32455 3.2
      vertex 23.2 4.56859 3.2
      vertex 23.2131 4.44385 3.2
    endloop
  endfacet
  facet normal 0 0 1
    outer loop
      vertex 2.42737 13.9854 3.2
      vertex 2.45345 13.7373 3.2
      vertex 2.45345 13.8627 3.2
    endloop
  endfacet
  facet normal 0 0 1
    outer loop
      vertex 2.42737 13.9854 3.2
      vertex 2.42737 13.6146 3.2
      vertex 2.45345 13.7373 3.2
    endloop
  endfacet
  facet normal 0 0 1
    outer loop
      vertex 2.37634 14.1 3.2
      vertex 2.42737 13.6146 3.2
      vertex 2.42737 13.9854 3.2
    endloop
  endfacet
  facet normal 0 0 1
    outer loop
      vertex 2.37634 14.1 3.2
      vertex 2.37634 13.5 3.2
      vertex 2.42737 13.6146 3.2
    endloop
  endfacet
  facet normal 0 0 1
    outer loop
      vertex 2.30261 14.2015 3.2
      vertex 2.37634 13.5 3.2
      vertex 2.37634 14.1 3.2
    endloop
  endfacet
  facet normal 0 0 1
    outer loop
      vertex 2.30261 14.2015 3.2
      vertex 2.30261 13.3985 3.2
      vertex 2.37634 13.5 3.2
    endloop
  endfacet
  facet normal 0 0 1
    outer loop
      vertex 2.2094 14.2854 3.2
      vertex 2.30261 13.3985 3.2
      vertex 2.30261 14.2015 3.2
    endloop
  endfacet
  facet normal 0 0 1
    outer loop
      vertex 2.2094 14.2854 3.2
      vertex 2.2094 13.3146 3.2
      vertex 2.30261 13.3985 3.2
    endloop
  endfacet
  facet normal 0 0 1
    outer loop
      vertex 2.10077 14.3481 3.2
      vertex 2.2094 13.3146 3.2
      vertex 2.2094 14.2854 3.2
    endloop
  endfacet
  facet normal 0 0 1
    outer loop
      vertex 2.10077 14.3481 3.2
      vertex 2.10077 13.2519 3.2
      vertex 2.2094 13.3146 3.2
    endloop
  endfacet
  facet normal 0 0 1
    outer loop
      vertex 1.98148 14.3869 3.2
      vertex 2.10077 13.2519 3.2
      vertex 2.10077 14.3481 3.2
    endloop
  endfacet
  facet normal 0 0 1
    outer loop
      vertex 1.98148 14.3869 3.2
      vertex 1.98148 13.2131 3.2
      vertex 2.10077 13.2519 3.2
    endloop
  endfacet
  facet normal 0 0 1
    outer loop
      vertex 1.85674 14.4 3.2
      vertex 1.98148 13.2131 3.2
      vertex 1.98148 14.3869 3.2
    endloop
  endfacet
  facet normal 0 0 1
    outer loop
      vertex 1.85674 14.4 3.2
      vertex 1.85674 13.2 3.2
      vertex 1.98148 13.2131 3.2
    endloop
  endfacet
  facet normal -0 0 1
    outer loop
      vertex -1.85674 14.4 3.2
      vertex 1.85674 13.2 3.2
      vertex 1.85674 14.4 3.2
    endloop
  endfacet
  facet normal 0 0 1
    outer loop
      vertex -1.85674 14.4 3.2
      vertex -1.85674 13.2 3.2
      vertex 1.85674 13.2 3.2
    endloop
  endfacet
  facet normal -0 0 1
    outer loop
      vertex -1.98148 14.3869 3.2
      vertex -1.85674 13.2 3.2
      vertex -1.85674 14.4 3.2
    endloop
  endfacet
  facet normal 0 0 1
    outer loop
      vertex -1.98148 14.3869 3.2
      vertex -1.98148 13.2131 3.2
      vertex -1.85674 13.2 3.2
    endloop
  endfacet
  facet normal -0 0 1
    outer loop
      vertex -2.10077 14.3481 3.2
      vertex -1.98148 13.2131 3.2
      vertex -1.98148 14.3869 3.2
    endloop
  endfacet
  facet normal 0 0 1
    outer loop
      vertex -2.10077 14.3481 3.2
      vertex -2.10077 13.2519 3.2
      vertex -1.98148 13.2131 3.2
    endloop
  endfacet
  facet normal -0 0 1
    outer loop
      vertex -2.2094 14.2854 3.2
      vertex -2.10077 13.2519 3.2
      vertex -2.10077 14.3481 3.2
    endloop
  endfacet
  facet normal 0 0 1
    outer loop
      vertex -2.2094 14.2854 3.2
      vertex -2.2094 13.3146 3.2
      vertex -2.10077 13.2519 3.2
    endloop
  endfacet
  facet normal -0 0 1
    outer loop
      vertex -2.30261 14.2015 3.2
      vertex -2.2094 13.3146 3.2
      vertex -2.2094 14.2854 3.2
    endloop
  endfacet
  facet normal 0 0 1
    outer loop
      vertex -2.30261 14.2015 3.2
      vertex -2.30261 13.3985 3.2
      vertex -2.2094 13.3146 3.2
    endloop
  endfacet
  facet normal -0 0 1
    outer loop
      vertex -2.37634 14.1 3.2
      vertex -2.30261 13.3985 3.2
      vertex -2.30261 14.2015 3.2
    endloop
  endfacet
  facet normal 0 0 1
    outer loop
      vertex -2.37634 14.1 3.2
      vertex -2.37634 13.5 3.2
      vertex -2.30261 13.3985 3.2
    endloop
  endfacet
  facet normal -0 0 1
    outer loop
      vertex -2.42737 13.9854 3.2
      vertex -2.37634 13.5 3.2
      vertex -2.37634 14.1 3.2
    endloop
  endfacet
  facet normal 0 0 1
    outer loop
      vertex -2.42737 13.9854 3.2
      vertex -2.42737 13.6146 3.2
      vertex -2.37634 13.5 3.2
    endloop
  endfacet
  facet normal -0 0 1
    outer loop
      vertex -2.45345 13.8627 3.2
      vertex -2.42737 13.6146 3.2
      vertex -2.42737 13.9854 3.2
    endloop
  endfacet
  facet normal 0 0 1
    outer loop
      vertex -2.42737 13.6146 3.2
      vertex -2.45345 13.8627 3.2
      vertex -2.45345 13.7373 3.2
    endloop
  endfacet
  facet normal 0 0 1
    outer loop
      vertex 9.74179 13.9854 3.2
      vertex 9.76787 13.7373 3.2
      vertex 9.76787 13.8627 3.2
    endloop
  endfacet
  facet normal 0 0 1
    outer loop
      vertex 9.74179 13.9854 3.2
      vertex 9.74179 13.6146 3.2
      vertex 9.76787 13.7373 3.2
    endloop
  endfacet
  facet normal 0 0 1
    outer loop
      vertex 9.69077 14.1 3.2
      vertex 9.74179 13.6146 3.2
      vertex 9.74179 13.9854 3.2
    endloop
  endfacet
  facet normal 0 0 1
    outer loop
      vertex 9.69077 14.1 3.2
      vertex 9.69077 13.5 3.2
      vertex 9.74179 13.6146 3.2
    endloop
  endfacet
  facet normal 0 0 1
    outer loop
      vertex 9.61703 14.2015 3.2
      vertex 9.69077 13.5 3.2
      vertex 9.69077 14.1 3.2
    endloop
  endfacet
  facet normal 0 0 1
    outer loop
      vertex 9.61703 14.2015 3.2
      vertex 9.61703 13.3985 3.2
      vertex 9.69077 13.5 3.2
    endloop
  endfacet
  facet normal 0 0 1
    outer loop
      vertex 9.52382 14.2854 3.2
      vertex 9.61703 13.3985 3.2
      vertex 9.61703 14.2015 3.2
    endloop
  endfacet
  facet normal 0 0 1
    outer loop
      vertex 9.52382 14.2854 3.2
      vertex 9.52382 13.3146 3.2
      vertex 9.61703 13.3985 3.2
    endloop
  endfacet
  facet normal 0 0 1
    outer loop
      vertex 9.41519 14.3481 3.2
      vertex 9.52382 13.3146 3.2
      vertex 9.52382 14.2854 3.2
    endloop
  endfacet
  facet normal 0 0 1
    outer loop
      vertex 9.41519 14.3481 3.2
      vertex 9.41519 13.2519 3.2
      vertex 9.52382 13.3146 3.2
    endloop
  endfacet
  facet normal 0 0 1
    outer loop
      vertex 9.2959 14.3869 3.2
      vertex 9.41519 13.2519 3.2
      vertex 9.41519 14.3481 3.2
    endloop
  endfacet
  facet normal 0 0 1
    outer loop
      vertex 9.2959 14.3869 3.2
      vertex 9.2959 13.2131 3.2
      vertex 9.41519 13.2519 3.2
    endloop
  endfacet
  facet normal 0 0 1
    outer loop
      vertex 9.17116 14.4 3.2
      vertex 9.2959 13.2131 3.2
      vertex 9.2959 14.3869 3.2
    endloop
  endfacet
  facet normal 0 0 1
    outer loop
      vertex 9.17116 14.4 3.2
      vertex 9.17116 13.2 3.2
      vertex 9.2959 13.2131 3.2
    endloop
  endfacet
  facet normal -0 0 1
    outer loop
      vertex 5.45767 14.4 3.2
      vertex 9.17116 13.2 3.2
      vertex 9.17116 14.4 3.2
    endloop
  endfacet
  facet normal 0 0 1
    outer loop
      vertex 5.45767 14.4 3.2
      vertex 5.45767 13.2 3.2
      vertex 9.17116 13.2 3.2
    endloop
  endfacet
  facet normal -0 0 1
    outer loop
      vertex 5.33293 14.3869 3.2
      vertex 5.45767 13.2 3.2
      vertex 5.45767 14.4 3.2
    endloop
  endfacet
  facet normal 0 0 1
    outer loop
      vertex 5.33293 14.3869 3.2
      vertex 5.33293 13.2131 3.2
      vertex 5.45767 13.2 3.2
    endloop
  endfacet
  facet normal -0 0 1
    outer loop
      vertex 5.21364 14.3481 3.2
      vertex 5.33293 13.2131 3.2
      vertex 5.33293 14.3869 3.2
    endloop
  endfacet
  facet normal 0 0 1
    outer loop
      vertex 5.21364 14.3481 3.2
      vertex 5.21364 13.2519 3.2
      vertex 5.33293 13.2131 3.2
    endloop
  endfacet
  facet normal -0 0 1
    outer loop
      vertex 5.10501 14.2854 3.2
      vertex 5.21364 13.2519 3.2
      vertex 5.21364 14.3481 3.2
    endloop
  endfacet
  facet normal 0 0 1
    outer loop
      vertex 5.10501 14.2854 3.2
      vertex 5.10501 13.3146 3.2
      vertex 5.21364 13.2519 3.2
    endloop
  endfacet
  facet normal -0 0 1
    outer loop
      vertex 5.0118 14.2015 3.2
      vertex 5.10501 13.3146 3.2
      vertex 5.10501 14.2854 3.2
    endloop
  endfacet
  facet normal 0 0 1
    outer loop
      vertex 5.0118 14.2015 3.2
      vertex 5.0118 13.3985 3.2
      vertex 5.10501 13.3146 3.2
    endloop
  endfacet
  facet normal -0 0 1
    outer loop
      vertex 4.93806 14.1 3.2
      vertex 5.0118 13.3985 3.2
      vertex 5.0118 14.2015 3.2
    endloop
  endfacet
  facet normal 0 0 1
    outer loop
      vertex 4.93806 14.1 3.2
      vertex 4.93806 13.5 3.2
      vertex 5.0118 13.3985 3.2
    endloop
  endfacet
  facet normal -0 0 1
    outer loop
      vertex 4.88704 13.9854 3.2
      vertex 4.93806 13.5 3.2
      vertex 4.93806 14.1 3.2
    endloop
  endfacet
  facet normal 0 0 1
    outer loop
      vertex 4.88704 13.9854 3.2
      vertex 4.88704 13.6146 3.2
      vertex 4.93806 13.5 3.2
    endloop
  endfacet
  facet normal -0 0 1
    outer loop
      vertex 4.86096 13.8627 3.2
      vertex 4.88704 13.6146 3.2
      vertex 4.88704 13.9854 3.2
    endloop
  endfacet
  facet normal 0 0 1
    outer loop
      vertex 4.88704 13.6146 3.2
      vertex 4.86096 13.8627 3.2
      vertex 4.86096 13.7373 3.2
    endloop
  endfacet
  facet normal 0 0 1
    outer loop
      vertex 17.0562 13.9854 3.2
      vertex 17.0823 13.7373 3.2
      vertex 17.0823 13.8627 3.2
    endloop
  endfacet
  facet normal 0 0 1
    outer loop
      vertex 17.0562 13.9854 3.2
      vertex 17.0562 13.6146 3.2
      vertex 17.0823 13.7373 3.2
    endloop
  endfacet
  facet normal 0 0 1
    outer loop
      vertex 17.0052 14.1 3.2
      vertex 17.0562 13.6146 3.2
      vertex 17.0562 13.9854 3.2
    endloop
  endfacet
  facet normal 0 0 1
    outer loop
      vertex 17.0052 14.1 3.2
      vertex 17.0052 13.5 3.2
      vertex 17.0562 13.6146 3.2
    endloop
  endfacet
  facet normal 0 0 1
    outer loop
      vertex 16.9314 14.2015 3.2
      vertex 17.0052 13.5 3.2
      vertex 17.0052 14.1 3.2
    endloop
  endfacet
  facet normal 0 0 1
    outer loop
      vertex 16.9314 14.2015 3.2
      vertex 16.9314 13.3985 3.2
      vertex 17.0052 13.5 3.2
    endloop
  endfacet
  facet normal 0 0 1
    outer loop
      vertex 16.8382 14.2854 3.2
      vertex 16.9314 13.3985 3.2
      vertex 16.9314 14.2015 3.2
    endloop
  endfacet
  facet normal 0 0 1
    outer loop
      vertex 16.8382 14.2854 3.2
      vertex 16.8382 13.3146 3.2
      vertex 16.9314 13.3985 3.2
    endloop
  endfacet
  facet normal 0 0 1
    outer loop
      vertex 16.7296 14.3481 3.2
      vertex 16.8382 13.3146 3.2
      vertex 16.8382 14.2854 3.2
    endloop
  endfacet
  facet normal 0 0 1
    outer loop
      vertex 16.7296 14.3481 3.2
      vertex 16.7296 13.2519 3.2
      vertex 16.8382 13.3146 3.2
    endloop
  endfacet
  facet normal 0 0 1
    outer loop
      vertex 16.6103 14.3869 3.2
      vertex 16.7296 13.2519 3.2
      vertex 16.7296 14.3481 3.2
    endloop
  endfacet
  facet normal 0 0 1
    outer loop
      vertex 16.6103 14.3869 3.2
      vertex 16.6103 13.2131 3.2
      vertex 16.7296 13.2519 3.2
    endloop
  endfacet
  facet normal 0 0 1
    outer loop
      vertex 16.4856 14.4 3.2
      vertex 16.6103 13.2131 3.2
      vertex 16.6103 14.3869 3.2
    endloop
  endfacet
  facet normal 0 0 1
    outer loop
      vertex 16.4856 14.4 3.2
      vertex 16.4856 13.2 3.2
      vertex 16.6103 13.2131 3.2
    endloop
  endfacet
  facet normal -0 0 1
    outer loop
      vertex 12.7721 14.4 3.2
      vertex 16.4856 13.2 3.2
      vertex 16.4856 14.4 3.2
    endloop
  endfacet
  facet normal 0 0 1
    outer loop
      vertex 12.7721 14.4 3.2
      vertex 12.7721 13.2 3.2
      vertex 16.4856 13.2 3.2
    endloop
  endfacet
  facet normal -0 0 1
    outer loop
      vertex 12.6474 14.3869 3.2
      vertex 12.7721 13.2 3.2
      vertex 12.7721 14.4 3.2
    endloop
  endfacet
  facet normal 0 0 1
    outer loop
      vertex 12.6474 14.3869 3.2
      vertex 12.6474 13.2131 3.2
      vertex 12.7721 13.2 3.2
    endloop
  endfacet
  facet normal -0 0 1
    outer loop
      vertex 12.5281 14.3481 3.2
      vertex 12.6474 13.2131 3.2
      vertex 12.6474 14.3869 3.2
    endloop
  endfacet
  facet normal 0 0 1
    outer loop
      vertex 12.5281 14.3481 3.2
      vertex 12.5281 13.2519 3.2
      vertex 12.6474 13.2131 3.2
    endloop
  endfacet
  facet normal -0 0 1
    outer loop
      vertex 12.4194 14.2854 3.2
      vertex 12.5281 13.2519 3.2
      vertex 12.5281 14.3481 3.2
    endloop
  endfacet
  facet normal 0 0 1
    outer loop
      vertex 12.4194 14.2854 3.2
      vertex 12.4194 13.3146 3.2
      vertex 12.5281 13.2519 3.2
    endloop
  endfacet
  facet normal -0 0 1
    outer loop
      vertex 12.3262 14.2015 3.2
      vertex 12.4194 13.3146 3.2
      vertex 12.4194 14.2854 3.2
    endloop
  endfacet
  facet normal 0 0 1
    outer loop
      vertex 12.3262 14.2015 3.2
      vertex 12.3262 13.3985 3.2
      vertex 12.4194 13.3146 3.2
    endloop
  endfacet
  facet normal -0 0 1
    outer loop
      vertex 12.2525 14.1 3.2
      vertex 12.3262 13.3985 3.2
      vertex 12.3262 14.2015 3.2
    endloop
  endfacet
  facet normal 0 0 1
    outer loop
      vertex 12.2525 14.1 3.2
      vertex 12.2525 13.5 3.2
      vertex 12.3262 13.3985 3.2
    endloop
  endfacet
  facet normal -0 0 1
    outer loop
      vertex 12.2015 13.9854 3.2
      vertex 12.2525 13.5 3.2
      vertex 12.2525 14.1 3.2
    endloop
  endfacet
  facet normal 0 0 1
    outer loop
      vertex 12.2015 13.9854 3.2
      vertex 12.2015 13.6146 3.2
      vertex 12.2525 13.5 3.2
    endloop
  endfacet
  facet normal -0 0 1
    outer loop
      vertex 12.1754 13.8627 3.2
      vertex 12.2015 13.6146 3.2
      vertex 12.2015 13.9854 3.2
    endloop
  endfacet
  facet normal 0 0 1
    outer loop
      vertex 12.2015 13.6146 3.2
      vertex 12.1754 13.8627 3.2
      vertex 12.1754 13.7373 3.2
    endloop
  endfacet
  facet normal 0 0 1
    outer loop
      vertex -24.4 7.67712 3.2
      vertex -23.2 7.67712 3.2
      vertex -23.2131 7.80186 3.2
    endloop
  endfacet
  facet normal 0 0 1
    outer loop
      vertex -23.2 7.67712 3.2
      vertex -24.4 7.67712 3.2
      vertex -23.2 4.56859 3.2
    endloop
  endfacet
  facet normal 0 0 1
    outer loop
      vertex -24.4 7.67712 3.2
      vertex -23.2131 7.80186 3.2
      vertex -23.2519 7.92116 3.2
    endloop
  endfacet
  facet normal 0 0 1
    outer loop
      vertex -24.4 4.56859 3.2
      vertex -23.2 4.56859 3.2
      vertex -24.4 7.67712 3.2
    endloop
  endfacet
  facet normal 0 0 1
    outer loop
      vertex -24.4 7.67712 3.2
      vertex -23.2519 7.92116 3.2
      vertex -23.3146 8.02979 3.2
    endloop
  endfacet
  facet normal 0 0 1
    outer loop
      vertex -23.2 4.56859 3.2
      vertex -24.4 4.56859 3.2
      vertex -23.2131 4.44385 3.2
    endloop
  endfacet
  facet normal 0 0 1
    outer loop
      vertex -24.4 7.67712 3.2
      vertex -23.3146 8.02979 3.2
      vertex -23.3985 8.123 3.2
    endloop
  endfacet
  facet normal 0 0 1
    outer loop
      vertex -23.2131 4.44385 3.2
      vertex -24.4 4.56859 3.2
      vertex -23.2519 4.32455 3.2
    endloop
  endfacet
  facet normal 0 0 1
    outer loop
      vertex -24.4 7.67712 3.2
      vertex -23.3985 8.123 3.2
      vertex -23.5 8.19673 3.2
    endloop
  endfacet
  facet normal 0 0 1
    outer loop
      vertex -23.2519 4.32455 3.2
      vertex -24.4 4.56859 3.2
      vertex -23.3146 4.21593 3.2
    endloop
  endfacet
  facet normal 0 0 1
    outer loop
      vertex -24.4 7.67712 3.2
      vertex -23.5 8.19673 3.2
      vertex -23.6146 8.24776 3.2
    endloop
  endfacet
  facet normal 0 0 1
    outer loop
      vertex -23.3146 4.21593 3.2
      vertex -24.4 4.56859 3.2
      vertex -23.3985 4.12271 3.2
    endloop
  endfacet
  facet normal 0 0 1
    outer loop
      vertex -24.4 7.67712 3.2
      vertex -23.6146 8.24776 3.2
      vertex -23.7373 8.27383 3.2
    endloop
  endfacet
  facet normal 0 0 1
    outer loop
      vertex -23.3985 4.12271 3.2
      vertex -24.4 4.56859 3.2
      vertex -23.5 4.04898 3.2
    endloop
  endfacet
  facet normal 0 0 1
    outer loop
      vertex -24.4 7.67712 3.2
      vertex -23.7373 8.27383 3.2
      vertex -23.8627 8.27383 3.2
    endloop
  endfacet
  facet normal 0 0 1
    outer loop
      vertex -23.5 4.04898 3.2
      vertex -24.4 4.56859 3.2
      vertex -23.6146 3.99796 3.2
    endloop
  endfacet
  facet normal 0 0 1
    outer loop
      vertex -24.4 7.67712 3.2
      vertex -23.8627 8.27383 3.2
      vertex -23.9854 8.24776 3.2
    endloop
  endfacet
  facet normal 0 0 1
    outer loop
      vertex -23.6146 3.99796 3.2
      vertex -24.4 4.56859 3.2
      vertex -23.7373 3.97188 3.2
    endloop
  endfacet
  facet normal 0 0 1
    outer loop
      vertex -24.4 7.67712 3.2
      vertex -23.9854 8.24776 3.2
      vertex -24.1 8.19673 3.2
    endloop
  endfacet
  facet normal 0 0 1
    outer loop
      vertex -23.7373 3.97188 3.2
      vertex -24.4 4.56859 3.2
      vertex -23.8627 3.97188 3.2
    endloop
  endfacet
  facet normal 0 0 1
    outer loop
      vertex -24.4 7.67712 3.2
      vertex -24.1 8.19673 3.2
      vertex -24.2015 8.123 3.2
    endloop
  endfacet
  facet normal 0 0 1
    outer loop
      vertex -23.8627 3.97188 3.2
      vertex -24.4 4.56859 3.2
      vertex -23.9854 3.99796 3.2
    endloop
  endfacet
  facet normal 0 0 1
    outer loop
      vertex -24.4 7.67712 3.2
      vertex -24.2015 8.123 3.2
      vertex -24.2854 8.02979 3.2
    endloop
  endfacet
  facet normal 0 0 1
    outer loop
      vertex -23.9854 3.99796 3.2
      vertex -24.4 4.56859 3.2
      vertex -24.1 4.04898 3.2
    endloop
  endfacet
  facet normal 0 0 1
    outer loop
      vertex -24.4 7.67712 3.2
      vertex -24.2854 8.02979 3.2
      vertex -24.3481 7.92116 3.2
    endloop
  endfacet
  facet normal 0 0 1
    outer loop
      vertex -24.1 4.04898 3.2
      vertex -24.4 4.56859 3.2
      vertex -24.2015 4.12271 3.2
    endloop
  endfacet
  facet normal 0 0 1
    outer loop
      vertex -24.4 7.67712 3.2
      vertex -24.3481 7.92116 3.2
      vertex -24.3869 7.80186 3.2
    endloop
  endfacet
  facet normal 0 0 1
    outer loop
      vertex -24.2015 4.12271 3.2
      vertex -24.4 4.56859 3.2
      vertex -24.2854 4.21593 3.2
    endloop
  endfacet
  facet normal 0 0 1
    outer loop
      vertex -24.2854 4.21593 3.2
      vertex -24.4 4.56859 3.2
      vertex -24.3481 4.32455 3.2
    endloop
  endfacet
  facet normal 0 0 1
    outer loop
      vertex -24.3481 4.32455 3.2
      vertex -24.4 4.56859 3.2
      vertex -24.3869 4.44385 3.2
    endloop
  endfacet
  facet normal 0 0 1
    outer loop
      vertex 23.2 1.55426 3.2
      vertex 24.4 1.55426 3.2
      vertex 24.3869 1.679 3.2
    endloop
  endfacet
  facet normal 0 0 1
    outer loop
      vertex 24.4 1.55426 3.2
      vertex 23.2 1.55426 3.2
      vertex 24.4 -1.55426 3.2
    endloop
  endfacet
  facet normal 0 0 1
    outer loop
      vertex 23.2 1.55426 3.2
      vertex 24.3869 1.679 3.2
      vertex 24.3481 1.79829 3.2
    endloop
  endfacet
  facet normal 0 0 1
    outer loop
      vertex 23.2 -1.55426 3.2
      vertex 24.4 -1.55426 3.2
      vertex 23.2 1.55426 3.2
    endloop
  endfacet
  facet normal 0 0 1
    outer loop
      vertex 23.2 1.55426 3.2
      vertex 24.3481 1.79829 3.2
      vertex 24.2854 1.90692 3.2
    endloop
  endfacet
  facet normal 0 0 1
    outer loop
      vertex 24.4 -1.55426 3.2
      vertex 23.2 -1.55426 3.2
      vertex 24.3869 -1.679 3.2
    endloop
  endfacet
  facet normal 0 0 1
    outer loop
      vertex 23.2 1.55426 3.2
      vertex 24.2854 1.90692 3.2
      vertex 24.2015 2.00014 3.2
    endloop
  endfacet
  facet normal 0 0 1
    outer loop
      vertex 24.3869 -1.679 3.2
      vertex 23.2 -1.55426 3.2
      vertex 24.3481 -1.79829 3.2
    endloop
  endfacet
  facet normal 0 0 1
    outer loop
      vertex 23.2 1.55426 3.2
      vertex 24.2015 2.00014 3.2
      vertex 24.1 2.07387 3.2
    endloop
  endfacet
  facet normal 0 0 1
    outer loop
      vertex 24.3481 -1.79829 3.2
      vertex 23.2 -1.55426 3.2
      vertex 24.2854 -1.90692 3.2
    endloop
  endfacet
  facet normal 0 0 1
    outer loop
      vertex 23.2 1.55426 3.2
      vertex 24.1 2.07387 3.2
      vertex 23.9854 2.12489 3.2
    endloop
  endfacet
  facet normal 0 0 1
    outer loop
      vertex 24.2854 -1.90692 3.2
      vertex 23.2 -1.55426 3.2
      vertex 24.2015 -2.00014 3.2
    endloop
  endfacet
  facet normal 0 0 1
    outer loop
      vertex 23.2 1.55426 3.2
      vertex 23.9854 2.12489 3.2
      vertex 23.8627 2.15097 3.2
    endloop
  endfacet
  facet normal 0 0 1
    outer loop
      vertex 24.2015 -2.00014 3.2
      vertex 23.2 -1.55426 3.2
      vertex 24.1 -2.07387 3.2
    endloop
  endfacet
  facet normal 0 0 1
    outer loop
      vertex 23.2 1.55426 3.2
      vertex 23.8627 2.15097 3.2
      vertex 23.7373 2.15097 3.2
    endloop
  endfacet
  facet normal 0 0 1
    outer loop
      vertex 24.1 -2.07387 3.2
      vertex 23.2 -1.55426 3.2
      vertex 23.9854 -2.12489 3.2
    endloop
  endfacet
  facet normal 0 0 1
    outer loop
      vertex 23.2 1.55426 3.2
      vertex 23.7373 2.15097 3.2
      vertex 23.6146 2.12489 3.2
    endloop
  endfacet
  facet normal 0 0 1
    outer loop
      vertex 23.9854 -2.12489 3.2
      vertex 23.2 -1.55426 3.2
      vertex 23.8627 -2.15097 3.2
    endloop
  endfacet
  facet normal 0 0 1
    outer loop
      vertex 23.2 1.55426 3.2
      vertex 23.6146 2.12489 3.2
      vertex 23.5 2.07387 3.2
    endloop
  endfacet
  facet normal 0 0 1
    outer loop
      vertex 23.8627 -2.15097 3.2
      vertex 23.2 -1.55426 3.2
      vertex 23.7373 -2.15097 3.2
    endloop
  endfacet
  facet normal 0 0 1
    outer loop
      vertex 23.2 1.55426 3.2
      vertex 23.5 2.07387 3.2
      vertex 23.3985 2.00014 3.2
    endloop
  endfacet
  facet normal 0 0 1
    outer loop
      vertex 23.7373 -2.15097 3.2
      vertex 23.2 -1.55426 3.2
      vertex 23.6146 -2.12489 3.2
    endloop
  endfacet
  facet normal 0 0 1
    outer loop
      vertex 23.2 1.55426 3.2
      vertex 23.3985 2.00014 3.2
      vertex 23.3146 1.90692 3.2
    endloop
  endfacet
  facet normal 0 0 1
    outer loop
      vertex 23.6146 -2.12489 3.2
      vertex 23.2 -1.55426 3.2
      vertex 23.5 -2.07387 3.2
    endloop
  endfacet
  facet normal 0 0 1
    outer loop
      vertex 23.2 1.55426 3.2
      vertex 23.3146 1.90692 3.2
      vertex 23.2519 1.79829 3.2
    endloop
  endfacet
  facet normal 0 0 1
    outer loop
      vertex 23.5 -2.07387 3.2
      vertex 23.2 -1.55426 3.2
      vertex 23.3985 -2.00014 3.2
    endloop
  endfacet
  facet normal 0 0 1
    outer loop
      vertex 23.2 1.55426 3.2
      vertex 23.2519 1.79829 3.2
      vertex 23.2131 1.679 3.2
    endloop
  endfacet
  facet normal 0 0 1
    outer loop
      vertex 23.3985 -2.00014 3.2
      vertex 23.2 -1.55426 3.2
      vertex 23.3146 -1.90692 3.2
    endloop
  endfacet
  facet normal 0 0 1
    outer loop
      vertex 23.3146 -1.90692 3.2
      vertex 23.2 -1.55426 3.2
      vertex 23.2519 -1.79829 3.2
    endloop
  endfacet
  facet normal 0 0 1
    outer loop
      vertex 23.2519 -1.79829 3.2
      vertex 23.2 -1.55426 3.2
      vertex 23.2131 -1.679 3.2
    endloop
  endfacet
  facet normal 0 0 1
    outer loop
      vertex -24.4 1.55426 3.2
      vertex -23.2 1.55426 3.2
      vertex -23.2131 1.679 3.2
    endloop
  endfacet
  facet normal 0 0 1
    outer loop
      vertex -23.2 1.55426 3.2
      vertex -24.4 1.55426 3.2
      vertex -23.2 -1.55426 3.2
    endloop
  endfacet
  facet normal 0 0 1
    outer loop
      vertex -24.4 1.55426 3.2
      vertex -23.2131 1.679 3.2
      vertex -23.2519 1.79829 3.2
    endloop
  endfacet
  facet normal 0 0 1
    outer loop
      vertex -24.4 -1.55426 3.2
      vertex -23.2 -1.55426 3.2
      vertex -24.4 1.55426 3.2
    endloop
  endfacet
  facet normal 0 0 1
    outer loop
      vertex -24.4 1.55426 3.2
      vertex -23.2519 1.79829 3.2
      vertex -23.3146 1.90692 3.2
    endloop
  endfacet
  facet normal 0 0 1
    outer loop
      vertex -23.2 -1.55426 3.2
      vertex -24.4 -1.55426 3.2
      vertex -23.2131 -1.679 3.2
    endloop
  endfacet
  facet normal 0 0 1
    outer loop
      vertex -24.4 1.55426 3.2
      vertex -23.3146 1.90692 3.2
      vertex -23.3985 2.00014 3.2
    endloop
  endfacet
  facet normal 0 0 1
    outer loop
      vertex -23.2131 -1.679 3.2
      vertex -24.4 -1.55426 3.2
      vertex -23.2519 -1.79829 3.2
    endloop
  endfacet
  facet normal 0 0 1
    outer loop
      vertex -24.4 1.55426 3.2
      vertex -23.3985 2.00014 3.2
      vertex -23.5 2.07387 3.2
    endloop
  endfacet
  facet normal 0 0 1
    outer loop
      vertex -23.2519 -1.79829 3.2
      vertex -24.4 -1.55426 3.2
      vertex -23.3146 -1.90692 3.2
    endloop
  endfacet
  facet normal 0 0 1
    outer loop
      vertex -24.4 1.55426 3.2
      vertex -23.5 2.07387 3.2
      vertex -23.6146 2.12489 3.2
    endloop
  endfacet
  facet normal 0 0 1
    outer loop
      vertex -23.3146 -1.90692 3.2
      vertex -24.4 -1.55426 3.2
      vertex -23.3985 -2.00014 3.2
    endloop
  endfacet
  facet normal 0 0 1
    outer loop
      vertex -24.4 1.55426 3.2
      vertex -23.6146 2.12489 3.2
      vertex -23.7373 2.15097 3.2
    endloop
  endfacet
  facet normal 0 0 1
    outer loop
      vertex -23.3985 -2.00014 3.2
      vertex -24.4 -1.55426 3.2
      vertex -23.5 -2.07387 3.2
    endloop
  endfacet
  facet normal 0 0 1
    outer loop
      vertex -24.4 1.55426 3.2
      vertex -23.7373 2.15097 3.2
      vertex -23.8627 2.15097 3.2
    endloop
  endfacet
  facet normal 0 0 1
    outer loop
      vertex -23.5 -2.07387 3.2
      vertex -24.4 -1.55426 3.2
      vertex -23.6146 -2.12489 3.2
    endloop
  endfacet
  facet normal 0 0 1
    outer loop
      vertex -24.4 1.55426 3.2
      vertex -23.8627 2.15097 3.2
      vertex -23.9854 2.12489 3.2
    endloop
  endfacet
  facet normal 0 0 1
    outer loop
      vertex -23.6146 -2.12489 3.2
      vertex -24.4 -1.55426 3.2
      vertex -23.7373 -2.15097 3.2
    endloop
  endfacet
  facet normal 0 0 1
    outer loop
      vertex -24.4 1.55426 3.2
      vertex -23.9854 2.12489 3.2
      vertex -24.1 2.07387 3.2
    endloop
  endfacet
  facet normal 0 0 1
    outer loop
      vertex -23.7373 -2.15097 3.2
      vertex -24.4 -1.55426 3.2
      vertex -23.8627 -2.15097 3.2
    endloop
  endfacet
  facet normal 0 0 1
    outer loop
      vertex -24.4 1.55426 3.2
      vertex -24.1 2.07387 3.2
      vertex -24.2015 2.00014 3.2
    endloop
  endfacet
  facet normal 0 0 1
    outer loop
      vertex -23.8627 -2.15097 3.2
      vertex -24.4 -1.55426 3.2
      vertex -23.9854 -2.12489 3.2
    endloop
  endfacet
  facet normal 0 0 1
    outer loop
      vertex -24.4 1.55426 3.2
      vertex -24.2015 2.00014 3.2
      vertex -24.2854 1.90692 3.2
    endloop
  endfacet
  facet normal 0 0 1
    outer loop
      vertex -23.9854 -2.12489 3.2
      vertex -24.4 -1.55426 3.2
      vertex -24.1 -2.07387 3.2
    endloop
  endfacet
  facet normal 0 0 1
    outer loop
      vertex -24.4 1.55426 3.2
      vertex -24.2854 1.90692 3.2
      vertex -24.3481 1.79829 3.2
    endloop
  endfacet
  facet normal 0 0 1
    outer loop
      vertex -24.1 -2.07387 3.2
      vertex -24.4 -1.55426 3.2
      vertex -24.2015 -2.00014 3.2
    endloop
  endfacet
  facet normal 0 0 1
    outer loop
      vertex -24.4 1.55426 3.2
      vertex -24.3481 1.79829 3.2
      vertex -24.3869 1.679 3.2
    endloop
  endfacet
  facet normal 0 0 1
    outer loop
      vertex -24.2015 -2.00014 3.2
      vertex -24.4 -1.55426 3.2
      vertex -24.2854 -1.90692 3.2
    endloop
  endfacet
  facet normal 0 0 1
    outer loop
      vertex -24.2854 -1.90692 3.2
      vertex -24.4 -1.55426 3.2
      vertex -24.3481 -1.79829 3.2
    endloop
  endfacet
  facet normal 0 0 1
    outer loop
      vertex -24.3481 -1.79829 3.2
      vertex -24.4 -1.55426 3.2
      vertex -24.3869 -1.679 3.2
    endloop
  endfacet
  facet normal 0 0 1
    outer loop
      vertex -24.4 -4.56859 3.2
      vertex -23.2 -4.56859 3.2
      vertex -23.2131 -4.44385 3.2
    endloop
  endfacet
  facet normal 0 0 1
    outer loop
      vertex -23.2 -4.56859 3.2
      vertex -24.4 -4.56859 3.2
      vertex -23.2 -7.67712 3.2
    endloop
  endfacet
  facet normal 0 0 1
    outer loop
      vertex -24.4 -4.56859 3.2
      vertex -23.2131 -4.44385 3.2
      vertex -23.2519 -4.32455 3.2
    endloop
  endfacet
  facet normal 0 0 1
    outer loop
      vertex -24.4 -7.67712 3.2
      vertex -23.2 -7.67712 3.2
      vertex -24.4 -4.56859 3.2
    endloop
  endfacet
  facet normal 0 0 1
    outer loop
      vertex -24.4 -4.56859 3.2
      vertex -23.2519 -4.32455 3.2
      vertex -23.3146 -4.21593 3.2
    endloop
  endfacet
  facet normal 0 0 1
    outer loop
      vertex -23.2 -7.67712 3.2
      vertex -24.4 -7.67712 3.2
      vertex -23.2131 -7.80186 3.2
    endloop
  endfacet
  facet normal 0 0 1
    outer loop
      vertex -24.4 -4.56859 3.2
      vertex -23.3146 -4.21593 3.2
      vertex -23.3985 -4.12271 3.2
    endloop
  endfacet
  facet normal 0 0 1
    outer loop
      vertex -23.2131 -7.80186 3.2
      vertex -24.4 -7.67712 3.2
      vertex -23.2519 -7.92116 3.2
    endloop
  endfacet
  facet normal 0 0 1
    outer loop
      vertex -24.4 -4.56859 3.2
      vertex -23.3985 -4.12271 3.2
      vertex -23.5 -4.04898 3.2
    endloop
  endfacet
  facet normal 0 0 1
    outer loop
      vertex -23.2519 -7.92116 3.2
      vertex -24.4 -7.67712 3.2
      vertex -23.3146 -8.02979 3.2
    endloop
  endfacet
  facet normal 0 0 1
    outer loop
      vertex -24.4 -4.56859 3.2
      vertex -23.5 -4.04898 3.2
      vertex -23.6146 -3.99796 3.2
    endloop
  endfacet
  facet normal 0 0 1
    outer loop
      vertex -23.3146 -8.02979 3.2
      vertex -24.4 -7.67712 3.2
      vertex -23.3985 -8.123 3.2
    endloop
  endfacet
  facet normal 0 0 1
    outer loop
      vertex -24.4 -4.56859 3.2
      vertex -23.6146 -3.99796 3.2
      vertex -23.7373 -3.97188 3.2
    endloop
  endfacet
  facet normal 0 0 1
    outer loop
      vertex -23.3985 -8.123 3.2
      vertex -24.4 -7.67712 3.2
      vertex -23.5 -8.19673 3.2
    endloop
  endfacet
  facet normal 0 0 1
    outer loop
      vertex -24.4 -4.56859 3.2
      vertex -23.7373 -3.97188 3.2
      vertex -23.8627 -3.97188 3.2
    endloop
  endfacet
  facet normal 0 0 1
    outer loop
      vertex -23.5 -8.19673 3.2
      vertex -24.4 -7.67712 3.2
      vertex -23.6146 -8.24776 3.2
    endloop
  endfacet
  facet normal 0 0 1
    outer loop
      vertex -24.4 -4.56859 3.2
      vertex -23.8627 -3.97188 3.2
      vertex -23.9854 -3.99796 3.2
    endloop
  endfacet
  facet normal 0 0 1
    outer loop
      vertex -23.6146 -8.24776 3.2
      vertex -24.4 -7.67712 3.2
      vertex -23.7373 -8.27383 3.2
    endloop
  endfacet
  facet normal 0 0 1
    outer loop
      vertex -24.4 -4.56859 3.2
      vertex -23.9854 -3.99796 3.2
      vertex -24.1 -4.04898 3.2
    endloop
  endfacet
  facet normal 0 0 1
    outer loop
      vertex -23.7373 -8.27383 3.2
      vertex -24.4 -7.67712 3.2
      vertex -23.8627 -8.27383 3.2
    endloop
  endfacet
  facet normal 0 0 1
    outer loop
      vertex -24.4 -4.56859 3.2
      vertex -24.1 -4.04898 3.2
      vertex -24.2015 -4.12271 3.2
    endloop
  endfacet
  facet normal 0 0 1
    outer loop
      vertex -23.8627 -8.27383 3.2
      vertex -24.4 -7.67712 3.2
      vertex -23.9854 -8.24776 3.2
    endloop
  endfacet
  facet normal 0 0 1
    outer loop
      vertex -24.4 -4.56859 3.2
      vertex -24.2015 -4.12271 3.2
      vertex -24.2854 -4.21593 3.2
    endloop
  endfacet
  facet normal 0 0 1
    outer loop
      vertex -23.9854 -8.24776 3.2
      vertex -24.4 -7.67712 3.2
      vertex -24.1 -8.19673 3.2
    endloop
  endfacet
  facet normal 0 0 1
    outer loop
      vertex -24.4 -4.56859 3.2
      vertex -24.2854 -4.21593 3.2
      vertex -24.3481 -4.32455 3.2
    endloop
  endfacet
  facet normal 0 0 1
    outer loop
      vertex -24.1 -8.19673 3.2
      vertex -24.4 -7.67712 3.2
      vertex -24.2015 -8.123 3.2
    endloop
  endfacet
  facet normal 0 0 1
    outer loop
      vertex -24.4 -4.56859 3.2
      vertex -24.3481 -4.32455 3.2
      vertex -24.3869 -4.44385 3.2
    endloop
  endfacet
  facet normal 0 0 1
    outer loop
      vertex -24.2015 -8.123 3.2
      vertex -24.4 -7.67712 3.2
      vertex -24.2854 -8.02979 3.2
    endloop
  endfacet
  facet normal 0 0 1
    outer loop
      vertex -24.2854 -8.02979 3.2
      vertex -24.4 -7.67712 3.2
      vertex -24.3481 -7.92116 3.2
    endloop
  endfacet
  facet normal 0 0 1
    outer loop
      vertex -24.3481 -7.92116 3.2
      vertex -24.4 -7.67712 3.2
      vertex -24.3869 -7.80186 3.2
    endloop
  endfacet
  facet normal 0 0 1
    outer loop
      vertex 23.2 -4.56859 3.2
      vertex 24.4 -4.56859 3.2
      vertex 24.3869 -4.44385 3.2
    endloop
  endfacet
  facet normal 0 0 1
    outer loop
      vertex 24.4 -4.56859 3.2
      vertex 23.2 -4.56859 3.2
      vertex 24.4 -7.67712 3.2
    endloop
  endfacet
  facet normal 0 0 1
    outer loop
      vertex 23.2 -4.56859 3.2
      vertex 24.3869 -4.44385 3.2
      vertex 24.3481 -4.32455 3.2
    endloop
  endfacet
  facet normal 0 0 1
    outer loop
      vertex 23.2 -7.67712 3.2
      vertex 24.4 -7.67712 3.2
      vertex 23.2 -4.56859 3.2
    endloop
  endfacet
  facet normal 0 0 1
    outer loop
      vertex 23.2 -4.56859 3.2
      vertex 24.3481 -4.32455 3.2
      vertex 24.2854 -4.21593 3.2
    endloop
  endfacet
  facet normal 0 0 1
    outer loop
      vertex 24.4 -7.67712 3.2
      vertex 23.2 -7.67712 3.2
      vertex 24.3869 -7.80186 3.2
    endloop
  endfacet
  facet normal 0 0 1
    outer loop
      vertex 23.2 -4.56859 3.2
      vertex 24.2854 -4.21593 3.2
      vertex 24.2015 -4.12271 3.2
    endloop
  endfacet
  facet normal 0 0 1
    outer loop
      vertex 24.3869 -7.80186 3.2
      vertex 23.2 -7.67712 3.2
      vertex 24.3481 -7.92116 3.2
    endloop
  endfacet
  facet normal 0 0 1
    outer loop
      vertex 23.2 -4.56859 3.2
      vertex 24.2015 -4.12271 3.2
      vertex 24.1 -4.04898 3.2
    endloop
  endfacet
  facet normal 0 0 1
    outer loop
      vertex 24.3481 -7.92116 3.2
      vertex 23.2 -7.67712 3.2
      vertex 24.2854 -8.02979 3.2
    endloop
  endfacet
  facet normal 0 0 1
    outer loop
      vertex 23.2 -4.56859 3.2
      vertex 24.1 -4.04898 3.2
      vertex 23.9854 -3.99796 3.2
    endloop
  endfacet
  facet normal 0 0 1
    outer loop
      vertex 24.2854 -8.02979 3.2
      vertex 23.2 -7.67712 3.2
      vertex 24.2015 -8.123 3.2
    endloop
  endfacet
  facet normal 0 0 1
    outer loop
      vertex 23.2 -4.56859 3.2
      vertex 23.9854 -3.99796 3.2
      vertex 23.8627 -3.97188 3.2
    endloop
  endfacet
  facet normal 0 0 1
    outer loop
      vertex 24.2015 -8.123 3.2
      vertex 23.2 -7.67712 3.2
      vertex 24.1 -8.19673 3.2
    endloop
  endfacet
  facet normal 0 0 1
    outer loop
      vertex 23.2 -4.56859 3.2
      vertex 23.8627 -3.97188 3.2
      vertex 23.7373 -3.97188 3.2
    endloop
  endfacet
  facet normal 0 0 1
    outer loop
      vertex 24.1 -8.19673 3.2
      vertex 23.2 -7.67712 3.2
      vertex 23.9854 -8.24776 3.2
    endloop
  endfacet
  facet normal 0 0 1
    outer loop
      vertex 23.2 -4.56859 3.2
      vertex 23.7373 -3.97188 3.2
      vertex 23.6146 -3.99796 3.2
    endloop
  endfacet
  facet normal 0 0 1
    outer loop
      vertex 23.9854 -8.24776 3.2
      vertex 23.2 -7.67712 3.2
      vertex 23.8627 -8.27383 3.2
    endloop
  endfacet
  facet normal 0 0 1
    outer loop
      vertex 23.2 -4.56859 3.2
      vertex 23.6146 -3.99796 3.2
      vertex 23.5 -4.04898 3.2
    endloop
  endfacet
  facet normal 0 0 1
    outer loop
      vertex 23.8627 -8.27383 3.2
      vertex 23.2 -7.67712 3.2
      vertex 23.7373 -8.27383 3.2
    endloop
  endfacet
  facet normal 0 0 1
    outer loop
      vertex 23.2 -4.56859 3.2
      vertex 23.5 -4.04898 3.2
      vertex 23.3985 -4.12271 3.2
    endloop
  endfacet
  facet normal 0 0 1
    outer loop
      vertex 23.7373 -8.27383 3.2
      vertex 23.2 -7.67712 3.2
      vertex 23.6146 -8.24776 3.2
    endloop
  endfacet
  facet normal 0 0 1
    outer loop
      vertex 23.2 -4.56859 3.2
      vertex 23.3985 -4.12271 3.2
      vertex 23.3146 -4.21593 3.2
    endloop
  endfacet
  facet normal 0 0 1
    outer loop
      vertex 23.6146 -8.24776 3.2
      vertex 23.2 -7.67712 3.2
      vertex 23.5 -8.19673 3.2
    endloop
  endfacet
  facet normal 0 0 1
    outer loop
      vertex 23.2 -4.56859 3.2
      vertex 23.3146 -4.21593 3.2
      vertex 23.2519 -4.32455 3.2
    endloop
  endfacet
  facet normal 0 0 1
    outer loop
      vertex 23.5 -8.19673 3.2
      vertex 23.2 -7.67712 3.2
      vertex 23.3985 -8.123 3.2
    endloop
  endfacet
  facet normal 0 0 1
    outer loop
      vertex 23.2 -4.56859 3.2
      vertex 23.2519 -4.32455 3.2
      vertex 23.2131 -4.44385 3.2
    endloop
  endfacet
  facet normal 0 0 1
    outer loop
      vertex 23.3985 -8.123 3.2
      vertex 23.2 -7.67712 3.2
      vertex 23.3146 -8.02979 3.2
    endloop
  endfacet
  facet normal 0 0 1
    outer loop
      vertex 23.3146 -8.02979 3.2
      vertex 23.2 -7.67712 3.2
      vertex 23.2519 -7.92116 3.2
    endloop
  endfacet
  facet normal 0 0 1
    outer loop
      vertex 23.2519 -7.92116 3.2
      vertex 23.2 -7.67712 3.2
      vertex 23.2131 -7.80186 3.2
    endloop
  endfacet
  facet normal 0 0 1
    outer loop
      vertex -12.2015 -13.6146 3.2
      vertex -12.1754 -13.8627 3.2
      vertex -12.1754 -13.7373 3.2
    endloop
  endfacet
  facet normal 0 0 1
    outer loop
      vertex -12.2015 -13.6146 3.2
      vertex -12.2015 -13.9854 3.2
      vertex -12.1754 -13.8627 3.2
    endloop
  endfacet
  facet normal 0 0 1
    outer loop
      vertex -12.2525 -13.5 3.2
      vertex -12.2015 -13.9854 3.2
      vertex -12.2015 -13.6146 3.2
    endloop
  endfacet
  facet normal 0 0 1
    outer loop
      vertex -12.2525 -13.5 3.2
      vertex -12.2525 -14.1 3.2
      vertex -12.2015 -13.9854 3.2
    endloop
  endfacet
  facet normal 0 0 1
    outer loop
      vertex -12.3262 -13.3985 3.2
      vertex -12.2525 -14.1 3.2
      vertex -12.2525 -13.5 3.2
    endloop
  endfacet
  facet normal 0 0 1
    outer loop
      vertex -12.3262 -13.3985 3.2
      vertex -12.3262 -14.2015 3.2
      vertex -12.2525 -14.1 3.2
    endloop
  endfacet
  facet normal 0 0 1
    outer loop
      vertex -12.4194 -13.3146 3.2
      vertex -12.3262 -14.2015 3.2
      vertex -12.3262 -13.3985 3.2
    endloop
  endfacet
  facet normal 0 0 1
    outer loop
      vertex -12.4194 -13.3146 3.2
      vertex -12.4194 -14.2854 3.2
      vertex -12.3262 -14.2015 3.2
    endloop
  endfacet
  facet normal 0 0 1
    outer loop
      vertex -12.5281 -13.2519 3.2
      vertex -12.4194 -14.2854 3.2
      vertex -12.4194 -13.3146 3.2
    endloop
  endfacet
  facet normal 0 0 1
    outer loop
      vertex -12.5281 -13.2519 3.2
      vertex -12.5281 -14.3481 3.2
      vertex -12.4194 -14.2854 3.2
    endloop
  endfacet
  facet normal 0 0 1
    outer loop
      vertex -12.6474 -13.2131 3.2
      vertex -12.5281 -14.3481 3.2
      vertex -12.5281 -13.2519 3.2
    endloop
  endfacet
  facet normal 0 0 1
    outer loop
      vertex -12.6474 -13.2131 3.2
      vertex -12.6474 -14.3869 3.2
      vertex -12.5281 -14.3481 3.2
    endloop
  endfacet
  facet normal 0 0 1
    outer loop
      vertex -12.7721 -13.2 3.2
      vertex -12.6474 -14.3869 3.2
      vertex -12.6474 -13.2131 3.2
    endloop
  endfacet
  facet normal 0 0 1
    outer loop
      vertex -12.7721 -13.2 3.2
      vertex -12.7721 -14.4 3.2
      vertex -12.6474 -14.3869 3.2
    endloop
  endfacet
  facet normal -0 0 1
    outer loop
      vertex -16.4856 -13.2 3.2
      vertex -12.7721 -14.4 3.2
      vertex -12.7721 -13.2 3.2
    endloop
  endfacet
  facet normal 0 0 1
    outer loop
      vertex -16.4856 -13.2 3.2
      vertex -16.4856 -14.4 3.2
      vertex -12.7721 -14.4 3.2
    endloop
  endfacet
  facet normal -0 0 1
    outer loop
      vertex -16.6103 -13.2131 3.2
      vertex -16.4856 -14.4 3.2
      vertex -16.4856 -13.2 3.2
    endloop
  endfacet
  facet normal 0 0 1
    outer loop
      vertex -16.6103 -13.2131 3.2
      vertex -16.6103 -14.3869 3.2
      vertex -16.4856 -14.4 3.2
    endloop
  endfacet
  facet normal -0 0 1
    outer loop
      vertex -16.7296 -13.2519 3.2
      vertex -16.6103 -14.3869 3.2
      vertex -16.6103 -13.2131 3.2
    endloop
  endfacet
  facet normal 0 0 1
    outer loop
      vertex -16.7296 -13.2519 3.2
      vertex -16.7296 -14.3481 3.2
      vertex -16.6103 -14.3869 3.2
    endloop
  endfacet
  facet normal -0 0 1
    outer loop
      vertex -16.8382 -13.3146 3.2
      vertex -16.7296 -14.3481 3.2
      vertex -16.7296 -13.2519 3.2
    endloop
  endfacet
  facet normal 0 0 1
    outer loop
      vertex -16.8382 -13.3146 3.2
      vertex -16.8382 -14.2854 3.2
      vertex -16.7296 -14.3481 3.2
    endloop
  endfacet
  facet normal -0 0 1
    outer loop
      vertex -16.9314 -13.3985 3.2
      vertex -16.8382 -14.2854 3.2
      vertex -16.8382 -13.3146 3.2
    endloop
  endfacet
  facet normal 0 0 1
    outer loop
      vertex -16.9314 -13.3985 3.2
      vertex -16.9314 -14.2015 3.2
      vertex -16.8382 -14.2854 3.2
    endloop
  endfacet
  facet normal -0 0 1
    outer loop
      vertex -17.0052 -13.5 3.2
      vertex -16.9314 -14.2015 3.2
      vertex -16.9314 -13.3985 3.2
    endloop
  endfacet
  facet normal 0 0 1
    outer loop
      vertex -17.0052 -13.5 3.2
      vertex -17.0052 -14.1 3.2
      vertex -16.9314 -14.2015 3.2
    endloop
  endfacet
  facet normal -0 0 1
    outer loop
      vertex -17.0562 -13.6146 3.2
      vertex -17.0052 -14.1 3.2
      vertex -17.0052 -13.5 3.2
    endloop
  endfacet
  facet normal 0 0 1
    outer loop
      vertex -17.0562 -13.6146 3.2
      vertex -17.0562 -13.9854 3.2
      vertex -17.0052 -14.1 3.2
    endloop
  endfacet
  facet normal -0 0 1
    outer loop
      vertex -17.0823 -13.7373 3.2
      vertex -17.0562 -13.9854 3.2
      vertex -17.0562 -13.6146 3.2
    endloop
  endfacet
  facet normal 0 0 1
    outer loop
      vertex -17.0562 -13.9854 3.2
      vertex -17.0823 -13.7373 3.2
      vertex -17.0823 -13.8627 3.2
    endloop
  endfacet
  facet normal 0 0 1
    outer loop
      vertex -4.88704 -13.6146 3.2
      vertex -4.86096 -13.8627 3.2
      vertex -4.86096 -13.7373 3.2
    endloop
  endfacet
  facet normal 0 0 1
    outer loop
      vertex -4.88704 -13.6146 3.2
      vertex -4.88704 -13.9854 3.2
      vertex -4.86096 -13.8627 3.2
    endloop
  endfacet
  facet normal 0 0 1
    outer loop
      vertex -4.93806 -13.5 3.2
      vertex -4.88704 -13.9854 3.2
      vertex -4.88704 -13.6146 3.2
    endloop
  endfacet
  facet normal 0 0 1
    outer loop
      vertex -4.93806 -13.5 3.2
      vertex -4.93806 -14.1 3.2
      vertex -4.88704 -13.9854 3.2
    endloop
  endfacet
  facet normal 0 0 1
    outer loop
      vertex -5.0118 -13.3985 3.2
      vertex -4.93806 -14.1 3.2
      vertex -4.93806 -13.5 3.2
    endloop
  endfacet
  facet normal 0 0 1
    outer loop
      vertex -5.0118 -13.3985 3.2
      vertex -5.0118 -14.2015 3.2
      vertex -4.93806 -14.1 3.2
    endloop
  endfacet
  facet normal 0 0 1
    outer loop
      vertex -5.10501 -13.3146 3.2
      vertex -5.0118 -14.2015 3.2
      vertex -5.0118 -13.3985 3.2
    endloop
  endfacet
  facet normal 0 0 1
    outer loop
      vertex -5.10501 -13.3146 3.2
      vertex -5.10501 -14.2854 3.2
      vertex -5.0118 -14.2015 3.2
    endloop
  endfacet
  facet normal 0 0 1
    outer loop
      vertex -5.21364 -13.2519 3.2
      vertex -5.10501 -14.2854 3.2
      vertex -5.10501 -13.3146 3.2
    endloop
  endfacet
  facet normal 0 0 1
    outer loop
      vertex -5.21364 -13.2519 3.2
      vertex -5.21364 -14.3481 3.2
      vertex -5.10501 -14.2854 3.2
    endloop
  endfacet
  facet normal 0 0 1
    outer loop
      vertex -5.33293 -13.2131 3.2
      vertex -5.21364 -14.3481 3.2
      vertex -5.21364 -13.2519 3.2
    endloop
  endfacet
  facet normal 0 0 1
    outer loop
      vertex -5.33293 -13.2131 3.2
      vertex -5.33293 -14.3869 3.2
      vertex -5.21364 -14.3481 3.2
    endloop
  endfacet
  facet normal 0 0 1
    outer loop
      vertex -5.45767 -13.2 3.2
      vertex -5.33293 -14.3869 3.2
      vertex -5.33293 -13.2131 3.2
    endloop
  endfacet
  facet normal 0 0 1
    outer loop
      vertex -5.45767 -13.2 3.2
      vertex -5.45767 -14.4 3.2
      vertex -5.33293 -14.3869 3.2
    endloop
  endfacet
  facet normal -0 0 1
    outer loop
      vertex -9.17116 -13.2 3.2
      vertex -5.45767 -14.4 3.2
      vertex -5.45767 -13.2 3.2
    endloop
  endfacet
  facet normal 0 0 1
    outer loop
      vertex -9.17116 -13.2 3.2
      vertex -9.17116 -14.4 3.2
      vertex -5.45767 -14.4 3.2
    endloop
  endfacet
  facet normal -0 0 1
    outer loop
      vertex -9.2959 -13.2131 3.2
      vertex -9.17116 -14.4 3.2
      vertex -9.17116 -13.2 3.2
    endloop
  endfacet
  facet normal 0 0 1
    outer loop
      vertex -9.2959 -13.2131 3.2
      vertex -9.2959 -14.3869 3.2
      vertex -9.17116 -14.4 3.2
    endloop
  endfacet
  facet normal -0 0 1
    outer loop
      vertex -9.41519 -13.2519 3.2
      vertex -9.2959 -14.3869 3.2
      vertex -9.2959 -13.2131 3.2
    endloop
  endfacet
  facet normal 0 0 1
    outer loop
      vertex -9.41519 -13.2519 3.2
      vertex -9.41519 -14.3481 3.2
      vertex -9.2959 -14.3869 3.2
    endloop
  endfacet
  facet normal -0 0 1
    outer loop
      vertex -9.52382 -13.3146 3.2
      vertex -9.41519 -14.3481 3.2
      vertex -9.41519 -13.2519 3.2
    endloop
  endfacet
  facet normal 0 0 1
    outer loop
      vertex -9.52382 -13.3146 3.2
      vertex -9.52382 -14.2854 3.2
      vertex -9.41519 -14.3481 3.2
    endloop
  endfacet
  facet normal -0 0 1
    outer loop
      vertex -9.61703 -13.3985 3.2
      vertex -9.52382 -14.2854 3.2
      vertex -9.52382 -13.3146 3.2
    endloop
  endfacet
  facet normal 0 0 1
    outer loop
      vertex -9.61703 -13.3985 3.2
      vertex -9.61703 -14.2015 3.2
      vertex -9.52382 -14.2854 3.2
    endloop
  endfacet
  facet normal -0 0 1
    outer loop
      vertex -9.69077 -13.5 3.2
      vertex -9.61703 -14.2015 3.2
      vertex -9.61703 -13.3985 3.2
    endloop
  endfacet
  facet normal 0 0 1
    outer loop
      vertex -9.69077 -13.5 3.2
      vertex -9.69077 -14.1 3.2
      vertex -9.61703 -14.2015 3.2
    endloop
  endfacet
  facet normal -0 0 1
    outer loop
      vertex -9.74179 -13.6146 3.2
      vertex -9.69077 -14.1 3.2
      vertex -9.69077 -13.5 3.2
    endloop
  endfacet
  facet normal 0 0 1
    outer loop
      vertex -9.74179 -13.6146 3.2
      vertex -9.74179 -13.9854 3.2
      vertex -9.69077 -14.1 3.2
    endloop
  endfacet
  facet normal -0 0 1
    outer loop
      vertex -9.76787 -13.7373 3.2
      vertex -9.74179 -13.9854 3.2
      vertex -9.74179 -13.6146 3.2
    endloop
  endfacet
  facet normal 0 0 1
    outer loop
      vertex -9.74179 -13.9854 3.2
      vertex -9.76787 -13.7373 3.2
      vertex -9.76787 -13.8627 3.2
    endloop
  endfacet
  facet normal 0 0 1
    outer loop
      vertex 2.42737 -13.6146 3.2
      vertex 2.45345 -13.8627 3.2
      vertex 2.45345 -13.7373 3.2
    endloop
  endfacet
  facet normal 0 0 1
    outer loop
      vertex 2.42737 -13.6146 3.2
      vertex 2.42737 -13.9854 3.2
      vertex 2.45345 -13.8627 3.2
    endloop
  endfacet
  facet normal 0 0 1
    outer loop
      vertex 2.37634 -13.5 3.2
      vertex 2.42737 -13.9854 3.2
      vertex 2.42737 -13.6146 3.2
    endloop
  endfacet
  facet normal 0 0 1
    outer loop
      vertex 2.37634 -13.5 3.2
      vertex 2.37634 -14.1 3.2
      vertex 2.42737 -13.9854 3.2
    endloop
  endfacet
  facet normal 0 0 1
    outer loop
      vertex 2.30261 -13.3985 3.2
      vertex 2.37634 -14.1 3.2
      vertex 2.37634 -13.5 3.2
    endloop
  endfacet
  facet normal 0 0 1
    outer loop
      vertex 2.30261 -13.3985 3.2
      vertex 2.30261 -14.2015 3.2
      vertex 2.37634 -14.1 3.2
    endloop
  endfacet
  facet normal 0 0 1
    outer loop
      vertex 2.2094 -13.3146 3.2
      vertex 2.30261 -14.2015 3.2
      vertex 2.30261 -13.3985 3.2
    endloop
  endfacet
  facet normal 0 0 1
    outer loop
      vertex 2.2094 -13.3146 3.2
      vertex 2.2094 -14.2854 3.2
      vertex 2.30261 -14.2015 3.2
    endloop
  endfacet
  facet normal 0 0 1
    outer loop
      vertex 2.10077 -13.2519 3.2
      vertex 2.2094 -14.2854 3.2
      vertex 2.2094 -13.3146 3.2
    endloop
  endfacet
  facet normal 0 0 1
    outer loop
      vertex 2.10077 -13.2519 3.2
      vertex 2.10077 -14.3481 3.2
      vertex 2.2094 -14.2854 3.2
    endloop
  endfacet
  facet normal 0 0 1
    outer loop
      vertex 1.98148 -13.2131 3.2
      vertex 2.10077 -14.3481 3.2
      vertex 2.10077 -13.2519 3.2
    endloop
  endfacet
  facet normal 0 0 1
    outer loop
      vertex 1.98148 -13.2131 3.2
      vertex 1.98148 -14.3869 3.2
      vertex 2.10077 -14.3481 3.2
    endloop
  endfacet
  facet normal 0 0 1
    outer loop
      vertex 1.85674 -13.2 3.2
      vertex 1.98148 -14.3869 3.2
      vertex 1.98148 -13.2131 3.2
    endloop
  endfacet
  facet normal 0 0 1
    outer loop
      vertex 1.85674 -13.2 3.2
      vertex 1.85674 -14.4 3.2
      vertex 1.98148 -14.3869 3.2
    endloop
  endfacet
  facet normal -0 0 1
    outer loop
      vertex -1.85674 -13.2 3.2
      vertex 1.85674 -14.4 3.2
      vertex 1.85674 -13.2 3.2
    endloop
  endfacet
  facet normal 0 0 1
    outer loop
      vertex -1.85674 -13.2 3.2
      vertex -1.85674 -14.4 3.2
      vertex 1.85674 -14.4 3.2
    endloop
  endfacet
  facet normal -0 0 1
    outer loop
      vertex -1.98148 -13.2131 3.2
      vertex -1.85674 -14.4 3.2
      vertex -1.85674 -13.2 3.2
    endloop
  endfacet
  facet normal 0 0 1
    outer loop
      vertex -1.98148 -13.2131 3.2
      vertex -1.98148 -14.3869 3.2
      vertex -1.85674 -14.4 3.2
    endloop
  endfacet
  facet normal -0 0 1
    outer loop
      vertex -2.10077 -13.2519 3.2
      vertex -1.98148 -14.3869 3.2
      vertex -1.98148 -13.2131 3.2
    endloop
  endfacet
  facet normal 0 0 1
    outer loop
      vertex -2.10077 -13.2519 3.2
      vertex -2.10077 -14.3481 3.2
      vertex -1.98148 -14.3869 3.2
    endloop
  endfacet
  facet normal -0 0 1
    outer loop
      vertex -2.2094 -13.3146 3.2
      vertex -2.10077 -14.3481 3.2
      vertex -2.10077 -13.2519 3.2
    endloop
  endfacet
  facet normal 0 0 1
    outer loop
      vertex -2.2094 -13.3146 3.2
      vertex -2.2094 -14.2854 3.2
      vertex -2.10077 -14.3481 3.2
    endloop
  endfacet
  facet normal -0 0 1
    outer loop
      vertex -2.30261 -13.3985 3.2
      vertex -2.2094 -14.2854 3.2
      vertex -2.2094 -13.3146 3.2
    endloop
  endfacet
  facet normal 0 0 1
    outer loop
      vertex -2.30261 -13.3985 3.2
      vertex -2.30261 -14.2015 3.2
      vertex -2.2094 -14.2854 3.2
    endloop
  endfacet
  facet normal -0 0 1
    outer loop
      vertex -2.37634 -13.5 3.2
      vertex -2.30261 -14.2015 3.2
      vertex -2.30261 -13.3985 3.2
    endloop
  endfacet
  facet normal 0 0 1
    outer loop
      vertex -2.37634 -13.5 3.2
      vertex -2.37634 -14.1 3.2
      vertex -2.30261 -14.2015 3.2
    endloop
  endfacet
  facet normal -0 0 1
    outer loop
      vertex -2.42737 -13.6146 3.2
      vertex -2.37634 -14.1 3.2
      vertex -2.37634 -13.5 3.2
    endloop
  endfacet
  facet normal 0 0 1
    outer loop
      vertex -2.42737 -13.6146 3.2
      vertex -2.42737 -13.9854 3.2
      vertex -2.37634 -14.1 3.2
    endloop
  endfacet
  facet normal -0 0 1
    outer loop
      vertex -2.45345 -13.7373 3.2
      vertex -2.42737 -13.9854 3.2
      vertex -2.42737 -13.6146 3.2
    endloop
  endfacet
  facet normal 0 0 1
    outer loop
      vertex -2.42737 -13.9854 3.2
      vertex -2.45345 -13.7373 3.2
      vertex -2.45345 -13.8627 3.2
    endloop
  endfacet
  facet normal 0 0 1
    outer loop
      vertex 9.74179 -13.6146 3.2
      vertex 9.76787 -13.8627 3.2
      vertex 9.76787 -13.7373 3.2
    endloop
  endfacet
  facet normal 0 0 1
    outer loop
      vertex 9.74179 -13.6146 3.2
      vertex 9.74179 -13.9854 3.2
      vertex 9.76787 -13.8627 3.2
    endloop
  endfacet
  facet normal 0 0 1
    outer loop
      vertex 9.69077 -13.5 3.2
      vertex 9.74179 -13.9854 3.2
      vertex 9.74179 -13.6146 3.2
    endloop
  endfacet
  facet normal 0 0 1
    outer loop
      vertex 9.69077 -13.5 3.2
      vertex 9.69077 -14.1 3.2
      vertex 9.74179 -13.9854 3.2
    endloop
  endfacet
  facet normal 0 0 1
    outer loop
      vertex 9.61703 -13.3985 3.2
      vertex 9.69077 -14.1 3.2
      vertex 9.69077 -13.5 3.2
    endloop
  endfacet
  facet normal 0 0 1
    outer loop
      vertex 9.61703 -13.3985 3.2
      vertex 9.61703 -14.2015 3.2
      vertex 9.69077 -14.1 3.2
    endloop
  endfacet
  facet normal 0 0 1
    outer loop
      vertex 9.52382 -13.3146 3.2
      vertex 9.61703 -14.2015 3.2
      vertex 9.61703 -13.3985 3.2
    endloop
  endfacet
  facet normal 0 0 1
    outer loop
      vertex 9.52382 -13.3146 3.2
      vertex 9.52382 -14.2854 3.2
      vertex 9.61703 -14.2015 3.2
    endloop
  endfacet
  facet normal 0 0 1
    outer loop
      vertex 9.41519 -13.2519 3.2
      vertex 9.52382 -14.2854 3.2
      vertex 9.52382 -13.3146 3.2
    endloop
  endfacet
  facet normal 0 0 1
    outer loop
      vertex 9.41519 -13.2519 3.2
      vertex 9.41519 -14.3481 3.2
      vertex 9.52382 -14.2854 3.2
    endloop
  endfacet
  facet normal 0 0 1
    outer loop
      vertex 9.2959 -13.2131 3.2
      vertex 9.41519 -14.3481 3.2
      vertex 9.41519 -13.2519 3.2
    endloop
  endfacet
  facet normal 0 0 1
    outer loop
      vertex 9.2959 -13.2131 3.2
      vertex 9.2959 -14.3869 3.2
      vertex 9.41519 -14.3481 3.2
    endloop
  endfacet
  facet normal 0 0 1
    outer loop
      vertex 9.17116 -13.2 3.2
      vertex 9.2959 -14.3869 3.2
      vertex 9.2959 -13.2131 3.2
    endloop
  endfacet
  facet normal 0 0 1
    outer loop
      vertex 9.17116 -13.2 3.2
      vertex 9.17116 -14.4 3.2
      vertex 9.2959 -14.3869 3.2
    endloop
  endfacet
  facet normal -0 0 1
    outer loop
      vertex 5.45767 -13.2 3.2
      vertex 9.17116 -14.4 3.2
      vertex 9.17116 -13.2 3.2
    endloop
  endfacet
  facet normal 0 0 1
    outer loop
      vertex 5.45767 -13.2 3.2
      vertex 5.45767 -14.4 3.2
      vertex 9.17116 -14.4 3.2
    endloop
  endfacet
  facet normal -0 0 1
    outer loop
      vertex 5.33293 -13.2131 3.2
      vertex 5.45767 -14.4 3.2
      vertex 5.45767 -13.2 3.2
    endloop
  endfacet
  facet normal 0 0 1
    outer loop
      vertex 5.33293 -13.2131 3.2
      vertex 5.33293 -14.3869 3.2
      vertex 5.45767 -14.4 3.2
    endloop
  endfacet
  facet normal -0 0 1
    outer loop
      vertex 5.21364 -13.2519 3.2
      vertex 5.33293 -14.3869 3.2
      vertex 5.33293 -13.2131 3.2
    endloop
  endfacet
  facet normal 0 0 1
    outer loop
      vertex 5.21364 -13.2519 3.2
      vertex 5.21364 -14.3481 3.2
      vertex 5.33293 -14.3869 3.2
    endloop
  endfacet
  facet normal -0 0 1
    outer loop
      vertex 5.10501 -13.3146 3.2
      vertex 5.21364 -14.3481 3.2
      vertex 5.21364 -13.2519 3.2
    endloop
  endfacet
  facet normal 0 0 1
    outer loop
      vertex 5.10501 -13.3146 3.2
      vertex 5.10501 -14.2854 3.2
      vertex 5.21364 -14.3481 3.2
    endloop
  endfacet
  facet normal -0 0 1
    outer loop
      vertex 5.0118 -13.3985 3.2
      vertex 5.10501 -14.2854 3.2
      vertex 5.10501 -13.3146 3.2
    endloop
  endfacet
  facet normal 0 0 1
    outer loop
      vertex 5.0118 -13.3985 3.2
      vertex 5.0118 -14.2015 3.2
      vertex 5.10501 -14.2854 3.2
    endloop
  endfacet
  facet normal -0 0 1
    outer loop
      vertex 4.93806 -13.5 3.2
      vertex 5.0118 -14.2015 3.2
      vertex 5.0118 -13.3985 3.2
    endloop
  endfacet
  facet normal 0 0 1
    outer loop
      vertex 4.93806 -13.5 3.2
      vertex 4.93806 -14.1 3.2
      vertex 5.0118 -14.2015 3.2
    endloop
  endfacet
  facet normal -0 0 1
    outer loop
      vertex 4.88704 -13.6146 3.2
      vertex 4.93806 -14.1 3.2
      vertex 4.93806 -13.5 3.2
    endloop
  endfacet
  facet normal 0 0 1
    outer loop
      vertex 4.88704 -13.6146 3.2
      vertex 4.88704 -13.9854 3.2
      vertex 4.93806 -14.1 3.2
    endloop
  endfacet
  facet normal -0 0 1
    outer loop
      vertex 4.86096 -13.7373 3.2
      vertex 4.88704 -13.9854 3.2
      vertex 4.88704 -13.6146 3.2
    endloop
  endfacet
  facet normal 0 0 1
    outer loop
      vertex 4.88704 -13.9854 3.2
      vertex 4.86096 -13.7373 3.2
      vertex 4.86096 -13.8627 3.2
    endloop
  endfacet
  facet normal 0 0 1
    outer loop
      vertex 17.0562 -13.6146 3.2
      vertex 17.0823 -13.8627 3.2
      vertex 17.0823 -13.7373 3.2
    endloop
  endfacet
  facet normal 0 0 1
    outer loop
      vertex 17.0562 -13.6146 3.2
      vertex 17.0562 -13.9854 3.2
      vertex 17.0823 -13.8627 3.2
    endloop
  endfacet
  facet normal 0 0 1
    outer loop
      vertex 17.0052 -13.5 3.2
      vertex 17.0562 -13.9854 3.2
      vertex 17.0562 -13.6146 3.2
    endloop
  endfacet
  facet normal 0 0 1
    outer loop
      vertex 17.0052 -13.5 3.2
      vertex 17.0052 -14.1 3.2
      vertex 17.0562 -13.9854 3.2
    endloop
  endfacet
  facet normal 0 0 1
    outer loop
      vertex 16.9314 -13.3985 3.2
      vertex 17.0052 -14.1 3.2
      vertex 17.0052 -13.5 3.2
    endloop
  endfacet
  facet normal 0 0 1
    outer loop
      vertex 16.9314 -13.3985 3.2
      vertex 16.9314 -14.2015 3.2
      vertex 17.0052 -14.1 3.2
    endloop
  endfacet
  facet normal 0 0 1
    outer loop
      vertex 16.8382 -13.3146 3.2
      vertex 16.9314 -14.2015 3.2
      vertex 16.9314 -13.3985 3.2
    endloop
  endfacet
  facet normal 0 0 1
    outer loop
      vertex 16.8382 -13.3146 3.2
      vertex 16.8382 -14.2854 3.2
      vertex 16.9314 -14.2015 3.2
    endloop
  endfacet
  facet normal 0 0 1
    outer loop
      vertex 16.7296 -13.2519 3.2
      vertex 16.8382 -14.2854 3.2
      vertex 16.8382 -13.3146 3.2
    endloop
  endfacet
  facet normal 0 0 1
    outer loop
      vertex 16.7296 -13.2519 3.2
      vertex 16.7296 -14.3481 3.2
      vertex 16.8382 -14.2854 3.2
    endloop
  endfacet
  facet normal 0 0 1
    outer loop
      vertex 16.6103 -13.2131 3.2
      vertex 16.7296 -14.3481 3.2
      vertex 16.7296 -13.2519 3.2
    endloop
  endfacet
  facet normal 0 0 1
    outer loop
      vertex 16.6103 -13.2131 3.2
      vertex 16.6103 -14.3869 3.2
      vertex 16.7296 -14.3481 3.2
    endloop
  endfacet
  facet normal 0 0 1
    outer loop
      vertex 16.4856 -13.2 3.2
      vertex 16.6103 -14.3869 3.2
      vertex 16.6103 -13.2131 3.2
    endloop
  endfacet
  facet normal 0 0 1
    outer loop
      vertex 16.4856 -13.2 3.2
      vertex 16.4856 -14.4 3.2
      vertex 16.6103 -14.3869 3.2
    endloop
  endfacet
  facet normal -0 0 1
    outer loop
      vertex 12.7721 -13.2 3.2
      vertex 16.4856 -14.4 3.2
      vertex 16.4856 -13.2 3.2
    endloop
  endfacet
  facet normal 0 0 1
    outer loop
      vertex 12.7721 -13.2 3.2
      vertex 12.7721 -14.4 3.2
      vertex 16.4856 -14.4 3.2
    endloop
  endfacet
  facet normal -0 0 1
    outer loop
      vertex 12.6474 -13.2131 3.2
      vertex 12.7721 -14.4 3.2
      vertex 12.7721 -13.2 3.2
    endloop
  endfacet
  facet normal 0 0 1
    outer loop
      vertex 12.6474 -13.2131 3.2
      vertex 12.6474 -14.3869 3.2
      vertex 12.7721 -14.4 3.2
    endloop
  endfacet
  facet normal -0 0 1
    outer loop
      vertex 12.5281 -13.2519 3.2
      vertex 12.6474 -14.3869 3.2
      vertex 12.6474 -13.2131 3.2
    endloop
  endfacet
  facet normal 0 0 1
    outer loop
      vertex 12.5281 -13.2519 3.2
      vertex 12.5281 -14.3481 3.2
      vertex 12.6474 -14.3869 3.2
    endloop
  endfacet
  facet normal -0 0 1
    outer loop
      vertex 12.4194 -13.3146 3.2
      vertex 12.5281 -14.3481 3.2
      vertex 12.5281 -13.2519 3.2
    endloop
  endfacet
  facet normal 0 0 1
    outer loop
      vertex 12.4194 -13.3146 3.2
      vertex 12.4194 -14.2854 3.2
      vertex 12.5281 -14.3481 3.2
    endloop
  endfacet
  facet normal -0 0 1
    outer loop
      vertex 12.3262 -13.3985 3.2
      vertex 12.4194 -14.2854 3.2
      vertex 12.4194 -13.3146 3.2
    endloop
  endfacet
  facet normal 0 0 1
    outer loop
      vertex 12.3262 -13.3985 3.2
      vertex 12.3262 -14.2015 3.2
      vertex 12.4194 -14.2854 3.2
    endloop
  endfacet
  facet normal -0 0 1
    outer loop
      vertex 12.2525 -13.5 3.2
      vertex 12.3262 -14.2015 3.2
      vertex 12.3262 -13.3985 3.2
    endloop
  endfacet
  facet normal 0 0 1
    outer loop
      vertex 12.2525 -13.5 3.2
      vertex 12.2525 -14.1 3.2
      vertex 12.3262 -14.2015 3.2
    endloop
  endfacet
  facet normal -0 0 1
    outer loop
      vertex 12.2015 -13.6146 3.2
      vertex 12.2525 -14.1 3.2
      vertex 12.2525 -13.5 3.2
    endloop
  endfacet
  facet normal 0 0 1
    outer loop
      vertex 12.2015 -13.6146 3.2
      vertex 12.2015 -13.9854 3.2
      vertex 12.2525 -14.1 3.2
    endloop
  endfacet
  facet normal -0 0 1
    outer loop
      vertex 12.1754 -13.7373 3.2
      vertex 12.2015 -13.9854 3.2
      vertex 12.2015 -13.6146 3.2
    endloop
  endfacet
  facet normal 0 0 1
    outer loop
      vertex 12.2015 -13.9854 3.2
      vertex 12.1754 -13.7373 3.2
      vertex 12.1754 -13.8627 3.2
    endloop
  endfacet
  facet normal 0.407247 -0.913318 0
    outer loop
      vertex -23.6146 10.1208 2.5
      vertex -23.5 10.1719 3.2
      vertex -23.6146 10.1208 3.2
    endloop
  endfacet
  facet normal 0.407247 -0.913318 0
    outer loop
      vertex -23.5 10.1719 3.2
      vertex -23.6146 10.1208 2.5
      vertex -23.5 10.1719 2.5
    endloop
  endfacet
  facet normal 0.587555 -0.809184 0
    outer loop
      vertex -23.5 10.1719 2.5
      vertex -23.3985 10.2456 3.2
      vertex -23.5 10.1719 3.2
    endloop
  endfacet
  facet normal 0.587555 -0.809184 0
    outer loop
      vertex -23.3985 10.2456 3.2
      vertex -23.5 10.1719 2.5
      vertex -23.3985 10.2456 2.5
    endloop
  endfacet
  facet normal 0.743215 -0.669053 0
    outer loop
      vertex -23.3985 10.2456 3.2
      vertex -23.3146 10.3388 2.5
      vertex -23.3146 10.3388 3.2
    endloop
  endfacet
  facet normal 0.743215 -0.669053 0
    outer loop
      vertex -23.3146 10.3388 2.5
      vertex -23.3985 10.2456 3.2
      vertex -23.3985 10.2456 2.5
    endloop
  endfacet
  facet normal 0.866026 -0.499999 0
    outer loop
      vertex -23.3146 10.3388 3.2
      vertex -23.2519 10.4474 2.5
      vertex -23.2519 10.4474 3.2
    endloop
  endfacet
  facet normal 0.866026 -0.499999 0
    outer loop
      vertex -23.2519 10.4474 2.5
      vertex -23.3146 10.3388 3.2
      vertex -23.3146 10.3388 2.5
    endloop
  endfacet
  facet normal 0.95097 -0.309284 0
    outer loop
      vertex -23.2519 10.4474 3.2
      vertex -23.2131 10.5667 2.5
      vertex -23.2131 10.5667 3.2
    endloop
  endfacet
  facet normal 0.95097 -0.309284 0
    outer loop
      vertex -23.2131 10.5667 2.5
      vertex -23.2519 10.4474 3.2
      vertex -23.2519 10.4474 2.5
    endloop
  endfacet
  facet normal 0.994536 -0.104394 0
    outer loop
      vertex -23.2131 10.5667 3.2
      vertex -23.2 10.6915 2.5
      vertex -23.2 10.6915 3.2
    endloop
  endfacet
  facet normal 0.994536 -0.104394 0
    outer loop
      vertex -23.2 10.6915 2.5
      vertex -23.2131 10.5667 3.2
      vertex -23.2131 10.5667 2.5
    endloop
  endfacet
  facet normal 1 -0 0
    outer loop
      vertex -23.2 10.6915 3.2
      vertex -23.2 12.7585 2.5
      vertex -23.2 12.7585 3.2
    endloop
  endfacet
  facet normal 1 0 0
    outer loop
      vertex -23.2 12.7585 2.5
      vertex -23.2 10.6915 3.2
      vertex -23.2 10.6915 2.5
    endloop
  endfacet
  facet normal 0 -1 0
    outer loop
      vertex -21.5691 13.2 2.5
      vertex -20.0865 13.2 3.2
      vertex -21.5691 13.2 3.2
    endloop
  endfacet
  facet normal 0 -1 -0
    outer loop
      vertex -20.0865 13.2 3.2
      vertex -21.5691 13.2 2.5
      vertex -20.0865 13.2 2.5
    endloop
  endfacet
  facet normal 0.104477 -0.994527 0
    outer loop
      vertex -20.0865 13.2 2.5
      vertex -19.9618 13.2131 3.2
      vertex -20.0865 13.2 3.2
    endloop
  endfacet
  facet normal 0.104477 -0.994527 0
    outer loop
      vertex -19.9618 13.2131 3.2
      vertex -20.0865 13.2 2.5
      vertex -19.9618 13.2131 2.5
    endloop
  endfacet
  facet normal 0.309284 -0.95097 0
    outer loop
      vertex -19.9618 13.2131 2.5
      vertex -19.8425 13.2519 3.2
      vertex -19.9618 13.2131 3.2
    endloop
  endfacet
  facet normal 0.309284 -0.95097 0
    outer loop
      vertex -19.8425 13.2519 3.2
      vertex -19.9618 13.2131 2.5
      vertex -19.8425 13.2519 2.5
    endloop
  endfacet
  facet normal 0.499999 -0.866026 0
    outer loop
      vertex -19.8425 13.2519 2.5
      vertex -19.7339 13.3146 3.2
      vertex -19.8425 13.2519 3.2
    endloop
  endfacet
  facet normal 0.499999 -0.866026 0
    outer loop
      vertex -19.7339 13.3146 3.2
      vertex -19.8425 13.2519 2.5
      vertex -19.7339 13.3146 2.5
    endloop
  endfacet
  facet normal 0.668656 -0.743571 0
    outer loop
      vertex -19.7339 13.3146 2.5
      vertex -19.6406 13.3985 3.2
      vertex -19.7339 13.3146 3.2
    endloop
  endfacet
  facet normal 0.668656 -0.743571 0
    outer loop
      vertex -19.6406 13.3985 3.2
      vertex -19.7339 13.3146 2.5
      vertex -19.6406 13.3985 2.5
    endloop
  endfacet
  facet normal 0.809184 -0.587555 0
    outer loop
      vertex -19.6406 13.3985 3.2
      vertex -19.5669 13.5 2.5
      vertex -19.5669 13.5 3.2
    endloop
  endfacet
  facet normal 0.809184 -0.587555 0
    outer loop
      vertex -19.5669 13.5 2.5
      vertex -19.6406 13.3985 3.2
      vertex -19.6406 13.3985 2.5
    endloop
  endfacet
  facet normal 0.913614 -0.406582 0
    outer loop
      vertex -19.5669 13.5 3.2
      vertex -19.5159 13.6146 2.5
      vertex -19.5159 13.6146 3.2
    endloop
  endfacet
  facet normal 0.913614 -0.406582 0
    outer loop
      vertex -19.5159 13.6146 2.5
      vertex -19.5669 13.5 3.2
      vertex -19.5669 13.5 2.5
    endloop
  endfacet
  facet normal 0.978116 -0.208059 0
    outer loop
      vertex -19.5159 13.6146 3.2
      vertex -19.4898 13.7373 2.5
      vertex -19.4898 13.7373 3.2
    endloop
  endfacet
  facet normal 0.978116 -0.208059 0
    outer loop
      vertex -19.4898 13.7373 2.5
      vertex -19.5159 13.6146 3.2
      vertex -19.5159 13.6146 2.5
    endloop
  endfacet
  facet normal 1 -0 0
    outer loop
      vertex -19.4898 13.7373 3.2
      vertex -19.4898 13.8627 2.5
      vertex -19.4898 13.8627 3.2
    endloop
  endfacet
  facet normal 1 0 0
    outer loop
      vertex -19.4898 13.8627 2.5
      vertex -19.4898 13.7373 3.2
      vertex -19.4898 13.7373 2.5
    endloop
  endfacet
  facet normal 0.978116 0.208059 0
    outer loop
      vertex -19.4898 13.8627 3.2
      vertex -19.5159 13.9854 2.5
      vertex -19.5159 13.9854 3.2
    endloop
  endfacet
  facet normal 0.978116 0.208059 0
    outer loop
      vertex -19.5159 13.9854 2.5
      vertex -19.4898 13.8627 3.2
      vertex -19.4898 13.8627 2.5
    endloop
  endfacet
  facet normal 0.913614 0.406582 0
    outer loop
      vertex -19.5159 13.9854 3.2
      vertex -19.5669 14.1 2.5
      vertex -19.5669 14.1 3.2
    endloop
  endfacet
  facet normal 0.913614 0.406582 0
    outer loop
      vertex -19.5669 14.1 2.5
      vertex -19.5159 13.9854 3.2
      vertex -19.5159 13.9854 2.5
    endloop
  endfacet
  facet normal 0.809184 0.587555 0
    outer loop
      vertex -19.5669 14.1 3.2
      vertex -19.6406 14.2015 2.5
      vertex -19.6406 14.2015 3.2
    endloop
  endfacet
  facet normal 0.809184 0.587555 0
    outer loop
      vertex -19.6406 14.2015 2.5
      vertex -19.5669 14.1 3.2
      vertex -19.5669 14.1 2.5
    endloop
  endfacet
  facet normal 0.668656 0.743571 -0
    outer loop
      vertex -19.6406 14.2015 2.5
      vertex -19.7339 14.2854 3.2
      vertex -19.6406 14.2015 3.2
    endloop
  endfacet
  facet normal 0.668656 0.743571 0
    outer loop
      vertex -19.7339 14.2854 3.2
      vertex -19.6406 14.2015 2.5
      vertex -19.7339 14.2854 2.5
    endloop
  endfacet
  facet normal 0.499999 0.866026 -0
    outer loop
      vertex -19.7339 14.2854 2.5
      vertex -19.8425 14.3481 3.2
      vertex -19.7339 14.2854 3.2
    endloop
  endfacet
  facet normal 0.499999 0.866026 0
    outer loop
      vertex -19.8425 14.3481 3.2
      vertex -19.7339 14.2854 2.5
      vertex -19.8425 14.3481 2.5
    endloop
  endfacet
  facet normal 0.309284 0.95097 -0
    outer loop
      vertex -19.8425 14.3481 2.5
      vertex -19.9618 14.3869 3.2
      vertex -19.8425 14.3481 3.2
    endloop
  endfacet
  facet normal 0.309284 0.95097 0
    outer loop
      vertex -19.9618 14.3869 3.2
      vertex -19.8425 14.3481 2.5
      vertex -19.9618 14.3869 2.5
    endloop
  endfacet
  facet normal 0.104477 0.994527 -0
    outer loop
      vertex -19.9618 14.3869 2.5
      vertex -20.0865 14.4 3.2
      vertex -19.9618 14.3869 3.2
    endloop
  endfacet
  facet normal 0.104477 0.994527 0
    outer loop
      vertex -20.0865 14.4 3.2
      vertex -19.9618 14.3869 2.5
      vertex -20.0865 14.4 2.5
    endloop
  endfacet
  facet normal 0 1 -0
    outer loop
      vertex -20.0865 14.4 2.5
      vertex -23.8 14.4 3.2
      vertex -20.0865 14.4 3.2
    endloop
  endfacet
  facet normal 0 1 0
    outer loop
      vertex -23.8 14.4 3.2
      vertex -20.0865 14.4 2.5
      vertex -23.8 14.4 2.5
    endloop
  endfacet
  facet normal -0.106876 0.994272 0
    outer loop
      vertex -23.8 14.4 2.5
      vertex -23.8307 14.3967 3.2
      vertex -23.8 14.4 3.2
    endloop
  endfacet
  facet normal -0.106876 0.994272 0
    outer loop
      vertex -23.8307 14.3967 3.2
      vertex -23.8 14.4 2.5
      vertex -23.8307 14.3967 2.5
    endloop
  endfacet
  facet normal 0 1 -0
    outer loop
      vertex -23.8621 14.3967 2.5
      vertex -23.8627 14.3967 3.2
      vertex -23.8621 14.3967 3.2
    endloop
  endfacet
  facet normal 0 1 0
    outer loop
      vertex -23.8627 14.3967 3.2
      vertex -23.8621 14.3967 2.5
      vertex -23.8627 14.3967 2.5
    endloop
  endfacet
  facet normal -0.206491 0.978449 0
    outer loop
      vertex -23.8627 14.3967 2.5
      vertex -23.8935 14.3902 3.2
      vertex -23.8627 14.3967 3.2
    endloop
  endfacet
  facet normal -0.206491 0.978449 0
    outer loop
      vertex -23.8935 14.3902 3.2
      vertex -23.8627 14.3967 2.5
      vertex -23.8935 14.3902 2.5
    endloop
  endfacet
  facet normal -0.105183 0.994453 0
    outer loop
      vertex -23.8935 14.3902 2.5
      vertex -23.9247 14.3869 3.2
      vertex -23.8935 14.3902 3.2
    endloop
  endfacet
  facet normal -0.105183 0.994453 0
    outer loop
      vertex -23.9247 14.3869 3.2
      vertex -23.8935 14.3902 2.5
      vertex -23.9247 14.3869 2.5
    endloop
  endfacet
  facet normal -0.30945 0.950916 0
    outer loop
      vertex -23.9247 14.3869 2.5
      vertex -23.9542 14.3773 3.2
      vertex -23.9247 14.3869 3.2
    endloop
  endfacet
  facet normal -0.30945 0.950916 0
    outer loop
      vertex -23.9542 14.3773 3.2
      vertex -23.9247 14.3869 2.5
      vertex -23.9542 14.3773 2.5
    endloop
  endfacet
  facet normal -0.164399 0.986394 0
    outer loop
      vertex -23.9848 14.3707 2.5
      vertex -23.9854 14.3706 3.2
      vertex -23.9848 14.3707 3.2
    endloop
  endfacet
  facet normal -0.164399 0.986394 0
    outer loop
      vertex -23.9854 14.3706 3.2
      vertex -23.9848 14.3707 2.5
      vertex -23.9854 14.3706 2.5
    endloop
  endfacet
  facet normal -0.407319 0.913286 0
    outer loop
      vertex -23.9854 14.3706 2.5
      vertex -24.0141 14.3578 3.2
      vertex -23.9854 14.3706 3.2
    endloop
  endfacet
  facet normal -0.407319 0.913286 0
    outer loop
      vertex -24.0141 14.3578 3.2
      vertex -23.9854 14.3706 2.5
      vertex -24.0141 14.3578 2.5
    endloop
  endfacet
  facet normal -0.308582 0.951198 0
    outer loop
      vertex -24.0141 14.3578 2.5
      vertex -24.044 14.3481 3.2
      vertex -24.0141 14.3578 3.2
    endloop
  endfacet
  facet normal -0.308582 0.951198 0
    outer loop
      vertex -24.044 14.3481 3.2
      vertex -24.0141 14.3578 2.5
      vertex -24.044 14.3481 2.5
    endloop
  endfacet
  facet normal -0.499258 0.866454 0
    outer loop
      vertex -24.044 14.3481 2.5
      vertex -24.0709 14.3326 3.2
      vertex -24.044 14.3481 3.2
    endloop
  endfacet
  facet normal -0.499258 0.866454 0
    outer loop
      vertex -24.0709 14.3326 3.2
      vertex -24.044 14.3481 2.5
      vertex -24.0709 14.3326 2.5
    endloop
  endfacet
  facet normal -0.316228 0.948683 0
    outer loop
      vertex -24.0994 14.3198 2.5
      vertex -24.1 14.3196 3.2
      vertex -24.0994 14.3198 3.2
    endloop
  endfacet
  facet normal -0.316228 0.948683 0
    outer loop
      vertex -24.1 14.3196 3.2
      vertex -24.0994 14.3198 2.5
      vertex -24.1 14.3196 2.5
    endloop
  endfacet
  facet normal -0.588739 0.808323 0
    outer loop
      vertex -24.1 14.3196 2.5
      vertex -24.1254 14.3011 3.2
      vertex -24.1 14.3196 3.2
    endloop
  endfacet
  facet normal -0.588739 0.808323 0
    outer loop
      vertex -24.1254 14.3011 3.2
      vertex -24.1 14.3196 2.5
      vertex -24.1254 14.3011 2.5
    endloop
  endfacet
  facet normal -0.499906 0.86608 0
    outer loop
      vertex -24.1254 14.3011 2.5
      vertex -24.1526 14.2854 3.2
      vertex -24.1254 14.3011 3.2
    endloop
  endfacet
  facet normal -0.499906 0.86608 0
    outer loop
      vertex -24.1526 14.2854 3.2
      vertex -24.1254 14.3011 2.5
      vertex -24.1526 14.2854 2.5
    endloop
  endfacet
  facet normal -0.668965 0.743294 0
    outer loop
      vertex -24.1526 14.2854 2.5
      vertex -24.1756 14.2647 3.2
      vertex -24.1526 14.2854 3.2
    endloop
  endfacet
  facet normal -0.668965 0.743294 0
    outer loop
      vertex -24.1756 14.2647 3.2
      vertex -24.1526 14.2854 2.5
      vertex -24.1756 14.2647 2.5
    endloop
  endfacet
  facet normal -0.514496 0.857493 0
    outer loop
      vertex -24.201 14.2462 2.5
      vertex -24.2015 14.2459 3.2
      vertex -24.201 14.2462 3.2
    endloop
  endfacet
  facet normal -0.514496 0.857493 0
    outer loop
      vertex -24.2015 14.2459 3.2
      vertex -24.201 14.2462 2.5
      vertex -24.2015 14.2459 2.5
    endloop
  endfacet
  facet normal -0.744242 0.66791 0
    outer loop
      vertex -24.2225 14.2225 2.5
      vertex -24.2015 14.2459 3.2
      vertex -24.2015 14.2459 2.5
    endloop
  endfacet
  facet normal -0.744242 0.66791 0
    outer loop
      vertex -24.2015 14.2459 3.2
      vertex -24.2225 14.2225 2.5
      vertex -24.2225 14.2225 3.2
    endloop
  endfacet
  facet normal -0.66791 0.744242 0
    outer loop
      vertex -24.2225 14.2225 2.5
      vertex -24.2459 14.2015 3.2
      vertex -24.2225 14.2225 3.2
    endloop
  endfacet
  facet normal -0.66791 0.744242 0
    outer loop
      vertex -24.2459 14.2015 3.2
      vertex -24.2225 14.2225 2.5
      vertex -24.2459 14.2015 2.5
    endloop
  endfacet
  facet normal -0.809572 0.58702 0
    outer loop
      vertex -24.2641 14.1764 2.5
      vertex -24.2459 14.2015 3.2
      vertex -24.2459 14.2015 2.5
    endloop
  endfacet
  facet normal -0.809572 0.58702 0
    outer loop
      vertex -24.2459 14.2015 3.2
      vertex -24.2641 14.1764 2.5
      vertex -24.2641 14.1764 3.2
    endloop
  endfacet
  facet normal -0.780869 0.624695 0
    outer loop
      vertex -24.2854 14.1526 2.5
      vertex -24.285 14.1531 3.2
      vertex -24.285 14.1531 2.5
    endloop
  endfacet
  facet normal -0.780869 0.624695 0
    outer loop
      vertex -24.285 14.1531 3.2
      vertex -24.2854 14.1526 2.5
      vertex -24.2854 14.1526 3.2
    endloop
  endfacet
  facet normal -0.86608 0.499906 0
    outer loop
      vertex -24.3011 14.1254 2.5
      vertex -24.2854 14.1526 3.2
      vertex -24.2854 14.1526 2.5
    endloop
  endfacet
  facet normal -0.86608 0.499906 0
    outer loop
      vertex -24.2854 14.1526 3.2
      vertex -24.3011 14.1254 2.5
      vertex -24.3011 14.1254 3.2
    endloop
  endfacet
  facet normal -0.808323 0.588739 0
    outer loop
      vertex -24.3196 14.1 2.5
      vertex -24.3011 14.1254 3.2
      vertex -24.3011 14.1254 2.5
    endloop
  endfacet
  facet normal -0.808323 0.588739 0
    outer loop
      vertex -24.3011 14.1254 3.2
      vertex -24.3196 14.1 2.5
      vertex -24.3196 14.1 3.2
    endloop
  endfacet
  facet normal -0.913545 0.406737 0
    outer loop
      vertex -24.3322 14.0717 2.5
      vertex -24.3196 14.1 3.2
      vertex -24.3196 14.1 2.5
    endloop
  endfacet
  facet normal -0.913545 0.406737 0
    outer loop
      vertex -24.3196 14.1 3.2
      vertex -24.3322 14.0717 2.5
      vertex -24.3322 14.0717 3.2
    endloop
  endfacet
  facet normal -0.857493 0.514496 0
    outer loop
      vertex -24.3481 14.044 2.5
      vertex -24.3478 14.0445 3.2
      vertex -24.3478 14.0445 2.5
    endloop
  endfacet
  facet normal -0.857493 0.514496 0
    outer loop
      vertex -24.3478 14.0445 3.2
      vertex -24.3481 14.044 2.5
      vertex -24.3481 14.044 3.2
    endloop
  endfacet
  facet normal -0.951198 0.308582 0
    outer loop
      vertex -24.3578 14.0141 2.5
      vertex -24.3481 14.044 3.2
      vertex -24.3481 14.044 2.5
    endloop
  endfacet
  facet normal -0.951198 0.308582 0
    outer loop
      vertex -24.3481 14.044 3.2
      vertex -24.3578 14.0141 2.5
      vertex -24.3578 14.0141 3.2
    endloop
  endfacet
  facet normal -0.913286 0.407319 0
    outer loop
      vertex -24.3706 13.9854 2.5
      vertex -24.3578 14.0141 3.2
      vertex -24.3578 14.0141 2.5
    endloop
  endfacet
  facet normal -0.913286 0.407319 0
    outer loop
      vertex -24.3578 14.0141 3.2
      vertex -24.3706 13.9854 2.5
      vertex -24.3706 13.9854 3.2
    endloop
  endfacet
  facet normal -0.977755 0.209749 0
    outer loop
      vertex -24.3771 13.9551 2.5
      vertex -24.3706 13.9854 3.2
      vertex -24.3706 13.9854 2.5
    endloop
  endfacet
  facet normal -0.977755 0.209749 0
    outer loop
      vertex -24.3706 13.9854 3.2
      vertex -24.3771 13.9551 2.5
      vertex -24.3771 13.9551 3.2
    endloop
  endfacet
  facet normal -0.928477 0.371391 0
    outer loop
      vertex -24.3869 13.9247 2.5
      vertex -24.3867 13.9252 3.2
      vertex -24.3867 13.9252 2.5
    endloop
  endfacet
  facet normal -0.928477 0.371391 0
    outer loop
      vertex -24.3867 13.9252 3.2
      vertex -24.3869 13.9247 2.5
      vertex -24.3869 13.9247 3.2
    endloop
  endfacet
  facet normal -0.994453 0.105183 0
    outer loop
      vertex -24.3902 13.8935 2.5
      vertex -24.3869 13.9247 3.2
      vertex -24.3869 13.9247 2.5
    endloop
  endfacet
  facet normal -0.994453 0.105183 0
    outer loop
      vertex -24.3869 13.9247 3.2
      vertex -24.3902 13.8935 2.5
      vertex -24.3902 13.8935 3.2
    endloop
  endfacet
  facet normal -0.978449 0.206491 0
    outer loop
      vertex -24.3967 13.8627 2.5
      vertex -24.3902 13.8935 3.2
      vertex -24.3902 13.8935 2.5
    endloop
  endfacet
  facet normal -0.978449 0.206491 0
    outer loop
      vertex -24.3902 13.8935 3.2
      vertex -24.3967 13.8627 2.5
      vertex -24.3967 13.8627 3.2
    endloop
  endfacet
  facet normal -1 0 0
    outer loop
      vertex -24.3967 13.8318 2.5
      vertex -24.3967 13.8627 3.2
      vertex -24.3967 13.8627 2.5
    endloop
  endfacet
  facet normal -1 -0 0
    outer loop
      vertex -24.3967 13.8627 3.2
      vertex -24.3967 13.8318 2.5
      vertex -24.3967 13.8318 3.2
    endloop
  endfacet
  facet normal -0.980581 0.196116 0
    outer loop
      vertex -24.4 13.8 2.5
      vertex -24.3999 13.8005 3.2
      vertex -24.3999 13.8005 2.5
    endloop
  endfacet
  facet normal -0.980581 0.196116 0
    outer loop
      vertex -24.3999 13.8005 3.2
      vertex -24.4 13.8 2.5
      vertex -24.4 13.8 3.2
    endloop
  endfacet
  facet normal -1 0 0
    outer loop
      vertex -24.4 10.6915 2.5
      vertex -24.4 13.8 3.2
      vertex -24.4 13.8 2.5
    endloop
  endfacet
  facet normal -1 -0 0
    outer loop
      vertex -24.4 13.8 3.2
      vertex -24.4 10.6915 2.5
      vertex -24.4 10.6915 3.2
    endloop
  endfacet
  facet normal -0.994536 -0.104394 0
    outer loop
      vertex -24.3869 10.5667 2.5
      vertex -24.4 10.6915 3.2
      vertex -24.4 10.6915 2.5
    endloop
  endfacet
  facet normal -0.994536 -0.104394 0
    outer loop
      vertex -24.4 10.6915 3.2
      vertex -24.3869 10.5667 2.5
      vertex -24.3869 10.5667 3.2
    endloop
  endfacet
  facet normal -0.95097 -0.309284 0
    outer loop
      vertex -24.3481 10.4474 2.5
      vertex -24.3869 10.5667 3.2
      vertex -24.3869 10.5667 2.5
    endloop
  endfacet
  facet normal -0.95097 -0.309284 0
    outer loop
      vertex -24.3869 10.5667 3.2
      vertex -24.3481 10.4474 2.5
      vertex -24.3481 10.4474 3.2
    endloop
  endfacet
  facet normal -0.866026 -0.499999 0
    outer loop
      vertex -24.2854 10.3388 2.5
      vertex -24.3481 10.4474 3.2
      vertex -24.3481 10.4474 2.5
    endloop
  endfacet
  facet normal -0.866026 -0.499999 0
    outer loop
      vertex -24.3481 10.4474 3.2
      vertex -24.2854 10.3388 2.5
      vertex -24.2854 10.3388 3.2
    endloop
  endfacet
  facet normal -0.743215 -0.669053 0
    outer loop
      vertex -24.2015 10.2456 2.5
      vertex -24.2854 10.3388 3.2
      vertex -24.2854 10.3388 2.5
    endloop
  endfacet
  facet normal -0.743215 -0.669053 0
    outer loop
      vertex -24.2854 10.3388 3.2
      vertex -24.2015 10.2456 2.5
      vertex -24.2015 10.2456 3.2
    endloop
  endfacet
  facet normal -0.587555 -0.809184 0
    outer loop
      vertex -24.2015 10.2456 2.5
      vertex -24.1 10.1719 3.2
      vertex -24.2015 10.2456 3.2
    endloop
  endfacet
  facet normal -0.587555 -0.809184 -0
    outer loop
      vertex -24.1 10.1719 3.2
      vertex -24.2015 10.2456 2.5
      vertex -24.1 10.1719 2.5
    endloop
  endfacet
  facet normal -0.407247 -0.913318 0
    outer loop
      vertex -24.1 10.1719 2.5
      vertex -23.9854 10.1208 3.2
      vertex -24.1 10.1719 3.2
    endloop
  endfacet
  facet normal -0.407247 -0.913318 -0
    outer loop
      vertex -23.9854 10.1208 3.2
      vertex -24.1 10.1719 2.5
      vertex -23.9854 10.1208 2.5
    endloop
  endfacet
  facet normal -0.207296 -0.978278 0
    outer loop
      vertex -23.9854 10.1208 2.5
      vertex -23.8627 10.0948 3.2
      vertex -23.9854 10.1208 3.2
    endloop
  endfacet
  facet normal -0.207296 -0.978278 -0
    outer loop
      vertex -23.8627 10.0948 3.2
      vertex -23.9854 10.1208 2.5
      vertex -23.8627 10.0948 2.5
    endloop
  endfacet
  facet normal 0 -1 0
    outer loop
      vertex -23.8627 10.0948 2.5
      vertex -23.7373 10.0948 3.2
      vertex -23.8627 10.0948 3.2
    endloop
  endfacet
  facet normal 0 -1 -0
    outer loop
      vertex -23.7373 10.0948 3.2
      vertex -23.8627 10.0948 2.5
      vertex -23.7373 10.0948 2.5
    endloop
  endfacet
  facet normal 0.207296 -0.978278 0
    outer loop
      vertex -23.7373 10.0948 2.5
      vertex -23.6146 10.1208 3.2
      vertex -23.7373 10.0948 3.2
    endloop
  endfacet
  facet normal 0.207296 -0.978278 0
    outer loop
      vertex -23.6146 10.1208 3.2
      vertex -23.7373 10.0948 2.5
      vertex -23.6146 10.1208 2.5
    endloop
  endfacet
  facet normal 0.309284 -0.95097 0
    outer loop
      vertex -12.6474 13.2131 2.5
      vertex -12.5281 13.2519 3.2
      vertex -12.6474 13.2131 3.2
    endloop
  endfacet
  facet normal 0.309284 -0.95097 0
    outer loop
      vertex -12.5281 13.2519 3.2
      vertex -12.6474 13.2131 2.5
      vertex -12.5281 13.2519 2.5
    endloop
  endfacet
  facet normal 0.499653 -0.866225 0
    outer loop
      vertex -12.5281 13.2519 2.5
      vertex -12.4194 13.3146 3.2
      vertex -12.5281 13.2519 3.2
    endloop
  endfacet
  facet normal 0.499653 -0.866225 0
    outer loop
      vertex -12.4194 13.3146 3.2
      vertex -12.5281 13.2519 2.5
      vertex -12.4194 13.3146 2.5
    endloop
  endfacet
  facet normal 0.669053 -0.743215 0
    outer loop
      vertex -12.4194 13.3146 2.5
      vertex -12.3262 13.3985 3.2
      vertex -12.4194 13.3146 3.2
    endloop
  endfacet
  facet normal 0.669053 -0.743215 0
    outer loop
      vertex -12.3262 13.3985 3.2
      vertex -12.4194 13.3146 2.5
      vertex -12.3262 13.3985 2.5
    endloop
  endfacet
  facet normal 0.809184 -0.587555 0
    outer loop
      vertex -12.3262 13.3985 3.2
      vertex -12.2525 13.5 2.5
      vertex -12.2525 13.5 3.2
    endloop
  endfacet
  facet normal 0.809184 -0.587555 0
    outer loop
      vertex -12.2525 13.5 2.5
      vertex -12.3262 13.3985 3.2
      vertex -12.3262 13.3985 2.5
    endloop
  endfacet
  facet normal 0.913614 -0.406582 0
    outer loop
      vertex -12.2525 13.5 3.2
      vertex -12.2015 13.6146 2.5
      vertex -12.2015 13.6146 3.2
    endloop
  endfacet
  facet normal 0.913614 -0.406582 0
    outer loop
      vertex -12.2015 13.6146 2.5
      vertex -12.2525 13.5 3.2
      vertex -12.2525 13.5 2.5
    endloop
  endfacet
  facet normal 0.978116 -0.208059 0
    outer loop
      vertex -12.2015 13.6146 3.2
      vertex -12.1754 13.7373 2.5
      vertex -12.1754 13.7373 3.2
    endloop
  endfacet
  facet normal 0.978116 -0.208059 0
    outer loop
      vertex -12.1754 13.7373 2.5
      vertex -12.2015 13.6146 3.2
      vertex -12.2015 13.6146 2.5
    endloop
  endfacet
  facet normal 1 -0 0
    outer loop
      vertex -12.1754 13.7373 3.2
      vertex -12.1754 13.8627 2.5
      vertex -12.1754 13.8627 3.2
    endloop
  endfacet
  facet normal 1 0 0
    outer loop
      vertex -12.1754 13.8627 2.5
      vertex -12.1754 13.7373 3.2
      vertex -12.1754 13.7373 2.5
    endloop
  endfacet
  facet normal 0.978116 0.208059 0
    outer loop
      vertex -12.1754 13.8627 3.2
      vertex -12.2015 13.9854 2.5
      vertex -12.2015 13.9854 3.2
    endloop
  endfacet
  facet normal 0.978116 0.208059 0
    outer loop
      vertex -12.2015 13.9854 2.5
      vertex -12.1754 13.8627 3.2
      vertex -12.1754 13.8627 2.5
    endloop
  endfacet
  facet normal 0.913614 0.406582 0
    outer loop
      vertex -12.2015 13.9854 3.2
      vertex -12.2525 14.1 2.5
      vertex -12.2525 14.1 3.2
    endloop
  endfacet
  facet normal 0.913614 0.406582 0
    outer loop
      vertex -12.2525 14.1 2.5
      vertex -12.2015 13.9854 3.2
      vertex -12.2015 13.9854 2.5
    endloop
  endfacet
  facet normal 0.809184 0.587555 0
    outer loop
      vertex -12.2525 14.1 3.2
      vertex -12.3262 14.2015 2.5
      vertex -12.3262 14.2015 3.2
    endloop
  endfacet
  facet normal 0.809184 0.587555 0
    outer loop
      vertex -12.3262 14.2015 2.5
      vertex -12.2525 14.1 3.2
      vertex -12.2525 14.1 2.5
    endloop
  endfacet
  facet normal 0.669053 0.743215 -0
    outer loop
      vertex -12.3262 14.2015 2.5
      vertex -12.4194 14.2854 3.2
      vertex -12.3262 14.2015 3.2
    endloop
  endfacet
  facet normal 0.669053 0.743215 0
    outer loop
      vertex -12.4194 14.2854 3.2
      vertex -12.3262 14.2015 2.5
      vertex -12.4194 14.2854 2.5
    endloop
  endfacet
  facet normal 0.499653 0.866225 -0
    outer loop
      vertex -12.4194 14.2854 2.5
      vertex -12.5281 14.3481 3.2
      vertex -12.4194 14.2854 3.2
    endloop
  endfacet
  facet normal 0.499653 0.866225 0
    outer loop
      vertex -12.5281 14.3481 3.2
      vertex -12.4194 14.2854 2.5
      vertex -12.5281 14.3481 2.5
    endloop
  endfacet
  facet normal 0.309284 0.95097 -0
    outer loop
      vertex -12.5281 14.3481 2.5
      vertex -12.6474 14.3869 3.2
      vertex -12.5281 14.3481 3.2
    endloop
  endfacet
  facet normal 0.309284 0.95097 0
    outer loop
      vertex -12.6474 14.3869 3.2
      vertex -12.5281 14.3481 2.5
      vertex -12.6474 14.3869 2.5
    endloop
  endfacet
  facet normal 0.104477 0.994527 -0
    outer loop
      vertex -12.6474 14.3869 2.5
      vertex -12.7721 14.4 3.2
      vertex -12.6474 14.3869 3.2
    endloop
  endfacet
  facet normal 0.104477 0.994527 0
    outer loop
      vertex -12.7721 14.4 3.2
      vertex -12.6474 14.3869 2.5
      vertex -12.7721 14.4 2.5
    endloop
  endfacet
  facet normal 0 1 -0
    outer loop
      vertex -12.7721 14.4 2.5
      vertex -16.4856 14.4 3.2
      vertex -12.7721 14.4 3.2
    endloop
  endfacet
  facet normal 0 1 0
    outer loop
      vertex -16.4856 14.4 3.2
      vertex -12.7721 14.4 2.5
      vertex -16.4856 14.4 2.5
    endloop
  endfacet
  facet normal -0.104477 0.994527 0
    outer loop
      vertex -16.4856 14.4 2.5
      vertex -16.6103 14.3869 3.2
      vertex -16.4856 14.4 3.2
    endloop
  endfacet
  facet normal -0.104477 0.994527 0
    outer loop
      vertex -16.6103 14.3869 3.2
      vertex -16.4856 14.4 2.5
      vertex -16.6103 14.3869 2.5
    endloop
  endfacet
  facet normal -0.309284 0.95097 0
    outer loop
      vertex -16.6103 14.3869 2.5
      vertex -16.7296 14.3481 3.2
      vertex -16.6103 14.3869 3.2
    endloop
  endfacet
  facet normal -0.309284 0.95097 0
    outer loop
      vertex -16.7296 14.3481 3.2
      vertex -16.6103 14.3869 2.5
      vertex -16.7296 14.3481 2.5
    endloop
  endfacet
  facet normal -0.499999 0.866026 0
    outer loop
      vertex -16.7296 14.3481 2.5
      vertex -16.8382 14.2854 3.2
      vertex -16.7296 14.3481 3.2
    endloop
  endfacet
  facet normal -0.499999 0.866026 0
    outer loop
      vertex -16.8382 14.2854 3.2
      vertex -16.7296 14.3481 2.5
      vertex -16.8382 14.2854 2.5
    endloop
  endfacet
  facet normal -0.669053 0.743215 0
    outer loop
      vertex -16.8382 14.2854 2.5
      vertex -16.9314 14.2015 3.2
      vertex -16.8382 14.2854 3.2
    endloop
  endfacet
  facet normal -0.669053 0.743215 0
    outer loop
      vertex -16.9314 14.2015 3.2
      vertex -16.8382 14.2854 2.5
      vertex -16.9314 14.2015 2.5
    endloop
  endfacet
  facet normal -0.808805 0.588077 0
    outer loop
      vertex -17.0052 14.1 2.5
      vertex -16.9314 14.2015 3.2
      vertex -16.9314 14.2015 2.5
    endloop
  endfacet
  facet normal -0.808805 0.588077 0
    outer loop
      vertex -16.9314 14.2015 3.2
      vertex -17.0052 14.1 2.5
      vertex -17.0052 14.1 3.2
    endloop
  endfacet
  facet normal -0.913614 0.406582 0
    outer loop
      vertex -17.0562 13.9854 2.5
      vertex -17.0052 14.1 3.2
      vertex -17.0052 14.1 2.5
    endloop
  endfacet
  facet normal -0.913614 0.406582 0
    outer loop
      vertex -17.0052 14.1 3.2
      vertex -17.0562 13.9854 2.5
      vertex -17.0562 13.9854 3.2
    endloop
  endfacet
  facet normal -0.978116 0.208059 0
    outer loop
      vertex -17.0823 13.8627 2.5
      vertex -17.0562 13.9854 3.2
      vertex -17.0562 13.9854 2.5
    endloop
  endfacet
  facet normal -0.978116 0.208059 0
    outer loop
      vertex -17.0562 13.9854 3.2
      vertex -17.0823 13.8627 2.5
      vertex -17.0823 13.8627 3.2
    endloop
  endfacet
  facet normal -1 0 0
    outer loop
      vertex -17.0823 13.7373 2.5
      vertex -17.0823 13.8627 3.2
      vertex -17.0823 13.8627 2.5
    endloop
  endfacet
  facet normal -1 -0 0
    outer loop
      vertex -17.0823 13.8627 3.2
      vertex -17.0823 13.7373 2.5
      vertex -17.0823 13.7373 3.2
    endloop
  endfacet
  facet normal -0.978116 -0.208059 0
    outer loop
      vertex -17.0562 13.6146 2.5
      vertex -17.0823 13.7373 3.2
      vertex -17.0823 13.7373 2.5
    endloop
  endfacet
  facet normal -0.978116 -0.208059 0
    outer loop
      vertex -17.0823 13.7373 3.2
      vertex -17.0562 13.6146 2.5
      vertex -17.0562 13.6146 3.2
    endloop
  endfacet
  facet normal -0.913614 -0.406582 0
    outer loop
      vertex -17.0052 13.5 2.5
      vertex -17.0562 13.6146 3.2
      vertex -17.0562 13.6146 2.5
    endloop
  endfacet
  facet normal -0.913614 -0.406582 0
    outer loop
      vertex -17.0562 13.6146 3.2
      vertex -17.0052 13.5 2.5
      vertex -17.0052 13.5 3.2
    endloop
  endfacet
  facet normal -0.808805 -0.588077 0
    outer loop
      vertex -16.9314 13.3985 2.5
      vertex -17.0052 13.5 3.2
      vertex -17.0052 13.5 2.5
    endloop
  endfacet
  facet normal -0.808805 -0.588077 0
    outer loop
      vertex -17.0052 13.5 3.2
      vertex -16.9314 13.3985 2.5
      vertex -16.9314 13.3985 3.2
    endloop
  endfacet
  facet normal -0.669053 -0.743215 0
    outer loop
      vertex -16.9314 13.3985 2.5
      vertex -16.8382 13.3146 3.2
      vertex -16.9314 13.3985 3.2
    endloop
  endfacet
  facet normal -0.669053 -0.743215 -0
    outer loop
      vertex -16.8382 13.3146 3.2
      vertex -16.9314 13.3985 2.5
      vertex -16.8382 13.3146 2.5
    endloop
  endfacet
  facet normal -0.499999 -0.866026 0
    outer loop
      vertex -16.8382 13.3146 2.5
      vertex -16.7296 13.2519 3.2
      vertex -16.8382 13.3146 3.2
    endloop
  endfacet
  facet normal -0.499999 -0.866026 -0
    outer loop
      vertex -16.7296 13.2519 3.2
      vertex -16.8382 13.3146 2.5
      vertex -16.7296 13.2519 2.5
    endloop
  endfacet
  facet normal -0.309284 -0.95097 0
    outer loop
      vertex -16.7296 13.2519 2.5
      vertex -16.6103 13.2131 3.2
      vertex -16.7296 13.2519 3.2
    endloop
  endfacet
  facet normal -0.309284 -0.95097 -0
    outer loop
      vertex -16.6103 13.2131 3.2
      vertex -16.7296 13.2519 2.5
      vertex -16.6103 13.2131 2.5
    endloop
  endfacet
  facet normal -0.104477 -0.994527 0
    outer loop
      vertex -16.6103 13.2131 2.5
      vertex -16.4856 13.2 3.2
      vertex -16.6103 13.2131 3.2
    endloop
  endfacet
  facet normal -0.104477 -0.994527 -0
    outer loop
      vertex -16.4856 13.2 3.2
      vertex -16.6103 13.2131 2.5
      vertex -16.4856 13.2 2.5
    endloop
  endfacet
  facet normal 0 -1 0
    outer loop
      vertex -16.4856 13.2 2.5
      vertex -12.7721 13.2 3.2
      vertex -16.4856 13.2 3.2
    endloop
  endfacet
  facet normal 0 -1 -0
    outer loop
      vertex -12.7721 13.2 3.2
      vertex -16.4856 13.2 2.5
      vertex -12.7721 13.2 2.5
    endloop
  endfacet
  facet normal 0.104477 -0.994527 0
    outer loop
      vertex -12.7721 13.2 2.5
      vertex -12.6474 13.2131 3.2
      vertex -12.7721 13.2 3.2
    endloop
  endfacet
  facet normal 0.104477 -0.994527 0
    outer loop
      vertex -12.6474 13.2131 3.2
      vertex -12.7721 13.2 2.5
      vertex -12.6474 13.2131 2.5
    endloop
  endfacet
  facet normal 0.309308 -0.950962 0
    outer loop
      vertex -5.33293 13.2131 2.5
      vertex -5.21364 13.2519 3.2
      vertex -5.33293 13.2131 3.2
    endloop
  endfacet
  facet normal 0.309308 -0.950962 0
    outer loop
      vertex -5.21364 13.2519 3.2
      vertex -5.33293 13.2131 2.5
      vertex -5.21364 13.2519 2.5
    endloop
  endfacet
  facet normal 0.499895 -0.866086 0
    outer loop
      vertex -5.21364 13.2519 2.5
      vertex -5.10501 13.3146 3.2
      vertex -5.21364 13.2519 3.2
    endloop
  endfacet
  facet normal 0.499895 -0.866086 0
    outer loop
      vertex -5.10501 13.3146 3.2
      vertex -5.21364 13.2519 2.5
      vertex -5.10501 13.3146 2.5
    endloop
  endfacet
  facet normal 0.669013 -0.743251 0
    outer loop
      vertex -5.10501 13.3146 2.5
      vertex -5.0118 13.3985 3.2
      vertex -5.10501 13.3146 3.2
    endloop
  endfacet
  facet normal 0.669013 -0.743251 0
    outer loop
      vertex -5.0118 13.3985 3.2
      vertex -5.10501 13.3146 2.5
      vertex -5.0118 13.3985 2.5
    endloop
  endfacet
  facet normal 0.809032 -0.587764 0
    outer loop
      vertex -5.0118 13.3985 3.2
      vertex -4.93806 13.5 2.5
      vertex -4.93806 13.5 3.2
    endloop
  endfacet
  facet normal 0.809032 -0.587764 0
    outer loop
      vertex -4.93806 13.5 2.5
      vertex -5.0118 13.3985 3.2
      vertex -5.0118 13.3985 2.5
    endloop
  endfacet
  facet normal 0.913555 -0.406715 0
    outer loop
      vertex -4.93806 13.5 3.2
      vertex -4.88704 13.6146 2.5
      vertex -4.88704 13.6146 3.2
    endloop
  endfacet
  facet normal 0.913555 -0.406715 0
    outer loop
      vertex -4.88704 13.6146 2.5
      vertex -4.93806 13.5 3.2
      vertex -4.93806 13.5 2.5
    endloop
  endfacet
  facet normal 0.978149 -0.207906 0
    outer loop
      vertex -4.88704 13.6146 3.2
      vertex -4.86096 13.7373 2.5
      vertex -4.86096 13.7373 3.2
    endloop
  endfacet
  facet normal 0.978149 -0.207906 0
    outer loop
      vertex -4.86096 13.7373 2.5
      vertex -4.88704 13.6146 3.2
      vertex -4.88704 13.6146 2.5
    endloop
  endfacet
  facet normal 1 -0 0
    outer loop
      vertex -4.86096 13.7373 3.2
      vertex -4.86096 13.8627 2.5
      vertex -4.86096 13.8627 3.2
    endloop
  endfacet
  facet normal 1 0 0
    outer loop
      vertex -4.86096 13.8627 2.5
      vertex -4.86096 13.7373 3.2
      vertex -4.86096 13.7373 2.5
    endloop
  endfacet
  facet normal 0.978149 0.207906 0
    outer loop
      vertex -4.86096 13.8627 3.2
      vertex -4.88704 13.9854 2.5
      vertex -4.88704 13.9854 3.2
    endloop
  endfacet
  facet normal 0.978149 0.207906 0
    outer loop
      vertex -4.88704 13.9854 2.5
      vertex -4.86096 13.8627 3.2
      vertex -4.86096 13.8627 2.5
    endloop
  endfacet
  facet normal 0.913555 0.406715 0
    outer loop
      vertex -4.88704 13.9854 3.2
      vertex -4.93806 14.1 2.5
      vertex -4.93806 14.1 3.2
    endloop
  endfacet
  facet normal 0.913555 0.406715 0
    outer loop
      vertex -4.93806 14.1 2.5
      vertex -4.88704 13.9854 3.2
      vertex -4.88704 13.9854 2.5
    endloop
  endfacet
  facet normal 0.809032 0.587764 0
    outer loop
      vertex -4.93806 14.1 3.2
      vertex -5.0118 14.2015 2.5
      vertex -5.0118 14.2015 3.2
    endloop
  endfacet
  facet normal 0.809032 0.587764 0
    outer loop
      vertex -5.0118 14.2015 2.5
      vertex -4.93806 14.1 3.2
      vertex -4.93806 14.1 2.5
    endloop
  endfacet
  facet normal 0.669013 0.743251 -0
    outer loop
      vertex -5.0118 14.2015 2.5
      vertex -5.10501 14.2854 3.2
      vertex -5.0118 14.2015 3.2
    endloop
  endfacet
  facet normal 0.669013 0.743251 0
    outer loop
      vertex -5.10501 14.2854 3.2
      vertex -5.0118 14.2015 2.5
      vertex -5.10501 14.2854 2.5
    endloop
  endfacet
  facet normal 0.499895 0.866086 -0
    outer loop
      vertex -5.10501 14.2854 2.5
      vertex -5.21364 14.3481 3.2
      vertex -5.10501 14.2854 3.2
    endloop
  endfacet
  facet normal 0.499895 0.866086 0
    outer loop
      vertex -5.21364 14.3481 3.2
      vertex -5.10501 14.2854 2.5
      vertex -5.21364 14.3481 2.5
    endloop
  endfacet
  facet normal 0.309308 0.950962 -0
    outer loop
      vertex -5.21364 14.3481 2.5
      vertex -5.33293 14.3869 3.2
      vertex -5.21364 14.3481 3.2
    endloop
  endfacet
  facet normal 0.309308 0.950962 0
    outer loop
      vertex -5.33293 14.3869 3.2
      vertex -5.21364 14.3481 2.5
      vertex -5.33293 14.3869 2.5
    endloop
  endfacet
  facet normal 0.104444 0.994531 -0
    outer loop
      vertex -5.33293 14.3869 2.5
      vertex -5.45767 14.4 3.2
      vertex -5.33293 14.3869 3.2
    endloop
  endfacet
  facet normal 0.104444 0.994531 0
    outer loop
      vertex -5.45767 14.4 3.2
      vertex -5.33293 14.3869 2.5
      vertex -5.45767 14.4 2.5
    endloop
  endfacet
  facet normal 0 1 -0
    outer loop
      vertex -5.45767 14.4 2.5
      vertex -9.17116 14.4 3.2
      vertex -5.45767 14.4 3.2
    endloop
  endfacet
  facet normal 0 1 0
    outer loop
      vertex -9.17116 14.4 3.2
      vertex -5.45767 14.4 2.5
      vertex -9.17116 14.4 2.5
    endloop
  endfacet
  facet normal -0.104444 0.994531 0
    outer loop
      vertex -9.17116 14.4 2.5
      vertex -9.2959 14.3869 3.2
      vertex -9.17116 14.4 3.2
    endloop
  endfacet
  facet normal -0.104444 0.994531 0
    outer loop
      vertex -9.2959 14.3869 3.2
      vertex -9.17116 14.4 2.5
      vertex -9.2959 14.3869 2.5
    endloop
  endfacet
  facet normal -0.309308 0.950962 0
    outer loop
      vertex -9.2959 14.3869 2.5
      vertex -9.41519 14.3481 3.2
      vertex -9.2959 14.3869 3.2
    endloop
  endfacet
  facet normal -0.309308 0.950962 0
    outer loop
      vertex -9.41519 14.3481 3.2
      vertex -9.2959 14.3869 2.5
      vertex -9.41519 14.3481 2.5
    endloop
  endfacet
  facet normal -0.499895 0.866086 0
    outer loop
      vertex -9.41519 14.3481 2.5
      vertex -9.52382 14.2854 3.2
      vertex -9.41519 14.3481 3.2
    endloop
  endfacet
  facet normal -0.499895 0.866086 0
    outer loop
      vertex -9.52382 14.2854 3.2
      vertex -9.41519 14.3481 2.5
      vertex -9.52382 14.2854 2.5
    endloop
  endfacet
  facet normal -0.669013 0.743251 0
    outer loop
      vertex -9.52382 14.2854 2.5
      vertex -9.61703 14.2015 3.2
      vertex -9.52382 14.2854 3.2
    endloop
  endfacet
  facet normal -0.669013 0.743251 0
    outer loop
      vertex -9.61703 14.2015 3.2
      vertex -9.52382 14.2854 2.5
      vertex -9.61703 14.2015 2.5
    endloop
  endfacet
  facet normal -0.809032 0.587764 0
    outer loop
      vertex -9.69077 14.1 2.5
      vertex -9.61703 14.2015 3.2
      vertex -9.61703 14.2015 2.5
    endloop
  endfacet
  facet normal -0.809032 0.587764 0
    outer loop
      vertex -9.61703 14.2015 3.2
      vertex -9.69077 14.1 2.5
      vertex -9.69077 14.1 3.2
    endloop
  endfacet
  facet normal -0.913555 0.406715 0
    outer loop
      vertex -9.74179 13.9854 2.5
      vertex -9.69077 14.1 3.2
      vertex -9.69077 14.1 2.5
    endloop
  endfacet
  facet normal -0.913555 0.406715 0
    outer loop
      vertex -9.69077 14.1 3.2
      vertex -9.74179 13.9854 2.5
      vertex -9.74179 13.9854 3.2
    endloop
  endfacet
  facet normal -0.978149 0.207906 0
    outer loop
      vertex -9.76787 13.8627 2.5
      vertex -9.74179 13.9854 3.2
      vertex -9.74179 13.9854 2.5
    endloop
  endfacet
  facet normal -0.978149 0.207906 0
    outer loop
      vertex -9.74179 13.9854 3.2
      vertex -9.76787 13.8627 2.5
      vertex -9.76787 13.8627 3.2
    endloop
  endfacet
  facet normal -1 0 0
    outer loop
      vertex -9.76787 13.7373 2.5
      vertex -9.76787 13.8627 3.2
      vertex -9.76787 13.8627 2.5
    endloop
  endfacet
  facet normal -1 -0 0
    outer loop
      vertex -9.76787 13.8627 3.2
      vertex -9.76787 13.7373 2.5
      vertex -9.76787 13.7373 3.2
    endloop
  endfacet
  facet normal -0.978149 -0.207906 0
    outer loop
      vertex -9.74179 13.6146 2.5
      vertex -9.76787 13.7373 3.2
      vertex -9.76787 13.7373 2.5
    endloop
  endfacet
  facet normal -0.978149 -0.207906 0
    outer loop
      vertex -9.76787 13.7373 3.2
      vertex -9.74179 13.6146 2.5
      vertex -9.74179 13.6146 3.2
    endloop
  endfacet
  facet normal -0.913555 -0.406715 0
    outer loop
      vertex -9.69077 13.5 2.5
      vertex -9.74179 13.6146 3.2
      vertex -9.74179 13.6146 2.5
    endloop
  endfacet
  facet normal -0.913555 -0.406715 0
    outer loop
      vertex -9.74179 13.6146 3.2
      vertex -9.69077 13.5 2.5
      vertex -9.69077 13.5 3.2
    endloop
  endfacet
  facet normal -0.809032 -0.587764 0
    outer loop
      vertex -9.61703 13.3985 2.5
      vertex -9.69077 13.5 3.2
      vertex -9.69077 13.5 2.5
    endloop
  endfacet
  facet normal -0.809032 -0.587764 0
    outer loop
      vertex -9.69077 13.5 3.2
      vertex -9.61703 13.3985 2.5
      vertex -9.61703 13.3985 3.2
    endloop
  endfacet
  facet normal -0.669013 -0.743251 0
    outer loop
      vertex -9.61703 13.3985 2.5
      vertex -9.52382 13.3146 3.2
      vertex -9.61703 13.3985 3.2
    endloop
  endfacet
  facet normal -0.669013 -0.743251 -0
    outer loop
      vertex -9.52382 13.3146 3.2
      vertex -9.61703 13.3985 2.5
      vertex -9.52382 13.3146 2.5
    endloop
  endfacet
  facet normal -0.499895 -0.866086 0
    outer loop
      vertex -9.52382 13.3146 2.5
      vertex -9.41519 13.2519 3.2
      vertex -9.52382 13.3146 3.2
    endloop
  endfacet
  facet normal -0.499895 -0.866086 -0
    outer loop
      vertex -9.41519 13.2519 3.2
      vertex -9.52382 13.3146 2.5
      vertex -9.41519 13.2519 2.5
    endloop
  endfacet
  facet normal -0.309308 -0.950962 0
    outer loop
      vertex -9.41519 13.2519 2.5
      vertex -9.2959 13.2131 3.2
      vertex -9.41519 13.2519 3.2
    endloop
  endfacet
  facet normal -0.309308 -0.950962 -0
    outer loop
      vertex -9.2959 13.2131 3.2
      vertex -9.41519 13.2519 2.5
      vertex -9.2959 13.2131 2.5
    endloop
  endfacet
  facet normal -0.104444 -0.994531 0
    outer loop
      vertex -9.2959 13.2131 2.5
      vertex -9.17116 13.2 3.2
      vertex -9.2959 13.2131 3.2
    endloop
  endfacet
  facet normal -0.104444 -0.994531 -0
    outer loop
      vertex -9.17116 13.2 3.2
      vertex -9.2959 13.2131 2.5
      vertex -9.17116 13.2 2.5
    endloop
  endfacet
  facet normal 0 -1 0
    outer loop
      vertex -9.17116 13.2 2.5
      vertex -5.45767 13.2 3.2
      vertex -9.17116 13.2 3.2
    endloop
  endfacet
  facet normal 0 -1 -0
    outer loop
      vertex -5.45767 13.2 3.2
      vertex -9.17116 13.2 2.5
      vertex -5.45767 13.2 2.5
    endloop
  endfacet
  facet normal 0.104444 -0.994531 0
    outer loop
      vertex -5.45767 13.2 2.5
      vertex -5.33293 13.2131 3.2
      vertex -5.45767 13.2 3.2
    endloop
  endfacet
  facet normal 0.104444 -0.994531 0
    outer loop
      vertex -5.33293 13.2131 3.2
      vertex -5.45767 13.2 2.5
      vertex -5.33293 13.2131 2.5
    endloop
  endfacet
  facet normal 0.309308 -0.950962 0
    outer loop
      vertex 1.98148 13.2131 2.5
      vertex 2.10077 13.2519 3.2
      vertex 1.98148 13.2131 3.2
    endloop
  endfacet
  facet normal 0.309308 -0.950962 0
    outer loop
      vertex 2.10077 13.2519 3.2
      vertex 1.98148 13.2131 2.5
      vertex 2.10077 13.2519 2.5
    endloop
  endfacet
  facet normal 0.499895 -0.866086 0
    outer loop
      vertex 2.10077 13.2519 2.5
      vertex 2.2094 13.3146 3.2
      vertex 2.10077 13.2519 3.2
    endloop
  endfacet
  facet normal 0.499895 -0.866086 0
    outer loop
      vertex 2.2094 13.3146 3.2
      vertex 2.10077 13.2519 2.5
      vertex 2.2094 13.3146 2.5
    endloop
  endfacet
  facet normal 0.669013 -0.743251 0
    outer loop
      vertex 2.2094 13.3146 2.5
      vertex 2.30261 13.3985 3.2
      vertex 2.2094 13.3146 3.2
    endloop
  endfacet
  facet normal 0.669013 -0.743251 0
    outer loop
      vertex 2.30261 13.3985 3.2
      vertex 2.2094 13.3146 2.5
      vertex 2.30261 13.3985 2.5
    endloop
  endfacet
  facet normal 0.80907 -0.587712 0
    outer loop
      vertex 2.30261 13.3985 3.2
      vertex 2.37634 13.5 2.5
      vertex 2.37634 13.5 3.2
    endloop
  endfacet
  facet normal 0.80907 -0.587712 0
    outer loop
      vertex 2.37634 13.5 2.5
      vertex 2.30261 13.3985 3.2
      vertex 2.30261 13.3985 2.5
    endloop
  endfacet
  facet normal 0.913525 -0.406782 0
    outer loop
      vertex 2.37634 13.5 3.2
      vertex 2.42737 13.6146 2.5
      vertex 2.42737 13.6146 3.2
    endloop
  endfacet
  facet normal 0.913525 -0.406782 0
    outer loop
      vertex 2.42737 13.6146 2.5
      vertex 2.37634 13.5 3.2
      vertex 2.37634 13.5 2.5
    endloop
  endfacet
  facet normal 0.978149 -0.207906 0
    outer loop
      vertex 2.42737 13.6146 3.2
      vertex 2.45345 13.7373 2.5
      vertex 2.45345 13.7373 3.2
    endloop
  endfacet
  facet normal 0.978149 -0.207906 0
    outer loop
      vertex 2.45345 13.7373 2.5
      vertex 2.42737 13.6146 3.2
      vertex 2.42737 13.6146 2.5
    endloop
  endfacet
  facet normal 1 -0 0
    outer loop
      vertex 2.45345 13.7373 3.2
      vertex 2.45345 13.8627 2.5
      vertex 2.45345 13.8627 3.2
    endloop
  endfacet
  facet normal 1 0 0
    outer loop
      vertex 2.45345 13.8627 2.5
      vertex 2.45345 13.7373 3.2
      vertex 2.45345 13.7373 2.5
    endloop
  endfacet
  facet normal 0.978149 0.207906 0
    outer loop
      vertex 2.45345 13.8627 3.2
      vertex 2.42737 13.9854 2.5
      vertex 2.42737 13.9854 3.2
    endloop
  endfacet
  facet normal 0.978149 0.207906 0
    outer loop
      vertex 2.42737 13.9854 2.5
      vertex 2.45345 13.8627 3.2
      vertex 2.45345 13.8627 2.5
    endloop
  endfacet
  facet normal 0.913525 0.406782 0
    outer loop
      vertex 2.42737 13.9854 3.2
      vertex 2.37634 14.1 2.5
      vertex 2.37634 14.1 3.2
    endloop
  endfacet
  facet normal 0.913525 0.406782 0
    outer loop
      vertex 2.37634 14.1 2.5
      vertex 2.42737 13.9854 3.2
      vertex 2.42737 13.9854 2.5
    endloop
  endfacet
  facet normal 0.80907 0.587712 0
    outer loop
      vertex 2.37634 14.1 3.2
      vertex 2.30261 14.2015 2.5
      vertex 2.30261 14.2015 3.2
    endloop
  endfacet
  facet normal 0.80907 0.587712 0
    outer loop
      vertex 2.30261 14.2015 2.5
      vertex 2.37634 14.1 3.2
      vertex 2.37634 14.1 2.5
    endloop
  endfacet
  facet normal 0.669013 0.743251 -0
    outer loop
      vertex 2.30261 14.2015 2.5
      vertex 2.2094 14.2854 3.2
      vertex 2.30261 14.2015 3.2
    endloop
  endfacet
  facet normal 0.669013 0.743251 0
    outer loop
      vertex 2.2094 14.2854 3.2
      vertex 2.30261 14.2015 2.5
      vertex 2.2094 14.2854 2.5
    endloop
  endfacet
  facet normal 0.499895 0.866086 -0
    outer loop
      vertex 2.2094 14.2854 2.5
      vertex 2.10077 14.3481 3.2
      vertex 2.2094 14.2854 3.2
    endloop
  endfacet
  facet normal 0.499895 0.866086 0
    outer loop
      vertex 2.10077 14.3481 3.2
      vertex 2.2094 14.2854 2.5
      vertex 2.10077 14.3481 2.5
    endloop
  endfacet
  facet normal 0.309308 0.950962 -0
    outer loop
      vertex 2.10077 14.3481 2.5
      vertex 1.98148 14.3869 3.2
      vertex 2.10077 14.3481 3.2
    endloop
  endfacet
  facet normal 0.309308 0.950962 0
    outer loop
      vertex 1.98148 14.3869 3.2
      vertex 2.10077 14.3481 2.5
      vertex 1.98148 14.3869 2.5
    endloop
  endfacet
  facet normal 0.104444 0.994531 -0
    outer loop
      vertex 1.98148 14.3869 2.5
      vertex 1.85674 14.4 3.2
      vertex 1.98148 14.3869 3.2
    endloop
  endfacet
  facet normal 0.104444 0.994531 0
    outer loop
      vertex 1.85674 14.4 3.2
      vertex 1.98148 14.3869 2.5
      vertex 1.85674 14.4 2.5
    endloop
  endfacet
  facet normal 0 1 -0
    outer loop
      vertex 1.85674 14.4 2.5
      vertex -1.85674 14.4 3.2
      vertex 1.85674 14.4 3.2
    endloop
  endfacet
  facet normal 0 1 0
    outer loop
      vertex -1.85674 14.4 3.2
      vertex 1.85674 14.4 2.5
      vertex -1.85674 14.4 2.5
    endloop
  endfacet
  facet normal -0.104444 0.994531 0
    outer loop
      vertex -1.85674 14.4 2.5
      vertex -1.98148 14.3869 3.2
      vertex -1.85674 14.4 3.2
    endloop
  endfacet
  facet normal -0.104444 0.994531 0
    outer loop
      vertex -1.98148 14.3869 3.2
      vertex -1.85674 14.4 2.5
      vertex -1.98148 14.3869 2.5
    endloop
  endfacet
  facet normal -0.309308 0.950962 0
    outer loop
      vertex -1.98148 14.3869 2.5
      vertex -2.10077 14.3481 3.2
      vertex -1.98148 14.3869 3.2
    endloop
  endfacet
  facet normal -0.309308 0.950962 0
    outer loop
      vertex -2.10077 14.3481 3.2
      vertex -1.98148 14.3869 2.5
      vertex -2.10077 14.3481 2.5
    endloop
  endfacet
  facet normal -0.499895 0.866086 0
    outer loop
      vertex -2.10077 14.3481 2.5
      vertex -2.2094 14.2854 3.2
      vertex -2.10077 14.3481 3.2
    endloop
  endfacet
  facet normal -0.499895 0.866086 0
    outer loop
      vertex -2.2094 14.2854 3.2
      vertex -2.10077 14.3481 2.5
      vertex -2.2094 14.2854 2.5
    endloop
  endfacet
  facet normal -0.669013 0.743251 0
    outer loop
      vertex -2.2094 14.2854 2.5
      vertex -2.30261 14.2015 3.2
      vertex -2.2094 14.2854 3.2
    endloop
  endfacet
  facet normal -0.669013 0.743251 0
    outer loop
      vertex -2.30261 14.2015 3.2
      vertex -2.2094 14.2854 2.5
      vertex -2.30261 14.2015 2.5
    endloop
  endfacet
  facet normal -0.80907 0.587712 0
    outer loop
      vertex -2.37634 14.1 2.5
      vertex -2.30261 14.2015 3.2
      vertex -2.30261 14.2015 2.5
    endloop
  endfacet
  facet normal -0.80907 0.587712 0
    outer loop
      vertex -2.30261 14.2015 3.2
      vertex -2.37634 14.1 2.5
      vertex -2.37634 14.1 3.2
    endloop
  endfacet
  facet normal -0.913525 0.406782 0
    outer loop
      vertex -2.42737 13.9854 2.5
      vertex -2.37634 14.1 3.2
      vertex -2.37634 14.1 2.5
    endloop
  endfacet
  facet normal -0.913525 0.406782 0
    outer loop
      vertex -2.37634 14.1 3.2
      vertex -2.42737 13.9854 2.5
      vertex -2.42737 13.9854 3.2
    endloop
  endfacet
  facet normal -0.978149 0.207906 0
    outer loop
      vertex -2.45345 13.8627 2.5
      vertex -2.42737 13.9854 3.2
      vertex -2.42737 13.9854 2.5
    endloop
  endfacet
  facet normal -0.978149 0.207906 0
    outer loop
      vertex -2.42737 13.9854 3.2
      vertex -2.45345 13.8627 2.5
      vertex -2.45345 13.8627 3.2
    endloop
  endfacet
  facet normal -1 0 0
    outer loop
      vertex -2.45345 13.7373 2.5
      vertex -2.45345 13.8627 3.2
      vertex -2.45345 13.8627 2.5
    endloop
  endfacet
  facet normal -1 -0 0
    outer loop
      vertex -2.45345 13.8627 3.2
      vertex -2.45345 13.7373 2.5
      vertex -2.45345 13.7373 3.2
    endloop
  endfacet
  facet normal -0.978149 -0.207906 0
    outer loop
      vertex -2.42737 13.6146 2.5
      vertex -2.45345 13.7373 3.2
      vertex -2.45345 13.7373 2.5
    endloop
  endfacet
  facet normal -0.978149 -0.207906 0
    outer loop
      vertex -2.45345 13.7373 3.2
      vertex -2.42737 13.6146 2.5
      vertex -2.42737 13.6146 3.2
    endloop
  endfacet
  facet normal -0.913525 -0.406782 0
    outer loop
      vertex -2.37634 13.5 2.5
      vertex -2.42737 13.6146 3.2
      vertex -2.42737 13.6146 2.5
    endloop
  endfacet
  facet normal -0.913525 -0.406782 0
    outer loop
      vertex -2.42737 13.6146 3.2
      vertex -2.37634 13.5 2.5
      vertex -2.37634 13.5 3.2
    endloop
  endfacet
  facet normal -0.80907 -0.587712 0
    outer loop
      vertex -2.30261 13.3985 2.5
      vertex -2.37634 13.5 3.2
      vertex -2.37634 13.5 2.5
    endloop
  endfacet
  facet normal -0.80907 -0.587712 0
    outer loop
      vertex -2.37634 13.5 3.2
      vertex -2.30261 13.3985 2.5
      vertex -2.30261 13.3985 3.2
    endloop
  endfacet
  facet normal -0.669013 -0.743251 0
    outer loop
      vertex -2.30261 13.3985 2.5
      vertex -2.2094 13.3146 3.2
      vertex -2.30261 13.3985 3.2
    endloop
  endfacet
  facet normal -0.669013 -0.743251 -0
    outer loop
      vertex -2.2094 13.3146 3.2
      vertex -2.30261 13.3985 2.5
      vertex -2.2094 13.3146 2.5
    endloop
  endfacet
  facet normal -0.499895 -0.866086 0
    outer loop
      vertex -2.2094 13.3146 2.5
      vertex -2.10077 13.2519 3.2
      vertex -2.2094 13.3146 3.2
    endloop
  endfacet
  facet normal -0.499895 -0.866086 -0
    outer loop
      vertex -2.10077 13.2519 3.2
      vertex -2.2094 13.3146 2.5
      vertex -2.10077 13.2519 2.5
    endloop
  endfacet
  facet normal -0.309308 -0.950962 0
    outer loop
      vertex -2.10077 13.2519 2.5
      vertex -1.98148 13.2131 3.2
      vertex -2.10077 13.2519 3.2
    endloop
  endfacet
  facet normal -0.309308 -0.950962 -0
    outer loop
      vertex -1.98148 13.2131 3.2
      vertex -2.10077 13.2519 2.5
      vertex -1.98148 13.2131 2.5
    endloop
  endfacet
  facet normal -0.104444 -0.994531 0
    outer loop
      vertex -1.98148 13.2131 2.5
      vertex -1.85674 13.2 3.2
      vertex -1.98148 13.2131 3.2
    endloop
  endfacet
  facet normal -0.104444 -0.994531 -0
    outer loop
      vertex -1.85674 13.2 3.2
      vertex -1.98148 13.2131 2.5
      vertex -1.85674 13.2 2.5
    endloop
  endfacet
  facet normal 0 -1 0
    outer loop
      vertex -1.85674 13.2 2.5
      vertex 1.85674 13.2 3.2
      vertex -1.85674 13.2 3.2
    endloop
  endfacet
  facet normal 0 -1 -0
    outer loop
      vertex 1.85674 13.2 3.2
      vertex -1.85674 13.2 2.5
      vertex 1.85674 13.2 2.5
    endloop
  endfacet
  facet normal 0.104444 -0.994531 0
    outer loop
      vertex 1.85674 13.2 2.5
      vertex 1.98148 13.2131 3.2
      vertex 1.85674 13.2 3.2
    endloop
  endfacet
  facet normal 0.104444 -0.994531 0
    outer loop
      vertex 1.98148 13.2131 3.2
      vertex 1.85674 13.2 2.5
      vertex 1.98148 13.2131 2.5
    endloop
  endfacet
  facet normal 0.309308 -0.950962 0
    outer loop
      vertex 9.2959 13.2131 2.5
      vertex 9.41519 13.2519 3.2
      vertex 9.2959 13.2131 3.2
    endloop
  endfacet
  facet normal 0.309308 -0.950962 0
    outer loop
      vertex 9.41519 13.2519 3.2
      vertex 9.2959 13.2131 2.5
      vertex 9.41519 13.2519 2.5
    endloop
  endfacet
  facet normal 0.499895 -0.866086 0
    outer loop
      vertex 9.41519 13.2519 2.5
      vertex 9.52382 13.3146 3.2
      vertex 9.41519 13.2519 3.2
    endloop
  endfacet
  facet normal 0.499895 -0.866086 0
    outer loop
      vertex 9.52382 13.3146 3.2
      vertex 9.41519 13.2519 2.5
      vertex 9.52382 13.3146 2.5
    endloop
  endfacet
  facet normal 0.669013 -0.743251 0
    outer loop
      vertex 9.52382 13.3146 2.5
      vertex 9.61703 13.3985 3.2
      vertex 9.52382 13.3146 3.2
    endloop
  endfacet
  facet normal 0.669013 -0.743251 0
    outer loop
      vertex 9.61703 13.3985 3.2
      vertex 9.52382 13.3146 2.5
      vertex 9.61703 13.3985 2.5
    endloop
  endfacet
  facet normal 0.809032 -0.587764 0
    outer loop
      vertex 9.61703 13.3985 3.2
      vertex 9.69077 13.5 2.5
      vertex 9.69077 13.5 3.2
    endloop
  endfacet
  facet normal 0.809032 -0.587764 0
    outer loop
      vertex 9.69077 13.5 2.5
      vertex 9.61703 13.3985 3.2
      vertex 9.61703 13.3985 2.5
    endloop
  endfacet
  facet normal 0.913555 -0.406715 0
    outer loop
      vertex 9.69077 13.5 3.2
      vertex 9.74179 13.6146 2.5
      vertex 9.74179 13.6146 3.2
    endloop
  endfacet
  facet normal 0.913555 -0.406715 0
    outer loop
      vertex 9.74179 13.6146 2.5
      vertex 9.69077 13.5 3.2
      vertex 9.69077 13.5 2.5
    endloop
  endfacet
  facet normal 0.978149 -0.207906 0
    outer loop
      vertex 9.74179 13.6146 3.2
      vertex 9.76787 13.7373 2.5
      vertex 9.76787 13.7373 3.2
    endloop
  endfacet
  facet normal 0.978149 -0.207906 0
    outer loop
      vertex 9.76787 13.7373 2.5
      vertex 9.74179 13.6146 3.2
      vertex 9.74179 13.6146 2.5
    endloop
  endfacet
  facet normal 1 -0 0
    outer loop
      vertex 9.76787 13.7373 3.2
      vertex 9.76787 13.8627 2.5
      vertex 9.76787 13.8627 3.2
    endloop
  endfacet
  facet normal 1 0 0
    outer loop
      vertex 9.76787 13.8627 2.5
      vertex 9.76787 13.7373 3.2
      vertex 9.76787 13.7373 2.5
    endloop
  endfacet
  facet normal 0.978149 0.207906 0
    outer loop
      vertex 9.76787 13.8627 3.2
      vertex 9.74179 13.9854 2.5
      vertex 9.74179 13.9854 3.2
    endloop
  endfacet
  facet normal 0.978149 0.207906 0
    outer loop
      vertex 9.74179 13.9854 2.5
      vertex 9.76787 13.8627 3.2
      vertex 9.76787 13.8627 2.5
    endloop
  endfacet
  facet normal 0.913555 0.406715 0
    outer loop
      vertex 9.74179 13.9854 3.2
      vertex 9.69077 14.1 2.5
      vertex 9.69077 14.1 3.2
    endloop
  endfacet
  facet normal 0.913555 0.406715 0
    outer loop
      vertex 9.69077 14.1 2.5
      vertex 9.74179 13.9854 3.2
      vertex 9.74179 13.9854 2.5
    endloop
  endfacet
  facet normal 0.809032 0.587764 0
    outer loop
      vertex 9.69077 14.1 3.2
      vertex 9.61703 14.2015 2.5
      vertex 9.61703 14.2015 3.2
    endloop
  endfacet
  facet normal 0.809032 0.587764 0
    outer loop
      vertex 9.61703 14.2015 2.5
      vertex 9.69077 14.1 3.2
      vertex 9.69077 14.1 2.5
    endloop
  endfacet
  facet normal 0.669013 0.743251 -0
    outer loop
      vertex 9.61703 14.2015 2.5
      vertex 9.52382 14.2854 3.2
      vertex 9.61703 14.2015 3.2
    endloop
  endfacet
  facet normal 0.669013 0.743251 0
    outer loop
      vertex 9.52382 14.2854 3.2
      vertex 9.61703 14.2015 2.5
      vertex 9.52382 14.2854 2.5
    endloop
  endfacet
  facet normal 0.499895 0.866086 -0
    outer loop
      vertex 9.52382 14.2854 2.5
      vertex 9.41519 14.3481 3.2
      vertex 9.52382 14.2854 3.2
    endloop
  endfacet
  facet normal 0.499895 0.866086 0
    outer loop
      vertex 9.41519 14.3481 3.2
      vertex 9.52382 14.2854 2.5
      vertex 9.41519 14.3481 2.5
    endloop
  endfacet
  facet normal 0.309308 0.950962 -0
    outer loop
      vertex 9.41519 14.3481 2.5
      vertex 9.2959 14.3869 3.2
      vertex 9.41519 14.3481 3.2
    endloop
  endfacet
  facet normal 0.309308 0.950962 0
    outer loop
      vertex 9.2959 14.3869 3.2
      vertex 9.41519 14.3481 2.5
      vertex 9.2959 14.3869 2.5
    endloop
  endfacet
  facet normal 0.104444 0.994531 -0
    outer loop
      vertex 9.2959 14.3869 2.5
      vertex 9.17116 14.4 3.2
      vertex 9.2959 14.3869 3.2
    endloop
  endfacet
  facet normal 0.104444 0.994531 0
    outer loop
      vertex 9.17116 14.4 3.2
      vertex 9.2959 14.3869 2.5
      vertex 9.17116 14.4 2.5
    endloop
  endfacet
  facet normal 0 1 -0
    outer loop
      vertex 9.17116 14.4 2.5
      vertex 5.45767 14.4 3.2
      vertex 9.17116 14.4 3.2
    endloop
  endfacet
  facet normal 0 1 0
    outer loop
      vertex 5.45767 14.4 3.2
      vertex 9.17116 14.4 2.5
      vertex 5.45767 14.4 2.5
    endloop
  endfacet
  facet normal -0.104444 0.994531 0
    outer loop
      vertex 5.45767 14.4 2.5
      vertex 5.33293 14.3869 3.2
      vertex 5.45767 14.4 3.2
    endloop
  endfacet
  facet normal -0.104444 0.994531 0
    outer loop
      vertex 5.33293 14.3869 3.2
      vertex 5.45767 14.4 2.5
      vertex 5.33293 14.3869 2.5
    endloop
  endfacet
  facet normal -0.309308 0.950962 0
    outer loop
      vertex 5.33293 14.3869 2.5
      vertex 5.21364 14.3481 3.2
      vertex 5.33293 14.3869 3.2
    endloop
  endfacet
  facet normal -0.309308 0.950962 0
    outer loop
      vertex 5.21364 14.3481 3.2
      vertex 5.33293 14.3869 2.5
      vertex 5.21364 14.3481 2.5
    endloop
  endfacet
  facet normal -0.499895 0.866086 0
    outer loop
      vertex 5.21364 14.3481 2.5
      vertex 5.10501 14.2854 3.2
      vertex 5.21364 14.3481 3.2
    endloop
  endfacet
  facet normal -0.499895 0.866086 0
    outer loop
      vertex 5.10501 14.2854 3.2
      vertex 5.21364 14.3481 2.5
      vertex 5.10501 14.2854 2.5
    endloop
  endfacet
  facet normal -0.669013 0.743251 0
    outer loop
      vertex 5.10501 14.2854 2.5
      vertex 5.0118 14.2015 3.2
      vertex 5.10501 14.2854 3.2
    endloop
  endfacet
  facet normal -0.669013 0.743251 0
    outer loop
      vertex 5.0118 14.2015 3.2
      vertex 5.10501 14.2854 2.5
      vertex 5.0118 14.2015 2.5
    endloop
  endfacet
  facet normal -0.809032 0.587764 0
    outer loop
      vertex 4.93806 14.1 2.5
      vertex 5.0118 14.2015 3.2
      vertex 5.0118 14.2015 2.5
    endloop
  endfacet
  facet normal -0.809032 0.587764 0
    outer loop
      vertex 5.0118 14.2015 3.2
      vertex 4.93806 14.1 2.5
      vertex 4.93806 14.1 3.2
    endloop
  endfacet
  facet normal -0.913555 0.406715 0
    outer loop
      vertex 4.88704 13.9854 2.5
      vertex 4.93806 14.1 3.2
      vertex 4.93806 14.1 2.5
    endloop
  endfacet
  facet normal -0.913555 0.406715 0
    outer loop
      vertex 4.93806 14.1 3.2
      vertex 4.88704 13.9854 2.5
      vertex 4.88704 13.9854 3.2
    endloop
  endfacet
  facet normal -0.978149 0.207906 0
    outer loop
      vertex 4.86096 13.8627 2.5
      vertex 4.88704 13.9854 3.2
      vertex 4.88704 13.9854 2.5
    endloop
  endfacet
  facet normal -0.978149 0.207906 0
    outer loop
      vertex 4.88704 13.9854 3.2
      vertex 4.86096 13.8627 2.5
      vertex 4.86096 13.8627 3.2
    endloop
  endfacet
  facet normal -1 0 0
    outer loop
      vertex 4.86096 13.7373 2.5
      vertex 4.86096 13.8627 3.2
      vertex 4.86096 13.8627 2.5
    endloop
  endfacet
  facet normal -1 -0 0
    outer loop
      vertex 4.86096 13.8627 3.2
      vertex 4.86096 13.7373 2.5
      vertex 4.86096 13.7373 3.2
    endloop
  endfacet
  facet normal -0.978149 -0.207906 0
    outer loop
      vertex 4.88704 13.6146 2.5
      vertex 4.86096 13.7373 3.2
      vertex 4.86096 13.7373 2.5
    endloop
  endfacet
  facet normal -0.978149 -0.207906 0
    outer loop
      vertex 4.86096 13.7373 3.2
      vertex 4.88704 13.6146 2.5
      vertex 4.88704 13.6146 3.2
    endloop
  endfacet
  facet normal -0.913555 -0.406715 0
    outer loop
      vertex 4.93806 13.5 2.5
      vertex 4.88704 13.6146 3.2
      vertex 4.88704 13.6146 2.5
    endloop
  endfacet
  facet normal -0.913555 -0.406715 0
    outer loop
      vertex 4.88704 13.6146 3.2
      vertex 4.93806 13.5 2.5
      vertex 4.93806 13.5 3.2
    endloop
  endfacet
  facet normal -0.809032 -0.587764 0
    outer loop
      vertex 5.0118 13.3985 2.5
      vertex 4.93806 13.5 3.2
      vertex 4.93806 13.5 2.5
    endloop
  endfacet
  facet normal -0.809032 -0.587764 0
    outer loop
      vertex 4.93806 13.5 3.2
      vertex 5.0118 13.3985 2.5
      vertex 5.0118 13.3985 3.2
    endloop
  endfacet
  facet normal -0.669013 -0.743251 0
    outer loop
      vertex 5.0118 13.3985 2.5
      vertex 5.10501 13.3146 3.2
      vertex 5.0118 13.3985 3.2
    endloop
  endfacet
  facet normal -0.669013 -0.743251 -0
    outer loop
      vertex 5.10501 13.3146 3.2
      vertex 5.0118 13.3985 2.5
      vertex 5.10501 13.3146 2.5
    endloop
  endfacet
  facet normal -0.499895 -0.866086 0
    outer loop
      vertex 5.10501 13.3146 2.5
      vertex 5.21364 13.2519 3.2
      vertex 5.10501 13.3146 3.2
    endloop
  endfacet
  facet normal -0.499895 -0.866086 -0
    outer loop
      vertex 5.21364 13.2519 3.2
      vertex 5.10501 13.3146 2.5
      vertex 5.21364 13.2519 2.5
    endloop
  endfacet
  facet normal -0.309308 -0.950962 0
    outer loop
      vertex 5.21364 13.2519 2.5
      vertex 5.33293 13.2131 3.2
      vertex 5.21364 13.2519 3.2
    endloop
  endfacet
  facet normal -0.309308 -0.950962 -0
    outer loop
      vertex 5.33293 13.2131 3.2
      vertex 5.21364 13.2519 2.5
      vertex 5.33293 13.2131 2.5
    endloop
  endfacet
  facet normal -0.104444 -0.994531 0
    outer loop
      vertex 5.33293 13.2131 2.5
      vertex 5.45767 13.2 3.2
      vertex 5.33293 13.2131 3.2
    endloop
  endfacet
  facet normal -0.104444 -0.994531 -0
    outer loop
      vertex 5.45767 13.2 3.2
      vertex 5.33293 13.2131 2.5
      vertex 5.45767 13.2 2.5
    endloop
  endfacet
  facet normal 0 -1 0
    outer loop
      vertex 5.45767 13.2 2.5
      vertex 9.17116 13.2 3.2
      vertex 5.45767 13.2 3.2
    endloop
  endfacet
  facet normal 0 -1 -0
    outer loop
      vertex 9.17116 13.2 3.2
      vertex 5.45767 13.2 2.5
      vertex 9.17116 13.2 2.5
    endloop
  endfacet
  facet normal 0.104444 -0.994531 0
    outer loop
      vertex 9.17116 13.2 2.5
      vertex 9.2959 13.2131 3.2
      vertex 9.17116 13.2 3.2
    endloop
  endfacet
  facet normal 0.104444 -0.994531 0
    outer loop
      vertex 9.2959 13.2131 3.2
      vertex 9.17116 13.2 2.5
      vertex 9.2959 13.2131 2.5
    endloop
  endfacet
  facet normal 0.309284 -0.95097 0
    outer loop
      vertex 16.6103 13.2131 2.5
      vertex 16.7296 13.2519 3.2
      vertex 16.6103 13.2131 3.2
    endloop
  endfacet
  facet normal 0.309284 -0.95097 0
    outer loop
      vertex 16.7296 13.2519 3.2
      vertex 16.6103 13.2131 2.5
      vertex 16.7296 13.2519 2.5
    endloop
  endfacet
  facet normal 0.499999 -0.866026 0
    outer loop
      vertex 16.7296 13.2519 2.5
      vertex 16.8382 13.3146 3.2
      vertex 16.7296 13.2519 3.2
    endloop
  endfacet
  facet normal 0.499999 -0.866026 0
    outer loop
      vertex 16.8382 13.3146 3.2
      vertex 16.7296 13.2519 2.5
      vertex 16.8382 13.3146 2.5
    endloop
  endfacet
  facet normal 0.669053 -0.743215 0
    outer loop
      vertex 16.8382 13.3146 2.5
      vertex 16.9314 13.3985 3.2
      vertex 16.8382 13.3146 3.2
    endloop
  endfacet
  facet normal 0.669053 -0.743215 0
    outer loop
      vertex 16.9314 13.3985 3.2
      vertex 16.8382 13.3146 2.5
      vertex 16.9314 13.3985 2.5
    endloop
  endfacet
  facet normal 0.808805 -0.588077 0
    outer loop
      vertex 16.9314 13.3985 3.2
      vertex 17.0052 13.5 2.5
      vertex 17.0052 13.5 3.2
    endloop
  endfacet
  facet normal 0.808805 -0.588077 0
    outer loop
      vertex 17.0052 13.5 2.5
      vertex 16.9314 13.3985 3.2
      vertex 16.9314 13.3985 2.5
    endloop
  endfacet
  facet normal 0.913614 -0.406582 0
    outer loop
      vertex 17.0052 13.5 3.2
      vertex 17.0562 13.6146 2.5
      vertex 17.0562 13.6146 3.2
    endloop
  endfacet
  facet normal 0.913614 -0.406582 0
    outer loop
      vertex 17.0562 13.6146 2.5
      vertex 17.0052 13.5 3.2
      vertex 17.0052 13.5 2.5
    endloop
  endfacet
  facet normal 0.978116 -0.208059 0
    outer loop
      vertex 17.0562 13.6146 3.2
      vertex 17.0823 13.7373 2.5
      vertex 17.0823 13.7373 3.2
    endloop
  endfacet
  facet normal 0.978116 -0.208059 0
    outer loop
      vertex 17.0823 13.7373 2.5
      vertex 17.0562 13.6146 3.2
      vertex 17.0562 13.6146 2.5
    endloop
  endfacet
  facet normal 1 -0 0
    outer loop
      vertex 17.0823 13.7373 3.2
      vertex 17.0823 13.8627 2.5
      vertex 17.0823 13.8627 3.2
    endloop
  endfacet
  facet normal 1 0 0
    outer loop
      vertex 17.0823 13.8627 2.5
      vertex 17.0823 13.7373 3.2
      vertex 17.0823 13.7373 2.5
    endloop
  endfacet
  facet normal 0.978116 0.208059 0
    outer loop
      vertex 17.0823 13.8627 3.2
      vertex 17.0562 13.9854 2.5
      vertex 17.0562 13.9854 3.2
    endloop
  endfacet
  facet normal 0.978116 0.208059 0
    outer loop
      vertex 17.0562 13.9854 2.5
      vertex 17.0823 13.8627 3.2
      vertex 17.0823 13.8627 2.5
    endloop
  endfacet
  facet normal 0.913614 0.406582 0
    outer loop
      vertex 17.0562 13.9854 3.2
      vertex 17.0052 14.1 2.5
      vertex 17.0052 14.1 3.2
    endloop
  endfacet
  facet normal 0.913614 0.406582 0
    outer loop
      vertex 17.0052 14.1 2.5
      vertex 17.0562 13.9854 3.2
      vertex 17.0562 13.9854 2.5
    endloop
  endfacet
  facet normal 0.808805 0.588077 0
    outer loop
      vertex 17.0052 14.1 3.2
      vertex 16.9314 14.2015 2.5
      vertex 16.9314 14.2015 3.2
    endloop
  endfacet
  facet normal 0.808805 0.588077 0
    outer loop
      vertex 16.9314 14.2015 2.5
      vertex 17.0052 14.1 3.2
      vertex 17.0052 14.1 2.5
    endloop
  endfacet
  facet normal 0.669053 0.743215 -0
    outer loop
      vertex 16.9314 14.2015 2.5
      vertex 16.8382 14.2854 3.2
      vertex 16.9314 14.2015 3.2
    endloop
  endfacet
  facet normal 0.669053 0.743215 0
    outer loop
      vertex 16.8382 14.2854 3.2
      vertex 16.9314 14.2015 2.5
      vertex 16.8382 14.2854 2.5
    endloop
  endfacet
  facet normal 0.499999 0.866026 -0
    outer loop
      vertex 16.8382 14.2854 2.5
      vertex 16.7296 14.3481 3.2
      vertex 16.8382 14.2854 3.2
    endloop
  endfacet
  facet normal 0.499999 0.866026 0
    outer loop
      vertex 16.7296 14.3481 3.2
      vertex 16.8382 14.2854 2.5
      vertex 16.7296 14.3481 2.5
    endloop
  endfacet
  facet normal 0.309284 0.95097 -0
    outer loop
      vertex 16.7296 14.3481 2.5
      vertex 16.6103 14.3869 3.2
      vertex 16.7296 14.3481 3.2
    endloop
  endfacet
  facet normal 0.309284 0.95097 0
    outer loop
      vertex 16.6103 14.3869 3.2
      vertex 16.7296 14.3481 2.5
      vertex 16.6103 14.3869 2.5
    endloop
  endfacet
  facet normal 0.104477 0.994527 -0
    outer loop
      vertex 16.6103 14.3869 2.5
      vertex 16.4856 14.4 3.2
      vertex 16.6103 14.3869 3.2
    endloop
  endfacet
  facet normal 0.104477 0.994527 0
    outer loop
      vertex 16.4856 14.4 3.2
      vertex 16.6103 14.3869 2.5
      vertex 16.4856 14.4 2.5
    endloop
  endfacet
  facet normal 0 1 -0
    outer loop
      vertex 16.4856 14.4 2.5
      vertex 12.7721 14.4 3.2
      vertex 16.4856 14.4 3.2
    endloop
  endfacet
  facet normal 0 1 0
    outer loop
      vertex 12.7721 14.4 3.2
      vertex 16.4856 14.4 2.5
      vertex 12.7721 14.4 2.5
    endloop
  endfacet
  facet normal -0.104477 0.994527 0
    outer loop
      vertex 12.7721 14.4 2.5
      vertex 12.6474 14.3869 3.2
      vertex 12.7721 14.4 3.2
    endloop
  endfacet
  facet normal -0.104477 0.994527 0
    outer loop
      vertex 12.6474 14.3869 3.2
      vertex 12.7721 14.4 2.5
      vertex 12.6474 14.3869 2.5
    endloop
  endfacet
  facet normal -0.309284 0.95097 0
    outer loop
      vertex 12.6474 14.3869 2.5
      vertex 12.5281 14.3481 3.2
      vertex 12.6474 14.3869 3.2
    endloop
  endfacet
  facet normal -0.309284 0.95097 0
    outer loop
      vertex 12.5281 14.3481 3.2
      vertex 12.6474 14.3869 2.5
      vertex 12.5281 14.3481 2.5
    endloop
  endfacet
  facet normal -0.499653 0.866225 0
    outer loop
      vertex 12.5281 14.3481 2.5
      vertex 12.4194 14.2854 3.2
      vertex 12.5281 14.3481 3.2
    endloop
  endfacet
  facet normal -0.499653 0.866225 0
    outer loop
      vertex 12.4194 14.2854 3.2
      vertex 12.5281 14.3481 2.5
      vertex 12.4194 14.2854 2.5
    endloop
  endfacet
  facet normal -0.669053 0.743215 0
    outer loop
      vertex 12.4194 14.2854 2.5
      vertex 12.3262 14.2015 3.2
      vertex 12.4194 14.2854 3.2
    endloop
  endfacet
  facet normal -0.669053 0.743215 0
    outer loop
      vertex 12.3262 14.2015 3.2
      vertex 12.4194 14.2854 2.5
      vertex 12.3262 14.2015 2.5
    endloop
  endfacet
  facet normal -0.809184 0.587555 0
    outer loop
      vertex 12.2525 14.1 2.5
      vertex 12.3262 14.2015 3.2
      vertex 12.3262 14.2015 2.5
    endloop
  endfacet
  facet normal -0.809184 0.587555 0
    outer loop
      vertex 12.3262 14.2015 3.2
      vertex 12.2525 14.1 2.5
      vertex 12.2525 14.1 3.2
    endloop
  endfacet
  facet normal -0.913614 0.406582 0
    outer loop
      vertex 12.2015 13.9854 2.5
      vertex 12.2525 14.1 3.2
      vertex 12.2525 14.1 2.5
    endloop
  endfacet
  facet normal -0.913614 0.406582 0
    outer loop
      vertex 12.2525 14.1 3.2
      vertex 12.2015 13.9854 2.5
      vertex 12.2015 13.9854 3.2
    endloop
  endfacet
  facet normal -0.978116 0.208059 0
    outer loop
      vertex 12.1754 13.8627 2.5
      vertex 12.2015 13.9854 3.2
      vertex 12.2015 13.9854 2.5
    endloop
  endfacet
  facet normal -0.978116 0.208059 0
    outer loop
      vertex 12.2015 13.9854 3.2
      vertex 12.1754 13.8627 2.5
      vertex 12.1754 13.8627 3.2
    endloop
  endfacet
  facet normal -1 0 0
    outer loop
      vertex 12.1754 13.7373 2.5
      vertex 12.1754 13.8627 3.2
      vertex 12.1754 13.8627 2.5
    endloop
  endfacet
  facet normal -1 -0 0
    outer loop
      vertex 12.1754 13.8627 3.2
      vertex 12.1754 13.7373 2.5
      vertex 12.1754 13.7373 3.2
    endloop
  endfacet
  facet normal -0.978116 -0.208059 0
    outer loop
      vertex 12.2015 13.6146 2.5
      vertex 12.1754 13.7373 3.2
      vertex 12.1754 13.7373 2.5
    endloop
  endfacet
  facet normal -0.978116 -0.208059 0
    outer loop
      vertex 12.1754 13.7373 3.2
      vertex 12.2015 13.6146 2.5
      vertex 12.2015 13.6146 3.2
    endloop
  endfacet
  facet normal -0.913614 -0.406582 0
    outer loop
      vertex 12.2525 13.5 2.5
      vertex 12.2015 13.6146 3.2
      vertex 12.2015 13.6146 2.5
    endloop
  endfacet
  facet normal -0.913614 -0.406582 0
    outer loop
      vertex 12.2015 13.6146 3.2
      vertex 12.2525 13.5 2.5
      vertex 12.2525 13.5 3.2
    endloop
  endfacet
  facet normal -0.809184 -0.587555 0
    outer loop
      vertex 12.3262 13.3985 2.5
      vertex 12.2525 13.5 3.2
      vertex 12.2525 13.5 2.5
    endloop
  endfacet
  facet normal -0.809184 -0.587555 0
    outer loop
      vertex 12.2525 13.5 3.2
      vertex 12.3262 13.3985 2.5
      vertex 12.3262 13.3985 3.2
    endloop
  endfacet
  facet normal -0.669053 -0.743215 0
    outer loop
      vertex 12.3262 13.3985 2.5
      vertex 12.4194 13.3146 3.2
      vertex 12.3262 13.3985 3.2
    endloop
  endfacet
  facet normal -0.669053 -0.743215 -0
    outer loop
      vertex 12.4194 13.3146 3.2
      vertex 12.3262 13.3985 2.5
      vertex 12.4194 13.3146 2.5
    endloop
  endfacet
  facet normal -0.499653 -0.866225 0
    outer loop
      vertex 12.4194 13.3146 2.5
      vertex 12.5281 13.2519 3.2
      vertex 12.4194 13.3146 3.2
    endloop
  endfacet
  facet normal -0.499653 -0.866225 -0
    outer loop
      vertex 12.5281 13.2519 3.2
      vertex 12.4194 13.3146 2.5
      vertex 12.5281 13.2519 2.5
    endloop
  endfacet
  facet normal -0.309284 -0.95097 0
    outer loop
      vertex 12.5281 13.2519 2.5
      vertex 12.6474 13.2131 3.2
      vertex 12.5281 13.2519 3.2
    endloop
  endfacet
  facet normal -0.309284 -0.95097 -0
    outer loop
      vertex 12.6474 13.2131 3.2
      vertex 12.5281 13.2519 2.5
      vertex 12.6474 13.2131 2.5
    endloop
  endfacet
  facet normal -0.104477 -0.994527 0
    outer loop
      vertex 12.6474 13.2131 2.5
      vertex 12.7721 13.2 3.2
      vertex 12.6474 13.2131 3.2
    endloop
  endfacet
  facet normal -0.104477 -0.994527 -0
    outer loop
      vertex 12.7721 13.2 3.2
      vertex 12.6474 13.2131 2.5
      vertex 12.7721 13.2 2.5
    endloop
  endfacet
  facet normal 0 -1 0
    outer loop
      vertex 12.7721 13.2 2.5
      vertex 16.4856 13.2 3.2
      vertex 12.7721 13.2 3.2
    endloop
  endfacet
  facet normal 0 -1 -0
    outer loop
      vertex 16.4856 13.2 3.2
      vertex 12.7721 13.2 2.5
      vertex 16.4856 13.2 2.5
    endloop
  endfacet
  facet normal 0.104477 -0.994527 0
    outer loop
      vertex 16.4856 13.2 2.5
      vertex 16.6103 13.2131 3.2
      vertex 16.4856 13.2 3.2
    endloop
  endfacet
  facet normal 0.104477 -0.994527 0
    outer loop
      vertex 16.6103 13.2131 3.2
      vertex 16.4856 13.2 2.5
      vertex 16.6103 13.2131 2.5
    endloop
  endfacet
  facet normal 0.407247 -0.913318 0
    outer loop
      vertex 23.9854 10.1208 2.5
      vertex 24.1 10.1719 3.2
      vertex 23.9854 10.1208 3.2
    endloop
  endfacet
  facet normal 0.407247 -0.913318 0
    outer loop
      vertex 24.1 10.1719 3.2
      vertex 23.9854 10.1208 2.5
      vertex 24.1 10.1719 2.5
    endloop
  endfacet
  facet normal 0.587555 -0.809184 0
    outer loop
      vertex 24.1 10.1719 2.5
      vertex 24.2015 10.2456 3.2
      vertex 24.1 10.1719 3.2
    endloop
  endfacet
  facet normal 0.587555 -0.809184 0
    outer loop
      vertex 24.2015 10.2456 3.2
      vertex 24.1 10.1719 2.5
      vertex 24.2015 10.2456 2.5
    endloop
  endfacet
  facet normal 0.743215 -0.669053 0
    outer loop
      vertex 24.2015 10.2456 3.2
      vertex 24.2854 10.3388 2.5
      vertex 24.2854 10.3388 3.2
    endloop
  endfacet
  facet normal 0.743215 -0.669053 0
    outer loop
      vertex 24.2854 10.3388 2.5
      vertex 24.2015 10.2456 3.2
      vertex 24.2015 10.2456 2.5
    endloop
  endfacet
  facet normal 0.866026 -0.499999 0
    outer loop
      vertex 24.2854 10.3388 3.2
      vertex 24.3481 10.4474 2.5
      vertex 24.3481 10.4474 3.2
    endloop
  endfacet
  facet normal 0.866026 -0.499999 0
    outer loop
      vertex 24.3481 10.4474 2.5
      vertex 24.2854 10.3388 3.2
      vertex 24.2854 10.3388 2.5
    endloop
  endfacet
  facet normal 0.95097 -0.309284 0
    outer loop
      vertex 24.3481 10.4474 3.2
      vertex 24.3869 10.5667 2.5
      vertex 24.3869 10.5667 3.2
    endloop
  endfacet
  facet normal 0.95097 -0.309284 0
    outer loop
      vertex 24.3869 10.5667 2.5
      vertex 24.3481 10.4474 3.2
      vertex 24.3481 10.4474 2.5
    endloop
  endfacet
  facet normal 0.994536 -0.104394 0
    outer loop
      vertex 24.3869 10.5667 3.2
      vertex 24.4 10.6915 2.5
      vertex 24.4 10.6915 3.2
    endloop
  endfacet
  facet normal 0.994536 -0.104394 0
    outer loop
      vertex 24.4 10.6915 2.5
      vertex 24.3869 10.5667 3.2
      vertex 24.3869 10.5667 2.5
    endloop
  endfacet
  facet normal 1 -0 0
    outer loop
      vertex 24.4 10.6915 3.2
      vertex 24.4 13.8 2.5
      vertex 24.4 13.8 3.2
    endloop
  endfacet
  facet normal 1 0 0
    outer loop
      vertex 24.4 13.8 2.5
      vertex 24.4 10.6915 3.2
      vertex 24.4 10.6915 2.5
    endloop
  endfacet
  facet normal 0.980581 0.196116 0
    outer loop
      vertex 24.4 13.8 3.2
      vertex 24.3999 13.8005 2.5
      vertex 24.3999 13.8005 3.2
    endloop
  endfacet
  facet normal 0.980581 0.196116 0
    outer loop
      vertex 24.3999 13.8005 2.5
      vertex 24.4 13.8 3.2
      vertex 24.4 13.8 2.5
    endloop
  endfacet
  facet normal 1 -0 0
    outer loop
      vertex 24.3967 13.8318 3.2
      vertex 24.3967 13.8627 2.5
      vertex 24.3967 13.8627 3.2
    endloop
  endfacet
  facet normal 1 0 0
    outer loop
      vertex 24.3967 13.8627 2.5
      vertex 24.3967 13.8318 3.2
      vertex 24.3967 13.8318 2.5
    endloop
  endfacet
  facet normal 0.978449 0.206491 0
    outer loop
      vertex 24.3967 13.8627 3.2
      vertex 24.3902 13.8935 2.5
      vertex 24.3902 13.8935 3.2
    endloop
  endfacet
  facet normal 0.978449 0.206491 0
    outer loop
      vertex 24.3902 13.8935 2.5
      vertex 24.3967 13.8627 3.2
      vertex 24.3967 13.8627 2.5
    endloop
  endfacet
  facet normal 0.994453 0.105183 0
    outer loop
      vertex 24.3902 13.8935 3.2
      vertex 24.3869 13.9247 2.5
      vertex 24.3869 13.9247 3.2
    endloop
  endfacet
  facet normal 0.994453 0.105183 0
    outer loop
      vertex 24.3869 13.9247 2.5
      vertex 24.3902 13.8935 3.2
      vertex 24.3902 13.8935 2.5
    endloop
  endfacet
  facet normal 0.928477 0.371391 0
    outer loop
      vertex 24.3869 13.9247 3.2
      vertex 24.3867 13.9252 2.5
      vertex 24.3867 13.9252 3.2
    endloop
  endfacet
  facet normal 0.928477 0.371391 0
    outer loop
      vertex 24.3867 13.9252 2.5
      vertex 24.3869 13.9247 3.2
      vertex 24.3869 13.9247 2.5
    endloop
  endfacet
  facet normal 0.977755 0.209749 0
    outer loop
      vertex 24.3771 13.9551 3.2
      vertex 24.3706 13.9854 2.5
      vertex 24.3706 13.9854 3.2
    endloop
  endfacet
  facet normal 0.977755 0.209749 0
    outer loop
      vertex 24.3706 13.9854 2.5
      vertex 24.3771 13.9551 3.2
      vertex 24.3771 13.9551 2.5
    endloop
  endfacet
  facet normal 0.913286 0.407319 0
    outer loop
      vertex 24.3706 13.9854 3.2
      vertex 24.3578 14.0141 2.5
      vertex 24.3578 14.0141 3.2
    endloop
  endfacet
  facet normal 0.913286 0.407319 0
    outer loop
      vertex 24.3578 14.0141 2.5
      vertex 24.3706 13.9854 3.2
      vertex 24.3706 13.9854 2.5
    endloop
  endfacet
  facet normal 0.951198 0.308582 0
    outer loop
      vertex 24.3578 14.0141 3.2
      vertex 24.3481 14.044 2.5
      vertex 24.3481 14.044 3.2
    endloop
  endfacet
  facet normal 0.951198 0.308582 0
    outer loop
      vertex 24.3481 14.044 2.5
      vertex 24.3578 14.0141 3.2
      vertex 24.3578 14.0141 2.5
    endloop
  endfacet
  facet normal 0.857493 0.514496 0
    outer loop
      vertex 24.3481 14.044 3.2
      vertex 24.3478 14.0445 2.5
      vertex 24.3478 14.0445 3.2
    endloop
  endfacet
  facet normal 0.857493 0.514496 0
    outer loop
      vertex 24.3478 14.0445 2.5
      vertex 24.3481 14.044 3.2
      vertex 24.3481 14.044 2.5
    endloop
  endfacet
  facet normal 0.913545 0.406737 0
    outer loop
      vertex 24.3322 14.0717 3.2
      vertex 24.3196 14.1 2.5
      vertex 24.3196 14.1 3.2
    endloop
  endfacet
  facet normal 0.913545 0.406737 0
    outer loop
      vertex 24.3196 14.1 2.5
      vertex 24.3322 14.0717 3.2
      vertex 24.3322 14.0717 2.5
    endloop
  endfacet
  facet normal 0.808323 0.588739 0
    outer loop
      vertex 24.3196 14.1 3.2
      vertex 24.3011 14.1254 2.5
      vertex 24.3011 14.1254 3.2
    endloop
  endfacet
  facet normal 0.808323 0.588739 0
    outer loop
      vertex 24.3011 14.1254 2.5
      vertex 24.3196 14.1 3.2
      vertex 24.3196 14.1 2.5
    endloop
  endfacet
  facet normal 0.86608 0.499906 0
    outer loop
      vertex 24.3011 14.1254 3.2
      vertex 24.2854 14.1526 2.5
      vertex 24.2854 14.1526 3.2
    endloop
  endfacet
  facet normal 0.86608 0.499906 0
    outer loop
      vertex 24.2854 14.1526 2.5
      vertex 24.3011 14.1254 3.2
      vertex 24.3011 14.1254 2.5
    endloop
  endfacet
  facet normal 0.780869 0.624695 0
    outer loop
      vertex 24.2854 14.1526 3.2
      vertex 24.285 14.1531 2.5
      vertex 24.285 14.1531 3.2
    endloop
  endfacet
  facet normal 0.780869 0.624695 0
    outer loop
      vertex 24.285 14.1531 2.5
      vertex 24.2854 14.1526 3.2
      vertex 24.2854 14.1526 2.5
    endloop
  endfacet
  facet normal 0.809572 0.58702 0
    outer loop
      vertex 24.2641 14.1764 3.2
      vertex 24.2459 14.2015 2.5
      vertex 24.2459 14.2015 3.2
    endloop
  endfacet
  facet normal 0.809572 0.58702 0
    outer loop
      vertex 24.2459 14.2015 2.5
      vertex 24.2641 14.1764 3.2
      vertex 24.2641 14.1764 2.5
    endloop
  endfacet
  facet normal 0.66791 0.744242 -0
    outer loop
      vertex 24.2459 14.2015 2.5
      vertex 24.2225 14.2225 3.2
      vertex 24.2459 14.2015 3.2
    endloop
  endfacet
  facet normal 0.66791 0.744242 0
    outer loop
      vertex 24.2225 14.2225 3.2
      vertex 24.2459 14.2015 2.5
      vertex 24.2225 14.2225 2.5
    endloop
  endfacet
  facet normal 0.744242 0.66791 0
    outer loop
      vertex 24.2225 14.2225 3.2
      vertex 24.2015 14.2459 2.5
      vertex 24.2015 14.2459 3.2
    endloop
  endfacet
  facet normal 0.744242 0.66791 0
    outer loop
      vertex 24.2015 14.2459 2.5
      vertex 24.2225 14.2225 3.2
      vertex 24.2225 14.2225 2.5
    endloop
  endfacet
  facet normal 0.514496 0.857493 -0
    outer loop
      vertex 24.2015 14.2459 2.5
      vertex 24.201 14.2462 3.2
      vertex 24.2015 14.2459 3.2
    endloop
  endfacet
  facet normal 0.514496 0.857493 0
    outer loop
      vertex 24.201 14.2462 3.2
      vertex 24.2015 14.2459 2.5
      vertex 24.201 14.2462 2.5
    endloop
  endfacet
  facet normal 0.668965 0.743294 -0
    outer loop
      vertex 24.1756 14.2647 2.5
      vertex 24.1526 14.2854 3.2
      vertex 24.1756 14.2647 3.2
    endloop
  endfacet
  facet normal 0.668965 0.743294 0
    outer loop
      vertex 24.1526 14.2854 3.2
      vertex 24.1756 14.2647 2.5
      vertex 24.1526 14.2854 2.5
    endloop
  endfacet
  facet normal 0.499906 0.86608 -0
    outer loop
      vertex 24.1526 14.2854 2.5
      vertex 24.1254 14.3011 3.2
      vertex 24.1526 14.2854 3.2
    endloop
  endfacet
  facet normal 0.499906 0.86608 0
    outer loop
      vertex 24.1254 14.3011 3.2
      vertex 24.1526 14.2854 2.5
      vertex 24.1254 14.3011 2.5
    endloop
  endfacet
  facet normal 0.588739 0.808323 -0
    outer loop
      vertex 24.1254 14.3011 2.5
      vertex 24.1 14.3196 3.2
      vertex 24.1254 14.3011 3.2
    endloop
  endfacet
  facet normal 0.588739 0.808323 0
    outer loop
      vertex 24.1 14.3196 3.2
      vertex 24.1254 14.3011 2.5
      vertex 24.1 14.3196 2.5
    endloop
  endfacet
  facet normal 0.316228 0.948683 -0
    outer loop
      vertex 24.1 14.3196 2.5
      vertex 24.0994 14.3198 3.2
      vertex 24.1 14.3196 3.2
    endloop
  endfacet
  facet normal 0.316228 0.948683 0
    outer loop
      vertex 24.0994 14.3198 3.2
      vertex 24.1 14.3196 2.5
      vertex 24.0994 14.3198 2.5
    endloop
  endfacet
  facet normal 0.499258 0.866454 -0
    outer loop
      vertex 24.0709 14.3326 2.5
      vertex 24.044 14.3481 3.2
      vertex 24.0709 14.3326 3.2
    endloop
  endfacet
  facet normal 0.499258 0.866454 0
    outer loop
      vertex 24.044 14.3481 3.2
      vertex 24.0709 14.3326 2.5
      vertex 24.044 14.3481 2.5
    endloop
  endfacet
  facet normal 0.308582 0.951198 -0
    outer loop
      vertex 24.044 14.3481 2.5
      vertex 24.0141 14.3578 3.2
      vertex 24.044 14.3481 3.2
    endloop
  endfacet
  facet normal 0.308582 0.951198 0
    outer loop
      vertex 24.0141 14.3578 3.2
      vertex 24.044 14.3481 2.5
      vertex 24.0141 14.3578 2.5
    endloop
  endfacet
  facet normal 0.407319 0.913286 -0
    outer loop
      vertex 24.0141 14.3578 2.5
      vertex 23.9854 14.3706 3.2
      vertex 24.0141 14.3578 3.2
    endloop
  endfacet
  facet normal 0.407319 0.913286 0
    outer loop
      vertex 23.9854 14.3706 3.2
      vertex 24.0141 14.3578 2.5
      vertex 23.9854 14.3706 2.5
    endloop
  endfacet
  facet normal 0.164399 0.986394 -0
    outer loop
      vertex 23.9854 14.3706 2.5
      vertex 23.9848 14.3707 3.2
      vertex 23.9854 14.3706 3.2
    endloop
  endfacet
  facet normal 0.164399 0.986394 0
    outer loop
      vertex 23.9848 14.3707 3.2
      vertex 23.9854 14.3706 2.5
      vertex 23.9848 14.3707 2.5
    endloop
  endfacet
  facet normal 0.30945 0.950916 -0
    outer loop
      vertex 23.9542 14.3773 2.5
      vertex 23.9247 14.3869 3.2
      vertex 23.9542 14.3773 3.2
    endloop
  endfacet
  facet normal 0.30945 0.950916 0
    outer loop
      vertex 23.9247 14.3869 3.2
      vertex 23.9542 14.3773 2.5
      vertex 23.9247 14.3869 2.5
    endloop
  endfacet
  facet normal 0.105183 0.994453 -0
    outer loop
      vertex 23.9247 14.3869 2.5
      vertex 23.8935 14.3902 3.2
      vertex 23.9247 14.3869 3.2
    endloop
  endfacet
  facet normal 0.105183 0.994453 0
    outer loop
      vertex 23.8935 14.3902 3.2
      vertex 23.9247 14.3869 2.5
      vertex 23.8935 14.3902 2.5
    endloop
  endfacet
  facet normal 0.206491 0.978449 -0
    outer loop
      vertex 23.8935 14.3902 2.5
      vertex 23.8627 14.3967 3.2
      vertex 23.8935 14.3902 3.2
    endloop
  endfacet
  facet normal 0.206491 0.978449 0
    outer loop
      vertex 23.8627 14.3967 3.2
      vertex 23.8935 14.3902 2.5
      vertex 23.8627 14.3967 2.5
    endloop
  endfacet
  facet normal 0 1 -0
    outer loop
      vertex 23.8627 14.3967 2.5
      vertex 23.8621 14.3967 3.2
      vertex 23.8627 14.3967 3.2
    endloop
  endfacet
  facet normal 0 1 0
    outer loop
      vertex 23.8621 14.3967 3.2
      vertex 23.8627 14.3967 2.5
      vertex 23.8621 14.3967 2.5
    endloop
  endfacet
  facet normal 0.106876 0.994272 -0
    outer loop
      vertex 23.8307 14.3967 2.5
      vertex 23.8 14.4 3.2
      vertex 23.8307 14.3967 3.2
    endloop
  endfacet
  facet normal 0.106876 0.994272 0
    outer loop
      vertex 23.8 14.4 3.2
      vertex 23.8307 14.3967 2.5
      vertex 23.8 14.4 2.5
    endloop
  endfacet
  facet normal 0 1 -0
    outer loop
      vertex 23.8 14.4 2.5
      vertex 20.0865 14.4 3.2
      vertex 23.8 14.4 3.2
    endloop
  endfacet
  facet normal 0 1 0
    outer loop
      vertex 20.0865 14.4 3.2
      vertex 23.8 14.4 2.5
      vertex 20.0865 14.4 2.5
    endloop
  endfacet
  facet normal -0.104477 0.994527 0
    outer loop
      vertex 20.0865 14.4 2.5
      vertex 19.9618 14.3869 3.2
      vertex 20.0865 14.4 3.2
    endloop
  endfacet
  facet normal -0.104477 0.994527 0
    outer loop
      vertex 19.9618 14.3869 3.2
      vertex 20.0865 14.4 2.5
      vertex 19.9618 14.3869 2.5
    endloop
  endfacet
  facet normal -0.309284 0.95097 0
    outer loop
      vertex 19.9618 14.3869 2.5
      vertex 19.8425 14.3481 3.2
      vertex 19.9618 14.3869 3.2
    endloop
  endfacet
  facet normal -0.309284 0.95097 0
    outer loop
      vertex 19.8425 14.3481 3.2
      vertex 19.9618 14.3869 2.5
      vertex 19.8425 14.3481 2.5
    endloop
  endfacet
  facet normal -0.499999 0.866026 0
    outer loop
      vertex 19.8425 14.3481 2.5
      vertex 19.7339 14.2854 3.2
      vertex 19.8425 14.3481 3.2
    endloop
  endfacet
  facet normal -0.499999 0.866026 0
    outer loop
      vertex 19.7339 14.2854 3.2
      vertex 19.8425 14.3481 2.5
      vertex 19.7339 14.2854 2.5
    endloop
  endfacet
  facet normal -0.668656 0.743571 0
    outer loop
      vertex 19.7339 14.2854 2.5
      vertex 19.6406 14.2015 3.2
      vertex 19.7339 14.2854 3.2
    endloop
  endfacet
  facet normal -0.668656 0.743571 0
    outer loop
      vertex 19.6406 14.2015 3.2
      vertex 19.7339 14.2854 2.5
      vertex 19.6406 14.2015 2.5
    endloop
  endfacet
  facet normal -0.809184 0.587555 0
    outer loop
      vertex 19.5669 14.1 2.5
      vertex 19.6406 14.2015 3.2
      vertex 19.6406 14.2015 2.5
    endloop
  endfacet
  facet normal -0.809184 0.587555 0
    outer loop
      vertex 19.6406 14.2015 3.2
      vertex 19.5669 14.1 2.5
      vertex 19.5669 14.1 3.2
    endloop
  endfacet
  facet normal -0.913614 0.406582 0
    outer loop
      vertex 19.5159 13.9854 2.5
      vertex 19.5669 14.1 3.2
      vertex 19.5669 14.1 2.5
    endloop
  endfacet
  facet normal -0.913614 0.406582 0
    outer loop
      vertex 19.5669 14.1 3.2
      vertex 19.5159 13.9854 2.5
      vertex 19.5159 13.9854 3.2
    endloop
  endfacet
  facet normal -0.978116 0.208059 0
    outer loop
      vertex 19.4898 13.8627 2.5
      vertex 19.5159 13.9854 3.2
      vertex 19.5159 13.9854 2.5
    endloop
  endfacet
  facet normal -0.978116 0.208059 0
    outer loop
      vertex 19.5159 13.9854 3.2
      vertex 19.4898 13.8627 2.5
      vertex 19.4898 13.8627 3.2
    endloop
  endfacet
  facet normal -1 0 0
    outer loop
      vertex 19.4898 13.7373 2.5
      vertex 19.4898 13.8627 3.2
      vertex 19.4898 13.8627 2.5
    endloop
  endfacet
  facet normal -1 -0 0
    outer loop
      vertex 19.4898 13.8627 3.2
      vertex 19.4898 13.7373 2.5
      vertex 19.4898 13.7373 3.2
    endloop
  endfacet
  facet normal -0.978116 -0.208059 0
    outer loop
      vertex 19.5159 13.6146 2.5
      vertex 19.4898 13.7373 3.2
      vertex 19.4898 13.7373 2.5
    endloop
  endfacet
  facet normal -0.978116 -0.208059 0
    outer loop
      vertex 19.4898 13.7373 3.2
      vertex 19.5159 13.6146 2.5
      vertex 19.5159 13.6146 3.2
    endloop
  endfacet
  facet normal -0.913614 -0.406582 0
    outer loop
      vertex 19.5669 13.5 2.5
      vertex 19.5159 13.6146 3.2
      vertex 19.5159 13.6146 2.5
    endloop
  endfacet
  facet normal -0.913614 -0.406582 0
    outer loop
      vertex 19.5159 13.6146 3.2
      vertex 19.5669 13.5 2.5
      vertex 19.5669 13.5 3.2
    endloop
  endfacet
  facet normal -0.809184 -0.587555 0
    outer loop
      vertex 19.6406 13.3985 2.5
      vertex 19.5669 13.5 3.2
      vertex 19.5669 13.5 2.5
    endloop
  endfacet
  facet normal -0.809184 -0.587555 0
    outer loop
      vertex 19.5669 13.5 3.2
      vertex 19.6406 13.3985 2.5
      vertex 19.6406 13.3985 3.2
    endloop
  endfacet
  facet normal -0.668656 -0.743571 0
    outer loop
      vertex 19.6406 13.3985 2.5
      vertex 19.7339 13.3146 3.2
      vertex 19.6406 13.3985 3.2
    endloop
  endfacet
  facet normal -0.668656 -0.743571 -0
    outer loop
      vertex 19.7339 13.3146 3.2
      vertex 19.6406 13.3985 2.5
      vertex 19.7339 13.3146 2.5
    endloop
  endfacet
  facet normal -0.499999 -0.866026 0
    outer loop
      vertex 19.7339 13.3146 2.5
      vertex 19.8425 13.2519 3.2
      vertex 19.7339 13.3146 3.2
    endloop
  endfacet
  facet normal -0.499999 -0.866026 -0
    outer loop
      vertex 19.8425 13.2519 3.2
      vertex 19.7339 13.3146 2.5
      vertex 19.8425 13.2519 2.5
    endloop
  endfacet
  facet normal -0.309284 -0.95097 0
    outer loop
      vertex 19.8425 13.2519 2.5
      vertex 19.9618 13.2131 3.2
      vertex 19.8425 13.2519 3.2
    endloop
  endfacet
  facet normal -0.309284 -0.95097 -0
    outer loop
      vertex 19.9618 13.2131 3.2
      vertex 19.8425 13.2519 2.5
      vertex 19.9618 13.2131 2.5
    endloop
  endfacet
  facet normal -0.104477 -0.994527 0
    outer loop
      vertex 19.9618 13.2131 2.5
      vertex 20.0865 13.2 3.2
      vertex 19.9618 13.2131 3.2
    endloop
  endfacet
  facet normal -0.104477 -0.994527 -0
    outer loop
      vertex 20.0865 13.2 3.2
      vertex 19.9618 13.2131 2.5
      vertex 20.0865 13.2 2.5
    endloop
  endfacet
  facet normal 0 -1 0
    outer loop
      vertex 20.0865 13.2 2.5
      vertex 21.5691 13.2 3.2
      vertex 20.0865 13.2 3.2
    endloop
  endfacet
  facet normal 0 -1 -0
    outer loop
      vertex 21.5691 13.2 3.2
      vertex 20.0865 13.2 2.5
      vertex 21.5691 13.2 2.5
    endloop
  endfacet
  facet normal -1 0 0
    outer loop
      vertex 23.2 10.6915 2.5
      vertex 23.2 12.7585 3.2
      vertex 23.2 12.7585 2.5
    endloop
  endfacet
  facet normal -1 -0 0
    outer loop
      vertex 23.2 12.7585 3.2
      vertex 23.2 10.6915 2.5
      vertex 23.2 10.6915 3.2
    endloop
  endfacet
  facet normal -0.994536 -0.104394 0
    outer loop
      vertex 23.2131 10.5667 2.5
      vertex 23.2 10.6915 3.2
      vertex 23.2 10.6915 2.5
    endloop
  endfacet
  facet normal -0.994536 -0.104394 0
    outer loop
      vertex 23.2 10.6915 3.2
      vertex 23.2131 10.5667 2.5
      vertex 23.2131 10.5667 3.2
    endloop
  endfacet
  facet normal -0.95097 -0.309284 0
    outer loop
      vertex 23.2519 10.4474 2.5
      vertex 23.2131 10.5667 3.2
      vertex 23.2131 10.5667 2.5
    endloop
  endfacet
  facet normal -0.95097 -0.309284 0
    outer loop
      vertex 23.2131 10.5667 3.2
      vertex 23.2519 10.4474 2.5
      vertex 23.2519 10.4474 3.2
    endloop
  endfacet
  facet normal -0.866026 -0.499999 0
    outer loop
      vertex 23.3146 10.3388 2.5
      vertex 23.2519 10.4474 3.2
      vertex 23.2519 10.4474 2.5
    endloop
  endfacet
  facet normal -0.866026 -0.499999 0
    outer loop
      vertex 23.2519 10.4474 3.2
      vertex 23.3146 10.3388 2.5
      vertex 23.3146 10.3388 3.2
    endloop
  endfacet
  facet normal -0.743215 -0.669053 0
    outer loop
      vertex 23.3985 10.2456 2.5
      vertex 23.3146 10.3388 3.2
      vertex 23.3146 10.3388 2.5
    endloop
  endfacet
  facet normal -0.743215 -0.669053 0
    outer loop
      vertex 23.3146 10.3388 3.2
      vertex 23.3985 10.2456 2.5
      vertex 23.3985 10.2456 3.2
    endloop
  endfacet
  facet normal -0.587555 -0.809184 0
    outer loop
      vertex 23.3985 10.2456 2.5
      vertex 23.5 10.1719 3.2
      vertex 23.3985 10.2456 3.2
    endloop
  endfacet
  facet normal -0.587555 -0.809184 -0
    outer loop
      vertex 23.5 10.1719 3.2
      vertex 23.3985 10.2456 2.5
      vertex 23.5 10.1719 2.5
    endloop
  endfacet
  facet normal -0.407247 -0.913318 0
    outer loop
      vertex 23.5 10.1719 2.5
      vertex 23.6146 10.1208 3.2
      vertex 23.5 10.1719 3.2
    endloop
  endfacet
  facet normal -0.407247 -0.913318 -0
    outer loop
      vertex 23.6146 10.1208 3.2
      vertex 23.5 10.1719 2.5
      vertex 23.6146 10.1208 2.5
    endloop
  endfacet
  facet normal -0.207296 -0.978278 0
    outer loop
      vertex 23.6146 10.1208 2.5
      vertex 23.7373 10.0948 3.2
      vertex 23.6146 10.1208 3.2
    endloop
  endfacet
  facet normal -0.207296 -0.978278 -0
    outer loop
      vertex 23.7373 10.0948 3.2
      vertex 23.6146 10.1208 2.5
      vertex 23.7373 10.0948 2.5
    endloop
  endfacet
  facet normal 0 -1 0
    outer loop
      vertex 23.7373 10.0948 2.5
      vertex 23.8627 10.0948 3.2
      vertex 23.7373 10.0948 3.2
    endloop
  endfacet
  facet normal 0 -1 -0
    outer loop
      vertex 23.8627 10.0948 3.2
      vertex 23.7373 10.0948 2.5
      vertex 23.8627 10.0948 2.5
    endloop
  endfacet
  facet normal 0.207296 -0.978278 0
    outer loop
      vertex 23.8627 10.0948 2.5
      vertex 23.9854 10.1208 3.2
      vertex 23.8627 10.0948 3.2
    endloop
  endfacet
  facet normal 0.207296 -0.978278 0
    outer loop
      vertex 23.9854 10.1208 3.2
      vertex 23.8627 10.0948 2.5
      vertex 23.9854 10.1208 2.5
    endloop
  endfacet
  facet normal 0.406715 -0.913555 0
    outer loop
      vertex -23.6146 3.99796 2.5
      vertex -23.5 4.04898 3.2
      vertex -23.6146 3.99796 3.2
    endloop
  endfacet
  facet normal 0.406715 -0.913555 0
    outer loop
      vertex -23.5 4.04898 3.2
      vertex -23.6146 3.99796 2.5
      vertex -23.5 4.04898 2.5
    endloop
  endfacet
  facet normal 0.587712 -0.80907 0
    outer loop
      vertex -23.5 4.04898 2.5
      vertex -23.3985 4.12271 3.2
      vertex -23.5 4.04898 3.2
    endloop
  endfacet
  facet normal 0.587712 -0.80907 0
    outer loop
      vertex -23.3985 4.12271 3.2
      vertex -23.5 4.04898 2.5
      vertex -23.3985 4.12271 2.5
    endloop
  endfacet
  facet normal 0.743286 -0.668974 0
    outer loop
      vertex -23.3985 4.12271 3.2
      vertex -23.3146 4.21593 2.5
      vertex -23.3146 4.21593 3.2
    endloop
  endfacet
  facet normal 0.743286 -0.668974 0
    outer loop
      vertex -23.3146 4.21593 2.5
      vertex -23.3985 4.12271 3.2
      vertex -23.3985 4.12271 2.5
    endloop
  endfacet
  facet normal 0.866066 -0.49993 0
    outer loop
      vertex -23.3146 4.21593 3.2
      vertex -23.2519 4.32455 2.5
      vertex -23.2519 4.32455 3.2
    endloop
  endfacet
  facet normal 0.866066 -0.49993 0
    outer loop
      vertex -23.2519 4.32455 2.5
      vertex -23.3146 4.21593 3.2
      vertex -23.3146 4.21593 2.5
    endloop
  endfacet
  facet normal 0.95097 -0.309284 0
    outer loop
      vertex -23.2519 4.32455 3.2
      vertex -23.2131 4.44385 2.5
      vertex -23.2131 4.44385 3.2
    endloop
  endfacet
  facet normal 0.95097 -0.309284 0
    outer loop
      vertex -23.2131 4.44385 2.5
      vertex -23.2519 4.32455 3.2
      vertex -23.2519 4.32455 2.5
    endloop
  endfacet
  facet normal 0.994531 -0.104444 0
    outer loop
      vertex -23.2131 4.44385 3.2
      vertex -23.2 4.56859 2.5
      vertex -23.2 4.56859 3.2
    endloop
  endfacet
  facet normal 0.994531 -0.104444 0
    outer loop
      vertex -23.2 4.56859 2.5
      vertex -23.2131 4.44385 3.2
      vertex -23.2131 4.44385 2.5
    endloop
  endfacet
  facet normal 1 -0 0
    outer loop
      vertex -23.2 4.56859 3.2
      vertex -23.2 7.67712 2.5
      vertex -23.2 7.67712 3.2
    endloop
  endfacet
  facet normal 1 0 0
    outer loop
      vertex -23.2 7.67712 2.5
      vertex -23.2 4.56859 3.2
      vertex -23.2 4.56859 2.5
    endloop
  endfacet
  facet normal 0.994531 0.104444 0
    outer loop
      vertex -23.2 7.67712 3.2
      vertex -23.2131 7.80186 2.5
      vertex -23.2131 7.80186 3.2
    endloop
  endfacet
  facet normal 0.994531 0.104444 0
    outer loop
      vertex -23.2131 7.80186 2.5
      vertex -23.2 7.67712 3.2
      vertex -23.2 7.67712 2.5
    endloop
  endfacet
  facet normal 0.95097 0.309284 0
    outer loop
      vertex -23.2131 7.80186 3.2
      vertex -23.2519 7.92116 2.5
      vertex -23.2519 7.92116 3.2
    endloop
  endfacet
  facet normal 0.95097 0.309284 0
    outer loop
      vertex -23.2519 7.92116 2.5
      vertex -23.2131 7.80186 3.2
      vertex -23.2131 7.80186 2.5
    endloop
  endfacet
  facet normal 0.866086 0.499895 0
    outer loop
      vertex -23.2519 7.92116 3.2
      vertex -23.3146 8.02979 2.5
      vertex -23.3146 8.02979 3.2
    endloop
  endfacet
  facet normal 0.866086 0.499895 0
    outer loop
      vertex -23.3146 8.02979 2.5
      vertex -23.2519 7.92116 3.2
      vertex -23.2519 7.92116 2.5
    endloop
  endfacet
  facet normal 0.743251 0.669013 0
    outer loop
      vertex -23.3146 8.02979 3.2
      vertex -23.3985 8.123 2.5
      vertex -23.3985 8.123 3.2
    endloop
  endfacet
  facet normal 0.743251 0.669013 0
    outer loop
      vertex -23.3985 8.123 2.5
      vertex -23.3146 8.02979 3.2
      vertex -23.3146 8.02979 2.5
    endloop
  endfacet
  facet normal 0.587712 0.80907 -0
    outer loop
      vertex -23.3985 8.123 2.5
      vertex -23.5 8.19673 3.2
      vertex -23.3985 8.123 3.2
    endloop
  endfacet
  facet normal 0.587712 0.80907 0
    outer loop
      vertex -23.5 8.19673 3.2
      vertex -23.3985 8.123 2.5
      vertex -23.5 8.19673 2.5
    endloop
  endfacet
  facet normal 0.406782 0.913525 -0
    outer loop
      vertex -23.5 8.19673 2.5
      vertex -23.6146 8.24776 3.2
      vertex -23.5 8.19673 3.2
    endloop
  endfacet
  facet normal 0.406782 0.913525 0
    outer loop
      vertex -23.6146 8.24776 3.2
      vertex -23.5 8.19673 2.5
      vertex -23.6146 8.24776 2.5
    endloop
  endfacet
  facet normal 0.20783 0.978165 -0
    outer loop
      vertex -23.6146 8.24776 2.5
      vertex -23.7373 8.27383 3.2
      vertex -23.6146 8.24776 3.2
    endloop
  endfacet
  facet normal 0.20783 0.978165 0
    outer loop
      vertex -23.7373 8.27383 3.2
      vertex -23.6146 8.24776 2.5
      vertex -23.7373 8.27383 2.5
    endloop
  endfacet
  facet normal 0 1 -0
    outer loop
      vertex -23.7373 8.27383 2.5
      vertex -23.8627 8.27383 3.2
      vertex -23.7373 8.27383 3.2
    endloop
  endfacet
  facet normal 0 1 0
    outer loop
      vertex -23.8627 8.27383 3.2
      vertex -23.7373 8.27383 2.5
      vertex -23.8627 8.27383 2.5
    endloop
  endfacet
  facet normal -0.20783 0.978165 0
    outer loop
      vertex -23.8627 8.27383 2.5
      vertex -23.9854 8.24776 3.2
      vertex -23.8627 8.27383 3.2
    endloop
  endfacet
  facet normal -0.20783 0.978165 0
    outer loop
      vertex -23.9854 8.24776 3.2
      vertex -23.8627 8.27383 2.5
      vertex -23.9854 8.24776 2.5
    endloop
  endfacet
  facet normal -0.406782 0.913525 0
    outer loop
      vertex -23.9854 8.24776 2.5
      vertex -24.1 8.19673 3.2
      vertex -23.9854 8.24776 3.2
    endloop
  endfacet
  facet normal -0.406782 0.913525 0
    outer loop
      vertex -24.1 8.19673 3.2
      vertex -23.9854 8.24776 2.5
      vertex -24.1 8.19673 2.5
    endloop
  endfacet
  facet normal -0.587712 0.80907 0
    outer loop
      vertex -24.1 8.19673 2.5
      vertex -24.2015 8.123 3.2
      vertex -24.1 8.19673 3.2
    endloop
  endfacet
  facet normal -0.587712 0.80907 0
    outer loop
      vertex -24.2015 8.123 3.2
      vertex -24.1 8.19673 2.5
      vertex -24.2015 8.123 2.5
    endloop
  endfacet
  facet normal -0.743251 0.669013 0
    outer loop
      vertex -24.2854 8.02979 2.5
      vertex -24.2015 8.123 3.2
      vertex -24.2015 8.123 2.5
    endloop
  endfacet
  facet normal -0.743251 0.669013 0
    outer loop
      vertex -24.2015 8.123 3.2
      vertex -24.2854 8.02979 2.5
      vertex -24.2854 8.02979 3.2
    endloop
  endfacet
  facet normal -0.866086 0.499895 0
    outer loop
      vertex -24.3481 7.92116 2.5
      vertex -24.2854 8.02979 3.2
      vertex -24.2854 8.02979 2.5
    endloop
  endfacet
  facet normal -0.866086 0.499895 0
    outer loop
      vertex -24.2854 8.02979 3.2
      vertex -24.3481 7.92116 2.5
      vertex -24.3481 7.92116 3.2
    endloop
  endfacet
  facet normal -0.95097 0.309284 0
    outer loop
      vertex -24.3869 7.80186 2.5
      vertex -24.3481 7.92116 3.2
      vertex -24.3481 7.92116 2.5
    endloop
  endfacet
  facet normal -0.95097 0.309284 0
    outer loop
      vertex -24.3481 7.92116 3.2
      vertex -24.3869 7.80186 2.5
      vertex -24.3869 7.80186 3.2
    endloop
  endfacet
  facet normal -0.994531 0.104444 0
    outer loop
      vertex -24.4 7.67712 2.5
      vertex -24.3869 7.80186 3.2
      vertex -24.3869 7.80186 2.5
    endloop
  endfacet
  facet normal -0.994531 0.104444 0
    outer loop
      vertex -24.3869 7.80186 3.2
      vertex -24.4 7.67712 2.5
      vertex -24.4 7.67712 3.2
    endloop
  endfacet
  facet normal -1 0 0
    outer loop
      vertex -24.4 4.56859 2.5
      vertex -24.4 7.67712 3.2
      vertex -24.4 7.67712 2.5
    endloop
  endfacet
  facet normal -1 -0 0
    outer loop
      vertex -24.4 7.67712 3.2
      vertex -24.4 4.56859 2.5
      vertex -24.4 4.56859 3.2
    endloop
  endfacet
  facet normal -0.994531 -0.104444 0
    outer loop
      vertex -24.3869 4.44385 2.5
      vertex -24.4 4.56859 3.2
      vertex -24.4 4.56859 2.5
    endloop
  endfacet
  facet normal -0.994531 -0.104444 0
    outer loop
      vertex -24.4 4.56859 3.2
      vertex -24.3869 4.44385 2.5
      vertex -24.3869 4.44385 3.2
    endloop
  endfacet
  facet normal -0.95097 -0.309284 0
    outer loop
      vertex -24.3481 4.32455 2.5
      vertex -24.3869 4.44385 3.2
      vertex -24.3869 4.44385 2.5
    endloop
  endfacet
  facet normal -0.95097 -0.309284 0
    outer loop
      vertex -24.3869 4.44385 3.2
      vertex -24.3481 4.32455 2.5
      vertex -24.3481 4.32455 3.2
    endloop
  endfacet
  facet normal -0.866066 -0.49993 0
    outer loop
      vertex -24.2854 4.21593 2.5
      vertex -24.3481 4.32455 3.2
      vertex -24.3481 4.32455 2.5
    endloop
  endfacet
  facet normal -0.866066 -0.49993 0
    outer loop
      vertex -24.3481 4.32455 3.2
      vertex -24.2854 4.21593 2.5
      vertex -24.2854 4.21593 3.2
    endloop
  endfacet
  facet normal -0.743286 -0.668974 0
    outer loop
      vertex -24.2015 4.12271 2.5
      vertex -24.2854 4.21593 3.2
      vertex -24.2854 4.21593 2.5
    endloop
  endfacet
  facet normal -0.743286 -0.668974 0
    outer loop
      vertex -24.2854 4.21593 3.2
      vertex -24.2015 4.12271 2.5
      vertex -24.2015 4.12271 3.2
    endloop
  endfacet
  facet normal -0.587712 -0.80907 0
    outer loop
      vertex -24.2015 4.12271 2.5
      vertex -24.1 4.04898 3.2
      vertex -24.2015 4.12271 3.2
    endloop
  endfacet
  facet normal -0.587712 -0.80907 -0
    outer loop
      vertex -24.1 4.04898 3.2
      vertex -24.2015 4.12271 2.5
      vertex -24.1 4.04898 2.5
    endloop
  endfacet
  facet normal -0.406715 -0.913555 0
    outer loop
      vertex -24.1 4.04898 2.5
      vertex -23.9854 3.99796 3.2
      vertex -24.1 4.04898 3.2
    endloop
  endfacet
  facet normal -0.406715 -0.913555 -0
    outer loop
      vertex -23.9854 3.99796 3.2
      vertex -24.1 4.04898 2.5
      vertex -23.9854 3.99796 2.5
    endloop
  endfacet
  facet normal -0.207906 -0.978149 0
    outer loop
      vertex -23.9854 3.99796 2.5
      vertex -23.8627 3.97188 3.2
      vertex -23.9854 3.99796 3.2
    endloop
  endfacet
  facet normal -0.207906 -0.978149 -0
    outer loop
      vertex -23.8627 3.97188 3.2
      vertex -23.9854 3.99796 2.5
      vertex -23.8627 3.97188 2.5
    endloop
  endfacet
  facet normal 0 -1 0
    outer loop
      vertex -23.8627 3.97188 2.5
      vertex -23.7373 3.97188 3.2
      vertex -23.8627 3.97188 3.2
    endloop
  endfacet
  facet normal 0 -1 -0
    outer loop
      vertex -23.7373 3.97188 3.2
      vertex -23.8627 3.97188 2.5
      vertex -23.7373 3.97188 2.5
    endloop
  endfacet
  facet normal 0.207906 -0.978149 0
    outer loop
      vertex -23.7373 3.97188 2.5
      vertex -23.6146 3.99796 3.2
      vertex -23.7373 3.97188 3.2
    endloop
  endfacet
  facet normal 0.207906 -0.978149 0
    outer loop
      vertex -23.6146 3.99796 3.2
      vertex -23.7373 3.97188 2.5
      vertex -23.6146 3.99796 2.5
    endloop
  endfacet
  facet normal 0.406715 -0.913555 0
    outer loop
      vertex 23.9854 3.99796 2.5
      vertex 24.1 4.04898 3.2
      vertex 23.9854 3.99796 3.2
    endloop
  endfacet
  facet normal 0.406715 -0.913555 0
    outer loop
      vertex 24.1 4.04898 3.2
      vertex 23.9854 3.99796 2.5
      vertex 24.1 4.04898 2.5
    endloop
  endfacet
  facet normal 0.587712 -0.80907 0
    outer loop
      vertex 24.1 4.04898 2.5
      vertex 24.2015 4.12271 3.2
      vertex 24.1 4.04898 3.2
    endloop
  endfacet
  facet normal 0.587712 -0.80907 0
    outer loop
      vertex 24.2015 4.12271 3.2
      vertex 24.1 4.04898 2.5
      vertex 24.2015 4.12271 2.5
    endloop
  endfacet
  facet normal 0.743286 -0.668974 0
    outer loop
      vertex 24.2015 4.12271 3.2
      vertex 24.2854 4.21593 2.5
      vertex 24.2854 4.21593 3.2
    endloop
  endfacet
  facet normal 0.743286 -0.668974 0
    outer loop
      vertex 24.2854 4.21593 2.5
      vertex 24.2015 4.12271 3.2
      vertex 24.2015 4.12271 2.5
    endloop
  endfacet
  facet normal 0.866066 -0.49993 0
    outer loop
      vertex 24.2854 4.21593 3.2
      vertex 24.3481 4.32455 2.5
      vertex 24.3481 4.32455 3.2
    endloop
  endfacet
  facet normal 0.866066 -0.49993 0
    outer loop
      vertex 24.3481 4.32455 2.5
      vertex 24.2854 4.21593 3.2
      vertex 24.2854 4.21593 2.5
    endloop
  endfacet
  facet normal 0.95097 -0.309284 0
    outer loop
      vertex 24.3481 4.32455 3.2
      vertex 24.3869 4.44385 2.5
      vertex 24.3869 4.44385 3.2
    endloop
  endfacet
  facet normal 0.95097 -0.309284 0
    outer loop
      vertex 24.3869 4.44385 2.5
      vertex 24.3481 4.32455 3.2
      vertex 24.3481 4.32455 2.5
    endloop
  endfacet
  facet normal 0.994531 -0.104444 0
    outer loop
      vertex 24.3869 4.44385 3.2
      vertex 24.4 4.56859 2.5
      vertex 24.4 4.56859 3.2
    endloop
  endfacet
  facet normal 0.994531 -0.104444 0
    outer loop
      vertex 24.4 4.56859 2.5
      vertex 24.3869 4.44385 3.2
      vertex 24.3869 4.44385 2.5
    endloop
  endfacet
  facet normal 1 -0 0
    outer loop
      vertex 24.4 4.56859 3.2
      vertex 24.4 7.67712 2.5
      vertex 24.4 7.67712 3.2
    endloop
  endfacet
  facet normal 1 0 0
    outer loop
      vertex 24.4 7.67712 2.5
      vertex 24.4 4.56859 3.2
      vertex 24.4 4.56859 2.5
    endloop
  endfacet
  facet normal 0.994531 0.104444 0
    outer loop
      vertex 24.4 7.67712 3.2
      vertex 24.3869 7.80186 2.5
      vertex 24.3869 7.80186 3.2
    endloop
  endfacet
  facet normal 0.994531 0.104444 0
    outer loop
      vertex 24.3869 7.80186 2.5
      vertex 24.4 7.67712 3.2
      vertex 24.4 7.67712 2.5
    endloop
  endfacet
  facet normal 0.95097 0.309284 0
    outer loop
      vertex 24.3869 7.80186 3.2
      vertex 24.3481 7.92116 2.5
      vertex 24.3481 7.92116 3.2
    endloop
  endfacet
  facet normal 0.95097 0.309284 0
    outer loop
      vertex 24.3481 7.92116 2.5
      vertex 24.3869 7.80186 3.2
      vertex 24.3869 7.80186 2.5
    endloop
  endfacet
  facet normal 0.866086 0.499895 0
    outer loop
      vertex 24.3481 7.92116 3.2
      vertex 24.2854 8.02979 2.5
      vertex 24.2854 8.02979 3.2
    endloop
  endfacet
  facet normal 0.866086 0.499895 0
    outer loop
      vertex 24.2854 8.02979 2.5
      vertex 24.3481 7.92116 3.2
      vertex 24.3481 7.92116 2.5
    endloop
  endfacet
  facet normal 0.743251 0.669013 0
    outer loop
      vertex 24.2854 8.02979 3.2
      vertex 24.2015 8.123 2.5
      vertex 24.2015 8.123 3.2
    endloop
  endfacet
  facet normal 0.743251 0.669013 0
    outer loop
      vertex 24.2015 8.123 2.5
      vertex 24.2854 8.02979 3.2
      vertex 24.2854 8.02979 2.5
    endloop
  endfacet
  facet normal 0.587712 0.80907 -0
    outer loop
      vertex 24.2015 8.123 2.5
      vertex 24.1 8.19673 3.2
      vertex 24.2015 8.123 3.2
    endloop
  endfacet
  facet normal 0.587712 0.80907 0
    outer loop
      vertex 24.1 8.19673 3.2
      vertex 24.2015 8.123 2.5
      vertex 24.1 8.19673 2.5
    endloop
  endfacet
  facet normal 0.406782 0.913525 -0
    outer loop
      vertex 24.1 8.19673 2.5
      vertex 23.9854 8.24776 3.2
      vertex 24.1 8.19673 3.2
    endloop
  endfacet
  facet normal 0.406782 0.913525 0
    outer loop
      vertex 23.9854 8.24776 3.2
      vertex 24.1 8.19673 2.5
      vertex 23.9854 8.24776 2.5
    endloop
  endfacet
  facet normal 0.20783 0.978165 -0
    outer loop
      vertex 23.9854 8.24776 2.5
      vertex 23.8627 8.27383 3.2
      vertex 23.9854 8.24776 3.2
    endloop
  endfacet
  facet normal 0.20783 0.978165 0
    outer loop
      vertex 23.8627 8.27383 3.2
      vertex 23.9854 8.24776 2.5
      vertex 23.8627 8.27383 2.5
    endloop
  endfacet
  facet normal 0 1 -0
    outer loop
      vertex 23.8627 8.27383 2.5
      vertex 23.7373 8.27383 3.2
      vertex 23.8627 8.27383 3.2
    endloop
  endfacet
  facet normal 0 1 0
    outer loop
      vertex 23.7373 8.27383 3.2
      vertex 23.8627 8.27383 2.5
      vertex 23.7373 8.27383 2.5
    endloop
  endfacet
  facet normal -0.20783 0.978165 0
    outer loop
      vertex 23.7373 8.27383 2.5
      vertex 23.6146 8.24776 3.2
      vertex 23.7373 8.27383 3.2
    endloop
  endfacet
  facet normal -0.20783 0.978165 0
    outer loop
      vertex 23.6146 8.24776 3.2
      vertex 23.7373 8.27383 2.5
      vertex 23.6146 8.24776 2.5
    endloop
  endfacet
  facet normal -0.406782 0.913525 0
    outer loop
      vertex 23.6146 8.24776 2.5
      vertex 23.5 8.19673 3.2
      vertex 23.6146 8.24776 3.2
    endloop
  endfacet
  facet normal -0.406782 0.913525 0
    outer loop
      vertex 23.5 8.19673 3.2
      vertex 23.6146 8.24776 2.5
      vertex 23.5 8.19673 2.5
    endloop
  endfacet
  facet normal -0.587712 0.80907 0
    outer loop
      vertex 23.5 8.19673 2.5
      vertex 23.3985 8.123 3.2
      vertex 23.5 8.19673 3.2
    endloop
  endfacet
  facet normal -0.587712 0.80907 0
    outer loop
      vertex 23.3985 8.123 3.2
      vertex 23.5 8.19673 2.5
      vertex 23.3985 8.123 2.5
    endloop
  endfacet
  facet normal -0.743251 0.669013 0
    outer loop
      vertex 23.3146 8.02979 2.5
      vertex 23.3985 8.123 3.2
      vertex 23.3985 8.123 2.5
    endloop
  endfacet
  facet normal -0.743251 0.669013 0
    outer loop
      vertex 23.3985 8.123 3.2
      vertex 23.3146 8.02979 2.5
      vertex 23.3146 8.02979 3.2
    endloop
  endfacet
  facet normal -0.866086 0.499895 0
    outer loop
      vertex 23.2519 7.92116 2.5
      vertex 23.3146 8.02979 3.2
      vertex 23.3146 8.02979 2.5
    endloop
  endfacet
  facet normal -0.866086 0.499895 0
    outer loop
      vertex 23.3146 8.02979 3.2
      vertex 23.2519 7.92116 2.5
      vertex 23.2519 7.92116 3.2
    endloop
  endfacet
  facet normal -0.95097 0.309284 0
    outer loop
      vertex 23.2131 7.80186 2.5
      vertex 23.2519 7.92116 3.2
      vertex 23.2519 7.92116 2.5
    endloop
  endfacet
  facet normal -0.95097 0.309284 0
    outer loop
      vertex 23.2519 7.92116 3.2
      vertex 23.2131 7.80186 2.5
      vertex 23.2131 7.80186 3.2
    endloop
  endfacet
  facet normal -0.994531 0.104444 0
    outer loop
      vertex 23.2 7.67712 2.5
      vertex 23.2131 7.80186 3.2
      vertex 23.2131 7.80186 2.5
    endloop
  endfacet
  facet normal -0.994531 0.104444 0
    outer loop
      vertex 23.2131 7.80186 3.2
      vertex 23.2 7.67712 2.5
      vertex 23.2 7.67712 3.2
    endloop
  endfacet
  facet normal -1 0 0
    outer loop
      vertex 23.2 4.56859 2.5
      vertex 23.2 7.67712 3.2
      vertex 23.2 7.67712 2.5
    endloop
  endfacet
  facet normal -1 -0 0
    outer loop
      vertex 23.2 7.67712 3.2
      vertex 23.2 4.56859 2.5
      vertex 23.2 4.56859 3.2
    endloop
  endfacet
  facet normal -0.994531 -0.104444 0
    outer loop
      vertex 23.2131 4.44385 2.5
      vertex 23.2 4.56859 3.2
      vertex 23.2 4.56859 2.5
    endloop
  endfacet
  facet normal -0.994531 -0.104444 0
    outer loop
      vertex 23.2 4.56859 3.2
      vertex 23.2131 4.44385 2.5
      vertex 23.2131 4.44385 3.2
    endloop
  endfacet
  facet normal -0.95097 -0.309284 0
    outer loop
      vertex 23.2519 4.32455 2.5
      vertex 23.2131 4.44385 3.2
      vertex 23.2131 4.44385 2.5
    endloop
  endfacet
  facet normal -0.95097 -0.309284 0
    outer loop
      vertex 23.2131 4.44385 3.2
      vertex 23.2519 4.32455 2.5
      vertex 23.2519 4.32455 3.2
    endloop
  endfacet
  facet normal -0.866066 -0.49993 0
    outer loop
      vertex 23.3146 4.21593 2.5
      vertex 23.2519 4.32455 3.2
      vertex 23.2519 4.32455 2.5
    endloop
  endfacet
  facet normal -0.866066 -0.49993 0
    outer loop
      vertex 23.2519 4.32455 3.2
      vertex 23.3146 4.21593 2.5
      vertex 23.3146 4.21593 3.2
    endloop
  endfacet
  facet normal -0.743286 -0.668974 0
    outer loop
      vertex 23.3985 4.12271 2.5
      vertex 23.3146 4.21593 3.2
      vertex 23.3146 4.21593 2.5
    endloop
  endfacet
  facet normal -0.743286 -0.668974 0
    outer loop
      vertex 23.3146 4.21593 3.2
      vertex 23.3985 4.12271 2.5
      vertex 23.3985 4.12271 3.2
    endloop
  endfacet
  facet normal -0.587712 -0.80907 0
    outer loop
      vertex 23.3985 4.12271 2.5
      vertex 23.5 4.04898 3.2
      vertex 23.3985 4.12271 3.2
    endloop
  endfacet
  facet normal -0.587712 -0.80907 -0
    outer loop
      vertex 23.5 4.04898 3.2
      vertex 23.3985 4.12271 2.5
      vertex 23.5 4.04898 2.5
    endloop
  endfacet
  facet normal -0.406715 -0.913555 0
    outer loop
      vertex 23.5 4.04898 2.5
      vertex 23.6146 3.99796 3.2
      vertex 23.5 4.04898 3.2
    endloop
  endfacet
  facet normal -0.406715 -0.913555 -0
    outer loop
      vertex 23.6146 3.99796 3.2
      vertex 23.5 4.04898 2.5
      vertex 23.6146 3.99796 2.5
    endloop
  endfacet
  facet normal -0.207906 -0.978149 0
    outer loop
      vertex 23.6146 3.99796 2.5
      vertex 23.7373 3.97188 3.2
      vertex 23.6146 3.99796 3.2
    endloop
  endfacet
  facet normal -0.207906 -0.978149 -0
    outer loop
      vertex 23.7373 3.97188 3.2
      vertex 23.6146 3.99796 2.5
      vertex 23.7373 3.97188 2.5
    endloop
  endfacet
  facet normal 0 -1 0
    outer loop
      vertex 23.7373 3.97188 2.5
      vertex 23.8627 3.97188 3.2
      vertex 23.7373 3.97188 3.2
    endloop
  endfacet
  facet normal 0 -1 -0
    outer loop
      vertex 23.8627 3.97188 3.2
      vertex 23.7373 3.97188 2.5
      vertex 23.8627 3.97188 2.5
    endloop
  endfacet
  facet normal 0.207906 -0.978149 0
    outer loop
      vertex 23.8627 3.97188 2.5
      vertex 23.9854 3.99796 3.2
      vertex 23.8627 3.97188 3.2
    endloop
  endfacet
  facet normal 0.207906 -0.978149 0
    outer loop
      vertex 23.9854 3.99796 3.2
      vertex 23.8627 3.97188 2.5
      vertex 23.9854 3.99796 2.5
    endloop
  endfacet
  facet normal 0.406715 -0.913555 0
    outer loop
      vertex -23.6146 -2.12489 2.5
      vertex -23.5 -2.07387 3.2
      vertex -23.6146 -2.12489 3.2
    endloop
  endfacet
  facet normal 0.406715 -0.913555 0
    outer loop
      vertex -23.5 -2.07387 3.2
      vertex -23.6146 -2.12489 2.5
      vertex -23.5 -2.07387 2.5
    endloop
  endfacet
  facet normal 0.587712 -0.80907 0
    outer loop
      vertex -23.5 -2.07387 2.5
      vertex -23.3985 -2.00014 3.2
      vertex -23.5 -2.07387 3.2
    endloop
  endfacet
  facet normal 0.587712 -0.80907 0
    outer loop
      vertex -23.3985 -2.00014 3.2
      vertex -23.5 -2.07387 2.5
      vertex -23.3985 -2.00014 2.5
    endloop
  endfacet
  facet normal 0.743286 -0.668974 0
    outer loop
      vertex -23.3985 -2.00014 3.2
      vertex -23.3146 -1.90692 2.5
      vertex -23.3146 -1.90692 3.2
    endloop
  endfacet
  facet normal 0.743286 -0.668974 0
    outer loop
      vertex -23.3146 -1.90692 2.5
      vertex -23.3985 -2.00014 3.2
      vertex -23.3985 -2.00014 2.5
    endloop
  endfacet
  facet normal 0.866086 -0.499895 0
    outer loop
      vertex -23.3146 -1.90692 3.2
      vertex -23.2519 -1.79829 2.5
      vertex -23.2519 -1.79829 3.2
    endloop
  endfacet
  facet normal 0.866086 -0.499895 0
    outer loop
      vertex -23.2519 -1.79829 2.5
      vertex -23.3146 -1.90692 3.2
      vertex -23.3146 -1.90692 2.5
    endloop
  endfacet
  facet normal 0.950962 -0.309308 0
    outer loop
      vertex -23.2519 -1.79829 3.2
      vertex -23.2131 -1.679 2.5
      vertex -23.2131 -1.679 3.2
    endloop
  endfacet
  facet normal 0.950962 -0.309308 0
    outer loop
      vertex -23.2131 -1.679 2.5
      vertex -23.2519 -1.79829 3.2
      vertex -23.2519 -1.79829 2.5
    endloop
  endfacet
  facet normal 0.994531 -0.104444 0
    outer loop
      vertex -23.2131 -1.679 3.2
      vertex -23.2 -1.55426 2.5
      vertex -23.2 -1.55426 3.2
    endloop
  endfacet
  facet normal 0.994531 -0.104444 0
    outer loop
      vertex -23.2 -1.55426 2.5
      vertex -23.2131 -1.679 3.2
      vertex -23.2131 -1.679 2.5
    endloop
  endfacet
  facet normal 1 -0 0
    outer loop
      vertex -23.2 -1.55426 3.2
      vertex -23.2 1.55426 2.5
      vertex -23.2 1.55426 3.2
    endloop
  endfacet
  facet normal 1 0 0
    outer loop
      vertex -23.2 1.55426 2.5
      vertex -23.2 -1.55426 3.2
      vertex -23.2 -1.55426 2.5
    endloop
  endfacet
  facet normal 0.994531 0.104444 0
    outer loop
      vertex -23.2 1.55426 3.2
      vertex -23.2131 1.679 2.5
      vertex -23.2131 1.679 3.2
    endloop
  endfacet
  facet normal 0.994531 0.104444 0
    outer loop
      vertex -23.2131 1.679 2.5
      vertex -23.2 1.55426 3.2
      vertex -23.2 1.55426 2.5
    endloop
  endfacet
  facet normal 0.950962 0.309308 0
    outer loop
      vertex -23.2131 1.679 3.2
      vertex -23.2519 1.79829 2.5
      vertex -23.2519 1.79829 3.2
    endloop
  endfacet
  facet normal 0.950962 0.309308 0
    outer loop
      vertex -23.2519 1.79829 2.5
      vertex -23.2131 1.679 3.2
      vertex -23.2131 1.679 2.5
    endloop
  endfacet
  facet normal 0.866086 0.499895 0
    outer loop
      vertex -23.2519 1.79829 3.2
      vertex -23.3146 1.90692 2.5
      vertex -23.3146 1.90692 3.2
    endloop
  endfacet
  facet normal 0.866086 0.499895 0
    outer loop
      vertex -23.3146 1.90692 2.5
      vertex -23.2519 1.79829 3.2
      vertex -23.2519 1.79829 2.5
    endloop
  endfacet
  facet normal 0.743286 0.668974 0
    outer loop
      vertex -23.3146 1.90692 3.2
      vertex -23.3985 2.00014 2.5
      vertex -23.3985 2.00014 3.2
    endloop
  endfacet
  facet normal 0.743286 0.668974 0
    outer loop
      vertex -23.3985 2.00014 2.5
      vertex -23.3146 1.90692 3.2
      vertex -23.3146 1.90692 2.5
    endloop
  endfacet
  facet normal 0.587712 0.80907 -0
    outer loop
      vertex -23.3985 2.00014 2.5
      vertex -23.5 2.07387 3.2
      vertex -23.3985 2.00014 3.2
    endloop
  endfacet
  facet normal 0.587712 0.80907 0
    outer loop
      vertex -23.5 2.07387 3.2
      vertex -23.3985 2.00014 2.5
      vertex -23.5 2.07387 2.5
    endloop
  endfacet
  facet normal 0.406715 0.913555 -0
    outer loop
      vertex -23.5 2.07387 2.5
      vertex -23.6146 2.12489 3.2
      vertex -23.5 2.07387 3.2
    endloop
  endfacet
  facet normal 0.406715 0.913555 0
    outer loop
      vertex -23.6146 2.12489 3.2
      vertex -23.5 2.07387 2.5
      vertex -23.6146 2.12489 2.5
    endloop
  endfacet
  facet normal 0.207906 0.978149 -0
    outer loop
      vertex -23.6146 2.12489 2.5
      vertex -23.7373 2.15097 3.2
      vertex -23.6146 2.12489 3.2
    endloop
  endfacet
  facet normal 0.207906 0.978149 0
    outer loop
      vertex -23.7373 2.15097 3.2
      vertex -23.6146 2.12489 2.5
      vertex -23.7373 2.15097 2.5
    endloop
  endfacet
  facet normal 0 1 -0
    outer loop
      vertex -23.7373 2.15097 2.5
      vertex -23.8627 2.15097 3.2
      vertex -23.7373 2.15097 3.2
    endloop
  endfacet
  facet normal 0 1 0
    outer loop
      vertex -23.8627 2.15097 3.2
      vertex -23.7373 2.15097 2.5
      vertex -23.8627 2.15097 2.5
    endloop
  endfacet
  facet normal -0.207906 0.978149 0
    outer loop
      vertex -23.8627 2.15097 2.5
      vertex -23.9854 2.12489 3.2
      vertex -23.8627 2.15097 3.2
    endloop
  endfacet
  facet normal -0.207906 0.978149 0
    outer loop
      vertex -23.9854 2.12489 3.2
      vertex -23.8627 2.15097 2.5
      vertex -23.9854 2.12489 2.5
    endloop
  endfacet
  facet normal -0.406715 0.913555 0
    outer loop
      vertex -23.9854 2.12489 2.5
      vertex -24.1 2.07387 3.2
      vertex -23.9854 2.12489 3.2
    endloop
  endfacet
  facet normal -0.406715 0.913555 0
    outer loop
      vertex -24.1 2.07387 3.2
      vertex -23.9854 2.12489 2.5
      vertex -24.1 2.07387 2.5
    endloop
  endfacet
  facet normal -0.587712 0.80907 0
    outer loop
      vertex -24.1 2.07387 2.5
      vertex -24.2015 2.00014 3.2
      vertex -24.1 2.07387 3.2
    endloop
  endfacet
  facet normal -0.587712 0.80907 0
    outer loop
      vertex -24.2015 2.00014 3.2
      vertex -24.1 2.07387 2.5
      vertex -24.2015 2.00014 2.5
    endloop
  endfacet
  facet normal -0.743286 0.668974 0
    outer loop
      vertex -24.2854 1.90692 2.5
      vertex -24.2015 2.00014 3.2
      vertex -24.2015 2.00014 2.5
    endloop
  endfacet
  facet normal -0.743286 0.668974 0
    outer loop
      vertex -24.2015 2.00014 3.2
      vertex -24.2854 1.90692 2.5
      vertex -24.2854 1.90692 3.2
    endloop
  endfacet
  facet normal -0.866086 0.499895 0
    outer loop
      vertex -24.3481 1.79829 2.5
      vertex -24.2854 1.90692 3.2
      vertex -24.2854 1.90692 2.5
    endloop
  endfacet
  facet normal -0.866086 0.499895 0
    outer loop
      vertex -24.2854 1.90692 3.2
      vertex -24.3481 1.79829 2.5
      vertex -24.3481 1.79829 3.2
    endloop
  endfacet
  facet normal -0.950962 0.309308 0
    outer loop
      vertex -24.3869 1.679 2.5
      vertex -24.3481 1.79829 3.2
      vertex -24.3481 1.79829 2.5
    endloop
  endfacet
  facet normal -0.950962 0.309308 0
    outer loop
      vertex -24.3481 1.79829 3.2
      vertex -24.3869 1.679 2.5
      vertex -24.3869 1.679 3.2
    endloop
  endfacet
  facet normal -0.994531 0.104444 0
    outer loop
      vertex -24.4 1.55426 2.5
      vertex -24.3869 1.679 3.2
      vertex -24.3869 1.679 2.5
    endloop
  endfacet
  facet normal -0.994531 0.104444 0
    outer loop
      vertex -24.3869 1.679 3.2
      vertex -24.4 1.55426 2.5
      vertex -24.4 1.55426 3.2
    endloop
  endfacet
  facet normal -1 0 0
    outer loop
      vertex -24.4 -1.55426 2.5
      vertex -24.4 1.55426 3.2
      vertex -24.4 1.55426 2.5
    endloop
  endfacet
  facet normal -1 -0 0
    outer loop
      vertex -24.4 1.55426 3.2
      vertex -24.4 -1.55426 2.5
      vertex -24.4 -1.55426 3.2
    endloop
  endfacet
  facet normal -0.994531 -0.104444 0
    outer loop
      vertex -24.3869 -1.679 2.5
      vertex -24.4 -1.55426 3.2
      vertex -24.4 -1.55426 2.5
    endloop
  endfacet
  facet normal -0.994531 -0.104444 0
    outer loop
      vertex -24.4 -1.55426 3.2
      vertex -24.3869 -1.679 2.5
      vertex -24.3869 -1.679 3.2
    endloop
  endfacet
  facet normal -0.950962 -0.309308 0
    outer loop
      vertex -24.3481 -1.79829 2.5
      vertex -24.3869 -1.679 3.2
      vertex -24.3869 -1.679 2.5
    endloop
  endfacet
  facet normal -0.950962 -0.309308 0
    outer loop
      vertex -24.3869 -1.679 3.2
      vertex -24.3481 -1.79829 2.5
      vertex -24.3481 -1.79829 3.2
    endloop
  endfacet
  facet normal -0.866086 -0.499895 0
    outer loop
      vertex -24.2854 -1.90692 2.5
      vertex -24.3481 -1.79829 3.2
      vertex -24.3481 -1.79829 2.5
    endloop
  endfacet
  facet normal -0.866086 -0.499895 0
    outer loop
      vertex -24.3481 -1.79829 3.2
      vertex -24.2854 -1.90692 2.5
      vertex -24.2854 -1.90692 3.2
    endloop
  endfacet
  facet normal -0.743286 -0.668974 0
    outer loop
      vertex -24.2015 -2.00014 2.5
      vertex -24.2854 -1.90692 3.2
      vertex -24.2854 -1.90692 2.5
    endloop
  endfacet
  facet normal -0.743286 -0.668974 0
    outer loop
      vertex -24.2854 -1.90692 3.2
      vertex -24.2015 -2.00014 2.5
      vertex -24.2015 -2.00014 3.2
    endloop
  endfacet
  facet normal -0.587712 -0.80907 0
    outer loop
      vertex -24.2015 -2.00014 2.5
      vertex -24.1 -2.07387 3.2
      vertex -24.2015 -2.00014 3.2
    endloop
  endfacet
  facet normal -0.587712 -0.80907 -0
    outer loop
      vertex -24.1 -2.07387 3.2
      vertex -24.2015 -2.00014 2.5
      vertex -24.1 -2.07387 2.5
    endloop
  endfacet
  facet normal -0.406715 -0.913555 0
    outer loop
      vertex -24.1 -2.07387 2.5
      vertex -23.9854 -2.12489 3.2
      vertex -24.1 -2.07387 3.2
    endloop
  endfacet
  facet normal -0.406715 -0.913555 -0
    outer loop
      vertex -23.9854 -2.12489 3.2
      vertex -24.1 -2.07387 2.5
      vertex -23.9854 -2.12489 2.5
    endloop
  endfacet
  facet normal -0.207906 -0.978149 0
    outer loop
      vertex -23.9854 -2.12489 2.5
      vertex -23.8627 -2.15097 3.2
      vertex -23.9854 -2.12489 3.2
    endloop
  endfacet
  facet normal -0.207906 -0.978149 -0
    outer loop
      vertex -23.8627 -2.15097 3.2
      vertex -23.9854 -2.12489 2.5
      vertex -23.8627 -2.15097 2.5
    endloop
  endfacet
  facet normal 0 -1 0
    outer loop
      vertex -23.8627 -2.15097 2.5
      vertex -23.7373 -2.15097 3.2
      vertex -23.8627 -2.15097 3.2
    endloop
  endfacet
  facet normal 0 -1 -0
    outer loop
      vertex -23.7373 -2.15097 3.2
      vertex -23.8627 -2.15097 2.5
      vertex -23.7373 -2.15097 2.5
    endloop
  endfacet
  facet normal 0.207906 -0.978149 0
    outer loop
      vertex -23.7373 -2.15097 2.5
      vertex -23.6146 -2.12489 3.2
      vertex -23.7373 -2.15097 3.2
    endloop
  endfacet
  facet normal 0.207906 -0.978149 0
    outer loop
      vertex -23.6146 -2.12489 3.2
      vertex -23.7373 -2.15097 2.5
      vertex -23.6146 -2.12489 2.5
    endloop
  endfacet
  facet normal 0.406715 -0.913555 0
    outer loop
      vertex 23.9854 -2.12489 2.5
      vertex 24.1 -2.07387 3.2
      vertex 23.9854 -2.12489 3.2
    endloop
  endfacet
  facet normal 0.406715 -0.913555 0
    outer loop
      vertex 24.1 -2.07387 3.2
      vertex 23.9854 -2.12489 2.5
      vertex 24.1 -2.07387 2.5
    endloop
  endfacet
  facet normal 0.587712 -0.80907 0
    outer loop
      vertex 24.1 -2.07387 2.5
      vertex 24.2015 -2.00014 3.2
      vertex 24.1 -2.07387 3.2
    endloop
  endfacet
  facet normal 0.587712 -0.80907 0
    outer loop
      vertex 24.2015 -2.00014 3.2
      vertex 24.1 -2.07387 2.5
      vertex 24.2015 -2.00014 2.5
    endloop
  endfacet
  facet normal 0.743286 -0.668974 0
    outer loop
      vertex 24.2015 -2.00014 3.2
      vertex 24.2854 -1.90692 2.5
      vertex 24.2854 -1.90692 3.2
    endloop
  endfacet
  facet normal 0.743286 -0.668974 0
    outer loop
      vertex 24.2854 -1.90692 2.5
      vertex 24.2015 -2.00014 3.2
      vertex 24.2015 -2.00014 2.5
    endloop
  endfacet
  facet normal 0.866086 -0.499895 0
    outer loop
      vertex 24.2854 -1.90692 3.2
      vertex 24.3481 -1.79829 2.5
      vertex 24.3481 -1.79829 3.2
    endloop
  endfacet
  facet normal 0.866086 -0.499895 0
    outer loop
      vertex 24.3481 -1.79829 2.5
      vertex 24.2854 -1.90692 3.2
      vertex 24.2854 -1.90692 2.5
    endloop
  endfacet
  facet normal 0.950962 -0.309308 0
    outer loop
      vertex 24.3481 -1.79829 3.2
      vertex 24.3869 -1.679 2.5
      vertex 24.3869 -1.679 3.2
    endloop
  endfacet
  facet normal 0.950962 -0.309308 0
    outer loop
      vertex 24.3869 -1.679 2.5
      vertex 24.3481 -1.79829 3.2
      vertex 24.3481 -1.79829 2.5
    endloop
  endfacet
  facet normal 0.994531 -0.104444 0
    outer loop
      vertex 24.3869 -1.679 3.2
      vertex 24.4 -1.55426 2.5
      vertex 24.4 -1.55426 3.2
    endloop
  endfacet
  facet normal 0.994531 -0.104444 0
    outer loop
      vertex 24.4 -1.55426 2.5
      vertex 24.3869 -1.679 3.2
      vertex 24.3869 -1.679 2.5
    endloop
  endfacet
  facet normal 1 -0 0
    outer loop
      vertex 24.4 -1.55426 3.2
      vertex 24.4 1.55426 2.5
      vertex 24.4 1.55426 3.2
    endloop
  endfacet
  facet normal 1 0 0
    outer loop
      vertex 24.4 1.55426 2.5
      vertex 24.4 -1.55426 3.2
      vertex 24.4 -1.55426 2.5
    endloop
  endfacet
  facet normal 0.994531 0.104444 0
    outer loop
      vertex 24.4 1.55426 3.2
      vertex 24.3869 1.679 2.5
      vertex 24.3869 1.679 3.2
    endloop
  endfacet
  facet normal 0.994531 0.104444 0
    outer loop
      vertex 24.3869 1.679 2.5
      vertex 24.4 1.55426 3.2
      vertex 24.4 1.55426 2.5
    endloop
  endfacet
  facet normal 0.950962 0.309308 0
    outer loop
      vertex 24.3869 1.679 3.2
      vertex 24.3481 1.79829 2.5
      vertex 24.3481 1.79829 3.2
    endloop
  endfacet
  facet normal 0.950962 0.309308 0
    outer loop
      vertex 24.3481 1.79829 2.5
      vertex 24.3869 1.679 3.2
      vertex 24.3869 1.679 2.5
    endloop
  endfacet
  facet normal 0.866086 0.499895 0
    outer loop
      vertex 24.3481 1.79829 3.2
      vertex 24.2854 1.90692 2.5
      vertex 24.2854 1.90692 3.2
    endloop
  endfacet
  facet normal 0.866086 0.499895 0
    outer loop
      vertex 24.2854 1.90692 2.5
      vertex 24.3481 1.79829 3.2
      vertex 24.3481 1.79829 2.5
    endloop
  endfacet
  facet normal 0.743286 0.668974 0
    outer loop
      vertex 24.2854 1.90692 3.2
      vertex 24.2015 2.00014 2.5
      vertex 24.2015 2.00014 3.2
    endloop
  endfacet
  facet normal 0.743286 0.668974 0
    outer loop
      vertex 24.2015 2.00014 2.5
      vertex 24.2854 1.90692 3.2
      vertex 24.2854 1.90692 2.5
    endloop
  endfacet
  facet normal 0.587712 0.80907 -0
    outer loop
      vertex 24.2015 2.00014 2.5
      vertex 24.1 2.07387 3.2
      vertex 24.2015 2.00014 3.2
    endloop
  endfacet
  facet normal 0.587712 0.80907 0
    outer loop
      vertex 24.1 2.07387 3.2
      vertex 24.2015 2.00014 2.5
      vertex 24.1 2.07387 2.5
    endloop
  endfacet
  facet normal 0.406715 0.913555 -0
    outer loop
      vertex 24.1 2.07387 2.5
      vertex 23.9854 2.12489 3.2
      vertex 24.1 2.07387 3.2
    endloop
  endfacet
  facet normal 0.406715 0.913555 0
    outer loop
      vertex 23.9854 2.12489 3.2
      vertex 24.1 2.07387 2.5
      vertex 23.9854 2.12489 2.5
    endloop
  endfacet
  facet normal 0.207906 0.978149 -0
    outer loop
      vertex 23.9854 2.12489 2.5
      vertex 23.8627 2.15097 3.2
      vertex 23.9854 2.12489 3.2
    endloop
  endfacet
  facet normal 0.207906 0.978149 0
    outer loop
      vertex 23.8627 2.15097 3.2
      vertex 23.9854 2.12489 2.5
      vertex 23.8627 2.15097 2.5
    endloop
  endfacet
  facet normal 0 1 -0
    outer loop
      vertex 23.8627 2.15097 2.5
      vertex 23.7373 2.15097 3.2
      vertex 23.8627 2.15097 3.2
    endloop
  endfacet
  facet normal 0 1 0
    outer loop
      vertex 23.7373 2.15097 3.2
      vertex 23.8627 2.15097 2.5
      vertex 23.7373 2.15097 2.5
    endloop
  endfacet
  facet normal -0.207906 0.978149 0
    outer loop
      vertex 23.7373 2.15097 2.5
      vertex 23.6146 2.12489 3.2
      vertex 23.7373 2.15097 3.2
    endloop
  endfacet
  facet normal -0.207906 0.978149 0
    outer loop
      vertex 23.6146 2.12489 3.2
      vertex 23.7373 2.15097 2.5
      vertex 23.6146 2.12489 2.5
    endloop
  endfacet
  facet normal -0.406715 0.913555 0
    outer loop
      vertex 23.6146 2.12489 2.5
      vertex 23.5 2.07387 3.2
      vertex 23.6146 2.12489 3.2
    endloop
  endfacet
  facet normal -0.406715 0.913555 0
    outer loop
      vertex 23.5 2.07387 3.2
      vertex 23.6146 2.12489 2.5
      vertex 23.5 2.07387 2.5
    endloop
  endfacet
  facet normal -0.587712 0.80907 0
    outer loop
      vertex 23.5 2.07387 2.5
      vertex 23.3985 2.00014 3.2
      vertex 23.5 2.07387 3.2
    endloop
  endfacet
  facet normal -0.587712 0.80907 0
    outer loop
      vertex 23.3985 2.00014 3.2
      vertex 23.5 2.07387 2.5
      vertex 23.3985 2.00014 2.5
    endloop
  endfacet
  facet normal -0.743286 0.668974 0
    outer loop
      vertex 23.3146 1.90692 2.5
      vertex 23.3985 2.00014 3.2
      vertex 23.3985 2.00014 2.5
    endloop
  endfacet
  facet normal -0.743286 0.668974 0
    outer loop
      vertex 23.3985 2.00014 3.2
      vertex 23.3146 1.90692 2.5
      vertex 23.3146 1.90692 3.2
    endloop
  endfacet
  facet normal -0.866086 0.499895 0
    outer loop
      vertex 23.2519 1.79829 2.5
      vertex 23.3146 1.90692 3.2
      vertex 23.3146 1.90692 2.5
    endloop
  endfacet
  facet normal -0.866086 0.499895 0
    outer loop
      vertex 23.3146 1.90692 3.2
      vertex 23.2519 1.79829 2.5
      vertex 23.2519 1.79829 3.2
    endloop
  endfacet
  facet normal -0.950962 0.309308 0
    outer loop
      vertex 23.2131 1.679 2.5
      vertex 23.2519 1.79829 3.2
      vertex 23.2519 1.79829 2.5
    endloop
  endfacet
  facet normal -0.950962 0.309308 0
    outer loop
      vertex 23.2519 1.79829 3.2
      vertex 23.2131 1.679 2.5
      vertex 23.2131 1.679 3.2
    endloop
  endfacet
  facet normal -0.994531 0.104444 0
    outer loop
      vertex 23.2 1.55426 2.5
      vertex 23.2131 1.679 3.2
      vertex 23.2131 1.679 2.5
    endloop
  endfacet
  facet normal -0.994531 0.104444 0
    outer loop
      vertex 23.2131 1.679 3.2
      vertex 23.2 1.55426 2.5
      vertex 23.2 1.55426 3.2
    endloop
  endfacet
  facet normal -1 0 0
    outer loop
      vertex 23.2 -1.55426 2.5
      vertex 23.2 1.55426 3.2
      vertex 23.2 1.55426 2.5
    endloop
  endfacet
  facet normal -1 -0 0
    outer loop
      vertex 23.2 1.55426 3.2
      vertex 23.2 -1.55426 2.5
      vertex 23.2 -1.55426 3.2
    endloop
  endfacet
  facet normal -0.994531 -0.104444 0
    outer loop
      vertex 23.2131 -1.679 2.5
      vertex 23.2 -1.55426 3.2
      vertex 23.2 -1.55426 2.5
    endloop
  endfacet
  facet normal -0.994531 -0.104444 0
    outer loop
      vertex 23.2 -1.55426 3.2
      vertex 23.2131 -1.679 2.5
      vertex 23.2131 -1.679 3.2
    endloop
  endfacet
  facet normal -0.950962 -0.309308 0
    outer loop
      vertex 23.2519 -1.79829 2.5
      vertex 23.2131 -1.679 3.2
      vertex 23.2131 -1.679 2.5
    endloop
  endfacet
  facet normal -0.950962 -0.309308 0
    outer loop
      vertex 23.2131 -1.679 3.2
      vertex 23.2519 -1.79829 2.5
      vertex 23.2519 -1.79829 3.2
    endloop
  endfacet
  facet normal -0.866086 -0.499895 0
    outer loop
      vertex 23.3146 -1.90692 2.5
      vertex 23.2519 -1.79829 3.2
      vertex 23.2519 -1.79829 2.5
    endloop
  endfacet
  facet normal -0.866086 -0.499895 0
    outer loop
      vertex 23.2519 -1.79829 3.2
      vertex 23.3146 -1.90692 2.5
      vertex 23.3146 -1.90692 3.2
    endloop
  endfacet
  facet normal -0.743286 -0.668974 0
    outer loop
      vertex 23.3985 -2.00014 2.5
      vertex 23.3146 -1.90692 3.2
      vertex 23.3146 -1.90692 2.5
    endloop
  endfacet
  facet normal -0.743286 -0.668974 0
    outer loop
      vertex 23.3146 -1.90692 3.2
      vertex 23.3985 -2.00014 2.5
      vertex 23.3985 -2.00014 3.2
    endloop
  endfacet
  facet normal -0.587712 -0.80907 0
    outer loop
      vertex 23.3985 -2.00014 2.5
      vertex 23.5 -2.07387 3.2
      vertex 23.3985 -2.00014 3.2
    endloop
  endfacet
  facet normal -0.587712 -0.80907 -0
    outer loop
      vertex 23.5 -2.07387 3.2
      vertex 23.3985 -2.00014 2.5
      vertex 23.5 -2.07387 2.5
    endloop
  endfacet
  facet normal -0.406715 -0.913555 0
    outer loop
      vertex 23.5 -2.07387 2.5
      vertex 23.6146 -2.12489 3.2
      vertex 23.5 -2.07387 3.2
    endloop
  endfacet
  facet normal -0.406715 -0.913555 -0
    outer loop
      vertex 23.6146 -2.12489 3.2
      vertex 23.5 -2.07387 2.5
      vertex 23.6146 -2.12489 2.5
    endloop
  endfacet
  facet normal -0.207906 -0.978149 0
    outer loop
      vertex 23.6146 -2.12489 2.5
      vertex 23.7373 -2.15097 3.2
      vertex 23.6146 -2.12489 3.2
    endloop
  endfacet
  facet normal -0.207906 -0.978149 -0
    outer loop
      vertex 23.7373 -2.15097 3.2
      vertex 23.6146 -2.12489 2.5
      vertex 23.7373 -2.15097 2.5
    endloop
  endfacet
  facet normal 0 -1 0
    outer loop
      vertex 23.7373 -2.15097 2.5
      vertex 23.8627 -2.15097 3.2
      vertex 23.7373 -2.15097 3.2
    endloop
  endfacet
  facet normal 0 -1 -0
    outer loop
      vertex 23.8627 -2.15097 3.2
      vertex 23.7373 -2.15097 2.5
      vertex 23.8627 -2.15097 2.5
    endloop
  endfacet
  facet normal 0.207906 -0.978149 0
    outer loop
      vertex 23.8627 -2.15097 2.5
      vertex 23.9854 -2.12489 3.2
      vertex 23.8627 -2.15097 3.2
    endloop
  endfacet
  facet normal 0.207906 -0.978149 0
    outer loop
      vertex 23.9854 -2.12489 3.2
      vertex 23.8627 -2.15097 2.5
      vertex 23.9854 -2.12489 2.5
    endloop
  endfacet
  facet normal 0.406782 -0.913525 0
    outer loop
      vertex -23.6146 -8.24776 2.5
      vertex -23.5 -8.19673 3.2
      vertex -23.6146 -8.24776 3.2
    endloop
  endfacet
  facet normal 0.406782 -0.913525 0
    outer loop
      vertex -23.5 -8.19673 3.2
      vertex -23.6146 -8.24776 2.5
      vertex -23.5 -8.19673 2.5
    endloop
  endfacet
  facet normal 0.587712 -0.80907 0
    outer loop
      vertex -23.5 -8.19673 2.5
      vertex -23.3985 -8.123 3.2
      vertex -23.5 -8.19673 3.2
    endloop
  endfacet
  facet normal 0.587712 -0.80907 0
    outer loop
      vertex -23.3985 -8.123 3.2
      vertex -23.5 -8.19673 2.5
      vertex -23.3985 -8.123 2.5
    endloop
  endfacet
  facet normal 0.743251 -0.669013 0
    outer loop
      vertex -23.3985 -8.123 3.2
      vertex -23.3146 -8.02979 2.5
      vertex -23.3146 -8.02979 3.2
    endloop
  endfacet
  facet normal 0.743251 -0.669013 0
    outer loop
      vertex -23.3146 -8.02979 2.5
      vertex -23.3985 -8.123 3.2
      vertex -23.3985 -8.123 2.5
    endloop
  endfacet
  facet normal 0.866086 -0.499895 0
    outer loop
      vertex -23.3146 -8.02979 3.2
      vertex -23.2519 -7.92116 2.5
      vertex -23.2519 -7.92116 3.2
    endloop
  endfacet
  facet normal 0.866086 -0.499895 0
    outer loop
      vertex -23.2519 -7.92116 2.5
      vertex -23.3146 -8.02979 3.2
      vertex -23.3146 -8.02979 2.5
    endloop
  endfacet
  facet normal 0.95097 -0.309284 0
    outer loop
      vertex -23.2519 -7.92116 3.2
      vertex -23.2131 -7.80186 2.5
      vertex -23.2131 -7.80186 3.2
    endloop
  endfacet
  facet normal 0.95097 -0.309284 0
    outer loop
      vertex -23.2131 -7.80186 2.5
      vertex -23.2519 -7.92116 3.2
      vertex -23.2519 -7.92116 2.5
    endloop
  endfacet
  facet normal 0.994531 -0.104444 0
    outer loop
      vertex -23.2131 -7.80186 3.2
      vertex -23.2 -7.67712 2.5
      vertex -23.2 -7.67712 3.2
    endloop
  endfacet
  facet normal 0.994531 -0.104444 0
    outer loop
      vertex -23.2 -7.67712 2.5
      vertex -23.2131 -7.80186 3.2
      vertex -23.2131 -7.80186 2.5
    endloop
  endfacet
  facet normal 1 -0 0
    outer loop
      vertex -23.2 -7.67712 3.2
      vertex -23.2 -4.56859 2.5
      vertex -23.2 -4.56859 3.2
    endloop
  endfacet
  facet normal 1 0 0
    outer loop
      vertex -23.2 -4.56859 2.5
      vertex -23.2 -7.67712 3.2
      vertex -23.2 -7.67712 2.5
    endloop
  endfacet
  facet normal 0.994531 0.104444 0
    outer loop
      vertex -23.2 -4.56859 3.2
      vertex -23.2131 -4.44385 2.5
      vertex -23.2131 -4.44385 3.2
    endloop
  endfacet
  facet normal 0.994531 0.104444 0
    outer loop
      vertex -23.2131 -4.44385 2.5
      vertex -23.2 -4.56859 3.2
      vertex -23.2 -4.56859 2.5
    endloop
  endfacet
  facet normal 0.95097 0.309284 0
    outer loop
      vertex -23.2131 -4.44385 3.2
      vertex -23.2519 -4.32455 2.5
      vertex -23.2519 -4.32455 3.2
    endloop
  endfacet
  facet normal 0.95097 0.309284 0
    outer loop
      vertex -23.2519 -4.32455 2.5
      vertex -23.2131 -4.44385 3.2
      vertex -23.2131 -4.44385 2.5
    endloop
  endfacet
  facet normal 0.866066 0.49993 0
    outer loop
      vertex -23.2519 -4.32455 3.2
      vertex -23.3146 -4.21593 2.5
      vertex -23.3146 -4.21593 3.2
    endloop
  endfacet
  facet normal 0.866066 0.49993 0
    outer loop
      vertex -23.3146 -4.21593 2.5
      vertex -23.2519 -4.32455 3.2
      vertex -23.2519 -4.32455 2.5
    endloop
  endfacet
  facet normal 0.743286 0.668974 0
    outer loop
      vertex -23.3146 -4.21593 3.2
      vertex -23.3985 -4.12271 2.5
      vertex -23.3985 -4.12271 3.2
    endloop
  endfacet
  facet normal 0.743286 0.668974 0
    outer loop
      vertex -23.3985 -4.12271 2.5
      vertex -23.3146 -4.21593 3.2
      vertex -23.3146 -4.21593 2.5
    endloop
  endfacet
  facet normal 0.587712 0.80907 -0
    outer loop
      vertex -23.3985 -4.12271 2.5
      vertex -23.5 -4.04898 3.2
      vertex -23.3985 -4.12271 3.2
    endloop
  endfacet
  facet normal 0.587712 0.80907 0
    outer loop
      vertex -23.5 -4.04898 3.2
      vertex -23.3985 -4.12271 2.5
      vertex -23.5 -4.04898 2.5
    endloop
  endfacet
  facet normal 0.406715 0.913555 -0
    outer loop
      vertex -23.5 -4.04898 2.5
      vertex -23.6146 -3.99796 3.2
      vertex -23.5 -4.04898 3.2
    endloop
  endfacet
  facet normal 0.406715 0.913555 0
    outer loop
      vertex -23.6146 -3.99796 3.2
      vertex -23.5 -4.04898 2.5
      vertex -23.6146 -3.99796 2.5
    endloop
  endfacet
  facet normal 0.207906 0.978149 -0
    outer loop
      vertex -23.6146 -3.99796 2.5
      vertex -23.7373 -3.97188 3.2
      vertex -23.6146 -3.99796 3.2
    endloop
  endfacet
  facet normal 0.207906 0.978149 0
    outer loop
      vertex -23.7373 -3.97188 3.2
      vertex -23.6146 -3.99796 2.5
      vertex -23.7373 -3.97188 2.5
    endloop
  endfacet
  facet normal 0 1 -0
    outer loop
      vertex -23.7373 -3.97188 2.5
      vertex -23.8627 -3.97188 3.2
      vertex -23.7373 -3.97188 3.2
    endloop
  endfacet
  facet normal 0 1 0
    outer loop
      vertex -23.8627 -3.97188 3.2
      vertex -23.7373 -3.97188 2.5
      vertex -23.8627 -3.97188 2.5
    endloop
  endfacet
  facet normal -0.207906 0.978149 0
    outer loop
      vertex -23.8627 -3.97188 2.5
      vertex -23.9854 -3.99796 3.2
      vertex -23.8627 -3.97188 3.2
    endloop
  endfacet
  facet normal -0.207906 0.978149 0
    outer loop
      vertex -23.9854 -3.99796 3.2
      vertex -23.8627 -3.97188 2.5
      vertex -23.9854 -3.99796 2.5
    endloop
  endfacet
  facet normal -0.406715 0.913555 0
    outer loop
      vertex -23.9854 -3.99796 2.5
      vertex -24.1 -4.04898 3.2
      vertex -23.9854 -3.99796 3.2
    endloop
  endfacet
  facet normal -0.406715 0.913555 0
    outer loop
      vertex -24.1 -4.04898 3.2
      vertex -23.9854 -3.99796 2.5
      vertex -24.1 -4.04898 2.5
    endloop
  endfacet
  facet normal -0.587712 0.80907 0
    outer loop
      vertex -24.1 -4.04898 2.5
      vertex -24.2015 -4.12271 3.2
      vertex -24.1 -4.04898 3.2
    endloop
  endfacet
  facet normal -0.587712 0.80907 0
    outer loop
      vertex -24.2015 -4.12271 3.2
      vertex -24.1 -4.04898 2.5
      vertex -24.2015 -4.12271 2.5
    endloop
  endfacet
  facet normal -0.743286 0.668974 0
    outer loop
      vertex -24.2854 -4.21593 2.5
      vertex -24.2015 -4.12271 3.2
      vertex -24.2015 -4.12271 2.5
    endloop
  endfacet
  facet normal -0.743286 0.668974 0
    outer loop
      vertex -24.2015 -4.12271 3.2
      vertex -24.2854 -4.21593 2.5
      vertex -24.2854 -4.21593 3.2
    endloop
  endfacet
  facet normal -0.866066 0.49993 0
    outer loop
      vertex -24.3481 -4.32455 2.5
      vertex -24.2854 -4.21593 3.2
      vertex -24.2854 -4.21593 2.5
    endloop
  endfacet
  facet normal -0.866066 0.49993 0
    outer loop
      vertex -24.2854 -4.21593 3.2
      vertex -24.3481 -4.32455 2.5
      vertex -24.3481 -4.32455 3.2
    endloop
  endfacet
  facet normal -0.95097 0.309284 0
    outer loop
      vertex -24.3869 -4.44385 2.5
      vertex -24.3481 -4.32455 3.2
      vertex -24.3481 -4.32455 2.5
    endloop
  endfacet
  facet normal -0.95097 0.309284 0
    outer loop
      vertex -24.3481 -4.32455 3.2
      vertex -24.3869 -4.44385 2.5
      vertex -24.3869 -4.44385 3.2
    endloop
  endfacet
  facet normal -0.994531 0.104444 0
    outer loop
      vertex -24.4 -4.56859 2.5
      vertex -24.3869 -4.44385 3.2
      vertex -24.3869 -4.44385 2.5
    endloop
  endfacet
  facet normal -0.994531 0.104444 0
    outer loop
      vertex -24.3869 -4.44385 3.2
      vertex -24.4 -4.56859 2.5
      vertex -24.4 -4.56859 3.2
    endloop
  endfacet
  facet normal -1 0 0
    outer loop
      vertex -24.4 -7.67712 2.5
      vertex -24.4 -4.56859 3.2
      vertex -24.4 -4.56859 2.5
    endloop
  endfacet
  facet normal -1 -0 0
    outer loop
      vertex -24.4 -4.56859 3.2
      vertex -24.4 -7.67712 2.5
      vertex -24.4 -7.67712 3.2
    endloop
  endfacet
  facet normal -0.994531 -0.104444 0
    outer loop
      vertex -24.3869 -7.80186 2.5
      vertex -24.4 -7.67712 3.2
      vertex -24.4 -7.67712 2.5
    endloop
  endfacet
  facet normal -0.994531 -0.104444 0
    outer loop
      vertex -24.4 -7.67712 3.2
      vertex -24.3869 -7.80186 2.5
      vertex -24.3869 -7.80186 3.2
    endloop
  endfacet
  facet normal -0.95097 -0.309284 0
    outer loop
      vertex -24.3481 -7.92116 2.5
      vertex -24.3869 -7.80186 3.2
      vertex -24.3869 -7.80186 2.5
    endloop
  endfacet
  facet normal -0.95097 -0.309284 0
    outer loop
      vertex -24.3869 -7.80186 3.2
      vertex -24.3481 -7.92116 2.5
      vertex -24.3481 -7.92116 3.2
    endloop
  endfacet
  facet normal -0.866086 -0.499895 0
    outer loop
      vertex -24.2854 -8.02979 2.5
      vertex -24.3481 -7.92116 3.2
      vertex -24.3481 -7.92116 2.5
    endloop
  endfacet
  facet normal -0.866086 -0.499895 0
    outer loop
      vertex -24.3481 -7.92116 3.2
      vertex -24.2854 -8.02979 2.5
      vertex -24.2854 -8.02979 3.2
    endloop
  endfacet
  facet normal -0.743251 -0.669013 0
    outer loop
      vertex -24.2015 -8.123 2.5
      vertex -24.2854 -8.02979 3.2
      vertex -24.2854 -8.02979 2.5
    endloop
  endfacet
  facet normal -0.743251 -0.669013 0
    outer loop
      vertex -24.2854 -8.02979 3.2
      vertex -24.2015 -8.123 2.5
      vertex -24.2015 -8.123 3.2
    endloop
  endfacet
  facet normal -0.587712 -0.80907 0
    outer loop
      vertex -24.2015 -8.123 2.5
      vertex -24.1 -8.19673 3.2
      vertex -24.2015 -8.123 3.2
    endloop
  endfacet
  facet normal -0.587712 -0.80907 -0
    outer loop
      vertex -24.1 -8.19673 3.2
      vertex -24.2015 -8.123 2.5
      vertex -24.1 -8.19673 2.5
    endloop
  endfacet
  facet normal -0.406782 -0.913525 0
    outer loop
      vertex -24.1 -8.19673 2.5
      vertex -23.9854 -8.24776 3.2
      vertex -24.1 -8.19673 3.2
    endloop
  endfacet
  facet normal -0.406782 -0.913525 -0
    outer loop
      vertex -23.9854 -8.24776 3.2
      vertex -24.1 -8.19673 2.5
      vertex -23.9854 -8.24776 2.5
    endloop
  endfacet
  facet normal -0.20783 -0.978165 0
    outer loop
      vertex -23.9854 -8.24776 2.5
      vertex -23.8627 -8.27383 3.2
      vertex -23.9854 -8.24776 3.2
    endloop
  endfacet
  facet normal -0.20783 -0.978165 -0
    outer loop
      vertex -23.8627 -8.27383 3.2
      vertex -23.9854 -8.24776 2.5
      vertex -23.8627 -8.27383 2.5
    endloop
  endfacet
  facet normal 0 -1 0
    outer loop
      vertex -23.8627 -8.27383 2.5
      vertex -23.7373 -8.27383 3.2
      vertex -23.8627 -8.27383 3.2
    endloop
  endfacet
  facet normal 0 -1 -0
    outer loop
      vertex -23.7373 -8.27383 3.2
      vertex -23.8627 -8.27383 2.5
      vertex -23.7373 -8.27383 2.5
    endloop
  endfacet
  facet normal 0.20783 -0.978165 0
    outer loop
      vertex -23.7373 -8.27383 2.5
      vertex -23.6146 -8.24776 3.2
      vertex -23.7373 -8.27383 3.2
    endloop
  endfacet
  facet normal 0.20783 -0.978165 0
    outer loop
      vertex -23.6146 -8.24776 3.2
      vertex -23.7373 -8.27383 2.5
      vertex -23.6146 -8.24776 2.5
    endloop
  endfacet
  facet normal 0.406782 -0.913525 0
    outer loop
      vertex 23.9854 -8.24776 2.5
      vertex 24.1 -8.19673 3.2
      vertex 23.9854 -8.24776 3.2
    endloop
  endfacet
  facet normal 0.406782 -0.913525 0
    outer loop
      vertex 24.1 -8.19673 3.2
      vertex 23.9854 -8.24776 2.5
      vertex 24.1 -8.19673 2.5
    endloop
  endfacet
  facet normal 0.587712 -0.80907 0
    outer loop
      vertex 24.1 -8.19673 2.5
      vertex 24.2015 -8.123 3.2
      vertex 24.1 -8.19673 3.2
    endloop
  endfacet
  facet normal 0.587712 -0.80907 0
    outer loop
      vertex 24.2015 -8.123 3.2
      vertex 24.1 -8.19673 2.5
      vertex 24.2015 -8.123 2.5
    endloop
  endfacet
  facet normal 0.743251 -0.669013 0
    outer loop
      vertex 24.2015 -8.123 3.2
      vertex 24.2854 -8.02979 2.5
      vertex 24.2854 -8.02979 3.2
    endloop
  endfacet
  facet normal 0.743251 -0.669013 0
    outer loop
      vertex 24.2854 -8.02979 2.5
      vertex 24.2015 -8.123 3.2
      vertex 24.2015 -8.123 2.5
    endloop
  endfacet
  facet normal 0.866086 -0.499895 0
    outer loop
      vertex 24.2854 -8.02979 3.2
      vertex 24.3481 -7.92116 2.5
      vertex 24.3481 -7.92116 3.2
    endloop
  endfacet
  facet normal 0.866086 -0.499895 0
    outer loop
      vertex 24.3481 -7.92116 2.5
      vertex 24.2854 -8.02979 3.2
      vertex 24.2854 -8.02979 2.5
    endloop
  endfacet
  facet normal 0.95097 -0.309284 0
    outer loop
      vertex 24.3481 -7.92116 3.2
      vertex 24.3869 -7.80186 2.5
      vertex 24.3869 -7.80186 3.2
    endloop
  endfacet
  facet normal 0.95097 -0.309284 0
    outer loop
      vertex 24.3869 -7.80186 2.5
      vertex 24.3481 -7.92116 3.2
      vertex 24.3481 -7.92116 2.5
    endloop
  endfacet
  facet normal 0.994531 -0.104444 0
    outer loop
      vertex 24.3869 -7.80186 3.2
      vertex 24.4 -7.67712 2.5
      vertex 24.4 -7.67712 3.2
    endloop
  endfacet
  facet normal 0.994531 -0.104444 0
    outer loop
      vertex 24.4 -7.67712 2.5
      vertex 24.3869 -7.80186 3.2
      vertex 24.3869 -7.80186 2.5
    endloop
  endfacet
  facet normal 1 -0 0
    outer loop
      vertex 24.4 -7.67712 3.2
      vertex 24.4 -4.56859 2.5
      vertex 24.4 -4.56859 3.2
    endloop
  endfacet
  facet normal 1 0 0
    outer loop
      vertex 24.4 -4.56859 2.5
      vertex 24.4 -7.67712 3.2
      vertex 24.4 -7.67712 2.5
    endloop
  endfacet
  facet normal 0.994531 0.104444 0
    outer loop
      vertex 24.4 -4.56859 3.2
      vertex 24.3869 -4.44385 2.5
      vertex 24.3869 -4.44385 3.2
    endloop
  endfacet
  facet normal 0.994531 0.104444 0
    outer loop
      vertex 24.3869 -4.44385 2.5
      vertex 24.4 -4.56859 3.2
      vertex 24.4 -4.56859 2.5
    endloop
  endfacet
  facet normal 0.95097 0.309284 0
    outer loop
      vertex 24.3869 -4.44385 3.2
      vertex 24.3481 -4.32455 2.5
      vertex 24.3481 -4.32455 3.2
    endloop
  endfacet
  facet normal 0.95097 0.309284 0
    outer loop
      vertex 24.3481 -4.32455 2.5
      vertex 24.3869 -4.44385 3.2
      vertex 24.3869 -4.44385 2.5
    endloop
  endfacet
  facet normal 0.866066 0.49993 0
    outer loop
      vertex 24.3481 -4.32455 3.2
      vertex 24.2854 -4.21593 2.5
      vertex 24.2854 -4.21593 3.2
    endloop
  endfacet
  facet normal 0.866066 0.49993 0
    outer loop
      vertex 24.2854 -4.21593 2.5
      vertex 24.3481 -4.32455 3.2
      vertex 24.3481 -4.32455 2.5
    endloop
  endfacet
  facet normal 0.743286 0.668974 0
    outer loop
      vertex 24.2854 -4.21593 3.2
      vertex 24.2015 -4.12271 2.5
      vertex 24.2015 -4.12271 3.2
    endloop
  endfacet
  facet normal 0.743286 0.668974 0
    outer loop
      vertex 24.2015 -4.12271 2.5
      vertex 24.2854 -4.21593 3.2
      vertex 24.2854 -4.21593 2.5
    endloop
  endfacet
  facet normal 0.587712 0.80907 -0
    outer loop
      vertex 24.2015 -4.12271 2.5
      vertex 24.1 -4.04898 3.2
      vertex 24.2015 -4.12271 3.2
    endloop
  endfacet
  facet normal 0.587712 0.80907 0
    outer loop
      vertex 24.1 -4.04898 3.2
      vertex 24.2015 -4.12271 2.5
      vertex 24.1 -4.04898 2.5
    endloop
  endfacet
  facet normal 0.406715 0.913555 -0
    outer loop
      vertex 24.1 -4.04898 2.5
      vertex 23.9854 -3.99796 3.2
      vertex 24.1 -4.04898 3.2
    endloop
  endfacet
  facet normal 0.406715 0.913555 0
    outer loop
      vertex 23.9854 -3.99796 3.2
      vertex 24.1 -4.04898 2.5
      vertex 23.9854 -3.99796 2.5
    endloop
  endfacet
  facet normal 0.207906 0.978149 -0
    outer loop
      vertex 23.9854 -3.99796 2.5
      vertex 23.8627 -3.97188 3.2
      vertex 23.9854 -3.99796 3.2
    endloop
  endfacet
  facet normal 0.207906 0.978149 0
    outer loop
      vertex 23.8627 -3.97188 3.2
      vertex 23.9854 -3.99796 2.5
      vertex 23.8627 -3.97188 2.5
    endloop
  endfacet
  facet normal 0 1 -0
    outer loop
      vertex 23.8627 -3.97188 2.5
      vertex 23.7373 -3.97188 3.2
      vertex 23.8627 -3.97188 3.2
    endloop
  endfacet
  facet normal 0 1 0
    outer loop
      vertex 23.7373 -3.97188 3.2
      vertex 23.8627 -3.97188 2.5
      vertex 23.7373 -3.97188 2.5
    endloop
  endfacet
  facet normal -0.207906 0.978149 0
    outer loop
      vertex 23.7373 -3.97188 2.5
      vertex 23.6146 -3.99796 3.2
      vertex 23.7373 -3.97188 3.2
    endloop
  endfacet
  facet normal -0.207906 0.978149 0
    outer loop
      vertex 23.6146 -3.99796 3.2
      vertex 23.7373 -3.97188 2.5
      vertex 23.6146 -3.99796 2.5
    endloop
  endfacet
  facet normal -0.406715 0.913555 0
    outer loop
      vertex 23.6146 -3.99796 2.5
      vertex 23.5 -4.04898 3.2
      vertex 23.6146 -3.99796 3.2
    endloop
  endfacet
  facet normal -0.406715 0.913555 0
    outer loop
      vertex 23.5 -4.04898 3.2
      vertex 23.6146 -3.99796 2.5
      vertex 23.5 -4.04898 2.5
    endloop
  endfacet
  facet normal -0.587712 0.80907 0
    outer loop
      vertex 23.5 -4.04898 2.5
      vertex 23.3985 -4.12271 3.2
      vertex 23.5 -4.04898 3.2
    endloop
  endfacet
  facet normal -0.587712 0.80907 0
    outer loop
      vertex 23.3985 -4.12271 3.2
      vertex 23.5 -4.04898 2.5
      vertex 23.3985 -4.12271 2.5
    endloop
  endfacet
  facet normal -0.743286 0.668974 0
    outer loop
      vertex 23.3146 -4.21593 2.5
      vertex 23.3985 -4.12271 3.2
      vertex 23.3985 -4.12271 2.5
    endloop
  endfacet
  facet normal -0.743286 0.668974 0
    outer loop
      vertex 23.3985 -4.12271 3.2
      vertex 23.3146 -4.21593 2.5
      vertex 23.3146 -4.21593 3.2
    endloop
  endfacet
  facet normal -0.866066 0.49993 0
    outer loop
      vertex 23.2519 -4.32455 2.5
      vertex 23.3146 -4.21593 3.2
      vertex 23.3146 -4.21593 2.5
    endloop
  endfacet
  facet normal -0.866066 0.49993 0
    outer loop
      vertex 23.3146 -4.21593 3.2
      vertex 23.2519 -4.32455 2.5
      vertex 23.2519 -4.32455 3.2
    endloop
  endfacet
  facet normal -0.95097 0.309284 0
    outer loop
      vertex 23.2131 -4.44385 2.5
      vertex 23.2519 -4.32455 3.2
      vertex 23.2519 -4.32455 2.5
    endloop
  endfacet
  facet normal -0.95097 0.309284 0
    outer loop
      vertex 23.2519 -4.32455 3.2
      vertex 23.2131 -4.44385 2.5
      vertex 23.2131 -4.44385 3.2
    endloop
  endfacet
  facet normal -0.994531 0.104444 0
    outer loop
      vertex 23.2 -4.56859 2.5
      vertex 23.2131 -4.44385 3.2
      vertex 23.2131 -4.44385 2.5
    endloop
  endfacet
  facet normal -0.994531 0.104444 0
    outer loop
      vertex 23.2131 -4.44385 3.2
      vertex 23.2 -4.56859 2.5
      vertex 23.2 -4.56859 3.2
    endloop
  endfacet
  facet normal -1 0 0
    outer loop
      vertex 23.2 -7.67712 2.5
      vertex 23.2 -4.56859 3.2
      vertex 23.2 -4.56859 2.5
    endloop
  endfacet
  facet normal -1 -0 0
    outer loop
      vertex 23.2 -4.56859 3.2
      vertex 23.2 -7.67712 2.5
      vertex 23.2 -7.67712 3.2
    endloop
  endfacet
  facet normal -0.994531 -0.104444 0
    outer loop
      vertex 23.2131 -7.80186 2.5
      vertex 23.2 -7.67712 3.2
      vertex 23.2 -7.67712 2.5
    endloop
  endfacet
  facet normal -0.994531 -0.104444 0
    outer loop
      vertex 23.2 -7.67712 3.2
      vertex 23.2131 -7.80186 2.5
      vertex 23.2131 -7.80186 3.2
    endloop
  endfacet
  facet normal -0.95097 -0.309284 0
    outer loop
      vertex 23.2519 -7.92116 2.5
      vertex 23.2131 -7.80186 3.2
      vertex 23.2131 -7.80186 2.5
    endloop
  endfacet
  facet normal -0.95097 -0.309284 0
    outer loop
      vertex 23.2131 -7.80186 3.2
      vertex 23.2519 -7.92116 2.5
      vertex 23.2519 -7.92116 3.2
    endloop
  endfacet
  facet normal -0.866086 -0.499895 0
    outer loop
      vertex 23.3146 -8.02979 2.5
      vertex 23.2519 -7.92116 3.2
      vertex 23.2519 -7.92116 2.5
    endloop
  endfacet
  facet normal -0.866086 -0.499895 0
    outer loop
      vertex 23.2519 -7.92116 3.2
      vertex 23.3146 -8.02979 2.5
      vertex 23.3146 -8.02979 3.2
    endloop
  endfacet
  facet normal -0.743251 -0.669013 0
    outer loop
      vertex 23.3985 -8.123 2.5
      vertex 23.3146 -8.02979 3.2
      vertex 23.3146 -8.02979 2.5
    endloop
  endfacet
  facet normal -0.743251 -0.669013 0
    outer loop
      vertex 23.3146 -8.02979 3.2
      vertex 23.3985 -8.123 2.5
      vertex 23.3985 -8.123 3.2
    endloop
  endfacet
  facet normal -0.587712 -0.80907 0
    outer loop
      vertex 23.3985 -8.123 2.5
      vertex 23.5 -8.19673 3.2
      vertex 23.3985 -8.123 3.2
    endloop
  endfacet
  facet normal -0.587712 -0.80907 -0
    outer loop
      vertex 23.5 -8.19673 3.2
      vertex 23.3985 -8.123 2.5
      vertex 23.5 -8.19673 2.5
    endloop
  endfacet
  facet normal -0.406782 -0.913525 0
    outer loop
      vertex 23.5 -8.19673 2.5
      vertex 23.6146 -8.24776 3.2
      vertex 23.5 -8.19673 3.2
    endloop
  endfacet
  facet normal -0.406782 -0.913525 -0
    outer loop
      vertex 23.6146 -8.24776 3.2
      vertex 23.5 -8.19673 2.5
      vertex 23.6146 -8.24776 2.5
    endloop
  endfacet
  facet normal -0.20783 -0.978165 0
    outer loop
      vertex 23.6146 -8.24776 2.5
      vertex 23.7373 -8.27383 3.2
      vertex 23.6146 -8.24776 3.2
    endloop
  endfacet
  facet normal -0.20783 -0.978165 -0
    outer loop
      vertex 23.7373 -8.27383 3.2
      vertex 23.6146 -8.24776 2.5
      vertex 23.7373 -8.27383 2.5
    endloop
  endfacet
  facet normal 0 -1 0
    outer loop
      vertex 23.7373 -8.27383 2.5
      vertex 23.8627 -8.27383 3.2
      vertex 23.7373 -8.27383 3.2
    endloop
  endfacet
  facet normal 0 -1 -0
    outer loop
      vertex 23.8627 -8.27383 3.2
      vertex 23.7373 -8.27383 2.5
      vertex 23.8627 -8.27383 2.5
    endloop
  endfacet
  facet normal 0.20783 -0.978165 0
    outer loop
      vertex 23.8627 -8.27383 2.5
      vertex 23.9854 -8.24776 3.2
      vertex 23.8627 -8.27383 3.2
    endloop
  endfacet
  facet normal 0.20783 -0.978165 0
    outer loop
      vertex 23.9854 -8.24776 3.2
      vertex 23.8627 -8.27383 2.5
      vertex 23.9854 -8.24776 2.5
    endloop
  endfacet
  facet normal 0.309284 -0.95097 0
    outer loop
      vertex -19.9618 -14.3869 2.5
      vertex -19.8425 -14.3481 3.2
      vertex -19.9618 -14.3869 3.2
    endloop
  endfacet
  facet normal 0.309284 -0.95097 0
    outer loop
      vertex -19.8425 -14.3481 3.2
      vertex -19.9618 -14.3869 2.5
      vertex -19.8425 -14.3481 2.5
    endloop
  endfacet
  facet normal 0.499999 -0.866026 0
    outer loop
      vertex -19.8425 -14.3481 2.5
      vertex -19.7339 -14.2854 3.2
      vertex -19.8425 -14.3481 3.2
    endloop
  endfacet
  facet normal 0.499999 -0.866026 0
    outer loop
      vertex -19.7339 -14.2854 3.2
      vertex -19.8425 -14.3481 2.5
      vertex -19.7339 -14.2854 2.5
    endloop
  endfacet
  facet normal 0.668656 -0.743571 0
    outer loop
      vertex -19.7339 -14.2854 2.5
      vertex -19.6406 -14.2015 3.2
      vertex -19.7339 -14.2854 3.2
    endloop
  endfacet
  facet normal 0.668656 -0.743571 0
    outer loop
      vertex -19.6406 -14.2015 3.2
      vertex -19.7339 -14.2854 2.5
      vertex -19.6406 -14.2015 2.5
    endloop
  endfacet
  facet normal 0.809184 -0.587555 0
    outer loop
      vertex -19.6406 -14.2015 3.2
      vertex -19.5669 -14.1 2.5
      vertex -19.5669 -14.1 3.2
    endloop
  endfacet
  facet normal 0.809184 -0.587555 0
    outer loop
      vertex -19.5669 -14.1 2.5
      vertex -19.6406 -14.2015 3.2
      vertex -19.6406 -14.2015 2.5
    endloop
  endfacet
  facet normal 0.913614 -0.406582 0
    outer loop
      vertex -19.5669 -14.1 3.2
      vertex -19.5159 -13.9854 2.5
      vertex -19.5159 -13.9854 3.2
    endloop
  endfacet
  facet normal 0.913614 -0.406582 0
    outer loop
      vertex -19.5159 -13.9854 2.5
      vertex -19.5669 -14.1 3.2
      vertex -19.5669 -14.1 2.5
    endloop
  endfacet
  facet normal 0.978116 -0.208059 0
    outer loop
      vertex -19.5159 -13.9854 3.2
      vertex -19.4898 -13.8627 2.5
      vertex -19.4898 -13.8627 3.2
    endloop
  endfacet
  facet normal 0.978116 -0.208059 0
    outer loop
      vertex -19.4898 -13.8627 2.5
      vertex -19.5159 -13.9854 3.2
      vertex -19.5159 -13.9854 2.5
    endloop
  endfacet
  facet normal 1 -0 0
    outer loop
      vertex -19.4898 -13.8627 3.2
      vertex -19.4898 -13.7373 2.5
      vertex -19.4898 -13.7373 3.2
    endloop
  endfacet
  facet normal 1 0 0
    outer loop
      vertex -19.4898 -13.7373 2.5
      vertex -19.4898 -13.8627 3.2
      vertex -19.4898 -13.8627 2.5
    endloop
  endfacet
  facet normal 0.978116 0.208059 0
    outer loop
      vertex -19.4898 -13.7373 3.2
      vertex -19.5159 -13.6146 2.5
      vertex -19.5159 -13.6146 3.2
    endloop
  endfacet
  facet normal 0.978116 0.208059 0
    outer loop
      vertex -19.5159 -13.6146 2.5
      vertex -19.4898 -13.7373 3.2
      vertex -19.4898 -13.7373 2.5
    endloop
  endfacet
  facet normal 0.913614 0.406582 0
    outer loop
      vertex -19.5159 -13.6146 3.2
      vertex -19.5669 -13.5 2.5
      vertex -19.5669 -13.5 3.2
    endloop
  endfacet
  facet normal 0.913614 0.406582 0
    outer loop
      vertex -19.5669 -13.5 2.5
      vertex -19.5159 -13.6146 3.2
      vertex -19.5159 -13.6146 2.5
    endloop
  endfacet
  facet normal 0.809184 0.587555 0
    outer loop
      vertex -19.5669 -13.5 3.2
      vertex -19.6406 -13.3985 2.5
      vertex -19.6406 -13.3985 3.2
    endloop
  endfacet
  facet normal 0.809184 0.587555 0
    outer loop
      vertex -19.6406 -13.3985 2.5
      vertex -19.5669 -13.5 3.2
      vertex -19.5669 -13.5 2.5
    endloop
  endfacet
  facet normal 0.668656 0.743571 -0
    outer loop
      vertex -19.6406 -13.3985 2.5
      vertex -19.7339 -13.3146 3.2
      vertex -19.6406 -13.3985 3.2
    endloop
  endfacet
  facet normal 0.668656 0.743571 0
    outer loop
      vertex -19.7339 -13.3146 3.2
      vertex -19.6406 -13.3985 2.5
      vertex -19.7339 -13.3146 2.5
    endloop
  endfacet
  facet normal 0.499999 0.866026 -0
    outer loop
      vertex -19.7339 -13.3146 2.5
      vertex -19.8425 -13.2519 3.2
      vertex -19.7339 -13.3146 3.2
    endloop
  endfacet
  facet normal 0.499999 0.866026 0
    outer loop
      vertex -19.8425 -13.2519 3.2
      vertex -19.7339 -13.3146 2.5
      vertex -19.8425 -13.2519 2.5
    endloop
  endfacet
  facet normal 0.309284 0.95097 -0
    outer loop
      vertex -19.8425 -13.2519 2.5
      vertex -19.9618 -13.2131 3.2
      vertex -19.8425 -13.2519 3.2
    endloop
  endfacet
  facet normal 0.309284 0.95097 0
    outer loop
      vertex -19.9618 -13.2131 3.2
      vertex -19.8425 -13.2519 2.5
      vertex -19.9618 -13.2131 2.5
    endloop
  endfacet
  facet normal 0.104477 0.994527 -0
    outer loop
      vertex -19.9618 -13.2131 2.5
      vertex -20.0865 -13.2 3.2
      vertex -19.9618 -13.2131 3.2
    endloop
  endfacet
  facet normal 0.104477 0.994527 0
    outer loop
      vertex -20.0865 -13.2 3.2
      vertex -19.9618 -13.2131 2.5
      vertex -20.0865 -13.2 2.5
    endloop
  endfacet
  facet normal 0 1 -0
    outer loop
      vertex -20.0865 -13.2 2.5
      vertex -21.5691 -13.2 3.2
      vertex -20.0865 -13.2 3.2
    endloop
  endfacet
  facet normal 0 1 0
    outer loop
      vertex -21.5691 -13.2 3.2
      vertex -20.0865 -13.2 2.5
      vertex -21.5691 -13.2 2.5
    endloop
  endfacet
  facet normal 1 -0 0
    outer loop
      vertex -23.2 -12.7585 3.2
      vertex -23.2 -10.6915 2.5
      vertex -23.2 -10.6915 3.2
    endloop
  endfacet
  facet normal 1 0 0
    outer loop
      vertex -23.2 -10.6915 2.5
      vertex -23.2 -12.7585 3.2
      vertex -23.2 -12.7585 2.5
    endloop
  endfacet
  facet normal 0.994536 0.104394 0
    outer loop
      vertex -23.2 -10.6915 3.2
      vertex -23.2131 -10.5667 2.5
      vertex -23.2131 -10.5667 3.2
    endloop
  endfacet
  facet normal 0.994536 0.104394 0
    outer loop
      vertex -23.2131 -10.5667 2.5
      vertex -23.2 -10.6915 3.2
      vertex -23.2 -10.6915 2.5
    endloop
  endfacet
  facet normal 0.95097 0.309284 0
    outer loop
      vertex -23.2131 -10.5667 3.2
      vertex -23.2519 -10.4474 2.5
      vertex -23.2519 -10.4474 3.2
    endloop
  endfacet
  facet normal 0.95097 0.309284 0
    outer loop
      vertex -23.2519 -10.4474 2.5
      vertex -23.2131 -10.5667 3.2
      vertex -23.2131 -10.5667 2.5
    endloop
  endfacet
  facet normal 0.866026 0.499999 0
    outer loop
      vertex -23.2519 -10.4474 3.2
      vertex -23.3146 -10.3388 2.5
      vertex -23.3146 -10.3388 3.2
    endloop
  endfacet
  facet normal 0.866026 0.499999 0
    outer loop
      vertex -23.3146 -10.3388 2.5
      vertex -23.2519 -10.4474 3.2
      vertex -23.2519 -10.4474 2.5
    endloop
  endfacet
  facet normal 0.743215 0.669053 0
    outer loop
      vertex -23.3146 -10.3388 3.2
      vertex -23.3985 -10.2456 2.5
      vertex -23.3985 -10.2456 3.2
    endloop
  endfacet
  facet normal 0.743215 0.669053 0
    outer loop
      vertex -23.3985 -10.2456 2.5
      vertex -23.3146 -10.3388 3.2
      vertex -23.3146 -10.3388 2.5
    endloop
  endfacet
  facet normal 0.587555 0.809184 -0
    outer loop
      vertex -23.3985 -10.2456 2.5
      vertex -23.5 -10.1719 3.2
      vertex -23.3985 -10.2456 3.2
    endloop
  endfacet
  facet normal 0.587555 0.809184 0
    outer loop
      vertex -23.5 -10.1719 3.2
      vertex -23.3985 -10.2456 2.5
      vertex -23.5 -10.1719 2.5
    endloop
  endfacet
  facet normal 0.407247 0.913318 -0
    outer loop
      vertex -23.5 -10.1719 2.5
      vertex -23.6146 -10.1208 3.2
      vertex -23.5 -10.1719 3.2
    endloop
  endfacet
  facet normal 0.407247 0.913318 0
    outer loop
      vertex -23.6146 -10.1208 3.2
      vertex -23.5 -10.1719 2.5
      vertex -23.6146 -10.1208 2.5
    endloop
  endfacet
  facet normal 0.207296 0.978278 -0
    outer loop
      vertex -23.6146 -10.1208 2.5
      vertex -23.7373 -10.0948 3.2
      vertex -23.6146 -10.1208 3.2
    endloop
  endfacet
  facet normal 0.207296 0.978278 0
    outer loop
      vertex -23.7373 -10.0948 3.2
      vertex -23.6146 -10.1208 2.5
      vertex -23.7373 -10.0948 2.5
    endloop
  endfacet
  facet normal 0 1 -0
    outer loop
      vertex -23.7373 -10.0948 2.5
      vertex -23.8627 -10.0948 3.2
      vertex -23.7373 -10.0948 3.2
    endloop
  endfacet
  facet normal 0 1 0
    outer loop
      vertex -23.8627 -10.0948 3.2
      vertex -23.7373 -10.0948 2.5
      vertex -23.8627 -10.0948 2.5
    endloop
  endfacet
  facet normal -0.207296 0.978278 0
    outer loop
      vertex -23.8627 -10.0948 2.5
      vertex -23.9854 -10.1208 3.2
      vertex -23.8627 -10.0948 3.2
    endloop
  endfacet
  facet normal -0.207296 0.978278 0
    outer loop
      vertex -23.9854 -10.1208 3.2
      vertex -23.8627 -10.0948 2.5
      vertex -23.9854 -10.1208 2.5
    endloop
  endfacet
  facet normal -0.407247 0.913318 0
    outer loop
      vertex -23.9854 -10.1208 2.5
      vertex -24.1 -10.1719 3.2
      vertex -23.9854 -10.1208 3.2
    endloop
  endfacet
  facet normal -0.407247 0.913318 0
    outer loop
      vertex -24.1 -10.1719 3.2
      vertex -23.9854 -10.1208 2.5
      vertex -24.1 -10.1719 2.5
    endloop
  endfacet
  facet normal -0.587555 0.809184 0
    outer loop
      vertex -24.1 -10.1719 2.5
      vertex -24.2015 -10.2456 3.2
      vertex -24.1 -10.1719 3.2
    endloop
  endfacet
  facet normal -0.587555 0.809184 0
    outer loop
      vertex -24.2015 -10.2456 3.2
      vertex -24.1 -10.1719 2.5
      vertex -24.2015 -10.2456 2.5
    endloop
  endfacet
  facet normal -0.743215 0.669053 0
    outer loop
      vertex -24.2854 -10.3388 2.5
      vertex -24.2015 -10.2456 3.2
      vertex -24.2015 -10.2456 2.5
    endloop
  endfacet
  facet normal -0.743215 0.669053 0
    outer loop
      vertex -24.2015 -10.2456 3.2
      vertex -24.2854 -10.3388 2.5
      vertex -24.2854 -10.3388 3.2
    endloop
  endfacet
  facet normal -0.866026 0.499999 0
    outer loop
      vertex -24.3481 -10.4474 2.5
      vertex -24.2854 -10.3388 3.2
      vertex -24.2854 -10.3388 2.5
    endloop
  endfacet
  facet normal -0.866026 0.499999 0
    outer loop
      vertex -24.2854 -10.3388 3.2
      vertex -24.3481 -10.4474 2.5
      vertex -24.3481 -10.4474 3.2
    endloop
  endfacet
  facet normal -0.95097 0.309284 0
    outer loop
      vertex -24.3869 -10.5667 2.5
      vertex -24.3481 -10.4474 3.2
      vertex -24.3481 -10.4474 2.5
    endloop
  endfacet
  facet normal -0.95097 0.309284 0
    outer loop
      vertex -24.3481 -10.4474 3.2
      vertex -24.3869 -10.5667 2.5
      vertex -24.3869 -10.5667 3.2
    endloop
  endfacet
  facet normal -0.994536 0.104394 0
    outer loop
      vertex -24.4 -10.6915 2.5
      vertex -24.3869 -10.5667 3.2
      vertex -24.3869 -10.5667 2.5
    endloop
  endfacet
  facet normal -0.994536 0.104394 0
    outer loop
      vertex -24.3869 -10.5667 3.2
      vertex -24.4 -10.6915 2.5
      vertex -24.4 -10.6915 3.2
    endloop
  endfacet
  facet normal -1 0 0
    outer loop
      vertex -24.4 -13.8 2.5
      vertex -24.4 -10.6915 3.2
      vertex -24.4 -10.6915 2.5
    endloop
  endfacet
  facet normal -1 -0 0
    outer loop
      vertex -24.4 -10.6915 3.2
      vertex -24.4 -13.8 2.5
      vertex -24.4 -13.8 3.2
    endloop
  endfacet
  facet normal -0.980581 -0.196116 0
    outer loop
      vertex -24.3999 -13.8005 2.5
      vertex -24.4 -13.8 3.2
      vertex -24.4 -13.8 2.5
    endloop
  endfacet
  facet normal -0.980581 -0.196116 0
    outer loop
      vertex -24.4 -13.8 3.2
      vertex -24.3999 -13.8005 2.5
      vertex -24.3999 -13.8005 3.2
    endloop
  endfacet
  facet normal -1 0 0
    outer loop
      vertex -24.3967 -13.8627 2.5
      vertex -24.3967 -13.8318 3.2
      vertex -24.3967 -13.8318 2.5
    endloop
  endfacet
  facet normal -1 -0 0
    outer loop
      vertex -24.3967 -13.8318 3.2
      vertex -24.3967 -13.8627 2.5
      vertex -24.3967 -13.8627 3.2
    endloop
  endfacet
  facet normal -0.978449 -0.206491 0
    outer loop
      vertex -24.3902 -13.8935 2.5
      vertex -24.3967 -13.8627 3.2
      vertex -24.3967 -13.8627 2.5
    endloop
  endfacet
  facet normal -0.978449 -0.206491 0
    outer loop
      vertex -24.3967 -13.8627 3.2
      vertex -24.3902 -13.8935 2.5
      vertex -24.3902 -13.8935 3.2
    endloop
  endfacet
  facet normal -0.994453 -0.105183 0
    outer loop
      vertex -24.3869 -13.9247 2.5
      vertex -24.3902 -13.8935 3.2
      vertex -24.3902 -13.8935 2.5
    endloop
  endfacet
  facet normal -0.994453 -0.105183 0
    outer loop
      vertex -24.3902 -13.8935 3.2
      vertex -24.3869 -13.9247 2.5
      vertex -24.3869 -13.9247 3.2
    endloop
  endfacet
  facet normal -0.928477 -0.371391 0
    outer loop
      vertex -24.3867 -13.9252 2.5
      vertex -24.3869 -13.9247 3.2
      vertex -24.3869 -13.9247 2.5
    endloop
  endfacet
  facet normal -0.928477 -0.371391 0
    outer loop
      vertex -24.3869 -13.9247 3.2
      vertex -24.3867 -13.9252 2.5
      vertex -24.3867 -13.9252 3.2
    endloop
  endfacet
  facet normal 0 0 0
    outer loop
      vertex -23.8 -14.4 3.2
      vertex -23.2 -14.4 3.2
      vertex -20.0865 -14.4 3.2
    endloop
  endfacet
  facet normal 0 -1 0
    outer loop
      vertex -23.2 -14.4 2.5
      vertex -20.0865 -14.4 3.2
      vertex -23.2 -14.4 3.2
    endloop
  endfacet
  facet normal 0 -1 0
    outer loop
      vertex -23.2 -14.4 2.5
      vertex -20.0865 -14.4 2.5
      vertex -20.0865 -14.4 3.2
    endloop
  endfacet
  facet normal 0 0 0
    outer loop
      vertex -20.0865 -14.4 2.5
      vertex -23.2 -14.4 2.5
      vertex -23.8 -14.4 2.5
    endloop
  endfacet
  facet normal 0.104477 -0.994527 0
    outer loop
      vertex -20.0865 -14.4 2.5
      vertex -19.9618 -14.3869 3.2
      vertex -20.0865 -14.4 3.2
    endloop
  endfacet
  facet normal 0.104477 -0.994527 0
    outer loop
      vertex -19.9618 -14.3869 3.2
      vertex -20.0865 -14.4 2.5
      vertex -19.9618 -14.3869 2.5
    endloop
  endfacet
  facet normal 0 -1 0
    outer loop
      vertex 23.8621 -14.3967 2.5
      vertex 23.8627 -14.3967 3.2
      vertex 23.8621 -14.3967 3.2
    endloop
  endfacet
  facet normal 0 -1 -0
    outer loop
      vertex 23.8627 -14.3967 3.2
      vertex 23.8621 -14.3967 2.5
      vertex 23.8627 -14.3967 2.5
    endloop
  endfacet
  facet normal 0.206491 -0.978449 0
    outer loop
      vertex 23.8627 -14.3967 2.5
      vertex 23.8935 -14.3902 3.2
      vertex 23.8627 -14.3967 3.2
    endloop
  endfacet
  facet normal 0.206491 -0.978449 0
    outer loop
      vertex 23.8935 -14.3902 3.2
      vertex 23.8627 -14.3967 2.5
      vertex 23.8935 -14.3902 2.5
    endloop
  endfacet
  facet normal 0.105183 -0.994453 0
    outer loop
      vertex 23.8935 -14.3902 2.5
      vertex 23.9247 -14.3869 3.2
      vertex 23.8935 -14.3902 3.2
    endloop
  endfacet
  facet normal 0.105183 -0.994453 0
    outer loop
      vertex 23.9247 -14.3869 3.2
      vertex 23.8935 -14.3902 2.5
      vertex 23.9247 -14.3869 2.5
    endloop
  endfacet
  facet normal 0.30945 -0.950916 0
    outer loop
      vertex 23.9247 -14.3869 2.5
      vertex 23.9542 -14.3773 3.2
      vertex 23.9247 -14.3869 3.2
    endloop
  endfacet
  facet normal 0.30945 -0.950916 0
    outer loop
      vertex 23.9542 -14.3773 3.2
      vertex 23.9247 -14.3869 2.5
      vertex 23.9542 -14.3773 2.5
    endloop
  endfacet
  facet normal 0.164399 -0.986394 0
    outer loop
      vertex 23.9848 -14.3707 2.5
      vertex 23.9854 -14.3706 3.2
      vertex 23.9848 -14.3707 3.2
    endloop
  endfacet
  facet normal 0.164399 -0.986394 0
    outer loop
      vertex 23.9854 -14.3706 3.2
      vertex 23.9848 -14.3707 2.5
      vertex 23.9854 -14.3706 2.5
    endloop
  endfacet
  facet normal 0.407319 -0.913286 0
    outer loop
      vertex 23.9854 -14.3706 2.5
      vertex 24.0141 -14.3578 3.2
      vertex 23.9854 -14.3706 3.2
    endloop
  endfacet
  facet normal 0.407319 -0.913286 0
    outer loop
      vertex 24.0141 -14.3578 3.2
      vertex 23.9854 -14.3706 2.5
      vertex 24.0141 -14.3578 2.5
    endloop
  endfacet
  facet normal 0.308582 -0.951198 0
    outer loop
      vertex 24.0141 -14.3578 2.5
      vertex 24.044 -14.3481 3.2
      vertex 24.0141 -14.3578 3.2
    endloop
  endfacet
  facet normal 0.308582 -0.951198 0
    outer loop
      vertex 24.044 -14.3481 3.2
      vertex 24.0141 -14.3578 2.5
      vertex 24.044 -14.3481 2.5
    endloop
  endfacet
  facet normal 0.499258 -0.866454 0
    outer loop
      vertex 24.044 -14.3481 2.5
      vertex 24.0709 -14.3326 3.2
      vertex 24.044 -14.3481 3.2
    endloop
  endfacet
  facet normal 0.499258 -0.866454 0
    outer loop
      vertex 24.0709 -14.3326 3.2
      vertex 24.044 -14.3481 2.5
      vertex 24.0709 -14.3326 2.5
    endloop
  endfacet
  facet normal 0.316228 -0.948683 0
    outer loop
      vertex 24.0994 -14.3198 2.5
      vertex 24.1 -14.3196 3.2
      vertex 24.0994 -14.3198 3.2
    endloop
  endfacet
  facet normal 0.316228 -0.948683 0
    outer loop
      vertex 24.1 -14.3196 3.2
      vertex 24.0994 -14.3198 2.5
      vertex 24.1 -14.3196 2.5
    endloop
  endfacet
  facet normal 0.588739 -0.808323 0
    outer loop
      vertex 24.1 -14.3196 2.5
      vertex 24.1254 -14.3011 3.2
      vertex 24.1 -14.3196 3.2
    endloop
  endfacet
  facet normal 0.588739 -0.808323 0
    outer loop
      vertex 24.1254 -14.3011 3.2
      vertex 24.1 -14.3196 2.5
      vertex 24.1254 -14.3011 2.5
    endloop
  endfacet
  facet normal 0.499906 -0.86608 0
    outer loop
      vertex 24.1254 -14.3011 2.5
      vertex 24.1526 -14.2854 3.2
      vertex 24.1254 -14.3011 3.2
    endloop
  endfacet
  facet normal 0.499906 -0.86608 0
    outer loop
      vertex 24.1526 -14.2854 3.2
      vertex 24.1254 -14.3011 2.5
      vertex 24.1526 -14.2854 2.5
    endloop
  endfacet
  facet normal 0.668965 -0.743294 0
    outer loop
      vertex 24.1526 -14.2854 2.5
      vertex 24.1756 -14.2647 3.2
      vertex 24.1526 -14.2854 3.2
    endloop
  endfacet
  facet normal 0.668965 -0.743294 0
    outer loop
      vertex 24.1756 -14.2647 3.2
      vertex 24.1526 -14.2854 2.5
      vertex 24.1756 -14.2647 2.5
    endloop
  endfacet
  facet normal 0.514496 -0.857493 0
    outer loop
      vertex 24.201 -14.2462 2.5
      vertex 24.2015 -14.2459 3.2
      vertex 24.201 -14.2462 3.2
    endloop
  endfacet
  facet normal 0.514496 -0.857493 0
    outer loop
      vertex 24.2015 -14.2459 3.2
      vertex 24.201 -14.2462 2.5
      vertex 24.2015 -14.2459 2.5
    endloop
  endfacet
  facet normal 0.744242 -0.66791 0
    outer loop
      vertex 24.2015 -14.2459 3.2
      vertex 24.2225 -14.2225 2.5
      vertex 24.2225 -14.2225 3.2
    endloop
  endfacet
  facet normal 0.744242 -0.66791 0
    outer loop
      vertex 24.2225 -14.2225 2.5
      vertex 24.2015 -14.2459 3.2
      vertex 24.2015 -14.2459 2.5
    endloop
  endfacet
  facet normal 0.66791 -0.744242 0
    outer loop
      vertex 24.2225 -14.2225 2.5
      vertex 24.2459 -14.2015 3.2
      vertex 24.2225 -14.2225 3.2
    endloop
  endfacet
  facet normal 0.66791 -0.744242 0
    outer loop
      vertex 24.2459 -14.2015 3.2
      vertex 24.2225 -14.2225 2.5
      vertex 24.2459 -14.2015 2.5
    endloop
  endfacet
  facet normal 0.809572 -0.58702 0
    outer loop
      vertex 24.2459 -14.2015 3.2
      vertex 24.2641 -14.1764 2.5
      vertex 24.2641 -14.1764 3.2
    endloop
  endfacet
  facet normal 0.809572 -0.58702 0
    outer loop
      vertex 24.2641 -14.1764 2.5
      vertex 24.2459 -14.2015 3.2
      vertex 24.2459 -14.2015 2.5
    endloop
  endfacet
  facet normal 0.780869 -0.624695 0
    outer loop
      vertex 24.285 -14.1531 3.2
      vertex 24.2854 -14.1526 2.5
      vertex 24.2854 -14.1526 3.2
    endloop
  endfacet
  facet normal 0.780869 -0.624695 0
    outer loop
      vertex 24.2854 -14.1526 2.5
      vertex 24.285 -14.1531 3.2
      vertex 24.285 -14.1531 2.5
    endloop
  endfacet
  facet normal 0.86608 -0.499906 0
    outer loop
      vertex 24.2854 -14.1526 3.2
      vertex 24.3011 -14.1254 2.5
      vertex 24.3011 -14.1254 3.2
    endloop
  endfacet
  facet normal 0.86608 -0.499906 0
    outer loop
      vertex 24.3011 -14.1254 2.5
      vertex 24.2854 -14.1526 3.2
      vertex 24.2854 -14.1526 2.5
    endloop
  endfacet
  facet normal 0.808323 -0.588739 0
    outer loop
      vertex 24.3011 -14.1254 3.2
      vertex 24.3196 -14.1 2.5
      vertex 24.3196 -14.1 3.2
    endloop
  endfacet
  facet normal 0.808323 -0.588739 0
    outer loop
      vertex 24.3196 -14.1 2.5
      vertex 24.3011 -14.1254 3.2
      vertex 24.3011 -14.1254 2.5
    endloop
  endfacet
  facet normal 0.913545 -0.406737 0
    outer loop
      vertex 24.3196 -14.1 3.2
      vertex 24.3322 -14.0717 2.5
      vertex 24.3322 -14.0717 3.2
    endloop
  endfacet
  facet normal 0.913545 -0.406737 0
    outer loop
      vertex 24.3322 -14.0717 2.5
      vertex 24.3196 -14.1 3.2
      vertex 24.3196 -14.1 2.5
    endloop
  endfacet
  facet normal 0.857493 -0.514496 0
    outer loop
      vertex 24.3478 -14.0445 3.2
      vertex 24.3481 -14.044 2.5
      vertex 24.3481 -14.044 3.2
    endloop
  endfacet
  facet normal 0.857493 -0.514496 0
    outer loop
      vertex 24.3481 -14.044 2.5
      vertex 24.3478 -14.0445 3.2
      vertex 24.3478 -14.0445 2.5
    endloop
  endfacet
  facet normal 0.951198 -0.308582 0
    outer loop
      vertex 24.3481 -14.044 3.2
      vertex 24.3578 -14.0141 2.5
      vertex 24.3578 -14.0141 3.2
    endloop
  endfacet
  facet normal 0.951198 -0.308582 0
    outer loop
      vertex 24.3578 -14.0141 2.5
      vertex 24.3481 -14.044 3.2
      vertex 24.3481 -14.044 2.5
    endloop
  endfacet
  facet normal 0.913286 -0.407319 0
    outer loop
      vertex 24.3578 -14.0141 3.2
      vertex 24.3706 -13.9854 2.5
      vertex 24.3706 -13.9854 3.2
    endloop
  endfacet
  facet normal 0.913286 -0.407319 0
    outer loop
      vertex 24.3706 -13.9854 2.5
      vertex 24.3578 -14.0141 3.2
      vertex 24.3578 -14.0141 2.5
    endloop
  endfacet
  facet normal 0.977755 -0.209749 0
    outer loop
      vertex 24.3706 -13.9854 3.2
      vertex 24.3771 -13.9551 2.5
      vertex 24.3771 -13.9551 3.2
    endloop
  endfacet
  facet normal 0.977755 -0.209749 0
    outer loop
      vertex 24.3771 -13.9551 2.5
      vertex 24.3706 -13.9854 3.2
      vertex 24.3706 -13.9854 2.5
    endloop
  endfacet
  facet normal 0.928477 -0.371391 0
    outer loop
      vertex 24.3867 -13.9252 3.2
      vertex 24.3869 -13.9247 2.5
      vertex 24.3869 -13.9247 3.2
    endloop
  endfacet
  facet normal 0.928477 -0.371391 0
    outer loop
      vertex 24.3869 -13.9247 2.5
      vertex 24.3867 -13.9252 3.2
      vertex 24.3867 -13.9252 2.5
    endloop
  endfacet
  facet normal 0.994453 -0.105183 0
    outer loop
      vertex 24.3869 -13.9247 3.2
      vertex 24.3902 -13.8935 2.5
      vertex 24.3902 -13.8935 3.2
    endloop
  endfacet
  facet normal 0.994453 -0.105183 0
    outer loop
      vertex 24.3902 -13.8935 2.5
      vertex 24.3869 -13.9247 3.2
      vertex 24.3869 -13.9247 2.5
    endloop
  endfacet
  facet normal 0.978449 -0.206491 0
    outer loop
      vertex 24.3902 -13.8935 3.2
      vertex 24.3967 -13.8627 2.5
      vertex 24.3967 -13.8627 3.2
    endloop
  endfacet
  facet normal 0.978449 -0.206491 0
    outer loop
      vertex 24.3967 -13.8627 2.5
      vertex 24.3902 -13.8935 3.2
      vertex 24.3902 -13.8935 2.5
    endloop
  endfacet
  facet normal 1 -0 0
    outer loop
      vertex 24.3967 -13.8627 3.2
      vertex 24.3967 -13.8318 2.5
      vertex 24.3967 -13.8318 3.2
    endloop
  endfacet
  facet normal 1 0 0
    outer loop
      vertex 24.3967 -13.8318 2.5
      vertex 24.3967 -13.8627 3.2
      vertex 24.3967 -13.8627 2.5
    endloop
  endfacet
  facet normal 0.980581 -0.196116 0
    outer loop
      vertex 24.3999 -13.8005 3.2
      vertex 24.4 -13.8 2.5
      vertex 24.4 -13.8 3.2
    endloop
  endfacet
  facet normal 0.980581 -0.196116 0
    outer loop
      vertex 24.4 -13.8 2.5
      vertex 24.3999 -13.8005 3.2
      vertex 24.3999 -13.8005 2.5
    endloop
  endfacet
  facet normal 1 -0 0
    outer loop
      vertex 24.4 -13.8 3.2
      vertex 24.4 -10.6915 2.5
      vertex 24.4 -10.6915 3.2
    endloop
  endfacet
  facet normal 1 0 0
    outer loop
      vertex 24.4 -10.6915 2.5
      vertex 24.4 -13.8 3.2
      vertex 24.4 -13.8 2.5
    endloop
  endfacet
  facet normal 0.994536 0.104394 0
    outer loop
      vertex 24.4 -10.6915 3.2
      vertex 24.3869 -10.5667 2.5
      vertex 24.3869 -10.5667 3.2
    endloop
  endfacet
  facet normal 0.994536 0.104394 0
    outer loop
      vertex 24.3869 -10.5667 2.5
      vertex 24.4 -10.6915 3.2
      vertex 24.4 -10.6915 2.5
    endloop
  endfacet
  facet normal 0.95097 0.309284 0
    outer loop
      vertex 24.3869 -10.5667 3.2
      vertex 24.3481 -10.4474 2.5
      vertex 24.3481 -10.4474 3.2
    endloop
  endfacet
  facet normal 0.95097 0.309284 0
    outer loop
      vertex 24.3481 -10.4474 2.5
      vertex 24.3869 -10.5667 3.2
      vertex 24.3869 -10.5667 2.5
    endloop
  endfacet
  facet normal 0.866026 0.499999 0
    outer loop
      vertex 24.3481 -10.4474 3.2
      vertex 24.2854 -10.3388 2.5
      vertex 24.2854 -10.3388 3.2
    endloop
  endfacet
  facet normal 0.866026 0.499999 0
    outer loop
      vertex 24.2854 -10.3388 2.5
      vertex 24.3481 -10.4474 3.2
      vertex 24.3481 -10.4474 2.5
    endloop
  endfacet
  facet normal 0.743215 0.669053 0
    outer loop
      vertex 24.2854 -10.3388 3.2
      vertex 24.2015 -10.2456 2.5
      vertex 24.2015 -10.2456 3.2
    endloop
  endfacet
  facet normal 0.743215 0.669053 0
    outer loop
      vertex 24.2015 -10.2456 2.5
      vertex 24.2854 -10.3388 3.2
      vertex 24.2854 -10.3388 2.5
    endloop
  endfacet
  facet normal 0.587555 0.809184 -0
    outer loop
      vertex 24.2015 -10.2456 2.5
      vertex 24.1 -10.1719 3.2
      vertex 24.2015 -10.2456 3.2
    endloop
  endfacet
  facet normal 0.587555 0.809184 0
    outer loop
      vertex 24.1 -10.1719 3.2
      vertex 24.2015 -10.2456 2.5
      vertex 24.1 -10.1719 2.5
    endloop
  endfacet
  facet normal 0.407247 0.913318 -0
    outer loop
      vertex 24.1 -10.1719 2.5
      vertex 23.9854 -10.1208 3.2
      vertex 24.1 -10.1719 3.2
    endloop
  endfacet
  facet normal 0.407247 0.913318 0
    outer loop
      vertex 23.9854 -10.1208 3.2
      vertex 24.1 -10.1719 2.5
      vertex 23.9854 -10.1208 2.5
    endloop
  endfacet
  facet normal 0.207296 0.978278 -0
    outer loop
      vertex 23.9854 -10.1208 2.5
      vertex 23.8627 -10.0948 3.2
      vertex 23.9854 -10.1208 3.2
    endloop
  endfacet
  facet normal 0.207296 0.978278 0
    outer loop
      vertex 23.8627 -10.0948 3.2
      vertex 23.9854 -10.1208 2.5
      vertex 23.8627 -10.0948 2.5
    endloop
  endfacet
  facet normal 0 1 -0
    outer loop
      vertex 23.8627 -10.0948 2.5
      vertex 23.7373 -10.0948 3.2
      vertex 23.8627 -10.0948 3.2
    endloop
  endfacet
  facet normal 0 1 0
    outer loop
      vertex 23.7373 -10.0948 3.2
      vertex 23.8627 -10.0948 2.5
      vertex 23.7373 -10.0948 2.5
    endloop
  endfacet
  facet normal -0.207296 0.978278 0
    outer loop
      vertex 23.7373 -10.0948 2.5
      vertex 23.6146 -10.1208 3.2
      vertex 23.7373 -10.0948 3.2
    endloop
  endfacet
  facet normal -0.207296 0.978278 0
    outer loop
      vertex 23.6146 -10.1208 3.2
      vertex 23.7373 -10.0948 2.5
      vertex 23.6146 -10.1208 2.5
    endloop
  endfacet
  facet normal -0.407247 0.913318 0
    outer loop
      vertex 23.6146 -10.1208 2.5
      vertex 23.5 -10.1719 3.2
      vertex 23.6146 -10.1208 3.2
    endloop
  endfacet
  facet normal -0.407247 0.913318 0
    outer loop
      vertex 23.5 -10.1719 3.2
      vertex 23.6146 -10.1208 2.5
      vertex 23.5 -10.1719 2.5
    endloop
  endfacet
  facet normal -0.587555 0.809184 0
    outer loop
      vertex 23.5 -10.1719 2.5
      vertex 23.3985 -10.2456 3.2
      vertex 23.5 -10.1719 3.2
    endloop
  endfacet
  facet normal -0.587555 0.809184 0
    outer loop
      vertex 23.3985 -10.2456 3.2
      vertex 23.5 -10.1719 2.5
      vertex 23.3985 -10.2456 2.5
    endloop
  endfacet
  facet normal -0.743215 0.669053 0
    outer loop
      vertex 23.3146 -10.3388 2.5
      vertex 23.3985 -10.2456 3.2
      vertex 23.3985 -10.2456 2.5
    endloop
  endfacet
  facet normal -0.743215 0.669053 0
    outer loop
      vertex 23.3985 -10.2456 3.2
      vertex 23.3146 -10.3388 2.5
      vertex 23.3146 -10.3388 3.2
    endloop
  endfacet
  facet normal -0.866026 0.499999 0
    outer loop
      vertex 23.2519 -10.4474 2.5
      vertex 23.3146 -10.3388 3.2
      vertex 23.3146 -10.3388 2.5
    endloop
  endfacet
  facet normal -0.866026 0.499999 0
    outer loop
      vertex 23.3146 -10.3388 3.2
      vertex 23.2519 -10.4474 2.5
      vertex 23.2519 -10.4474 3.2
    endloop
  endfacet
  facet normal -0.95097 0.309284 0
    outer loop
      vertex 23.2131 -10.5667 2.5
      vertex 23.2519 -10.4474 3.2
      vertex 23.2519 -10.4474 2.5
    endloop
  endfacet
  facet normal -0.95097 0.309284 0
    outer loop
      vertex 23.2519 -10.4474 3.2
      vertex 23.2131 -10.5667 2.5
      vertex 23.2131 -10.5667 3.2
    endloop
  endfacet
  facet normal -0.994536 0.104394 0
    outer loop
      vertex 23.2 -10.6915 2.5
      vertex 23.2131 -10.5667 3.2
      vertex 23.2131 -10.5667 2.5
    endloop
  endfacet
  facet normal -0.994536 0.104394 0
    outer loop
      vertex 23.2131 -10.5667 3.2
      vertex 23.2 -10.6915 2.5
      vertex 23.2 -10.6915 3.2
    endloop
  endfacet
  facet normal -1 0 0
    outer loop
      vertex 23.2 -12.7585 2.5
      vertex 23.2 -10.6915 3.2
      vertex 23.2 -10.6915 2.5
    endloop
  endfacet
  facet normal -1 -0 0
    outer loop
      vertex 23.2 -10.6915 3.2
      vertex 23.2 -12.7585 2.5
      vertex 23.2 -12.7585 3.2
    endloop
  endfacet
  facet normal 0 1 -0
    outer loop
      vertex 21.5691 -13.2 2.5
      vertex 20.0865 -13.2 3.2
      vertex 21.5691 -13.2 3.2
    endloop
  endfacet
  facet normal 0 1 0
    outer loop
      vertex 20.0865 -13.2 3.2
      vertex 21.5691 -13.2 2.5
      vertex 20.0865 -13.2 2.5
    endloop
  endfacet
  facet normal -0.104477 0.994527 0
    outer loop
      vertex 20.0865 -13.2 2.5
      vertex 19.9618 -13.2131 3.2
      vertex 20.0865 -13.2 3.2
    endloop
  endfacet
  facet normal -0.104477 0.994527 0
    outer loop
      vertex 19.9618 -13.2131 3.2
      vertex 20.0865 -13.2 2.5
      vertex 19.9618 -13.2131 2.5
    endloop
  endfacet
  facet normal -0.309284 0.95097 0
    outer loop
      vertex 19.9618 -13.2131 2.5
      vertex 19.8425 -13.2519 3.2
      vertex 19.9618 -13.2131 3.2
    endloop
  endfacet
  facet normal -0.309284 0.95097 0
    outer loop
      vertex 19.8425 -13.2519 3.2
      vertex 19.9618 -13.2131 2.5
      vertex 19.8425 -13.2519 2.5
    endloop
  endfacet
  facet normal -0.499999 0.866026 0
    outer loop
      vertex 19.8425 -13.2519 2.5
      vertex 19.7339 -13.3146 3.2
      vertex 19.8425 -13.2519 3.2
    endloop
  endfacet
  facet normal -0.499999 0.866026 0
    outer loop
      vertex 19.7339 -13.3146 3.2
      vertex 19.8425 -13.2519 2.5
      vertex 19.7339 -13.3146 2.5
    endloop
  endfacet
  facet normal -0.668656 0.743571 0
    outer loop
      vertex 19.7339 -13.3146 2.5
      vertex 19.6406 -13.3985 3.2
      vertex 19.7339 -13.3146 3.2
    endloop
  endfacet
  facet normal -0.668656 0.743571 0
    outer loop
      vertex 19.6406 -13.3985 3.2
      vertex 19.7339 -13.3146 2.5
      vertex 19.6406 -13.3985 2.5
    endloop
  endfacet
  facet normal -0.809184 0.587555 0
    outer loop
      vertex 19.5669 -13.5 2.5
      vertex 19.6406 -13.3985 3.2
      vertex 19.6406 -13.3985 2.5
    endloop
  endfacet
  facet normal -0.809184 0.587555 0
    outer loop
      vertex 19.6406 -13.3985 3.2
      vertex 19.5669 -13.5 2.5
      vertex 19.5669 -13.5 3.2
    endloop
  endfacet
  facet normal -0.913614 0.406582 0
    outer loop
      vertex 19.5159 -13.6146 2.5
      vertex 19.5669 -13.5 3.2
      vertex 19.5669 -13.5 2.5
    endloop
  endfacet
  facet normal -0.913614 0.406582 0
    outer loop
      vertex 19.5669 -13.5 3.2
      vertex 19.5159 -13.6146 2.5
      vertex 19.5159 -13.6146 3.2
    endloop
  endfacet
  facet normal -0.978116 0.208059 0
    outer loop
      vertex 19.4898 -13.7373 2.5
      vertex 19.5159 -13.6146 3.2
      vertex 19.5159 -13.6146 2.5
    endloop
  endfacet
  facet normal -0.978116 0.208059 0
    outer loop
      vertex 19.5159 -13.6146 3.2
      vertex 19.4898 -13.7373 2.5
      vertex 19.4898 -13.7373 3.2
    endloop
  endfacet
  facet normal -1 0 0
    outer loop
      vertex 19.4898 -13.8627 2.5
      vertex 19.4898 -13.7373 3.2
      vertex 19.4898 -13.7373 2.5
    endloop
  endfacet
  facet normal -1 -0 0
    outer loop
      vertex 19.4898 -13.7373 3.2
      vertex 19.4898 -13.8627 2.5
      vertex 19.4898 -13.8627 3.2
    endloop
  endfacet
  facet normal -0.978116 -0.208059 0
    outer loop
      vertex 19.5159 -13.9854 2.5
      vertex 19.4898 -13.8627 3.2
      vertex 19.4898 -13.8627 2.5
    endloop
  endfacet
  facet normal -0.978116 -0.208059 0
    outer loop
      vertex 19.4898 -13.8627 3.2
      vertex 19.5159 -13.9854 2.5
      vertex 19.5159 -13.9854 3.2
    endloop
  endfacet
  facet normal -0.913614 -0.406582 0
    outer loop
      vertex 19.5669 -14.1 2.5
      vertex 19.5159 -13.9854 3.2
      vertex 19.5159 -13.9854 2.5
    endloop
  endfacet
  facet normal -0.913614 -0.406582 0
    outer loop
      vertex 19.5159 -13.9854 3.2
      vertex 19.5669 -14.1 2.5
      vertex 19.5669 -14.1 3.2
    endloop
  endfacet
  facet normal -0.809184 -0.587555 0
    outer loop
      vertex 19.6406 -14.2015 2.5
      vertex 19.5669 -14.1 3.2
      vertex 19.5669 -14.1 2.5
    endloop
  endfacet
  facet normal -0.809184 -0.587555 0
    outer loop
      vertex 19.5669 -14.1 3.2
      vertex 19.6406 -14.2015 2.5
      vertex 19.6406 -14.2015 3.2
    endloop
  endfacet
  facet normal -0.668656 -0.743571 0
    outer loop
      vertex 19.6406 -14.2015 2.5
      vertex 19.7339 -14.2854 3.2
      vertex 19.6406 -14.2015 3.2
    endloop
  endfacet
  facet normal -0.668656 -0.743571 -0
    outer loop
      vertex 19.7339 -14.2854 3.2
      vertex 19.6406 -14.2015 2.5
      vertex 19.7339 -14.2854 2.5
    endloop
  endfacet
  facet normal -0.499999 -0.866026 0
    outer loop
      vertex 19.7339 -14.2854 2.5
      vertex 19.8425 -14.3481 3.2
      vertex 19.7339 -14.2854 3.2
    endloop
  endfacet
  facet normal -0.499999 -0.866026 -0
    outer loop
      vertex 19.8425 -14.3481 3.2
      vertex 19.7339 -14.2854 2.5
      vertex 19.8425 -14.3481 2.5
    endloop
  endfacet
  facet normal -0.309284 -0.95097 0
    outer loop
      vertex 19.8425 -14.3481 2.5
      vertex 19.9618 -14.3869 3.2
      vertex 19.8425 -14.3481 3.2
    endloop
  endfacet
  facet normal -0.309284 -0.95097 -0
    outer loop
      vertex 19.9618 -14.3869 3.2
      vertex 19.8425 -14.3481 2.5
      vertex 19.9618 -14.3869 2.5
    endloop
  endfacet
  facet normal -0.104477 -0.994527 0
    outer loop
      vertex 19.9618 -14.3869 2.5
      vertex 20.0865 -14.4 3.2
      vertex 19.9618 -14.3869 3.2
    endloop
  endfacet
  facet normal -0.104477 -0.994527 -0
    outer loop
      vertex 20.0865 -14.4 3.2
      vertex 19.9618 -14.3869 2.5
      vertex 20.0865 -14.4 2.5
    endloop
  endfacet
  facet normal 0 -1 0
    outer loop
      vertex 20.0865 -14.4 2.5
      vertex 23.8 -14.4 3.2
      vertex 20.0865 -14.4 3.2
    endloop
  endfacet
  facet normal 0 -1 -0
    outer loop
      vertex 23.8 -14.4 3.2
      vertex 20.0865 -14.4 2.5
      vertex 23.8 -14.4 2.5
    endloop
  endfacet
  facet normal 0.106876 -0.994272 0
    outer loop
      vertex 23.8 -14.4 2.5
      vertex 23.8307 -14.3967 3.2
      vertex 23.8 -14.4 3.2
    endloop
  endfacet
  facet normal 0.106876 -0.994272 0
    outer loop
      vertex 23.8307 -14.3967 3.2
      vertex 23.8 -14.4 2.5
      vertex 23.8307 -14.3967 2.5
    endloop
  endfacet
  facet normal 0.309284 -0.95097 0
    outer loop
      vertex -12.6474 -14.3869 2.5
      vertex -12.5281 -14.3481 3.2
      vertex -12.6474 -14.3869 3.2
    endloop
  endfacet
  facet normal 0.309284 -0.95097 0
    outer loop
      vertex -12.5281 -14.3481 3.2
      vertex -12.6474 -14.3869 2.5
      vertex -12.5281 -14.3481 2.5
    endloop
  endfacet
  facet normal 0.499653 -0.866225 0
    outer loop
      vertex -12.5281 -14.3481 2.5
      vertex -12.4194 -14.2854 3.2
      vertex -12.5281 -14.3481 3.2
    endloop
  endfacet
  facet normal 0.499653 -0.866225 0
    outer loop
      vertex -12.4194 -14.2854 3.2
      vertex -12.5281 -14.3481 2.5
      vertex -12.4194 -14.2854 2.5
    endloop
  endfacet
  facet normal 0.669053 -0.743215 0
    outer loop
      vertex -12.4194 -14.2854 2.5
      vertex -12.3262 -14.2015 3.2
      vertex -12.4194 -14.2854 3.2
    endloop
  endfacet
  facet normal 0.669053 -0.743215 0
    outer loop
      vertex -12.3262 -14.2015 3.2
      vertex -12.4194 -14.2854 2.5
      vertex -12.3262 -14.2015 2.5
    endloop
  endfacet
  facet normal 0.809184 -0.587555 0
    outer loop
      vertex -12.3262 -14.2015 3.2
      vertex -12.2525 -14.1 2.5
      vertex -12.2525 -14.1 3.2
    endloop
  endfacet
  facet normal 0.809184 -0.587555 0
    outer loop
      vertex -12.2525 -14.1 2.5
      vertex -12.3262 -14.2015 3.2
      vertex -12.3262 -14.2015 2.5
    endloop
  endfacet
  facet normal 0.913614 -0.406582 0
    outer loop
      vertex -12.2525 -14.1 3.2
      vertex -12.2015 -13.9854 2.5
      vertex -12.2015 -13.9854 3.2
    endloop
  endfacet
  facet normal 0.913614 -0.406582 0
    outer loop
      vertex -12.2015 -13.9854 2.5
      vertex -12.2525 -14.1 3.2
      vertex -12.2525 -14.1 2.5
    endloop
  endfacet
  facet normal 0.978116 -0.208059 0
    outer loop
      vertex -12.2015 -13.9854 3.2
      vertex -12.1754 -13.8627 2.5
      vertex -12.1754 -13.8627 3.2
    endloop
  endfacet
  facet normal 0.978116 -0.208059 0
    outer loop
      vertex -12.1754 -13.8627 2.5
      vertex -12.2015 -13.9854 3.2
      vertex -12.2015 -13.9854 2.5
    endloop
  endfacet
  facet normal 1 -0 0
    outer loop
      vertex -12.1754 -13.8627 3.2
      vertex -12.1754 -13.7373 2.5
      vertex -12.1754 -13.7373 3.2
    endloop
  endfacet
  facet normal 1 0 0
    outer loop
      vertex -12.1754 -13.7373 2.5
      vertex -12.1754 -13.8627 3.2
      vertex -12.1754 -13.8627 2.5
    endloop
  endfacet
  facet normal 0.978116 0.208059 0
    outer loop
      vertex -12.1754 -13.7373 3.2
      vertex -12.2015 -13.6146 2.5
      vertex -12.2015 -13.6146 3.2
    endloop
  endfacet
  facet normal 0.978116 0.208059 0
    outer loop
      vertex -12.2015 -13.6146 2.5
      vertex -12.1754 -13.7373 3.2
      vertex -12.1754 -13.7373 2.5
    endloop
  endfacet
  facet normal 0.913614 0.406582 0
    outer loop
      vertex -12.2015 -13.6146 3.2
      vertex -12.2525 -13.5 2.5
      vertex -12.2525 -13.5 3.2
    endloop
  endfacet
  facet normal 0.913614 0.406582 0
    outer loop
      vertex -12.2525 -13.5 2.5
      vertex -12.2015 -13.6146 3.2
      vertex -12.2015 -13.6146 2.5
    endloop
  endfacet
  facet normal 0.809184 0.587555 0
    outer loop
      vertex -12.2525 -13.5 3.2
      vertex -12.3262 -13.3985 2.5
      vertex -12.3262 -13.3985 3.2
    endloop
  endfacet
  facet normal 0.809184 0.587555 0
    outer loop
      vertex -12.3262 -13.3985 2.5
      vertex -12.2525 -13.5 3.2
      vertex -12.2525 -13.5 2.5
    endloop
  endfacet
  facet normal 0.669053 0.743215 -0
    outer loop
      vertex -12.3262 -13.3985 2.5
      vertex -12.4194 -13.3146 3.2
      vertex -12.3262 -13.3985 3.2
    endloop
  endfacet
  facet normal 0.669053 0.743215 0
    outer loop
      vertex -12.4194 -13.3146 3.2
      vertex -12.3262 -13.3985 2.5
      vertex -12.4194 -13.3146 2.5
    endloop
  endfacet
  facet normal 0.499653 0.866225 -0
    outer loop
      vertex -12.4194 -13.3146 2.5
      vertex -12.5281 -13.2519 3.2
      vertex -12.4194 -13.3146 3.2
    endloop
  endfacet
  facet normal 0.499653 0.866225 0
    outer loop
      vertex -12.5281 -13.2519 3.2
      vertex -12.4194 -13.3146 2.5
      vertex -12.5281 -13.2519 2.5
    endloop
  endfacet
  facet normal 0.309284 0.95097 -0
    outer loop
      vertex -12.5281 -13.2519 2.5
      vertex -12.6474 -13.2131 3.2
      vertex -12.5281 -13.2519 3.2
    endloop
  endfacet
  facet normal 0.309284 0.95097 0
    outer loop
      vertex -12.6474 -13.2131 3.2
      vertex -12.5281 -13.2519 2.5
      vertex -12.6474 -13.2131 2.5
    endloop
  endfacet
  facet normal 0.104477 0.994527 -0
    outer loop
      vertex -12.6474 -13.2131 2.5
      vertex -12.7721 -13.2 3.2
      vertex -12.6474 -13.2131 3.2
    endloop
  endfacet
  facet normal 0.104477 0.994527 0
    outer loop
      vertex -12.7721 -13.2 3.2
      vertex -12.6474 -13.2131 2.5
      vertex -12.7721 -13.2 2.5
    endloop
  endfacet
  facet normal 0 1 -0
    outer loop
      vertex -12.7721 -13.2 2.5
      vertex -16.4856 -13.2 3.2
      vertex -12.7721 -13.2 3.2
    endloop
  endfacet
  facet normal 0 1 0
    outer loop
      vertex -16.4856 -13.2 3.2
      vertex -12.7721 -13.2 2.5
      vertex -16.4856 -13.2 2.5
    endloop
  endfacet
  facet normal -0.104477 0.994527 0
    outer loop
      vertex -16.4856 -13.2 2.5
      vertex -16.6103 -13.2131 3.2
      vertex -16.4856 -13.2 3.2
    endloop
  endfacet
  facet normal -0.104477 0.994527 0
    outer loop
      vertex -16.6103 -13.2131 3.2
      vertex -16.4856 -13.2 2.5
      vertex -16.6103 -13.2131 2.5
    endloop
  endfacet
  facet normal -0.309284 0.95097 0
    outer loop
      vertex -16.6103 -13.2131 2.5
      vertex -16.7296 -13.2519 3.2
      vertex -16.6103 -13.2131 3.2
    endloop
  endfacet
  facet normal -0.309284 0.95097 0
    outer loop
      vertex -16.7296 -13.2519 3.2
      vertex -16.6103 -13.2131 2.5
      vertex -16.7296 -13.2519 2.5
    endloop
  endfacet
  facet normal -0.499999 0.866026 0
    outer loop
      vertex -16.7296 -13.2519 2.5
      vertex -16.8382 -13.3146 3.2
      vertex -16.7296 -13.2519 3.2
    endloop
  endfacet
  facet normal -0.499999 0.866026 0
    outer loop
      vertex -16.8382 -13.3146 3.2
      vertex -16.7296 -13.2519 2.5
      vertex -16.8382 -13.3146 2.5
    endloop
  endfacet
  facet normal -0.669053 0.743215 0
    outer loop
      vertex -16.8382 -13.3146 2.5
      vertex -16.9314 -13.3985 3.2
      vertex -16.8382 -13.3146 3.2
    endloop
  endfacet
  facet normal -0.669053 0.743215 0
    outer loop
      vertex -16.9314 -13.3985 3.2
      vertex -16.8382 -13.3146 2.5
      vertex -16.9314 -13.3985 2.5
    endloop
  endfacet
  facet normal -0.808805 0.588077 0
    outer loop
      vertex -17.0052 -13.5 2.5
      vertex -16.9314 -13.3985 3.2
      vertex -16.9314 -13.3985 2.5
    endloop
  endfacet
  facet normal -0.808805 0.588077 0
    outer loop
      vertex -16.9314 -13.3985 3.2
      vertex -17.0052 -13.5 2.5
      vertex -17.0052 -13.5 3.2
    endloop
  endfacet
  facet normal -0.913614 0.406582 0
    outer loop
      vertex -17.0562 -13.6146 2.5
      vertex -17.0052 -13.5 3.2
      vertex -17.0052 -13.5 2.5
    endloop
  endfacet
  facet normal -0.913614 0.406582 0
    outer loop
      vertex -17.0052 -13.5 3.2
      vertex -17.0562 -13.6146 2.5
      vertex -17.0562 -13.6146 3.2
    endloop
  endfacet
  facet normal -0.978116 0.208059 0
    outer loop
      vertex -17.0823 -13.7373 2.5
      vertex -17.0562 -13.6146 3.2
      vertex -17.0562 -13.6146 2.5
    endloop
  endfacet
  facet normal -0.978116 0.208059 0
    outer loop
      vertex -17.0562 -13.6146 3.2
      vertex -17.0823 -13.7373 2.5
      vertex -17.0823 -13.7373 3.2
    endloop
  endfacet
  facet normal -1 0 0
    outer loop
      vertex -17.0823 -13.8627 2.5
      vertex -17.0823 -13.7373 3.2
      vertex -17.0823 -13.7373 2.5
    endloop
  endfacet
  facet normal -1 -0 0
    outer loop
      vertex -17.0823 -13.7373 3.2
      vertex -17.0823 -13.8627 2.5
      vertex -17.0823 -13.8627 3.2
    endloop
  endfacet
  facet normal -0.978116 -0.208059 0
    outer loop
      vertex -17.0562 -13.9854 2.5
      vertex -17.0823 -13.8627 3.2
      vertex -17.0823 -13.8627 2.5
    endloop
  endfacet
  facet normal -0.978116 -0.208059 0
    outer loop
      vertex -17.0823 -13.8627 3.2
      vertex -17.0562 -13.9854 2.5
      vertex -17.0562 -13.9854 3.2
    endloop
  endfacet
  facet normal -0.913614 -0.406582 0
    outer loop
      vertex -17.0052 -14.1 2.5
      vertex -17.0562 -13.9854 3.2
      vertex -17.0562 -13.9854 2.5
    endloop
  endfacet
  facet normal -0.913614 -0.406582 0
    outer loop
      vertex -17.0562 -13.9854 3.2
      vertex -17.0052 -14.1 2.5
      vertex -17.0052 -14.1 3.2
    endloop
  endfacet
  facet normal -0.808805 -0.588077 0
    outer loop
      vertex -16.9314 -14.2015 2.5
      vertex -17.0052 -14.1 3.2
      vertex -17.0052 -14.1 2.5
    endloop
  endfacet
  facet normal -0.808805 -0.588077 0
    outer loop
      vertex -17.0052 -14.1 3.2
      vertex -16.9314 -14.2015 2.5
      vertex -16.9314 -14.2015 3.2
    endloop
  endfacet
  facet normal -0.669053 -0.743215 0
    outer loop
      vertex -16.9314 -14.2015 2.5
      vertex -16.8382 -14.2854 3.2
      vertex -16.9314 -14.2015 3.2
    endloop
  endfacet
  facet normal -0.669053 -0.743215 -0
    outer loop
      vertex -16.8382 -14.2854 3.2
      vertex -16.9314 -14.2015 2.5
      vertex -16.8382 -14.2854 2.5
    endloop
  endfacet
  facet normal -0.499999 -0.866026 0
    outer loop
      vertex -16.8382 -14.2854 2.5
      vertex -16.7296 -14.3481 3.2
      vertex -16.8382 -14.2854 3.2
    endloop
  endfacet
  facet normal -0.499999 -0.866026 -0
    outer loop
      vertex -16.7296 -14.3481 3.2
      vertex -16.8382 -14.2854 2.5
      vertex -16.7296 -14.3481 2.5
    endloop
  endfacet
  facet normal -0.309284 -0.95097 0
    outer loop
      vertex -16.7296 -14.3481 2.5
      vertex -16.6103 -14.3869 3.2
      vertex -16.7296 -14.3481 3.2
    endloop
  endfacet
  facet normal -0.309284 -0.95097 -0
    outer loop
      vertex -16.6103 -14.3869 3.2
      vertex -16.7296 -14.3481 2.5
      vertex -16.6103 -14.3869 2.5
    endloop
  endfacet
  facet normal -0.104477 -0.994527 0
    outer loop
      vertex -16.6103 -14.3869 2.5
      vertex -16.4856 -14.4 3.2
      vertex -16.6103 -14.3869 3.2
    endloop
  endfacet
  facet normal -0.104477 -0.994527 -0
    outer loop
      vertex -16.4856 -14.4 3.2
      vertex -16.6103 -14.3869 2.5
      vertex -16.4856 -14.4 2.5
    endloop
  endfacet
  facet normal 0 -1 0
    outer loop
      vertex -16.4856 -14.4 2.5
      vertex -12.7721 -14.4 3.2
      vertex -16.4856 -14.4 3.2
    endloop
  endfacet
  facet normal 0 -1 -0
    outer loop
      vertex -12.7721 -14.4 3.2
      vertex -16.4856 -14.4 2.5
      vertex -12.7721 -14.4 2.5
    endloop
  endfacet
  facet normal 0.104477 -0.994527 0
    outer loop
      vertex -12.7721 -14.4 2.5
      vertex -12.6474 -14.3869 3.2
      vertex -12.7721 -14.4 3.2
    endloop
  endfacet
  facet normal 0.104477 -0.994527 0
    outer loop
      vertex -12.6474 -14.3869 3.2
      vertex -12.7721 -14.4 2.5
      vertex -12.6474 -14.3869 2.5
    endloop
  endfacet
  facet normal 0.309308 -0.950962 0
    outer loop
      vertex -5.33293 -14.3869 2.5
      vertex -5.21364 -14.3481 3.2
      vertex -5.33293 -14.3869 3.2
    endloop
  endfacet
  facet normal 0.309308 -0.950962 0
    outer loop
      vertex -5.21364 -14.3481 3.2
      vertex -5.33293 -14.3869 2.5
      vertex -5.21364 -14.3481 2.5
    endloop
  endfacet
  facet normal 0.499895 -0.866086 0
    outer loop
      vertex -5.21364 -14.3481 2.5
      vertex -5.10501 -14.2854 3.2
      vertex -5.21364 -14.3481 3.2
    endloop
  endfacet
  facet normal 0.499895 -0.866086 0
    outer loop
      vertex -5.10501 -14.2854 3.2
      vertex -5.21364 -14.3481 2.5
      vertex -5.10501 -14.2854 2.5
    endloop
  endfacet
  facet normal 0.669013 -0.743251 0
    outer loop
      vertex -5.10501 -14.2854 2.5
      vertex -5.0118 -14.2015 3.2
      vertex -5.10501 -14.2854 3.2
    endloop
  endfacet
  facet normal 0.669013 -0.743251 0
    outer loop
      vertex -5.0118 -14.2015 3.2
      vertex -5.10501 -14.2854 2.5
      vertex -5.0118 -14.2015 2.5
    endloop
  endfacet
  facet normal 0.809032 -0.587764 0
    outer loop
      vertex -5.0118 -14.2015 3.2
      vertex -4.93806 -14.1 2.5
      vertex -4.93806 -14.1 3.2
    endloop
  endfacet
  facet normal 0.809032 -0.587764 0
    outer loop
      vertex -4.93806 -14.1 2.5
      vertex -5.0118 -14.2015 3.2
      vertex -5.0118 -14.2015 2.5
    endloop
  endfacet
  facet normal 0.913555 -0.406715 0
    outer loop
      vertex -4.93806 -14.1 3.2
      vertex -4.88704 -13.9854 2.5
      vertex -4.88704 -13.9854 3.2
    endloop
  endfacet
  facet normal 0.913555 -0.406715 0
    outer loop
      vertex -4.88704 -13.9854 2.5
      vertex -4.93806 -14.1 3.2
      vertex -4.93806 -14.1 2.5
    endloop
  endfacet
  facet normal 0.978149 -0.207906 0
    outer loop
      vertex -4.88704 -13.9854 3.2
      vertex -4.86096 -13.8627 2.5
      vertex -4.86096 -13.8627 3.2
    endloop
  endfacet
  facet normal 0.978149 -0.207906 0
    outer loop
      vertex -4.86096 -13.8627 2.5
      vertex -4.88704 -13.9854 3.2
      vertex -4.88704 -13.9854 2.5
    endloop
  endfacet
  facet normal 1 -0 0
    outer loop
      vertex -4.86096 -13.8627 3.2
      vertex -4.86096 -13.7373 2.5
      vertex -4.86096 -13.7373 3.2
    endloop
  endfacet
  facet normal 1 0 0
    outer loop
      vertex -4.86096 -13.7373 2.5
      vertex -4.86096 -13.8627 3.2
      vertex -4.86096 -13.8627 2.5
    endloop
  endfacet
  facet normal 0.978149 0.207906 0
    outer loop
      vertex -4.86096 -13.7373 3.2
      vertex -4.88704 -13.6146 2.5
      vertex -4.88704 -13.6146 3.2
    endloop
  endfacet
  facet normal 0.978149 0.207906 0
    outer loop
      vertex -4.88704 -13.6146 2.5
      vertex -4.86096 -13.7373 3.2
      vertex -4.86096 -13.7373 2.5
    endloop
  endfacet
  facet normal 0.913555 0.406715 0
    outer loop
      vertex -4.88704 -13.6146 3.2
      vertex -4.93806 -13.5 2.5
      vertex -4.93806 -13.5 3.2
    endloop
  endfacet
  facet normal 0.913555 0.406715 0
    outer loop
      vertex -4.93806 -13.5 2.5
      vertex -4.88704 -13.6146 3.2
      vertex -4.88704 -13.6146 2.5
    endloop
  endfacet
  facet normal 0.809032 0.587764 0
    outer loop
      vertex -4.93806 -13.5 3.2
      vertex -5.0118 -13.3985 2.5
      vertex -5.0118 -13.3985 3.2
    endloop
  endfacet
  facet normal 0.809032 0.587764 0
    outer loop
      vertex -5.0118 -13.3985 2.5
      vertex -4.93806 -13.5 3.2
      vertex -4.93806 -13.5 2.5
    endloop
  endfacet
  facet normal 0.669013 0.743251 -0
    outer loop
      vertex -5.0118 -13.3985 2.5
      vertex -5.10501 -13.3146 3.2
      vertex -5.0118 -13.3985 3.2
    endloop
  endfacet
  facet normal 0.669013 0.743251 0
    outer loop
      vertex -5.10501 -13.3146 3.2
      vertex -5.0118 -13.3985 2.5
      vertex -5.10501 -13.3146 2.5
    endloop
  endfacet
  facet normal 0.499895 0.866086 -0
    outer loop
      vertex -5.10501 -13.3146 2.5
      vertex -5.21364 -13.2519 3.2
      vertex -5.10501 -13.3146 3.2
    endloop
  endfacet
  facet normal 0.499895 0.866086 0
    outer loop
      vertex -5.21364 -13.2519 3.2
      vertex -5.10501 -13.3146 2.5
      vertex -5.21364 -13.2519 2.5
    endloop
  endfacet
  facet normal 0.309308 0.950962 -0
    outer loop
      vertex -5.21364 -13.2519 2.5
      vertex -5.33293 -13.2131 3.2
      vertex -5.21364 -13.2519 3.2
    endloop
  endfacet
  facet normal 0.309308 0.950962 0
    outer loop
      vertex -5.33293 -13.2131 3.2
      vertex -5.21364 -13.2519 2.5
      vertex -5.33293 -13.2131 2.5
    endloop
  endfacet
  facet normal 0.104444 0.994531 -0
    outer loop
      vertex -5.33293 -13.2131 2.5
      vertex -5.45767 -13.2 3.2
      vertex -5.33293 -13.2131 3.2
    endloop
  endfacet
  facet normal 0.104444 0.994531 0
    outer loop
      vertex -5.45767 -13.2 3.2
      vertex -5.33293 -13.2131 2.5
      vertex -5.45767 -13.2 2.5
    endloop
  endfacet
  facet normal 0 1 -0
    outer loop
      vertex -5.45767 -13.2 2.5
      vertex -9.17116 -13.2 3.2
      vertex -5.45767 -13.2 3.2
    endloop
  endfacet
  facet normal 0 1 0
    outer loop
      vertex -9.17116 -13.2 3.2
      vertex -5.45767 -13.2 2.5
      vertex -9.17116 -13.2 2.5
    endloop
  endfacet
  facet normal -0.104444 0.994531 0
    outer loop
      vertex -9.17116 -13.2 2.5
      vertex -9.2959 -13.2131 3.2
      vertex -9.17116 -13.2 3.2
    endloop
  endfacet
  facet normal -0.104444 0.994531 0
    outer loop
      vertex -9.2959 -13.2131 3.2
      vertex -9.17116 -13.2 2.5
      vertex -9.2959 -13.2131 2.5
    endloop
  endfacet
  facet normal -0.309308 0.950962 0
    outer loop
      vertex -9.2959 -13.2131 2.5
      vertex -9.41519 -13.2519 3.2
      vertex -9.2959 -13.2131 3.2
    endloop
  endfacet
  facet normal -0.309308 0.950962 0
    outer loop
      vertex -9.41519 -13.2519 3.2
      vertex -9.2959 -13.2131 2.5
      vertex -9.41519 -13.2519 2.5
    endloop
  endfacet
  facet normal -0.499895 0.866086 0
    outer loop
      vertex -9.41519 -13.2519 2.5
      vertex -9.52382 -13.3146 3.2
      vertex -9.41519 -13.2519 3.2
    endloop
  endfacet
  facet normal -0.499895 0.866086 0
    outer loop
      vertex -9.52382 -13.3146 3.2
      vertex -9.41519 -13.2519 2.5
      vertex -9.52382 -13.3146 2.5
    endloop
  endfacet
  facet normal -0.669013 0.743251 0
    outer loop
      vertex -9.52382 -13.3146 2.5
      vertex -9.61703 -13.3985 3.2
      vertex -9.52382 -13.3146 3.2
    endloop
  endfacet
  facet normal -0.669013 0.743251 0
    outer loop
      vertex -9.61703 -13.3985 3.2
      vertex -9.52382 -13.3146 2.5
      vertex -9.61703 -13.3985 2.5
    endloop
  endfacet
  facet normal -0.809032 0.587764 0
    outer loop
      vertex -9.69077 -13.5 2.5
      vertex -9.61703 -13.3985 3.2
      vertex -9.61703 -13.3985 2.5
    endloop
  endfacet
  facet normal -0.809032 0.587764 0
    outer loop
      vertex -9.61703 -13.3985 3.2
      vertex -9.69077 -13.5 2.5
      vertex -9.69077 -13.5 3.2
    endloop
  endfacet
  facet normal -0.913555 0.406715 0
    outer loop
      vertex -9.74179 -13.6146 2.5
      vertex -9.69077 -13.5 3.2
      vertex -9.69077 -13.5 2.5
    endloop
  endfacet
  facet normal -0.913555 0.406715 0
    outer loop
      vertex -9.69077 -13.5 3.2
      vertex -9.74179 -13.6146 2.5
      vertex -9.74179 -13.6146 3.2
    endloop
  endfacet
  facet normal -0.978149 0.207906 0
    outer loop
      vertex -9.76787 -13.7373 2.5
      vertex -9.74179 -13.6146 3.2
      vertex -9.74179 -13.6146 2.5
    endloop
  endfacet
  facet normal -0.978149 0.207906 0
    outer loop
      vertex -9.74179 -13.6146 3.2
      vertex -9.76787 -13.7373 2.5
      vertex -9.76787 -13.7373 3.2
    endloop
  endfacet
  facet normal -1 0 0
    outer loop
      vertex -9.76787 -13.8627 2.5
      vertex -9.76787 -13.7373 3.2
      vertex -9.76787 -13.7373 2.5
    endloop
  endfacet
  facet normal -1 -0 0
    outer loop
      vertex -9.76787 -13.7373 3.2
      vertex -9.76787 -13.8627 2.5
      vertex -9.76787 -13.8627 3.2
    endloop
  endfacet
  facet normal -0.978149 -0.207906 0
    outer loop
      vertex -9.74179 -13.9854 2.5
      vertex -9.76787 -13.8627 3.2
      vertex -9.76787 -13.8627 2.5
    endloop
  endfacet
  facet normal -0.978149 -0.207906 0
    outer loop
      vertex -9.76787 -13.8627 3.2
      vertex -9.74179 -13.9854 2.5
      vertex -9.74179 -13.9854 3.2
    endloop
  endfacet
  facet normal -0.913555 -0.406715 0
    outer loop
      vertex -9.69077 -14.1 2.5
      vertex -9.74179 -13.9854 3.2
      vertex -9.74179 -13.9854 2.5
    endloop
  endfacet
  facet normal -0.913555 -0.406715 0
    outer loop
      vertex -9.74179 -13.9854 3.2
      vertex -9.69077 -14.1 2.5
      vertex -9.69077 -14.1 3.2
    endloop
  endfacet
  facet normal -0.809032 -0.587764 0
    outer loop
      vertex -9.61703 -14.2015 2.5
      vertex -9.69077 -14.1 3.2
      vertex -9.69077 -14.1 2.5
    endloop
  endfacet
  facet normal -0.809032 -0.587764 0
    outer loop
      vertex -9.69077 -14.1 3.2
      vertex -9.61703 -14.2015 2.5
      vertex -9.61703 -14.2015 3.2
    endloop
  endfacet
  facet normal -0.669013 -0.743251 0
    outer loop
      vertex -9.61703 -14.2015 2.5
      vertex -9.52382 -14.2854 3.2
      vertex -9.61703 -14.2015 3.2
    endloop
  endfacet
  facet normal -0.669013 -0.743251 -0
    outer loop
      vertex -9.52382 -14.2854 3.2
      vertex -9.61703 -14.2015 2.5
      vertex -9.52382 -14.2854 2.5
    endloop
  endfacet
  facet normal -0.499895 -0.866086 0
    outer loop
      vertex -9.52382 -14.2854 2.5
      vertex -9.41519 -14.3481 3.2
      vertex -9.52382 -14.2854 3.2
    endloop
  endfacet
  facet normal -0.499895 -0.866086 -0
    outer loop
      vertex -9.41519 -14.3481 3.2
      vertex -9.52382 -14.2854 2.5
      vertex -9.41519 -14.3481 2.5
    endloop
  endfacet
  facet normal -0.309308 -0.950962 0
    outer loop
      vertex -9.41519 -14.3481 2.5
      vertex -9.2959 -14.3869 3.2
      vertex -9.41519 -14.3481 3.2
    endloop
  endfacet
  facet normal -0.309308 -0.950962 -0
    outer loop
      vertex -9.2959 -14.3869 3.2
      vertex -9.41519 -14.3481 2.5
      vertex -9.2959 -14.3869 2.5
    endloop
  endfacet
  facet normal -0.104444 -0.994531 0
    outer loop
      vertex -9.2959 -14.3869 2.5
      vertex -9.17116 -14.4 3.2
      vertex -9.2959 -14.3869 3.2
    endloop
  endfacet
  facet normal -0.104444 -0.994531 -0
    outer loop
      vertex -9.17116 -14.4 3.2
      vertex -9.2959 -14.3869 2.5
      vertex -9.17116 -14.4 2.5
    endloop
  endfacet
  facet normal 0 -1 0
    outer loop
      vertex -9.17116 -14.4 2.5
      vertex -5.45767 -14.4 3.2
      vertex -9.17116 -14.4 3.2
    endloop
  endfacet
  facet normal 0 -1 -0
    outer loop
      vertex -5.45767 -14.4 3.2
      vertex -9.17116 -14.4 2.5
      vertex -5.45767 -14.4 2.5
    endloop
  endfacet
  facet normal 0.104444 -0.994531 0
    outer loop
      vertex -5.45767 -14.4 2.5
      vertex -5.33293 -14.3869 3.2
      vertex -5.45767 -14.4 3.2
    endloop
  endfacet
  facet normal 0.104444 -0.994531 0
    outer loop
      vertex -5.33293 -14.3869 3.2
      vertex -5.45767 -14.4 2.5
      vertex -5.33293 -14.3869 2.5
    endloop
  endfacet
  facet normal 0.309308 -0.950962 0
    outer loop
      vertex 1.98148 -14.3869 2.5
      vertex 2.10077 -14.3481 3.2
      vertex 1.98148 -14.3869 3.2
    endloop
  endfacet
  facet normal 0.309308 -0.950962 0
    outer loop
      vertex 2.10077 -14.3481 3.2
      vertex 1.98148 -14.3869 2.5
      vertex 2.10077 -14.3481 2.5
    endloop
  endfacet
  facet normal 0.499895 -0.866086 0
    outer loop
      vertex 2.10077 -14.3481 2.5
      vertex 2.2094 -14.2854 3.2
      vertex 2.10077 -14.3481 3.2
    endloop
  endfacet
  facet normal 0.499895 -0.866086 0
    outer loop
      vertex 2.2094 -14.2854 3.2
      vertex 2.10077 -14.3481 2.5
      vertex 2.2094 -14.2854 2.5
    endloop
  endfacet
  facet normal 0.669013 -0.743251 0
    outer loop
      vertex 2.2094 -14.2854 2.5
      vertex 2.30261 -14.2015 3.2
      vertex 2.2094 -14.2854 3.2
    endloop
  endfacet
  facet normal 0.669013 -0.743251 0
    outer loop
      vertex 2.30261 -14.2015 3.2
      vertex 2.2094 -14.2854 2.5
      vertex 2.30261 -14.2015 2.5
    endloop
  endfacet
  facet normal 0.80907 -0.587712 0
    outer loop
      vertex 2.30261 -14.2015 3.2
      vertex 2.37634 -14.1 2.5
      vertex 2.37634 -14.1 3.2
    endloop
  endfacet
  facet normal 0.80907 -0.587712 0
    outer loop
      vertex 2.37634 -14.1 2.5
      vertex 2.30261 -14.2015 3.2
      vertex 2.30261 -14.2015 2.5
    endloop
  endfacet
  facet normal 0.913525 -0.406782 0
    outer loop
      vertex 2.37634 -14.1 3.2
      vertex 2.42737 -13.9854 2.5
      vertex 2.42737 -13.9854 3.2
    endloop
  endfacet
  facet normal 0.913525 -0.406782 0
    outer loop
      vertex 2.42737 -13.9854 2.5
      vertex 2.37634 -14.1 3.2
      vertex 2.37634 -14.1 2.5
    endloop
  endfacet
  facet normal 0.978149 -0.207906 0
    outer loop
      vertex 2.42737 -13.9854 3.2
      vertex 2.45345 -13.8627 2.5
      vertex 2.45345 -13.8627 3.2
    endloop
  endfacet
  facet normal 0.978149 -0.207906 0
    outer loop
      vertex 2.45345 -13.8627 2.5
      vertex 2.42737 -13.9854 3.2
      vertex 2.42737 -13.9854 2.5
    endloop
  endfacet
  facet normal 1 -0 0
    outer loop
      vertex 2.45345 -13.8627 3.2
      vertex 2.45345 -13.7373 2.5
      vertex 2.45345 -13.7373 3.2
    endloop
  endfacet
  facet normal 1 0 0
    outer loop
      vertex 2.45345 -13.7373 2.5
      vertex 2.45345 -13.8627 3.2
      vertex 2.45345 -13.8627 2.5
    endloop
  endfacet
  facet normal 0.978149 0.207906 0
    outer loop
      vertex 2.45345 -13.7373 3.2
      vertex 2.42737 -13.6146 2.5
      vertex 2.42737 -13.6146 3.2
    endloop
  endfacet
  facet normal 0.978149 0.207906 0
    outer loop
      vertex 2.42737 -13.6146 2.5
      vertex 2.45345 -13.7373 3.2
      vertex 2.45345 -13.7373 2.5
    endloop
  endfacet
  facet normal 0.913525 0.406782 0
    outer loop
      vertex 2.42737 -13.6146 3.2
      vertex 2.37634 -13.5 2.5
      vertex 2.37634 -13.5 3.2
    endloop
  endfacet
  facet normal 0.913525 0.406782 0
    outer loop
      vertex 2.37634 -13.5 2.5
      vertex 2.42737 -13.6146 3.2
      vertex 2.42737 -13.6146 2.5
    endloop
  endfacet
  facet normal 0.80907 0.587712 0
    outer loop
      vertex 2.37634 -13.5 3.2
      vertex 2.30261 -13.3985 2.5
      vertex 2.30261 -13.3985 3.2
    endloop
  endfacet
  facet normal 0.80907 0.587712 0
    outer loop
      vertex 2.30261 -13.3985 2.5
      vertex 2.37634 -13.5 3.2
      vertex 2.37634 -13.5 2.5
    endloop
  endfacet
  facet normal 0.669013 0.743251 -0
    outer loop
      vertex 2.30261 -13.3985 2.5
      vertex 2.2094 -13.3146 3.2
      vertex 2.30261 -13.3985 3.2
    endloop
  endfacet
  facet normal 0.669013 0.743251 0
    outer loop
      vertex 2.2094 -13.3146 3.2
      vertex 2.30261 -13.3985 2.5
      vertex 2.2094 -13.3146 2.5
    endloop
  endfacet
  facet normal 0.499895 0.866086 -0
    outer loop
      vertex 2.2094 -13.3146 2.5
      vertex 2.10077 -13.2519 3.2
      vertex 2.2094 -13.3146 3.2
    endloop
  endfacet
  facet normal 0.499895 0.866086 0
    outer loop
      vertex 2.10077 -13.2519 3.2
      vertex 2.2094 -13.3146 2.5
      vertex 2.10077 -13.2519 2.5
    endloop
  endfacet
  facet normal 0.309308 0.950962 -0
    outer loop
      vertex 2.10077 -13.2519 2.5
      vertex 1.98148 -13.2131 3.2
      vertex 2.10077 -13.2519 3.2
    endloop
  endfacet
  facet normal 0.309308 0.950962 0
    outer loop
      vertex 1.98148 -13.2131 3.2
      vertex 2.10077 -13.2519 2.5
      vertex 1.98148 -13.2131 2.5
    endloop
  endfacet
  facet normal 0.104444 0.994531 -0
    outer loop
      vertex 1.98148 -13.2131 2.5
      vertex 1.85674 -13.2 3.2
      vertex 1.98148 -13.2131 3.2
    endloop
  endfacet
  facet normal 0.104444 0.994531 0
    outer loop
      vertex 1.85674 -13.2 3.2
      vertex 1.98148 -13.2131 2.5
      vertex 1.85674 -13.2 2.5
    endloop
  endfacet
  facet normal 0 1 -0
    outer loop
      vertex 1.85674 -13.2 2.5
      vertex -1.85674 -13.2 3.2
      vertex 1.85674 -13.2 3.2
    endloop
  endfacet
  facet normal 0 1 0
    outer loop
      vertex -1.85674 -13.2 3.2
      vertex 1.85674 -13.2 2.5
      vertex -1.85674 -13.2 2.5
    endloop
  endfacet
  facet normal -0.104444 0.994531 0
    outer loop
      vertex -1.85674 -13.2 2.5
      vertex -1.98148 -13.2131 3.2
      vertex -1.85674 -13.2 3.2
    endloop
  endfacet
  facet normal -0.104444 0.994531 0
    outer loop
      vertex -1.98148 -13.2131 3.2
      vertex -1.85674 -13.2 2.5
      vertex -1.98148 -13.2131 2.5
    endloop
  endfacet
  facet normal -0.309308 0.950962 0
    outer loop
      vertex -1.98148 -13.2131 2.5
      vertex -2.10077 -13.2519 3.2
      vertex -1.98148 -13.2131 3.2
    endloop
  endfacet
  facet normal -0.309308 0.950962 0
    outer loop
      vertex -2.10077 -13.2519 3.2
      vertex -1.98148 -13.2131 2.5
      vertex -2.10077 -13.2519 2.5
    endloop
  endfacet
  facet normal -0.499895 0.866086 0
    outer loop
      vertex -2.10077 -13.2519 2.5
      vertex -2.2094 -13.3146 3.2
      vertex -2.10077 -13.2519 3.2
    endloop
  endfacet
  facet normal -0.499895 0.866086 0
    outer loop
      vertex -2.2094 -13.3146 3.2
      vertex -2.10077 -13.2519 2.5
      vertex -2.2094 -13.3146 2.5
    endloop
  endfacet
  facet normal -0.669013 0.743251 0
    outer loop
      vertex -2.2094 -13.3146 2.5
      vertex -2.30261 -13.3985 3.2
      vertex -2.2094 -13.3146 3.2
    endloop
  endfacet
  facet normal -0.669013 0.743251 0
    outer loop
      vertex -2.30261 -13.3985 3.2
      vertex -2.2094 -13.3146 2.5
      vertex -2.30261 -13.3985 2.5
    endloop
  endfacet
  facet normal -0.80907 0.587712 0
    outer loop
      vertex -2.37634 -13.5 2.5
      vertex -2.30261 -13.3985 3.2
      vertex -2.30261 -13.3985 2.5
    endloop
  endfacet
  facet normal -0.80907 0.587712 0
    outer loop
      vertex -2.30261 -13.3985 3.2
      vertex -2.37634 -13.5 2.5
      vertex -2.37634 -13.5 3.2
    endloop
  endfacet
  facet normal -0.913525 0.406782 0
    outer loop
      vertex -2.42737 -13.6146 2.5
      vertex -2.37634 -13.5 3.2
      vertex -2.37634 -13.5 2.5
    endloop
  endfacet
  facet normal -0.913525 0.406782 0
    outer loop
      vertex -2.37634 -13.5 3.2
      vertex -2.42737 -13.6146 2.5
      vertex -2.42737 -13.6146 3.2
    endloop
  endfacet
  facet normal -0.978149 0.207906 0
    outer loop
      vertex -2.45345 -13.7373 2.5
      vertex -2.42737 -13.6146 3.2
      vertex -2.42737 -13.6146 2.5
    endloop
  endfacet
  facet normal -0.978149 0.207906 0
    outer loop
      vertex -2.42737 -13.6146 3.2
      vertex -2.45345 -13.7373 2.5
      vertex -2.45345 -13.7373 3.2
    endloop
  endfacet
  facet normal -1 0 0
    outer loop
      vertex -2.45345 -13.8627 2.5
      vertex -2.45345 -13.7373 3.2
      vertex -2.45345 -13.7373 2.5
    endloop
  endfacet
  facet normal -1 -0 0
    outer loop
      vertex -2.45345 -13.7373 3.2
      vertex -2.45345 -13.8627 2.5
      vertex -2.45345 -13.8627 3.2
    endloop
  endfacet
  facet normal -0.978149 -0.207906 0
    outer loop
      vertex -2.42737 -13.9854 2.5
      vertex -2.45345 -13.8627 3.2
      vertex -2.45345 -13.8627 2.5
    endloop
  endfacet
  facet normal -0.978149 -0.207906 0
    outer loop
      vertex -2.45345 -13.8627 3.2
      vertex -2.42737 -13.9854 2.5
      vertex -2.42737 -13.9854 3.2
    endloop
  endfacet
  facet normal -0.913525 -0.406782 0
    outer loop
      vertex -2.37634 -14.1 2.5
      vertex -2.42737 -13.9854 3.2
      vertex -2.42737 -13.9854 2.5
    endloop
  endfacet
  facet normal -0.913525 -0.406782 0
    outer loop
      vertex -2.42737 -13.9854 3.2
      vertex -2.37634 -14.1 2.5
      vertex -2.37634 -14.1 3.2
    endloop
  endfacet
  facet normal -0.80907 -0.587712 0
    outer loop
      vertex -2.30261 -14.2015 2.5
      vertex -2.37634 -14.1 3.2
      vertex -2.37634 -14.1 2.5
    endloop
  endfacet
  facet normal -0.80907 -0.587712 0
    outer loop
      vertex -2.37634 -14.1 3.2
      vertex -2.30261 -14.2015 2.5
      vertex -2.30261 -14.2015 3.2
    endloop
  endfacet
  facet normal -0.669013 -0.743251 0
    outer loop
      vertex -2.30261 -14.2015 2.5
      vertex -2.2094 -14.2854 3.2
      vertex -2.30261 -14.2015 3.2
    endloop
  endfacet
  facet normal -0.669013 -0.743251 -0
    outer loop
      vertex -2.2094 -14.2854 3.2
      vertex -2.30261 -14.2015 2.5
      vertex -2.2094 -14.2854 2.5
    endloop
  endfacet
  facet normal -0.499895 -0.866086 0
    outer loop
      vertex -2.2094 -14.2854 2.5
      vertex -2.10077 -14.3481 3.2
      vertex -2.2094 -14.2854 3.2
    endloop
  endfacet
  facet normal -0.499895 -0.866086 -0
    outer loop
      vertex -2.10077 -14.3481 3.2
      vertex -2.2094 -14.2854 2.5
      vertex -2.10077 -14.3481 2.5
    endloop
  endfacet
  facet normal -0.309308 -0.950962 0
    outer loop
      vertex -2.10077 -14.3481 2.5
      vertex -1.98148 -14.3869 3.2
      vertex -2.10077 -14.3481 3.2
    endloop
  endfacet
  facet normal -0.309308 -0.950962 -0
    outer loop
      vertex -1.98148 -14.3869 3.2
      vertex -2.10077 -14.3481 2.5
      vertex -1.98148 -14.3869 2.5
    endloop
  endfacet
  facet normal -0.104444 -0.994531 0
    outer loop
      vertex -1.98148 -14.3869 2.5
      vertex -1.85674 -14.4 3.2
      vertex -1.98148 -14.3869 3.2
    endloop
  endfacet
  facet normal -0.104444 -0.994531 -0
    outer loop
      vertex -1.85674 -14.4 3.2
      vertex -1.98148 -14.3869 2.5
      vertex -1.85674 -14.4 2.5
    endloop
  endfacet
  facet normal 0 -1 0
    outer loop
      vertex -1.85674 -14.4 2.5
      vertex 1.85674 -14.4 3.2
      vertex -1.85674 -14.4 3.2
    endloop
  endfacet
  facet normal 0 -1 -0
    outer loop
      vertex 1.85674 -14.4 3.2
      vertex -1.85674 -14.4 2.5
      vertex 1.85674 -14.4 2.5
    endloop
  endfacet
  facet normal 0.104444 -0.994531 0
    outer loop
      vertex 1.85674 -14.4 2.5
      vertex 1.98148 -14.3869 3.2
      vertex 1.85674 -14.4 3.2
    endloop
  endfacet
  facet normal 0.104444 -0.994531 0
    outer loop
      vertex 1.98148 -14.3869 3.2
      vertex 1.85674 -14.4 2.5
      vertex 1.98148 -14.3869 2.5
    endloop
  endfacet
  facet normal 0.309308 -0.950962 0
    outer loop
      vertex 9.2959 -14.3869 2.5
      vertex 9.41519 -14.3481 3.2
      vertex 9.2959 -14.3869 3.2
    endloop
  endfacet
  facet normal 0.309308 -0.950962 0
    outer loop
      vertex 9.41519 -14.3481 3.2
      vertex 9.2959 -14.3869 2.5
      vertex 9.41519 -14.3481 2.5
    endloop
  endfacet
  facet normal 0.499895 -0.866086 0
    outer loop
      vertex 9.41519 -14.3481 2.5
      vertex 9.52382 -14.2854 3.2
      vertex 9.41519 -14.3481 3.2
    endloop
  endfacet
  facet normal 0.499895 -0.866086 0
    outer loop
      vertex 9.52382 -14.2854 3.2
      vertex 9.41519 -14.3481 2.5
      vertex 9.52382 -14.2854 2.5
    endloop
  endfacet
  facet normal 0.669013 -0.743251 0
    outer loop
      vertex 9.52382 -14.2854 2.5
      vertex 9.61703 -14.2015 3.2
      vertex 9.52382 -14.2854 3.2
    endloop
  endfacet
  facet normal 0.669013 -0.743251 0
    outer loop
      vertex 9.61703 -14.2015 3.2
      vertex 9.52382 -14.2854 2.5
      vertex 9.61703 -14.2015 2.5
    endloop
  endfacet
  facet normal 0.809032 -0.587764 0
    outer loop
      vertex 9.61703 -14.2015 3.2
      vertex 9.69077 -14.1 2.5
      vertex 9.69077 -14.1 3.2
    endloop
  endfacet
  facet normal 0.809032 -0.587764 0
    outer loop
      vertex 9.69077 -14.1 2.5
      vertex 9.61703 -14.2015 3.2
      vertex 9.61703 -14.2015 2.5
    endloop
  endfacet
  facet normal 0.913555 -0.406715 0
    outer loop
      vertex 9.69077 -14.1 3.2
      vertex 9.74179 -13.9854 2.5
      vertex 9.74179 -13.9854 3.2
    endloop
  endfacet
  facet normal 0.913555 -0.406715 0
    outer loop
      vertex 9.74179 -13.9854 2.5
      vertex 9.69077 -14.1 3.2
      vertex 9.69077 -14.1 2.5
    endloop
  endfacet
  facet normal 0.978149 -0.207906 0
    outer loop
      vertex 9.74179 -13.9854 3.2
      vertex 9.76787 -13.8627 2.5
      vertex 9.76787 -13.8627 3.2
    endloop
  endfacet
  facet normal 0.978149 -0.207906 0
    outer loop
      vertex 9.76787 -13.8627 2.5
      vertex 9.74179 -13.9854 3.2
      vertex 9.74179 -13.9854 2.5
    endloop
  endfacet
  facet normal 1 -0 0
    outer loop
      vertex 9.76787 -13.8627 3.2
      vertex 9.76787 -13.7373 2.5
      vertex 9.76787 -13.7373 3.2
    endloop
  endfacet
  facet normal 1 0 0
    outer loop
      vertex 9.76787 -13.7373 2.5
      vertex 9.76787 -13.8627 3.2
      vertex 9.76787 -13.8627 2.5
    endloop
  endfacet
  facet normal 0.978149 0.207906 0
    outer loop
      vertex 9.76787 -13.7373 3.2
      vertex 9.74179 -13.6146 2.5
      vertex 9.74179 -13.6146 3.2
    endloop
  endfacet
  facet normal 0.978149 0.207906 0
    outer loop
      vertex 9.74179 -13.6146 2.5
      vertex 9.76787 -13.7373 3.2
      vertex 9.76787 -13.7373 2.5
    endloop
  endfacet
  facet normal 0.913555 0.406715 0
    outer loop
      vertex 9.74179 -13.6146 3.2
      vertex 9.69077 -13.5 2.5
      vertex 9.69077 -13.5 3.2
    endloop
  endfacet
  facet normal 0.913555 0.406715 0
    outer loop
      vertex 9.69077 -13.5 2.5
      vertex 9.74179 -13.6146 3.2
      vertex 9.74179 -13.6146 2.5
    endloop
  endfacet
  facet normal 0.809032 0.587764 0
    outer loop
      vertex 9.69077 -13.5 3.2
      vertex 9.61703 -13.3985 2.5
      vertex 9.61703 -13.3985 3.2
    endloop
  endfacet
  facet normal 0.809032 0.587764 0
    outer loop
      vertex 9.61703 -13.3985 2.5
      vertex 9.69077 -13.5 3.2
      vertex 9.69077 -13.5 2.5
    endloop
  endfacet
  facet normal 0.669013 0.743251 -0
    outer loop
      vertex 9.61703 -13.3985 2.5
      vertex 9.52382 -13.3146 3.2
      vertex 9.61703 -13.3985 3.2
    endloop
  endfacet
  facet normal 0.669013 0.743251 0
    outer loop
      vertex 9.52382 -13.3146 3.2
      vertex 9.61703 -13.3985 2.5
      vertex 9.52382 -13.3146 2.5
    endloop
  endfacet
  facet normal 0.499895 0.866086 -0
    outer loop
      vertex 9.52382 -13.3146 2.5
      vertex 9.41519 -13.2519 3.2
      vertex 9.52382 -13.3146 3.2
    endloop
  endfacet
  facet normal 0.499895 0.866086 0
    outer loop
      vertex 9.41519 -13.2519 3.2
      vertex 9.52382 -13.3146 2.5
      vertex 9.41519 -13.2519 2.5
    endloop
  endfacet
  facet normal 0.309308 0.950962 -0
    outer loop
      vertex 9.41519 -13.2519 2.5
      vertex 9.2959 -13.2131 3.2
      vertex 9.41519 -13.2519 3.2
    endloop
  endfacet
  facet normal 0.309308 0.950962 0
    outer loop
      vertex 9.2959 -13.2131 3.2
      vertex 9.41519 -13.2519 2.5
      vertex 9.2959 -13.2131 2.5
    endloop
  endfacet
  facet normal 0.104444 0.994531 -0
    outer loop
      vertex 9.2959 -13.2131 2.5
      vertex 9.17116 -13.2 3.2
      vertex 9.2959 -13.2131 3.2
    endloop
  endfacet
  facet normal 0.104444 0.994531 0
    outer loop
      vertex 9.17116 -13.2 3.2
      vertex 9.2959 -13.2131 2.5
      vertex 9.17116 -13.2 2.5
    endloop
  endfacet
  facet normal 0 1 -0
    outer loop
      vertex 9.17116 -13.2 2.5
      vertex 5.45767 -13.2 3.2
      vertex 9.17116 -13.2 3.2
    endloop
  endfacet
  facet normal 0 1 0
    outer loop
      vertex 5.45767 -13.2 3.2
      vertex 9.17116 -13.2 2.5
      vertex 5.45767 -13.2 2.5
    endloop
  endfacet
  facet normal -0.104444 0.994531 0
    outer loop
      vertex 5.45767 -13.2 2.5
      vertex 5.33293 -13.2131 3.2
      vertex 5.45767 -13.2 3.2
    endloop
  endfacet
  facet normal -0.104444 0.994531 0
    outer loop
      vertex 5.33293 -13.2131 3.2
      vertex 5.45767 -13.2 2.5
      vertex 5.33293 -13.2131 2.5
    endloop
  endfacet
  facet normal -0.309308 0.950962 0
    outer loop
      vertex 5.33293 -13.2131 2.5
      vertex 5.21364 -13.2519 3.2
      vertex 5.33293 -13.2131 3.2
    endloop
  endfacet
  facet normal -0.309308 0.950962 0
    outer loop
      vertex 5.21364 -13.2519 3.2
      vertex 5.33293 -13.2131 2.5
      vertex 5.21364 -13.2519 2.5
    endloop
  endfacet
  facet normal -0.499895 0.866086 0
    outer loop
      vertex 5.21364 -13.2519 2.5
      vertex 5.10501 -13.3146 3.2
      vertex 5.21364 -13.2519 3.2
    endloop
  endfacet
  facet normal -0.499895 0.866086 0
    outer loop
      vertex 5.10501 -13.3146 3.2
      vertex 5.21364 -13.2519 2.5
      vertex 5.10501 -13.3146 2.5
    endloop
  endfacet
  facet normal -0.669013 0.743251 0
    outer loop
      vertex 5.10501 -13.3146 2.5
      vertex 5.0118 -13.3985 3.2
      vertex 5.10501 -13.3146 3.2
    endloop
  endfacet
  facet normal -0.669013 0.743251 0
    outer loop
      vertex 5.0118 -13.3985 3.2
      vertex 5.10501 -13.3146 2.5
      vertex 5.0118 -13.3985 2.5
    endloop
  endfacet
  facet normal -0.809032 0.587764 0
    outer loop
      vertex 4.93806 -13.5 2.5
      vertex 5.0118 -13.3985 3.2
      vertex 5.0118 -13.3985 2.5
    endloop
  endfacet
  facet normal -0.809032 0.587764 0
    outer loop
      vertex 5.0118 -13.3985 3.2
      vertex 4.93806 -13.5 2.5
      vertex 4.93806 -13.5 3.2
    endloop
  endfacet
  facet normal -0.913555 0.406715 0
    outer loop
      vertex 4.88704 -13.6146 2.5
      vertex 4.93806 -13.5 3.2
      vertex 4.93806 -13.5 2.5
    endloop
  endfacet
  facet normal -0.913555 0.406715 0
    outer loop
      vertex 4.93806 -13.5 3.2
      vertex 4.88704 -13.6146 2.5
      vertex 4.88704 -13.6146 3.2
    endloop
  endfacet
  facet normal -0.978149 0.207906 0
    outer loop
      vertex 4.86096 -13.7373 2.5
      vertex 4.88704 -13.6146 3.2
      vertex 4.88704 -13.6146 2.5
    endloop
  endfacet
  facet normal -0.978149 0.207906 0
    outer loop
      vertex 4.88704 -13.6146 3.2
      vertex 4.86096 -13.7373 2.5
      vertex 4.86096 -13.7373 3.2
    endloop
  endfacet
  facet normal -1 0 0
    outer loop
      vertex 4.86096 -13.8627 2.5
      vertex 4.86096 -13.7373 3.2
      vertex 4.86096 -13.7373 2.5
    endloop
  endfacet
  facet normal -1 -0 0
    outer loop
      vertex 4.86096 -13.7373 3.2
      vertex 4.86096 -13.8627 2.5
      vertex 4.86096 -13.8627 3.2
    endloop
  endfacet
  facet normal -0.978149 -0.207906 0
    outer loop
      vertex 4.88704 -13.9854 2.5
      vertex 4.86096 -13.8627 3.2
      vertex 4.86096 -13.8627 2.5
    endloop
  endfacet
  facet normal -0.978149 -0.207906 0
    outer loop
      vertex 4.86096 -13.8627 3.2
      vertex 4.88704 -13.9854 2.5
      vertex 4.88704 -13.9854 3.2
    endloop
  endfacet
  facet normal -0.913555 -0.406715 0
    outer loop
      vertex 4.93806 -14.1 2.5
      vertex 4.88704 -13.9854 3.2
      vertex 4.88704 -13.9854 2.5
    endloop
  endfacet
  facet normal -0.913555 -0.406715 0
    outer loop
      vertex 4.88704 -13.9854 3.2
      vertex 4.93806 -14.1 2.5
      vertex 4.93806 -14.1 3.2
    endloop
  endfacet
  facet normal -0.809032 -0.587764 0
    outer loop
      vertex 5.0118 -14.2015 2.5
      vertex 4.93806 -14.1 3.2
      vertex 4.93806 -14.1 2.5
    endloop
  endfacet
  facet normal -0.809032 -0.587764 0
    outer loop
      vertex 4.93806 -14.1 3.2
      vertex 5.0118 -14.2015 2.5
      vertex 5.0118 -14.2015 3.2
    endloop
  endfacet
  facet normal -0.669013 -0.743251 0
    outer loop
      vertex 5.0118 -14.2015 2.5
      vertex 5.10501 -14.2854 3.2
      vertex 5.0118 -14.2015 3.2
    endloop
  endfacet
  facet normal -0.669013 -0.743251 -0
    outer loop
      vertex 5.10501 -14.2854 3.2
      vertex 5.0118 -14.2015 2.5
      vertex 5.10501 -14.2854 2.5
    endloop
  endfacet
  facet normal -0.499895 -0.866086 0
    outer loop
      vertex 5.10501 -14.2854 2.5
      vertex 5.21364 -14.3481 3.2
      vertex 5.10501 -14.2854 3.2
    endloop
  endfacet
  facet normal -0.499895 -0.866086 -0
    outer loop
      vertex 5.21364 -14.3481 3.2
      vertex 5.10501 -14.2854 2.5
      vertex 5.21364 -14.3481 2.5
    endloop
  endfacet
  facet normal -0.309308 -0.950962 0
    outer loop
      vertex 5.21364 -14.3481 2.5
      vertex 5.33293 -14.3869 3.2
      vertex 5.21364 -14.3481 3.2
    endloop
  endfacet
  facet normal -0.309308 -0.950962 -0
    outer loop
      vertex 5.33293 -14.3869 3.2
      vertex 5.21364 -14.3481 2.5
      vertex 5.33293 -14.3869 2.5
    endloop
  endfacet
  facet normal -0.104444 -0.994531 0
    outer loop
      vertex 5.33293 -14.3869 2.5
      vertex 5.45767 -14.4 3.2
      vertex 5.33293 -14.3869 3.2
    endloop
  endfacet
  facet normal -0.104444 -0.994531 -0
    outer loop
      vertex 5.45767 -14.4 3.2
      vertex 5.33293 -14.3869 2.5
      vertex 5.45767 -14.4 2.5
    endloop
  endfacet
  facet normal 0 -1 0
    outer loop
      vertex 5.45767 -14.4 2.5
      vertex 9.17116 -14.4 3.2
      vertex 5.45767 -14.4 3.2
    endloop
  endfacet
  facet normal 0 -1 -0
    outer loop
      vertex 9.17116 -14.4 3.2
      vertex 5.45767 -14.4 2.5
      vertex 9.17116 -14.4 2.5
    endloop
  endfacet
  facet normal 0.104444 -0.994531 0
    outer loop
      vertex 9.17116 -14.4 2.5
      vertex 9.2959 -14.3869 3.2
      vertex 9.17116 -14.4 3.2
    endloop
  endfacet
  facet normal 0.104444 -0.994531 0
    outer loop
      vertex 9.2959 -14.3869 3.2
      vertex 9.17116 -14.4 2.5
      vertex 9.2959 -14.3869 2.5
    endloop
  endfacet
  facet normal 0.309284 -0.95097 0
    outer loop
      vertex 16.6103 -14.3869 2.5
      vertex 16.7296 -14.3481 3.2
      vertex 16.6103 -14.3869 3.2
    endloop
  endfacet
  facet normal 0.309284 -0.95097 0
    outer loop
      vertex 16.7296 -14.3481 3.2
      vertex 16.6103 -14.3869 2.5
      vertex 16.7296 -14.3481 2.5
    endloop
  endfacet
  facet normal 0.499999 -0.866026 0
    outer loop
      vertex 16.7296 -14.3481 2.5
      vertex 16.8382 -14.2854 3.2
      vertex 16.7296 -14.3481 3.2
    endloop
  endfacet
  facet normal 0.499999 -0.866026 0
    outer loop
      vertex 16.8382 -14.2854 3.2
      vertex 16.7296 -14.3481 2.5
      vertex 16.8382 -14.2854 2.5
    endloop
  endfacet
  facet normal 0.669053 -0.743215 0
    outer loop
      vertex 16.8382 -14.2854 2.5
      vertex 16.9314 -14.2015 3.2
      vertex 16.8382 -14.2854 3.2
    endloop
  endfacet
  facet normal 0.669053 -0.743215 0
    outer loop
      vertex 16.9314 -14.2015 3.2
      vertex 16.8382 -14.2854 2.5
      vertex 16.9314 -14.2015 2.5
    endloop
  endfacet
  facet normal 0.808805 -0.588077 0
    outer loop
      vertex 16.9314 -14.2015 3.2
      vertex 17.0052 -14.1 2.5
      vertex 17.0052 -14.1 3.2
    endloop
  endfacet
  facet normal 0.808805 -0.588077 0
    outer loop
      vertex 17.0052 -14.1 2.5
      vertex 16.9314 -14.2015 3.2
      vertex 16.9314 -14.2015 2.5
    endloop
  endfacet
  facet normal 0.913614 -0.406582 0
    outer loop
      vertex 17.0052 -14.1 3.2
      vertex 17.0562 -13.9854 2.5
      vertex 17.0562 -13.9854 3.2
    endloop
  endfacet
  facet normal 0.913614 -0.406582 0
    outer loop
      vertex 17.0562 -13.9854 2.5
      vertex 17.0052 -14.1 3.2
      vertex 17.0052 -14.1 2.5
    endloop
  endfacet
  facet normal 0.978116 -0.208059 0
    outer loop
      vertex 17.0562 -13.9854 3.2
      vertex 17.0823 -13.8627 2.5
      vertex 17.0823 -13.8627 3.2
    endloop
  endfacet
  facet normal 0.978116 -0.208059 0
    outer loop
      vertex 17.0823 -13.8627 2.5
      vertex 17.0562 -13.9854 3.2
      vertex 17.0562 -13.9854 2.5
    endloop
  endfacet
  facet normal 1 -0 0
    outer loop
      vertex 17.0823 -13.8627 3.2
      vertex 17.0823 -13.7373 2.5
      vertex 17.0823 -13.7373 3.2
    endloop
  endfacet
  facet normal 1 0 0
    outer loop
      vertex 17.0823 -13.7373 2.5
      vertex 17.0823 -13.8627 3.2
      vertex 17.0823 -13.8627 2.5
    endloop
  endfacet
  facet normal 0.978116 0.208059 0
    outer loop
      vertex 17.0823 -13.7373 3.2
      vertex 17.0562 -13.6146 2.5
      vertex 17.0562 -13.6146 3.2
    endloop
  endfacet
  facet normal 0.978116 0.208059 0
    outer loop
      vertex 17.0562 -13.6146 2.5
      vertex 17.0823 -13.7373 3.2
      vertex 17.0823 -13.7373 2.5
    endloop
  endfacet
  facet normal 0.913614 0.406582 0
    outer loop
      vertex 17.0562 -13.6146 3.2
      vertex 17.0052 -13.5 2.5
      vertex 17.0052 -13.5 3.2
    endloop
  endfacet
  facet normal 0.913614 0.406582 0
    outer loop
      vertex 17.0052 -13.5 2.5
      vertex 17.0562 -13.6146 3.2
      vertex 17.0562 -13.6146 2.5
    endloop
  endfacet
  facet normal 0.808805 0.588077 0
    outer loop
      vertex 17.0052 -13.5 3.2
      vertex 16.9314 -13.3985 2.5
      vertex 16.9314 -13.3985 3.2
    endloop
  endfacet
  facet normal 0.808805 0.588077 0
    outer loop
      vertex 16.9314 -13.3985 2.5
      vertex 17.0052 -13.5 3.2
      vertex 17.0052 -13.5 2.5
    endloop
  endfacet
  facet normal 0.669053 0.743215 -0
    outer loop
      vertex 16.9314 -13.3985 2.5
      vertex 16.8382 -13.3146 3.2
      vertex 16.9314 -13.3985 3.2
    endloop
  endfacet
  facet normal 0.669053 0.743215 0
    outer loop
      vertex 16.8382 -13.3146 3.2
      vertex 16.9314 -13.3985 2.5
      vertex 16.8382 -13.3146 2.5
    endloop
  endfacet
  facet normal 0.499999 0.866026 -0
    outer loop
      vertex 16.8382 -13.3146 2.5
      vertex 16.7296 -13.2519 3.2
      vertex 16.8382 -13.3146 3.2
    endloop
  endfacet
  facet normal 0.499999 0.866026 0
    outer loop
      vertex 16.7296 -13.2519 3.2
      vertex 16.8382 -13.3146 2.5
      vertex 16.7296 -13.2519 2.5
    endloop
  endfacet
  facet normal 0.309284 0.95097 -0
    outer loop
      vertex 16.7296 -13.2519 2.5
      vertex 16.6103 -13.2131 3.2
      vertex 16.7296 -13.2519 3.2
    endloop
  endfacet
  facet normal 0.309284 0.95097 0
    outer loop
      vertex 16.6103 -13.2131 3.2
      vertex 16.7296 -13.2519 2.5
      vertex 16.6103 -13.2131 2.5
    endloop
  endfacet
  facet normal 0.104477 0.994527 -0
    outer loop
      vertex 16.6103 -13.2131 2.5
      vertex 16.4856 -13.2 3.2
      vertex 16.6103 -13.2131 3.2
    endloop
  endfacet
  facet normal 0.104477 0.994527 0
    outer loop
      vertex 16.4856 -13.2 3.2
      vertex 16.6103 -13.2131 2.5
      vertex 16.4856 -13.2 2.5
    endloop
  endfacet
  facet normal 0 1 -0
    outer loop
      vertex 16.4856 -13.2 2.5
      vertex 12.7721 -13.2 3.2
      vertex 16.4856 -13.2 3.2
    endloop
  endfacet
  facet normal 0 1 0
    outer loop
      vertex 12.7721 -13.2 3.2
      vertex 16.4856 -13.2 2.5
      vertex 12.7721 -13.2 2.5
    endloop
  endfacet
  facet normal -0.104477 0.994527 0
    outer loop
      vertex 12.7721 -13.2 2.5
      vertex 12.6474 -13.2131 3.2
      vertex 12.7721 -13.2 3.2
    endloop
  endfacet
  facet normal -0.104477 0.994527 0
    outer loop
      vertex 12.6474 -13.2131 3.2
      vertex 12.7721 -13.2 2.5
      vertex 12.6474 -13.2131 2.5
    endloop
  endfacet
  facet normal -0.309284 0.95097 0
    outer loop
      vertex 12.6474 -13.2131 2.5
      vertex 12.5281 -13.2519 3.2
      vertex 12.6474 -13.2131 3.2
    endloop
  endfacet
  facet normal -0.309284 0.95097 0
    outer loop
      vertex 12.5281 -13.2519 3.2
      vertex 12.6474 -13.2131 2.5
      vertex 12.5281 -13.2519 2.5
    endloop
  endfacet
  facet normal -0.499653 0.866225 0
    outer loop
      vertex 12.5281 -13.2519 2.5
      vertex 12.4194 -13.3146 3.2
      vertex 12.5281 -13.2519 3.2
    endloop
  endfacet
  facet normal -0.499653 0.866225 0
    outer loop
      vertex 12.4194 -13.3146 3.2
      vertex 12.5281 -13.2519 2.5
      vertex 12.4194 -13.3146 2.5
    endloop
  endfacet
  facet normal -0.669053 0.743215 0
    outer loop
      vertex 12.4194 -13.3146 2.5
      vertex 12.3262 -13.3985 3.2
      vertex 12.4194 -13.3146 3.2
    endloop
  endfacet
  facet normal -0.669053 0.743215 0
    outer loop
      vertex 12.3262 -13.3985 3.2
      vertex 12.4194 -13.3146 2.5
      vertex 12.3262 -13.3985 2.5
    endloop
  endfacet
  facet normal -0.809184 0.587555 0
    outer loop
      vertex 12.2525 -13.5 2.5
      vertex 12.3262 -13.3985 3.2
      vertex 12.3262 -13.3985 2.5
    endloop
  endfacet
  facet normal -0.809184 0.587555 0
    outer loop
      vertex 12.3262 -13.3985 3.2
      vertex 12.2525 -13.5 2.5
      vertex 12.2525 -13.5 3.2
    endloop
  endfacet
  facet normal -0.913614 0.406582 0
    outer loop
      vertex 12.2015 -13.6146 2.5
      vertex 12.2525 -13.5 3.2
      vertex 12.2525 -13.5 2.5
    endloop
  endfacet
  facet normal -0.913614 0.406582 0
    outer loop
      vertex 12.2525 -13.5 3.2
      vertex 12.2015 -13.6146 2.5
      vertex 12.2015 -13.6146 3.2
    endloop
  endfacet
  facet normal -0.978116 0.208059 0
    outer loop
      vertex 12.1754 -13.7373 2.5
      vertex 12.2015 -13.6146 3.2
      vertex 12.2015 -13.6146 2.5
    endloop
  endfacet
  facet normal -0.978116 0.208059 0
    outer loop
      vertex 12.2015 -13.6146 3.2
      vertex 12.1754 -13.7373 2.5
      vertex 12.1754 -13.7373 3.2
    endloop
  endfacet
  facet normal -1 0 0
    outer loop
      vertex 12.1754 -13.8627 2.5
      vertex 12.1754 -13.7373 3.2
      vertex 12.1754 -13.7373 2.5
    endloop
  endfacet
  facet normal -1 -0 0
    outer loop
      vertex 12.1754 -13.7373 3.2
      vertex 12.1754 -13.8627 2.5
      vertex 12.1754 -13.8627 3.2
    endloop
  endfacet
  facet normal -0.978116 -0.208059 0
    outer loop
      vertex 12.2015 -13.9854 2.5
      vertex 12.1754 -13.8627 3.2
      vertex 12.1754 -13.8627 2.5
    endloop
  endfacet
  facet normal -0.978116 -0.208059 0
    outer loop
      vertex 12.1754 -13.8627 3.2
      vertex 12.2015 -13.9854 2.5
      vertex 12.2015 -13.9854 3.2
    endloop
  endfacet
  facet normal -0.913614 -0.406582 0
    outer loop
      vertex 12.2525 -14.1 2.5
      vertex 12.2015 -13.9854 3.2
      vertex 12.2015 -13.9854 2.5
    endloop
  endfacet
  facet normal -0.913614 -0.406582 0
    outer loop
      vertex 12.2015 -13.9854 3.2
      vertex 12.2525 -14.1 2.5
      vertex 12.2525 -14.1 3.2
    endloop
  endfacet
  facet normal -0.809184 -0.587555 0
    outer loop
      vertex 12.3262 -14.2015 2.5
      vertex 12.2525 -14.1 3.2
      vertex 12.2525 -14.1 2.5
    endloop
  endfacet
  facet normal -0.809184 -0.587555 0
    outer loop
      vertex 12.2525 -14.1 3.2
      vertex 12.3262 -14.2015 2.5
      vertex 12.3262 -14.2015 3.2
    endloop
  endfacet
  facet normal -0.669053 -0.743215 0
    outer loop
      vertex 12.3262 -14.2015 2.5
      vertex 12.4194 -14.2854 3.2
      vertex 12.3262 -14.2015 3.2
    endloop
  endfacet
  facet normal -0.669053 -0.743215 -0
    outer loop
      vertex 12.4194 -14.2854 3.2
      vertex 12.3262 -14.2015 2.5
      vertex 12.4194 -14.2854 2.5
    endloop
  endfacet
  facet normal -0.499653 -0.866225 0
    outer loop
      vertex 12.4194 -14.2854 2.5
      vertex 12.5281 -14.3481 3.2
      vertex 12.4194 -14.2854 3.2
    endloop
  endfacet
  facet normal -0.499653 -0.866225 -0
    outer loop
      vertex 12.5281 -14.3481 3.2
      vertex 12.4194 -14.2854 2.5
      vertex 12.5281 -14.3481 2.5
    endloop
  endfacet
  facet normal -0.309284 -0.95097 0
    outer loop
      vertex 12.5281 -14.3481 2.5
      vertex 12.6474 -14.3869 3.2
      vertex 12.5281 -14.3481 3.2
    endloop
  endfacet
  facet normal -0.309284 -0.95097 -0
    outer loop
      vertex 12.6474 -14.3869 3.2
      vertex 12.5281 -14.3481 2.5
      vertex 12.6474 -14.3869 2.5
    endloop
  endfacet
  facet normal -0.104477 -0.994527 0
    outer loop
      vertex 12.6474 -14.3869 2.5
      vertex 12.7721 -14.4 3.2
      vertex 12.6474 -14.3869 3.2
    endloop
  endfacet
  facet normal -0.104477 -0.994527 -0
    outer loop
      vertex 12.7721 -14.4 3.2
      vertex 12.6474 -14.3869 2.5
      vertex 12.7721 -14.4 2.5
    endloop
  endfacet
  facet normal 0 -1 0
    outer loop
      vertex 12.7721 -14.4 2.5
      vertex 16.4856 -14.4 3.2
      vertex 12.7721 -14.4 3.2
    endloop
  endfacet
  facet normal 0 -1 -0
    outer loop
      vertex 16.4856 -14.4 3.2
      vertex 12.7721 -14.4 2.5
      vertex 16.4856 -14.4 2.5
    endloop
  endfacet
  facet normal 0.104477 -0.994527 0
    outer loop
      vertex 16.4856 -14.4 2.5
      vertex 16.6103 -14.3869 3.2
      vertex 16.4856 -14.4 3.2
    endloop
  endfacet
  facet normal 0.104477 -0.994527 0
    outer loop
      vertex 16.6103 -14.3869 3.2
      vertex 16.4856 -14.4 2.5
      vertex 16.6103 -14.3869 2.5
    endloop
  endfacet
  facet normal 0 0 1
    outer loop
      vertex 24.5556 14.8315 2.5
      vertex -24.99 -14.99 2.5
      vertex 24.7071 14.7071 2.5
    endloop
  endfacet
  facet normal 0.995193 -0.097938 0
    outer loop
      vertex 24.9808 -14.1951 2.5
      vertex 25 -14 -2.5
      vertex 25 -14 2.5
    endloop
  endfacet
  facet normal 0.995193 -0.097938 0
    outer loop
      vertex 25 -14 -2.5
      vertex 24.9808 -14.1951 2.5
      vertex 24.9808 -14.1951 -2.5
    endloop
  endfacet
  facet normal 0.634598 0.772842 -0
    outer loop
      vertex 24.7071 14.7071 -2.5
      vertex 24.5556 14.8315 2.5
      vertex 24.7071 14.7071 2.5
    endloop
  endfacet
  facet normal 0.634598 0.772842 0
    outer loop
      vertex 24.5556 14.8315 2.5
      vertex 24.7071 14.7071 -2.5
      vertex 24.5556 14.8315 -2.5
    endloop
  endfacet
  facet normal 0 0 -1
    outer loop
      vertex 8.37931 4.64675 -2.5
      vertex 24.8315 14.5556 -2.5
      vertex 24.9239 14.3827 -2.5
    endloop
  endfacet
  facet normal 0 0 -1
    outer loop
      vertex 24.8315 14.5556 -2.5
      vertex 8.37931 4.64675 -2.5
      vertex 7.97923 4.56171 -2.5
    endloop
  endfacet
  facet normal -0 0 -1
    outer loop
      vertex -2.19184 -1.57403 -2.5
      vertex -24.99 -14.99 -2.5
      vertex -2.23657 -1.49656 -2.5
    endloop
  endfacet
  facet normal 0 0 -1
    outer loop
      vertex 2.38298 1.24297 -2.5
      vertex 5.22029 2.78776 -2.5
      vertex 2.43679 1.14977 -2.5
    endloop
  endfacet
  facet normal -0 0 -1
    outer loop
      vertex 5.22029 2.78776 -2.5
      vertex 2.38298 1.24297 -2.5
      vertex 5.48654 3.08347 -2.5
    endloop
  endfacet
  facet normal 0 0 -1
    outer loop
      vertex 2.19221 1.5734 -2.5
      vertex 24 15 -2.5
      vertex 24.1951 14.9808 -2.5
    endloop
  endfacet
  facet normal 0 0 -1
    outer loop
      vertex 2.18435 1.58702 -2.5
      vertex 24 15 -2.5
      vertex 2.19221 1.5734 -2.5
    endloop
  endfacet
  facet normal 0 0 -1
    outer loop
      vertex 24 15 -2.5
      vertex 2.18435 1.58702 -2.5
      vertex 2.15057 1.62453 -2.5
    endloop
  endfacet
  facet normal -0 0 -1
    outer loop
      vertex -2.39515 -1.2219 -2.5
      vertex -6.15985 -3.46283 -2.5
      vertex -2.42232 -1.17484 -2.5
    endloop
  endfacet
  facet normal 0 0 -1
    outer loop
      vertex -2.39515 -1.2219 -2.5
      vertex -6.4 -3.63731 -2.5
      vertex -6.15985 -3.46283 -2.5
    endloop
  endfacet
  facet normal 0 0 -1
    outer loop
      vertex -6.4 -3.63731 -2.5
      vertex -24.99 -14.99 -2.5
      vertex -6.56454 -3.71056 -2.5
    endloop
  endfacet
  facet normal 0 0 -1
    outer loop
      vertex -24.99 -14.99 -2.5
      vertex -6.4 -3.63731 -2.5
      vertex -2.39515 -1.2219 -2.5
    endloop
  endfacet
  facet normal 0.956951 0.290248 0
    outer loop
      vertex 24.9808 14.1951 2.5
      vertex 24.9239 14.3827 -2.5
      vertex 24.9239 14.3827 2.5
    endloop
  endfacet
  facet normal 0.956951 0.290248 0
    outer loop
      vertex 24.9239 14.3827 -2.5
      vertex 24.9808 14.1951 2.5
      vertex 24.9808 14.1951 -2.5
    endloop
  endfacet
  facet normal -0 0 1
    outer loop
      vertex -24.7071 14.7071 2.5
      vertex -25 -14.99 2.5
      vertex -24.5556 14.8315 2.5
    endloop
  endfacet
  facet normal 0.772842 0.634598 0
    outer loop
      vertex 24.8315 14.5556 2.5
      vertex 24.7071 14.7071 -2.5
      vertex 24.7071 14.7071 2.5
    endloop
  endfacet
  facet normal 0.772842 0.634598 0
    outer loop
      vertex 24.7071 14.7071 -2.5
      vertex 24.8315 14.5556 2.5
      vertex 24.8315 14.5556 -2.5
    endloop
  endfacet
  facet normal 0.956951 -0.290248 0
    outer loop
      vertex 24.9239 -14.3827 2.5
      vertex 24.9808 -14.1951 -2.5
      vertex 24.9808 -14.1951 2.5
    endloop
  endfacet
  facet normal 0.956951 -0.290248 0
    outer loop
      vertex 24.9808 -14.1951 -2.5
      vertex 24.9239 -14.3827 2.5
      vertex 24.9239 -14.3827 -2.5
    endloop
  endfacet
  facet normal 0 0 1
    outer loop
      vertex 24.9239 -14.3827 2.5
      vertex -24.99 -15 2.5
      vertex 24.8315 -14.5556 2.5
    endloop
  endfacet
  facet normal -0 0 -1
    outer loop
      vertex 24.3827 -14.9239 -2.5
      vertex -24.99 -15 -2.5
      vertex 24.5556 -14.8315 -2.5
    endloop
  endfacet
  facet normal -0 0 1
    outer loop
      vertex -24.3827 14.9239 2.5
      vertex -25 -14.99 2.5
      vertex -24.1951 14.9808 2.5
    endloop
  endfacet
  facet normal 1 -0 0
    outer loop
      vertex 25 -14 2.5
      vertex 25 14 -2.5
      vertex 25 14 2.5
    endloop
  endfacet
  facet normal 1 0 0
    outer loop
      vertex 25 14 -2.5
      vertex 25 -14 2.5
      vertex 25 -14 -2.5
    endloop
  endfacet
  facet normal 0 0 -1
    outer loop
      vertex -24.1951 14.9808 -2.5
      vertex -25 -14.99 -2.5
      vertex -24.3827 14.9239 -2.5
    endloop
  endfacet
  facet normal 0 0 1
    outer loop
      vertex 24.3827 -14.9239 2.5
      vertex -24.99 -15 2.5
      vertex 24.1951 -14.9808 2.5
    endloop
  endfacet
  facet normal -0 0 -1
    outer loop
      vertex 24.9808 -14.1951 -2.5
      vertex -24.99 -15 -2.5
      vertex 25 -14 -2.5
    endloop
  endfacet
  facet normal 0 0 -1
    outer loop
      vertex -24.9808 14.1951 -2.5
      vertex -25 -14.99 -2.5
      vertex -25 14 -2.5
    endloop
  endfacet
  facet normal -0.881957 0.471329 0
    outer loop
      vertex -24.9239 14.3827 -2.5
      vertex -24.8315 14.5556 2.5
      vertex -24.8315 14.5556 -2.5
    endloop
  endfacet
  facet normal -0.881957 0.471329 0
    outer loop
      vertex -24.8315 14.5556 2.5
      vertex -24.9239 14.3827 -2.5
      vertex -24.9239 14.3827 2.5
    endloop
  endfacet
  facet normal 0 0 -1
    outer loop
      vertex 6.75346 4.11638 -2.5
      vertex 24.3827 14.9239 -2.5
      vertex 24.5556 14.8315 -2.5
    endloop
  endfacet
  facet normal 0 0 -1
    outer loop
      vertex 6.65 4.07032 -2.5
      vertex 24.3827 14.9239 -2.5
      vertex 6.75346 4.11638 -2.5
    endloop
  endfacet
  facet normal 0 0 -1
    outer loop
      vertex 2.23253 1.50356 -2.5
      vertex 6.51996 3.97584 -2.5
      vertex 2.27894 1.42317 -2.5
    endloop
  endfacet
  facet normal -0 0 -1
    outer loop
      vertex 6.51996 3.97584 -2.5
      vertex 2.23253 1.50356 -2.5
      vertex 6.65 4.07032 -2.5
    endloop
  endfacet
  facet normal -0 0 -1
    outer loop
      vertex 6.65 4.07032 -2.5
      vertex 2.23253 1.50356 -2.5
      vertex 24.3827 14.9239 -2.5
    endloop
  endfacet
  facet normal -0 0 -1
    outer loop
      vertex -2.32305 -1.34677 -2.5
      vertex -24.99 -14.99 -2.5
      vertex -2.36163 -1.27995 -2.5
    endloop
  endfacet
  facet normal 0 0 1
    outer loop
      vertex 24.3827 14.9239 2.5
      vertex -24.99 -14.99 2.5
      vertex 24.5556 14.8315 2.5
    endloop
  endfacet
  facet normal -0 0 -1
    outer loop
      vertex 24.7071 -14.7071 -2.5
      vertex -24.99 -15 -2.5
      vertex 24.8315 -14.5556 -2.5
    endloop
  endfacet
  facet normal 0 0 1
    outer loop
      vertex 24.8315 -14.5556 2.5
      vertex -24.99 -15 2.5
      vertex 24.7071 -14.7071 2.5
    endloop
  endfacet
  facet normal 0.772842 -0.634598 0
    outer loop
      vertex 24.7071 -14.7071 2.5
      vertex 24.8315 -14.5556 -2.5
      vertex 24.8315 -14.5556 2.5
    endloop
  endfacet
  facet normal 0.772842 -0.634598 0
    outer loop
      vertex 24.8315 -14.5556 -2.5
      vertex 24.7071 -14.7071 2.5
      vertex 24.7071 -14.7071 -2.5
    endloop
  endfacet
  facet normal 0 0 1
    outer loop
      vertex 24.9808 -14.1951 2.5
      vertex -24.99 -15 2.5
      vertex 24.9239 -14.3827 2.5
    endloop
  endfacet
  facet normal 0 0 -1
    outer loop
      vertex -25 -14.99 -2.5
      vertex -12.7 0 -2.5
      vertex -12.6082 -0.873229 -2.5
    endloop
  endfacet
  facet normal 0 0 -1
    outer loop
      vertex -24.99 -14.99 -2.5
      vertex -12.6082 -0.873229 -2.5
      vertex -12.3369 -1.70829 -2.5
    endloop
  endfacet
  facet normal 0 0 -1
    outer loop
      vertex -24.99 -14.99 -2.5
      vertex -12.3369 -1.70829 -2.5
      vertex -11.8979 -2.4687 -2.5
    endloop
  endfacet
  facet normal 0 0 -1
    outer loop
      vertex -24.99 -14.99 -2.5
      vertex -7.20213 -3.99444 -2.5
      vertex -6.56454 -3.71056 -2.5
    endloop
  endfacet
  facet normal 0 0 -1
    outer loop
      vertex -24.99 -14.99 -2.5
      vertex -8.06098 -4.17699 -2.5
      vertex -7.20213 -3.99444 -2.5
    endloop
  endfacet
  facet normal 0 0 -1
    outer loop
      vertex -24.99 -14.99 -2.5
      vertex -8.93902 -4.17699 -2.5
      vertex -8.06098 -4.17699 -2.5
    endloop
  endfacet
  facet normal 0 0 -1
    outer loop
      vertex -24.99 -14.99 -2.5
      vertex -9.79787 -3.99444 -2.5
      vertex -8.93902 -4.17699 -2.5
    endloop
  endfacet
  facet normal 0 0 -1
    outer loop
      vertex -24.99 -14.99 -2.5
      vertex -10.6 -3.63731 -2.5
      vertex -9.79787 -3.99444 -2.5
    endloop
  endfacet
  facet normal 0 0 -1
    outer loop
      vertex -24.99 -14.99 -2.5
      vertex -11.3103 -3.12121 -2.5
      vertex -10.6 -3.63731 -2.5
    endloop
  endfacet
  facet normal 0 0 -1
    outer loop
      vertex -24.99 -14.99 -2.5
      vertex -11.8979 -2.4687 -2.5
      vertex -11.3103 -3.12121 -2.5
    endloop
  endfacet
  facet normal 0 0 -1
    outer loop
      vertex -12.6082 -0.873229 -2.5
      vertex -24.99 -14.99 -2.5
      vertex -25 -14.99 -2.5
    endloop
  endfacet
  facet normal -0 0 -1
    outer loop
      vertex -12.7 0 -2.5
      vertex -25 -14.99 -2.5
      vertex -24 15 -2.5
    endloop
  endfacet
  facet normal 0 0 -1
    outer loop
      vertex -4.5 14.99 -2.5
      vertex -3.38012 9.50492 -2.5
      vertex -3.61915 8.76927 -2.5
    endloop
  endfacet
  facet normal 0 0 -1
    outer loop
      vertex -8.06098 4.17699 -2.5
      vertex -3.61915 8.76927 -2.5
      vertex -3.7 8 -2.5
    endloop
  endfacet
  facet normal -0 0 -1
    outer loop
      vertex -2.47578 5.25036 -2.5
      vertex -5.68965 3.12121 -2.5
      vertex -2.99336 5.8252 -2.5
    endloop
  endfacet
  facet normal 0 0 -1
    outer loop
      vertex -6.4 3.63731 -2.5
      vertex -2.99336 5.8252 -2.5
      vertex -5.68965 3.12121 -2.5
    endloop
  endfacet
  facet normal -0 0 -1
    outer loop
      vertex -2.99336 5.8252 -2.5
      vertex -6.4 3.63731 -2.5
      vertex -3.38012 6.49508 -2.5
    endloop
  endfacet
  facet normal 0 0 -1
    outer loop
      vertex -7.20213 3.99444 -2.5
      vertex -3.38012 6.49508 -2.5
      vertex -6.4 3.63731 -2.5
    endloop
  endfacet
  facet normal -0 0 -1
    outer loop
      vertex -3.38012 6.49508 -2.5
      vertex -7.20213 3.99444 -2.5
      vertex -3.61915 7.23073 -2.5
    endloop
  endfacet
  facet normal -0 0 -1
    outer loop
      vertex -3.61915 7.23073 -2.5
      vertex -7.20213 3.99444 -2.5
      vertex -3.7 8 -2.5
    endloop
  endfacet
  facet normal 0 0 -1
    outer loop
      vertex -3.38012 9.50492 -2.5
      vertex -4.5 14.99 -2.5
      vertex -3.49 14.99 -2.5
    endloop
  endfacet
  facet normal 0 0 -1
    outer loop
      vertex -8.06098 4.17699 -2.5
      vertex -3.7 8 -2.5
      vertex -7.20213 3.99444 -2.5
    endloop
  endfacet
  facet normal 0 0 -1
    outer loop
      vertex -3.61915 8.76927 -2.5
      vertex -8.06098 4.17699 -2.5
      vertex -8.93902 4.17699 -2.5
    endloop
  endfacet
  facet normal -0 0 -1
    outer loop
      vertex -3.61915 8.76927 -2.5
      vertex -8.93902 4.17699 -2.5
      vertex -4.5 14.99 -2.5
    endloop
  endfacet
  facet normal 0 0 -1
    outer loop
      vertex -9.79787 3.99444 -2.5
      vertex -4.5 14.99 -2.5
      vertex -8.93902 4.17699 -2.5
    endloop
  endfacet
  facet normal 0 0 -1
    outer loop
      vertex -10.6 3.63731 -2.5
      vertex -4.5 14.99 -2.5
      vertex -9.79787 3.99444 -2.5
    endloop
  endfacet
  facet normal 0 0 -1
    outer loop
      vertex -24 15 -2.5
      vertex -4.5 14.99 -2.5
      vertex -10.6 3.63731 -2.5
    endloop
  endfacet
  facet normal 0 0 -1
    outer loop
      vertex -24 15 -2.5
      vertex -10.6 3.63731 -2.5
      vertex -11.3103 3.12121 -2.5
    endloop
  endfacet
  facet normal 0 0 -1
    outer loop
      vertex -24 15 -2.5
      vertex -11.3103 3.12121 -2.5
      vertex -11.8979 2.4687 -2.5
    endloop
  endfacet
  facet normal 0 0 -1
    outer loop
      vertex -4.5 14.99 -2.5
      vertex -24 15 -2.5
      vertex -4.5 15 -2.5
    endloop
  endfacet
  facet normal 0 0 -1
    outer loop
      vertex -12.3369 1.70829 -2.5
      vertex -24 15 -2.5
      vertex -11.8979 2.4687 -2.5
    endloop
  endfacet
  facet normal 0 0 -1
    outer loop
      vertex -12.6082 0.873229 -2.5
      vertex -24 15 -2.5
      vertex -12.3369 1.70829 -2.5
    endloop
  endfacet
  facet normal 0 0 -1
    outer loop
      vertex -24 15 -2.5
      vertex -12.6082 0.873229 -2.5
      vertex -12.7 0 -2.5
    endloop
  endfacet
  facet normal 0 0 -1
    outer loop
      vertex -2.18435 1.58702 -2.5
      vertex -5.10213 2.4687 -2.5
      vertex -1.80665 2.00649 -2.5
    endloop
  endfacet
  facet normal 0 0 -1
    outer loop
      vertex -4.39178 0.873229 -2.5
      vertex -2.641 0.561361 -2.5
      vertex -4.3 0 -2.5
    endloop
  endfacet
  facet normal 0 0 -1
    outer loop
      vertex -4.3 0 -2.5
      vertex -2.7 0 -2.5
      vertex -2.641 -0.561361 -2.5
    endloop
  endfacet
  facet normal 0 0 -1
    outer loop
      vertex -5.68965 3.12121 -2.5
      vertex -2.47578 5.25036 -2.5
      vertex -5.10213 2.4687 -2.5
    endloop
  endfacet
  facet normal -0 0 -1
    outer loop
      vertex -1.85 4.79571 -2.5
      vertex -5.10213 2.4687 -2.5
      vertex -2.47578 5.25036 -2.5
    endloop
  endfacet
  facet normal 0 0 -1
    outer loop
      vertex -4.39178 -0.873229 -2.5
      vertex -2.641 -0.561361 -2.5
      vertex -2.46657 -1.09819 -2.5
    endloop
  endfacet
  facet normal 0 0 -1
    outer loop
      vertex -4.66311 -1.70829 -2.5
      vertex -2.46657 -1.09819 -2.5
      vertex -2.42232 -1.17484 -2.5
    endloop
  endfacet
  facet normal -0 0 -1
    outer loop
      vertex -2.641 -0.561361 -2.5
      vertex -4.39178 -0.873229 -2.5
      vertex -4.3 0 -2.5
    endloop
  endfacet
  facet normal -0 0 -1
    outer loop
      vertex -2.46657 -1.09819 -2.5
      vertex -4.66311 -1.70829 -2.5
      vertex -4.39178 -0.873229 -2.5
    endloop
  endfacet
  facet normal 0 0 -1
    outer loop
      vertex -2.42232 -1.17484 -2.5
      vertex -5.10213 -2.4687 -2.5
      vertex -4.66311 -1.70829 -2.5
    endloop
  endfacet
  facet normal 0 0 -1
    outer loop
      vertex -2.42232 -1.17484 -2.5
      vertex -5.68965 -3.12121 -2.5
      vertex -5.10213 -2.4687 -2.5
    endloop
  endfacet
  facet normal 0 -0 -1
    outer loop
      vertex -5.68965 -3.12121 -2.5
      vertex -2.42232 -1.17484 -2.5
      vertex -6.15985 -3.46283 -2.5
    endloop
  endfacet
  facet normal 0 0 -1
    outer loop
      vertex 3.61915 8.76927 -2.5
      vertex 24 15 -2.5
      vertex 3.7 8 -2.5
    endloop
  endfacet
  facet normal 0 0 -1
    outer loop
      vertex 24 15 -2.5
      vertex 3.61915 7.23073 -2.5
      vertex 3.7 8 -2.5
    endloop
  endfacet
  facet normal 0 0 -1
    outer loop
      vertex 24 15 -2.5
      vertex 3.38012 6.49508 -2.5
      vertex 3.61915 7.23073 -2.5
    endloop
  endfacet
  facet normal 0 0 -1
    outer loop
      vertex 2.15057 1.62453 -2.5
      vertex 3.38012 6.49508 -2.5
      vertex 24 15 -2.5
    endloop
  endfacet
  facet normal 0 0 -1
    outer loop
      vertex 3.38012 6.49508 -2.5
      vertex 2.15057 1.62453 -2.5
      vertex 2.99336 5.8252 -2.5
    endloop
  endfacet
  facet normal 0 0 -1
    outer loop
      vertex 2.99336 5.8252 -2.5
      vertex 2.15057 1.62453 -2.5
      vertex 2.47578 5.25036 -2.5
    endloop
  endfacet
  facet normal 0 0 -1
    outer loop
      vertex 1.80665 2.00649 -2.5
      vertex 2.47578 5.25036 -2.5
      vertex 2.15057 1.62453 -2.5
    endloop
  endfacet
  facet normal 0 0 -1
    outer loop
      vertex 2.47578 5.25036 -2.5
      vertex 1.80665 2.00649 -2.5
      vertex 1.85 4.79571 -2.5
    endloop
  endfacet
  facet normal 0 0 -1
    outer loop
      vertex 1.35 2.33827 -2.5
      vertex 1.85 4.79571 -2.5
      vertex 1.80665 2.00649 -2.5
    endloop
  endfacet
  facet normal 0 0 -1
    outer loop
      vertex 1.35 2.33827 -2.5
      vertex 1.14336 4.48109 -2.5
      vertex 1.85 4.79571 -2.5
    endloop
  endfacet
  facet normal 0 0 -1
    outer loop
      vertex 0.834346 2.56785 -2.5
      vertex 1.14336 4.48109 -2.5
      vertex 1.35 2.33827 -2.5
    endloop
  endfacet
  facet normal 0 0 -1
    outer loop
      vertex 0.834346 2.56785 -2.5
      vertex 0.386755 4.32027 -2.5
      vertex 1.14336 4.48109 -2.5
    endloop
  endfacet
  facet normal 0 0 -1
    outer loop
      vertex 0.282227 2.68521 -2.5
      vertex 0.386755 4.32027 -2.5
      vertex 0.834346 2.56785 -2.5
    endloop
  endfacet
  facet normal 0 0 -1
    outer loop
      vertex -0.282227 2.68521 -2.5
      vertex 0.386755 4.32027 -2.5
      vertex 0.282227 2.68521 -2.5
    endloop
  endfacet
  facet normal 0 0 -1
    outer loop
      vertex -0.282227 2.68521 -2.5
      vertex -0.386755 4.32027 -2.5
      vertex 0.386755 4.32027 -2.5
    endloop
  endfacet
  facet normal 0 0 -1
    outer loop
      vertex -0.834346 2.56785 -2.5
      vertex -0.386755 4.32027 -2.5
      vertex -0.282227 2.68521 -2.5
    endloop
  endfacet
  facet normal 0 0 -1
    outer loop
      vertex -0.834346 2.56785 -2.5
      vertex -1.14336 4.48109 -2.5
      vertex -0.386755 4.32027 -2.5
    endloop
  endfacet
  facet normal 0 0 -1
    outer loop
      vertex -1.35 2.33827 -2.5
      vertex -1.14336 4.48109 -2.5
      vertex -0.834346 2.56785 -2.5
    endloop
  endfacet
  facet normal 0 0 -1
    outer loop
      vertex -1.85 4.79571 -2.5
      vertex -1.35 2.33827 -2.5
      vertex -1.80665 2.00649 -2.5
    endloop
  endfacet
  facet normal 0 0 -1
    outer loop
      vertex -1.35 2.33827 -2.5
      vertex -1.85 4.79571 -2.5
      vertex -1.14336 4.48109 -2.5
    endloop
  endfacet
  facet normal 0 0 -1
    outer loop
      vertex -5.10213 2.4687 -2.5
      vertex -2.18435 1.58702 -2.5
      vertex -4.66311 1.70829 -2.5
    endloop
  endfacet
  facet normal 0 0 -1
    outer loop
      vertex -4.66311 1.70829 -2.5
      vertex -2.46657 1.09819 -2.5
      vertex -4.39178 0.873229 -2.5
    endloop
  endfacet
  facet normal 0 0 -1
    outer loop
      vertex -5.10213 2.4687 -2.5
      vertex -1.85 4.79571 -2.5
      vertex -1.80665 2.00649 -2.5
    endloop
  endfacet
  facet normal 0 0 -1
    outer loop
      vertex -4.39178 0.873229 -2.5
      vertex -2.46657 1.09819 -2.5
      vertex -2.641 0.561361 -2.5
    endloop
  endfacet
  facet normal 0 0 -1
    outer loop
      vertex -4.3 0 -2.5
      vertex -2.641 0.561361 -2.5
      vertex -2.7 0 -2.5
    endloop
  endfacet
  facet normal 0 0 -1
    outer loop
      vertex -2.46657 1.09819 -2.5
      vertex -4.66311 1.70829 -2.5
      vertex -2.18435 1.58702 -2.5
    endloop
  endfacet
  facet normal -0 0 -1
    outer loop
      vertex 24 15 -2.5
      vertex 4.5 14.99 -2.5
      vertex 4.5 15 -2.5
    endloop
  endfacet
  facet normal 0 0 -1
    outer loop
      vertex 24 15 -2.5
      vertex 3.61915 8.76927 -2.5
      vertex 4.5 14.99 -2.5
    endloop
  endfacet
  facet normal 0 0 -1
    outer loop
      vertex 3.38012 9.50492 -2.5
      vertex 4.5 14.99 -2.5
      vertex 3.61915 8.76927 -2.5
    endloop
  endfacet
  facet normal 0 0 -1
    outer loop
      vertex 2.99336 10.1748 -2.5
      vertex 4.5 14.99 -2.5
      vertex 3.38012 9.50492 -2.5
    endloop
  endfacet
  facet normal 0 0 -1
    outer loop
      vertex 2.47578 10.7496 -2.5
      vertex 4.5 14.99 -2.5
      vertex 2.99336 10.1748 -2.5
    endloop
  endfacet
  facet normal -0 0 -1
    outer loop
      vertex 4.5 14.99 -2.5
      vertex 2.47578 10.7496 -2.5
      vertex 3.49 14.99 -2.5
    endloop
  endfacet
  facet normal 0 0 -1
    outer loop
      vertex 1.85 11.2043 -2.5
      vertex 3.49 14.99 -2.5
      vertex 2.47578 10.7496 -2.5
    endloop
  endfacet
  facet normal 0 0 -1
    outer loop
      vertex 1.14336 11.5189 -2.5
      vertex 3.49 14.99 -2.5
      vertex 1.85 11.2043 -2.5
    endloop
  endfacet
  facet normal 0 0 -1
    outer loop
      vertex 0.386755 11.6797 -2.5
      vertex 3.49 14.99 -2.5
      vertex 1.14336 11.5189 -2.5
    endloop
  endfacet
  facet normal -0 0 -1
    outer loop
      vertex 3.49 14.99 -2.5
      vertex 0.386755 11.6797 -2.5
      vertex 3.49 15 -2.5
    endloop
  endfacet
  facet normal 0 0 -1
    outer loop
      vertex -0.386755 11.6797 -2.5
      vertex 3.49 15 -2.5
      vertex 0.386755 11.6797 -2.5
    endloop
  endfacet
  facet normal 0 0 -1
    outer loop
      vertex -3.49 14.99 -2.5
      vertex -0.386755 11.6797 -2.5
      vertex -1.14336 11.5189 -2.5
    endloop
  endfacet
  facet normal 0 0 -1
    outer loop
      vertex -3.49 14.99 -2.5
      vertex -1.14336 11.5189 -2.5
      vertex -1.85 11.2043 -2.5
    endloop
  endfacet
  facet normal 0 0 -1
    outer loop
      vertex -3.49 14.99 -2.5
      vertex -2.99336 10.1748 -2.5
      vertex -3.38012 9.50492 -2.5
    endloop
  endfacet
  facet normal 0 0 -1
    outer loop
      vertex -3.49 14.99 -2.5
      vertex -2.47578 10.7496 -2.5
      vertex -2.99336 10.1748 -2.5
    endloop
  endfacet
  facet normal 0 0 -1
    outer loop
      vertex -3.49 14.99 -2.5
      vertex -1.85 11.2043 -2.5
      vertex -2.47578 10.7496 -2.5
    endloop
  endfacet
  facet normal 0 0 -1
    outer loop
      vertex -3.49 15 -2.5
      vertex -0.386755 11.6797 -2.5
      vertex -3.49 14.99 -2.5
    endloop
  endfacet
  facet normal 0 0 -1
    outer loop
      vertex -0.386755 11.6797 -2.5
      vertex -3.49 15 -2.5
      vertex 3.49 15 -2.5
    endloop
  endfacet
  facet normal 0 0 -1
    outer loop
      vertex 8.9188 4.67425 -2.5
      vertex 24.9808 14.1951 -2.5
      vertex 25 14 -2.5
    endloop
  endfacet
  facet normal 0 0 -1
    outer loop
      vertex 24.9808 14.1951 -2.5
      vertex 8.9188 4.67425 -2.5
      vertex 8.67918 4.67425 -2.5
    endloop
  endfacet
  facet normal -0 0 -1
    outer loop
      vertex -2.07928 -1.70371 -2.5
      vertex -24.99 -14.99 -2.5
      vertex -2.13508 -1.64174 -2.5
    endloop
  endfacet
  facet normal 0 0 -1
    outer loop
      vertex 2.48087 1.05417 -2.5
      vertex 4.98384 2.39231 -2.5
      vertex 2.51187 0.958774 -2.5
    endloop
  endfacet
  facet normal -0 0 -1
    outer loop
      vertex 4.98384 2.39231 -2.5
      vertex 2.48087 1.05417 -2.5
      vertex 5.09159 2.57895 -2.5
    endloop
  endfacet
  facet normal 0 0 -1
    outer loop
      vertex -24.5556 14.8315 -2.5
      vertex -25 -14.99 -2.5
      vertex -24.7071 14.7071 -2.5
    endloop
  endfacet
  facet normal -0.634598 0.772842 0
    outer loop
      vertex -24.5556 14.8315 -2.5
      vertex -24.7071 14.7071 2.5
      vertex -24.5556 14.8315 2.5
    endloop
  endfacet
  facet normal -0.634598 0.772842 0
    outer loop
      vertex -24.7071 14.7071 2.5
      vertex -24.5556 14.8315 -2.5
      vertex -24.7071 14.7071 -2.5
    endloop
  endfacet
  facet normal 0 0 -1
    outer loop
      vertex 8.67918 4.67425 -2.5
      vertex 24.9239 14.3827 -2.5
      vertex 24.9808 14.1951 -2.5
    endloop
  endfacet
  facet normal 0 0 -1
    outer loop
      vertex 8.50872 4.67425 -2.5
      vertex 24.9239 14.3827 -2.5
      vertex 8.67918 4.67425 -2.5
    endloop
  endfacet
  facet normal 0 0 -1
    outer loop
      vertex 24.9239 14.3827 -2.5
      vertex 8.50872 4.67425 -2.5
      vertex 8.37931 4.64675 -2.5
    endloop
  endfacet
  facet normal -0 0 -1
    outer loop
      vertex -2.18435 -1.58702 -2.5
      vertex -24.99 -14.99 -2.5
      vertex -2.19184 -1.57403 -2.5
    endloop
  endfacet
  facet normal 0 0 -1
    outer loop
      vertex -24.99 -14.99 -2.5
      vertex -2.18435 -1.58702 -2.5
      vertex -2.13508 -1.64174 -2.5
    endloop
  endfacet
  facet normal 0 0 -1
    outer loop
      vertex 2.46657 1.09819 -2.5
      vertex 5.09159 2.57895 -2.5
      vertex 2.48087 1.05417 -2.5
    endloop
  endfacet
  facet normal 0 0 -1
    outer loop
      vertex 2.43679 1.14977 -2.5
      vertex 5.09159 2.57895 -2.5
      vertex 2.46657 1.09819 -2.5
    endloop
  endfacet
  facet normal -0 0 -1
    outer loop
      vertex 5.09159 2.57895 -2.5
      vertex 2.43679 1.14977 -2.5
      vertex 5.19762 2.76259 -2.5
    endloop
  endfacet
  facet normal -0 0 -1
    outer loop
      vertex 5.19762 2.76259 -2.5
      vertex 2.43679 1.14977 -2.5
      vertex 5.22029 2.78776 -2.5
    endloop
  endfacet
  facet normal 0 0 -1
    outer loop
      vertex 2.23253 1.50356 -2.5
      vertex 24.1951 14.9808 -2.5
      vertex 24.3827 14.9239 -2.5
    endloop
  endfacet
  facet normal 0 0 -1
    outer loop
      vertex 24.1951 14.9808 -2.5
      vertex 2.23253 1.50356 -2.5
      vertex 2.19221 1.5734 -2.5
    endloop
  endfacet
  facet normal -0 0 -1
    outer loop
      vertex -2.36163 -1.27995 -2.5
      vertex -24.99 -14.99 -2.5
      vertex -2.39515 -1.2219 -2.5
    endloop
  endfacet
  facet normal 0.097938 0.995193 -0
    outer loop
      vertex 24.1951 14.9808 -2.5
      vertex 24 15 2.5
      vertex 24.1951 14.9808 2.5
    endloop
  endfacet
  facet normal 0.097938 0.995193 0
    outer loop
      vertex 24 15 2.5
      vertex 24.1951 14.9808 -2.5
      vertex 24 15 -2.5
    endloop
  endfacet
  facet normal 0 0 1
    outer loop
      vertex 24.8315 14.5556 2.5
      vertex -24.99 -14.99 2.5
      vertex 24.9239 14.3827 2.5
    endloop
  endfacet
  facet normal 0 0 1
    outer loop
      vertex 24.1951 -14.9808 2.5
      vertex -15 -15 2.5
      vertex 24 -15 2.5
    endloop
  endfacet
  facet normal 0 -0 1
    outer loop
      vertex -15 -15 2.5
      vertex 24.1951 -14.9808 2.5
      vertex -24.99 -15 2.5
    endloop
  endfacet
  facet normal 0 0 1
    outer loop
      vertex 24.7071 -14.7071 2.5
      vertex -24.99 -15 2.5
      vertex 24.5556 -14.8315 2.5
    endloop
  endfacet
  facet normal -0 0 -1
    outer loop
      vertex 24.1951 -14.9808 -2.5
      vertex -24.99 -15 -2.5
      vertex 24.3827 -14.9239 -2.5
    endloop
  endfacet
  facet normal 0.471329 -0.881957 0
    outer loop
      vertex 24.3827 -14.9239 -2.5
      vertex 24.5556 -14.8315 2.5
      vertex 24.3827 -14.9239 2.5
    endloop
  endfacet
  facet normal 0.471329 -0.881957 0
    outer loop
      vertex 24.5556 -14.8315 2.5
      vertex 24.3827 -14.9239 -2.5
      vertex 24.5556 -14.8315 -2.5
    endloop
  endfacet
  facet normal -0 0 -1
    outer loop
      vertex 24.5556 -14.8315 -2.5
      vertex -24.99 -15 -2.5
      vertex 24.7071 -14.7071 -2.5
    endloop
  endfacet
  facet normal 0 0 -1
    outer loop
      vertex -15 -15 -2.5
      vertex 24.1951 -14.9808 -2.5
      vertex 24 -15 -2.5
    endloop
  endfacet
  facet normal 0 0 -1
    outer loop
      vertex 24.1951 -14.9808 -2.5
      vertex -15 -15 -2.5
      vertex -24.99 -15 -2.5
    endloop
  endfacet
  facet normal 0 0 -1
    outer loop
      vertex 7.97923 4.56171 -2.5
      vertex 24.7071 14.7071 -2.5
      vertex 24.8315 14.5556 -2.5
    endloop
  endfacet
  facet normal 0 0 -1
    outer loop
      vertex 24.7071 14.7071 -2.5
      vertex 7.97923 4.56171 -2.5
      vertex 7.59104 4.47919 -2.5
    endloop
  endfacet
  facet normal -0 0 -1
    outer loop
      vertex -2.23657 -1.49656 -2.5
      vertex -24.99 -14.99 -2.5
      vertex -2.28085 -1.41987 -2.5
    endloop
  endfacet
  facet normal 0 0 -1
    outer loop
      vertex 2.32972 1.33523 -2.5
      vertex 5.48654 3.08347 -2.5
      vertex 2.38298 1.24297 -2.5
    endloop
  endfacet
  facet normal -0 0 -1
    outer loop
      vertex 5.48654 3.08347 -2.5
      vertex 2.32972 1.33523 -2.5
      vertex 5.75583 3.38254 -2.5
    endloop
  endfacet
  facet normal 0 0 -1
    outer loop
      vertex 7.59104 4.47919 -2.5
      vertex 24.5556 14.8315 -2.5
      vertex 24.7071 14.7071 -2.5
    endloop
  endfacet
  facet normal 0 0 -1
    outer loop
      vertex 7.54762 4.46996 -2.5
      vertex 24.5556 14.8315 -2.5
      vertex 7.59104 4.47919 -2.5
    endloop
  endfacet
  facet normal 0 0 -1
    outer loop
      vertex 24.5556 14.8315 -2.5
      vertex 7.54762 4.46996 -2.5
      vertex 6.75346 4.11638 -2.5
    endloop
  endfacet
  facet normal -0 0 -1
    outer loop
      vertex -2.28085 -1.41987 -2.5
      vertex -24.99 -14.99 -2.5
      vertex -2.32305 -1.34677 -2.5
    endloop
  endfacet
  facet normal 0 0 -1
    outer loop
      vertex 2.27894 1.42317 -2.5
      vertex 5.75583 3.38254 -2.5
      vertex 2.32972 1.33523 -2.5
    endloop
  endfacet
  facet normal -0 0 -1
    outer loop
      vertex 5.75583 3.38254 -2.5
      vertex 2.27894 1.42317 -2.5
      vertex 5.85509 3.49278 -2.5
    endloop
  endfacet
  facet normal -0 0 -1
    outer loop
      vertex 5.85509 3.49278 -2.5
      vertex 2.27894 1.42317 -2.5
      vertex 6.51996 3.97584 -2.5
    endloop
  endfacet
  facet normal -0 0 1
    outer loop
      vertex -24.9239 14.3827 2.5
      vertex -25 -14.99 2.5
      vertex -24.8315 14.5556 2.5
    endloop
  endfacet
  facet normal -0.995193 0.097938 0
    outer loop
      vertex -25 14 -2.5
      vertex -24.9808 14.1951 2.5
      vertex -24.9808 14.1951 -2.5
    endloop
  endfacet
  facet normal -0.995193 0.097938 0
    outer loop
      vertex -24.9808 14.1951 2.5
      vertex -25 14 -2.5
      vertex -25 14 2.5
    endloop
  endfacet
  facet normal 0 0 -1
    outer loop
      vertex -24.8315 14.5556 -2.5
      vertex -25 -14.99 -2.5
      vertex -24.9239 14.3827 -2.5
    endloop
  endfacet
  facet normal -0.097938 0.995193 0
    outer loop
      vertex -24 15 -2.5
      vertex -24.1951 14.9808 2.5
      vertex -24 15 2.5
    endloop
  endfacet
  facet normal -0.097938 0.995193 0
    outer loop
      vertex -24.1951 14.9808 2.5
      vertex -24 15 -2.5
      vertex -24.1951 14.9808 -2.5
    endloop
  endfacet
  facet normal 0.995193 0.097938 0
    outer loop
      vertex 25 14 2.5
      vertex 24.9808 14.1951 -2.5
      vertex 24.9808 14.1951 2.5
    endloop
  endfacet
  facet normal 0.995193 0.097938 0
    outer loop
      vertex 24.9808 14.1951 -2.5
      vertex 25 14 2.5
      vertex 25 14 -2.5
    endloop
  endfacet
  facet normal 0.471329 0.881957 -0
    outer loop
      vertex 24.5556 14.8315 -2.5
      vertex 24.3827 14.9239 2.5
      vertex 24.5556 14.8315 2.5
    endloop
  endfacet
  facet normal 0.471329 0.881957 0
    outer loop
      vertex 24.3827 14.9239 2.5
      vertex 24.5556 14.8315 -2.5
      vertex 24.3827 14.9239 -2.5
    endloop
  endfacet
  facet normal 0.290248 0.956951 -0
    outer loop
      vertex 24.3827 14.9239 -2.5
      vertex 24.1951 14.9808 2.5
      vertex 24.3827 14.9239 2.5
    endloop
  endfacet
  facet normal 0.290248 0.956951 0
    outer loop
      vertex 24.1951 14.9808 2.5
      vertex 24.3827 14.9239 -2.5
      vertex 24.1951 14.9808 -2.5
    endloop
  endfacet
  facet normal 0 0 1
    outer loop
      vertex 24 15 2.5
      vertex -24.99 -14.99 2.5
      vertex 24.1951 14.9808 2.5
    endloop
  endfacet
  facet normal 0 0 1
    outer loop
      vertex 25 -14 2.5
      vertex -24.99 -15 2.5
      vertex 24.9808 -14.1951 2.5
    endloop
  endfacet
  facet normal -0 0 -1
    outer loop
      vertex 24.8315 -14.5556 -2.5
      vertex -24.99 -15 -2.5
      vertex 24.9239 -14.3827 -2.5
    endloop
  endfacet
  facet normal 0 0 1
    outer loop
      vertex 24.5556 -14.8315 2.5
      vertex -24.99 -15 2.5
      vertex 24.3827 -14.9239 2.5
    endloop
  endfacet
  facet normal -0.772842 0.634598 0
    outer loop
      vertex -24.8315 14.5556 -2.5
      vertex -24.7071 14.7071 2.5
      vertex -24.7071 14.7071 -2.5
    endloop
  endfacet
  facet normal -0.772842 0.634598 0
    outer loop
      vertex -24.7071 14.7071 2.5
      vertex -24.8315 14.5556 -2.5
      vertex -24.8315 14.5556 2.5
    endloop
  endfacet
  facet normal -0 0 1
    outer loop
      vertex -24.8315 14.5556 2.5
      vertex -25 -14.99 2.5
      vertex -24.7071 14.7071 2.5
    endloop
  endfacet
  facet normal 0 0 -1
    outer loop
      vertex -24.9239 14.3827 -2.5
      vertex -25 -14.99 -2.5
      vertex -24.9808 14.1951 -2.5
    endloop
  endfacet
  facet normal 0 0 -1
    outer loop
      vertex -24.7071 14.7071 -2.5
      vertex -25 -14.99 -2.5
      vertex -24.8315 14.5556 -2.5
    endloop
  endfacet
  facet normal -0.471329 0.881957 0
    outer loop
      vertex -24.3827 14.9239 -2.5
      vertex -24.5556 14.8315 2.5
      vertex -24.3827 14.9239 2.5
    endloop
  endfacet
  facet normal -0.471329 0.881957 0
    outer loop
      vertex -24.5556 14.8315 2.5
      vertex -24.3827 14.9239 -2.5
      vertex -24.5556 14.8315 -2.5
    endloop
  endfacet
  facet normal 0 0 -1
    outer loop
      vertex -24.3827 14.9239 -2.5
      vertex -25 -14.99 -2.5
      vertex -24.5556 14.8315 -2.5
    endloop
  endfacet
  facet normal 0 0 1
    outer loop
      vertex 24.1951 14.9808 2.5
      vertex -24.99 -14.99 2.5
      vertex 24.3827 14.9239 2.5
    endloop
  endfacet
  facet normal 0 0 1
    outer loop
      vertex -4.5 15 2.5
      vertex -24 15 2.5
      vertex -4.5 14.99 2.5
    endloop
  endfacet
  facet normal 0 0 1
    outer loop
      vertex 3.49 15 2.5
      vertex -3.49 15 2.5
      vertex 3.49 14.99 2.5
    endloop
  endfacet
  facet normal 0 0 1
    outer loop
      vertex 4.5 14.99 2.5
      vertex 24 15 2.5
      vertex 4.5 15 2.5
    endloop
  endfacet
  facet normal 0 0 1
    outer loop
      vertex -3.49 14.99 2.5
      vertex 3.49 14.99 2.5
      vertex -3.49 15 2.5
    endloop
  endfacet
  facet normal 0 0 1
    outer loop
      vertex -24.99 -14.99 2.5
      vertex 3.49 14.99 2.5
      vertex -3.49 14.99 2.5
    endloop
  endfacet
  facet normal 0 0 1
    outer loop
      vertex -24.99 -14.99 2.5
      vertex -3.49 14.99 2.5
      vertex -4.5 14.99 2.5
    endloop
  endfacet
  facet normal -0 0 1
    outer loop
      vertex 4.5 14.99 2.5
      vertex -24.99 -14.99 2.5
      vertex 24 15 2.5
    endloop
  endfacet
  facet normal -0 0 1
    outer loop
      vertex 3.49 14.99 2.5
      vertex -24.99 -14.99 2.5
      vertex 4.5 14.99 2.5
    endloop
  endfacet
  facet normal 0 0 1
    outer loop
      vertex -24 15 2.5
      vertex -24.99 -14.99 2.5
      vertex -4.5 14.99 2.5
    endloop
  endfacet
  facet normal 0 -0 1
    outer loop
      vertex -24.99 -14.99 2.5
      vertex -24 15 2.5
      vertex -25 -14.99 2.5
    endloop
  endfacet
  facet normal -0 0 1
    outer loop
      vertex -24.1951 14.9808 2.5
      vertex -25 -14.99 2.5
      vertex -24 15 2.5
    endloop
  endfacet
  facet normal -0.290248 0.956951 0
    outer loop
      vertex -24.1951 14.9808 -2.5
      vertex -24.3827 14.9239 2.5
      vertex -24.1951 14.9808 2.5
    endloop
  endfacet
  facet normal -0.290248 0.956951 0
    outer loop
      vertex -24.3827 14.9239 2.5
      vertex -24.1951 14.9808 -2.5
      vertex -24.3827 14.9239 -2.5
    endloop
  endfacet
  facet normal 0.634598 -0.772842 0
    outer loop
      vertex 24.5556 -14.8315 -2.5
      vertex 24.7071 -14.7071 2.5
      vertex 24.5556 -14.8315 2.5
    endloop
  endfacet
  facet normal 0.634598 -0.772842 0
    outer loop
      vertex 24.7071 -14.7071 2.5
      vertex 24.5556 -14.8315 -2.5
      vertex 24.7071 -14.7071 -2.5
    endloop
  endfacet
  facet normal 0.097938 -0.995193 0
    outer loop
      vertex 24 -15 -2.5
      vertex 24.1951 -14.9808 2.5
      vertex 24 -15 2.5
    endloop
  endfacet
  facet normal 0.097938 -0.995193 0
    outer loop
      vertex 24.1951 -14.9808 2.5
      vertex 24 -15 -2.5
      vertex 24.1951 -14.9808 -2.5
    endloop
  endfacet
  facet normal -0 0 -1
    outer loop
      vertex 24.9239 -14.3827 -2.5
      vertex -24.99 -15 -2.5
      vertex 24.9808 -14.1951 -2.5
    endloop
  endfacet
  facet normal -0 0 1
    outer loop
      vertex -25 14 2.5
      vertex -25 -14.99 2.5
      vertex -24.9808 14.1951 2.5
    endloop
  endfacet
  facet normal 0.881957 0.471329 0
    outer loop
      vertex 24.9239 14.3827 2.5
      vertex 24.8315 14.5556 -2.5
      vertex 24.8315 14.5556 2.5
    endloop
  endfacet
  facet normal 0.881957 0.471329 0
    outer loop
      vertex 24.8315 14.5556 -2.5
      vertex 24.9239 14.3827 2.5
      vertex 24.9239 14.3827 -2.5
    endloop
  endfacet
  facet normal 0 0 1
    outer loop
      vertex 24.7071 14.7071 2.5
      vertex -24.99 -14.99 2.5
      vertex 24.8315 14.5556 2.5
    endloop
  endfacet
  facet normal 0 0 -1
    outer loop
      vertex -24 15 -2.5
      vertex -25 -14.99 -2.5
      vertex -24.1951 14.9808 -2.5
    endloop
  endfacet
  facet normal -0 0 1
    outer loop
      vertex -24.5556 14.8315 2.5
      vertex -25 -14.99 2.5
      vertex -24.3827 14.9239 2.5
    endloop
  endfacet
  facet normal 0.881957 -0.471329 0
    outer loop
      vertex 24.8315 -14.5556 2.5
      vertex 24.9239 -14.3827 -2.5
      vertex 24.9239 -14.3827 2.5
    endloop
  endfacet
  facet normal 0.881957 -0.471329 0
    outer loop
      vertex 24.9239 -14.3827 -2.5
      vertex 24.8315 -14.5556 2.5
      vertex 24.8315 -14.5556 -2.5
    endloop
  endfacet
  facet normal -0 0 -1
    outer loop
      vertex 4.3 0 -2.5
      vertex 2.641 -0.561361 -2.5
      vertex 2.7 0 -2.5
    endloop
  endfacet
  facet normal 0 0 -1
    outer loop
      vertex 1.80665 -2.00649 -2.5
      vertex 5.19762 -2.76259 -2.5
      vertex 2.14122 -5.12194 -2.5
    endloop
  endfacet
  facet normal 0 0 -1
    outer loop
      vertex 4.70634 -1.91166 -2.5
      vertex 2.46657 -1.09819 -2.5
      vertex 2.641 -0.561361 -2.5
    endloop
  endfacet
  facet normal 0 0 -1
    outer loop
      vertex 4.70634 -1.91166 -2.5
      vertex 2.18435 -1.58702 -2.5
      vertex 2.46657 -1.09819 -2.5
    endloop
  endfacet
  facet normal 0 0 -1
    outer loop
      vertex 5.19762 -2.76259 -2.5
      vertex 1.80665 -2.00649 -2.5
      vertex 4.70634 -1.91166 -2.5
    endloop
  endfacet
  facet normal -0 0 -1
    outer loop
      vertex 4.70634 -1.91166 -2.5
      vertex 1.80665 -2.00649 -2.5
      vertex 2.18435 -1.58702 -2.5
    endloop
  endfacet
  facet normal 0 0 -1
    outer loop
      vertex 1.6 -4.72872 -2.5
      vertex 1.80665 -2.00649 -2.5
      vertex 2.14122 -5.12194 -2.5
    endloop
  endfacet
  facet normal 0 0 -1
    outer loop
      vertex 1.6 -4.72872 -2.5
      vertex 1.35 -2.33827 -2.5
      vertex 1.80665 -2.00649 -2.5
    endloop
  endfacet
  facet normal 0 0 -1
    outer loop
      vertex 0.988853 -4.45662 -2.5
      vertex 1.35 -2.33827 -2.5
      vertex 1.6 -4.72872 -2.5
    endloop
  endfacet
  facet normal 0 0 -1
    outer loop
      vertex 0.988853 -4.45662 -2.5
      vertex 0.834346 -2.56785 -2.5
      vertex 1.35 -2.33827 -2.5
    endloop
  endfacet
  facet normal 0 0 -1
    outer loop
      vertex 0.334491 -4.31753 -2.5
      vertex 0.834346 -2.56785 -2.5
      vertex 0.988853 -4.45662 -2.5
    endloop
  endfacet
  facet normal 0 0 -1
    outer loop
      vertex 0.334491 -4.31753 -2.5
      vertex 0.282227 -2.68521 -2.5
      vertex 0.834346 -2.56785 -2.5
    endloop
  endfacet
  facet normal 0 0 -1
    outer loop
      vertex 0.334491 -4.31753 -2.5
      vertex -0.282227 -2.68521 -2.5
      vertex 0.282227 -2.68521 -2.5
    endloop
  endfacet
  facet normal 0 0 -1
    outer loop
      vertex -0.334491 -4.31753 -2.5
      vertex -0.282227 -2.68521 -2.5
      vertex 0.334491 -4.31753 -2.5
    endloop
  endfacet
  facet normal 0 0 -1
    outer loop
      vertex -0.334491 -4.31753 -2.5
      vertex -0.834346 -2.56785 -2.5
      vertex -0.282227 -2.68521 -2.5
    endloop
  endfacet
  facet normal 0 0 -1
    outer loop
      vertex -0.988853 -4.45662 -2.5
      vertex -0.834346 -2.56785 -2.5
      vertex -0.334491 -4.31753 -2.5
    endloop
  endfacet
  facet normal 0 0 -1
    outer loop
      vertex -0.988853 -4.45662 -2.5
      vertex -1.35 -2.33827 -2.5
      vertex -0.834346 -2.56785 -2.5
    endloop
  endfacet
  facet normal 0 0 -1
    outer loop
      vertex -1.6 -4.72872 -2.5
      vertex -1.35 -2.33827 -2.5
      vertex -0.988853 -4.45662 -2.5
    endloop
  endfacet
  facet normal 0 0 -1
    outer loop
      vertex -1.6 -4.72872 -2.5
      vertex -1.80665 -2.00649 -2.5
      vertex -1.35 -2.33827 -2.5
    endloop
  endfacet
  facet normal 0 0 -1
    outer loop
      vertex -2.14122 -5.12194 -2.5
      vertex -1.80665 -2.00649 -2.5
      vertex -1.6 -4.72872 -2.5
    endloop
  endfacet
  facet normal -0 0 -1
    outer loop
      vertex -1.80665 -2.00649 -2.5
      vertex -2.14122 -5.12194 -2.5
      vertex -2.07928 -1.70371 -2.5
    endloop
  endfacet
  facet normal 0 0 -1
    outer loop
      vertex -2.58885 -5.61909 -2.5
      vertex -2.07928 -1.70371 -2.5
      vertex -2.14122 -5.12194 -2.5
    endloop
  endfacet
  facet normal 0 0 -1
    outer loop
      vertex -2.92334 -6.19844 -2.5
      vertex -2.07928 -1.70371 -2.5
      vertex -2.58885 -5.61909 -2.5
    endloop
  endfacet
  facet normal 0 0 -1
    outer loop
      vertex -24.99 -14.99 -2.5
      vertex -2.92334 -6.19844 -2.5
      vertex -3.13007 -6.83468 -2.5
    endloop
  endfacet
  facet normal -0 0 -1
    outer loop
      vertex -3.13007 -8.16532 -2.5
      vertex -24.99 -14.99 -2.5
      vertex -3.2 -7.5 -2.5
    endloop
  endfacet
  facet normal -0 0 -1
    outer loop
      vertex -3.2 -7.5 -2.5
      vertex -24.99 -14.99 -2.5
      vertex -3.13007 -6.83468 -2.5
    endloop
  endfacet
  facet normal -0 0 -1
    outer loop
      vertex -2.92334 -6.19844 -2.5
      vertex -24.99 -14.99 -2.5
      vertex -2.07928 -1.70371 -2.5
    endloop
  endfacet
  facet normal 0 0 -1
    outer loop
      vertex 25 -14 -2.5
      vertex 13.7 0 -2.5
      vertex 25 14 -2.5
    endloop
  endfacet
  facet normal 0 0 -1
    outer loop
      vertex 25 -14 -2.5
      vertex 13.5973 -0.977184 -2.5
      vertex 13.7 0 -2.5
    endloop
  endfacet
  facet normal 0 0 -1
    outer loop
      vertex 25 -14 -2.5
      vertex 13.2937 -1.91166 -2.5
      vertex 13.5973 -0.977184 -2.5
    endloop
  endfacet
  facet normal 0 0 -1
    outer loop
      vertex 25 -14 -2.5
      vertex 12.8024 -2.76259 -2.5
      vertex 13.2937 -1.91166 -2.5
    endloop
  endfacet
  facet normal 0 0 -1
    outer loop
      vertex 25 -14 -2.5
      vertex 12.1449 -3.49278 -2.5
      vertex 12.8024 -2.76259 -2.5
    endloop
  endfacet
  facet normal 0 0 -1
    outer loop
      vertex 25 -14 -2.5
      vertex 11.35 -4.07032 -2.5
      vertex 12.1449 -3.49278 -2.5
    endloop
  endfacet
  facet normal 0 0 -1
    outer loop
      vertex 25 -14 -2.5
      vertex 10.4524 -4.46996 -2.5
      vertex 11.35 -4.07032 -2.5
    endloop
  endfacet
  facet normal 0 0 -1
    outer loop
      vertex 2.58885 -9.38091 -2.5
      vertex 10.4524 -4.46996 -2.5
      vertex 25 -14 -2.5
    endloop
  endfacet
  facet normal 0 0 -1
    outer loop
      vertex 10.4524 -4.46996 -2.5
      vertex 2.58885 -9.38091 -2.5
      vertex 9.49128 -4.67425 -2.5
    endloop
  endfacet
  facet normal 0 -0 -1
    outer loop
      vertex 2.92334 -8.80156 -2.5
      vertex 9.49128 -4.67425 -2.5
      vertex 2.58885 -9.38091 -2.5
    endloop
  endfacet
  facet normal 0 -0 -1
    outer loop
      vertex 3.13007 -8.16532 -2.5
      vertex 8.50872 -4.67425 -2.5
      vertex 2.92334 -8.80156 -2.5
    endloop
  endfacet
  facet normal -0 0 -1
    outer loop
      vertex 5.85509 -3.49278 -2.5
      vertex 2.58885 -5.61909 -2.5
      vertex 5.19762 -2.76259 -2.5
    endloop
  endfacet
  facet normal 0 0 -1
    outer loop
      vertex 2.58885 -5.61909 -2.5
      vertex 5.85509 -3.49278 -2.5
      vertex 2.92334 -6.19844 -2.5
    endloop
  endfacet
  facet normal -0 0 -1
    outer loop
      vertex 6.65 -4.07032 -2.5
      vertex 2.92334 -6.19844 -2.5
      vertex 5.85509 -3.49278 -2.5
    endloop
  endfacet
  facet normal 0 0 -1
    outer loop
      vertex 2.92334 -6.19844 -2.5
      vertex 6.65 -4.07032 -2.5
      vertex 3.13007 -6.83468 -2.5
    endloop
  endfacet
  facet normal -0 0 -1
    outer loop
      vertex 7.54762 -4.46996 -2.5
      vertex 3.13007 -6.83468 -2.5
      vertex 6.65 -4.07032 -2.5
    endloop
  endfacet
  facet normal -0 0 -1
    outer loop
      vertex 8.50872 -4.67425 -2.5
      vertex 3.13007 -8.16532 -2.5
      vertex 7.54762 -4.46996 -2.5
    endloop
  endfacet
  facet normal 0 0 -1
    outer loop
      vertex 3.13007 -6.83468 -2.5
      vertex 7.54762 -4.46996 -2.5
      vertex 3.2 -7.5 -2.5
    endloop
  endfacet
  facet normal 0 -0 -1
    outer loop
      vertex 3.2 -7.5 -2.5
      vertex 7.54762 -4.46996 -2.5
      vertex 3.13007 -8.16532 -2.5
    endloop
  endfacet
  facet normal -0 0 -1
    outer loop
      vertex 9.49128 -4.67425 -2.5
      vertex 2.92334 -8.80156 -2.5
      vertex 8.50872 -4.67425 -2.5
    endloop
  endfacet
  facet normal 0 0 -1
    outer loop
      vertex 25 -14 -2.5
      vertex 2.14122 -9.87806 -2.5
      vertex 2.58885 -9.38091 -2.5
    endloop
  endfacet
  facet normal 0 0 -1
    outer loop
      vertex 25 -14 -2.5
      vertex 1.6 -10.2713 -2.5
      vertex 2.14122 -9.87806 -2.5
    endloop
  endfacet
  facet normal 0 0 -1
    outer loop
      vertex 25 -14 -2.5
      vertex 0.988853 -10.5434 -2.5
      vertex 1.6 -10.2713 -2.5
    endloop
  endfacet
  facet normal 0 0 -1
    outer loop
      vertex 25 -14 -2.5
      vertex 0.334491 -10.6825 -2.5
      vertex 0.988853 -10.5434 -2.5
    endloop
  endfacet
  facet normal 0 0 -1
    outer loop
      vertex -24.99 -15 -2.5
      vertex 0.334491 -10.6825 -2.5
      vertex 25 -14 -2.5
    endloop
  endfacet
  facet normal -0 0 -1
    outer loop
      vertex -2.92334 -8.80156 -2.5
      vertex -24.99 -14.99 -2.5
      vertex -3.13007 -8.16532 -2.5
    endloop
  endfacet
  facet normal 0 0 -1
    outer loop
      vertex -24.99 -14.99 -2.5
      vertex -2.92334 -8.80156 -2.5
      vertex -24.99 -15 -2.5
    endloop
  endfacet
  facet normal -0 0 -1
    outer loop
      vertex -2.58885 -9.38091 -2.5
      vertex -24.99 -15 -2.5
      vertex -2.92334 -8.80156 -2.5
    endloop
  endfacet
  facet normal -0 0 -1
    outer loop
      vertex -2.14122 -9.87806 -2.5
      vertex -24.99 -15 -2.5
      vertex -2.58885 -9.38091 -2.5
    endloop
  endfacet
  facet normal -0 0 -1
    outer loop
      vertex -1.6 -10.2713 -2.5
      vertex -24.99 -15 -2.5
      vertex -2.14122 -9.87806 -2.5
    endloop
  endfacet
  facet normal -0 0 -1
    outer loop
      vertex -0.988853 -10.5434 -2.5
      vertex -24.99 -15 -2.5
      vertex -1.6 -10.2713 -2.5
    endloop
  endfacet
  facet normal -0 0 -1
    outer loop
      vertex -0.334491 -10.6825 -2.5
      vertex -24.99 -15 -2.5
      vertex -0.988853 -10.5434 -2.5
    endloop
  endfacet
  facet normal -0 0 -1
    outer loop
      vertex 0.334491 -10.6825 -2.5
      vertex -24.99 -15 -2.5
      vertex -0.334491 -10.6825 -2.5
    endloop
  endfacet
  facet normal 0 0 -1
    outer loop
      vertex 13.5973 0.977184 -2.5
      vertex 25 14 -2.5
      vertex 13.7 0 -2.5
    endloop
  endfacet
  facet normal 0 0 -1
    outer loop
      vertex 13.2937 1.91166 -2.5
      vertex 25 14 -2.5
      vertex 13.5973 0.977184 -2.5
    endloop
  endfacet
  facet normal 0 0 -1
    outer loop
      vertex 12.8024 2.76259 -2.5
      vertex 25 14 -2.5
      vertex 13.2937 1.91166 -2.5
    endloop
  endfacet
  facet normal 0 0 -1
    outer loop
      vertex 12.1449 3.49278 -2.5
      vertex 25 14 -2.5
      vertex 12.8024 2.76259 -2.5
    endloop
  endfacet
  facet normal 0 0 -1
    outer loop
      vertex 11.35 4.07032 -2.5
      vertex 25 14 -2.5
      vertex 12.1449 3.49278 -2.5
    endloop
  endfacet
  facet normal 0 0 -1
    outer loop
      vertex 10.4524 4.46996 -2.5
      vertex 25 14 -2.5
      vertex 11.35 4.07032 -2.5
    endloop
  endfacet
  facet normal 0 0 -1
    outer loop
      vertex 9.49128 4.67425 -2.5
      vertex 25 14 -2.5
      vertex 10.4524 4.46996 -2.5
    endloop
  endfacet
  facet normal 0 0 -1
    outer loop
      vertex 25 14 -2.5
      vertex 9.49128 4.67425 -2.5
      vertex 8.9188 4.67425 -2.5
    endloop
  endfacet
  facet normal 0 0 -1
    outer loop
      vertex 2.14122 -5.12194 -2.5
      vertex 5.19762 -2.76259 -2.5
      vertex 2.58885 -5.61909 -2.5
    endloop
  endfacet
  facet normal 0 0 -1
    outer loop
      vertex 2.641 -0.561361 -2.5
      vertex 4.40271 -0.977184 -2.5
      vertex 4.70634 -1.91166 -2.5
    endloop
  endfacet
  facet normal 0 0 -1
    outer loop
      vertex 2.641 -0.561361 -2.5
      vertex 4.3 0 -2.5
      vertex 4.40271 -0.977184 -2.5
    endloop
  endfacet
  facet normal 0 0 -1
    outer loop
      vertex 2.641 0.561361 -2.5
      vertex 4.3 0 -2.5
      vertex 2.7 0 -2.5
    endloop
  endfacet
  facet normal 0 0 -1
    outer loop
      vertex 4.3 0 -2.5
      vertex 2.641 0.561361 -2.5
      vertex 4.40271 0.977184 -2.5
    endloop
  endfacet
  facet normal 0 0 -1
    outer loop
      vertex 2.51187 0.958774 -2.5
      vertex 4.40271 0.977184 -2.5
      vertex 2.641 0.561361 -2.5
    endloop
  endfacet
  facet normal -0 0 -1
    outer loop
      vertex 4.40271 0.977184 -2.5
      vertex 2.51187 0.958774 -2.5
      vertex 4.70634 1.91166 -2.5
    endloop
  endfacet
  facet normal -0 0 -1
    outer loop
      vertex 4.70634 1.91166 -2.5
      vertex 2.51187 0.958774 -2.5
      vertex 4.98384 2.39231 -2.5
    endloop
  endfacet
  facet normal 0.290248 -0.956951 0
    outer loop
      vertex 24.1951 -14.9808 -2.5
      vertex 24.3827 -14.9239 2.5
      vertex 24.1951 -14.9808 2.5
    endloop
  endfacet
  facet normal 0.290248 -0.956951 0
    outer loop
      vertex 24.3827 -14.9239 2.5
      vertex 24.1951 -14.9808 -2.5
      vertex 24.3827 -14.9239 -2.5
    endloop
  endfacet
  facet normal -0.956951 0.290248 0
    outer loop
      vertex -24.9808 14.1951 -2.5
      vertex -24.9239 14.3827 2.5
      vertex -24.9239 14.3827 -2.5
    endloop
  endfacet
  facet normal -0.956951 0.290248 0
    outer loop
      vertex -24.9239 14.3827 2.5
      vertex -24.9808 14.1951 -2.5
      vertex -24.9808 14.1951 2.5
    endloop
  endfacet
  facet normal -0 0 1
    outer loop
      vertex -24.9808 14.1951 2.5
      vertex -25 -14.99 2.5
      vertex -24.9239 14.3827 2.5
    endloop
  endfacet
  facet normal 0 0 1
    outer loop
      vertex 24.9808 14.1951 2.5
      vertex -24.99 -14.99 2.5
      vertex 25 14 2.5
    endloop
  endfacet
  facet normal 0 0 1
    outer loop
      vertex 24.9239 14.3827 2.5
      vertex -24.99 -14.99 2.5
      vertex 24.9808 14.1951 2.5
    endloop
  endfacet
  facet normal 0 0 1
    outer loop
      vertex -24.99 -14.99 2.5
      vertex 25 -14 2.5
      vertex 25 14 2.5
    endloop
  endfacet
  facet normal 0 0 1
    outer loop
      vertex 25 -14 2.5
      vertex -24.99 -14.99 2.5
      vertex -24.99 -15 2.5
    endloop
  endfacet
  facet normal -0.951075 -0.308959 0
    outer loop
      vertex 2.48087 1.05417 -2.5
      vertex 2.46657 1.09819 -0.6
      vertex 2.46657 1.09819 -2.5
    endloop
  endfacet
  facet normal -0.951045 -0.309053 2.39896e-06
    outer loop
      vertex 2.51187 0.958774 -2.5
      vertex 2.46657 1.09819 -0.6
      vertex 2.48087 1.05417 -2.5
    endloop
  endfacet
  facet normal -0.951055 -0.309023 -0
    outer loop
      vertex 2.641 0.561361 -0.6
      vertex 2.51187 0.958774 -2.5
      vertex 2.641 0.561361 -2.5
    endloop
  endfacet
  facet normal -0.951055 -0.309023 -1.94132e-08
    outer loop
      vertex 2.51187 0.958774 -2.5
      vertex 2.641 0.561361 -0.6
      vertex 2.46657 1.09819 -0.6
    endloop
  endfacet
  facet normal -0.994522 -0.104526 0
    outer loop
      vertex 2.7 0 -2.5
      vertex 2.641 0.561361 -0.6
      vertex 2.641 0.561361 -2.5
    endloop
  endfacet
  facet normal -0.994522 -0.104526 0
    outer loop
      vertex 2.641 0.561361 -0.6
      vertex 2.7 0 -2.5
      vertex 2.7 0 -0.6
    endloop
  endfacet
  facet normal -0.866122 -0.499833 0
    outer loop
      vertex 2.19221 1.5734 -2.5
      vertex 2.18435 1.58702 -0.6
      vertex 2.18435 1.58702 -2.5
    endloop
  endfacet
  facet normal -0.866037 -0.49998 1.40972e-06
    outer loop
      vertex 2.23253 1.50356 -2.5
      vertex 2.18435 1.58702 -0.6
      vertex 2.19221 1.5734 -2.5
    endloop
  endfacet
  facet normal -0.86604 -0.499974 1.06823e-06
    outer loop
      vertex 2.27894 1.42317 -2.5
      vertex 2.18435 1.58702 -0.6
      vertex 2.23253 1.50356 -2.5
    endloop
  endfacet
  facet normal -0.865992 -0.500058 1.06685e-05
    outer loop
      vertex 2.32972 1.33523 -2.5
      vertex 2.18435 1.58702 -0.6
      vertex 2.27894 1.42317 -2.5
    endloop
  endfacet
  facet normal -0.866051 -0.499955 5.09174e-06
    outer loop
      vertex 2.46657 1.09819 -0.6
      vertex 2.32972 1.33523 -2.5
      vertex 2.38298 1.24297 -2.5
    endloop
  endfacet
  facet normal -0.866022 -0.500007 -1.16395e-07
    outer loop
      vertex 2.46657 1.09819 -0.6
      vertex 2.38298 1.24297 -2.5
      vertex 2.43679 1.14977 -2.5
    endloop
  endfacet
  facet normal -0.866023 -0.500003 -0
    outer loop
      vertex 2.46657 1.09819 -0.6
      vertex 2.43679 1.14977 -2.5
      vertex 2.46657 1.09819 -2.5
    endloop
  endfacet
  facet normal -0.86603 -0.499992 -9.72816e-07
    outer loop
      vertex 2.32972 1.33523 -2.5
      vertex 2.46657 1.09819 -0.6
      vertex 2.18435 1.58702 -0.6
    endloop
  endfacet
  facet normal -0.951055 0.309023 0
    outer loop
      vertex 2.46657 -1.09819 -2.5
      vertex 2.641 -0.561361 -0.6
      vertex 2.641 -0.561361 -2.5
    endloop
  endfacet
  facet normal -0.951055 0.309023 0
    outer loop
      vertex 2.641 -0.561361 -0.6
      vertex 2.46657 -1.09819 -2.5
      vertex 2.46657 -1.09819 -0.6
    endloop
  endfacet
  facet normal -0.994522 0.104526 0
    outer loop
      vertex 2.641 -0.561361 -2.5
      vertex 2.7 0 -0.6
      vertex 2.7 0 -2.5
    endloop
  endfacet
  facet normal -0.994522 0.104526 0
    outer loop
      vertex 2.7 0 -0.6
      vertex 2.641 -0.561361 -2.5
      vertex 2.641 -0.561361 -0.6
    endloop
  endfacet
  facet normal -0.743143 -0.669132 0
    outer loop
      vertex 2.15057 1.62453 -2.5
      vertex 1.80665 2.00649 -0.6
      vertex 1.80665 2.00649 -2.5
    endloop
  endfacet
  facet normal -0.743087 -0.669195 -0
    outer loop
      vertex 2.18435 1.58702 -0.6
      vertex 2.15057 1.62453 -2.5
      vertex 2.18435 1.58702 -2.5
    endloop
  endfacet
  facet normal -0.743138 -0.669138 2.02299e-06
    outer loop
      vertex 2.15057 1.62453 -2.5
      vertex 2.18435 1.58702 -0.6
      vertex 1.80665 2.00649 -0.6
    endloop
  endfacet
  facet normal 0.951055 0.309023 0
    outer loop
      vertex -2.46657 -1.09819 -0.6
      vertex -2.641 -0.561361 -2.5
      vertex -2.641 -0.561361 -0.6
    endloop
  endfacet
  facet normal 0.951055 0.309023 0
    outer loop
      vertex -2.641 -0.561361 -2.5
      vertex -2.46657 -1.09819 -0.6
      vertex -2.46657 -1.09819 -2.5
    endloop
  endfacet
  facet normal 0.743138 -0.669138 0
    outer loop
      vertex -2.18435 1.58702 -0.6
      vertex -1.80665 2.00649 -2.5
      vertex -1.80665 2.00649 -0.6
    endloop
  endfacet
  facet normal 0.743138 -0.669138 0
    outer loop
      vertex -1.80665 2.00649 -2.5
      vertex -2.18435 1.58702 -0.6
      vertex -2.18435 1.58702 -2.5
    endloop
  endfacet
  facet normal 0.951055 -0.309023 0
    outer loop
      vertex -2.641 0.561361 -0.6
      vertex -2.46657 1.09819 -2.5
      vertex -2.46657 1.09819 -0.6
    endloop
  endfacet
  facet normal 0.951055 -0.309023 0
    outer loop
      vertex -2.46657 1.09819 -2.5
      vertex -2.641 0.561361 -0.6
      vertex -2.641 0.561361 -2.5
    endloop
  endfacet
  facet normal -0.58779 0.809013 0
    outer loop
      vertex 1.80665 -2.00649 -2.5
      vertex 1.35 -2.33827 -0.6
      vertex 1.80665 -2.00649 -0.6
    endloop
  endfacet
  facet normal -0.58779 0.809013 0
    outer loop
      vertex 1.35 -2.33827 -0.6
      vertex 1.80665 -2.00649 -2.5
      vertex 1.35 -2.33827 -2.5
    endloop
  endfacet
  facet normal 0.58779 -0.809013 0
    outer loop
      vertex -1.80665 2.00649 -2.5
      vertex -1.35 2.33827 -0.6
      vertex -1.80665 2.00649 -0.6
    endloop
  endfacet
  facet normal 0.58779 -0.809013 0
    outer loop
      vertex -1.35 2.33827 -0.6
      vertex -1.80665 2.00649 -2.5
      vertex -1.35 2.33827 -2.5
    endloop
  endfacet
  facet normal 0.86603 -0.499992 0
    outer loop
      vertex -2.46657 1.09819 -0.6
      vertex -2.18435 1.58702 -2.5
      vertex -2.18435 1.58702 -0.6
    endloop
  endfacet
  facet normal 0.86603 -0.499992 0
    outer loop
      vertex -2.18435 1.58702 -2.5
      vertex -2.46657 1.09819 -0.6
      vertex -2.46657 1.09819 -2.5
    endloop
  endfacet
  facet normal -0.86603 0.499992 0
    outer loop
      vertex 2.18435 -1.58702 -2.5
      vertex 2.46657 -1.09819 -0.6
      vertex 2.46657 -1.09819 -2.5
    endloop
  endfacet
  facet normal -0.86603 0.499992 0
    outer loop
      vertex 2.46657 -1.09819 -0.6
      vertex 2.18435 -1.58702 -2.5
      vertex 2.18435 -1.58702 -0.6
    endloop
  endfacet
  facet normal 0 -1 0
    outer loop
      vertex -0.282227 2.68521 -2.5
      vertex 0.282227 2.68521 -0.6
      vertex -0.282227 2.68521 -0.6
    endloop
  endfacet
  facet normal 0 -1 -0
    outer loop
      vertex 0.282227 2.68521 -0.6
      vertex -0.282227 2.68521 -2.5
      vertex 0.282227 2.68521 -2.5
    endloop
  endfacet
  facet normal 0.406731 -0.913548 0
    outer loop
      vertex -1.35 2.33827 -2.5
      vertex -0.834346 2.56785 -0.6
      vertex -1.35 2.33827 -0.6
    endloop
  endfacet
  facet normal 0.406731 -0.913548 0
    outer loop
      vertex -0.834346 2.56785 -0.6
      vertex -1.35 2.33827 -2.5
      vertex -0.834346 2.56785 -2.5
    endloop
  endfacet
  facet normal 0.207918 0.978146 -0
    outer loop
      vertex -0.282227 -2.68521 -2.5
      vertex -0.834346 -2.56785 -0.6
      vertex -0.282227 -2.68521 -0.6
    endloop
  endfacet
  facet normal 0.207918 0.978146 0
    outer loop
      vertex -0.834346 -2.56785 -0.6
      vertex -0.282227 -2.68521 -2.5
      vertex -0.834346 -2.56785 -2.5
    endloop
  endfacet
  facet normal 0 1 -0
    outer loop
      vertex 0.282227 -2.68521 -2.5
      vertex -0.282227 -2.68521 -0.6
      vertex 0.282227 -2.68521 -0.6
    endloop
  endfacet
  facet normal 0 1 0
    outer loop
      vertex -0.282227 -2.68521 -0.6
      vertex 0.282227 -2.68521 -2.5
      vertex -0.282227 -2.68521 -2.5
    endloop
  endfacet
  facet normal 0.406731 0.913548 -0
    outer loop
      vertex -0.834346 -2.56785 -2.5
      vertex -1.35 -2.33827 -0.6
      vertex -0.834346 -2.56785 -0.6
    endloop
  endfacet
  facet normal 0.406731 0.913548 0
    outer loop
      vertex -1.35 -2.33827 -0.6
      vertex -0.834346 -2.56785 -2.5
      vertex -1.35 -2.33827 -2.5
    endloop
  endfacet
  facet normal 0.207918 -0.978146 0
    outer loop
      vertex -0.834346 2.56785 -2.5
      vertex -0.282227 2.68521 -0.6
      vertex -0.834346 2.56785 -0.6
    endloop
  endfacet
  facet normal 0.207918 -0.978146 0
    outer loop
      vertex -0.282227 2.68521 -0.6
      vertex -0.834346 2.56785 -2.5
      vertex -0.282227 2.68521 -2.5
    endloop
  endfacet
  facet normal -0.207918 0.978146 0
    outer loop
      vertex 0.834346 -2.56785 -2.5
      vertex 0.282227 -2.68521 -0.6
      vertex 0.834346 -2.56785 -0.6
    endloop
  endfacet
  facet normal -0.207918 0.978146 0
    outer loop
      vertex 0.282227 -2.68521 -0.6
      vertex 0.834346 -2.56785 -2.5
      vertex 0.282227 -2.68521 -2.5
    endloop
  endfacet
  facet normal -0.743138 0.669138 0
    outer loop
      vertex 1.80665 -2.00649 -2.5
      vertex 2.18435 -1.58702 -0.6
      vertex 2.18435 -1.58702 -2.5
    endloop
  endfacet
  facet normal -0.743138 0.669138 0
    outer loop
      vertex 2.18435 -1.58702 -0.6
      vertex 1.80665 -2.00649 -2.5
      vertex 1.80665 -2.00649 -0.6
    endloop
  endfacet
  facet normal -0.406731 0.913548 0
    outer loop
      vertex 1.35 -2.33827 -2.5
      vertex 0.834346 -2.56785 -0.6
      vertex 1.35 -2.33827 -0.6
    endloop
  endfacet
  facet normal -0.406731 0.913548 0
    outer loop
      vertex 0.834346 -2.56785 -0.6
      vertex 1.35 -2.33827 -2.5
      vertex 0.834346 -2.56785 -2.5
    endloop
  endfacet
  facet normal 0.58779 0.809013 -0
    outer loop
      vertex -1.35 -2.33827 -2.5
      vertex -1.80665 -2.00649 -0.6
      vertex -1.35 -2.33827 -0.6
    endloop
  endfacet
  facet normal 0.58779 0.809013 0
    outer loop
      vertex -1.80665 -2.00649 -0.6
      vertex -1.35 -2.33827 -2.5
      vertex -1.80665 -2.00649 -2.5
    endloop
  endfacet
  facet normal -0.58779 -0.809013 0
    outer loop
      vertex 1.35 2.33827 -2.5
      vertex 1.80665 2.00649 -0.6
      vertex 1.35 2.33827 -0.6
    endloop
  endfacet
  facet normal -0.58779 -0.809013 -0
    outer loop
      vertex 1.80665 2.00649 -0.6
      vertex 1.35 2.33827 -2.5
      vertex 1.80665 2.00649 -2.5
    endloop
  endfacet
  facet normal 0.994522 -0.104526 0
    outer loop
      vertex -2.7 0 -0.6
      vertex -2.641 0.561361 -2.5
      vertex -2.641 0.561361 -0.6
    endloop
  endfacet
  facet normal 0.994522 -0.104526 0
    outer loop
      vertex -2.641 0.561361 -2.5
      vertex -2.7 0 -0.6
      vertex -2.7 0 -2.5
    endloop
  endfacet
  facet normal -0.207918 -0.978146 0
    outer loop
      vertex 0.282227 2.68521 -2.5
      vertex 0.834346 2.56785 -0.6
      vertex 0.282227 2.68521 -0.6
    endloop
  endfacet
  facet normal -0.207918 -0.978146 -0
    outer loop
      vertex 0.834346 2.56785 -0.6
      vertex 0.282227 2.68521 -2.5
      vertex 0.834346 2.56785 -2.5
    endloop
  endfacet
  facet normal 0.866044 0.499967 0
    outer loop
      vertex -2.46657 -1.09819 -0.6
      vertex -2.42232 -1.17484 -2.5
      vertex -2.46657 -1.09819 -2.5
    endloop
  endfacet
  facet normal 0.866026 0.499999 -1.69982e-06
    outer loop
      vertex -2.46657 -1.09819 -0.6
      vertex -2.39515 -1.2219 -2.5
      vertex -2.42232 -1.17484 -2.5
    endloop
  endfacet
  facet normal 0.865994 0.500054 -6.50271e-06
    outer loop
      vertex -2.46657 -1.09819 -0.6
      vertex -2.36163 -1.27995 -2.5
      vertex -2.39515 -1.2219 -2.5
    endloop
  endfacet
  facet normal 0.866017 0.500014 -1.43247e-06
    outer loop
      vertex -2.46657 -1.09819 -0.6
      vertex -2.32305 -1.34677 -2.5
      vertex -2.36163 -1.27995 -2.5
    endloop
  endfacet
  facet normal 0.86603 0.499992 2.45605e-06
    outer loop
      vertex -2.18435 -1.58702 -0.6
      vertex -2.32305 -1.34677 -2.5
      vertex -2.46657 -1.09819 -0.6
    endloop
  endfacet
  facet normal 0.866047 0.499962 -2.61891e-06
    outer loop
      vertex -2.32305 -1.34677 -2.5
      vertex -2.18435 -1.58702 -0.6
      vertex -2.28085 -1.41987 -2.5
    endloop
  endfacet
  facet normal 0.866011 0.500025 4.85571e-06
    outer loop
      vertex -2.28085 -1.41987 -2.5
      vertex -2.18435 -1.58702 -0.6
      vertex -2.23657 -1.49656 -2.5
    endloop
  endfacet
  facet normal 0.866012 0.500022 4.6621e-06
    outer loop
      vertex -2.23657 -1.49656 -2.5
      vertex -2.18435 -1.58702 -0.6
      vertex -2.19184 -1.57403 -2.5
    endloop
  endfacet
  facet normal 0.866308 0.499511 0
    outer loop
      vertex -2.19184 -1.57403 -2.5
      vertex -2.18435 -1.58702 -0.6
      vertex -2.18435 -1.58702 -2.5
    endloop
  endfacet
  facet normal -0.406731 -0.913548 0
    outer loop
      vertex 0.834346 2.56785 -2.5
      vertex 1.35 2.33827 -0.6
      vertex 0.834346 2.56785 -0.6
    endloop
  endfacet
  facet normal -0.406731 -0.913548 -0
    outer loop
      vertex 1.35 2.33827 -0.6
      vertex 0.834346 2.56785 -2.5
      vertex 1.35 2.33827 -2.5
    endloop
  endfacet
  facet normal 0.994522 0.104526 0
    outer loop
      vertex -2.641 -0.561361 -0.6
      vertex -2.7 0 -2.5
      vertex -2.7 0 -0.6
    endloop
  endfacet
  facet normal 0.994522 0.104526 0
    outer loop
      vertex -2.7 0 -2.5
      vertex -2.641 -0.561361 -0.6
      vertex -2.641 -0.561361 -2.5
    endloop
  endfacet
  facet normal 0.743146 0.66913 0
    outer loop
      vertex -2.18435 -1.58702 -0.6
      vertex -2.13508 -1.64174 -2.5
      vertex -2.18435 -1.58702 -2.5
    endloop
  endfacet
  facet normal 0.743133 0.669144 -7.2014e-07
    outer loop
      vertex -2.18435 -1.58702 -0.6
      vertex -2.07928 -1.70371 -2.5
      vertex -2.13508 -1.64174 -2.5
    endloop
  endfacet
  facet normal 0.743138 0.669138 -9.3336e-08
    outer loop
      vertex -1.80665 -2.00649 -0.6
      vertex -2.07928 -1.70371 -2.5
      vertex -2.18435 -1.58702 -0.6
    endloop
  endfacet
  facet normal 0.743138 0.669138 0
    outer loop
      vertex -2.07928 -1.70371 -2.5
      vertex -1.80665 -2.00649 -0.6
      vertex -1.80665 -2.00649 -2.5
    endloop
  endfacet
  facet normal -0.595686 -0.536362 -0.597891
    outer loop
      vertex 1.80665 2.00649 -0.6
      vertex 1.45623 1.05801 0.6
      vertex 1.20443 1.33766 0.6
    endloop
  endfacet
  facet normal 0.762344 0.247706 -0.59789
    outer loop
      vertex -1.64438 -0.732125 0.6
      vertex -2.46657 -1.09819 -0.6
      vertex -2.641 -0.561361 -0.6
    endloop
  endfacet
  facet normal -0.797186 -0.0837997 -0.59789
    outer loop
      vertex 2.7 0 -0.6
      vertex 1.8 0 0.6
      vertex 1.76066 0.374241 0.6
    endloop
  endfacet
  facet normal -0.797185 -0.0837855 -0.597893
    outer loop
      vertex 2.641 0.561361 -0.6
      vertex 2.7 0 -0.6
      vertex 1.76066 0.374241 0.6
    endloop
  endfacet
  facet normal 0.694185 0.400788 -0.597893
    outer loop
      vertex -1.64438 -0.732125 0.6
      vertex -1.45623 -1.05801 0.6
      vertex -2.18435 -1.58702 -0.6
    endloop
  endfacet
  facet normal -0.69419 -0.400782 -0.597891
    outer loop
      vertex 2.18435 1.58702 -0.6
      vertex 2.46657 1.09819 -0.6
      vertex 1.64438 0.732125 0.6
    endloop
  endfacet
  facet normal 0.69419 -0.400782 -0.597891
    outer loop
      vertex -2.18435 1.58702 -0.6
      vertex -1.64438 0.732125 0.6
      vertex -2.46657 1.09819 -0.6
    endloop
  endfacet
  facet normal -0.326027 0.73228 -0.59789
    outer loop
      vertex 1.35 -2.33827 -0.6
      vertex 0.834346 -2.56785 -0.6
      vertex 0.556231 -1.7119 0.6
    endloop
  endfacet
  facet normal -0.762344 -0.247706 -0.59789
    outer loop
      vertex 2.46657 1.09819 -0.6
      vertex 2.641 0.561361 -0.6
      vertex 1.64438 0.732125 0.6
    endloop
  endfacet
  facet normal -0.326021 -0.732284 -0.597888
    outer loop
      vertex 1.35 2.33827 -0.6
      vertex 0.9 1.55885 0.6
      vertex 0.556231 1.7119 0.6
    endloop
  endfacet
  facet normal -0.326021 0.732284 -0.597888
    outer loop
      vertex 0.9 -1.55885 0.6
      vertex 1.35 -2.33827 -0.6
      vertex 0.556231 -1.7119 0.6
    endloop
  endfacet
  facet normal -0.471167 0.648481 -0.597891
    outer loop
      vertex 1.20443 -1.33766 0.6
      vertex 1.80665 -2.00649 -0.6
      vertex 0.9 -1.55885 0.6
    endloop
  endfacet
  facet normal 0.47116 0.648488 -0.597889
    outer loop
      vertex -0.9 -1.55885 0.6
      vertex -1.35 -2.33827 -0.6
      vertex -1.80665 -2.00649 -0.6
    endloop
  endfacet
  facet normal 0.326027 0.73228 -0.59789
    outer loop
      vertex -0.556231 -1.7119 0.6
      vertex -0.834346 -2.56785 -0.6
      vertex -1.35 -2.33827 -0.6
    endloop
  endfacet
  facet normal 0.166661 -0.784061 -0.59789
    outer loop
      vertex -0.282227 2.68521 -0.6
      vertex -0.18815 1.79014 0.6
      vertex -0.556231 1.7119 0.6
    endloop
  endfacet
  facet normal 0.166662 -0.784061 -0.59789
    outer loop
      vertex -0.282227 2.68521 -0.6
      vertex -0.556231 1.7119 0.6
      vertex -0.834346 2.56785 -0.6
    endloop
  endfacet
  facet normal -0.326027 -0.73228 -0.59789
    outer loop
      vertex 0.834346 2.56785 -0.6
      vertex 1.35 2.33827 -0.6
      vertex 0.556231 1.7119 0.6
    endloop
  endfacet
  facet normal -0.694185 -0.400788 -0.597893
    outer loop
      vertex 2.18435 1.58702 -0.6
      vertex 1.64438 0.732125 0.6
      vertex 1.45623 1.05801 0.6
    endloop
  endfacet
  facet normal 0.762344 -0.247706 -0.59789
    outer loop
      vertex -2.46657 1.09819 -0.6
      vertex -1.64438 0.732125 0.6
      vertex -2.641 0.561361 -0.6
    endloop
  endfacet
  facet normal 0.797186 -0.0837997 -0.59789
    outer loop
      vertex -1.76066 0.374241 0.6
      vertex -1.8 0 0.6
      vertex -2.7 0 -0.6
    endloop
  endfacet
  facet normal -0.471167 -0.648481 -0.597891
    outer loop
      vertex 1.80665 2.00649 -0.6
      vertex 1.20443 1.33766 0.6
      vertex 0.9 1.55885 0.6
    endloop
  endfacet
  facet normal -0.595682 0.536365 -0.597892
    outer loop
      vertex 2.18435 -1.58702 -0.6
      vertex 1.80665 -2.00649 -0.6
      vertex 1.45623 -1.05801 0.6
    endloop
  endfacet
  facet normal -0.694185 0.400788 -0.597893
    outer loop
      vertex 1.64438 -0.732125 0.6
      vertex 2.18435 -1.58702 -0.6
      vertex 1.45623 -1.05801 0.6
    endloop
  endfacet
  facet normal 0.326021 0.732284 -0.597888
    outer loop
      vertex -0.9 -1.55885 0.6
      vertex -0.556231 -1.7119 0.6
      vertex -1.35 -2.33827 -0.6
    endloop
  endfacet
  facet normal 0.69419 0.400782 -0.597891
    outer loop
      vertex -1.64438 -0.732125 0.6
      vertex -2.18435 -1.58702 -0.6
      vertex -2.46657 -1.09819 -0.6
    endloop
  endfacet
  facet normal -0.595682 -0.536365 -0.597892
    outer loop
      vertex 1.80665 2.00649 -0.6
      vertex 2.18435 1.58702 -0.6
      vertex 1.45623 1.05801 0.6
    endloop
  endfacet
  facet normal -0.595686 0.536362 -0.597891
    outer loop
      vertex 1.45623 -1.05801 0.6
      vertex 1.80665 -2.00649 -0.6
      vertex 1.20443 -1.33766 0.6
    endloop
  endfacet
  facet normal -0.47116 -0.648488 -0.597889
    outer loop
      vertex 1.35 2.33827 -0.6
      vertex 1.80665 2.00649 -0.6
      vertex 0.9 1.55885 0.6
    endloop
  endfacet
  facet normal 0.595686 0.536362 -0.597891
    outer loop
      vertex -1.45623 -1.05801 0.6
      vertex -1.20443 -1.33766 0.6
      vertex -1.80665 -2.00649 -0.6
    endloop
  endfacet
  facet normal -0.166662 -0.784061 -0.59789
    outer loop
      vertex 0.834346 2.56785 -0.6
      vertex 0.556231 1.7119 0.6
      vertex 0.282227 2.68521 -0.6
    endloop
  endfacet
  facet normal 0.471167 0.648481 -0.597891
    outer loop
      vertex -1.20443 -1.33766 0.6
      vertex -0.9 -1.55885 0.6
      vertex -1.80665 -2.00649 -0.6
    endloop
  endfacet
  facet normal 0.797185 0.0837855 -0.597893
    outer loop
      vertex -1.76066 -0.374241 0.6
      vertex -2.641 -0.561361 -0.6
      vertex -2.7 0 -0.6
    endloop
  endfacet
  facet normal -0.797185 0.0837855 -0.597893
    outer loop
      vertex 2.7 0 -0.6
      vertex 2.641 -0.561361 -0.6
      vertex 1.76066 -0.374241 0.6
    endloop
  endfacet
  facet normal -0.797186 0.0837997 -0.59789
    outer loop
      vertex 1.8 0 0.6
      vertex 2.7 0 -0.6
      vertex 1.76066 -0.374241 0.6
    endloop
  endfacet
  facet normal 0.166661 0.784061 -0.59789
    outer loop
      vertex -0.18815 -1.79014 0.6
      vertex -0.282227 -2.68521 -0.6
      vertex -0.556231 -1.7119 0.6
    endloop
  endfacet
  facet normal 0.797186 0.0837997 -0.59789
    outer loop
      vertex -1.8 0 0.6
      vertex -1.76066 -0.374241 0.6
      vertex -2.7 0 -0.6
    endloop
  endfacet
  facet normal 0.595682 -0.536365 -0.597892
    outer loop
      vertex -1.80665 2.00649 -0.6
      vertex -1.45623 1.05801 0.6
      vertex -2.18435 1.58702 -0.6
    endloop
  endfacet
  facet normal 0.166662 0.784061 -0.59789
    outer loop
      vertex -0.556231 -1.7119 0.6
      vertex -0.282227 -2.68521 -0.6
      vertex -0.834346 -2.56785 -0.6
    endloop
  endfacet
  facet normal 0.797185 -0.0837855 -0.597893
    outer loop
      vertex -2.641 0.561361 -0.6
      vertex -1.76066 0.374241 0.6
      vertex -2.7 0 -0.6
    endloop
  endfacet
  facet normal -0.762346 -0.247694 -0.597893
    outer loop
      vertex 2.641 0.561361 -0.6
      vertex 1.76066 0.374241 0.6
      vertex 1.64438 0.732125 0.6
    endloop
  endfacet
  facet normal -0.69419 0.400782 -0.597891
    outer loop
      vertex 2.46657 -1.09819 -0.6
      vertex 2.18435 -1.58702 -0.6
      vertex 1.64438 -0.732125 0.6
    endloop
  endfacet
  facet normal -0.762344 0.247706 -0.59789
    outer loop
      vertex 2.641 -0.561361 -0.6
      vertex 2.46657 -1.09819 -0.6
      vertex 1.64438 -0.732125 0.6
    endloop
  endfacet
  facet normal 0.762346 0.247694 -0.597893
    outer loop
      vertex -1.76066 -0.374241 0.6
      vertex -1.64438 -0.732125 0.6
      vertex -2.641 -0.561361 -0.6
    endloop
  endfacet
  facet normal 0.595682 0.536365 -0.597892
    outer loop
      vertex -1.45623 -1.05801 0.6
      vertex -1.80665 -2.00649 -0.6
      vertex -2.18435 -1.58702 -0.6
    endloop
  endfacet
  facet normal 0.326021 -0.732284 -0.597888
    outer loop
      vertex -0.556231 1.7119 0.6
      vertex -0.9 1.55885 0.6
      vertex -1.35 2.33827 -0.6
    endloop
  endfacet
  facet normal -0.166661 -0.784061 -0.59789
    outer loop
      vertex 0.282227 2.68521 -0.6
      vertex 0.556231 1.7119 0.6
      vertex 0.18815 1.79014 0.6
    endloop
  endfacet
  facet normal -0.47116 0.648488 -0.597889
    outer loop
      vertex 1.80665 -2.00649 -0.6
      vertex 1.35 -2.33827 -0.6
      vertex 0.9 -1.55885 0.6
    endloop
  endfacet
  facet normal -0.166662 0.784061 -0.59789
    outer loop
      vertex 0.556231 -1.7119 0.6
      vertex 0.834346 -2.56785 -0.6
      vertex 0.282227 -2.68521 -0.6
    endloop
  endfacet
  facet normal -0.762346 0.247694 -0.597893
    outer loop
      vertex 1.76066 -0.374241 0.6
      vertex 2.641 -0.561361 -0.6
      vertex 1.64438 -0.732125 0.6
    endloop
  endfacet
  facet normal 0 -0.801578 -0.59789
    outer loop
      vertex -0.282227 2.68521 -0.6
      vertex 0.18815 1.79014 0.6
      vertex -0.18815 1.79014 0.6
    endloop
  endfacet
  facet normal 0 -0.801578 -0.59789
    outer loop
      vertex 0.18815 1.79014 0.6
      vertex -0.282227 2.68521 -0.6
      vertex 0.282227 2.68521 -0.6
    endloop
  endfacet
  facet normal -0.166661 0.784061 -0.59789
    outer loop
      vertex 0.556231 -1.7119 0.6
      vertex 0.282227 -2.68521 -0.6
      vertex 0.18815 -1.79014 0.6
    endloop
  endfacet
  facet normal 0.326027 -0.73228 -0.59789
    outer loop
      vertex -0.834346 2.56785 -0.6
      vertex -0.556231 1.7119 0.6
      vertex -1.35 2.33827 -0.6
    endloop
  endfacet
  facet normal 0.47116 -0.648488 -0.597889
    outer loop
      vertex -1.35 2.33827 -0.6
      vertex -0.9 1.55885 0.6
      vertex -1.80665 2.00649 -0.6
    endloop
  endfacet
  facet normal 0 0.801578 -0.59789
    outer loop
      vertex 0.282227 -2.68521 -0.6
      vertex -0.18815 -1.79014 0.6
      vertex 0.18815 -1.79014 0.6
    endloop
  endfacet
  facet normal 0 0.801578 -0.59789
    outer loop
      vertex -0.18815 -1.79014 0.6
      vertex 0.282227 -2.68521 -0.6
      vertex -0.282227 -2.68521 -0.6
    endloop
  endfacet
  facet normal 0.595686 -0.536362 -0.597891
    outer loop
      vertex -1.20443 1.33766 0.6
      vertex -1.45623 1.05801 0.6
      vertex -1.80665 2.00649 -0.6
    endloop
  endfacet
  facet normal 0.471167 -0.648481 -0.597891
    outer loop
      vertex -0.9 1.55885 0.6
      vertex -1.20443 1.33766 0.6
      vertex -1.80665 2.00649 -0.6
    endloop
  endfacet
  facet normal 0.762346 -0.247694 -0.597893
    outer loop
      vertex -1.64438 0.732125 0.6
      vertex -1.76066 0.374241 0.6
      vertex -2.641 0.561361 -0.6
    endloop
  endfacet
  facet normal 0.694185 -0.400788 -0.597893
    outer loop
      vertex -1.45623 1.05801 0.6
      vertex -1.64438 0.732125 0.6
      vertex -2.18435 1.58702 -0.6
    endloop
  endfacet
  facet normal 0 0 -1
    outer loop
      vertex 1.76066 -0.374241 0.6
      vertex 1.76066 0.374241 0.6
      vertex 1.8 0 0.6
    endloop
  endfacet
  facet normal 0 0 -1
    outer loop
      vertex 1.64438 -0.732125 0.6
      vertex 1.76066 0.374241 0.6
      vertex 1.76066 -0.374241 0.6
    endloop
  endfacet
  facet normal 0 0 -1
    outer loop
      vertex 1.64438 -0.732125 0.6
      vertex 1.64438 0.732125 0.6
      vertex 1.76066 0.374241 0.6
    endloop
  endfacet
  facet normal 0 0 -1
    outer loop
      vertex 1.45623 -1.05801 0.6
      vertex 1.64438 0.732125 0.6
      vertex 1.64438 -0.732125 0.6
    endloop
  endfacet
  facet normal 0 0 -1
    outer loop
      vertex 1.45623 -1.05801 0.6
      vertex 1.45623 1.05801 0.6
      vertex 1.64438 0.732125 0.6
    endloop
  endfacet
  facet normal 0 0 -1
    outer loop
      vertex 1.20443 -1.33766 0.6
      vertex 1.45623 1.05801 0.6
      vertex 1.45623 -1.05801 0.6
    endloop
  endfacet
  facet normal 0 0 -1
    outer loop
      vertex 1.20443 -1.33766 0.6
      vertex 1.20443 1.33766 0.6
      vertex 1.45623 1.05801 0.6
    endloop
  endfacet
  facet normal 0 0 -1
    outer loop
      vertex 0.9 -1.55885 0.6
      vertex 1.20443 1.33766 0.6
      vertex 1.20443 -1.33766 0.6
    endloop
  endfacet
  facet normal 0 0 -1
    outer loop
      vertex 0.9 -1.55885 0.6
      vertex 0.9 1.55885 0.6
      vertex 1.20443 1.33766 0.6
    endloop
  endfacet
  facet normal 0 0 -1
    outer loop
      vertex 0.556231 -1.7119 0.6
      vertex 0.9 1.55885 0.6
      vertex 0.9 -1.55885 0.6
    endloop
  endfacet
  facet normal 0 0 -1
    outer loop
      vertex 0.556231 -1.7119 0.6
      vertex 0.556231 1.7119 0.6
      vertex 0.9 1.55885 0.6
    endloop
  endfacet
  facet normal 0 0 -1
    outer loop
      vertex 0.18815 -1.79014 0.6
      vertex 0.556231 1.7119 0.6
      vertex 0.556231 -1.7119 0.6
    endloop
  endfacet
  facet normal 0 0 -1
    outer loop
      vertex 0.18815 -1.79014 0.6
      vertex 0.18815 1.79014 0.6
      vertex 0.556231 1.7119 0.6
    endloop
  endfacet
  facet normal 0 0 -1
    outer loop
      vertex -0.18815 -1.79014 0.6
      vertex 0.18815 1.79014 0.6
      vertex 0.18815 -1.79014 0.6
    endloop
  endfacet
  facet normal 0 0 -1
    outer loop
      vertex -0.18815 -1.79014 0.6
      vertex -0.18815 1.79014 0.6
      vertex 0.18815 1.79014 0.6
    endloop
  endfacet
  facet normal 0 0 -1
    outer loop
      vertex -0.556231 -1.7119 0.6
      vertex -0.18815 1.79014 0.6
      vertex -0.18815 -1.79014 0.6
    endloop
  endfacet
  facet normal 0 0 -1
    outer loop
      vertex -0.556231 -1.7119 0.6
      vertex -0.556231 1.7119 0.6
      vertex -0.18815 1.79014 0.6
    endloop
  endfacet
  facet normal 0 0 -1
    outer loop
      vertex -0.9 -1.55885 0.6
      vertex -0.556231 1.7119 0.6
      vertex -0.556231 -1.7119 0.6
    endloop
  endfacet
  facet normal 0 0 -1
    outer loop
      vertex -0.9 -1.55885 0.6
      vertex -0.9 1.55885 0.6
      vertex -0.556231 1.7119 0.6
    endloop
  endfacet
  facet normal 0 0 -1
    outer loop
      vertex -1.20443 -1.33766 0.6
      vertex -0.9 1.55885 0.6
      vertex -0.9 -1.55885 0.6
    endloop
  endfacet
  facet normal 0 0 -1
    outer loop
      vertex -1.20443 -1.33766 0.6
      vertex -1.20443 1.33766 0.6
      vertex -0.9 1.55885 0.6
    endloop
  endfacet
  facet normal 0 0 -1
    outer loop
      vertex -1.45623 -1.05801 0.6
      vertex -1.20443 1.33766 0.6
      vertex -1.20443 -1.33766 0.6
    endloop
  endfacet
  facet normal 0 0 -1
    outer loop
      vertex -1.45623 -1.05801 0.6
      vertex -1.45623 1.05801 0.6
      vertex -1.20443 1.33766 0.6
    endloop
  endfacet
  facet normal 0 0 -1
    outer loop
      vertex -1.64438 -0.732125 0.6
      vertex -1.45623 1.05801 0.6
      vertex -1.45623 -1.05801 0.6
    endloop
  endfacet
  facet normal 0 0 -1
    outer loop
      vertex -1.64438 -0.732125 0.6
      vertex -1.64438 0.732125 0.6
      vertex -1.45623 1.05801 0.6
    endloop
  endfacet
  facet normal 0 0 -1
    outer loop
      vertex -1.76066 -0.374241 0.6
      vertex -1.64438 0.732125 0.6
      vertex -1.64438 -0.732125 0.6
    endloop
  endfacet
  facet normal 0 0 -1
    outer loop
      vertex -1.76066 -0.374241 0.6
      vertex -1.76066 0.374241 0.6
      vertex -1.64438 0.732125 0.6
    endloop
  endfacet
  facet normal 0 -0 -1
    outer loop
      vertex -1.76066 0.374241 0.6
      vertex -1.76066 -0.374241 0.6
      vertex -1.8 0 0.6
    endloop
  endfacet
  facet normal 0.743149 0.669126 0
    outer loop
      vertex -2.14122 -9.87806 -0.6
      vertex -2.58885 -9.38091 -2.5
      vertex -2.58885 -9.38091 -0.6
    endloop
  endfacet
  facet normal 0.743149 0.669126 0
    outer loop
      vertex -2.58885 -9.38091 -2.5
      vertex -2.14122 -9.87806 -0.6
      vertex -2.14122 -9.87806 -2.5
    endloop
  endfacet
  facet normal -0.951055 -0.309021 0
    outer loop
      vertex 3.13007 -6.83468 -2.5
      vertex 2.92334 -6.19844 -0.6
      vertex 2.92334 -6.19844 -2.5
    endloop
  endfacet
  facet normal -0.951055 -0.309021 0
    outer loop
      vertex 2.92334 -6.19844 -0.6
      vertex 3.13007 -6.83468 -2.5
      vertex 3.13007 -6.83468 -0.6
    endloop
  endfacet
  facet normal -0.994522 -0.104531 0
    outer loop
      vertex 3.2 -7.5 -2.5
      vertex 3.13007 -6.83468 -0.6
      vertex 3.13007 -6.83468 -2.5
    endloop
  endfacet
  facet normal -0.994522 -0.104531 0
    outer loop
      vertex 3.13007 -6.83468 -0.6
      vertex 3.2 -7.5 -2.5
      vertex 3.2 -7.5 -0.6
    endloop
  endfacet
  facet normal -0.866024 -0.500002 0
    outer loop
      vertex 2.92334 -6.19844 -2.5
      vertex 2.58885 -5.61909 -0.6
      vertex 2.58885 -5.61909 -2.5
    endloop
  endfacet
  facet normal -0.866024 -0.500002 0
    outer loop
      vertex 2.58885 -5.61909 -0.6
      vertex 2.92334 -6.19844 -2.5
      vertex 2.92334 -6.19844 -0.6
    endloop
  endfacet
  facet normal -0.951055 0.309021 0
    outer loop
      vertex 2.92334 -8.80156 -2.5
      vertex 3.13007 -8.16532 -0.6
      vertex 3.13007 -8.16532 -2.5
    endloop
  endfacet
  facet normal -0.951055 0.309021 0
    outer loop
      vertex 3.13007 -8.16532 -0.6
      vertex 2.92334 -8.80156 -2.5
      vertex 2.92334 -8.80156 -0.6
    endloop
  endfacet
  facet normal 0.587786 -0.809017 0
    outer loop
      vertex -2.14122 -5.12194 -2.5
      vertex -1.6 -4.72872 -0.6
      vertex -2.14122 -5.12194 -0.6
    endloop
  endfacet
  facet normal 0.587786 -0.809017 0
    outer loop
      vertex -1.6 -4.72872 -0.6
      vertex -2.14122 -5.12194 -2.5
      vertex -1.6 -4.72872 -2.5
    endloop
  endfacet
  facet normal -0.587805 0.809002 0
    outer loop
      vertex 2.14122 -9.87806 -2.5
      vertex 1.6 -10.2713 -0.6
      vertex 2.14122 -9.87806 -0.6
    endloop
  endfacet
  facet normal -0.587805 0.809002 0
    outer loop
      vertex 1.6 -10.2713 -0.6
      vertex 2.14122 -9.87806 -2.5
      vertex 1.6 -10.2713 -2.5
    endloop
  endfacet
  facet normal -0.743149 0.669126 0
    outer loop
      vertex 2.14122 -9.87806 -2.5
      vertex 2.58885 -9.38091 -0.6
      vertex 2.58885 -9.38091 -2.5
    endloop
  endfacet
  facet normal -0.743149 0.669126 0
    outer loop
      vertex 2.58885 -9.38091 -0.6
      vertex 2.14122 -9.87806 -2.5
      vertex 2.14122 -9.87806 -0.6
    endloop
  endfacet
  facet normal -0.994522 0.104531 0
    outer loop
      vertex 3.13007 -8.16532 -2.5
      vertex 3.2 -7.5 -0.6
      vertex 3.2 -7.5 -2.5
    endloop
  endfacet
  facet normal -0.994522 0.104531 0
    outer loop
      vertex 3.2 -7.5 -0.6
      vertex 3.13007 -8.16532 -2.5
      vertex 3.13007 -8.16532 -0.6
    endloop
  endfacet
  facet normal 0.406736 0.913546 -0
    outer loop
      vertex -0.988853 -10.5434 -2.5
      vertex -1.6 -10.2713 -0.6
      vertex -0.988853 -10.5434 -0.6
    endloop
  endfacet
  facet normal 0.406736 0.913546 0
    outer loop
      vertex -1.6 -10.2713 -0.6
      vertex -0.988853 -10.5434 -2.5
      vertex -1.6 -10.2713 -2.5
    endloop
  endfacet
  facet normal -0.406736 -0.913546 0
    outer loop
      vertex 0.988853 -4.45662 -2.5
      vertex 1.6 -4.72872 -0.6
      vertex 0.988853 -4.45662 -0.6
    endloop
  endfacet
  facet normal -0.406736 -0.913546 -0
    outer loop
      vertex 1.6 -4.72872 -0.6
      vertex 0.988853 -4.45662 -2.5
      vertex 1.6 -4.72872 -2.5
    endloop
  endfacet
  facet normal -0.743149 -0.669126 0
    outer loop
      vertex 2.58885 -5.61909 -2.5
      vertex 2.14122 -5.12194 -0.6
      vertex 2.14122 -5.12194 -2.5
    endloop
  endfacet
  facet normal -0.743149 -0.669126 0
    outer loop
      vertex 2.14122 -5.12194 -0.6
      vertex 2.58885 -5.61909 -2.5
      vertex 2.58885 -5.61909 -0.6
    endloop
  endfacet
  facet normal 0.587805 0.809002 -0
    outer loop
      vertex -1.6 -10.2713 -2.5
      vertex -2.14122 -9.87806 -0.6
      vertex -1.6 -10.2713 -0.6
    endloop
  endfacet
  facet normal 0.587805 0.809002 0
    outer loop
      vertex -2.14122 -9.87806 -0.6
      vertex -1.6 -10.2713 -2.5
      vertex -2.14122 -9.87806 -2.5
    endloop
  endfacet
  facet normal 0.743149 -0.669126 0
    outer loop
      vertex -2.58885 -5.61909 -0.6
      vertex -2.14122 -5.12194 -2.5
      vertex -2.14122 -5.12194 -0.6
    endloop
  endfacet
  facet normal 0.743149 -0.669126 0
    outer loop
      vertex -2.14122 -5.12194 -2.5
      vertex -2.58885 -5.61909 -0.6
      vertex -2.58885 -5.61909 -2.5
    endloop
  endfacet
  facet normal 0 -1 0
    outer loop
      vertex -0.334491 -4.31753 -2.5
      vertex 0.334491 -4.31753 -0.6
      vertex -0.334491 -4.31753 -0.6
    endloop
  endfacet
  facet normal 0 -1 -0
    outer loop
      vertex 0.334491 -4.31753 -0.6
      vertex -0.334491 -4.31753 -2.5
      vertex 0.334491 -4.31753 -2.5
    endloop
  endfacet
  facet normal -0.406736 0.913546 0
    outer loop
      vertex 1.6 -10.2713 -2.5
      vertex 0.988853 -10.5434 -0.6
      vertex 1.6 -10.2713 -0.6
    endloop
  endfacet
  facet normal -0.406736 0.913546 0
    outer loop
      vertex 0.988853 -10.5434 -0.6
      vertex 1.6 -10.2713 -2.5
      vertex 0.988853 -10.5434 -2.5
    endloop
  endfacet
  facet normal -0.207928 0.978144 0
    outer loop
      vertex 0.988853 -10.5434 -2.5
      vertex 0.334491 -10.6825 -0.6
      vertex 0.988853 -10.5434 -0.6
    endloop
  endfacet
  facet normal -0.207928 0.978144 0
    outer loop
      vertex 0.334491 -10.6825 -0.6
      vertex 0.988853 -10.5434 -2.5
      vertex 0.334491 -10.6825 -2.5
    endloop
  endfacet
  facet normal 0.951055 -0.309021 0
    outer loop
      vertex -3.13007 -6.83468 -0.6
      vertex -2.92334 -6.19844 -2.5
      vertex -2.92334 -6.19844 -0.6
    endloop
  endfacet
  facet normal 0.951055 -0.309021 0
    outer loop
      vertex -2.92334 -6.19844 -2.5
      vertex -3.13007 -6.83468 -0.6
      vertex -3.13007 -6.83468 -2.5
    endloop
  endfacet
  facet normal 0.951055 0.309021 0
    outer loop
      vertex -2.92334 -8.80156 -0.6
      vertex -3.13007 -8.16532 -2.5
      vertex -3.13007 -8.16532 -0.6
    endloop
  endfacet
  facet normal 0.951055 0.309021 0
    outer loop
      vertex -3.13007 -8.16532 -2.5
      vertex -2.92334 -8.80156 -0.6
      vertex -2.92334 -8.80156 -2.5
    endloop
  endfacet
  facet normal 0.406736 -0.913546 0
    outer loop
      vertex -1.6 -4.72872 -2.5
      vertex -0.988853 -4.45662 -0.6
      vertex -1.6 -4.72872 -0.6
    endloop
  endfacet
  facet normal 0.406736 -0.913546 0
    outer loop
      vertex -0.988853 -4.45662 -0.6
      vertex -1.6 -4.72872 -2.5
      vertex -0.988853 -4.45662 -2.5
    endloop
  endfacet
  facet normal 0.207928 0.978144 -0
    outer loop
      vertex -0.334491 -10.6825 -2.5
      vertex -0.988853 -10.5434 -0.6
      vertex -0.334491 -10.6825 -0.6
    endloop
  endfacet
  facet normal 0.207928 0.978144 0
    outer loop
      vertex -0.988853 -10.5434 -0.6
      vertex -0.334491 -10.6825 -2.5
      vertex -0.988853 -10.5434 -2.5
    endloop
  endfacet
  facet normal -0.207913 -0.978147 0
    outer loop
      vertex 0.334491 -4.31753 -2.5
      vertex 0.988853 -4.45662 -0.6
      vertex 0.334491 -4.31753 -0.6
    endloop
  endfacet
  facet normal -0.207913 -0.978147 -0
    outer loop
      vertex 0.988853 -4.45662 -0.6
      vertex 0.334491 -4.31753 -2.5
      vertex 0.988853 -4.45662 -2.5
    endloop
  endfacet
  facet normal 0.994522 0.104531 0
    outer loop
      vertex -3.13007 -8.16532 -0.6
      vertex -3.2 -7.5 -2.5
      vertex -3.2 -7.5 -0.6
    endloop
  endfacet
  facet normal 0.994522 0.104531 0
    outer loop
      vertex -3.2 -7.5 -2.5
      vertex -3.13007 -8.16532 -0.6
      vertex -3.13007 -8.16532 -2.5
    endloop
  endfacet
  facet normal 0.866024 0.500002 0
    outer loop
      vertex -2.58885 -9.38091 -0.6
      vertex -2.92334 -8.80156 -2.5
      vertex -2.92334 -8.80156 -0.6
    endloop
  endfacet
  facet normal 0.866024 0.500002 0
    outer loop
      vertex -2.92334 -8.80156 -2.5
      vertex -2.58885 -9.38091 -0.6
      vertex -2.58885 -9.38091 -2.5
    endloop
  endfacet
  facet normal 0.866024 -0.500002 0
    outer loop
      vertex -2.92334 -6.19844 -0.6
      vertex -2.58885 -5.61909 -2.5
      vertex -2.58885 -5.61909 -0.6
    endloop
  endfacet
  facet normal 0.866024 -0.500002 0
    outer loop
      vertex -2.58885 -5.61909 -2.5
      vertex -2.92334 -6.19844 -0.6
      vertex -2.92334 -6.19844 -2.5
    endloop
  endfacet
  facet normal -0.866024 0.500002 0
    outer loop
      vertex 2.58885 -9.38091 -2.5
      vertex 2.92334 -8.80156 -0.6
      vertex 2.92334 -8.80156 -2.5
    endloop
  endfacet
  facet normal -0.866024 0.500002 0
    outer loop
      vertex 2.92334 -8.80156 -0.6
      vertex 2.58885 -9.38091 -2.5
      vertex 2.58885 -9.38091 -0.6
    endloop
  endfacet
  facet normal -0.587786 -0.809017 0
    outer loop
      vertex 1.6 -4.72872 -2.5
      vertex 2.14122 -5.12194 -0.6
      vertex 1.6 -4.72872 -0.6
    endloop
  endfacet
  facet normal -0.587786 -0.809017 -0
    outer loop
      vertex 2.14122 -5.12194 -0.6
      vertex 1.6 -4.72872 -2.5
      vertex 2.14122 -5.12194 -2.5
    endloop
  endfacet
  facet normal 0.207913 -0.978147 0
    outer loop
      vertex -0.988853 -4.45662 -2.5
      vertex -0.334491 -4.31753 -0.6
      vertex -0.988853 -4.45662 -0.6
    endloop
  endfacet
  facet normal 0.207913 -0.978147 0
    outer loop
      vertex -0.334491 -4.31753 -0.6
      vertex -0.988853 -4.45662 -2.5
      vertex -0.334491 -4.31753 -2.5
    endloop
  endfacet
  facet normal 0 1 -0
    outer loop
      vertex 0.334491 -10.6825 -2.5
      vertex -0.334491 -10.6825 -0.6
      vertex 0.334491 -10.6825 -0.6
    endloop
  endfacet
  facet normal 0 1 0
    outer loop
      vertex -0.334491 -10.6825 -0.6
      vertex 0.334491 -10.6825 -2.5
      vertex -0.334491 -10.6825 -2.5
    endloop
  endfacet
  facet normal 0.994522 -0.104531 0
    outer loop
      vertex -3.2 -7.5 -0.6
      vertex -3.13007 -6.83468 -2.5
      vertex -3.13007 -6.83468 -0.6
    endloop
  endfacet
  facet normal 0.994522 -0.104531 0
    outer loop
      vertex -3.13007 -6.83468 -2.5
      vertex -3.2 -7.5 -0.6
      vertex -3.2 -7.5 -2.5
    endloop
  endfacet
  facet normal -0.745113 -0.078318 -0.662324
    outer loop
      vertex 3.2 -7.5 -0.6
      vertex 2.13333 -7.5 0.6
      vertex 2.08671 -7.05646 0.6
    endloop
  endfacet
  facet normal -0.745112 -0.0783168 -0.662325
    outer loop
      vertex 3.13007 -6.83468 -0.6
      vertex 3.2 -7.5 -0.6
      vertex 2.08671 -7.05646 0.6
    endloop
  endfacet
  facet normal -0.648839 0.374615 -0.662323
    outer loop
      vertex 1.9489 -8.3677 0.6
      vertex 2.58885 -9.38091 -0.6
      vertex 1.7259 -8.75394 0.6
    endloop
  endfacet
  facet normal 0.648842 -0.374611 -0.662322
    outer loop
      vertex -2.58885 -5.61909 -0.6
      vertex -1.9489 -6.6323 0.6
      vertex -2.92334 -6.19844 -0.6
    endloop
  endfacet
  facet normal -0.44038 -0.60613 -0.662323
    outer loop
      vertex 1.6 -4.72872 -0.6
      vertex 2.14122 -5.12194 -0.6
      vertex 1.06667 -5.65248 0.6
    endloop
  endfacet
  facet normal -0.155772 -0.732846 -0.662323
    outer loop
      vertex 0.988853 -4.45662 -0.6
      vertex 0.659236 -5.47108 0.6
      vertex 0.334491 -4.31753 -0.6
    endloop
  endfacet
  facet normal 0.556778 0.501324 -0.662324
    outer loop
      vertex -1.7259 -8.75394 0.6
      vertex -1.42748 -9.08537 0.6
      vertex -2.14122 -9.87806 -0.6
    endloop
  endfacet
  facet normal -0.556778 -0.501324 -0.662324
    outer loop
      vertex 2.14122 -5.12194 -0.6
      vertex 1.7259 -6.24606 0.6
      vertex 1.42748 -5.91463 0.6
    endloop
  endfacet
  facet normal -0.712546 0.231524 -0.662325
    outer loop
      vertex 3.13007 -8.16532 -0.6
      vertex 2.92334 -8.80156 -0.6
      vertex 2.08671 -7.94354 0.6
    endloop
  endfacet
  facet normal -0.304735 -0.684445 -0.662323
    outer loop
      vertex 1.6 -4.72872 -0.6
      vertex 1.06667 -5.65248 0.6
      vertex 0.988853 -4.45662 -0.6
    endloop
  endfacet
  facet normal 0.648842 0.374611 -0.662322
    outer loop
      vertex -1.9489 -8.3677 0.6
      vertex -2.58885 -9.38091 -0.6
      vertex -2.92334 -8.80156 -0.6
    endloop
  endfacet
  facet normal -0.648842 -0.374611 -0.662322
    outer loop
      vertex 2.58885 -5.61909 -0.6
      vertex 2.92334 -6.19844 -0.6
      vertex 1.9489 -6.6323 0.6
    endloop
  endfacet
  facet normal 0.712555 0.23151 -0.662321
    outer loop
      vertex -2.08671 -7.94354 0.6
      vertex -1.9489 -8.3677 0.6
      vertex -2.92334 -8.80156 -0.6
    endloop
  endfacet
  facet normal 0.745113 -0.078318 -0.662324
    outer loop
      vertex -2.08671 -7.05646 0.6
      vertex -2.13333 -7.5 0.6
      vertex -3.2 -7.5 -0.6
    endloop
  endfacet
  facet normal 0.556778 -0.501324 -0.662324
    outer loop
      vertex -1.42748 -5.91463 0.6
      vertex -1.7259 -6.24606 0.6
      vertex -2.14122 -5.12194 -0.6
    endloop
  endfacet
  facet normal 0.745112 -0.0783168 -0.662325
    outer loop
      vertex -3.13007 -6.83468 -0.6
      vertex -2.08671 -7.05646 0.6
      vertex -3.2 -7.5 -0.6
    endloop
  endfacet
  facet normal 0.304732 0.68444 -0.662329
    outer loop
      vertex -1.06667 -9.34752 0.6
      vertex -0.988853 -10.5434 -0.6
      vertex -1.6 -10.2713 -0.6
    endloop
  endfacet
  facet normal -0.556781 -0.501321 -0.662323
    outer loop
      vertex 2.14122 -5.12194 -0.6
      vertex 2.58885 -5.61909 -0.6
      vertex 1.7259 -6.24606 0.6
    endloop
  endfacet
  facet normal -0.440386 -0.606124 -0.662325
    outer loop
      vertex 2.14122 -5.12194 -0.6
      vertex 1.42748 -5.91463 0.6
      vertex 1.06667 -5.65248 0.6
    endloop
  endfacet
  facet normal 0.648839 0.374615 -0.662323
    outer loop
      vertex -1.9489 -8.3677 0.6
      vertex -1.7259 -8.75394 0.6
      vertex -2.58885 -9.38091 -0.6
    endloop
  endfacet
  facet normal -0.304733 -0.684446 -0.662323
    outer loop
      vertex 0.988853 -4.45662 -0.6
      vertex 1.06667 -5.65248 0.6
      vertex 0.659236 -5.47108 0.6
    endloop
  endfacet
  facet normal 0.712546 -0.231524 -0.662325
    outer loop
      vertex -2.92334 -6.19844 -0.6
      vertex -2.08671 -7.05646 0.6
      vertex -3.13007 -6.83468 -0.6
    endloop
  endfacet
  facet normal 0.648839 -0.374615 -0.662323
    outer loop
      vertex -1.7259 -6.24606 0.6
      vertex -1.9489 -6.6323 0.6
      vertex -2.58885 -5.61909 -0.6
    endloop
  endfacet
  facet normal 0.712546 0.231524 -0.662325
    outer loop
      vertex -2.08671 -7.94354 0.6
      vertex -2.92334 -8.80156 -0.6
      vertex -3.13007 -8.16532 -0.6
    endloop
  endfacet
  facet normal 0.745112 0.0783168 -0.662325
    outer loop
      vertex -2.08671 -7.94354 0.6
      vertex -3.13007 -8.16532 -0.6
      vertex -3.2 -7.5 -0.6
    endloop
  endfacet
  facet normal -0.648839 -0.374615 -0.662323
    outer loop
      vertex 2.58885 -5.61909 -0.6
      vertex 1.9489 -6.6323 0.6
      vertex 1.7259 -6.24606 0.6
    endloop
  endfacet
  facet normal -0.712555 -0.23151 -0.662321
    outer loop
      vertex 2.92334 -6.19844 -0.6
      vertex 2.08671 -7.05646 0.6
      vertex 1.9489 -6.6323 0.6
    endloop
  endfacet
  facet normal -0.712546 -0.231524 -0.662325
    outer loop
      vertex 2.92334 -6.19844 -0.6
      vertex 3.13007 -6.83468 -0.6
      vertex 2.08671 -7.05646 0.6
    endloop
  endfacet
  facet normal -0.155776 0.732837 -0.662332
    outer loop
      vertex 0.659236 -9.52892 0.6
      vertex 0.334491 -10.6825 -0.6
      vertex 0.222994 -9.62165 0.6
    endloop
  endfacet
  facet normal 0.440386 0.606124 -0.662325
    outer loop
      vertex -1.42748 -9.08537 0.6
      vertex -1.06667 -9.34752 0.6
      vertex -2.14122 -9.87806 -0.6
    endloop
  endfacet
  facet normal 0.556781 -0.501321 -0.662323
    outer loop
      vertex -2.14122 -5.12194 -0.6
      vertex -1.7259 -6.24606 0.6
      vertex -2.58885 -5.61909 -0.6
    endloop
  endfacet
  facet normal -0.155782 0.732837 -0.662331
    outer loop
      vertex 0.659236 -9.52892 0.6
      vertex 0.988853 -10.5434 -0.6
      vertex 0.334491 -10.6825 -0.6
    endloop
  endfacet
  facet normal 0 0 -1
    outer loop
      vertex 2.08671 -7.94354 0.6
      vertex 2.08671 -7.05646 0.6
      vertex 2.13333 -7.5 0.6
    endloop
  endfacet
  facet normal 0 0 -1
    outer loop
      vertex 1.9489 -8.3677 0.6
      vertex 2.08671 -7.05646 0.6
      vertex 2.08671 -7.94354 0.6
    endloop
  endfacet
  facet normal 0 0 -1
    outer loop
      vertex 1.9489 -8.3677 0.6
      vertex 1.9489 -6.6323 0.6
      vertex 2.08671 -7.05646 0.6
    endloop
  endfacet
  facet normal 0 0 -1
    outer loop
      vertex 1.7259 -8.75394 0.6
      vertex 1.9489 -6.6323 0.6
      vertex 1.9489 -8.3677 0.6
    endloop
  endfacet
  facet normal 0 0 -1
    outer loop
      vertex 1.7259 -8.75394 0.6
      vertex 1.7259 -6.24606 0.6
      vertex 1.9489 -6.6323 0.6
    endloop
  endfacet
  facet normal 0 0 -1
    outer loop
      vertex 1.42748 -9.08537 0.6
      vertex 1.7259 -6.24606 0.6
      vertex 1.7259 -8.75394 0.6
    endloop
  endfacet
  facet normal 0 0 -1
    outer loop
      vertex 1.42748 -9.08537 0.6
      vertex 1.42748 -5.91463 0.6
      vertex 1.7259 -6.24606 0.6
    endloop
  endfacet
  facet normal 0 0 -1
    outer loop
      vertex 1.06667 -9.34752 0.6
      vertex 1.42748 -5.91463 0.6
      vertex 1.42748 -9.08537 0.6
    endloop
  endfacet
  facet normal 0 0 -1
    outer loop
      vertex 1.06667 -9.34752 0.6
      vertex 1.06667 -5.65248 0.6
      vertex 1.42748 -5.91463 0.6
    endloop
  endfacet
  facet normal 0 0 -1
    outer loop
      vertex 0.659236 -9.52892 0.6
      vertex 1.06667 -5.65248 0.6
      vertex 1.06667 -9.34752 0.6
    endloop
  endfacet
  facet normal 0 0 -1
    outer loop
      vertex 0.659236 -9.52892 0.6
      vertex 0.659236 -5.47108 0.6
      vertex 1.06667 -5.65248 0.6
    endloop
  endfacet
  facet normal 0 0 -1
    outer loop
      vertex 0.222994 -9.62165 0.6
      vertex 0.659236 -5.47108 0.6
      vertex 0.659236 -9.52892 0.6
    endloop
  endfacet
  facet normal 0 0 -1
    outer loop
      vertex 0.222994 -9.62165 0.6
      vertex 0.222994 -5.37835 0.6
      vertex 0.659236 -5.47108 0.6
    endloop
  endfacet
  facet normal 0 0 -1
    outer loop
      vertex -0.222994 -9.62165 0.6
      vertex 0.222994 -5.37835 0.6
      vertex 0.222994 -9.62165 0.6
    endloop
  endfacet
  facet normal 0 0 -1
    outer loop
      vertex -0.222994 -9.62165 0.6
      vertex -0.222994 -5.37835 0.6
      vertex 0.222994 -5.37835 0.6
    endloop
  endfacet
  facet normal 0 0 -1
    outer loop
      vertex -0.659236 -9.52892 0.6
      vertex -0.222994 -5.37835 0.6
      vertex -0.222994 -9.62165 0.6
    endloop
  endfacet
  facet normal 0 0 -1
    outer loop
      vertex -0.659236 -9.52892 0.6
      vertex -0.659236 -5.47108 0.6
      vertex -0.222994 -5.37835 0.6
    endloop
  endfacet
  facet normal 0 0 -1
    outer loop
      vertex -1.06667 -9.34752 0.6
      vertex -0.659236 -5.47108 0.6
      vertex -0.659236 -9.52892 0.6
    endloop
  endfacet
  facet normal 0 0 -1
    outer loop
      vertex -1.06667 -9.34752 0.6
      vertex -1.06667 -5.65248 0.6
      vertex -0.659236 -5.47108 0.6
    endloop
  endfacet
  facet normal 0 0 -1
    outer loop
      vertex -1.42748 -9.08537 0.6
      vertex -1.06667 -5.65248 0.6
      vertex -1.06667 -9.34752 0.6
    endloop
  endfacet
  facet normal 0 0 -1
    outer loop
      vertex -1.42748 -9.08537 0.6
      vertex -1.42748 -5.91463 0.6
      vertex -1.06667 -5.65248 0.6
    endloop
  endfacet
  facet normal 0 0 -1
    outer loop
      vertex -1.7259 -8.75394 0.6
      vertex -1.42748 -5.91463 0.6
      vertex -1.42748 -9.08537 0.6
    endloop
  endfacet
  facet normal 0 0 -1
    outer loop
      vertex -1.7259 -8.75394 0.6
      vertex -1.7259 -6.24606 0.6
      vertex -1.42748 -5.91463 0.6
    endloop
  endfacet
  facet normal 0 0 -1
    outer loop
      vertex -1.9489 -8.3677 0.6
      vertex -1.7259 -6.24606 0.6
      vertex -1.7259 -8.75394 0.6
    endloop
  endfacet
  facet normal 0 0 -1
    outer loop
      vertex -1.9489 -8.3677 0.6
      vertex -1.9489 -6.6323 0.6
      vertex -1.7259 -6.24606 0.6
    endloop
  endfacet
  facet normal 0 0 -1
    outer loop
      vertex -2.08671 -7.94354 0.6
      vertex -1.9489 -6.6323 0.6
      vertex -1.9489 -8.3677 0.6
    endloop
  endfacet
  facet normal 0 0 -1
    outer loop
      vertex -2.08671 -7.94354 0.6
      vertex -2.08671 -7.05646 0.6
      vertex -1.9489 -6.6323 0.6
    endloop
  endfacet
  facet normal 0 -0 -1
    outer loop
      vertex -2.08671 -7.05646 0.6
      vertex -2.08671 -7.94354 0.6
      vertex -2.13333 -7.5 0.6
    endloop
  endfacet
  facet normal 0.155772 -0.732846 -0.662323
    outer loop
      vertex -0.334491 -4.31753 -0.6
      vertex -0.659236 -5.47108 0.6
      vertex -0.988853 -4.45662 -0.6
    endloop
  endfacet
  facet normal 0.155778 -0.732846 -0.662322
    outer loop
      vertex -0.334491 -4.31753 -0.6
      vertex -0.222994 -5.37835 0.6
      vertex -0.659236 -5.47108 0.6
    endloop
  endfacet
  facet normal 0.304735 -0.684445 -0.662323
    outer loop
      vertex -0.988853 -4.45662 -0.6
      vertex -1.06667 -5.65248 0.6
      vertex -1.6 -4.72872 -0.6
    endloop
  endfacet
  facet normal 0.556781 0.501321 -0.662323
    outer loop
      vertex -1.7259 -8.75394 0.6
      vertex -2.14122 -9.87806 -0.6
      vertex -2.58885 -9.38091 -0.6
    endloop
  endfacet
  facet normal -0.440392 0.606116 -0.662327
    outer loop
      vertex 2.14122 -9.87806 -0.6
      vertex 1.6 -10.2713 -0.6
      vertex 1.06667 -9.34752 0.6
    endloop
  endfacet
  facet normal 0.30473 0.684441 -0.66233
    outer loop
      vertex -0.659236 -9.52892 0.6
      vertex -0.988853 -10.5434 -0.6
      vertex -1.06667 -9.34752 0.6
    endloop
  endfacet
  facet normal -0.440386 0.606124 -0.662325
    outer loop
      vertex 1.42748 -9.08537 0.6
      vertex 2.14122 -9.87806 -0.6
      vertex 1.06667 -9.34752 0.6
    endloop
  endfacet
  facet normal -0.745112 0.0783168 -0.662325
    outer loop
      vertex 3.2 -7.5 -0.6
      vertex 3.13007 -8.16532 -0.6
      vertex 2.08671 -7.94354 0.6
    endloop
  endfacet
  facet normal -0.745113 0.078318 -0.662324
    outer loop
      vertex 2.13333 -7.5 0.6
      vertex 3.2 -7.5 -0.6
      vertex 2.08671 -7.94354 0.6
    endloop
  endfacet
  facet normal 0.155776 0.732837 -0.662332
    outer loop
      vertex -0.222994 -9.62165 0.6
      vertex -0.334491 -10.6825 -0.6
      vertex -0.659236 -9.52892 0.6
    endloop
  endfacet
  facet normal 0.745113 0.078318 -0.662324
    outer loop
      vertex -2.13333 -7.5 0.6
      vertex -2.08671 -7.94354 0.6
      vertex -3.2 -7.5 -0.6
    endloop
  endfacet
  facet normal -0.556778 0.501324 -0.662324
    outer loop
      vertex 1.7259 -8.75394 0.6
      vertex 2.14122 -9.87806 -0.6
      vertex 1.42748 -9.08537 0.6
    endloop
  endfacet
  facet normal -0.556781 0.501321 -0.662323
    outer loop
      vertex 2.58885 -9.38091 -0.6
      vertex 2.14122 -9.87806 -0.6
      vertex 1.7259 -8.75394 0.6
    endloop
  endfacet
  facet normal 0.440392 0.606116 -0.662327
    outer loop
      vertex -1.06667 -9.34752 0.6
      vertex -1.6 -10.2713 -0.6
      vertex -2.14122 -9.87806 -0.6
    endloop
  endfacet
  facet normal 0 0.74921 -0.662333
    outer loop
      vertex 0.334491 -10.6825 -0.6
      vertex -0.222994 -9.62165 0.6
      vertex 0.222994 -9.62165 0.6
    endloop
  endfacet
  facet normal 0 0.74921 -0.662333
    outer loop
      vertex -0.222994 -9.62165 0.6
      vertex 0.334491 -10.6825 -0.6
      vertex -0.334491 -10.6825 -0.6
    endloop
  endfacet
  facet normal 0.44038 -0.60613 -0.662323
    outer loop
      vertex -1.6 -4.72872 -0.6
      vertex -1.06667 -5.65248 0.6
      vertex -2.14122 -5.12194 -0.6
    endloop
  endfacet
  facet normal -0.155778 -0.732846 -0.662322
    outer loop
      vertex 0.334491 -4.31753 -0.6
      vertex 0.659236 -5.47108 0.6
      vertex 0.222994 -5.37835 0.6
    endloop
  endfacet
  facet normal 0.440386 -0.606124 -0.662325
    outer loop
      vertex -1.06667 -5.65248 0.6
      vertex -1.42748 -5.91463 0.6
      vertex -2.14122 -5.12194 -0.6
    endloop
  endfacet
  facet normal 0 -0.749219 -0.662322
    outer loop
      vertex -0.334491 -4.31753 -0.6
      vertex 0.222994 -5.37835 0.6
      vertex -0.222994 -5.37835 0.6
    endloop
  endfacet
  facet normal 0 -0.749219 -0.662322
    outer loop
      vertex 0.222994 -5.37835 0.6
      vertex -0.334491 -4.31753 -0.6
      vertex 0.334491 -4.31753 -0.6
    endloop
  endfacet
  facet normal 0.304733 -0.684446 -0.662323
    outer loop
      vertex -0.988853 -4.45662 -0.6
      vertex -0.659236 -5.47108 0.6
      vertex -1.06667 -5.65248 0.6
    endloop
  endfacet
  facet normal 0.155782 0.732837 -0.662331
    outer loop
      vertex -0.659236 -9.52892 0.6
      vertex -0.334491 -10.6825 -0.6
      vertex -0.988853 -10.5434 -0.6
    endloop
  endfacet
  facet normal 0.712555 -0.23151 -0.662321
    outer loop
      vertex -1.9489 -6.6323 0.6
      vertex -2.08671 -7.05646 0.6
      vertex -2.92334 -6.19844 -0.6
    endloop
  endfacet
  facet normal -0.30473 0.684441 -0.66233
    outer loop
      vertex 1.06667 -9.34752 0.6
      vertex 0.988853 -10.5434 -0.6
      vertex 0.659236 -9.52892 0.6
    endloop
  endfacet
  facet normal -0.648842 0.374611 -0.662322
    outer loop
      vertex 2.92334 -8.80156 -0.6
      vertex 2.58885 -9.38091 -0.6
      vertex 1.9489 -8.3677 0.6
    endloop
  endfacet
  facet normal -0.304732 0.68444 -0.662329
    outer loop
      vertex 1.06667 -9.34752 0.6
      vertex 1.6 -10.2713 -0.6
      vertex 0.988853 -10.5434 -0.6
    endloop
  endfacet
  facet normal -0.712555 0.23151 -0.662321
    outer loop
      vertex 2.08671 -7.94354 0.6
      vertex 2.92334 -8.80156 -0.6
      vertex 1.9489 -8.3677 0.6
    endloop
  endfacet
  facet normal 0.20791 0.978148 -0
    outer loop
      vertex -0.386755 4.32027 -2.5
      vertex -1.14336 4.48109 -0.6
      vertex -0.386755 4.32027 -0.6
    endloop
  endfacet
  facet normal 0.20791 0.978148 0
    outer loop
      vertex -1.14336 4.48109 -0.6
      vertex -0.386755 4.32027 -2.5
      vertex -1.14336 4.48109 -2.5
    endloop
  endfacet
  facet normal -0.951055 -0.30902 0
    outer loop
      vertex 3.61915 8.76927 -2.5
      vertex 3.38012 9.50492 -0.6
      vertex 3.38012 9.50492 -2.5
    endloop
  endfacet
  facet normal -0.951055 -0.30902 0
    outer loop
      vertex 3.38012 9.50492 -0.6
      vertex 3.61915 8.76927 -2.5
      vertex 3.61915 8.76927 -0.6
    endloop
  endfacet
  facet normal -0.994522 -0.104524 0
    outer loop
      vertex 3.7 8 -2.5
      vertex 3.61915 8.76927 -0.6
      vertex 3.61915 8.76927 -2.5
    endloop
  endfacet
  facet normal -0.994522 -0.104524 0
    outer loop
      vertex 3.61915 8.76927 -0.6
      vertex 3.7 8 -2.5
      vertex 3.7 8 -0.6
    endloop
  endfacet
  facet normal -0.866023 -0.500004 0
    outer loop
      vertex 3.38012 9.50492 -2.5
      vertex 2.99336 10.1748 -0.6
      vertex 2.99336 10.1748 -2.5
    endloop
  endfacet
  facet normal -0.866023 -0.500004 0
    outer loop
      vertex 2.99336 10.1748 -0.6
      vertex 3.38012 9.50492 -2.5
      vertex 3.38012 9.50492 -0.6
    endloop
  endfacet
  facet normal -0.994522 0.104524 0
    outer loop
      vertex 3.61915 7.23073 -2.5
      vertex 3.7 8 -0.6
      vertex 3.7 8 -2.5
    endloop
  endfacet
  facet normal -0.994522 0.104524 0
    outer loop
      vertex 3.7 8 -0.6
      vertex 3.61915 7.23073 -2.5
      vertex 3.61915 7.23073 -0.6
    endloop
  endfacet
  facet normal -0.743127 -0.66915 0
    outer loop
      vertex 2.99336 10.1748 -2.5
      vertex 2.47578 10.7496 -0.6
      vertex 2.47578 10.7496 -2.5
    endloop
  endfacet
  facet normal -0.743127 -0.66915 0
    outer loop
      vertex 2.47578 10.7496 -0.6
      vertex 2.99336 10.1748 -2.5
      vertex 2.99336 10.1748 -0.6
    endloop
  endfacet
  facet normal 0.951055 0.30902 0
    outer loop
      vertex -3.38012 6.49508 -0.6
      vertex -3.61915 7.23073 -2.5
      vertex -3.61915 7.23073 -0.6
    endloop
  endfacet
  facet normal 0.951055 0.30902 0
    outer loop
      vertex -3.61915 7.23073 -2.5
      vertex -3.38012 6.49508 -0.6
      vertex -3.38012 6.49508 -2.5
    endloop
  endfacet
  facet normal 0.951055 -0.30902 0
    outer loop
      vertex -3.61915 8.76927 -0.6
      vertex -3.38012 9.50492 -2.5
      vertex -3.38012 9.50492 -0.6
    endloop
  endfacet
  facet normal 0.951055 -0.30902 0
    outer loop
      vertex -3.38012 9.50492 -2.5
      vertex -3.61915 8.76927 -0.6
      vertex -3.61915 8.76927 -2.5
    endloop
  endfacet
  facet normal -0.58778 0.809021 0
    outer loop
      vertex 2.47578 5.25036 -2.5
      vertex 1.85 4.79571 -0.6
      vertex 2.47578 5.25036 -0.6
    endloop
  endfacet
  facet normal -0.58778 0.809021 0
    outer loop
      vertex 1.85 4.79571 -0.6
      vertex 2.47578 5.25036 -2.5
      vertex 1.85 4.79571 -2.5
    endloop
  endfacet
  facet normal 0.58778 0.809021 -0
    outer loop
      vertex -1.85 4.79571 -2.5
      vertex -2.47578 5.25036 -0.6
      vertex -1.85 4.79571 -0.6
    endloop
  endfacet
  facet normal 0.58778 0.809021 0
    outer loop
      vertex -2.47578 5.25036 -0.6
      vertex -1.85 4.79571 -2.5
      vertex -2.47578 5.25036 -2.5
    endloop
  endfacet
  facet normal 0.587823 -0.80899 0
    outer loop
      vertex -2.47578 10.7496 -2.5
      vertex -1.85 11.2043 -0.6
      vertex -2.47578 10.7496 -0.6
    endloop
  endfacet
  facet normal 0.587823 -0.80899 0
    outer loop
      vertex -1.85 11.2043 -0.6
      vertex -2.47578 10.7496 -2.5
      vertex -1.85 11.2043 -2.5
    endloop
  endfacet
  facet normal 0.866023 -0.500004 0
    outer loop
      vertex -3.38012 9.50492 -0.6
      vertex -2.99336 10.1748 -2.5
      vertex -2.99336 10.1748 -0.6
    endloop
  endfacet
  facet normal 0.866023 -0.500004 0
    outer loop
      vertex -2.99336 10.1748 -2.5
      vertex -3.38012 9.50492 -0.6
      vertex -3.38012 9.50492 -2.5
    endloop
  endfacet
  facet normal 0.406719 -0.913553 0
    outer loop
      vertex -1.85 11.2043 -0.6
      vertex -1.14336 11.5189 -2.5
      vertex -1.14336 11.5189 -0.6
    endloop
  endfacet
  facet normal 0.406719 -0.913553 0
    outer loop
      vertex -1.14336 11.5189 -2.5
      vertex -1.85 11.2043 -0.6
      vertex -1.85 11.2043 -2.5
    endloop
  endfacet
  facet normal 0.207885 -0.978153 0
    outer loop
      vertex -1.14336 11.5189 -2.5
      vertex -0.386755 11.6797 -0.6
      vertex -1.14336 11.5189 -0.6
    endloop
  endfacet
  facet normal 0.207885 -0.978153 0
    outer loop
      vertex -0.386755 11.6797 -0.6
      vertex -1.14336 11.5189 -2.5
      vertex -0.386755 11.6797 -2.5
    endloop
  endfacet
  facet normal -0.866023 0.500004 0
    outer loop
      vertex 2.99336 5.8252 -2.5
      vertex 3.38012 6.49508 -0.6
      vertex 3.38012 6.49508 -2.5
    endloop
  endfacet
  facet normal -0.866023 0.500004 0
    outer loop
      vertex 3.38012 6.49508 -0.6
      vertex 2.99336 5.8252 -2.5
      vertex 2.99336 5.8252 -0.6
    endloop
  endfacet
  facet normal -0.74315 0.669125 0
    outer loop
      vertex 2.47578 5.25036 -2.5
      vertex 2.99336 5.8252 -0.6
      vertex 2.99336 5.8252 -2.5
    endloop
  endfacet
  facet normal -0.74315 0.669125 0
    outer loop
      vertex 2.99336 5.8252 -0.6
      vertex 2.47578 5.25036 -2.5
      vertex 2.47578 5.25036 -0.6
    endloop
  endfacet
  facet normal -0.20791 0.978148 0
    outer loop
      vertex 1.14336 4.48109 -2.5
      vertex 0.386755 4.32027 -0.6
      vertex 1.14336 4.48109 -0.6
    endloop
  endfacet
  facet normal -0.20791 0.978148 0
    outer loop
      vertex 0.386755 4.32027 -0.6
      vertex 1.14336 4.48109 -2.5
      vertex 0.386755 4.32027 -2.5
    endloop
  endfacet
  facet normal 0 -1 0
    outer loop
      vertex -0.386755 11.6797 -2.5
      vertex 0.386755 11.6797 -0.6
      vertex -0.386755 11.6797 -0.6
    endloop
  endfacet
  facet normal 0 -1 -0
    outer loop
      vertex 0.386755 11.6797 -0.6
      vertex -0.386755 11.6797 -2.5
      vertex 0.386755 11.6797 -2.5
    endloop
  endfacet
  facet normal -0.951055 0.30902 0
    outer loop
      vertex 3.38012 6.49508 -2.5
      vertex 3.61915 7.23073 -0.6
      vertex 3.61915 7.23073 -2.5
    endloop
  endfacet
  facet normal -0.951055 0.30902 0
    outer loop
      vertex 3.61915 7.23073 -0.6
      vertex 3.38012 6.49508 -2.5
      vertex 3.38012 6.49508 -0.6
    endloop
  endfacet
  facet normal -0.587823 -0.80899 0
    outer loop
      vertex 1.85 11.2043 -2.5
      vertex 2.47578 10.7496 -0.6
      vertex 1.85 11.2043 -0.6
    endloop
  endfacet
  facet normal -0.587823 -0.80899 -0
    outer loop
      vertex 2.47578 10.7496 -0.6
      vertex 1.85 11.2043 -2.5
      vertex 2.47578 10.7496 -2.5
    endloop
  endfacet
  facet normal 0.994522 -0.104524 0
    outer loop
      vertex -3.7 8 -0.6
      vertex -3.61915 8.76927 -2.5
      vertex -3.61915 8.76927 -0.6
    endloop
  endfacet
  facet normal 0.994522 -0.104524 0
    outer loop
      vertex -3.61915 8.76927 -2.5
      vertex -3.7 8 -0.6
      vertex -3.7 8 -2.5
    endloop
  endfacet
  facet normal 0.866023 0.500004 0
    outer loop
      vertex -2.99336 5.8252 -0.6
      vertex -3.38012 6.49508 -2.5
      vertex -3.38012 6.49508 -0.6
    endloop
  endfacet
  facet normal 0.866023 0.500004 0
    outer loop
      vertex -3.38012 6.49508 -2.5
      vertex -2.99336 5.8252 -0.6
      vertex -2.99336 5.8252 -2.5
    endloop
  endfacet
  facet normal -0.406719 -0.913553 0
    outer loop
      vertex 1.14336 11.5189 -2.5
      vertex 1.85 11.2043 -0.6
      vertex 1.14336 11.5189 -0.6
    endloop
  endfacet
  facet normal -0.406719 -0.913553 -0
    outer loop
      vertex 1.85 11.2043 -0.6
      vertex 1.14336 11.5189 -2.5
      vertex 1.85 11.2043 -2.5
    endloop
  endfacet
  facet normal 0 1 -0
    outer loop
      vertex 0.386755 4.32027 -2.5
      vertex -0.386755 4.32027 -0.6
      vertex 0.386755 4.32027 -0.6
    endloop
  endfacet
  facet normal 0 1 0
    outer loop
      vertex -0.386755 4.32027 -0.6
      vertex 0.386755 4.32027 -2.5
      vertex -0.386755 4.32027 -2.5
    endloop
  endfacet
  facet normal 0.994522 0.104524 0
    outer loop
      vertex -3.61915 7.23073 -0.6
      vertex -3.7 8 -2.5
      vertex -3.7 8 -0.6
    endloop
  endfacet
  facet normal 0.994522 0.104524 0
    outer loop
      vertex -3.7 8 -2.5
      vertex -3.61915 7.23073 -0.6
      vertex -3.61915 7.23073 -2.5
    endloop
  endfacet
  facet normal -0.406741 0.913544 0
    outer loop
      vertex 1.85 4.79571 -2.5
      vertex 1.14336 4.48109 -0.6
      vertex 1.85 4.79571 -0.6
    endloop
  endfacet
  facet normal -0.406741 0.913544 0
    outer loop
      vertex 1.14336 4.48109 -0.6
      vertex 1.85 4.79571 -2.5
      vertex 1.14336 4.48109 -2.5
    endloop
  endfacet
  facet normal 0.74315 0.669125 0
    outer loop
      vertex -2.47578 5.25036 -0.6
      vertex -2.99336 5.8252 -2.5
      vertex -2.99336 5.8252 -0.6
    endloop
  endfacet
  facet normal 0.74315 0.669125 0
    outer loop
      vertex -2.99336 5.8252 -2.5
      vertex -2.47578 5.25036 -0.6
      vertex -2.47578 5.25036 -2.5
    endloop
  endfacet
  facet normal -0.207885 -0.978153 0
    outer loop
      vertex 0.386755 11.6797 -2.5
      vertex 1.14336 11.5189 -0.6
      vertex 0.386755 11.6797 -0.6
    endloop
  endfacet
  facet normal -0.207885 -0.978153 -0
    outer loop
      vertex 1.14336 11.5189 -0.6
      vertex 0.386755 11.6797 -2.5
      vertex 1.14336 11.5189 -2.5
    endloop
  endfacet
  facet normal 0.406741 0.913544 -0
    outer loop
      vertex -1.14336 4.48109 -2.5
      vertex -1.85 4.79571 -0.6
      vertex -1.14336 4.48109 -0.6
    endloop
  endfacet
  facet normal 0.406741 0.913544 0
    outer loop
      vertex -1.85 4.79571 -0.6
      vertex -1.14336 4.48109 -2.5
      vertex -1.85 4.79571 -2.5
    endloop
  endfacet
  facet normal 0.743127 -0.66915 0
    outer loop
      vertex -2.99336 10.1748 -0.6
      vertex -2.47578 10.7496 -2.5
      vertex -2.47578 10.7496 -0.6
    endloop
  endfacet
  facet normal 0.743127 -0.66915 0
    outer loop
      vertex -2.47578 10.7496 -2.5
      vertex -2.99336 10.1748 -0.6
      vertex -2.99336 10.1748 -2.5
    endloop
  endfacet
  facet normal -0.605627 0.349663 -0.714809
    outer loop
      vertex 3.38012 6.49508 -0.6
      vertex 2.99336 5.8252 -0.6
      vertex 1.99557 6.55013 0.6
    endloop
  endfacet
  facet normal -0.69549 -0.0731088 -0.714807
    outer loop
      vertex 3.7 8 -0.6
      vertex 2.46667 8 0.6
      vertex 2.41276 8.51285 0.6
    endloop
  endfacet
  facet normal -0.695488 -0.0730955 -0.71481
    outer loop
      vertex 3.61915 8.76927 -0.6
      vertex 3.7 8 -0.6
      vertex 2.41276 8.51285 0.6
    endloop
  endfacet
  facet normal -0.519704 -0.467939 -0.714801
    outer loop
      vertex 2.47578 10.7496 -0.6
      vertex 1.99557 9.44987 0.6
      vertex 1.65052 9.83309 0.6
    endloop
  endfacet
  facet normal 0.145383 -0.684063 -0.714788
    outer loop
      vertex -0.386755 11.6797 -0.6
      vertex -0.257836 10.4532 0.6
      vertex -1.14336 11.5189 -0.6
    endloop
  endfacet
  facet normal -0.605627 -0.349663 -0.714809
    outer loop
      vertex 2.99336 10.1748 -0.6
      vertex 3.38012 9.50492 -0.6
      vertex 1.99557 9.44987 0.6
    endloop
  endfacet
  facet normal 0.605628 -0.349661 -0.714809
    outer loop
      vertex -1.99557 9.44987 0.6
      vertex -2.25341 9.00328 0.6
      vertex -3.38012 9.50492 -0.6
    endloop
  endfacet
  facet normal -0.665091 0.216104 -0.71481
    outer loop
      vertex 3.61915 7.23073 -0.6
      vertex 3.38012 6.49508 -0.6
      vertex 2.41276 7.48715 0.6
    endloop
  endfacet
  facet normal 0.284423 -0.638859 -0.714817
    outer loop
      vertex -1.14336 11.5189 -0.6
      vertex -0.762241 10.3459 0.6
      vertex -1.85 11.2043 -0.6
    endloop
  endfacet
  facet normal 0.284392 -0.638884 -0.714807
    outer loop
      vertex -0.762241 10.3459 0.6
      vertex -1.23333 10.1362 0.6
      vertex -1.85 11.2043 -0.6
    endloop
  endfacet
  facet normal -0.411047 0.565765 -0.714807
    outer loop
      vertex 2.47578 5.25036 -0.6
      vertex 1.85 4.79571 -0.6
      vertex 1.23333 5.8638 0.6
    endloop
  endfacet
  facet normal 0.665091 -0.216104 -0.71481
    outer loop
      vertex -3.38012 9.50492 -0.6
      vertex -2.41276 8.51285 0.6
      vertex -3.61915 8.76927 -0.6
    endloop
  endfacet
  facet normal 0.519698 0.467934 -0.714809
    outer loop
      vertex -1.99557 6.55013 0.6
      vertex -1.65052 6.16691 0.6
      vertex -2.47578 5.25036 -0.6
    endloop
  endfacet
  facet normal 0.145395 0.684038 -0.714809
    outer loop
      vertex -0.257836 5.54685 0.6
      vertex -0.386755 4.32027 -0.6
      vertex -1.14336 4.48109 -0.6
    endloop
  endfacet
  facet normal -0.605628 0.349661 -0.714809
    outer loop
      vertex 2.25341 6.99672 0.6
      vertex 3.38012 6.49508 -0.6
      vertex 1.99557 6.55013 0.6
    endloop
  endfacet
  facet normal 0.284437 0.638864 -0.714807
    outer loop
      vertex -1.23333 5.8638 0.6
      vertex -0.762241 5.65406 0.6
      vertex -1.85 4.79571 -0.6
    endloop
  endfacet
  facet normal -0.284437 0.638864 -0.714807
    outer loop
      vertex 1.23333 5.8638 0.6
      vertex 1.85 4.79571 -0.6
      vertex 0.762241 5.65406 0.6
    endloop
  endfacet
  facet normal 0.605627 -0.349663 -0.714809
    outer loop
      vertex -2.99336 10.1748 -0.6
      vertex -1.99557 9.44987 0.6
      vertex -3.38012 9.50492 -0.6
    endloop
  endfacet
  facet normal -0.145505 -0.684001 -0.714823
    outer loop
      vertex 1.14336 11.5189 -0.6
      vertex 0.762241 10.3459 0.6
      vertex 0.257836 10.4532 0.6
    endloop
  endfacet
  facet normal -0.411077 -0.565744 -0.714808
    outer loop
      vertex 1.85 11.2043 -0.6
      vertex 2.47578 10.7496 -0.6
      vertex 1.23333 10.1362 0.6
    endloop
  endfacet
  facet normal -0.284423 -0.638859 -0.714817
    outer loop
      vertex 1.14336 11.5189 -0.6
      vertex 1.85 11.2043 -0.6
      vertex 0.762241 10.3459 0.6
    endloop
  endfacet
  facet normal 0.411058 -0.565766 -0.7148
    outer loop
      vertex -1.23333 10.1362 0.6
      vertex -1.65052 9.83309 0.6
      vertex -2.47578 10.7496 -0.6
    endloop
  endfacet
  facet normal -0.665092 -0.216101 -0.714809
    outer loop
      vertex 3.38012 9.50492 -0.6
      vertex 2.41276 8.51285 0.6
      vertex 2.25341 9.00328 0.6
    endloop
  endfacet
  facet normal 0.5197 0.467933 -0.714808
    outer loop
      vertex -1.99557 6.55013 0.6
      vertex -2.47578 5.25036 -0.6
      vertex -2.99336 5.8252 -0.6
    endloop
  endfacet
  facet normal 0 0 -1
    outer loop
      vertex 2.41276 7.48715 0.6
      vertex 2.41276 8.51285 0.6
      vertex 2.46667 8 0.6
    endloop
  endfacet
  facet normal 0 0 -1
    outer loop
      vertex 2.25341 6.99672 0.6
      vertex 2.41276 8.51285 0.6
      vertex 2.41276 7.48715 0.6
    endloop
  endfacet
  facet normal 0 0 -1
    outer loop
      vertex 2.25341 6.99672 0.6
      vertex 2.25341 9.00328 0.6
      vertex 2.41276 8.51285 0.6
    endloop
  endfacet
  facet normal 0 0 -1
    outer loop
      vertex 1.99557 6.55013 0.6
      vertex 2.25341 9.00328 0.6
      vertex 2.25341 6.99672 0.6
    endloop
  endfacet
  facet normal 0 0 -1
    outer loop
      vertex 1.99557 6.55013 0.6
      vertex 1.99557 9.44987 0.6
      vertex 2.25341 9.00328 0.6
    endloop
  endfacet
  facet normal 0 0 -1
    outer loop
      vertex 1.65052 6.16691 0.6
      vertex 1.99557 9.44987 0.6
      vertex 1.99557 6.55013 0.6
    endloop
  endfacet
  facet normal 0 0 -1
    outer loop
      vertex 1.65052 6.16691 0.6
      vertex 1.65052 9.83309 0.6
      vertex 1.99557 9.44987 0.6
    endloop
  endfacet
  facet normal 0 0 -1
    outer loop
      vertex 1.23333 5.8638 0.6
      vertex 1.65052 9.83309 0.6
      vertex 1.65052 6.16691 0.6
    endloop
  endfacet
  facet normal 0 0 -1
    outer loop
      vertex 1.23333 5.8638 0.6
      vertex 1.23333 10.1362 0.6
      vertex 1.65052 9.83309 0.6
    endloop
  endfacet
  facet normal 0 0 -1
    outer loop
      vertex 0.762241 5.65406 0.6
      vertex 1.23333 10.1362 0.6
      vertex 1.23333 5.8638 0.6
    endloop
  endfacet
  facet normal 0 0 -1
    outer loop
      vertex 0.762241 5.65406 0.6
      vertex 0.762241 10.3459 0.6
      vertex 1.23333 10.1362 0.6
    endloop
  endfacet
  facet normal 0 0 -1
    outer loop
      vertex 0.257836 5.54685 0.6
      vertex 0.762241 10.3459 0.6
      vertex 0.762241 5.65406 0.6
    endloop
  endfacet
  facet normal 0 0 -1
    outer loop
      vertex 0.257836 5.54685 0.6
      vertex 0.257836 10.4532 0.6
      vertex 0.762241 10.3459 0.6
    endloop
  endfacet
  facet normal 0 0 -1
    outer loop
      vertex -0.257836 5.54685 0.6
      vertex 0.257836 10.4532 0.6
      vertex 0.257836 5.54685 0.6
    endloop
  endfacet
  facet normal 0 0 -1
    outer loop
      vertex -0.257836 5.54685 0.6
      vertex -0.257836 10.4532 0.6
      vertex 0.257836 10.4532 0.6
    endloop
  endfacet
  facet normal 0 0 -1
    outer loop
      vertex -0.762241 5.65406 0.6
      vertex -0.257836 10.4532 0.6
      vertex -0.257836 5.54685 0.6
    endloop
  endfacet
  facet normal 0 0 -1
    outer loop
      vertex -0.762241 5.65406 0.6
      vertex -0.762241 10.3459 0.6
      vertex -0.257836 10.4532 0.6
    endloop
  endfacet
  facet normal 0 0 -1
    outer loop
      vertex -1.23333 5.8638 0.6
      vertex -0.762241 10.3459 0.6
      vertex -0.762241 5.65406 0.6
    endloop
  endfacet
  facet normal 0 0 -1
    outer loop
      vertex -1.23333 5.8638 0.6
      vertex -1.23333 10.1362 0.6
      vertex -0.762241 10.3459 0.6
    endloop
  endfacet
  facet normal 0 0 -1
    outer loop
      vertex -1.65052 6.16691 0.6
      vertex -1.23333 10.1362 0.6
      vertex -1.23333 5.8638 0.6
    endloop
  endfacet
  facet normal 0 0 -1
    outer loop
      vertex -1.65052 6.16691 0.6
      vertex -1.65052 9.83309 0.6
      vertex -1.23333 10.1362 0.6
    endloop
  endfacet
  facet normal 0 0 -1
    outer loop
      vertex -1.99557 6.55013 0.6
      vertex -1.65052 9.83309 0.6
      vertex -1.65052 6.16691 0.6
    endloop
  endfacet
  facet normal 0 0 -1
    outer loop
      vertex -1.99557 6.55013 0.6
      vertex -1.99557 9.44987 0.6
      vertex -1.65052 9.83309 0.6
    endloop
  endfacet
  facet normal 0 0 -1
    outer loop
      vertex -2.25341 6.99672 0.6
      vertex -1.99557 9.44987 0.6
      vertex -1.99557 6.55013 0.6
    endloop
  endfacet
  facet normal 0 0 -1
    outer loop
      vertex -2.25341 6.99672 0.6
      vertex -2.25341 9.00328 0.6
      vertex -1.99557 9.44987 0.6
    endloop
  endfacet
  facet normal 0 0 -1
    outer loop
      vertex -2.41276 7.48715 0.6
      vertex -2.25341 9.00328 0.6
      vertex -2.25341 6.99672 0.6
    endloop
  endfacet
  facet normal 0 0 -1
    outer loop
      vertex -2.41276 7.48715 0.6
      vertex -2.41276 8.51285 0.6
      vertex -2.25341 9.00328 0.6
    endloop
  endfacet
  facet normal 0 -0 -1
    outer loop
      vertex -2.41276 8.51285 0.6
      vertex -2.41276 7.48715 0.6
      vertex -2.46667 8 0.6
    endloop
  endfacet
  facet normal -0.5197 0.467933 -0.714808
    outer loop
      vertex 2.99336 5.8252 -0.6
      vertex 2.47578 5.25036 -0.6
      vertex 1.99557 6.55013 0.6
    endloop
  endfacet
  facet normal -0.519685 -0.467951 -0.714807
    outer loop
      vertex 2.47578 10.7496 -0.6
      vertex 2.99336 10.1748 -0.6
      vertex 1.99557 9.44987 0.6
    endloop
  endfacet
  facet normal -0.665091 -0.216104 -0.71481
    outer loop
      vertex 3.38012 9.50492 -0.6
      vertex 3.61915 8.76927 -0.6
      vertex 2.41276 8.51285 0.6
    endloop
  endfacet
  facet normal -0.519698 0.467934 -0.714809
    outer loop
      vertex 1.99557 6.55013 0.6
      vertex 2.47578 5.25036 -0.6
      vertex 1.65052 6.16691 0.6
    endloop
  endfacet
  facet normal 0.411047 0.565765 -0.714807
    outer loop
      vertex -1.23333 5.8638 0.6
      vertex -1.85 4.79571 -0.6
      vertex -2.47578 5.25036 -0.6
    endloop
  endfacet
  facet normal 0 -0.699343 -0.714787
    outer loop
      vertex -0.257836 10.4532 0.6
      vertex 0.386755 11.6797 -0.6
      vertex 0.257836 10.4532 0.6
    endloop
  endfacet
  facet normal -0 -0.699343 -0.714787
    outer loop
      vertex 0.386755 11.6797 -0.6
      vertex -0.257836 10.4532 0.6
      vertex -0.386755 11.6797 -0.6
    endloop
  endfacet
  facet normal 0.665091 0.216104 -0.71481
    outer loop
      vertex -2.41276 7.48715 0.6
      vertex -3.38012 6.49508 -0.6
      vertex -3.61915 7.23073 -0.6
    endloop
  endfacet
  facet normal 0.695488 0.0730955 -0.71481
    outer loop
      vertex -2.41276 7.48715 0.6
      vertex -3.61915 7.23073 -0.6
      vertex -3.7 8 -0.6
    endloop
  endfacet
  facet normal -0.605628 -0.349661 -0.714809
    outer loop
      vertex 3.38012 9.50492 -0.6
      vertex 2.25341 9.00328 0.6
      vertex 1.99557 9.44987 0.6
    endloop
  endfacet
  facet normal -0.284442 0.63886 -0.714808
    outer loop
      vertex 1.85 4.79571 -0.6
      vertex 1.14336 4.48109 -0.6
      vertex 0.762241 5.65406 0.6
    endloop
  endfacet
  facet normal -0.695488 0.0730955 -0.71481
    outer loop
      vertex 3.7 8 -0.6
      vertex 3.61915 7.23073 -0.6
      vertex 2.41276 7.48715 0.6
    endloop
  endfacet
  facet normal -0.69549 0.0731088 -0.714807
    outer loop
      vertex 2.46667 8 0.6
      vertex 3.7 8 -0.6
      vertex 2.41276 7.48715 0.6
    endloop
  endfacet
  facet normal 0.605627 0.349663 -0.714809
    outer loop
      vertex -1.99557 6.55013 0.6
      vertex -2.99336 5.8252 -0.6
      vertex -3.38012 6.49508 -0.6
    endloop
  endfacet
  facet normal -0.145383 -0.684063 -0.714788
    outer loop
      vertex 0.386755 11.6797 -0.6
      vertex 1.14336 11.5189 -0.6
      vertex 0.257836 10.4532 0.6
    endloop
  endfacet
  facet normal 0.284442 0.63886 -0.714808
    outer loop
      vertex -0.762241 5.65406 0.6
      vertex -1.14336 4.48109 -0.6
      vertex -1.85 4.79571 -0.6
    endloop
  endfacet
  facet normal 0.605628 0.349661 -0.714809
    outer loop
      vertex -2.25341 6.99672 0.6
      vertex -1.99557 6.55013 0.6
      vertex -3.38012 6.49508 -0.6
    endloop
  endfacet
  facet normal 0.519685 -0.467951 -0.714807
    outer loop
      vertex -2.47578 10.7496 -0.6
      vertex -1.99557 9.44987 0.6
      vertex -2.99336 10.1748 -0.6
    endloop
  endfacet
  facet normal 0.69549 0.0731088 -0.714807
    outer loop
      vertex -2.46667 8 0.6
      vertex -2.41276 7.48715 0.6
      vertex -3.7 8 -0.6
    endloop
  endfacet
  facet normal -0.145395 0.684038 -0.714809
    outer loop
      vertex 1.14336 4.48109 -0.6
      vertex 0.386755 4.32027 -0.6
      vertex 0.257836 5.54685 0.6
    endloop
  endfacet
  facet normal -0.411058 -0.565766 -0.7148
    outer loop
      vertex 2.47578 10.7496 -0.6
      vertex 1.65052 9.83309 0.6
      vertex 1.23333 10.1362 0.6
    endloop
  endfacet
  facet normal 0.665092 -0.216101 -0.714809
    outer loop
      vertex -2.25341 9.00328 0.6
      vertex -2.41276 8.51285 0.6
      vertex -3.38012 9.50492 -0.6
    endloop
  endfacet
  facet normal -0.284392 -0.638884 -0.714807
    outer loop
      vertex 1.85 11.2043 -0.6
      vertex 1.23333 10.1362 0.6
      vertex 0.762241 10.3459 0.6
    endloop
  endfacet
  facet normal 0.145391 0.68404 -0.714808
    outer loop
      vertex -0.762241 5.65406 0.6
      vertex -0.257836 5.54685 0.6
      vertex -1.14336 4.48109 -0.6
    endloop
  endfacet
  facet normal 0.411053 0.565759 -0.71481
    outer loop
      vertex -1.65052 6.16691 0.6
      vertex -1.23333 5.8638 0.6
      vertex -2.47578 5.25036 -0.6
    endloop
  endfacet
  facet normal -0.411053 0.565759 -0.71481
    outer loop
      vertex 1.65052 6.16691 0.6
      vertex 2.47578 5.25036 -0.6
      vertex 1.23333 5.8638 0.6
    endloop
  endfacet
  facet normal 0.665092 0.216101 -0.714809
    outer loop
      vertex -2.41276 7.48715 0.6
      vertex -2.25341 6.99672 0.6
      vertex -3.38012 6.49508 -0.6
    endloop
  endfacet
  facet normal -0.665092 0.216101 -0.714809
    outer loop
      vertex 2.41276 7.48715 0.6
      vertex 3.38012 6.49508 -0.6
      vertex 2.25341 6.99672 0.6
    endloop
  endfacet
  facet normal -0.145391 0.68404 -0.714808
    outer loop
      vertex 0.762241 5.65406 0.6
      vertex 1.14336 4.48109 -0.6
      vertex 0.257836 5.54685 0.6
    endloop
  endfacet
  facet normal 0.695488 -0.0730955 -0.71481
    outer loop
      vertex -3.61915 8.76927 -0.6
      vertex -2.41276 8.51285 0.6
      vertex -3.7 8 -0.6
    endloop
  endfacet
  facet normal 0.411077 -0.565744 -0.714808
    outer loop
      vertex -1.85 11.2043 -0.6
      vertex -1.23333 10.1362 0.6
      vertex -2.47578 10.7496 -0.6
    endloop
  endfacet
  facet normal 0.145505 -0.684001 -0.714823
    outer loop
      vertex -0.257836 10.4532 0.6
      vertex -0.762241 10.3459 0.6
      vertex -1.14336 11.5189 -0.6
    endloop
  endfacet
  facet normal 0.519704 -0.467939 -0.714801
    outer loop
      vertex -1.65052 9.83309 0.6
      vertex -1.99557 9.44987 0.6
      vertex -2.47578 10.7496 -0.6
    endloop
  endfacet
  facet normal 0.69549 -0.0731088 -0.714807
    outer loop
      vertex -2.41276 8.51285 0.6
      vertex -2.46667 8 0.6
      vertex -3.7 8 -0.6
    endloop
  endfacet
  facet normal 0 0.699319 -0.714809
    outer loop
      vertex 0.386755 4.32027 -0.6
      vertex -0.257836 5.54685 0.6
      vertex 0.257836 5.54685 0.6
    endloop
  endfacet
  facet normal 0 0.699319 -0.714809
    outer loop
      vertex -0.257836 5.54685 0.6
      vertex 0.386755 4.32027 -0.6
      vertex -0.386755 4.32027 -0.6
    endloop
  endfacet
  facet normal -0.951056 -0.309019 0
    outer loop
      vertex -4.39178 0.873229 -2.5
      vertex -4.66311 1.70829 -0.6
      vertex -4.66311 1.70829 -2.5
    endloop
  endfacet
  facet normal -0.951056 -0.309019 0
    outer loop
      vertex -4.66311 1.70829 -0.6
      vertex -4.39178 0.873229 -2.5
      vertex -4.39178 0.873229 -0.6
    endloop
  endfacet
  facet normal -0.994522 -0.104528 0
    outer loop
      vertex -4.3 0 -2.5
      vertex -4.39178 0.873229 -0.6
      vertex -4.39178 0.873229 -2.5
    endloop
  endfacet
  facet normal -0.994522 -0.104528 0
    outer loop
      vertex -4.39178 0.873229 -0.6
      vertex -4.3 0 -2.5
      vertex -4.3 0 -0.6
    endloop
  endfacet
  facet normal -0.866027 -0.499998 0
    outer loop
      vertex -4.66311 1.70829 -2.5
      vertex -5.10213 2.4687 -0.6
      vertex -5.10213 2.4687 -2.5
    endloop
  endfacet
  facet normal -0.866027 -0.499998 0
    outer loop
      vertex -5.10213 2.4687 -0.6
      vertex -4.66311 1.70829 -2.5
      vertex -4.66311 1.70829 -0.6
    endloop
  endfacet
  facet normal -0.951056 0.309019 0
    outer loop
      vertex -4.66311 -1.70829 -2.5
      vertex -4.39178 -0.873229 -0.6
      vertex -4.39178 -0.873229 -2.5
    endloop
  endfacet
  facet normal -0.951056 0.309019 0
    outer loop
      vertex -4.39178 -0.873229 -0.6
      vertex -4.66311 -1.70829 -2.5
      vertex -4.66311 -1.70829 -0.6
    endloop
  endfacet
  facet normal -0.994522 0.104528 0
    outer loop
      vertex -4.39178 -0.873229 -2.5
      vertex -4.3 0 -0.6
      vertex -4.3 0 -2.5
    endloop
  endfacet
  facet normal -0.994522 0.104528 0
    outer loop
      vertex -4.3 0 -0.6
      vertex -4.39178 -0.873229 -2.5
      vertex -4.39178 -0.873229 -0.6
    endloop
  endfacet
  facet normal -0.743146 -0.669129 0
    outer loop
      vertex -5.10213 2.4687 -2.5
      vertex -5.68965 3.12121 -0.6
      vertex -5.68965 3.12121 -2.5
    endloop
  endfacet
  facet normal -0.743146 -0.669129 0
    outer loop
      vertex -5.68965 3.12121 -0.6
      vertex -5.10213 2.4687 -2.5
      vertex -5.10213 2.4687 -0.6
    endloop
  endfacet
  facet normal 0.951066 0.308988 0
    outer loop
      vertex -12.3369 -1.70829 -0.6
      vertex -12.6082 -0.873229 -2.5
      vertex -12.6082 -0.873229 -0.6
    endloop
  endfacet
  facet normal 0.951066 0.308988 0
    outer loop
      vertex -12.6082 -0.873229 -2.5
      vertex -12.3369 -1.70829 -0.6
      vertex -12.3369 -1.70829 -2.5
    endloop
  endfacet
  facet normal 0.743101 -0.669179 0
    outer loop
      vertex -11.8979 2.4687 -0.6
      vertex -11.3103 3.12121 -2.5
      vertex -11.3103 3.12121 -0.6
    endloop
  endfacet
  facet normal 0.743101 -0.669179 0
    outer loop
      vertex -11.3103 3.12121 -2.5
      vertex -11.8979 2.4687 -0.6
      vertex -11.8979 2.4687 -2.5
    endloop
  endfacet
  facet normal 0.951066 -0.308988 0
    outer loop
      vertex -12.6082 0.873229 -0.6
      vertex -12.3369 1.70829 -2.5
      vertex -12.3369 1.70829 -0.6
    endloop
  endfacet
  facet normal 0.951066 -0.308988 0
    outer loop
      vertex -12.3369 1.70829 -2.5
      vertex -12.6082 0.873229 -0.6
      vertex -12.6082 0.873229 -2.5
    endloop
  endfacet
  facet normal -0.587785 0.809017 0
    outer loop
      vertex -6.15985 -3.46283 -2.5
      vertex -5.68965 -3.12121 -0.6
      vertex -5.68965 -3.12121 -2.5
    endloop
  endfacet
  facet normal -0.587786 0.809017 2.71537e-07
    outer loop
      vertex -5.68965 -3.12121 -0.6
      vertex -6.15985 -3.46283 -2.5
      vertex -6.4 -3.63731 -0.6
    endloop
  endfacet
  facet normal -0.587787 0.809016 0
    outer loop
      vertex -6.4 -3.63731 -0.6
      vertex -6.15985 -3.46283 -2.5
      vertex -6.4 -3.63731 -2.5
    endloop
  endfacet
  facet normal 0.587813 -0.808997 0
    outer loop
      vertex -11.3103 3.12121 -2.5
      vertex -10.6 3.63731 -0.6
      vertex -11.3103 3.12121 -0.6
    endloop
  endfacet
  facet normal 0.587813 -0.808997 0
    outer loop
      vertex -10.6 3.63731 -0.6
      vertex -11.3103 3.12121 -2.5
      vertex -10.6 3.63731 -2.5
    endloop
  endfacet
  facet normal 0.866037 -0.49998 0
    outer loop
      vertex -12.3369 1.70829 -0.6
      vertex -11.8979 2.4687 -2.5
      vertex -11.8979 2.4687 -0.6
    endloop
  endfacet
  facet normal 0.866037 -0.49998 0
    outer loop
      vertex -11.8979 2.4687 -2.5
      vertex -12.3369 1.70829 -0.6
      vertex -12.3369 1.70829 -2.5
    endloop
  endfacet
  facet normal -0.866027 0.499998 0
    outer loop
      vertex -5.10213 -2.4687 -2.5
      vertex -4.66311 -1.70829 -0.6
      vertex -4.66311 -1.70829 -2.5
    endloop
  endfacet
  facet normal -0.866027 0.499998 0
    outer loop
      vertex -4.66311 -1.70829 -0.6
      vertex -5.10213 -2.4687 -2.5
      vertex -5.10213 -2.4687 -0.6
    endloop
  endfacet
  facet normal 0 -1 0
    outer loop
      vertex -8.93902 4.17699 -2.5
      vertex -8.06098 4.17699 -0.6
      vertex -8.93902 4.17699 -0.6
    endloop
  endfacet
  facet normal 0 -1 -0
    outer loop
      vertex -8.06098 4.17699 -0.6
      vertex -8.93902 4.17699 -2.5
      vertex -8.06098 4.17699 -2.5
    endloop
  endfacet
  facet normal 0.406735 -0.913546 0
    outer loop
      vertex -10.6 3.63731 -0.6
      vertex -9.79787 3.99444 -2.5
      vertex -9.79787 3.99444 -0.6
    endloop
  endfacet
  facet normal 0.406735 -0.913546 0
    outer loop
      vertex -9.79787 3.99444 -2.5
      vertex -10.6 3.63731 -0.6
      vertex -10.6 3.63731 -2.5
    endloop
  endfacet
  facet normal 0.207907 0.978149 -0
    outer loop
      vertex -8.93902 -4.17699 -2.5
      vertex -9.79787 -3.99444 -0.6
      vertex -8.93902 -4.17699 -0.6
    endloop
  endfacet
  facet normal 0.207907 0.978149 0
    outer loop
      vertex -9.79787 -3.99444 -0.6
      vertex -8.93902 -4.17699 -2.5
      vertex -9.79787 -3.99444 -2.5
    endloop
  endfacet
  facet normal 0 1 -0
    outer loop
      vertex -8.06098 -4.17699 -2.5
      vertex -8.93902 -4.17699 -0.6
      vertex -8.06098 -4.17699 -0.6
    endloop
  endfacet
  facet normal 0 1 0
    outer loop
      vertex -8.93902 -4.17699 -0.6
      vertex -8.06098 -4.17699 -2.5
      vertex -8.93902 -4.17699 -2.5
    endloop
  endfacet
  facet normal 0.406735 0.913546 0
    outer loop
      vertex -9.79787 -3.99444 -0.6
      vertex -10.6 -3.63731 -2.5
      vertex -10.6 -3.63731 -0.6
    endloop
  endfacet
  facet normal 0.406735 0.913546 0
    outer loop
      vertex -10.6 -3.63731 -2.5
      vertex -9.79787 -3.99444 -0.6
      vertex -9.79787 -3.99444 -2.5
    endloop
  endfacet
  facet normal 0.207907 -0.978149 0
    outer loop
      vertex -9.79787 3.99444 -2.5
      vertex -8.93902 4.17699 -0.6
      vertex -9.79787 3.99444 -0.6
    endloop
  endfacet
  facet normal 0.207907 -0.978149 0
    outer loop
      vertex -8.93902 4.17699 -0.6
      vertex -9.79787 3.99444 -2.5
      vertex -8.93902 4.17699 -2.5
    endloop
  endfacet
  facet normal -0.207907 0.978149 0
    outer loop
      vertex -7.20213 -3.99444 -2.5
      vertex -8.06098 -4.17699 -0.6
      vertex -7.20213 -3.99444 -0.6
    endloop
  endfacet
  facet normal -0.207907 0.978149 0
    outer loop
      vertex -8.06098 -4.17699 -0.6
      vertex -7.20213 -3.99444 -2.5
      vertex -8.06098 -4.17699 -2.5
    endloop
  endfacet
  facet normal -0.743146 0.669129 0
    outer loop
      vertex -5.68965 -3.12121 -2.5
      vertex -5.10213 -2.4687 -0.6
      vertex -5.10213 -2.4687 -2.5
    endloop
  endfacet
  facet normal -0.743146 0.669129 0
    outer loop
      vertex -5.10213 -2.4687 -0.6
      vertex -5.68965 -3.12121 -2.5
      vertex -5.68965 -3.12121 -0.6
    endloop
  endfacet
  facet normal -0.4067 0.913562 0
    outer loop
      vertex -6.56454 -3.71056 -2.5
      vertex -6.4 -3.63731 -0.6
      vertex -6.4 -3.63731 -2.5
    endloop
  endfacet
  facet normal -0.406735 0.913546 3.68506e-06
    outer loop
      vertex -6.4 -3.63731 -0.6
      vertex -6.56454 -3.71056 -2.5
      vertex -7.20213 -3.99444 -0.6
    endloop
  endfacet
  facet normal -0.406745 0.913542 0
    outer loop
      vertex -7.20213 -3.99444 -0.6
      vertex -6.56454 -3.71056 -2.5
      vertex -7.20213 -3.99444 -2.5
    endloop
  endfacet
  facet normal 0.587813 0.808997 -0
    outer loop
      vertex -10.6 -3.63731 -2.5
      vertex -11.3103 -3.12121 -0.6
      vertex -10.6 -3.63731 -0.6
    endloop
  endfacet
  facet normal 0.587813 0.808997 0
    outer loop
      vertex -11.3103 -3.12121 -0.6
      vertex -10.6 -3.63731 -2.5
      vertex -11.3103 -3.12121 -2.5
    endloop
  endfacet
  facet normal -0.587786 -0.809017 0
    outer loop
      vertex -6.4 3.63731 -2.5
      vertex -5.68965 3.12121 -0.6
      vertex -6.4 3.63731 -0.6
    endloop
  endfacet
  facet normal -0.587786 -0.809017 -0
    outer loop
      vertex -5.68965 3.12121 -0.6
      vertex -6.4 3.63731 -2.5
      vertex -5.68965 3.12121 -2.5
    endloop
  endfacet
  facet normal 0.99452 -0.104551 0
    outer loop
      vertex -12.7 0 -0.6
      vertex -12.6082 0.873229 -2.5
      vertex -12.6082 0.873229 -0.6
    endloop
  endfacet
  facet normal 0.99452 -0.104551 0
    outer loop
      vertex -12.6082 0.873229 -2.5
      vertex -12.7 0 -0.6
      vertex -12.7 0 -2.5
    endloop
  endfacet
  facet normal -0.207907 -0.978149 0
    outer loop
      vertex -8.06098 4.17699 -2.5
      vertex -7.20213 3.99444 -0.6
      vertex -8.06098 4.17699 -0.6
    endloop
  endfacet
  facet normal -0.207907 -0.978149 -0
    outer loop
      vertex -7.20213 3.99444 -0.6
      vertex -8.06098 4.17699 -2.5
      vertex -7.20213 3.99444 -2.5
    endloop
  endfacet
  facet normal 0.866037 0.49998 0
    outer loop
      vertex -11.8979 -2.4687 -0.6
      vertex -12.3369 -1.70829 -2.5
      vertex -12.3369 -1.70829 -0.6
    endloop
  endfacet
  facet normal 0.866037 0.49998 0
    outer loop
      vertex -12.3369 -1.70829 -2.5
      vertex -11.8979 -2.4687 -0.6
      vertex -11.8979 -2.4687 -2.5
    endloop
  endfacet
  facet normal -0.406735 -0.913546 0
    outer loop
      vertex -7.20213 3.99444 -2.5
      vertex -6.4 3.63731 -0.6
      vertex -7.20213 3.99444 -0.6
    endloop
  endfacet
  facet normal -0.406735 -0.913546 -0
    outer loop
      vertex -6.4 3.63731 -0.6
      vertex -7.20213 3.99444 -2.5
      vertex -6.4 3.63731 -2.5
    endloop
  endfacet
  facet normal 0.99452 0.104551 0
    outer loop
      vertex -12.6082 -0.873229 -0.6
      vertex -12.7 0 -2.5
      vertex -12.7 0 -0.6
    endloop
  endfacet
  facet normal 0.99452 0.104551 0
    outer loop
      vertex -12.7 0 -2.5
      vertex -12.6082 -0.873229 -0.6
      vertex -12.6082 -0.873229 -2.5
    endloop
  endfacet
  facet normal 0.743101 0.669179 0
    outer loop
      vertex -11.3103 -3.12121 -0.6
      vertex -11.8979 -2.4687 -2.5
      vertex -11.8979 -2.4687 -0.6
    endloop
  endfacet
  facet normal 0.743101 0.669179 0
    outer loop
      vertex -11.8979 -2.4687 -2.5
      vertex -11.3103 -3.12121 -0.6
      vertex -11.3103 -3.12121 -2.5
    endloop
  endfacet
  facet normal 0.383728 -0.528188 -0.757476
    outer loop
      vertex -9.9 2.42487 0.6
      vertex -10.3736 2.0808 0.6
      vertex -11.3103 3.12121 -0.6
    endloop
  endfacet
  facet normal -0.565387 0.326424 -0.757486
    outer loop
      vertex -4.66311 -1.70829 -0.6
      vertex -5.10213 -2.4687 -0.6
      vertex -6.23475 -1.6458 0.6
    endloop
  endfacet
  facet normal 0.383754 0.528155 -0.757486
    outer loop
      vertex -9.9 -2.42487 0.6
      vertex -10.6 -3.63731 -0.6
      vertex -11.3103 -3.12121 -0.6
    endloop
  endfacet
  facet normal -0.649274 -0.0682452 -0.757486
    outer loop
      vertex -4.3 0 -0.6
      vertex -5.7 0 0.6
      vertex -5.76119 0.582152 0.6
    endloop
  endfacet
  facet normal -0.649273 -0.0682413 -0.757487
    outer loop
      vertex -4.39178 0.873229 -0.6
      vertex -4.3 0 -0.6
      vertex -5.76119 0.582152 0.6
    endloop
  endfacet
  facet normal -0.48516 -0.436844 -0.757487
    outer loop
      vertex -5.68965 3.12121 -0.6
      vertex -6.23475 1.6458 0.6
      vertex -6.62643 2.0808 0.6
    endloop
  endfacet
  facet normal 0.135732 -0.638585 -0.757487
    outer loop
      vertex -8.93902 4.17699 -0.6
      vertex -8.79268 2.78466 0.6
      vertex -9.79787 3.99444 -0.6
    endloop
  endfacet
  facet normal -0.565387 -0.326424 -0.757486
    outer loop
      vertex -5.10213 2.4687 -0.6
      vertex -4.66311 1.70829 -0.6
      vertex -6.23475 1.6458 0.6
    endloop
  endfacet
  facet normal -0.265541 -0.596406 -0.757488
    outer loop
      vertex -6.4 3.63731 -0.6
      vertex -7.1 2.42487 0.6
      vertex -7.63475 2.66296 0.6
    endloop
  endfacet
  facet normal -0.383736 0.528166 -0.757487
    outer loop
      vertex -5.68965 -3.12121 -0.6
      vertex -6.4 -3.63731 -0.6
      vertex -7.1 -2.42487 0.6
    endloop
  endfacet
  facet normal -0.265538 0.596409 -0.757487
    outer loop
      vertex -6.4 -3.63731 -0.6
      vertex -7.20213 -3.99444 -0.6
      vertex -7.63475 -2.66296 0.6
    endloop
  endfacet
  facet normal -0.48516 0.436844 -0.757487
    outer loop
      vertex -6.23475 -1.6458 0.6
      vertex -5.68965 -3.12121 -0.6
      vertex -6.62643 -2.0808 0.6
    endloop
  endfacet
  facet normal -0.620898 0.201744 -0.757486
    outer loop
      vertex -4.39178 -0.873229 -0.6
      vertex -4.66311 -1.70829 -0.6
      vertex -5.94207 -1.13886 0.6
    endloop
  endfacet
  facet normal 0.620896 -0.201757 -0.757484
    outer loop
      vertex -11.0579 1.13886 0.6
      vertex -11.2388 0.582152 0.6
      vertex -12.6082 0.873229 -0.6
    endloop
  endfacet
  facet normal -0.620898 -0.201744 -0.757486
    outer loop
      vertex -4.66311 1.70829 -0.6
      vertex -4.39178 0.873229 -0.6
      vertex -5.94207 1.13886 0.6
    endloop
  endfacet
  facet normal 0.383754 -0.528155 -0.757486
    outer loop
      vertex -10.6 3.63731 -0.6
      vertex -9.9 2.42487 0.6
      vertex -11.3103 3.12121 -0.6
    endloop
  endfacet
  facet normal -0.383736 0.528166 -0.757488
    outer loop
      vertex -6.62643 -2.0808 0.6
      vertex -5.68965 -3.12121 -0.6
      vertex -7.1 -2.42487 0.6
    endloop
  endfacet
  facet normal 0.265541 0.596406 -0.757488
    outer loop
      vertex -9.9 -2.42487 0.6
      vertex -9.36525 -2.66296 0.6
      vertex -10.6 -3.63731 -0.6
    endloop
  endfacet
  facet normal 0.485124 0.436866 -0.757498
    outer loop
      vertex -10.7652 -1.6458 0.6
      vertex -11.3103 -3.12121 -0.6
      vertex -11.8979 -2.4687 -0.6
    endloop
  endfacet
  facet normal 0.565378 0.326404 -0.757501
    outer loop
      vertex -10.7652 -1.6458 0.6
      vertex -11.8979 -2.4687 -0.6
      vertex -12.3369 -1.70829 -0.6
    endloop
  endfacet
  facet normal -0.265541 0.596406 -0.757488
    outer loop
      vertex -7.1 -2.42487 0.6
      vertex -6.4 -3.63731 -0.6
      vertex -7.63475 -2.66296 0.6
    endloop
  endfacet
  facet normal -0.485164 0.436842 -0.757486
    outer loop
      vertex -5.10213 -2.4687 -0.6
      vertex -5.68965 -3.12121 -0.6
      vertex -6.23475 -1.6458 0.6
    endloop
  endfacet
  facet normal -0.485164 -0.436842 -0.757486
    outer loop
      vertex -5.68965 3.12121 -0.6
      vertex -5.10213 2.4687 -0.6
      vertex -6.23475 1.6458 0.6
    endloop
  endfacet
  facet normal 0 -0.652851 -0.757486
    outer loop
      vertex -8.79268 2.78466 0.6
      vertex -8.06098 4.17699 -0.6
      vertex -8.20732 2.78466 0.6
    endloop
  endfacet
  facet normal -0 -0.652851 -0.757486
    outer loop
      vertex -8.06098 4.17699 -0.6
      vertex -8.79268 2.78466 0.6
      vertex -8.93902 4.17699 -0.6
    endloop
  endfacet
  facet normal 0.135732 0.638585 -0.757487
    outer loop
      vertex -8.79268 -2.78466 0.6
      vertex -8.93902 -4.17699 -0.6
      vertex -9.79787 -3.99444 -0.6
    endloop
  endfacet
  facet normal -0.383736 -0.528166 -0.757488
    outer loop
      vertex -5.68965 3.12121 -0.6
      vertex -6.62643 2.0808 0.6
      vertex -7.1 2.42487 0.6
    endloop
  endfacet
  facet normal 0.565378 -0.326404 -0.757501
    outer loop
      vertex -11.8979 2.4687 -0.6
      vertex -10.7652 1.6458 0.6
      vertex -12.3369 1.70829 -0.6
    endloop
  endfacet
  facet normal -0.565387 -0.326424 -0.757486
    outer loop
      vertex -4.66311 1.70829 -0.6
      vertex -5.94207 1.13886 0.6
      vertex -6.23475 1.6458 0.6
    endloop
  endfacet
  facet normal -0.265538 -0.596409 -0.757487
    outer loop
      vertex -7.20213 3.99444 -0.6
      vertex -6.4 3.63731 -0.6
      vertex -7.63475 2.66296 0.6
    endloop
  endfacet
  facet normal 0.649274 0.0682562 -0.757486
    outer loop
      vertex -11.2388 -0.582152 0.6
      vertex -12.6082 -0.873229 -0.6
      vertex -12.7 0 -0.6
    endloop
  endfacet
  facet normal -0.135732 -0.638585 -0.757486
    outer loop
      vertex -7.20213 3.99444 -0.6
      vertex -7.63475 2.66296 0.6
      vertex -8.20732 2.78466 0.6
    endloop
  endfacet
  facet normal -0.649273 0.0682413 -0.757487
    outer loop
      vertex -4.3 0 -0.6
      vertex -4.39178 -0.873229 -0.6
      vertex -5.76119 -0.582152 0.6
    endloop
  endfacet
  facet normal -0.649274 0.0682452 -0.757486
    outer loop
      vertex -5.7 0 0.6
      vertex -4.3 0 -0.6
      vertex -5.76119 -0.582152 0.6
    endloop
  endfacet
  facet normal 0.135732 -0.638585 -0.757486
    outer loop
      vertex -8.79268 2.78466 0.6
      vertex -9.36525 2.66296 0.6
      vertex -9.79787 3.99444 -0.6
    endloop
  endfacet
  facet normal 0.485219 -0.436808 -0.75747
    outer loop
      vertex -10.3736 2.0808 0.6
      vertex -10.7652 1.6458 0.6
      vertex -11.3103 3.12121 -0.6
    endloop
  endfacet
  facet normal 0.649274 0.0682563 -0.757486
    outer loop
      vertex -11.3 0 0.6
      vertex -11.2388 -0.582152 0.6
      vertex -12.7 0 -0.6
    endloop
  endfacet
  facet normal -0.135732 -0.638585 -0.757487
    outer loop
      vertex -8.06098 4.17699 -0.6
      vertex -7.20213 3.99444 -0.6
      vertex -8.20732 2.78466 0.6
    endloop
  endfacet
  facet normal 0.485219 0.436808 -0.75747
    outer loop
      vertex -10.7652 -1.6458 0.6
      vertex -10.3736 -2.0808 0.6
      vertex -11.3103 -3.12121 -0.6
    endloop
  endfacet
  facet normal -0.620898 -0.201736 -0.757488
    outer loop
      vertex -4.39178 0.873229 -0.6
      vertex -5.76119 0.582152 0.6
      vertex -5.94207 1.13886 0.6
    endloop
  endfacet
  facet normal 0.620896 0.201721 -0.757494
    outer loop
      vertex -11.0579 -1.13886 0.6
      vertex -12.3369 -1.70829 -0.6
      vertex -12.6082 -0.873229 -0.6
    endloop
  endfacet
  facet normal -0.135732 0.638585 -0.757486
    outer loop
      vertex -7.63475 -2.66296 0.6
      vertex -7.20213 -3.99444 -0.6
      vertex -8.20732 -2.78466 0.6
    endloop
  endfacet
  facet normal 0.56537 0.326437 -0.757493
    outer loop
      vertex -11.0579 -1.13886 0.6
      vertex -10.7652 -1.6458 0.6
      vertex -12.3369 -1.70829 -0.6
    endloop
  endfacet
  facet normal 0.265538 0.596409 -0.757487
    outer loop
      vertex -9.36525 -2.66296 0.6
      vertex -9.79787 -3.99444 -0.6
      vertex -10.6 -3.63731 -0.6
    endloop
  endfacet
  facet normal 0.265538 -0.596409 -0.757487
    outer loop
      vertex -9.79787 3.99444 -0.6
      vertex -9.36525 2.66296 0.6
      vertex -10.6 3.63731 -0.6
    endloop
  endfacet
  facet normal 0.649274 -0.0682562 -0.757486
    outer loop
      vertex -12.6082 0.873229 -0.6
      vertex -11.2388 0.582152 0.6
      vertex -12.7 0 -0.6
    endloop
  endfacet
  facet normal -0.565387 0.326424 -0.757486
    outer loop
      vertex -5.94207 -1.13886 0.6
      vertex -4.66311 -1.70829 -0.6
      vertex -6.23475 -1.6458 0.6
    endloop
  endfacet
  facet normal 0.56537 -0.326437 -0.757493
    outer loop
      vertex -10.7652 1.6458 0.6
      vertex -11.0579 1.13886 0.6
      vertex -12.3369 1.70829 -0.6
    endloop
  endfacet
  facet normal 0.135732 0.638585 -0.757486
    outer loop
      vertex -9.36525 -2.66296 0.6
      vertex -8.79268 -2.78466 0.6
      vertex -9.79787 -3.99444 -0.6
    endloop
  endfacet
  facet normal -0.620898 0.201736 -0.757488
    outer loop
      vertex -5.76119 -0.582152 0.6
      vertex -4.39178 -0.873229 -0.6
      vertex -5.94207 -1.13886 0.6
    endloop
  endfacet
  facet normal 0.383728 0.528188 -0.757476
    outer loop
      vertex -10.3736 -2.0808 0.6
      vertex -9.9 -2.42487 0.6
      vertex -11.3103 -3.12121 -0.6
    endloop
  endfacet
  facet normal -0.383736 -0.528166 -0.757487
    outer loop
      vertex -6.4 3.63731 -0.6
      vertex -5.68965 3.12121 -0.6
      vertex -7.1 2.42487 0.6
    endloop
  endfacet
  facet normal 0.649274 -0.0682563 -0.757486
    outer loop
      vertex -11.2388 0.582152 0.6
      vertex -11.3 0 0.6
      vertex -12.7 0 -0.6
    endloop
  endfacet
  facet normal 0.620896 -0.201721 -0.757494
    outer loop
      vertex -12.3369 1.70829 -0.6
      vertex -11.0579 1.13886 0.6
      vertex -12.6082 0.873229 -0.6
    endloop
  endfacet
  facet normal 0.485124 -0.436866 -0.757498
    outer loop
      vertex -11.3103 3.12121 -0.6
      vertex -10.7652 1.6458 0.6
      vertex -11.8979 2.4687 -0.6
    endloop
  endfacet
  facet normal 0 0.652851 -0.757486
    outer loop
      vertex -8.06098 -4.17699 -0.6
      vertex -8.79268 -2.78466 0.6
      vertex -8.20732 -2.78466 0.6
    endloop
  endfacet
  facet normal 0 0.652851 -0.757486
    outer loop
      vertex -8.79268 -2.78466 0.6
      vertex -8.06098 -4.17699 -0.6
      vertex -8.93902 -4.17699 -0.6
    endloop
  endfacet
  facet normal 0.620896 0.201757 -0.757484
    outer loop
      vertex -11.2388 -0.582152 0.6
      vertex -11.0579 -1.13886 0.6
      vertex -12.6082 -0.873229 -0.6
    endloop
  endfacet
  facet normal -0.135732 0.638585 -0.757487
    outer loop
      vertex -7.20213 -3.99444 -0.6
      vertex -8.06098 -4.17699 -0.6
      vertex -8.20732 -2.78466 0.6
    endloop
  endfacet
  facet normal 0.265541 -0.596406 -0.757488
    outer loop
      vertex -9.36525 2.66296 0.6
      vertex -9.9 2.42487 0.6
      vertex -10.6 3.63731 -0.6
    endloop
  endfacet
  facet normal 0 0 -1
    outer loop
      vertex -5.76119 -0.582152 0.6
      vertex -5.76119 0.582152 0.6
      vertex -5.7 0 0.6
    endloop
  endfacet
  facet normal 0 0 -1
    outer loop
      vertex -5.94207 -1.13886 0.6
      vertex -5.76119 0.582152 0.6
      vertex -5.76119 -0.582152 0.6
    endloop
  endfacet
  facet normal 0 0 -1
    outer loop
      vertex -5.94207 -1.13886 0.6
      vertex -5.94207 1.13886 0.6
      vertex -5.76119 0.582152 0.6
    endloop
  endfacet
  facet normal 0 0 -1
    outer loop
      vertex -6.23475 -1.6458 0.6
      vertex -5.94207 1.13886 0.6
      vertex -5.94207 -1.13886 0.6
    endloop
  endfacet
  facet normal 0 0 -1
    outer loop
      vertex -6.23475 -1.6458 0.6
      vertex -6.23475 1.6458 0.6
      vertex -5.94207 1.13886 0.6
    endloop
  endfacet
  facet normal 0 0 -1
    outer loop
      vertex -6.62643 -2.0808 0.6
      vertex -6.23475 1.6458 0.6
      vertex -6.23475 -1.6458 0.6
    endloop
  endfacet
  facet normal 0 0 -1
    outer loop
      vertex -6.62643 -2.0808 0.6
      vertex -6.62643 2.0808 0.6
      vertex -6.23475 1.6458 0.6
    endloop
  endfacet
  facet normal 0 0 -1
    outer loop
      vertex -7.1 -2.42487 0.6
      vertex -6.62643 2.0808 0.6
      vertex -6.62643 -2.0808 0.6
    endloop
  endfacet
  facet normal 0 0 -1
    outer loop
      vertex -7.1 -2.42487 0.6
      vertex -7.1 2.42487 0.6
      vertex -6.62643 2.0808 0.6
    endloop
  endfacet
  facet normal 0 0 -1
    outer loop
      vertex -7.63475 -2.66296 0.6
      vertex -7.1 2.42487 0.6
      vertex -7.1 -2.42487 0.6
    endloop
  endfacet
  facet normal 0 0 -1
    outer loop
      vertex -7.63475 -2.66296 0.6
      vertex -7.63475 2.66296 0.6
      vertex -7.1 2.42487 0.6
    endloop
  endfacet
  facet normal 0 0 -1
    outer loop
      vertex -8.20732 -2.78466 0.6
      vertex -7.63475 2.66296 0.6
      vertex -7.63475 -2.66296 0.6
    endloop
  endfacet
  facet normal 0 0 -1
    outer loop
      vertex -8.20732 -2.78466 0.6
      vertex -8.20732 2.78466 0.6
      vertex -7.63475 2.66296 0.6
    endloop
  endfacet
  facet normal 0 0 -1
    outer loop
      vertex -8.79268 -2.78466 0.6
      vertex -8.20732 2.78466 0.6
      vertex -8.20732 -2.78466 0.6
    endloop
  endfacet
  facet normal 0 0 -1
    outer loop
      vertex -8.79268 -2.78466 0.6
      vertex -8.79268 2.78466 0.6
      vertex -8.20732 2.78466 0.6
    endloop
  endfacet
  facet normal 0 0 -1
    outer loop
      vertex -9.36525 -2.66296 0.6
      vertex -8.79268 2.78466 0.6
      vertex -8.79268 -2.78466 0.6
    endloop
  endfacet
  facet normal 0 0 -1
    outer loop
      vertex -9.36525 -2.66296 0.6
      vertex -9.36525 2.66296 0.6
      vertex -8.79268 2.78466 0.6
    endloop
  endfacet
  facet normal 0 0 -1
    outer loop
      vertex -9.9 -2.42487 0.6
      vertex -9.36525 2.66296 0.6
      vertex -9.36525 -2.66296 0.6
    endloop
  endfacet
  facet normal 0 0 -1
    outer loop
      vertex -9.9 -2.42487 0.6
      vertex -9.9 2.42487 0.6
      vertex -9.36525 2.66296 0.6
    endloop
  endfacet
  facet normal 0 0 -1
    outer loop
      vertex -10.3736 -2.0808 0.6
      vertex -9.9 2.42487 0.6
      vertex -9.9 -2.42487 0.6
    endloop
  endfacet
  facet normal 0 0 -1
    outer loop
      vertex -10.3736 -2.0808 0.6
      vertex -10.3736 2.0808 0.6
      vertex -9.9 2.42487 0.6
    endloop
  endfacet
  facet normal 0 0 -1
    outer loop
      vertex -10.7652 -1.6458 0.6
      vertex -10.3736 2.0808 0.6
      vertex -10.3736 -2.0808 0.6
    endloop
  endfacet
  facet normal 0 0 -1
    outer loop
      vertex -10.7652 -1.6458 0.6
      vertex -10.7652 1.6458 0.6
      vertex -10.3736 2.0808 0.6
    endloop
  endfacet
  facet normal 0 0 -1
    outer loop
      vertex -11.0579 -1.13886 0.6
      vertex -10.7652 1.6458 0.6
      vertex -10.7652 -1.6458 0.6
    endloop
  endfacet
  facet normal 0 0 -1
    outer loop
      vertex -11.0579 -1.13886 0.6
      vertex -11.0579 1.13886 0.6
      vertex -10.7652 1.6458 0.6
    endloop
  endfacet
  facet normal 0 0 -1
    outer loop
      vertex -11.2388 -0.582152 0.6
      vertex -11.0579 1.13886 0.6
      vertex -11.0579 -1.13886 0.6
    endloop
  endfacet
  facet normal 0 0 -1
    outer loop
      vertex -11.2388 -0.582152 0.6
      vertex -11.2388 0.582152 0.6
      vertex -11.0579 1.13886 0.6
    endloop
  endfacet
  facet normal 0 -0 -1
    outer loop
      vertex -11.2388 0.582152 0.6
      vertex -11.2388 -0.582152 0.6
      vertex -11.3 0 0.6
    endloop
  endfacet
  facet normal 0.406731 0.913548 -0
    outer loop
      vertex 7.54762 -4.46996 -2.5
      vertex 6.65 -4.07032 -0.6
      vertex 7.54762 -4.46996 -0.6
    endloop
  endfacet
  facet normal 0.406731 0.913548 0
    outer loop
      vertex 6.65 -4.07032 -0.6
      vertex 7.54762 -4.46996 -2.5
      vertex 6.65 -4.07032 -2.5
    endloop
  endfacet
  facet normal 0.951056 0.309017 0
    outer loop
      vertex 4.70634 -1.91166 -0.6
      vertex 4.40271 -0.977184 -2.5
      vertex 4.40271 -0.977184 -0.6
    endloop
  endfacet
  facet normal 0.951056 0.309017 0
    outer loop
      vertex 4.40271 -0.977184 -2.5
      vertex 4.70634 -1.91166 -0.6
      vertex 4.70634 -1.91166 -2.5
    endloop
  endfacet
  facet normal -0.951065 -0.30899 0
    outer loop
      vertex 13.5973 0.977184 -2.5
      vertex 13.2937 1.91166 -0.6
      vertex 13.2937 1.91166 -2.5
    endloop
  endfacet
  facet normal -0.951065 -0.30899 0
    outer loop
      vertex 13.2937 1.91166 -0.6
      vertex 13.5973 0.977184 -2.5
      vertex 13.5973 0.977184 -0.6
    endloop
  endfacet
  facet normal -0.994523 -0.104522 0
    outer loop
      vertex 13.7 0 -2.5
      vertex 13.5973 0.977184 -0.6
      vertex 13.5973 0.977184 -2.5
    endloop
  endfacet
  facet normal -0.994523 -0.104522 0
    outer loop
      vertex 13.5973 0.977184 -0.6
      vertex 13.7 0 -2.5
      vertex 13.7 0 -0.6
    endloop
  endfacet
  facet normal -0.866019 -0.500012 0
    outer loop
      vertex 13.2937 1.91166 -2.5
      vertex 12.8024 2.76259 -0.6
      vertex 12.8024 2.76259 -2.5
    endloop
  endfacet
  facet normal -0.866019 -0.500012 0
    outer loop
      vertex 12.8024 2.76259 -0.6
      vertex 13.2937 1.91166 -2.5
      vertex 13.2937 1.91166 -0.6
    endloop
  endfacet
  facet normal -0.587793 0.809012 0
    outer loop
      vertex 12.1449 -3.49278 -2.5
      vertex 11.35 -4.07032 -0.6
      vertex 12.1449 -3.49278 -0.6
    endloop
  endfacet
  facet normal -0.587793 0.809012 0
    outer loop
      vertex 11.35 -4.07032 -0.6
      vertex 12.1449 -3.49278 -2.5
      vertex 11.35 -4.07032 -2.5
    endloop
  endfacet
  facet normal -0.406739 -0.913544 0
    outer loop
      vertex 10.4524 4.46996 -2.5
      vertex 11.35 4.07032 -0.6
      vertex 10.4524 4.46996 -0.6
    endloop
  endfacet
  facet normal -0.406739 -0.913544 -0
    outer loop
      vertex 11.35 4.07032 -0.6
      vertex 10.4524 4.46996 -2.5
      vertex 11.35 4.07032 -2.5
    endloop
  endfacet
  facet normal -0.994523 0.104522 0
    outer loop
      vertex 13.5973 -0.977184 -2.5
      vertex 13.7 0 -0.6
      vertex 13.7 0 -2.5
    endloop
  endfacet
  facet normal -0.994523 0.104522 0
    outer loop
      vertex 13.7 0 -0.6
      vertex 13.5973 -0.977184 -2.5
      vertex 13.5973 -0.977184 -0.6
    endloop
  endfacet
  facet normal -0.743128 -0.66915 0
    outer loop
      vertex 12.8024 2.76259 -2.5
      vertex 12.1449 3.49278 -0.6
      vertex 12.1449 3.49278 -2.5
    endloop
  endfacet
  facet normal -0.743128 -0.66915 0
    outer loop
      vertex 12.1449 3.49278 -0.6
      vertex 12.8024 2.76259 -2.5
      vertex 12.8024 2.76259 -0.6
    endloop
  endfacet
  facet normal 0.866014 -0.500019 0
    outer loop
      vertex 5.19762 2.76259 -0.6
      vertex 5.09159 2.57895 -2.5
      vertex 5.19762 2.76259 -2.5
    endloop
  endfacet
  facet normal 0.866039 -0.499977 -5.44412e-06
    outer loop
      vertex 5.19762 2.76259 -0.6
      vertex 4.98384 2.39231 -2.5
      vertex 5.09159 2.57895 -2.5
    endloop
  endfacet
  facet normal 0.866027 -0.499996 -3.51925e-07
    outer loop
      vertex 4.70634 1.91166 -0.6
      vertex 4.98384 2.39231 -2.5
      vertex 5.19762 2.76259 -0.6
    endloop
  endfacet
  facet normal 0.866028 -0.499995 0
    outer loop
      vertex 4.98384 2.39231 -2.5
      vertex 4.70634 1.91166 -0.6
      vertex 4.70634 1.91166 -2.5
    endloop
  endfacet
  facet normal -0.743128 0.66915 0
    outer loop
      vertex 12.1449 -3.49278 -2.5
      vertex 12.8024 -2.76259 -0.6
      vertex 12.8024 -2.76259 -2.5
    endloop
  endfacet
  facet normal -0.743128 0.66915 0
    outer loop
      vertex 12.8024 -2.76259 -0.6
      vertex 12.1449 -3.49278 -2.5
      vertex 12.1449 -3.49278 -0.6
    endloop
  endfacet
  facet normal 0.743147 -0.669129 0
    outer loop
      vertex 5.85509 3.49278 -0.6
      vertex 5.75583 3.38254 -2.5
      vertex 5.85509 3.49278 -2.5
    endloop
  endfacet
  facet normal 0.743137 -0.669139 1.10039e-06
    outer loop
      vertex 5.85509 3.49278 -0.6
      vertex 5.48654 3.08347 -2.5
      vertex 5.75583 3.38254 -2.5
    endloop
  endfacet
  facet normal 0.743143 -0.669133 -1.32777e-06
    outer loop
      vertex 5.19762 2.76259 -0.6
      vertex 5.48654 3.08347 -2.5
      vertex 5.85509 3.49278 -0.6
    endloop
  endfacet
  facet normal 0.743155 -0.669119 2.95384e-06
    outer loop
      vertex 5.48654 3.08347 -2.5
      vertex 5.19762 2.76259 -0.6
      vertex 5.22029 2.78776 -2.5
    endloop
  endfacet
  facet normal 0.743045 -0.669242 0
    outer loop
      vertex 5.22029 2.78776 -2.5
      vertex 5.19762 2.76259 -0.6
      vertex 5.19762 2.76259 -2.5
    endloop
  endfacet
  facet normal -0.866019 0.500012 0
    outer loop
      vertex 12.8024 -2.76259 -2.5
      vertex 13.2937 -1.91166 -0.6
      vertex 13.2937 -1.91166 -2.5
    endloop
  endfacet
  facet normal -0.866019 0.500012 0
    outer loop
      vertex 13.2937 -1.91166 -0.6
      vertex 12.8024 -2.76259 -2.5
      vertex 12.8024 -2.76259 -0.6
    endloop
  endfacet
  facet normal 0.587788 -0.809015 -1.09702e-07
    outer loop
      vertex 5.85509 3.49278 -0.6
      vertex 6.51996 3.97584 -2.5
      vertex 6.65 4.07032 -0.6
    endloop
  endfacet
  facet normal 0.587788 -0.809015 0
    outer loop
      vertex 6.51996 3.97584 -2.5
      vertex 5.85509 3.49278 -0.6
      vertex 5.85509 3.49278 -2.5
    endloop
  endfacet
  facet normal 0.587787 -0.809016 0
    outer loop
      vertex 6.65 4.07032 -0.6
      vertex 6.51996 3.97584 -2.5
      vertex 6.65 4.07032 -2.5
    endloop
  endfacet
  facet normal -0.951065 0.30899 0
    outer loop
      vertex 13.2937 -1.91166 -2.5
      vertex 13.5973 -0.977184 -0.6
      vertex 13.5973 -0.977184 -2.5
    endloop
  endfacet
  facet normal -0.951065 0.30899 0
    outer loop
      vertex 13.5973 -0.977184 -0.6
      vertex 13.2937 -1.91166 -2.5
      vertex 13.2937 -1.91166 -0.6
    endloop
  endfacet
  facet normal 0 -1 0
    outer loop
      vertex 8.67918 4.67425 -2.5
      vertex 8.50872 4.67425 -0.6
      vertex 8.50872 4.67425 -2.5
    endloop
  endfacet
  facet normal 0 -1 0
    outer loop
      vertex 8.9188 4.67425 -2.5
      vertex 8.50872 4.67425 -0.6
      vertex 8.67918 4.67425 -2.5
    endloop
  endfacet
  facet normal 0 -1 0
    outer loop
      vertex 8.50872 4.67425 -0.6
      vertex 8.9188 4.67425 -2.5
      vertex 9.49128 4.67425 -0.6
    endloop
  endfacet
  facet normal 0 -1 -0
    outer loop
      vertex 9.49128 4.67425 -0.6
      vertex 8.9188 4.67425 -2.5
      vertex 9.49128 4.67425 -2.5
    endloop
  endfacet
  facet normal 0.587788 0.809015 -0
    outer loop
      vertex 6.65 -4.07032 -2.5
      vertex 5.85509 -3.49278 -0.6
      vertex 6.65 -4.07032 -0.6
    endloop
  endfacet
  facet normal 0.587788 0.809015 0
    outer loop
      vertex 5.85509 -3.49278 -0.6
      vertex 6.65 -4.07032 -2.5
      vertex 5.85509 -3.49278 -2.5
    endloop
  endfacet
  facet normal 0.406712 -0.913556 0
    outer loop
      vertex 6.75346 4.11638 -2.5
      vertex 6.65 4.07032 -0.6
      vertex 6.65 4.07032 -2.5
    endloop
  endfacet
  facet normal 0.406731 -0.913548 1.27336e-06
    outer loop
      vertex 6.65 4.07032 -0.6
      vertex 6.75346 4.11638 -2.5
      vertex 7.54762 4.46996 -0.6
    endloop
  endfacet
  facet normal 0.406734 -0.913547 0
    outer loop
      vertex 7.54762 4.46996 -0.6
      vertex 6.75346 4.11638 -2.5
      vertex 7.54762 4.46996 -2.5
    endloop
  endfacet
  facet normal 0.994521 0.104532 0
    outer loop
      vertex 4.40271 -0.977184 -0.6
      vertex 4.3 0 -2.5
      vertex 4.3 0 -0.6
    endloop
  endfacet
  facet normal 0.994521 0.104532 0
    outer loop
      vertex 4.3 0 -2.5
      vertex 4.40271 -0.977184 -0.6
      vertex 4.40271 -0.977184 -2.5
    endloop
  endfacet
  facet normal 0.743143 0.669133 0
    outer loop
      vertex 5.85509 -3.49278 -0.6
      vertex 5.19762 -2.76259 -2.5
      vertex 5.19762 -2.76259 -0.6
    endloop
  endfacet
  facet normal 0.743143 0.669133 0
    outer loop
      vertex 5.19762 -2.76259 -2.5
      vertex 5.85509 -3.49278 -0.6
      vertex 5.85509 -3.49278 -2.5
    endloop
  endfacet
  facet normal 0.866027 0.499996 0
    outer loop
      vertex 5.19762 -2.76259 -0.6
      vertex 4.70634 -1.91166 -2.5
      vertex 4.70634 -1.91166 -0.6
    endloop
  endfacet
  facet normal 0.866027 0.499996 0
    outer loop
      vertex 4.70634 -1.91166 -2.5
      vertex 5.19762 -2.76259 -0.6
      vertex 5.19762 -2.76259 -2.5
    endloop
  endfacet
  facet normal -0.207909 0.978148 0
    outer loop
      vertex 10.4524 -4.46996 -2.5
      vertex 9.49128 -4.67425 -0.6
      vertex 10.4524 -4.46996 -0.6
    endloop
  endfacet
  facet normal -0.207909 0.978148 0
    outer loop
      vertex 9.49128 -4.67425 -0.6
      vertex 10.4524 -4.46996 -2.5
      vertex 9.49128 -4.67425 -2.5
    endloop
  endfacet
  facet normal 0.994521 -0.104532 0
    outer loop
      vertex 4.3 0 -0.6
      vertex 4.40271 0.977184 -2.5
      vertex 4.40271 0.977184 -0.6
    endloop
  endfacet
  facet normal 0.994521 -0.104532 0
    outer loop
      vertex 4.40271 0.977184 -2.5
      vertex 4.3 0 -0.6
      vertex 4.3 0 -2.5
    endloop
  endfacet
  facet normal -0.207909 -0.978148 0
    outer loop
      vertex 9.49128 4.67425 -2.5
      vertex 10.4524 4.46996 -0.6
      vertex 9.49128 4.67425 -0.6
    endloop
  endfacet
  facet normal -0.207909 -0.978148 -0
    outer loop
      vertex 10.4524 4.46996 -0.6
      vertex 9.49128 4.67425 -2.5
      vertex 10.4524 4.46996 -2.5
    endloop
  endfacet
  facet normal -0.587793 -0.809012 0
    outer loop
      vertex 11.35 4.07032 -2.5
      vertex 12.1449 3.49278 -0.6
      vertex 11.35 4.07032 -0.6
    endloop
  endfacet
  facet normal -0.587793 -0.809012 -0
    outer loop
      vertex 12.1449 3.49278 -0.6
      vertex 11.35 4.07032 -2.5
      vertex 12.1449 3.49278 -2.5
    endloop
  endfacet
  facet normal 0.207929 -0.978144 0
    outer loop
      vertex 7.59104 4.47919 -2.5
      vertex 7.54762 4.46996 -0.6
      vertex 7.54762 4.46996 -2.5
    endloop
  endfacet
  facet normal 0.20793 -0.978144 3.27568e-08
    outer loop
      vertex 7.97923 4.56171 -2.5
      vertex 7.54762 4.46996 -0.6
      vertex 7.59104 4.47919 -2.5
    endloop
  endfacet
  facet normal 0.207914 -0.978147 -3.91995e-06
    outer loop
      vertex 7.54762 4.46996 -0.6
      vertex 7.97923 4.56171 -2.5
      vertex 8.50872 4.67425 -0.6
    endloop
  endfacet
  facet normal 0.207913 -0.978147 -3.63695e-06
    outer loop
      vertex 8.37931 4.64675 -2.5
      vertex 8.50872 4.67425 -0.6
      vertex 7.97923 4.56171 -2.5
    endloop
  endfacet
  facet normal 0.207861 -0.978158 0
    outer loop
      vertex 8.50872 4.67425 -0.6
      vertex 8.37931 4.64675 -2.5
      vertex 8.50872 4.67425 -2.5
    endloop
  endfacet
  facet normal -0.406739 0.913544 0
    outer loop
      vertex 11.35 -4.07032 -2.5
      vertex 10.4524 -4.46996 -0.6
      vertex 11.35 -4.07032 -0.6
    endloop
  endfacet
  facet normal -0.406739 0.913544 0
    outer loop
      vertex 10.4524 -4.46996 -0.6
      vertex 11.35 -4.07032 -2.5
      vertex 10.4524 -4.46996 -2.5
    endloop
  endfacet
  facet normal 0 1 -0
    outer loop
      vertex 9.49128 -4.67425 -2.5
      vertex 8.50872 -4.67425 -0.6
      vertex 9.49128 -4.67425 -0.6
    endloop
  endfacet
  facet normal 0 1 0
    outer loop
      vertex 8.50872 -4.67425 -0.6
      vertex 9.49128 -4.67425 -2.5
      vertex 8.50872 -4.67425 -2.5
    endloop
  endfacet
  facet normal 0.207914 0.978147 -0
    outer loop
      vertex 8.50872 -4.67425 -2.5
      vertex 7.54762 -4.46996 -0.6
      vertex 8.50872 -4.67425 -0.6
    endloop
  endfacet
  facet normal 0.207914 0.978147 0
    outer loop
      vertex 7.54762 -4.46996 -0.6
      vertex 8.50872 -4.67425 -2.5
      vertex 7.54762 -4.46996 -2.5
    endloop
  endfacet
  facet normal 0.951056 -0.309017 0
    outer loop
      vertex 4.40271 0.977184 -0.6
      vertex 4.70634 1.91166 -2.5
      vertex 4.70634 1.91166 -0.6
    endloop
  endfacet
  facet normal 0.951056 -0.309017 0
    outer loop
      vertex 4.70634 1.91166 -2.5
      vertex 4.40271 0.977184 -0.6
      vertex 4.40271 0.977184 -2.5
    endloop
  endfacet
  facet normal 0.606838 -0.0637805 -0.792262
    outer loop
      vertex 5.93514 0.651456 0.6
      vertex 5.86667 0 0.6
      vertex 4.3 0 -0.6
    endloop
  endfacet
  facet normal -0.528415 -0.30509 -0.792274
    outer loop
      vertex 11.8624 1.27444 0.6
      vertex 12.8024 2.76259 -0.6
      vertex 13.2937 1.91166 -0.6
    endloop
  endfacet
  facet normal -0.528437 -0.30507 -0.792267
    outer loop
      vertex 12.8024 2.76259 -0.6
      vertex 11.8624 1.27444 0.6
      vertex 11.5349 1.84173 0.6
    endloop
  endfacet
  facet normal 0.35866 0.493646 -0.792261
    outer loop
      vertex 6.90339 -2.32852 0.6
      vertex 7.43333 -2.71355 0.6
      vertex 6.65 -4.07032 -0.6
    endloop
  endfacet
  facet normal -0.606833 -0.0637148 -0.792271
    outer loop
      vertex 13.7 0 -0.6
      vertex 12.1333 0 0.6
      vertex 12.0649 0.651456 0.6
    endloop
  endfacet
  facet normal -0.606847 -0.0637784 -0.792256
    outer loop
      vertex 13.5973 0.977184 -0.6
      vertex 13.7 0 -0.6
      vertex 12.0649 0.651456 0.6
    endloop
  endfacet
  facet normal -0.35866 0.493644 -0.792261
    outer loop
      vertex 12.1449 -3.49278 -0.6
      vertex 11.35 -4.07032 -0.6
      vertex 11.0966 -2.32852 0.6
    endloop
  endfacet
  facet normal 0.35866 -0.493646 -0.792261
    outer loop
      vertex 7.43333 2.71355 0.6
      vertex 6.90339 2.32852 0.6
      vertex 6.65 4.07032 -0.6
    endloop
  endfacet
  facet normal -0.248184 -0.557428 -0.792262
    outer loop
      vertex 10.4524 4.46996 -0.6
      vertex 11.35 4.07032 -0.6
      vertex 9.96825 2.97998 0.6
    endloop
  endfacet
  facet normal 0.126865 0.596849 -0.79226
    outer loop
      vertex 8.03175 -2.97998 0.6
      vertex 8.50872 -4.67425 -0.6
      vertex 7.54762 -4.46996 -0.6
    endloop
  endfacet
  facet normal 0.580317 -0.188557 -0.792261
    outer loop
      vertex 6.13756 1.27444 0.6
      vertex 5.93514 0.651456 0.6
      vertex 4.70634 1.91166 -0.6
    endloop
  endfacet
  facet normal -0.126863 0.596849 -0.792261
    outer loop
      vertex 9.96825 -2.97998 0.6
      vertex 10.4524 -4.46996 -0.6
      vertex 9.49128 -4.67425 -0.6
    endloop
  endfacet
  facet normal -0.358681 -0.493637 -0.792256
    outer loop
      vertex 11.35 4.07032 -0.6
      vertex 11.0966 2.32852 0.6
      vertex 10.5667 2.71355 0.6
    endloop
  endfacet
  facet normal 0.453453 0.408293 -0.792261
    outer loop
      vertex 6.46508 -1.84173 0.6
      vertex 6.90339 -2.32852 0.6
      vertex 5.19762 -2.76259 -0.6
    endloop
  endfacet
  facet normal 0.580317 0.188557 -0.792261
    outer loop
      vertex 5.93514 -0.651456 0.6
      vertex 6.13756 -1.27444 0.6
      vertex 4.70634 -1.91166 -0.6
    endloop
  endfacet
  facet normal -0.453451 0.408282 -0.792267
    outer loop
      vertex 11.5349 -1.84173 0.6
      vertex 12.8024 -2.76259 -0.6
      vertex 11.0966 -2.32852 0.6
    endloop
  endfacet
  facet normal 0.126863 0.596849 -0.792261
    outer loop
      vertex 8.67248 -3.11617 0.6
      vertex 8.50872 -4.67425 -0.6
      vertex 8.03175 -2.97998 0.6
    endloop
  endfacet
  facet normal -0.453451 -0.408282 -0.792267
    outer loop
      vertex 12.8024 2.76259 -0.6
      vertex 11.5349 1.84173 0.6
      vertex 11.0966 2.32852 0.6
    endloop
  endfacet
  facet normal -0.248172 0.557439 -0.792258
    outer loop
      vertex 10.5667 -2.71355 0.6
      vertex 11.35 -4.07032 -0.6
      vertex 9.96825 -2.97998 0.6
    endloop
  endfacet
  facet normal 0.126863 -0.596849 -0.792261
    outer loop
      vertex 8.50872 4.67425 -0.6
      vertex 8.67248 3.11617 0.6
      vertex 8.03175 2.97998 0.6
    endloop
  endfacet
  facet normal -0.453443 -0.408303 -0.792262
    outer loop
      vertex 12.1449 3.49278 -0.6
      vertex 12.8024 2.76259 -0.6
      vertex 11.0966 2.32852 0.6
    endloop
  endfacet
  facet normal 0.528435 0.305088 -0.792261
    outer loop
      vertex 5.19762 -2.76259 -0.6
      vertex 6.13756 -1.27444 0.6
      vertex 6.46508 -1.84173 0.6
    endloop
  endfacet
  facet normal 0.528434 0.305089 -0.792262
    outer loop
      vertex 6.13756 -1.27444 0.6
      vertex 5.19762 -2.76259 -0.6
      vertex 4.70634 -1.91166 -0.6
    endloop
  endfacet
  facet normal 0.580317 0.188557 -0.792261
    outer loop
      vertex 5.93514 -0.651456 0.6
      vertex 4.70634 -1.91166 -0.6
      vertex 4.40271 -0.977184 -0.6
    endloop
  endfacet
  facet normal 0.606839 0.0637837 -0.792262
    outer loop
      vertex 5.93514 -0.651456 0.6
      vertex 4.40271 -0.977184 -0.6
      vertex 4.3 0 -0.6
    endloop
  endfacet
  facet normal 0.248181 0.557431 -0.792261
    outer loop
      vertex 7.43333 -2.71355 0.6
      vertex 8.03175 -2.97998 0.6
      vertex 6.65 -4.07032 -0.6
    endloop
  endfacet
  facet normal 0.528435 -0.305088 -0.792261
    outer loop
      vertex 6.13756 1.27444 0.6
      vertex 5.19762 2.76259 -0.6
      vertex 6.46508 1.84173 0.6
    endloop
  endfacet
  facet normal 0.528434 -0.305089 -0.792262
    outer loop
      vertex 5.19762 2.76259 -0.6
      vertex 6.13756 1.27444 0.6
      vertex 4.70634 1.91166 -0.6
    endloop
  endfacet
  facet normal -0.580273 -0.188617 -0.792279
    outer loop
      vertex 13.2937 1.91166 -0.6
      vertex 12.0649 0.651456 0.6
      vertex 11.8624 1.27444 0.6
    endloop
  endfacet
  facet normal -0.580328 -0.188542 -0.792257
    outer loop
      vertex 13.2937 1.91166 -0.6
      vertex 13.5973 0.977184 -0.6
      vertex 12.0649 0.651456 0.6
    endloop
  endfacet
  facet normal -0.528415 0.30509 -0.792274
    outer loop
      vertex 12.8024 -2.76259 -0.6
      vertex 11.8624 -1.27444 0.6
      vertex 13.2937 -1.91166 -0.6
    endloop
  endfacet
  facet normal -0.528437 0.30507 -0.792267
    outer loop
      vertex 11.8624 -1.27444 0.6
      vertex 12.8024 -2.76259 -0.6
      vertex 11.5349 -1.84173 0.6
    endloop
  endfacet
  facet normal -0.358681 0.493637 -0.792256
    outer loop
      vertex 11.0966 -2.32852 0.6
      vertex 11.35 -4.07032 -0.6
      vertex 10.5667 -2.71355 0.6
    endloop
  endfacet
  facet normal 0.126865 -0.596849 -0.79226
    outer loop
      vertex 8.50872 4.67425 -0.6
      vertex 8.03175 2.97998 0.6
      vertex 7.54762 4.46996 -0.6
    endloop
  endfacet
  facet normal 0.358658 -0.493646 -0.792261
    outer loop
      vertex 6.65 4.07032 -0.6
      vertex 6.90339 2.32852 0.6
      vertex 5.85509 3.49278 -0.6
    endloop
  endfacet
  facet normal 0.24818 0.557431 -0.792261
    outer loop
      vertex 8.03175 -2.97998 0.6
      vertex 7.54762 -4.46996 -0.6
      vertex 6.65 -4.07032 -0.6
    endloop
  endfacet
  facet normal -0.580328 0.188542 -0.792257
    outer loop
      vertex 13.5973 -0.977184 -0.6
      vertex 13.2937 -1.91166 -0.6
      vertex 12.0649 -0.651456 0.6
    endloop
  endfacet
  facet normal 0.453452 0.408293 -0.792261
    outer loop
      vertex 6.90339 -2.32852 0.6
      vertex 5.85509 -3.49278 -0.6
      vertex 5.19762 -2.76259 -0.6
    endloop
  endfacet
  facet normal 0.24818 -0.557431 -0.792261
    outer loop
      vertex 7.54762 4.46996 -0.6
      vertex 8.03175 2.97998 0.6
      vertex 6.65 4.07032 -0.6
    endloop
  endfacet
  facet normal -0.248172 -0.557439 -0.792258
    outer loop
      vertex 11.35 4.07032 -0.6
      vertex 10.5667 2.71355 0.6
      vertex 9.96825 2.97998 0.6
    endloop
  endfacet
  facet normal 0.358658 0.493646 -0.792261
    outer loop
      vertex 6.90339 -2.32852 0.6
      vertex 6.65 -4.07032 -0.6
      vertex 5.85509 -3.49278 -0.6
    endloop
  endfacet
  facet normal 0.453453 -0.408293 -0.792261
    outer loop
      vertex 6.90339 2.32852 0.6
      vertex 6.46508 1.84173 0.6
      vertex 5.19762 2.76259 -0.6
    endloop
  endfacet
  facet normal -0.606847 0.0637784 -0.792256
    outer loop
      vertex 13.7 0 -0.6
      vertex 13.5973 -0.977184 -0.6
      vertex 12.0649 -0.651456 0.6
    endloop
  endfacet
  facet normal -0.606833 0.0637148 -0.792271
    outer loop
      vertex 12.1333 0 0.6
      vertex 13.7 0 -0.6
      vertex 12.0649 -0.651456 0.6
    endloop
  endfacet
  facet normal -0.35866 -0.493644 -0.792261
    outer loop
      vertex 11.35 4.07032 -0.6
      vertex 12.1449 3.49278 -0.6
      vertex 11.0966 2.32852 0.6
    endloop
  endfacet
  facet normal -0.126863 -0.596849 -0.792261
    outer loop
      vertex 9.49128 4.67425 -0.6
      vertex 9.96825 2.97998 0.6
      vertex 9.32752 3.11617 0.6
    endloop
  endfacet
  facet normal 0.606838 0.0637805 -0.792262
    outer loop
      vertex 5.86667 0 0.6
      vertex 5.93514 -0.651456 0.6
      vertex 4.3 0 -0.6
    endloop
  endfacet
  facet normal 0.248181 -0.557431 -0.792261
    outer loop
      vertex 8.03175 2.97998 0.6
      vertex 7.43333 2.71355 0.6
      vertex 6.65 4.07032 -0.6
    endloop
  endfacet
  facet normal -0.453443 0.408303 -0.792262
    outer loop
      vertex 12.8024 -2.76259 -0.6
      vertex 12.1449 -3.49278 -0.6
      vertex 11.0966 -2.32852 0.6
    endloop
  endfacet
  facet normal 0.606839 -0.0637837 -0.792262
    outer loop
      vertex 4.40271 0.977184 -0.6
      vertex 5.93514 0.651456 0.6
      vertex 4.3 0 -0.6
    endloop
  endfacet
  facet normal 0.580317 -0.188557 -0.792261
    outer loop
      vertex 4.70634 1.91166 -0.6
      vertex 5.93514 0.651456 0.6
      vertex 4.40271 0.977184 -0.6
    endloop
  endfacet
  facet normal 0 -0.610182 -0.792261
    outer loop
      vertex 8.67248 3.11617 0.6
      vertex 9.49128 4.67425 -0.6
      vertex 9.32752 3.11617 0.6
    endloop
  endfacet
  facet normal -0 -0.610182 -0.792261
    outer loop
      vertex 9.49128 4.67425 -0.6
      vertex 8.67248 3.11617 0.6
      vertex 8.50872 4.67425 -0.6
    endloop
  endfacet
  facet normal -0.248184 0.557428 -0.792262
    outer loop
      vertex 11.35 -4.07032 -0.6
      vertex 10.4524 -4.46996 -0.6
      vertex 9.96825 -2.97998 0.6
    endloop
  endfacet
  facet normal -0.580273 0.188617 -0.792279
    outer loop
      vertex 12.0649 -0.651456 0.6
      vertex 13.2937 -1.91166 -0.6
      vertex 11.8624 -1.27444 0.6
    endloop
  endfacet
  facet normal -0.126863 -0.596849 -0.792261
    outer loop
      vertex 10.4524 4.46996 -0.6
      vertex 9.96825 2.97998 0.6
      vertex 9.49128 4.67425 -0.6
    endloop
  endfacet
  facet normal 0.453452 -0.408293 -0.792261
    outer loop
      vertex 5.85509 3.49278 -0.6
      vertex 6.90339 2.32852 0.6
      vertex 5.19762 2.76259 -0.6
    endloop
  endfacet
  facet normal 0 0.610182 -0.792261
    outer loop
      vertex 9.49128 -4.67425 -0.6
      vertex 8.67248 -3.11617 0.6
      vertex 9.32752 -3.11617 0.6
    endloop
  endfacet
  facet normal 0 0.610182 -0.792261
    outer loop
      vertex 8.67248 -3.11617 0.6
      vertex 9.49128 -4.67425 -0.6
      vertex 8.50872 -4.67425 -0.6
    endloop
  endfacet
  facet normal -0.126863 0.596849 -0.792261
    outer loop
      vertex 9.96825 -2.97998 0.6
      vertex 9.49128 -4.67425 -0.6
      vertex 9.32752 -3.11617 0.6
    endloop
  endfacet
  facet normal 0 0 -1
    outer loop
      vertex 12.0649 -0.651456 0.6
      vertex 12.0649 0.651456 0.6
      vertex 12.1333 0 0.6
    endloop
  endfacet
  facet normal 0 0 -1
    outer loop
      vertex 11.8624 -1.27444 0.6
      vertex 12.0649 0.651456 0.6
      vertex 12.0649 -0.651456 0.6
    endloop
  endfacet
  facet normal 0 0 -1
    outer loop
      vertex 11.8624 -1.27444 0.6
      vertex 11.8624 1.27444 0.6
      vertex 12.0649 0.651456 0.6
    endloop
  endfacet
  facet normal 0 0 -1
    outer loop
      vertex 11.5349 -1.84173 0.6
      vertex 11.8624 1.27444 0.6
      vertex 11.8624 -1.27444 0.6
    endloop
  endfacet
  facet normal 0 0 -1
    outer loop
      vertex 11.5349 -1.84173 0.6
      vertex 11.5349 1.84173 0.6
      vertex 11.8624 1.27444 0.6
    endloop
  endfacet
  facet normal 0 0 -1
    outer loop
      vertex 11.0966 -2.32852 0.6
      vertex 11.5349 1.84173 0.6
      vertex 11.5349 -1.84173 0.6
    endloop
  endfacet
  facet normal 0 0 -1
    outer loop
      vertex 11.0966 -2.32852 0.6
      vertex 11.0966 2.32852 0.6
      vertex 11.5349 1.84173 0.6
    endloop
  endfacet
  facet normal 0 0 -1
    outer loop
      vertex 10.5667 -2.71355 0.6
      vertex 11.0966 2.32852 0.6
      vertex 11.0966 -2.32852 0.6
    endloop
  endfacet
  facet normal 0 0 -1
    outer loop
      vertex 10.5667 -2.71355 0.6
      vertex 10.5667 2.71355 0.6
      vertex 11.0966 2.32852 0.6
    endloop
  endfacet
  facet normal 0 0 -1
    outer loop
      vertex 9.96825 -2.97998 0.6
      vertex 10.5667 2.71355 0.6
      vertex 10.5667 -2.71355 0.6
    endloop
  endfacet
  facet normal 0 0 -1
    outer loop
      vertex 9.96825 -2.97998 0.6
      vertex 9.96825 2.97998 0.6
      vertex 10.5667 2.71355 0.6
    endloop
  endfacet
  facet normal 0 0 -1
    outer loop
      vertex 9.32752 -3.11617 0.6
      vertex 9.96825 2.97998 0.6
      vertex 9.96825 -2.97998 0.6
    endloop
  endfacet
  facet normal 0 0 -1
    outer loop
      vertex 9.32752 -3.11617 0.6
      vertex 9.32752 3.11617 0.6
      vertex 9.96825 2.97998 0.6
    endloop
  endfacet
  facet normal 0 0 -1
    outer loop
      vertex 8.67248 -3.11617 0.6
      vertex 9.32752 3.11617 0.6
      vertex 9.32752 -3.11617 0.6
    endloop
  endfacet
  facet normal 0 0 -1
    outer loop
      vertex 8.67248 -3.11617 0.6
      vertex 8.67248 3.11617 0.6
      vertex 9.32752 3.11617 0.6
    endloop
  endfacet
  facet normal 0 0 -1
    outer loop
      vertex 8.03175 -2.97998 0.6
      vertex 8.67248 3.11617 0.6
      vertex 8.67248 -3.11617 0.6
    endloop
  endfacet
  facet normal 0 0 -1
    outer loop
      vertex 8.03175 -2.97998 0.6
      vertex 8.03175 2.97998 0.6
      vertex 8.67248 3.11617 0.6
    endloop
  endfacet
  facet normal 0 0 -1
    outer loop
      vertex 7.43333 -2.71355 0.6
      vertex 8.03175 2.97998 0.6
      vertex 8.03175 -2.97998 0.6
    endloop
  endfacet
  facet normal 0 0 -1
    outer loop
      vertex 7.43333 -2.71355 0.6
      vertex 7.43333 2.71355 0.6
      vertex 8.03175 2.97998 0.6
    endloop
  endfacet
  facet normal 0 0 -1
    outer loop
      vertex 6.90339 -2.32852 0.6
      vertex 7.43333 2.71355 0.6
      vertex 7.43333 -2.71355 0.6
    endloop
  endfacet
  facet normal 0 0 -1
    outer loop
      vertex 6.90339 -2.32852 0.6
      vertex 6.90339 2.32852 0.6
      vertex 7.43333 2.71355 0.6
    endloop
  endfacet
  facet normal 0 0 -1
    outer loop
      vertex 6.46508 -1.84173 0.6
      vertex 6.90339 2.32852 0.6
      vertex 6.90339 -2.32852 0.6
    endloop
  endfacet
  facet normal 0 0 -1
    outer loop
      vertex 6.46508 -1.84173 0.6
      vertex 6.46508 1.84173 0.6
      vertex 6.90339 2.32852 0.6
    endloop
  endfacet
  facet normal 0 0 -1
    outer loop
      vertex 6.13756 -1.27444 0.6
      vertex 6.46508 1.84173 0.6
      vertex 6.46508 -1.84173 0.6
    endloop
  endfacet
  facet normal 0 0 -1
    outer loop
      vertex 6.13756 -1.27444 0.6
      vertex 6.13756 1.27444 0.6
      vertex 6.46508 1.84173 0.6
    endloop
  endfacet
  facet normal 0 0 -1
    outer loop
      vertex 5.93514 -0.651456 0.6
      vertex 6.13756 1.27444 0.6
      vertex 6.13756 -1.27444 0.6
    endloop
  endfacet
  facet normal 0 0 -1
    outer loop
      vertex 5.93514 -0.651456 0.6
      vertex 5.93514 0.651456 0.6
      vertex 6.13756 1.27444 0.6
    endloop
  endfacet
  facet normal 0 -0 -1
    outer loop
      vertex 5.93514 0.651456 0.6
      vertex 5.93514 -0.651456 0.6
      vertex 5.86667 0 0.6
    endloop
  endfacet
endsolid OpenSCAD_Model
