solid OpenSCAD_Model
  facet normal -0 0 1
    outer loop
      vertex 15.6467 0.0627136 2.5
      vertex 16.25 0 2.5
      vertex 15.8949 3.37856 2.5
    endloop
  endfacet
  facet normal 0 0 1
    outer loop
      vertex 15.6467 -0.0627136 2.5
      vertex 16.25 0 2.5
      vertex 15.65 0 2.5
    endloop
  endfacet
  facet normal 0 0 1
    outer loop
      vertex 16.25 0 2.5
      vertex 15.6467 0.0627136 2.5
      vertex 15.65 0 2.5
    endloop
  endfacet
  facet normal 0 0 1
    outer loop
      vertex 15.8949 3.37856 2.5
      vertex 15.3178 3.19177 2.5
      vertex 15.6467 0.0627136 2.5
    endloop
  endfacet
  facet normal 0 0 1
    outer loop
      vertex 15.8949 3.37856 2.5
      vertex 15.308 3.2538 2.5
      vertex 15.3178 3.19177 2.5
    endloop
  endfacet
  facet normal 0 0 1
    outer loop
      vertex 15.8949 3.37856 2.5
      vertex 15.2917 3.31447 2.5
      vertex 15.308 3.2538 2.5
    endloop
  endfacet
  facet normal 0 0 1
    outer loop
      vertex 14.8451 6.60947 2.5
      vertex 15.2917 3.31447 2.5
      vertex 15.8949 3.37856 2.5
    endloop
  endfacet
  facet normal 0 0 1
    outer loop
      vertex 14.8451 6.60947 2.5
      vertex 14.3195 6.30679 2.5
      vertex 15.2917 3.31447 2.5
    endloop
  endfacet
  facet normal 0 0 1
    outer loop
      vertex 14.8451 6.60947 2.5
      vertex 14.297 6.36542 2.5
      vertex 14.3195 6.30679 2.5
    endloop
  endfacet
  facet normal 0 0 1
    outer loop
      vertex 14.8451 6.60947 2.5
      vertex 14.2685 6.42139 2.5
      vertex 14.297 6.36542 2.5
    endloop
  endfacet
  facet normal 0 0 1
    outer loop
      vertex 13.1465 9.55151 2.5
      vertex 14.2685 6.42139 2.5
      vertex 14.8451 6.60947 2.5
    endloop
  endfacet
  facet normal 0 0 1
    outer loop
      vertex 13.1465 9.55151 2.5
      vertex 12.6953 9.14615 2.5
      vertex 14.2685 6.42139 2.5
    endloop
  endfacet
  facet normal 0 0 1
    outer loop
      vertex 13.1465 9.55151 2.5
      vertex 12.6611 9.19882 2.5
      vertex 12.6953 9.14615 2.5
    endloop
  endfacet
  facet normal 0 0 1
    outer loop
      vertex 13.1465 9.55151 2.5
      vertex 12.6216 9.24765 2.5
      vertex 12.6611 9.19882 2.5
    endloop
  endfacet
  facet normal 0 0 1
    outer loop
      vertex 10.8734 12.0761 2.5
      vertex 12.6216 9.24765 2.5
      vertex 13.1465 9.55151 2.5
    endloop
  endfacet
  facet normal 0 0 1
    outer loop
      vertex 10.8734 12.0761 2.5
      vertex 10.5163 11.5858 2.5
      vertex 12.6216 9.24765 2.5
    endloop
  endfacet
  facet normal 0 0 1
    outer loop
      vertex 10.8734 12.0761 2.5
      vertex 10.4719 11.6302 2.5
      vertex 10.5163 11.5858 2.5
    endloop
  endfacet
  facet normal 0 0 1
    outer loop
      vertex 10.8734 12.0761 2.5
      vertex 10.4231 11.6697 2.5
      vertex 10.4719 11.6302 2.5
    endloop
  endfacet
  facet normal 0 0 1
    outer loop
      vertex 8.125 14.0729 2.5
      vertex 10.4231 11.6697 2.5
      vertex 10.8734 12.0761 2.5
    endloop
  endfacet
  facet normal 0 0 1
    outer loop
      vertex 8.125 14.0729 2.5
      vertex 7.87766 13.5191 2.5
      vertex 10.4231 11.6697 2.5
    endloop
  endfacet
  facet normal 0 0 1
    outer loop
      vertex 8.125 14.0729 2.5
      vertex 7.82498 13.5533 2.5
      vertex 7.87766 13.5191 2.5
    endloop
  endfacet
  facet normal 0 0 1
    outer loop
      vertex 8.125 14.0729 2.5
      vertex 7.76903 13.5818 2.5
      vertex 7.82498 13.5533 2.5
    endloop
  endfacet
  facet normal 0 0 1
    outer loop
      vertex 5.02153 15.4547 2.5
      vertex 7.76903 13.5818 2.5
      vertex 8.125 14.0729 2.5
    endloop
  endfacet
  facet normal 0 0 1
    outer loop
      vertex 5.02153 15.4547 2.5
      vertex 4.89473 14.8615 2.5
      vertex 7.76903 13.5818 2.5
    endloop
  endfacet
  facet normal 0 0 1
    outer loop
      vertex 5.02153 15.4547 2.5
      vertex 4.83611 14.884 2.5
      vertex 4.89473 14.8615 2.5
    endloop
  endfacet
  facet normal 0 0 1
    outer loop
      vertex 5.02153 15.4547 2.5
      vertex 4.77544 14.9003 2.5
      vertex 4.83611 14.884 2.5
    endloop
  endfacet
  facet normal 0 0 1
    outer loop
      vertex 1.69859 16.161 2.5
      vertex 4.77544 14.9003 2.5
      vertex 5.02153 15.4547 2.5
    endloop
  endfacet
  facet normal 0 0 1
    outer loop
      vertex 1.69859 16.161 2.5
      vertex 1.69789 15.5544 2.5
      vertex 4.77544 14.9003 2.5
    endloop
  endfacet
  facet normal 0 0 1
    outer loop
      vertex 1.69859 16.161 2.5
      vertex 1.63586 15.5643 2.5
      vertex 1.69789 15.5544 2.5
    endloop
  endfacet
  facet normal 0 0 1
    outer loop
      vertex 1.69859 16.161 2.5
      vertex 1.57315 15.5675 2.5
      vertex 1.63586 15.5643 2.5
    endloop
  endfacet
  facet normal 0 0 1
    outer loop
      vertex 1.69859 16.161 2.5
      vertex -1.57315 15.5675 2.5
      vertex 1.57315 15.5675 2.5
    endloop
  endfacet
  facet normal -0 0 1
    outer loop
      vertex -1.69859 16.161 2.5
      vertex -1.57315 15.5675 2.5
      vertex 1.69859 16.161 2.5
    endloop
  endfacet
  facet normal 0 0 1
    outer loop
      vertex -1.57315 15.5675 2.5
      vertex -1.69859 16.161 2.5
      vertex -1.63586 15.5643 2.5
    endloop
  endfacet
  facet normal 0 0 1
    outer loop
      vertex -1.63586 15.5643 2.5
      vertex -1.69859 16.161 2.5
      vertex -1.69789 15.5544 2.5
    endloop
  endfacet
  facet normal 0 0 1
    outer loop
      vertex -1.69859 16.161 2.5
      vertex -4.77544 14.9003 2.5
      vertex -1.69789 15.5544 2.5
    endloop
  endfacet
  facet normal -0 0 1
    outer loop
      vertex -5.02153 15.4547 2.5
      vertex -4.77544 14.9003 2.5
      vertex -1.69859 16.161 2.5
    endloop
  endfacet
  facet normal 0 0 1
    outer loop
      vertex -4.77544 14.9003 2.5
      vertex -5.02153 15.4547 2.5
      vertex -4.83611 14.884 2.5
    endloop
  endfacet
  facet normal 0 0 1
    outer loop
      vertex -4.83611 14.884 2.5
      vertex -5.02153 15.4547 2.5
      vertex -4.89473 14.8615 2.5
    endloop
  endfacet
  facet normal 0 0 1
    outer loop
      vertex -5.02153 15.4547 2.5
      vertex -7.76903 13.5818 2.5
      vertex -4.89473 14.8615 2.5
    endloop
  endfacet
  facet normal -0 0 1
    outer loop
      vertex -8.125 14.0729 2.5
      vertex -7.76903 13.5818 2.5
      vertex -5.02153 15.4547 2.5
    endloop
  endfacet
  facet normal 0 0 1
    outer loop
      vertex -7.76903 13.5818 2.5
      vertex -8.125 14.0729 2.5
      vertex -7.82498 13.5533 2.5
    endloop
  endfacet
  facet normal 0 0 1
    outer loop
      vertex -7.82498 13.5533 2.5
      vertex -8.125 14.0729 2.5
      vertex -7.87767 13.5191 2.5
    endloop
  endfacet
  facet normal 0 0 1
    outer loop
      vertex -8.125 14.0729 2.5
      vertex -10.4231 11.6697 2.5
      vertex -7.87767 13.5191 2.5
    endloop
  endfacet
  facet normal -0 0 1
    outer loop
      vertex -10.8734 12.0761 2.5
      vertex -10.4231 11.6697 2.5
      vertex -8.125 14.0729 2.5
    endloop
  endfacet
  facet normal 0 0 1
    outer loop
      vertex -10.4231 11.6697 2.5
      vertex -10.8734 12.0761 2.5
      vertex -10.4719 11.6302 2.5
    endloop
  endfacet
  facet normal 0 0 1
    outer loop
      vertex -10.4719 11.6302 2.5
      vertex -10.8734 12.0761 2.5
      vertex -10.5163 11.5858 2.5
    endloop
  endfacet
  facet normal 0 0 1
    outer loop
      vertex -10.8734 12.0761 2.5
      vertex -12.6216 9.24763 2.5
      vertex -10.5163 11.5858 2.5
    endloop
  endfacet
  facet normal -0 0 1
    outer loop
      vertex -13.1465 9.55151 2.5
      vertex -12.6216 9.24763 2.5
      vertex -10.8734 12.0761 2.5
    endloop
  endfacet
  facet normal 0 0 1
    outer loop
      vertex -12.6216 9.24763 2.5
      vertex -13.1465 9.55151 2.5
      vertex -12.6611 9.19882 2.5
    endloop
  endfacet
  facet normal 0 0 1
    outer loop
      vertex -12.6611 9.19882 2.5
      vertex -13.1465 9.55151 2.5
      vertex -12.6953 9.14615 2.5
    endloop
  endfacet
  facet normal 0 0 1
    outer loop
      vertex -13.1465 9.55151 2.5
      vertex -14.2685 6.42137 2.5
      vertex -12.6953 9.14615 2.5
    endloop
  endfacet
  facet normal -0 0 1
    outer loop
      vertex -14.8451 6.60947 2.5
      vertex -14.2685 6.42137 2.5
      vertex -13.1465 9.55151 2.5
    endloop
  endfacet
  facet normal 0 0 1
    outer loop
      vertex -14.2685 6.42137 2.5
      vertex -14.8451 6.60947 2.5
      vertex -14.297 6.36542 2.5
    endloop
  endfacet
  facet normal 0 0 1
    outer loop
      vertex -14.297 6.36542 2.5
      vertex -14.8451 6.60947 2.5
      vertex -14.3195 6.30678 2.5
    endloop
  endfacet
  facet normal 0 0 1
    outer loop
      vertex -14.8451 6.60947 2.5
      vertex -15.2917 3.31447 2.5
      vertex -14.3195 6.30678 2.5
    endloop
  endfacet
  facet normal -0 0 1
    outer loop
      vertex -15.8949 3.37856 2.5
      vertex -15.2917 3.31447 2.5
      vertex -14.8451 6.60947 2.5
    endloop
  endfacet
  facet normal 0 0 1
    outer loop
      vertex -15.2917 3.31447 2.5
      vertex -15.8949 3.37856 2.5
      vertex -15.308 3.2538 2.5
    endloop
  endfacet
  facet normal 0 0 1
    outer loop
      vertex -16.25 0 2.5
      vertex -15.6467 0.0627136 2.5
      vertex -15.8949 3.37856 2.5
    endloop
  endfacet
  facet normal 0 0 1
    outer loop
      vertex -15.3178 3.19177 2.5
      vertex -15.8949 3.37856 2.5
      vertex -15.6467 0.0627136 2.5
    endloop
  endfacet
  facet normal 0 0 1
    outer loop
      vertex -15.308 3.2538 2.5
      vertex -15.8949 3.37856 2.5
      vertex -15.3178 3.19177 2.5
    endloop
  endfacet
  facet normal 0 0 1
    outer loop
      vertex 16.25 0 2.5
      vertex 15.6467 -0.0627136 2.5
      vertex 15.8949 -3.37856 2.5
    endloop
  endfacet
  facet normal -0 0 1
    outer loop
      vertex 15.3178 -3.19177 2.5
      vertex 15.8949 -3.37856 2.5
      vertex 15.6467 -0.0627136 2.5
    endloop
  endfacet
  facet normal -0 0 1
    outer loop
      vertex 15.308 -3.2538 2.5
      vertex 15.8949 -3.37856 2.5
      vertex 15.3178 -3.19177 2.5
    endloop
  endfacet
  facet normal -0 0 1
    outer loop
      vertex 15.2917 -3.31447 2.5
      vertex 15.8949 -3.37856 2.5
      vertex 15.308 -3.2538 2.5
    endloop
  endfacet
  facet normal 0 0 1
    outer loop
      vertex 15.2917 -3.31447 2.5
      vertex 14.8451 -6.60947 2.5
      vertex 15.8949 -3.37856 2.5
    endloop
  endfacet
  facet normal -0 0 1
    outer loop
      vertex 14.3195 -6.30678 2.5
      vertex 14.8451 -6.60947 2.5
      vertex 15.2917 -3.31447 2.5
    endloop
  endfacet
  facet normal -0 0 1
    outer loop
      vertex 14.297 -6.36542 2.5
      vertex 14.8451 -6.60947 2.5
      vertex 14.3195 -6.30678 2.5
    endloop
  endfacet
  facet normal -0 0 1
    outer loop
      vertex 14.2685 -6.42137 2.5
      vertex 14.8451 -6.60947 2.5
      vertex 14.297 -6.36542 2.5
    endloop
  endfacet
  facet normal 0 0 1
    outer loop
      vertex 14.2685 -6.42137 2.5
      vertex 13.1465 -9.55151 2.5
      vertex 14.8451 -6.60947 2.5
    endloop
  endfacet
  facet normal -0 0 1
    outer loop
      vertex 12.6953 -9.14615 2.5
      vertex 13.1465 -9.55151 2.5
      vertex 14.2685 -6.42137 2.5
    endloop
  endfacet
  facet normal -0 0 1
    outer loop
      vertex 12.6611 -9.19882 2.5
      vertex 13.1465 -9.55151 2.5
      vertex 12.6953 -9.14615 2.5
    endloop
  endfacet
  facet normal -0 0 1
    outer loop
      vertex 12.6216 -9.24763 2.5
      vertex 13.1465 -9.55151 2.5
      vertex 12.6611 -9.19882 2.5
    endloop
  endfacet
  facet normal 0 0 1
    outer loop
      vertex 12.6216 -9.24763 2.5
      vertex 10.8734 -12.0761 2.5
      vertex 13.1465 -9.55151 2.5
    endloop
  endfacet
  facet normal -0 0 1
    outer loop
      vertex 10.5163 -11.5858 2.5
      vertex 10.8734 -12.0761 2.5
      vertex 12.6216 -9.24763 2.5
    endloop
  endfacet
  facet normal -0 0 1
    outer loop
      vertex 10.4719 -11.6302 2.5
      vertex 10.8734 -12.0761 2.5
      vertex 10.5163 -11.5858 2.5
    endloop
  endfacet
  facet normal -0 0 1
    outer loop
      vertex 10.4231 -11.6697 2.5
      vertex 10.8734 -12.0761 2.5
      vertex 10.4719 -11.6302 2.5
    endloop
  endfacet
  facet normal 0 0 1
    outer loop
      vertex 10.4231 -11.6697 2.5
      vertex 8.125 -14.0729 2.5
      vertex 10.8734 -12.0761 2.5
    endloop
  endfacet
  facet normal -0 0 1
    outer loop
      vertex 7.87767 -13.5191 2.5
      vertex 8.125 -14.0729 2.5
      vertex 10.4231 -11.6697 2.5
    endloop
  endfacet
  facet normal -0 0 1
    outer loop
      vertex 7.82498 -13.5533 2.5
      vertex 8.125 -14.0729 2.5
      vertex 7.87767 -13.5191 2.5
    endloop
  endfacet
  facet normal -0 0 1
    outer loop
      vertex 7.76903 -13.5818 2.5
      vertex 8.125 -14.0729 2.5
      vertex 7.82498 -13.5533 2.5
    endloop
  endfacet
  facet normal 0 0 1
    outer loop
      vertex 7.76903 -13.5818 2.5
      vertex 5.02153 -15.4547 2.5
      vertex 8.125 -14.0729 2.5
    endloop
  endfacet
  facet normal -0 0 1
    outer loop
      vertex 4.89473 -14.8615 2.5
      vertex 5.02153 -15.4547 2.5
      vertex 7.76903 -13.5818 2.5
    endloop
  endfacet
  facet normal -0 0 1
    outer loop
      vertex 4.83611 -14.884 2.5
      vertex 5.02153 -15.4547 2.5
      vertex 4.89473 -14.8615 2.5
    endloop
  endfacet
  facet normal -0 0 1
    outer loop
      vertex 4.77544 -14.9003 2.5
      vertex 5.02153 -15.4547 2.5
      vertex 4.83611 -14.884 2.5
    endloop
  endfacet
  facet normal 0 0 1
    outer loop
      vertex 4.77544 -14.9003 2.5
      vertex 1.69859 -16.161 2.5
      vertex 5.02153 -15.4547 2.5
    endloop
  endfacet
  facet normal -0 0 1
    outer loop
      vertex 1.69789 -15.5544 2.5
      vertex 1.69859 -16.161 2.5
      vertex 4.77544 -14.9003 2.5
    endloop
  endfacet
  facet normal -0 0 1
    outer loop
      vertex 1.63586 -15.5643 2.5
      vertex 1.69859 -16.161 2.5
      vertex 1.69789 -15.5544 2.5
    endloop
  endfacet
  facet normal -0 0 1
    outer loop
      vertex 1.57315 -15.5675 2.5
      vertex 1.69859 -16.161 2.5
      vertex 1.63586 -15.5643 2.5
    endloop
  endfacet
  facet normal -0 0 1
    outer loop
      vertex -1.57315 -15.5675 2.5
      vertex 1.69859 -16.161 2.5
      vertex 1.57315 -15.5675 2.5
    endloop
  endfacet
  facet normal 0 0 1
    outer loop
      vertex -1.69859 -16.161 2.5
      vertex -1.57315 -15.5675 2.5
      vertex -1.63586 -15.5643 2.5
    endloop
  endfacet
  facet normal 0 0 1
    outer loop
      vertex -1.69859 -16.161 2.5
      vertex -1.63586 -15.5643 2.5
      vertex -1.69789 -15.5544 2.5
    endloop
  endfacet
  facet normal 0 0 1
    outer loop
      vertex -1.57315 -15.5675 2.5
      vertex -1.69859 -16.161 2.5
      vertex 1.69859 -16.161 2.5
    endloop
  endfacet
  facet normal 0 0 1
    outer loop
      vertex -4.77544 -14.9003 2.5
      vertex -1.69859 -16.161 2.5
      vertex -1.69789 -15.5544 2.5
    endloop
  endfacet
  facet normal 0 0 1
    outer loop
      vertex -5.02153 -15.4547 2.5
      vertex -4.77544 -14.9003 2.5
      vertex -4.83611 -14.884 2.5
    endloop
  endfacet
  facet normal 0 0 1
    outer loop
      vertex -5.02153 -15.4547 2.5
      vertex -4.83611 -14.884 2.5
      vertex -4.89473 -14.8615 2.5
    endloop
  endfacet
  facet normal 0 0 1
    outer loop
      vertex -4.77544 -14.9003 2.5
      vertex -5.02153 -15.4547 2.5
      vertex -1.69859 -16.161 2.5
    endloop
  endfacet
  facet normal 0 0 1
    outer loop
      vertex -7.76903 -13.5818 2.5
      vertex -5.02153 -15.4547 2.5
      vertex -4.89473 -14.8615 2.5
    endloop
  endfacet
  facet normal 0 0 1
    outer loop
      vertex -8.125 -14.0729 2.5
      vertex -7.76903 -13.5818 2.5
      vertex -7.82498 -13.5533 2.5
    endloop
  endfacet
  facet normal 0 0 1
    outer loop
      vertex -8.125 -14.0729 2.5
      vertex -7.82498 -13.5533 2.5
      vertex -7.87766 -13.5191 2.5
    endloop
  endfacet
  facet normal 0 0 1
    outer loop
      vertex -7.76903 -13.5818 2.5
      vertex -8.125 -14.0729 2.5
      vertex -5.02153 -15.4547 2.5
    endloop
  endfacet
  facet normal 0 0 1
    outer loop
      vertex -10.4231 -11.6697 2.5
      vertex -8.125 -14.0729 2.5
      vertex -7.87766 -13.5191 2.5
    endloop
  endfacet
  facet normal 0 0 1
    outer loop
      vertex -10.8734 -12.0761 2.5
      vertex -10.4231 -11.6697 2.5
      vertex -10.4719 -11.6302 2.5
    endloop
  endfacet
  facet normal 0 0 1
    outer loop
      vertex -10.8734 -12.0761 2.5
      vertex -10.4719 -11.6302 2.5
      vertex -10.5163 -11.5858 2.5
    endloop
  endfacet
  facet normal 0 0 1
    outer loop
      vertex -10.4231 -11.6697 2.5
      vertex -10.8734 -12.0761 2.5
      vertex -8.125 -14.0729 2.5
    endloop
  endfacet
  facet normal 0 0 1
    outer loop
      vertex -12.6215 -9.24773 2.5
      vertex -10.8734 -12.0761 2.5
      vertex -10.5163 -11.5858 2.5
    endloop
  endfacet
  facet normal 0 0 1
    outer loop
      vertex -13.1465 -9.55151 2.5
      vertex -12.6215 -9.24773 2.5
      vertex -12.6611 -9.19882 2.5
    endloop
  endfacet
  facet normal 0 0 1
    outer loop
      vertex -13.1465 -9.55151 2.5
      vertex -12.6611 -9.19882 2.5
      vertex -12.6953 -9.14615 2.5
    endloop
  endfacet
  facet normal 0 0 1
    outer loop
      vertex -12.6215 -9.24773 2.5
      vertex -13.1465 -9.55151 2.5
      vertex -10.8734 -12.0761 2.5
    endloop
  endfacet
  facet normal 0 0 1
    outer loop
      vertex -14.2685 -6.42139 2.5
      vertex -13.1465 -9.55151 2.5
      vertex -12.6953 -9.14615 2.5
    endloop
  endfacet
  facet normal 0 0 1
    outer loop
      vertex -14.8451 -6.60947 2.5
      vertex -14.2685 -6.42139 2.5
      vertex -14.297 -6.36542 2.5
    endloop
  endfacet
  facet normal 0 0 1
    outer loop
      vertex -14.8451 -6.60947 2.5
      vertex -14.297 -6.36542 2.5
      vertex -14.3195 -6.30679 2.5
    endloop
  endfacet
  facet normal 0 0 1
    outer loop
      vertex -14.2685 -6.42139 2.5
      vertex -14.8451 -6.60947 2.5
      vertex -13.1465 -9.55151 2.5
    endloop
  endfacet
  facet normal 0 0 1
    outer loop
      vertex -15.2917 -3.31447 2.5
      vertex -14.8451 -6.60947 2.5
      vertex -14.3195 -6.30679 2.5
    endloop
  endfacet
  facet normal 0 0 1
    outer loop
      vertex -15.8949 -3.37856 2.5
      vertex -15.2917 -3.31447 2.5
      vertex -15.308 -3.2538 2.5
    endloop
  endfacet
  facet normal 0 0 1
    outer loop
      vertex -15.8949 -3.37856 2.5
      vertex -15.308 -3.2538 2.5
      vertex -15.3178 -3.19177 2.5
    endloop
  endfacet
  facet normal 0 0 1
    outer loop
      vertex -15.6467 0.0627136 2.5
      vertex -16.25 0 2.5
      vertex -15.65 0 2.5
    endloop
  endfacet
  facet normal 0 0 1
    outer loop
      vertex -15.2917 -3.31447 2.5
      vertex -15.8949 -3.37856 2.5
      vertex -14.8451 -6.60947 2.5
    endloop
  endfacet
  facet normal 0 0 1
    outer loop
      vertex -15.6467 -0.0627136 2.5
      vertex -15.8949 -3.37856 2.5
      vertex -15.3178 -3.19177 2.5
    endloop
  endfacet
  facet normal 0 0 1
    outer loop
      vertex -15.65 0 2.5
      vertex -16.25 0 2.5
      vertex -15.6467 -0.0627136 2.5
    endloop
  endfacet
  facet normal 0 0 1
    outer loop
      vertex -15.6467 -0.0627136 2.5
      vertex -16.25 0 2.5
      vertex -15.8949 -3.37856 2.5
    endloop
  endfacet
  facet normal -0 0 1
    outer loop
      vertex -2.90001 -3.54999 2.5
      vertex -0.599991 -4.50148 2.5
      vertex -0.599991 -3.54999 2.5
    endloop
  endfacet
  facet normal 0 0 1
    outer loop
      vertex -2.90001 -4.75 2.5
      vertex -0.599991 -4.50148 2.5
      vertex -2.90001 -3.54999 2.5
    endloop
  endfacet
  facet normal 0 0 1
    outer loop
      vertex -2.91312 -4.87474 2.5
      vertex -0.599991 -4.50148 2.5
      vertex -2.90001 -4.75 2.5
    endloop
  endfacet
  facet normal 0 0 1
    outer loop
      vertex -2.95187 -4.99403 2.5
      vertex -0.599991 -4.50148 2.5
      vertex -2.91312 -4.87474 2.5
    endloop
  endfacet
  facet normal 0 0 1
    outer loop
      vertex -3.0146 -5.10266 2.5
      vertex -0.599991 -4.50148 2.5
      vertex -2.95187 -4.99403 2.5
    endloop
  endfacet
  facet normal 0 0 1
    outer loop
      vertex -3.42426 -7.32573 2.5
      vertex -3.0146 -5.10266 2.5
      vertex -3.09853 -5.19588 2.5
    endloop
  endfacet
  facet normal 0 0 1
    outer loop
      vertex -3.42426 -7.32573 2.5
      vertex -3.09853 -5.19588 2.5
      vertex -3.20001 -5.26961 2.5
    endloop
  endfacet
  facet normal 0 0 1
    outer loop
      vertex -3.42426 -7.32573 2.5
      vertex -3.20001 -5.26961 2.5
      vertex -3.31459 -5.32063 2.5
    endloop
  endfacet
  facet normal -0 0 1
    outer loop
      vertex -3.0146 -5.10266 2.5
      vertex -3.42426 -7.32573 2.5
      vertex -0.599991 -4.50148 2.5
    endloop
  endfacet
  facet normal -0 0 1
    outer loop
      vertex -3.43729 -5.34671 2.5
      vertex -3.42426 -7.32573 2.5
      vertex -3.31459 -5.32063 2.5
    endloop
  endfacet
  facet normal -0 0 1
    outer loop
      vertex -3.56271 -5.34671 2.5
      vertex -3.42426 -7.32573 2.5
      vertex -3.43729 -5.34671 2.5
    endloop
  endfacet
  facet normal 0 0 1
    outer loop
      vertex -3.68541 -5.32063 2.5
      vertex -3.42426 -7.32573 2.5
      vertex -3.56271 -5.34671 2.5
    endloop
  endfacet
  facet normal 0 0 1
    outer loop
      vertex -3.79999 -5.26961 2.5
      vertex -3.42426 -7.32573 2.5
      vertex -3.68541 -5.32063 2.5
    endloop
  endfacet
  facet normal 0 0 1
    outer loop
      vertex -3.42426 -7.32573 2.5
      vertex -3.79999 -5.26961 2.5
      vertex -3.50319 -7.4232 2.5
    endloop
  endfacet
  facet normal 0 0 1
    outer loop
      vertex -3.90147 -5.19588 2.5
      vertex -3.50319 -7.4232 2.5
      vertex -3.79999 -5.26961 2.5
    endloop
  endfacet
  facet normal 0 0 1
    outer loop
      vertex -3.50319 -7.4232 2.5
      vertex -3.90147 -5.19588 2.5
      vertex -3.56013 -7.53497 2.5
    endloop
  endfacet
  facet normal 0 0 1
    outer loop
      vertex 0.599991 -4.50148 2.5
      vertex 2.90001 -3.54999 2.5
      vertex 0.599991 -3.54999 2.5
    endloop
  endfacet
  facet normal 0 0 1
    outer loop
      vertex 9.6667 -10.736 2.5
      vertex 3.59259 -7.65613 2.5
      vertex 3.59917 -7.78139 2.5
    endloop
  endfacet
  facet normal 0 0 1
    outer loop
      vertex 3.42418 -7.32567 2.5
      vertex 3.68541 -5.32063 2.5
      vertex 3.56271 -5.34671 2.5
    endloop
  endfacet
  facet normal 0 0 1
    outer loop
      vertex 3.79999 -5.26961 2.5
      vertex 3.56013 -7.53497 2.5
      vertex 3.59259 -7.65613 2.5
    endloop
  endfacet
  facet normal 0 0 1
    outer loop
      vertex 3.79999 -5.26961 2.5
      vertex 3.50319 -7.4232 2.5
      vertex 3.56013 -7.53497 2.5
    endloop
  endfacet
  facet normal 0 0 1
    outer loop
      vertex 3.42418 -7.32567 2.5
      vertex 3.56271 -5.34671 2.5
      vertex 3.43729 -5.34671 2.5
    endloop
  endfacet
  facet normal 0 0 1
    outer loop
      vertex 3.79999 -5.26961 2.5
      vertex 3.42418 -7.32567 2.5
      vertex 3.50319 -7.4232 2.5
    endloop
  endfacet
  facet normal 0 0 1
    outer loop
      vertex 3.31459 -5.32063 2.5
      vertex 3.42418 -7.32567 2.5
      vertex 3.43729 -5.34671 2.5
    endloop
  endfacet
  facet normal 0 0 1
    outer loop
      vertex 3.20001 -5.26961 2.5
      vertex 3.42418 -7.32567 2.5
      vertex 3.31459 -5.32063 2.5
    endloop
  endfacet
  facet normal 0 0 1
    outer loop
      vertex 3.09853 -5.19588 2.5
      vertex 3.42418 -7.32567 2.5
      vertex 3.20001 -5.26961 2.5
    endloop
  endfacet
  facet normal 0 0 1
    outer loop
      vertex 3.0146 -5.10266 2.5
      vertex 3.42418 -7.32567 2.5
      vertex 3.09853 -5.19588 2.5
    endloop
  endfacet
  facet normal 0 0 1
    outer loop
      vertex 0.599991 -4.50148 2.5
      vertex 3.0146 -5.10266 2.5
      vertex 2.95187 -4.99403 2.5
    endloop
  endfacet
  facet normal 0 0 1
    outer loop
      vertex 0.599991 -4.50148 2.5
      vertex 2.95187 -4.99403 2.5
      vertex 2.91312 -4.87474 2.5
    endloop
  endfacet
  facet normal 0 0 1
    outer loop
      vertex 2.90001 -3.54999 2.5
      vertex 0.599991 -4.50148 2.5
      vertex 2.90001 -4.75 2.5
    endloop
  endfacet
  facet normal 0 0 1
    outer loop
      vertex 2.90001 -4.75 2.5
      vertex 0.599991 -4.50148 2.5
      vertex 2.91312 -4.87474 2.5
    endloop
  endfacet
  facet normal 0 0 1
    outer loop
      vertex 3.0146 -5.10266 2.5
      vertex 0.599991 -4.50148 2.5
      vertex 3.42418 -7.32567 2.5
    endloop
  endfacet
  facet normal 0 0 1
    outer loop
      vertex 4.09999 4.75 2.5
      vertex 14.4467 0 2.5
      vertex 14.131 3.00357 2.5
    endloop
  endfacet
  facet normal -0 0 1
    outer loop
      vertex 4.09999 4.75 2.5
      vertex 14.131 3.00357 2.5
      vertex 13.1977 5.87599 2.5
    endloop
  endfacet
  facet normal 0 0 1
    outer loop
      vertex 4.09999 -4.75 2.5
      vertex 14.4467 0 2.5
      vertex 4.09999 4.75 2.5
    endloop
  endfacet
  facet normal 0 0 1
    outer loop
      vertex 4.09999 4.75 2.5
      vertex 13.1977 5.87599 2.5
      vertex 11.6877 8.49144 2.5
    endloop
  endfacet
  facet normal 0 0 1
    outer loop
      vertex 14.4467 0 2.5
      vertex 4.09999 -4.75 2.5
      vertex 14.131 -3.00371 2.5
    endloop
  endfacet
  facet normal 0 0 1
    outer loop
      vertex 3.97858 5.72697 2.5
      vertex 11.6877 8.49144 2.5
      vertex 9.66673 10.736 2.5
    endloop
  endfacet
  facet normal 0 0 1
    outer loop
      vertex 14.131 -3.00371 2.5
      vertex 4.09999 -4.75 2.5
      vertex 13.1977 -5.87601 2.5
    endloop
  endfacet
  facet normal 0 0 1
    outer loop
      vertex 3.24443 7.25142 2.5
      vertex 9.66673 10.736 2.5
      vertex 7.22336 12.5112 2.5
    endloop
  endfacet
  facet normal 0 0 1
    outer loop
      vertex 13.1977 -5.87601 2.5
      vertex 4.09999 -4.75 2.5
      vertex 11.6876 -8.49161 2.5
    endloop
  endfacet
  facet normal 0 0 1
    outer loop
      vertex 2.55629 7.95549 2.5
      vertex 7.22336 12.5112 2.5
      vertex 4.46432 13.7396 2.5
    endloop
  endfacet
  facet normal -0 0 1
    outer loop
      vertex 4.08688 -4.87474 2.5
      vertex 11.6876 -8.49161 2.5
      vertex 4.09999 -4.75 2.5
    endloop
  endfacet
  facet normal -0 0 1
    outer loop
      vertex 4.04813 -4.99403 2.5
      vertex 11.6876 -8.49161 2.5
      vertex 4.08688 -4.87474 2.5
    endloop
  endfacet
  facet normal 0 0 1
    outer loop
      vertex 11.6877 8.49144 2.5
      vertex 4.09621 4.81718 2.5
      vertex 4.09999 4.75 2.5
    endloop
  endfacet
  facet normal 0 0 1
    outer loop
      vertex 4.09999 4.75 2.5
      vertex 4.09621 4.81718 2.5
      vertex 4.09647 4.7836 2.5
    endloop
  endfacet
  facet normal 0 0 1
    outer loop
      vertex 11.6877 8.49144 2.5
      vertex 4.00847 5.59598 2.5
      vertex 4.09621 4.81718 2.5
    endloop
  endfacet
  facet normal 0 0 1
    outer loop
      vertex 11.6877 8.49144 2.5
      vertex 3.99719 5.66231 2.5
      vertex 4.00847 5.59598 2.5
    endloop
  endfacet
  facet normal 0 0 1
    outer loop
      vertex 11.6877 8.49144 2.5
      vertex 3.97858 5.72697 2.5
      vertex 3.99719 5.66231 2.5
    endloop
  endfacet
  facet normal 0 0 1
    outer loop
      vertex 9.66673 10.736 2.5
      vertex 3.71971 6.46675 2.5
      vertex 3.97858 5.72697 2.5
    endloop
  endfacet
  facet normal 0 0 1
    outer loop
      vertex 9.66673 10.736 2.5
      vertex 3.69395 6.52892 2.5
      vertex 3.71971 6.46675 2.5
    endloop
  endfacet
  facet normal 0 0 1
    outer loop
      vertex 9.66673 10.736 2.5
      vertex 3.66141 6.5878 2.5
      vertex 3.69395 6.52892 2.5
    endloop
  endfacet
  facet normal 0 0 1
    outer loop
      vertex 9.66673 10.736 2.5
      vertex 3.24443 7.25142 2.5
      vertex 3.66141 6.5878 2.5
    endloop
  endfacet
  facet normal 0 0 1
    outer loop
      vertex 7.22336 12.5112 2.5
      vertex 3.20549 7.30629 2.5
      vertex 3.24443 7.25142 2.5
    endloop
  endfacet
  facet normal 0 0 1
    outer loop
      vertex 7.22336 12.5112 2.5
      vertex 3.16066 7.35646 2.5
      vertex 3.20549 7.30629 2.5
    endloop
  endfacet
  facet normal 0 0 1
    outer loop
      vertex 7.22336 12.5112 2.5
      vertex 2.60646 7.91066 2.5
      vertex 3.16066 7.35646 2.5
    endloop
  endfacet
  facet normal 0 0 1
    outer loop
      vertex 7.22336 12.5112 2.5
      vertex 2.55629 7.95549 2.5
      vertex 2.60646 7.91066 2.5
    endloop
  endfacet
  facet normal 0 0 1
    outer loop
      vertex 4.46432 13.7396 2.5
      vertex 2.50142 7.99443 2.5
      vertex 2.55629 7.95549 2.5
    endloop
  endfacet
  facet normal 0 0 1
    outer loop
      vertex 4.46432 13.7396 2.5
      vertex 1.8378 8.41141 2.5
      vertex 2.50142 7.99443 2.5
    endloop
  endfacet
  facet normal 0 0 1
    outer loop
      vertex 4.46432 13.7396 2.5
      vertex 1.77892 8.44395 2.5
      vertex 1.8378 8.41141 2.5
    endloop
  endfacet
  facet normal 0 0 1
    outer loop
      vertex 4.46432 13.7396 2.5
      vertex 1.71675 8.46971 2.5
      vertex 1.77892 8.44395 2.5
    endloop
  endfacet
  facet normal 0 0 1
    outer loop
      vertex 4.46432 13.7396 2.5
      vertex 1.71414 8.4706 2.5
      vertex 1.71675 8.46971 2.5
    endloop
  endfacet
  facet normal 0 0 1
    outer loop
      vertex 1.51015 14.3676 2.5
      vertex 1.71414 8.4706 2.5
      vertex 4.46432 13.7396 2.5
    endloop
  endfacet
  facet normal 0 0 1
    outer loop
      vertex 1.51015 14.3676 2.5
      vertex 0.978729 8.72794 2.5
      vertex 1.71414 8.4706 2.5
    endloop
  endfacet
  facet normal 0 0 1
    outer loop
      vertex 1.51015 14.3676 2.5
      vertex 0.976974 8.72858 2.5
      vertex 0.978729 8.72794 2.5
    endloop
  endfacet
  facet normal 0 0 1
    outer loop
      vertex 1.51015 14.3676 2.5
      vertex 0.912308 8.74719 2.5
      vertex 0.976974 8.72858 2.5
    endloop
  endfacet
  facet normal 0 0 1
    outer loop
      vertex 1.51015 14.3676 2.5
      vertex 0.845978 8.75847 2.5
      vertex 0.912308 8.74719 2.5
    endloop
  endfacet
  facet normal 0 0 1
    outer loop
      vertex 1.51015 14.3676 2.5
      vertex 0.0671692 8.84622 2.5
      vertex 0.845978 8.75847 2.5
    endloop
  endfacet
  facet normal -0 0 1
    outer loop
      vertex 0.0627136 8.84671 2.5
      vertex 0.0671692 8.84622 2.5
      vertex 1.51015 14.3676 2.5
    endloop
  endfacet
  facet normal 0 0 1
    outer loop
      vertex 0.0671692 8.84622 2.5
      vertex 0.0627136 8.84671 2.5
      vertex 0.0642395 8.84639 2.5
    endloop
  endfacet
  facet normal -0 0 1
    outer loop
      vertex 0 8.84999 2.5
      vertex 0.0627136 8.84671 2.5
      vertex 1.51015 14.3676 2.5
    endloop
  endfacet
  facet normal 0 0 1
    outer loop
      vertex 0.0627136 8.84671 2.5
      vertex 0 8.84999 2.5
      vertex 0.0584717 8.84671 2.5
    endloop
  endfacet
  facet normal -0 0 1
    outer loop
      vertex -1.51007 14.3676 2.5
      vertex 0 8.84999 2.5
      vertex 1.51015 14.3676 2.5
    endloop
  endfacet
  facet normal 0 -0 1
    outer loop
      vertex -0.0627136 8.84671 2.5
      vertex 0 8.84999 2.5
      vertex -1.51007 14.3676 2.5
    endloop
  endfacet
  facet normal 0 0 1
    outer loop
      vertex 0 8.84999 2.5
      vertex -0.0627136 8.84671 2.5
      vertex -0.0584717 8.84671 2.5
    endloop
  endfacet
  facet normal 0 -0 1
    outer loop
      vertex -0.0671692 8.84622 2.5
      vertex -0.0627136 8.84671 2.5
      vertex -1.51007 14.3676 2.5
    endloop
  endfacet
  facet normal 0 0 1
    outer loop
      vertex -0.0627136 8.84671 2.5
      vertex -0.0671692 8.84622 2.5
      vertex -0.0642395 8.84639 2.5
    endloop
  endfacet
  facet normal 0 0 1
    outer loop
      vertex -0.0671692 8.84622 2.5
      vertex -1.51007 14.3676 2.5
      vertex -0.845978 8.75847 2.5
    endloop
  endfacet
  facet normal 0 0 1
    outer loop
      vertex -0.845978 8.75847 2.5
      vertex -1.51007 14.3676 2.5
      vertex -0.912308 8.74719 2.5
    endloop
  endfacet
  facet normal 0 0 1
    outer loop
      vertex -0.912308 8.74719 2.5
      vertex -1.51007 14.3676 2.5
      vertex -0.976974 8.72858 2.5
    endloop
  endfacet
  facet normal 0 0 1
    outer loop
      vertex -1.51007 14.3676 2.5
      vertex -1.71675 8.46971 2.5
      vertex -0.976974 8.72858 2.5
    endloop
  endfacet
  facet normal -0 0 1
    outer loop
      vertex -4.46422 13.7397 2.5
      vertex -1.71675 8.46971 2.5
      vertex -1.51007 14.3676 2.5
    endloop
  endfacet
  facet normal 0 0 1
    outer loop
      vertex -1.71675 8.46971 2.5
      vertex -4.46422 13.7397 2.5
      vertex -1.77892 8.44395 2.5
    endloop
  endfacet
  facet normal 0 0 1
    outer loop
      vertex -1.77892 8.44395 2.5
      vertex -4.46422 13.7397 2.5
      vertex -1.8378 8.41141 2.5
    endloop
  endfacet
  facet normal 0 0 1
    outer loop
      vertex -1.8378 8.41141 2.5
      vertex -4.46422 13.7397 2.5
      vertex -2.50142 7.99443 2.5
    endloop
  endfacet
  facet normal 0 0 1
    outer loop
      vertex -2.50142 7.99443 2.5
      vertex -4.46422 13.7397 2.5
      vertex -2.55629 7.95549 2.5
    endloop
  endfacet
  facet normal -0 0 1
    outer loop
      vertex -7.22328 12.5112 2.5
      vertex -2.55629 7.95549 2.5
      vertex -4.46422 13.7397 2.5
    endloop
  endfacet
  facet normal 0 0 1
    outer loop
      vertex -2.55629 7.95549 2.5
      vertex -7.22328 12.5112 2.5
      vertex -2.60646 7.91066 2.5
    endloop
  endfacet
  facet normal 0 0 1
    outer loop
      vertex -2.60646 7.91066 2.5
      vertex -7.22328 12.5112 2.5
      vertex -3.16066 7.35646 2.5
    endloop
  endfacet
  facet normal 0 0 1
    outer loop
      vertex -3.16066 7.35646 2.5
      vertex -7.22328 12.5112 2.5
      vertex -3.20549 7.30629 2.5
    endloop
  endfacet
  facet normal 0 0 1
    outer loop
      vertex -3.20549 7.30629 2.5
      vertex -7.22328 12.5112 2.5
      vertex -3.24443 7.25142 2.5
    endloop
  endfacet
  facet normal -0 0 1
    outer loop
      vertex -9.6667 10.736 2.5
      vertex -3.24443 7.25142 2.5
      vertex -7.22328 12.5112 2.5
    endloop
  endfacet
  facet normal 0 0 1
    outer loop
      vertex -3.24443 7.25142 2.5
      vertex -9.6667 10.736 2.5
      vertex -3.66141 6.5878 2.5
    endloop
  endfacet
  facet normal 0 0 1
    outer loop
      vertex -3.66141 6.5878 2.5
      vertex -9.6667 10.736 2.5
      vertex -3.69395 6.52892 2.5
    endloop
  endfacet
  facet normal 0 0 1
    outer loop
      vertex -3.69395 6.52892 2.5
      vertex -9.6667 10.736 2.5
      vertex -3.71971 6.46675 2.5
    endloop
  endfacet
  facet normal 0 0 1
    outer loop
      vertex -3.71971 6.46675 2.5
      vertex -9.6667 10.736 2.5
      vertex -3.7206 6.46414 2.5
    endloop
  endfacet
  facet normal 0 0 1
    outer loop
      vertex -4.09621 4.81717 2.5
      vertex -4.09999 4.75 2.5
      vertex -4.09647 4.7836 2.5
    endloop
  endfacet
  facet normal 0 0 1
    outer loop
      vertex -3.99719 5.66231 2.5
      vertex -11.6876 8.49161 2.5
      vertex -4.00847 5.59598 2.5
    endloop
  endfacet
  facet normal 0 0 1
    outer loop
      vertex -3.97858 5.72697 2.5
      vertex -11.6876 8.49161 2.5
      vertex -3.99719 5.66231 2.5
    endloop
  endfacet
  facet normal -0 0 1
    outer loop
      vertex -11.6876 8.49161 2.5
      vertex -3.97858 5.72697 2.5
      vertex -9.6667 10.736 2.5
    endloop
  endfacet
  facet normal 0 0 1
    outer loop
      vertex -3.97794 5.72873 2.5
      vertex -9.6667 10.736 2.5
      vertex -3.97858 5.72697 2.5
    endloop
  endfacet
  facet normal 0 0 1
    outer loop
      vertex -3.7206 6.46414 2.5
      vertex -9.6667 10.736 2.5
      vertex -3.97794 5.72873 2.5
    endloop
  endfacet
  facet normal 0 0 1
    outer loop
      vertex 11.6876 -8.49161 2.5
      vertex 4.04813 -4.99403 2.5
      vertex 9.6667 -10.736 2.5
    endloop
  endfacet
  facet normal -0 0 1
    outer loop
      vertex 3.59259 -7.65613 2.5
      vertex 9.6667 -10.736 2.5
      vertex 4.04813 -4.99403 2.5
    endloop
  endfacet
  facet normal -0 0 1
    outer loop
      vertex 3.57953 -7.90529 2.5
      vertex 9.6667 -10.736 2.5
      vertex 3.59917 -7.78139 2.5
    endloop
  endfacet
  facet normal 0 0 1
    outer loop
      vertex 3.59259 -7.65613 2.5
      vertex 4.04813 -4.99403 2.5
      vertex 3.9854 -5.10266 2.5
    endloop
  endfacet
  facet normal 0 0 1
    outer loop
      vertex 3.59259 -7.65613 2.5
      vertex 3.9854 -5.10266 2.5
      vertex 3.90147 -5.19588 2.5
    endloop
  endfacet
  facet normal 0 0 1
    outer loop
      vertex 3.59259 -7.65613 2.5
      vertex 3.90147 -5.19588 2.5
      vertex 3.79999 -5.26961 2.5
    endloop
  endfacet
  facet normal 0 0 1
    outer loop
      vertex 3.42418 -7.32567 2.5
      vertex 3.79999 -5.26961 2.5
      vertex 3.68541 -5.32063 2.5
    endloop
  endfacet
  facet normal 0 0 1
    outer loop
      vertex 9.6667 -10.736 2.5
      vertex 3.57953 -7.90529 2.5
      vertex 7.22328 -12.5112 2.5
    endloop
  endfacet
  facet normal -0 0 1
    outer loop
      vertex 3.53459 -8.02238 2.5
      vertex 7.22328 -12.5112 2.5
      vertex 3.57953 -7.90529 2.5
    endloop
  endfacet
  facet normal -0 0 1
    outer loop
      vertex 3.46628 -8.12758 2.5
      vertex 7.22328 -12.5112 2.5
      vertex 3.53459 -8.02238 2.5
    endloop
  endfacet
  facet normal -0 0 1
    outer loop
      vertex 3.37758 -8.21628 2.5
      vertex 7.22328 -12.5112 2.5
      vertex 3.46628 -8.12758 2.5
    endloop
  endfacet
  facet normal -0 0 1
    outer loop
      vertex 3.27238 -8.28459 2.5
      vertex 7.22328 -12.5112 2.5
      vertex 3.37758 -8.21628 2.5
    endloop
  endfacet
  facet normal 0 0 1
    outer loop
      vertex 7.22328 -12.5112 2.5
      vertex 3.27238 -8.28459 2.5
      vertex 4.46422 -13.7397 2.5
    endloop
  endfacet
  facet normal -0 0 1
    outer loop
      vertex 3.15529 -8.32953 2.5
      vertex 4.46422 -13.7397 2.5
      vertex 3.27238 -8.28459 2.5
    endloop
  endfacet
  facet normal -0 0 1
    outer loop
      vertex 3.03139 -8.34917 2.5
      vertex 4.46422 -13.7397 2.5
      vertex 3.15529 -8.32953 2.5
    endloop
  endfacet
  facet normal 0 0 1
    outer loop
      vertex 2.90613 -8.34259 2.5
      vertex 4.46422 -13.7397 2.5
      vertex 3.03139 -8.34917 2.5
    endloop
  endfacet
  facet normal 0 0 1
    outer loop
      vertex 1.51007 -14.3676 2.5
      vertex 2.90613 -8.34259 2.5
      vertex 2.78497 -8.31013 2.5
    endloop
  endfacet
  facet normal 0 0 1
    outer loop
      vertex 1.51007 -14.3676 2.5
      vertex 2.78497 -8.31013 2.5
      vertex 2.6732 -8.25319 2.5
    endloop
  endfacet
  facet normal 0 0 1
    outer loop
      vertex 1.51007 -14.3676 2.5
      vertex 2.6732 -8.25319 2.5
      vertex 2.57573 -8.17426 2.5
    endloop
  endfacet
  facet normal 0 0 1
    outer loop
      vertex 2.90613 -8.34259 2.5
      vertex 1.51007 -14.3676 2.5
      vertex 4.46422 -13.7397 2.5
    endloop
  endfacet
  facet normal 0 0 1
    outer loop
      vertex -2.57573 -8.17426 2.5
      vertex 2.57573 -8.17426 2.5
      vertex 0 -5.59851 2.5
    endloop
  endfacet
  facet normal 0 0 1
    outer loop
      vertex 2.57573 -8.17426 2.5
      vertex -2.57573 -8.17426 2.5
      vertex 1.51007 -14.3676 2.5
    endloop
  endfacet
  facet normal 0 0 1
    outer loop
      vertex 1.51007 -14.3676 2.5
      vertex -2.57573 -8.17426 2.5
      vertex -1.51015 -14.3676 2.5
    endloop
  endfacet
  facet normal -0 0 1
    outer loop
      vertex -2.6732 -8.25319 2.5
      vertex -1.51015 -14.3676 2.5
      vertex -2.57573 -8.17426 2.5
    endloop
  endfacet
  facet normal -0 0 1
    outer loop
      vertex -2.78497 -8.31013 2.5
      vertex -1.51015 -14.3676 2.5
      vertex -2.6732 -8.25319 2.5
    endloop
  endfacet
  facet normal -0 0 1
    outer loop
      vertex -2.90613 -8.34259 2.5
      vertex -1.51015 -14.3676 2.5
      vertex -2.78497 -8.31013 2.5
    endloop
  endfacet
  facet normal 0 0 1
    outer loop
      vertex -4.46432 -13.7396 2.5
      vertex -2.90613 -8.34259 2.5
      vertex -3.03139 -8.34917 2.5
    endloop
  endfacet
  facet normal 0 0 1
    outer loop
      vertex -4.46432 -13.7396 2.5
      vertex -3.03139 -8.34917 2.5
      vertex -3.15529 -8.32953 2.5
    endloop
  endfacet
  facet normal 0 0 1
    outer loop
      vertex -4.46432 -13.7396 2.5
      vertex -3.15529 -8.32953 2.5
      vertex -3.27238 -8.28459 2.5
    endloop
  endfacet
  facet normal 0 0 1
    outer loop
      vertex -7.22336 -12.5112 2.5
      vertex -3.27238 -8.28459 2.5
      vertex -3.37758 -8.21628 2.5
    endloop
  endfacet
  facet normal 0 0 1
    outer loop
      vertex -7.22336 -12.5112 2.5
      vertex -3.37758 -8.21628 2.5
      vertex -3.46628 -8.12758 2.5
    endloop
  endfacet
  facet normal 0 0 1
    outer loop
      vertex -7.22336 -12.5112 2.5
      vertex -3.46628 -8.12758 2.5
      vertex -3.53459 -8.02238 2.5
    endloop
  endfacet
  facet normal 0 0 1
    outer loop
      vertex -7.22336 -12.5112 2.5
      vertex -3.53459 -8.02238 2.5
      vertex -3.57953 -7.90529 2.5
    endloop
  endfacet
  facet normal 0 0 1
    outer loop
      vertex -3.9854 -5.10266 2.5
      vertex -3.56013 -7.53497 2.5
      vertex -3.90147 -5.19588 2.5
    endloop
  endfacet
  facet normal 0 0 1
    outer loop
      vertex -3.56013 -7.53497 2.5
      vertex -3.9854 -5.10266 2.5
      vertex -3.59259 -7.65613 2.5
    endloop
  endfacet
  facet normal 0 0 1
    outer loop
      vertex -4.04813 -4.99403 2.5
      vertex -3.59259 -7.65613 2.5
      vertex -3.9854 -5.10266 2.5
    endloop
  endfacet
  facet normal 0 0 1
    outer loop
      vertex -9.66673 -10.736 2.5
      vertex -3.59259 -7.65613 2.5
      vertex -4.04813 -4.99403 2.5
    endloop
  endfacet
  facet normal 0 0 1
    outer loop
      vertex -3.59259 -7.65613 2.5
      vertex -9.66673 -10.736 2.5
      vertex -3.59917 -7.78139 2.5
    endloop
  endfacet
  facet normal 0 0 1
    outer loop
      vertex -11.6877 -8.49144 2.5
      vertex -4.04813 -4.99403 2.5
      vertex -4.08688 -4.87474 2.5
    endloop
  endfacet
  facet normal 0 0 1
    outer loop
      vertex -2.90613 -8.34259 2.5
      vertex -4.46432 -13.7396 2.5
      vertex -1.51015 -14.3676 2.5
    endloop
  endfacet
  facet normal 0 0 1
    outer loop
      vertex -3.59917 -7.78139 2.5
      vertex -9.66673 -10.736 2.5
      vertex -3.57953 -7.90529 2.5
    endloop
  endfacet
  facet normal 0 0 1
    outer loop
      vertex -11.6877 -8.49144 2.5
      vertex -4.08688 -4.87474 2.5
      vertex -4.09999 -4.75 2.5
    endloop
  endfacet
  facet normal 0 0 1
    outer loop
      vertex -4.00847 5.59598 2.5
      vertex -11.6876 8.49161 2.5
      vertex -4.09621 4.81717 2.5
    endloop
  endfacet
  facet normal 0 0 1
    outer loop
      vertex -4.09621 4.81717 2.5
      vertex -11.6876 8.49161 2.5
      vertex -4.09999 4.75 2.5
    endloop
  endfacet
  facet normal 0 0 1
    outer loop
      vertex -3.27238 -8.28459 2.5
      vertex -7.22336 -12.5112 2.5
      vertex -4.46432 -13.7396 2.5
    endloop
  endfacet
  facet normal -0 0 1
    outer loop
      vertex -13.1977 5.87601 2.5
      vertex -4.09999 4.75 2.5
      vertex -11.6876 8.49161 2.5
    endloop
  endfacet
  facet normal 0 0 1
    outer loop
      vertex -3.57953 -7.90529 2.5
      vertex -9.66673 -10.736 2.5
      vertex -7.22336 -12.5112 2.5
    endloop
  endfacet
  facet normal 0 0 1
    outer loop
      vertex -14.131 3.00363 2.5
      vertex -4.09999 4.75 2.5
      vertex -13.1977 5.87601 2.5
    endloop
  endfacet
  facet normal 0 0 1
    outer loop
      vertex -4.04813 -4.99403 2.5
      vertex -11.6877 -8.49144 2.5
      vertex -9.66673 -10.736 2.5
    endloop
  endfacet
  facet normal 0 0 1
    outer loop
      vertex -14.4467 0 2.5
      vertex -4.09999 4.75 2.5
      vertex -14.131 3.00363 2.5
    endloop
  endfacet
  facet normal 0 0 1
    outer loop
      vertex -4.09999 -4.75 2.5
      vertex -13.1977 -5.87599 2.5
      vertex -11.6877 -8.49144 2.5
    endloop
  endfacet
  facet normal 0 0 1
    outer loop
      vertex -4.09999 4.75 2.5
      vertex -14.4467 0 2.5
      vertex -4.09999 -4.75 2.5
    endloop
  endfacet
  facet normal 0 0 1
    outer loop
      vertex -4.09999 -4.75 2.5
      vertex -14.131 -3.00357 2.5
      vertex -13.1977 -5.87599 2.5
    endloop
  endfacet
  facet normal 0 0 1
    outer loop
      vertex -4.09999 -4.75 2.5
      vertex -14.4467 0 2.5
      vertex -14.131 -3.00357 2.5
    endloop
  endfacet
  facet normal -0 0 1
    outer loop
      vertex 0.599991 -1.14999 2.5
      vertex 2.90001 -2.35001 2.5
      vertex 2.90001 -1.14999 2.5
    endloop
  endfacet
  facet normal 0 0 1
    outer loop
      vertex 2.90001 -2.35001 2.5
      vertex 0.599991 -1.14999 2.5
      vertex 0.599991 -2.35001 2.5
    endloop
  endfacet
  facet normal 0 0 1
    outer loop
      vertex -1.25661 7.35941 2.5
      vertex -0.599991 7.57861 2.5
      vertex -0.64447 7.57361 2.5
    endloop
  endfacet
  facet normal 0 0 1
    outer loop
      vertex -0.599991 7.57861 2.5
      vertex -1.25661 7.35941 2.5
      vertex -2.90001 4.71628 2.5
    endloop
  endfacet
  facet normal 0 0 1
    outer loop
      vertex -2.90001 4.71628 2.5
      vertex -1.25661 7.35941 2.5
      vertex -1.80577 7.01433 2.5
    endloop
  endfacet
  facet normal 0 0 1
    outer loop
      vertex -2.90001 4.71628 2.5
      vertex -1.80577 7.01433 2.5
      vertex -2.2644 6.55568 2.5
    endloop
  endfacet
  facet normal 0 0 1
    outer loop
      vertex -2.90001 4.71628 2.5
      vertex -2.2644 6.55568 2.5
      vertex -2.60939 6.00662 2.5
    endloop
  endfacet
  facet normal 0 0 1
    outer loop
      vertex -2.90001 4.71628 2.5
      vertex -2.60939 6.00662 2.5
      vertex -2.82361 5.39441 2.5
    endloop
  endfacet
  facet normal 0 0 1
    outer loop
      vertex -0.599991 7.57861 2.5
      vertex -2.90001 4.71628 2.5
      vertex -0.599991 0.0499878 2.5
    endloop
  endfacet
  facet normal 0 0 1
    outer loop
      vertex -0.599991 0.0499878 2.5
      vertex -2.90001 4.71628 2.5
      vertex -2.90001 0.0499878 2.5
    endloop
  endfacet
  facet normal -0 0 1
    outer loop
      vertex -2.90001 -1.14999 2.5
      vertex -0.599991 -2.35001 2.5
      vertex -0.599991 -1.14999 2.5
    endloop
  endfacet
  facet normal 0 0 1
    outer loop
      vertex -0.599991 -2.35001 2.5
      vertex -2.90001 -1.14999 2.5
      vertex -2.90001 -2.35001 2.5
    endloop
  endfacet
  facet normal 0 0 1
    outer loop
      vertex 0.599991 7.57861 2.5
      vertex 2.90001 4.71629 2.5
      vertex 2.82361 5.39447 2.5
    endloop
  endfacet
  facet normal 0 0 1
    outer loop
      vertex 0.599991 7.57861 2.5
      vertex 2.82361 5.39447 2.5
      vertex 2.60941 6.00661 2.5
    endloop
  endfacet
  facet normal 0 0 1
    outer loop
      vertex 0.599991 7.57861 2.5
      vertex 2.60941 6.00661 2.5
      vertex 2.26433 6.55577 2.5
    endloop
  endfacet
  facet normal 0 0 1
    outer loop
      vertex 0.599991 7.57861 2.5
      vertex 2.26433 6.55577 2.5
      vertex 1.80568 7.0144 2.5
    endloop
  endfacet
  facet normal 0 0 1
    outer loop
      vertex 0.599991 7.57861 2.5
      vertex 1.80568 7.0144 2.5
      vertex 1.25662 7.35939 2.5
    endloop
  endfacet
  facet normal 0 0 1
    outer loop
      vertex 0.599991 7.57861 2.5
      vertex 1.25662 7.35939 2.5
      vertex 0.644409 7.57361 2.5
    endloop
  endfacet
  facet normal 0 0 1
    outer loop
      vertex 2.90001 4.71629 2.5
      vertex 0.599991 7.57861 2.5
      vertex 0.599991 0.0499878 2.5
    endloop
  endfacet
  facet normal 0 0 1
    outer loop
      vertex 2.90001 4.71629 2.5
      vertex 0.599991 0.0499878 2.5
      vertex 2.90001 0.0499878 2.5
    endloop
  endfacet
  facet normal 0 0 1
    outer loop
      vertex 15.6467 0.0627136 3.2
      vertex 15.6467 -0.0627136 3.2
      vertex 15.65 0 3.2
    endloop
  endfacet
  facet normal 0 0 1
    outer loop
      vertex 14.4467 0 3.2
      vertex 15.6467 0.0627136 3.2
      vertex 15.3178 3.19177 3.2
    endloop
  endfacet
  facet normal 0 0 1
    outer loop
      vertex 15.6467 0.0627136 3.2
      vertex 14.4467 0 3.2
      vertex 15.6467 -0.0627136 3.2
    endloop
  endfacet
  facet normal 0 0 1
    outer loop
      vertex 14.131 3.00357 3.2
      vertex 15.3178 3.19177 3.2
      vertex 15.308 3.2538 3.2
    endloop
  endfacet
  facet normal 0 0 1
    outer loop
      vertex 15.6467 -0.0627136 3.2
      vertex 14.4467 0 3.2
      vertex 15.3178 -3.19177 3.2
    endloop
  endfacet
  facet normal 0 0 1
    outer loop
      vertex 14.131 3.00357 3.2
      vertex 15.308 3.2538 3.2
      vertex 15.2917 3.31447 3.2
    endloop
  endfacet
  facet normal -0 0 1
    outer loop
      vertex 14.131 -3.00371 3.2
      vertex 15.3178 -3.19177 3.2
      vertex 14.4467 0 3.2
    endloop
  endfacet
  facet normal 0 0 1
    outer loop
      vertex 15.3178 -3.19177 3.2
      vertex 14.131 -3.00371 3.2
      vertex 15.308 -3.2538 3.2
    endloop
  endfacet
  facet normal 0 0 1
    outer loop
      vertex 14.131 3.00357 3.2
      vertex 15.2917 3.31447 3.2
      vertex 14.3195 6.30679 3.2
    endloop
  endfacet
  facet normal 0 0 1
    outer loop
      vertex 13.1977 5.87599 3.2
      vertex 14.3195 6.30679 3.2
      vertex 14.297 6.36542 3.2
    endloop
  endfacet
  facet normal 0 0 1
    outer loop
      vertex 13.1977 5.87599 3.2
      vertex 14.297 6.36542 3.2
      vertex 14.2685 6.42139 3.2
    endloop
  endfacet
  facet normal 0 0 1
    outer loop
      vertex 15.3178 3.19177 3.2
      vertex 14.131 3.00357 3.2
      vertex 14.4467 0 3.2
    endloop
  endfacet
  facet normal 0 0 1
    outer loop
      vertex 14.3195 6.30679 3.2
      vertex 13.1977 5.87599 3.2
      vertex 14.131 3.00357 3.2
    endloop
  endfacet
  facet normal 0 0 1
    outer loop
      vertex 12.6953 9.14615 3.2
      vertex 13.1977 5.87599 3.2
      vertex 14.2685 6.42139 3.2
    endloop
  endfacet
  facet normal 0 0 1
    outer loop
      vertex 11.6877 8.49144 3.2
      vertex 12.6953 9.14615 3.2
      vertex 12.6611 9.19882 3.2
    endloop
  endfacet
  facet normal 0 0 1
    outer loop
      vertex 11.6877 8.49144 3.2
      vertex 12.6611 9.19882 3.2
      vertex 12.6216 9.24765 3.2
    endloop
  endfacet
  facet normal 0 0 1
    outer loop
      vertex 12.6953 9.14615 3.2
      vertex 11.6877 8.49144 3.2
      vertex 13.1977 5.87599 3.2
    endloop
  endfacet
  facet normal 0 0 1
    outer loop
      vertex 10.5163 11.5858 3.2
      vertex 11.6877 8.49144 3.2
      vertex 12.6216 9.24765 3.2
    endloop
  endfacet
  facet normal 0 0 1
    outer loop
      vertex 9.66673 10.736 3.2
      vertex 10.5163 11.5858 3.2
      vertex 10.4719 11.6302 3.2
    endloop
  endfacet
  facet normal 0 0 1
    outer loop
      vertex 9.66673 10.736 3.2
      vertex 10.4719 11.6302 3.2
      vertex 10.4231 11.6697 3.2
    endloop
  endfacet
  facet normal 0 0 1
    outer loop
      vertex 10.5163 11.5858 3.2
      vertex 9.66673 10.736 3.2
      vertex 11.6877 8.49144 3.2
    endloop
  endfacet
  facet normal 0 0 1
    outer loop
      vertex 7.87766 13.5191 3.2
      vertex 9.66673 10.736 3.2
      vertex 10.4231 11.6697 3.2
    endloop
  endfacet
  facet normal 0 0 1
    outer loop
      vertex 7.22336 12.5112 3.2
      vertex 7.87766 13.5191 3.2
      vertex 7.82498 13.5533 3.2
    endloop
  endfacet
  facet normal 0 0 1
    outer loop
      vertex 7.22336 12.5112 3.2
      vertex 7.82498 13.5533 3.2
      vertex 7.76903 13.5818 3.2
    endloop
  endfacet
  facet normal 0 0 1
    outer loop
      vertex 7.87766 13.5191 3.2
      vertex 7.22336 12.5112 3.2
      vertex 9.66673 10.736 3.2
    endloop
  endfacet
  facet normal 0 0 1
    outer loop
      vertex 4.89473 14.8615 3.2
      vertex 7.22336 12.5112 3.2
      vertex 7.76903 13.5818 3.2
    endloop
  endfacet
  facet normal 0 0 1
    outer loop
      vertex 4.46432 13.7396 3.2
      vertex 4.89473 14.8615 3.2
      vertex 4.83611 14.884 3.2
    endloop
  endfacet
  facet normal 0 0 1
    outer loop
      vertex 4.46432 13.7396 3.2
      vertex 4.83611 14.884 3.2
      vertex 4.77544 14.9003 3.2
    endloop
  endfacet
  facet normal 0 0 1
    outer loop
      vertex 4.89473 14.8615 3.2
      vertex 4.46432 13.7396 3.2
      vertex 7.22336 12.5112 3.2
    endloop
  endfacet
  facet normal 0 0 1
    outer loop
      vertex 1.69789 15.5544 3.2
      vertex 4.46432 13.7396 3.2
      vertex 4.77544 14.9003 3.2
    endloop
  endfacet
  facet normal 0 0 1
    outer loop
      vertex 1.51015 14.3676 3.2
      vertex 1.69789 15.5544 3.2
      vertex 1.63586 15.5643 3.2
    endloop
  endfacet
  facet normal 0 0 1
    outer loop
      vertex 1.51015 14.3676 3.2
      vertex 1.63586 15.5643 3.2
      vertex 1.57315 15.5675 3.2
    endloop
  endfacet
  facet normal 0 0 1
    outer loop
      vertex 1.69789 15.5544 3.2
      vertex 1.51015 14.3676 3.2
      vertex 4.46432 13.7396 3.2
    endloop
  endfacet
  facet normal 0 0 1
    outer loop
      vertex 1.57315 15.5675 3.2
      vertex -1.51007 14.3676 3.2
      vertex 1.51015 14.3676 3.2
    endloop
  endfacet
  facet normal -0 0 1
    outer loop
      vertex -1.57315 15.5675 3.2
      vertex -1.51007 14.3676 3.2
      vertex 1.57315 15.5675 3.2
    endloop
  endfacet
  facet normal -0 0 1
    outer loop
      vertex -1.63586 15.5643 3.2
      vertex -1.51007 14.3676 3.2
      vertex -1.57315 15.5675 3.2
    endloop
  endfacet
  facet normal -0 0 1
    outer loop
      vertex -1.69789 15.5544 3.2
      vertex -1.51007 14.3676 3.2
      vertex -1.63586 15.5643 3.2
    endloop
  endfacet
  facet normal 0 0 1
    outer loop
      vertex -1.69789 15.5544 3.2
      vertex -4.46422 13.7397 3.2
      vertex -1.51007 14.3676 3.2
    endloop
  endfacet
  facet normal -0 0 1
    outer loop
      vertex -4.77544 14.9003 3.2
      vertex -4.46422 13.7397 3.2
      vertex -1.69789 15.5544 3.2
    endloop
  endfacet
  facet normal -0 0 1
    outer loop
      vertex -4.83611 14.884 3.2
      vertex -4.46422 13.7397 3.2
      vertex -4.77544 14.9003 3.2
    endloop
  endfacet
  facet normal -0 0 1
    outer loop
      vertex -4.89473 14.8615 3.2
      vertex -4.46422 13.7397 3.2
      vertex -4.83611 14.884 3.2
    endloop
  endfacet
  facet normal 0 0 1
    outer loop
      vertex -4.89473 14.8615 3.2
      vertex -7.22328 12.5112 3.2
      vertex -4.46422 13.7397 3.2
    endloop
  endfacet
  facet normal -0 0 1
    outer loop
      vertex -7.76903 13.5818 3.2
      vertex -7.22328 12.5112 3.2
      vertex -4.89473 14.8615 3.2
    endloop
  endfacet
  facet normal -0 0 1
    outer loop
      vertex -7.82498 13.5533 3.2
      vertex -7.22328 12.5112 3.2
      vertex -7.76903 13.5818 3.2
    endloop
  endfacet
  facet normal -0 0 1
    outer loop
      vertex -7.87767 13.5191 3.2
      vertex -7.22328 12.5112 3.2
      vertex -7.82498 13.5533 3.2
    endloop
  endfacet
  facet normal 0 0 1
    outer loop
      vertex -7.87767 13.5191 3.2
      vertex -9.6667 10.736 3.2
      vertex -7.22328 12.5112 3.2
    endloop
  endfacet
  facet normal -0 0 1
    outer loop
      vertex -10.4231 11.6697 3.2
      vertex -9.6667 10.736 3.2
      vertex -7.87767 13.5191 3.2
    endloop
  endfacet
  facet normal -0 0 1
    outer loop
      vertex -10.4719 11.6302 3.2
      vertex -9.6667 10.736 3.2
      vertex -10.4231 11.6697 3.2
    endloop
  endfacet
  facet normal -0 0 1
    outer loop
      vertex -10.5163 11.5858 3.2
      vertex -9.6667 10.736 3.2
      vertex -10.4719 11.6302 3.2
    endloop
  endfacet
  facet normal 0 0 1
    outer loop
      vertex -10.5163 11.5858 3.2
      vertex -11.6876 8.49161 3.2
      vertex -9.6667 10.736 3.2
    endloop
  endfacet
  facet normal -0 0 1
    outer loop
      vertex -12.6216 9.24763 3.2
      vertex -11.6876 8.49161 3.2
      vertex -10.5163 11.5858 3.2
    endloop
  endfacet
  facet normal -0 0 1
    outer loop
      vertex -12.6611 9.19882 3.2
      vertex -11.6876 8.49161 3.2
      vertex -12.6216 9.24763 3.2
    endloop
  endfacet
  facet normal -0 0 1
    outer loop
      vertex -12.6953 9.14615 3.2
      vertex -11.6876 8.49161 3.2
      vertex -12.6611 9.19882 3.2
    endloop
  endfacet
  facet normal 0 0 1
    outer loop
      vertex -12.6953 9.14615 3.2
      vertex -13.1977 5.87601 3.2
      vertex -11.6876 8.49161 3.2
    endloop
  endfacet
  facet normal -0 0 1
    outer loop
      vertex -14.2685 6.42137 3.2
      vertex -13.1977 5.87601 3.2
      vertex -12.6953 9.14615 3.2
    endloop
  endfacet
  facet normal -0 0 1
    outer loop
      vertex -14.3195 6.30678 3.2
      vertex -13.1977 5.87601 3.2
      vertex -14.2685 6.42137 3.2
    endloop
  endfacet
  facet normal 0 0 1
    outer loop
      vertex -14.3195 6.30678 3.2
      vertex -14.2685 6.42137 3.2
      vertex -14.297 6.36542 3.2
    endloop
  endfacet
  facet normal 0 0 1
    outer loop
      vertex -13.1977 5.87601 3.2
      vertex -14.3195 6.30678 3.2
      vertex -14.131 3.00363 3.2
    endloop
  endfacet
  facet normal -0 0 1
    outer loop
      vertex -15.2917 3.31447 3.2
      vertex -14.131 3.00363 3.2
      vertex -14.3195 6.30678 3.2
    endloop
  endfacet
  facet normal -0 0 1
    outer loop
      vertex -15.3178 3.19177 3.2
      vertex -14.131 3.00363 3.2
      vertex -15.2917 3.31447 3.2
    endloop
  endfacet
  facet normal 0 0 1
    outer loop
      vertex 15.308 -3.2538 3.2
      vertex 14.131 -3.00371 3.2
      vertex 15.2917 -3.31447 3.2
    endloop
  endfacet
  facet normal 0 0 1
    outer loop
      vertex 15.2917 -3.31447 3.2
      vertex 14.131 -3.00371 3.2
      vertex 14.3195 -6.30678 3.2
    endloop
  endfacet
  facet normal -0 0 1
    outer loop
      vertex 13.1977 -5.87601 3.2
      vertex 14.3195 -6.30678 3.2
      vertex 14.131 -3.00371 3.2
    endloop
  endfacet
  facet normal 0 0 1
    outer loop
      vertex 14.3195 -6.30678 3.2
      vertex 13.1977 -5.87601 3.2
      vertex 14.297 -6.36542 3.2
    endloop
  endfacet
  facet normal 0 0 1
    outer loop
      vertex 14.297 -6.36542 3.2
      vertex 13.1977 -5.87601 3.2
      vertex 14.2685 -6.42137 3.2
    endloop
  endfacet
  facet normal 0 0 1
    outer loop
      vertex 13.1977 -5.87601 3.2
      vertex 12.6953 -9.14615 3.2
      vertex 14.2685 -6.42137 3.2
    endloop
  endfacet
  facet normal -0 0 1
    outer loop
      vertex 11.6876 -8.49161 3.2
      vertex 12.6953 -9.14615 3.2
      vertex 13.1977 -5.87601 3.2
    endloop
  endfacet
  facet normal 0 0 1
    outer loop
      vertex 12.6953 -9.14615 3.2
      vertex 11.6876 -8.49161 3.2
      vertex 12.6611 -9.19882 3.2
    endloop
  endfacet
  facet normal 0 0 1
    outer loop
      vertex 12.6611 -9.19882 3.2
      vertex 11.6876 -8.49161 3.2
      vertex 12.6216 -9.24763 3.2
    endloop
  endfacet
  facet normal 0 0 1
    outer loop
      vertex 11.6876 -8.49161 3.2
      vertex 10.5163 -11.5858 3.2
      vertex 12.6216 -9.24763 3.2
    endloop
  endfacet
  facet normal -0 0 1
    outer loop
      vertex 9.6667 -10.736 3.2
      vertex 10.5163 -11.5858 3.2
      vertex 11.6876 -8.49161 3.2
    endloop
  endfacet
  facet normal 0 0 1
    outer loop
      vertex 10.5163 -11.5858 3.2
      vertex 9.6667 -10.736 3.2
      vertex 10.4719 -11.6302 3.2
    endloop
  endfacet
  facet normal 0 0 1
    outer loop
      vertex 10.4719 -11.6302 3.2
      vertex 9.6667 -10.736 3.2
      vertex 10.4231 -11.6697 3.2
    endloop
  endfacet
  facet normal 0 0 1
    outer loop
      vertex 9.6667 -10.736 3.2
      vertex 7.87767 -13.5191 3.2
      vertex 10.4231 -11.6697 3.2
    endloop
  endfacet
  facet normal -0 0 1
    outer loop
      vertex 7.22328 -12.5112 3.2
      vertex 7.87767 -13.5191 3.2
      vertex 9.6667 -10.736 3.2
    endloop
  endfacet
  facet normal 0 0 1
    outer loop
      vertex 7.87767 -13.5191 3.2
      vertex 7.22328 -12.5112 3.2
      vertex 7.82498 -13.5533 3.2
    endloop
  endfacet
  facet normal 0 0 1
    outer loop
      vertex 7.82498 -13.5533 3.2
      vertex 7.22328 -12.5112 3.2
      vertex 7.76903 -13.5818 3.2
    endloop
  endfacet
  facet normal 0 0 1
    outer loop
      vertex 7.22328 -12.5112 3.2
      vertex 4.89473 -14.8615 3.2
      vertex 7.76903 -13.5818 3.2
    endloop
  endfacet
  facet normal -0 0 1
    outer loop
      vertex 4.46422 -13.7397 3.2
      vertex 4.89473 -14.8615 3.2
      vertex 7.22328 -12.5112 3.2
    endloop
  endfacet
  facet normal 0 0 1
    outer loop
      vertex 4.89473 -14.8615 3.2
      vertex 4.46422 -13.7397 3.2
      vertex 4.83611 -14.884 3.2
    endloop
  endfacet
  facet normal 0 0 1
    outer loop
      vertex 4.83611 -14.884 3.2
      vertex 4.46422 -13.7397 3.2
      vertex 4.77544 -14.9003 3.2
    endloop
  endfacet
  facet normal 0 0 1
    outer loop
      vertex 4.46422 -13.7397 3.2
      vertex 1.69789 -15.5544 3.2
      vertex 4.77544 -14.9003 3.2
    endloop
  endfacet
  facet normal -0 0 1
    outer loop
      vertex 1.51007 -14.3676 3.2
      vertex 1.69789 -15.5544 3.2
      vertex 4.46422 -13.7397 3.2
    endloop
  endfacet
  facet normal 0 0 1
    outer loop
      vertex 1.69789 -15.5544 3.2
      vertex 1.51007 -14.3676 3.2
      vertex 1.63586 -15.5643 3.2
    endloop
  endfacet
  facet normal 0 0 1
    outer loop
      vertex 1.63586 -15.5643 3.2
      vertex 1.51007 -14.3676 3.2
      vertex 1.57315 -15.5675 3.2
    endloop
  endfacet
  facet normal -0 0 1
    outer loop
      vertex -1.51015 -14.3676 3.2
      vertex 1.57315 -15.5675 3.2
      vertex 1.51007 -14.3676 3.2
    endloop
  endfacet
  facet normal 0 0 1
    outer loop
      vertex -1.51015 -14.3676 3.2
      vertex -1.57315 -15.5675 3.2
      vertex 1.57315 -15.5675 3.2
    endloop
  endfacet
  facet normal 0 0 1
    outer loop
      vertex -1.51015 -14.3676 3.2
      vertex -1.63586 -15.5643 3.2
      vertex -1.57315 -15.5675 3.2
    endloop
  endfacet
  facet normal 0 0 1
    outer loop
      vertex -1.51015 -14.3676 3.2
      vertex -1.69789 -15.5544 3.2
      vertex -1.63586 -15.5643 3.2
    endloop
  endfacet
  facet normal 0 0 1
    outer loop
      vertex -4.46432 -13.7396 3.2
      vertex -1.69789 -15.5544 3.2
      vertex -1.51015 -14.3676 3.2
    endloop
  endfacet
  facet normal 0 0 1
    outer loop
      vertex -4.46432 -13.7396 3.2
      vertex -4.77544 -14.9003 3.2
      vertex -1.69789 -15.5544 3.2
    endloop
  endfacet
  facet normal 0 0 1
    outer loop
      vertex -4.46432 -13.7396 3.2
      vertex -4.83611 -14.884 3.2
      vertex -4.77544 -14.9003 3.2
    endloop
  endfacet
  facet normal 0 0 1
    outer loop
      vertex -4.46432 -13.7396 3.2
      vertex -4.89473 -14.8615 3.2
      vertex -4.83611 -14.884 3.2
    endloop
  endfacet
  facet normal 0 0 1
    outer loop
      vertex -7.22336 -12.5112 3.2
      vertex -4.89473 -14.8615 3.2
      vertex -4.46432 -13.7396 3.2
    endloop
  endfacet
  facet normal 0 0 1
    outer loop
      vertex -7.22336 -12.5112 3.2
      vertex -7.76903 -13.5818 3.2
      vertex -4.89473 -14.8615 3.2
    endloop
  endfacet
  facet normal 0 0 1
    outer loop
      vertex -7.22336 -12.5112 3.2
      vertex -7.82498 -13.5533 3.2
      vertex -7.76903 -13.5818 3.2
    endloop
  endfacet
  facet normal 0 0 1
    outer loop
      vertex -7.22336 -12.5112 3.2
      vertex -7.87766 -13.5191 3.2
      vertex -7.82498 -13.5533 3.2
    endloop
  endfacet
  facet normal 0 0 1
    outer loop
      vertex -9.66673 -10.736 3.2
      vertex -7.87766 -13.5191 3.2
      vertex -7.22336 -12.5112 3.2
    endloop
  endfacet
  facet normal 0 0 1
    outer loop
      vertex -9.66673 -10.736 3.2
      vertex -10.4231 -11.6697 3.2
      vertex -7.87766 -13.5191 3.2
    endloop
  endfacet
  facet normal 0 0 1
    outer loop
      vertex -9.66673 -10.736 3.2
      vertex -10.4719 -11.6302 3.2
      vertex -10.4231 -11.6697 3.2
    endloop
  endfacet
  facet normal 0 0 1
    outer loop
      vertex -9.66673 -10.736 3.2
      vertex -10.5163 -11.5858 3.2
      vertex -10.4719 -11.6302 3.2
    endloop
  endfacet
  facet normal 0 0 1
    outer loop
      vertex -11.6877 -8.49144 3.2
      vertex -10.5163 -11.5858 3.2
      vertex -9.66673 -10.736 3.2
    endloop
  endfacet
  facet normal 0 0 1
    outer loop
      vertex -11.6877 -8.49144 3.2
      vertex -12.6215 -9.24773 3.2
      vertex -10.5163 -11.5858 3.2
    endloop
  endfacet
  facet normal 0 0 1
    outer loop
      vertex -11.6877 -8.49144 3.2
      vertex -12.6611 -9.19882 3.2
      vertex -12.6215 -9.24773 3.2
    endloop
  endfacet
  facet normal 0 0 1
    outer loop
      vertex -11.6877 -8.49144 3.2
      vertex -12.6953 -9.14615 3.2
      vertex -12.6611 -9.19882 3.2
    endloop
  endfacet
  facet normal 0 0 1
    outer loop
      vertex -13.1977 -5.87599 3.2
      vertex -12.6953 -9.14615 3.2
      vertex -11.6877 -8.49144 3.2
    endloop
  endfacet
  facet normal 0 0 1
    outer loop
      vertex -14.3195 -6.30679 3.2
      vertex -13.1977 -5.87599 3.2
      vertex -14.131 -3.00357 3.2
    endloop
  endfacet
  facet normal 0 0 1
    outer loop
      vertex -13.1977 -5.87599 3.2
      vertex -14.2685 -6.42139 3.2
      vertex -12.6953 -9.14615 3.2
    endloop
  endfacet
  facet normal 0 0 1
    outer loop
      vertex -13.1977 -5.87599 3.2
      vertex -14.3195 -6.30679 3.2
      vertex -14.2685 -6.42139 3.2
    endloop
  endfacet
  facet normal 0 0 1
    outer loop
      vertex -14.2685 -6.42139 3.2
      vertex -14.3195 -6.30679 3.2
      vertex -14.297 -6.36542 3.2
    endloop
  endfacet
  facet normal 0 0 1
    outer loop
      vertex -15.3178 -3.19177 3.2
      vertex -14.131 -3.00357 3.2
      vertex -14.4467 0 3.2
    endloop
  endfacet
  facet normal 0 0 1
    outer loop
      vertex -14.131 3.00363 3.2
      vertex -15.3178 3.19177 3.2
      vertex -14.4467 0 3.2
    endloop
  endfacet
  facet normal 0 0 1
    outer loop
      vertex -14.131 -3.00357 3.2
      vertex -15.2917 -3.31447 3.2
      vertex -14.3195 -6.30679 3.2
    endloop
  endfacet
  facet normal 0 0 1
    outer loop
      vertex -15.3178 3.19177 3.2
      vertex -15.2917 3.31447 3.2
      vertex -15.308 3.2538 3.2
    endloop
  endfacet
  facet normal -0 0 1
    outer loop
      vertex -15.6467 0.0627136 3.2
      vertex -14.4467 0 3.2
      vertex -15.3178 3.19177 3.2
    endloop
  endfacet
  facet normal 0 0 1
    outer loop
      vertex -14.131 -3.00357 3.2
      vertex -15.3178 -3.19177 3.2
      vertex -15.2917 -3.31447 3.2
    endloop
  endfacet
  facet normal 0 0 1
    outer loop
      vertex -15.2917 -3.31447 3.2
      vertex -15.3178 -3.19177 3.2
      vertex -15.308 -3.2538 3.2
    endloop
  endfacet
  facet normal 0 0 1
    outer loop
      vertex -15.6467 -0.0627136 3.2
      vertex -14.4467 0 3.2
      vertex -15.6467 0.0627136 3.2
    endloop
  endfacet
  facet normal 0 0 1
    outer loop
      vertex -14.4467 0 3.2
      vertex -15.6467 -0.0627136 3.2
      vertex -15.3178 -3.19177 3.2
    endloop
  endfacet
  facet normal 0 -0 1
    outer loop
      vertex -15.6467 -0.0627136 3.2
      vertex -15.6467 0.0627136 3.2
      vertex -15.65 0 3.2
    endloop
  endfacet
  facet normal 0.157606 -0.987502 0
    outer loop
      vertex 1.63586 -15.5643 2.5
      vertex 1.69789 -15.5544 3.2
      vertex 1.63586 -15.5643 3.2
    endloop
  endfacet
  facet normal 0.157606 -0.987502 0
    outer loop
      vertex 1.69789 -15.5544 3.2
      vertex 1.63586 -15.5643 2.5
      vertex 1.69789 -15.5544 2.5
    endloop
  endfacet
  facet normal 0.207895 -0.978151 0
    outer loop
      vertex 1.69789 -15.5544 2.5
      vertex 4.77544 -14.9003 3.2
      vertex 1.69789 -15.5544 3.2
    endloop
  endfacet
  facet normal 0.207895 -0.978151 0
    outer loop
      vertex 4.77544 -14.9003 3.2
      vertex 1.69789 -15.5544 2.5
      vertex 4.77544 -14.9003 2.5
    endloop
  endfacet
  facet normal 0.259465 -0.965752 0
    outer loop
      vertex 4.77544 -14.9003 2.5
      vertex 4.83611 -14.884 3.2
      vertex 4.77544 -14.9003 3.2
    endloop
  endfacet
  facet normal 0.259465 -0.965752 0
    outer loop
      vertex 4.83611 -14.884 3.2
      vertex 4.77544 -14.9003 2.5
      vertex 4.83611 -14.884 2.5
    endloop
  endfacet
  facet normal 0.358339 -0.933592 0
    outer loop
      vertex 4.83611 -14.884 2.5
      vertex 4.89473 -14.8615 3.2
      vertex 4.83611 -14.884 3.2
    endloop
  endfacet
  facet normal 0.358339 -0.933592 0
    outer loop
      vertex 4.89473 -14.8615 3.2
      vertex 4.83611 -14.884 2.5
      vertex 4.89473 -14.8615 2.5
    endloop
  endfacet
  facet normal 0.406731 -0.913548 0
    outer loop
      vertex 4.89473 -14.8615 2.5
      vertex 7.76903 -13.5818 3.2
      vertex 4.89473 -14.8615 3.2
    endloop
  endfacet
  facet normal 0.406731 -0.913548 0
    outer loop
      vertex 7.76903 -13.5818 3.2
      vertex 4.89473 -14.8615 2.5
      vertex 7.76903 -13.5818 2.5
    endloop
  endfacet
  facet normal 0.45389 -0.891058 0
    outer loop
      vertex 7.76903 -13.5818 2.5
      vertex 7.82498 -13.5533 3.2
      vertex 7.76903 -13.5818 3.2
    endloop
  endfacet
  facet normal 0.45389 -0.891058 0
    outer loop
      vertex 7.82498 -13.5533 3.2
      vertex 7.76903 -13.5818 2.5
      vertex 7.82498 -13.5533 2.5
    endloop
  endfacet
  facet normal 0.544445 -0.838796 0
    outer loop
      vertex 7.82498 -13.5533 2.5
      vertex 7.87767 -13.5191 3.2
      vertex 7.82498 -13.5533 3.2
    endloop
  endfacet
  facet normal 0.544445 -0.838796 0
    outer loop
      vertex 7.87767 -13.5191 3.2
      vertex 7.82498 -13.5533 2.5
      vertex 7.87767 -13.5191 2.5
    endloop
  endfacet
  facet normal 0.587793 -0.809011 0
    outer loop
      vertex 7.87767 -13.5191 2.5
      vertex 10.4231 -11.6697 3.2
      vertex 7.87767 -13.5191 3.2
    endloop
  endfacet
  facet normal 0.587793 -0.809011 0
    outer loop
      vertex 10.4231 -11.6697 3.2
      vertex 7.87767 -13.5191 2.5
      vertex 10.4231 -11.6697 2.5
    endloop
  endfacet
  facet normal 0.629152 -0.777282 0
    outer loop
      vertex 10.4231 -11.6697 2.5
      vertex 10.4719 -11.6302 3.2
      vertex 10.4231 -11.6697 3.2
    endloop
  endfacet
  facet normal 0.629152 -0.777282 0
    outer loop
      vertex 10.4719 -11.6302 3.2
      vertex 10.4231 -11.6697 2.5
      vertex 10.4719 -11.6302 2.5
    endloop
  endfacet
  facet normal 0.707107 -0.707107 0
    outer loop
      vertex 10.4719 -11.6302 2.5
      vertex 10.5163 -11.5858 3.2
      vertex 10.4719 -11.6302 3.2
    endloop
  endfacet
  facet normal 0.707107 -0.707107 0
    outer loop
      vertex 10.5163 -11.5858 3.2
      vertex 10.4719 -11.6302 2.5
      vertex 10.5163 -11.5858 2.5
    endloop
  endfacet
  facet normal 0.743144 -0.669131 0
    outer loop
      vertex 10.5163 -11.5858 3.2
      vertex 12.6216 -9.24763 2.5
      vertex 12.6216 -9.24763 3.2
    endloop
  endfacet
  facet normal 0.743144 -0.669131 0
    outer loop
      vertex 12.6216 -9.24763 2.5
      vertex 10.5163 -11.5858 3.2
      vertex 10.5163 -11.5858 2.5
    endloop
  endfacet
  facet normal 0.777345 -0.629075 0
    outer loop
      vertex 12.6216 -9.24763 3.2
      vertex 12.6611 -9.19882 2.5
      vertex 12.6611 -9.19882 3.2
    endloop
  endfacet
  facet normal 0.777345 -0.629075 0
    outer loop
      vertex 12.6611 -9.19882 2.5
      vertex 12.6216 -9.24763 3.2
      vertex 12.6216 -9.24763 2.5
    endloop
  endfacet
  facet normal 0.838702 -0.544591 0
    outer loop
      vertex 12.6611 -9.19882 3.2
      vertex 12.6953 -9.14615 2.5
      vertex 12.6953 -9.14615 3.2
    endloop
  endfacet
  facet normal 0.838702 -0.544591 0
    outer loop
      vertex 12.6953 -9.14615 2.5
      vertex 12.6611 -9.19882 3.2
      vertex 12.6611 -9.19882 2.5
    endloop
  endfacet
  facet normal 0.866019 -0.500011 0
    outer loop
      vertex 12.6953 -9.14615 3.2
      vertex 14.2685 -6.42137 2.5
      vertex 14.2685 -6.42137 3.2
    endloop
  endfacet
  facet normal 0.866019 -0.500011 0
    outer loop
      vertex 14.2685 -6.42137 2.5
      vertex 12.6953 -9.14615 3.2
      vertex 12.6953 -9.14615 2.5
    endloop
  endfacet
  facet normal 0.891058 -0.45389 0
    outer loop
      vertex 14.2685 -6.42137 3.2
      vertex 14.297 -6.36542 2.5
      vertex 14.297 -6.36542 3.2
    endloop
  endfacet
  facet normal 0.891058 -0.45389 0
    outer loop
      vertex 14.297 -6.36542 2.5
      vertex 14.2685 -6.42137 3.2
      vertex 14.2685 -6.42137 2.5
    endloop
  endfacet
  facet normal 0.933633 -0.358232 0
    outer loop
      vertex 14.297 -6.36542 3.2
      vertex 14.3195 -6.30678 2.5
      vertex 14.3195 -6.30678 3.2
    endloop
  endfacet
  facet normal 0.933633 -0.358232 0
    outer loop
      vertex 14.3195 -6.30678 2.5
      vertex 14.297 -6.36542 3.2
      vertex 14.297 -6.36542 2.5
    endloop
  endfacet
  facet normal 0.951062 -0.309 0
    outer loop
      vertex 14.3195 -6.30678 3.2
      vertex 15.2917 -3.31447 2.5
      vertex 15.2917 -3.31447 3.2
    endloop
  endfacet
  facet normal 0.951062 -0.309 0
    outer loop
      vertex 15.2917 -3.31447 2.5
      vertex 14.3195 -6.30678 3.2
      vertex 14.3195 -6.30678 2.5
    endloop
  endfacet
  facet normal 0.965752 -0.259465 0
    outer loop
      vertex 15.2917 -3.31447 3.2
      vertex 15.308 -3.2538 2.5
      vertex 15.308 -3.2538 3.2
    endloop
  endfacet
  facet normal 0.965752 -0.259465 0
    outer loop
      vertex 15.308 -3.2538 2.5
      vertex 15.2917 -3.31447 3.2
      vertex 15.2917 -3.31447 2.5
    endloop
  endfacet
  facet normal 0.987749 -0.156053 0
    outer loop
      vertex 15.308 -3.2538 3.2
      vertex 15.3178 -3.19177 2.5
      vertex 15.3178 -3.19177 3.2
    endloop
  endfacet
  facet normal 0.987749 -0.156053 0
    outer loop
      vertex 15.3178 -3.19177 2.5
      vertex 15.308 -3.2538 3.2
      vertex 15.308 -3.2538 2.5
    endloop
  endfacet
  facet normal 0.994521 -0.104536 0
    outer loop
      vertex 15.3178 -3.19177 3.2
      vertex 15.6467 -0.0627136 2.5
      vertex 15.6467 -0.0627136 3.2
    endloop
  endfacet
  facet normal 0.994521 -0.104536 0
    outer loop
      vertex 15.6467 -0.0627136 2.5
      vertex 15.3178 -3.19177 3.2
      vertex 15.3178 -3.19177 2.5
    endloop
  endfacet
  facet normal 0.998618 -0.0525475 0
    outer loop
      vertex 15.6467 -0.0627136 3.2
      vertex 15.65 0 2.5
      vertex 15.65 0 3.2
    endloop
  endfacet
  facet normal 0.998618 -0.0525475 0
    outer loop
      vertex 15.65 0 2.5
      vertex 15.6467 -0.0627136 3.2
      vertex 15.6467 -0.0627136 2.5
    endloop
  endfacet
  facet normal 0.998618 0.0525475 0
    outer loop
      vertex 15.65 0 3.2
      vertex 15.6467 0.0627136 2.5
      vertex 15.6467 0.0627136 3.2
    endloop
  endfacet
  facet normal 0.998618 0.0525475 0
    outer loop
      vertex 15.6467 0.0627136 2.5
      vertex 15.65 0 3.2
      vertex 15.65 0 2.5
    endloop
  endfacet
  facet normal 0.994521 0.104536 0
    outer loop
      vertex 15.6467 0.0627136 3.2
      vertex 15.3178 3.19177 2.5
      vertex 15.3178 3.19177 3.2
    endloop
  endfacet
  facet normal 0.994521 0.104536 0
    outer loop
      vertex 15.3178 3.19177 2.5
      vertex 15.6467 0.0627136 3.2
      vertex 15.6467 0.0627136 2.5
    endloop
  endfacet
  facet normal 0.987749 0.156053 0
    outer loop
      vertex 15.3178 3.19177 3.2
      vertex 15.308 3.2538 2.5
      vertex 15.308 3.2538 3.2
    endloop
  endfacet
  facet normal 0.987749 0.156053 0
    outer loop
      vertex 15.308 3.2538 2.5
      vertex 15.3178 3.19177 3.2
      vertex 15.3178 3.19177 2.5
    endloop
  endfacet
  facet normal 0.965752 0.259465 0
    outer loop
      vertex 15.308 3.2538 3.2
      vertex 15.2917 3.31447 2.5
      vertex 15.2917 3.31447 3.2
    endloop
  endfacet
  facet normal 0.965752 0.259465 0
    outer loop
      vertex 15.2917 3.31447 2.5
      vertex 15.308 3.2538 3.2
      vertex 15.308 3.2538 2.5
    endloop
  endfacet
  facet normal 0.951062 0.308999 0
    outer loop
      vertex 15.2917 3.31447 3.2
      vertex 14.3195 6.30679 2.5
      vertex 14.3195 6.30679 3.2
    endloop
  endfacet
  facet normal 0.951062 0.308999 0
    outer loop
      vertex 14.3195 6.30679 2.5
      vertex 15.2917 3.31447 3.2
      vertex 15.2917 3.31447 2.5
    endloop
  endfacet
  facet normal 0.933612 0.358285 0
    outer loop
      vertex 14.3195 6.30679 3.2
      vertex 14.297 6.36542 2.5
      vertex 14.297 6.36542 3.2
    endloop
  endfacet
  facet normal 0.933612 0.358285 0
    outer loop
      vertex 14.297 6.36542 2.5
      vertex 14.3195 6.30679 3.2
      vertex 14.3195 6.30679 2.5
    endloop
  endfacet
  facet normal 0.891123 0.453761 0
    outer loop
      vertex 14.297 6.36542 3.2
      vertex 14.2685 6.42139 2.5
      vertex 14.2685 6.42139 3.2
    endloop
  endfacet
  facet normal 0.891123 0.453761 0
    outer loop
      vertex 14.2685 6.42139 2.5
      vertex 14.297 6.36542 3.2
      vertex 14.297 6.36542 2.5
    endloop
  endfacet
  facet normal 0.866017 0.500014 0
    outer loop
      vertex 14.2685 6.42139 3.2
      vertex 12.6953 9.14615 2.5
      vertex 12.6953 9.14615 3.2
    endloop
  endfacet
  facet normal 0.866017 0.500014 0
    outer loop
      vertex 12.6953 9.14615 2.5
      vertex 14.2685 6.42139 3.2
      vertex 14.2685 6.42139 2.5
    endloop
  endfacet
  facet normal 0.838702 0.544591 0
    outer loop
      vertex 12.6953 9.14615 3.2
      vertex 12.6611 9.19882 2.5
      vertex 12.6611 9.19882 3.2
    endloop
  endfacet
  facet normal 0.838702 0.544591 0
    outer loop
      vertex 12.6611 9.19882 2.5
      vertex 12.6953 9.14615 3.2
      vertex 12.6953 9.14615 2.5
    endloop
  endfacet
  facet normal 0.777471 0.628919 0
    outer loop
      vertex 12.6611 9.19882 3.2
      vertex 12.6216 9.24765 2.5
      vertex 12.6216 9.24765 3.2
    endloop
  endfacet
  facet normal 0.777471 0.628919 0
    outer loop
      vertex 12.6216 9.24765 2.5
      vertex 12.6611 9.19882 3.2
      vertex 12.6611 9.19882 2.5
    endloop
  endfacet
  facet normal 0.743142 0.669134 0
    outer loop
      vertex 12.6216 9.24765 3.2
      vertex 10.5163 11.5858 2.5
      vertex 10.5163 11.5858 3.2
    endloop
  endfacet
  facet normal 0.743142 0.669134 0
    outer loop
      vertex 10.5163 11.5858 2.5
      vertex 12.6216 9.24765 3.2
      vertex 12.6216 9.24765 2.5
    endloop
  endfacet
  facet normal 0.707107 0.707107 0
    outer loop
      vertex 10.5163 11.5858 3.2
      vertex 10.4719 11.6302 2.5
      vertex 10.4719 11.6302 3.2
    endloop
  endfacet
  facet normal 0.707107 0.707107 0
    outer loop
      vertex 10.4719 11.6302 2.5
      vertex 10.5163 11.5858 3.2
      vertex 10.5163 11.5858 2.5
    endloop
  endfacet
  facet normal 0.629152 0.777282 -0
    outer loop
      vertex 10.4719 11.6302 2.5
      vertex 10.4231 11.6697 3.2
      vertex 10.4719 11.6302 3.2
    endloop
  endfacet
  facet normal 0.629152 0.777282 0
    outer loop
      vertex 10.4231 11.6697 3.2
      vertex 10.4719 11.6302 2.5
      vertex 10.4231 11.6697 2.5
    endloop
  endfacet
  facet normal 0.587791 0.809013 -0
    outer loop
      vertex 10.4231 11.6697 2.5
      vertex 7.87766 13.5191 3.2
      vertex 10.4231 11.6697 3.2
    endloop
  endfacet
  facet normal 0.587791 0.809013 0
    outer loop
      vertex 7.87766 13.5191 3.2
      vertex 10.4231 11.6697 2.5
      vertex 7.87766 13.5191 2.5
    endloop
  endfacet
  facet normal 0.544518 0.838749 -0
    outer loop
      vertex 7.87766 13.5191 2.5
      vertex 7.82498 13.5533 3.2
      vertex 7.87766 13.5191 3.2
    endloop
  endfacet
  facet normal 0.544518 0.838749 0
    outer loop
      vertex 7.82498 13.5533 3.2
      vertex 7.87766 13.5191 2.5
      vertex 7.82498 13.5533 2.5
    endloop
  endfacet
  facet normal 0.45389 0.891058 -0
    outer loop
      vertex 7.82498 13.5533 2.5
      vertex 7.76903 13.5818 3.2
      vertex 7.82498 13.5533 3.2
    endloop
  endfacet
  facet normal 0.45389 0.891058 0
    outer loop
      vertex 7.76903 13.5818 3.2
      vertex 7.82498 13.5533 2.5
      vertex 7.76903 13.5818 2.5
    endloop
  endfacet
  facet normal 0.406731 0.913548 -0
    outer loop
      vertex 7.76903 13.5818 2.5
      vertex 4.89473 14.8615 3.2
      vertex 7.76903 13.5818 3.2
    endloop
  endfacet
  facet normal 0.406731 0.913548 0
    outer loop
      vertex 4.89473 14.8615 3.2
      vertex 7.76903 13.5818 2.5
      vertex 4.89473 14.8615 2.5
    endloop
  endfacet
  facet normal 0.358339 0.933592 -0
    outer loop
      vertex 4.89473 14.8615 2.5
      vertex 4.83611 14.884 3.2
      vertex 4.89473 14.8615 3.2
    endloop
  endfacet
  facet normal 0.358339 0.933592 0
    outer loop
      vertex 4.83611 14.884 3.2
      vertex 4.89473 14.8615 2.5
      vertex 4.83611 14.884 2.5
    endloop
  endfacet
  facet normal 0.259465 0.965752 -0
    outer loop
      vertex 4.83611 14.884 2.5
      vertex 4.77544 14.9003 3.2
      vertex 4.83611 14.884 3.2
    endloop
  endfacet
  facet normal 0.259465 0.965752 0
    outer loop
      vertex 4.77544 14.9003 3.2
      vertex 4.83611 14.884 2.5
      vertex 4.77544 14.9003 2.5
    endloop
  endfacet
  facet normal 0.207895 0.978151 -0
    outer loop
      vertex 4.77544 14.9003 2.5
      vertex 1.69789 15.5544 3.2
      vertex 4.77544 14.9003 3.2
    endloop
  endfacet
  facet normal 0.207895 0.978151 0
    outer loop
      vertex 1.69789 15.5544 3.2
      vertex 4.77544 14.9003 2.5
      vertex 1.69789 15.5544 2.5
    endloop
  endfacet
  facet normal 0.157606 0.987502 -0
    outer loop
      vertex 1.69789 15.5544 2.5
      vertex 1.63586 15.5643 3.2
      vertex 1.69789 15.5544 3.2
    endloop
  endfacet
  facet normal 0.157606 0.987502 0
    outer loop
      vertex 1.63586 15.5643 3.2
      vertex 1.69789 15.5544 2.5
      vertex 1.63586 15.5643 2.5
    endloop
  endfacet
  facet normal 0.0509622 0.998701 -0
    outer loop
      vertex 1.63586 15.5643 2.5
      vertex 1.57315 15.5675 3.2
      vertex 1.63586 15.5643 3.2
    endloop
  endfacet
  facet normal 0.0509622 0.998701 0
    outer loop
      vertex 1.57315 15.5675 3.2
      vertex 1.63586 15.5643 2.5
      vertex 1.57315 15.5675 2.5
    endloop
  endfacet
  facet normal 0 1 -0
    outer loop
      vertex 1.57315 15.5675 2.5
      vertex -1.57315 15.5675 3.2
      vertex 1.57315 15.5675 3.2
    endloop
  endfacet
  facet normal 0 1 0
    outer loop
      vertex -1.57315 15.5675 3.2
      vertex 1.57315 15.5675 2.5
      vertex -1.57315 15.5675 2.5
    endloop
  endfacet
  facet normal -0.0509622 0.998701 0
    outer loop
      vertex -1.57315 15.5675 2.5
      vertex -1.63586 15.5643 3.2
      vertex -1.57315 15.5675 3.2
    endloop
  endfacet
  facet normal -0.0509622 0.998701 0
    outer loop
      vertex -1.63586 15.5643 3.2
      vertex -1.57315 15.5675 2.5
      vertex -1.63586 15.5643 2.5
    endloop
  endfacet
  facet normal -0.157606 0.987502 0
    outer loop
      vertex -1.63586 15.5643 2.5
      vertex -1.69789 15.5544 3.2
      vertex -1.63586 15.5643 3.2
    endloop
  endfacet
  facet normal -0.157606 0.987502 0
    outer loop
      vertex -1.69789 15.5544 3.2
      vertex -1.63586 15.5643 2.5
      vertex -1.69789 15.5544 2.5
    endloop
  endfacet
  facet normal -0.207895 0.978151 0
    outer loop
      vertex -1.69789 15.5544 2.5
      vertex -4.77544 14.9003 3.2
      vertex -1.69789 15.5544 3.2
    endloop
  endfacet
  facet normal -0.207895 0.978151 0
    outer loop
      vertex -4.77544 14.9003 3.2
      vertex -1.69789 15.5544 2.5
      vertex -4.77544 14.9003 2.5
    endloop
  endfacet
  facet normal -0.259465 0.965752 0
    outer loop
      vertex -4.77544 14.9003 2.5
      vertex -4.83611 14.884 3.2
      vertex -4.77544 14.9003 3.2
    endloop
  endfacet
  facet normal -0.259465 0.965752 0
    outer loop
      vertex -4.83611 14.884 3.2
      vertex -4.77544 14.9003 2.5
      vertex -4.83611 14.884 2.5
    endloop
  endfacet
  facet normal -0.358339 0.933592 0
    outer loop
      vertex -4.83611 14.884 2.5
      vertex -4.89473 14.8615 3.2
      vertex -4.83611 14.884 3.2
    endloop
  endfacet
  facet normal -0.358339 0.933592 0
    outer loop
      vertex -4.89473 14.8615 3.2
      vertex -4.83611 14.884 2.5
      vertex -4.89473 14.8615 2.5
    endloop
  endfacet
  facet normal -0.406731 0.913548 0
    outer loop
      vertex -4.89473 14.8615 2.5
      vertex -7.76903 13.5818 3.2
      vertex -4.89473 14.8615 3.2
    endloop
  endfacet
  facet normal -0.406731 0.913548 0
    outer loop
      vertex -7.76903 13.5818 3.2
      vertex -4.89473 14.8615 2.5
      vertex -7.76903 13.5818 2.5
    endloop
  endfacet
  facet normal -0.45389 0.891058 0
    outer loop
      vertex -7.76903 13.5818 2.5
      vertex -7.82498 13.5533 3.2
      vertex -7.76903 13.5818 3.2
    endloop
  endfacet
  facet normal -0.45389 0.891058 0
    outer loop
      vertex -7.82498 13.5533 3.2
      vertex -7.76903 13.5818 2.5
      vertex -7.82498 13.5533 2.5
    endloop
  endfacet
  facet normal -0.544445 0.838796 0
    outer loop
      vertex -7.82498 13.5533 2.5
      vertex -7.87767 13.5191 3.2
      vertex -7.82498 13.5533 3.2
    endloop
  endfacet
  facet normal -0.544445 0.838796 0
    outer loop
      vertex -7.87767 13.5191 3.2
      vertex -7.82498 13.5533 2.5
      vertex -7.87767 13.5191 2.5
    endloop
  endfacet
  facet normal -0.587793 0.809011 0
    outer loop
      vertex -7.87767 13.5191 2.5
      vertex -10.4231 11.6697 3.2
      vertex -7.87767 13.5191 3.2
    endloop
  endfacet
  facet normal -0.587793 0.809011 0
    outer loop
      vertex -10.4231 11.6697 3.2
      vertex -7.87767 13.5191 2.5
      vertex -10.4231 11.6697 2.5
    endloop
  endfacet
  facet normal -0.629152 0.777282 0
    outer loop
      vertex -10.4231 11.6697 2.5
      vertex -10.4719 11.6302 3.2
      vertex -10.4231 11.6697 3.2
    endloop
  endfacet
  facet normal -0.629152 0.777282 0
    outer loop
      vertex -10.4719 11.6302 3.2
      vertex -10.4231 11.6697 2.5
      vertex -10.4719 11.6302 2.5
    endloop
  endfacet
  facet normal -0.707107 0.707107 0
    outer loop
      vertex -10.4719 11.6302 2.5
      vertex -10.5163 11.5858 3.2
      vertex -10.4719 11.6302 3.2
    endloop
  endfacet
  facet normal -0.707107 0.707107 0
    outer loop
      vertex -10.5163 11.5858 3.2
      vertex -10.4719 11.6302 2.5
      vertex -10.5163 11.5858 2.5
    endloop
  endfacet
  facet normal -0.743144 0.669131 0
    outer loop
      vertex -12.6216 9.24763 2.5
      vertex -10.5163 11.5858 3.2
      vertex -10.5163 11.5858 2.5
    endloop
  endfacet
  facet normal -0.743144 0.669131 0
    outer loop
      vertex -10.5163 11.5858 3.2
      vertex -12.6216 9.24763 2.5
      vertex -12.6216 9.24763 3.2
    endloop
  endfacet
  facet normal -0.777345 0.629075 0
    outer loop
      vertex -12.6611 9.19882 2.5
      vertex -12.6216 9.24763 3.2
      vertex -12.6216 9.24763 2.5
    endloop
  endfacet
  facet normal -0.777345 0.629075 0
    outer loop
      vertex -12.6216 9.24763 3.2
      vertex -12.6611 9.19882 2.5
      vertex -12.6611 9.19882 3.2
    endloop
  endfacet
  facet normal -0.838702 0.544591 0
    outer loop
      vertex -12.6953 9.14615 2.5
      vertex -12.6611 9.19882 3.2
      vertex -12.6611 9.19882 2.5
    endloop
  endfacet
  facet normal -0.838702 0.544591 0
    outer loop
      vertex -12.6611 9.19882 3.2
      vertex -12.6953 9.14615 2.5
      vertex -12.6953 9.14615 3.2
    endloop
  endfacet
  facet normal -0.866019 0.500011 0
    outer loop
      vertex -14.2685 6.42137 2.5
      vertex -12.6953 9.14615 3.2
      vertex -12.6953 9.14615 2.5
    endloop
  endfacet
  facet normal -0.866019 0.500011 0
    outer loop
      vertex -12.6953 9.14615 3.2
      vertex -14.2685 6.42137 2.5
      vertex -14.2685 6.42137 3.2
    endloop
  endfacet
  facet normal -0.891058 0.45389 0
    outer loop
      vertex -14.297 6.36542 2.5
      vertex -14.2685 6.42137 3.2
      vertex -14.2685 6.42137 2.5
    endloop
  endfacet
  facet normal -0.891058 0.45389 0
    outer loop
      vertex -14.2685 6.42137 3.2
      vertex -14.297 6.36542 2.5
      vertex -14.297 6.36542 3.2
    endloop
  endfacet
  facet normal -0.933633 0.358232 0
    outer loop
      vertex -14.3195 6.30678 2.5
      vertex -14.297 6.36542 3.2
      vertex -14.297 6.36542 2.5
    endloop
  endfacet
  facet normal -0.933633 0.358232 0
    outer loop
      vertex -14.297 6.36542 3.2
      vertex -14.3195 6.30678 2.5
      vertex -14.3195 6.30678 3.2
    endloop
  endfacet
  facet normal -0.951062 0.309 0
    outer loop
      vertex -15.2917 3.31447 2.5
      vertex -14.3195 6.30678 3.2
      vertex -14.3195 6.30678 2.5
    endloop
  endfacet
  facet normal -0.951062 0.309 0
    outer loop
      vertex -14.3195 6.30678 3.2
      vertex -15.2917 3.31447 2.5
      vertex -15.2917 3.31447 3.2
    endloop
  endfacet
  facet normal -0.965752 0.259465 0
    outer loop
      vertex -15.308 3.2538 2.5
      vertex -15.2917 3.31447 3.2
      vertex -15.2917 3.31447 2.5
    endloop
  endfacet
  facet normal -0.965752 0.259465 0
    outer loop
      vertex -15.2917 3.31447 3.2
      vertex -15.308 3.2538 2.5
      vertex -15.308 3.2538 3.2
    endloop
  endfacet
  facet normal -0.987749 0.156053 0
    outer loop
      vertex -15.3178 3.19177 2.5
      vertex -15.308 3.2538 3.2
      vertex -15.308 3.2538 2.5
    endloop
  endfacet
  facet normal -0.987749 0.156053 0
    outer loop
      vertex -15.308 3.2538 3.2
      vertex -15.3178 3.19177 2.5
      vertex -15.3178 3.19177 3.2
    endloop
  endfacet
  facet normal -0.994521 0.104536 0
    outer loop
      vertex -15.6467 0.0627136 2.5
      vertex -15.3178 3.19177 3.2
      vertex -15.3178 3.19177 2.5
    endloop
  endfacet
  facet normal -0.994521 0.104536 0
    outer loop
      vertex -15.3178 3.19177 3.2
      vertex -15.6467 0.0627136 2.5
      vertex -15.6467 0.0627136 3.2
    endloop
  endfacet
  facet normal -0.998618 0.0525475 0
    outer loop
      vertex -15.65 0 2.5
      vertex -15.6467 0.0627136 3.2
      vertex -15.6467 0.0627136 2.5
    endloop
  endfacet
  facet normal -0.998618 0.0525475 0
    outer loop
      vertex -15.6467 0.0627136 3.2
      vertex -15.65 0 2.5
      vertex -15.65 0 3.2
    endloop
  endfacet
  facet normal -0.998618 -0.0525475 0
    outer loop
      vertex -15.6467 -0.0627136 2.5
      vertex -15.65 0 3.2
      vertex -15.65 0 2.5
    endloop
  endfacet
  facet normal -0.998618 -0.0525475 0
    outer loop
      vertex -15.65 0 3.2
      vertex -15.6467 -0.0627136 2.5
      vertex -15.6467 -0.0627136 3.2
    endloop
  endfacet
  facet normal -0.994521 -0.104536 0
    outer loop
      vertex -15.3178 -3.19177 2.5
      vertex -15.6467 -0.0627136 3.2
      vertex -15.6467 -0.0627136 2.5
    endloop
  endfacet
  facet normal -0.994521 -0.104536 0
    outer loop
      vertex -15.6467 -0.0627136 3.2
      vertex -15.3178 -3.19177 2.5
      vertex -15.3178 -3.19177 3.2
    endloop
  endfacet
  facet normal -0.987749 -0.156053 0
    outer loop
      vertex -15.308 -3.2538 2.5
      vertex -15.3178 -3.19177 3.2
      vertex -15.3178 -3.19177 2.5
    endloop
  endfacet
  facet normal -0.987749 -0.156053 0
    outer loop
      vertex -15.3178 -3.19177 3.2
      vertex -15.308 -3.2538 2.5
      vertex -15.308 -3.2538 3.2
    endloop
  endfacet
  facet normal -0.965752 -0.259465 0
    outer loop
      vertex -15.2917 -3.31447 2.5
      vertex -15.308 -3.2538 3.2
      vertex -15.308 -3.2538 2.5
    endloop
  endfacet
  facet normal -0.965752 -0.259465 0
    outer loop
      vertex -15.308 -3.2538 3.2
      vertex -15.2917 -3.31447 2.5
      vertex -15.2917 -3.31447 3.2
    endloop
  endfacet
  facet normal -0.951062 -0.308999 0
    outer loop
      vertex -14.3195 -6.30679 2.5
      vertex -15.2917 -3.31447 3.2
      vertex -15.2917 -3.31447 2.5
    endloop
  endfacet
  facet normal -0.951062 -0.308999 0
    outer loop
      vertex -15.2917 -3.31447 3.2
      vertex -14.3195 -6.30679 2.5
      vertex -14.3195 -6.30679 3.2
    endloop
  endfacet
  facet normal -0.933612 -0.358285 0
    outer loop
      vertex -14.297 -6.36542 2.5
      vertex -14.3195 -6.30679 3.2
      vertex -14.3195 -6.30679 2.5
    endloop
  endfacet
  facet normal -0.933612 -0.358285 0
    outer loop
      vertex -14.3195 -6.30679 3.2
      vertex -14.297 -6.36542 2.5
      vertex -14.297 -6.36542 3.2
    endloop
  endfacet
  facet normal -0.891123 -0.453761 0
    outer loop
      vertex -14.2685 -6.42139 2.5
      vertex -14.297 -6.36542 3.2
      vertex -14.297 -6.36542 2.5
    endloop
  endfacet
  facet normal -0.891123 -0.453761 0
    outer loop
      vertex -14.297 -6.36542 3.2
      vertex -14.2685 -6.42139 2.5
      vertex -14.2685 -6.42139 3.2
    endloop
  endfacet
  facet normal -0.866017 -0.500014 0
    outer loop
      vertex -12.6953 -9.14615 2.5
      vertex -14.2685 -6.42139 3.2
      vertex -14.2685 -6.42139 2.5
    endloop
  endfacet
  facet normal -0.866017 -0.500014 0
    outer loop
      vertex -14.2685 -6.42139 3.2
      vertex -12.6953 -9.14615 2.5
      vertex -12.6953 -9.14615 3.2
    endloop
  endfacet
  facet normal -0.838702 -0.544591 0
    outer loop
      vertex -12.6611 -9.19882 2.5
      vertex -12.6953 -9.14615 3.2
      vertex -12.6953 -9.14615 2.5
    endloop
  endfacet
  facet normal -0.838702 -0.544591 0
    outer loop
      vertex -12.6953 -9.14615 3.2
      vertex -12.6611 -9.19882 2.5
      vertex -12.6611 -9.19882 3.2
    endloop
  endfacet
  facet normal -0.777197 -0.629258 0
    outer loop
      vertex -12.6215 -9.24773 2.5
      vertex -12.6611 -9.19882 3.2
      vertex -12.6611 -9.19882 2.5
    endloop
  endfacet
  facet normal -0.777197 -0.629258 0
    outer loop
      vertex -12.6611 -9.19882 3.2
      vertex -12.6215 -9.24773 2.5
      vertex -12.6215 -9.24773 3.2
    endloop
  endfacet
  facet normal -0.743146 -0.669129 0
    outer loop
      vertex -10.5163 -11.5858 2.5
      vertex -12.6215 -9.24773 3.2
      vertex -12.6215 -9.24773 2.5
    endloop
  endfacet
  facet normal -0.743146 -0.669129 0
    outer loop
      vertex -12.6215 -9.24773 3.2
      vertex -10.5163 -11.5858 2.5
      vertex -10.5163 -11.5858 3.2
    endloop
  endfacet
  facet normal -0.707107 -0.707107 0
    outer loop
      vertex -10.4719 -11.6302 2.5
      vertex -10.5163 -11.5858 3.2
      vertex -10.5163 -11.5858 2.5
    endloop
  endfacet
  facet normal -0.707107 -0.707107 0
    outer loop
      vertex -10.5163 -11.5858 3.2
      vertex -10.4719 -11.6302 2.5
      vertex -10.4719 -11.6302 3.2
    endloop
  endfacet
  facet normal -0.629152 -0.777282 0
    outer loop
      vertex -10.4719 -11.6302 2.5
      vertex -10.4231 -11.6697 3.2
      vertex -10.4719 -11.6302 3.2
    endloop
  endfacet
  facet normal -0.629152 -0.777282 -0
    outer loop
      vertex -10.4231 -11.6697 3.2
      vertex -10.4719 -11.6302 2.5
      vertex -10.4231 -11.6697 2.5
    endloop
  endfacet
  facet normal -0.587791 -0.809013 0
    outer loop
      vertex -10.4231 -11.6697 2.5
      vertex -7.87766 -13.5191 3.2
      vertex -10.4231 -11.6697 3.2
    endloop
  endfacet
  facet normal -0.587791 -0.809013 -0
    outer loop
      vertex -7.87766 -13.5191 3.2
      vertex -10.4231 -11.6697 2.5
      vertex -7.87766 -13.5191 2.5
    endloop
  endfacet
  facet normal -0.544518 -0.838749 0
    outer loop
      vertex -7.87766 -13.5191 2.5
      vertex -7.82498 -13.5533 3.2
      vertex -7.87766 -13.5191 3.2
    endloop
  endfacet
  facet normal -0.544518 -0.838749 -0
    outer loop
      vertex -7.82498 -13.5533 3.2
      vertex -7.87766 -13.5191 2.5
      vertex -7.82498 -13.5533 2.5
    endloop
  endfacet
  facet normal -0.45389 -0.891058 0
    outer loop
      vertex -7.82498 -13.5533 2.5
      vertex -7.76903 -13.5818 3.2
      vertex -7.82498 -13.5533 3.2
    endloop
  endfacet
  facet normal -0.45389 -0.891058 -0
    outer loop
      vertex -7.76903 -13.5818 3.2
      vertex -7.82498 -13.5533 2.5
      vertex -7.76903 -13.5818 2.5
    endloop
  endfacet
  facet normal -0.406731 -0.913548 0
    outer loop
      vertex -7.76903 -13.5818 2.5
      vertex -4.89473 -14.8615 3.2
      vertex -7.76903 -13.5818 3.2
    endloop
  endfacet
  facet normal -0.406731 -0.913548 -0
    outer loop
      vertex -4.89473 -14.8615 3.2
      vertex -7.76903 -13.5818 2.5
      vertex -4.89473 -14.8615 2.5
    endloop
  endfacet
  facet normal -0.358339 -0.933592 0
    outer loop
      vertex -4.89473 -14.8615 2.5
      vertex -4.83611 -14.884 3.2
      vertex -4.89473 -14.8615 3.2
    endloop
  endfacet
  facet normal -0.358339 -0.933592 -0
    outer loop
      vertex -4.83611 -14.884 3.2
      vertex -4.89473 -14.8615 2.5
      vertex -4.83611 -14.884 2.5
    endloop
  endfacet
  facet normal -0.259465 -0.965752 0
    outer loop
      vertex -4.83611 -14.884 2.5
      vertex -4.77544 -14.9003 3.2
      vertex -4.83611 -14.884 3.2
    endloop
  endfacet
  facet normal -0.259465 -0.965752 -0
    outer loop
      vertex -4.77544 -14.9003 3.2
      vertex -4.83611 -14.884 2.5
      vertex -4.77544 -14.9003 2.5
    endloop
  endfacet
  facet normal -0.207895 -0.978151 0
    outer loop
      vertex -4.77544 -14.9003 2.5
      vertex -1.69789 -15.5544 3.2
      vertex -4.77544 -14.9003 3.2
    endloop
  endfacet
  facet normal -0.207895 -0.978151 -0
    outer loop
      vertex -1.69789 -15.5544 3.2
      vertex -4.77544 -14.9003 2.5
      vertex -1.69789 -15.5544 2.5
    endloop
  endfacet
  facet normal -0.157606 -0.987502 0
    outer loop
      vertex -1.69789 -15.5544 2.5
      vertex -1.63586 -15.5643 3.2
      vertex -1.69789 -15.5544 3.2
    endloop
  endfacet
  facet normal -0.157606 -0.987502 -0
    outer loop
      vertex -1.63586 -15.5643 3.2
      vertex -1.69789 -15.5544 2.5
      vertex -1.63586 -15.5643 2.5
    endloop
  endfacet
  facet normal -0.0509622 -0.998701 0
    outer loop
      vertex -1.63586 -15.5643 2.5
      vertex -1.57315 -15.5675 3.2
      vertex -1.63586 -15.5643 3.2
    endloop
  endfacet
  facet normal -0.0509622 -0.998701 -0
    outer loop
      vertex -1.57315 -15.5675 3.2
      vertex -1.63586 -15.5643 2.5
      vertex -1.57315 -15.5675 2.5
    endloop
  endfacet
  facet normal 0 -1 0
    outer loop
      vertex -1.57315 -15.5675 2.5
      vertex 1.57315 -15.5675 3.2
      vertex -1.57315 -15.5675 3.2
    endloop
  endfacet
  facet normal 0 -1 -0
    outer loop
      vertex 1.57315 -15.5675 3.2
      vertex -1.57315 -15.5675 2.5
      vertex 1.57315 -15.5675 2.5
    endloop
  endfacet
  facet normal 0.0509622 -0.998701 0
    outer loop
      vertex 1.57315 -15.5675 2.5
      vertex 1.63586 -15.5643 3.2
      vertex 1.57315 -15.5675 3.2
    endloop
  endfacet
  facet normal 0.0509622 -0.998701 0
    outer loop
      vertex 1.63586 -15.5643 3.2
      vertex 1.57315 -15.5675 2.5
      vertex 1.63586 -15.5643 2.5
    endloop
  endfacet
  facet normal 0.207934 0.978143 -0
    outer loop
      vertex -1.51015 -14.3676 2.5
      vertex -4.46432 -13.7396 3.2
      vertex -1.51015 -14.3676 3.2
    endloop
  endfacet
  facet normal 0.207934 0.978143 0
    outer loop
      vertex -4.46432 -13.7396 3.2
      vertex -1.51015 -14.3676 2.5
      vertex -4.46432 -13.7396 2.5
    endloop
  endfacet
  facet normal 0.406736 0.913546 -0
    outer loop
      vertex -4.46432 -13.7396 2.5
      vertex -7.22336 -12.5112 3.2
      vertex -4.46432 -13.7396 3.2
    endloop
  endfacet
  facet normal 0.406736 0.913546 0
    outer loop
      vertex -7.22336 -12.5112 3.2
      vertex -4.46432 -13.7396 2.5
      vertex -7.22336 -12.5112 2.5
    endloop
  endfacet
  facet normal 0.587783 0.809019 -0
    outer loop
      vertex -7.22336 -12.5112 2.5
      vertex -9.66673 -10.736 3.2
      vertex -7.22336 -12.5112 3.2
    endloop
  endfacet
  facet normal 0.587783 0.809019 0
    outer loop
      vertex -9.66673 -10.736 3.2
      vertex -7.22336 -12.5112 2.5
      vertex -9.66673 -10.736 2.5
    endloop
  endfacet
  facet normal 0.743152 0.669123 0
    outer loop
      vertex -9.66673 -10.736 3.2
      vertex -11.6877 -8.49144 2.5
      vertex -11.6877 -8.49144 3.2
    endloop
  endfacet
  facet normal 0.743152 0.669123 0
    outer loop
      vertex -11.6877 -8.49144 2.5
      vertex -9.66673 -10.736 3.2
      vertex -9.66673 -10.736 2.5
    endloop
  endfacet
  facet normal 0.86603 0.499992 0
    outer loop
      vertex -11.6877 -8.49144 3.2
      vertex -13.1977 -5.87599 2.5
      vertex -13.1977 -5.87599 3.2
    endloop
  endfacet
  facet normal 0.86603 0.499992 0
    outer loop
      vertex -13.1977 -5.87599 2.5
      vertex -11.6877 -8.49144 3.2
      vertex -11.6877 -8.49144 2.5
    endloop
  endfacet
  facet normal 0.951057 0.309015 0
    outer loop
      vertex -13.1977 -5.87599 3.2
      vertex -14.131 -3.00357 2.5
      vertex -14.131 -3.00357 3.2
    endloop
  endfacet
  facet normal 0.951057 0.309015 0
    outer loop
      vertex -14.131 -3.00357 2.5
      vertex -13.1977 -5.87599 3.2
      vertex -13.1977 -5.87599 2.5
    endloop
  endfacet
  facet normal 0.994521 0.104532 0
    outer loop
      vertex -14.131 -3.00357 3.2
      vertex -14.4467 0 2.5
      vertex -14.4467 0 3.2
    endloop
  endfacet
  facet normal 0.994521 0.104532 0
    outer loop
      vertex -14.4467 0 2.5
      vertex -14.131 -3.00357 3.2
      vertex -14.131 -3.00357 2.5
    endloop
  endfacet
  facet normal 0.994522 -0.10453 0
    outer loop
      vertex -14.4467 0 3.2
      vertex -14.131 3.00363 2.5
      vertex -14.131 3.00363 3.2
    endloop
  endfacet
  facet normal 0.994522 -0.10453 0
    outer loop
      vertex -14.131 3.00363 2.5
      vertex -14.4467 0 3.2
      vertex -14.4467 0 2.5
    endloop
  endfacet
  facet normal 0.951056 -0.309019 0
    outer loop
      vertex -14.131 3.00363 3.2
      vertex -13.1977 5.87601 2.5
      vertex -13.1977 5.87601 3.2
    endloop
  endfacet
  facet normal 0.951056 -0.309019 0
    outer loop
      vertex -13.1977 5.87601 2.5
      vertex -14.131 3.00363 3.2
      vertex -14.131 3.00363 2.5
    endloop
  endfacet
  facet normal 0.866028 -0.499996 0
    outer loop
      vertex -13.1977 5.87601 3.2
      vertex -11.6876 8.49161 2.5
      vertex -11.6876 8.49161 3.2
    endloop
  endfacet
  facet normal 0.866028 -0.499996 0
    outer loop
      vertex -11.6876 8.49161 2.5
      vertex -13.1977 5.87601 3.2
      vertex -13.1977 5.87601 2.5
    endloop
  endfacet
  facet normal 0.743138 -0.669138 0
    outer loop
      vertex -11.6876 8.49161 3.2
      vertex -9.6667 10.736 2.5
      vertex -9.6667 10.736 3.2
    endloop
  endfacet
  facet normal 0.743138 -0.669138 0
    outer loop
      vertex -9.6667 10.736 2.5
      vertex -11.6876 8.49161 3.2
      vertex -11.6876 8.49161 2.5
    endloop
  endfacet
  facet normal 0.587775 -0.809025 0
    outer loop
      vertex -9.6667 10.736 2.5
      vertex -7.22328 12.5112 3.2
      vertex -9.6667 10.736 3.2
    endloop
  endfacet
  facet normal 0.587775 -0.809025 0
    outer loop
      vertex -7.22328 12.5112 3.2
      vertex -9.6667 10.736 2.5
      vertex -7.22328 12.5112 2.5
    endloop
  endfacet
  facet normal 0.406761 -0.913535 0
    outer loop
      vertex -7.22328 12.5112 2.5
      vertex -4.46422 13.7397 3.2
      vertex -7.22328 12.5112 3.2
    endloop
  endfacet
  facet normal 0.406761 -0.913535 0
    outer loop
      vertex -4.46422 13.7397 3.2
      vertex -7.22328 12.5112 2.5
      vertex -4.46422 13.7397 2.5
    endloop
  endfacet
  facet normal 0.207904 -0.978149 0
    outer loop
      vertex -4.46422 13.7397 2.5
      vertex -1.51007 14.3676 3.2
      vertex -4.46422 13.7397 3.2
    endloop
  endfacet
  facet normal 0.207904 -0.978149 0
    outer loop
      vertex -1.51007 14.3676 3.2
      vertex -4.46422 13.7397 2.5
      vertex -1.51007 14.3676 2.5
    endloop
  endfacet
  facet normal 0 -1 0
    outer loop
      vertex -1.51007 14.3676 2.5
      vertex 1.51015 14.3676 3.2
      vertex -1.51007 14.3676 3.2
    endloop
  endfacet
  facet normal 0 -1 -0
    outer loop
      vertex 1.51015 14.3676 3.2
      vertex -1.51007 14.3676 2.5
      vertex 1.51015 14.3676 2.5
    endloop
  endfacet
  facet normal -0.207934 -0.978143 0
    outer loop
      vertex 1.51015 14.3676 2.5
      vertex 4.46432 13.7396 3.2
      vertex 1.51015 14.3676 3.2
    endloop
  endfacet
  facet normal -0.207934 -0.978143 -0
    outer loop
      vertex 4.46432 13.7396 3.2
      vertex 1.51015 14.3676 2.5
      vertex 4.46432 13.7396 2.5
    endloop
  endfacet
  facet normal -0.406736 -0.913546 0
    outer loop
      vertex 4.46432 13.7396 2.5
      vertex 7.22336 12.5112 3.2
      vertex 4.46432 13.7396 3.2
    endloop
  endfacet
  facet normal -0.406736 -0.913546 -0
    outer loop
      vertex 7.22336 12.5112 3.2
      vertex 4.46432 13.7396 2.5
      vertex 7.22336 12.5112 2.5
    endloop
  endfacet
  facet normal -0.587783 -0.809019 0
    outer loop
      vertex 7.22336 12.5112 2.5
      vertex 9.66673 10.736 3.2
      vertex 7.22336 12.5112 3.2
    endloop
  endfacet
  facet normal -0.587783 -0.809019 -0
    outer loop
      vertex 9.66673 10.736 3.2
      vertex 7.22336 12.5112 2.5
      vertex 9.66673 10.736 2.5
    endloop
  endfacet
  facet normal -0.743152 -0.669123 0
    outer loop
      vertex 11.6877 8.49144 2.5
      vertex 9.66673 10.736 3.2
      vertex 9.66673 10.736 2.5
    endloop
  endfacet
  facet normal -0.743152 -0.669123 0
    outer loop
      vertex 9.66673 10.736 3.2
      vertex 11.6877 8.49144 2.5
      vertex 11.6877 8.49144 3.2
    endloop
  endfacet
  facet normal -0.86603 -0.499992 0
    outer loop
      vertex 13.1977 5.87599 2.5
      vertex 11.6877 8.49144 3.2
      vertex 11.6877 8.49144 2.5
    endloop
  endfacet
  facet normal -0.86603 -0.499992 0
    outer loop
      vertex 11.6877 8.49144 3.2
      vertex 13.1977 5.87599 2.5
      vertex 13.1977 5.87599 3.2
    endloop
  endfacet
  facet normal -0.951057 -0.309015 0
    outer loop
      vertex 14.131 3.00357 2.5
      vertex 13.1977 5.87599 3.2
      vertex 13.1977 5.87599 2.5
    endloop
  endfacet
  facet normal -0.951057 -0.309015 0
    outer loop
      vertex 13.1977 5.87599 3.2
      vertex 14.131 3.00357 2.5
      vertex 14.131 3.00357 3.2
    endloop
  endfacet
  facet normal -0.994521 -0.104532 0
    outer loop
      vertex 14.4467 0 2.5
      vertex 14.131 3.00357 3.2
      vertex 14.131 3.00357 2.5
    endloop
  endfacet
  facet normal -0.994521 -0.104532 0
    outer loop
      vertex 14.131 3.00357 3.2
      vertex 14.4467 0 2.5
      vertex 14.4467 0 3.2
    endloop
  endfacet
  facet normal -0.994522 0.104528 0
    outer loop
      vertex 14.131 -3.00371 2.5
      vertex 14.4467 0 3.2
      vertex 14.4467 0 2.5
    endloop
  endfacet
  facet normal -0.994522 0.104528 0
    outer loop
      vertex 14.4467 0 3.2
      vertex 14.131 -3.00371 2.5
      vertex 14.131 -3.00371 3.2
    endloop
  endfacet
  facet normal -0.951053 0.309027 0
    outer loop
      vertex 13.1977 -5.87601 2.5
      vertex 14.131 -3.00371 3.2
      vertex 14.131 -3.00371 2.5
    endloop
  endfacet
  facet normal -0.951053 0.309027 0
    outer loop
      vertex 14.131 -3.00371 3.2
      vertex 13.1977 -5.87601 2.5
      vertex 13.1977 -5.87601 3.2
    endloop
  endfacet
  facet normal -0.866028 0.499996 0
    outer loop
      vertex 11.6876 -8.49161 2.5
      vertex 13.1977 -5.87601 3.2
      vertex 13.1977 -5.87601 2.5
    endloop
  endfacet
  facet normal -0.866028 0.499996 0
    outer loop
      vertex 13.1977 -5.87601 3.2
      vertex 11.6876 -8.49161 2.5
      vertex 11.6876 -8.49161 3.2
    endloop
  endfacet
  facet normal -0.743138 0.669138 0
    outer loop
      vertex 9.6667 -10.736 2.5
      vertex 11.6876 -8.49161 3.2
      vertex 11.6876 -8.49161 2.5
    endloop
  endfacet
  facet normal -0.743138 0.669138 0
    outer loop
      vertex 11.6876 -8.49161 3.2
      vertex 9.6667 -10.736 2.5
      vertex 9.6667 -10.736 3.2
    endloop
  endfacet
  facet normal -0.587775 0.809025 0
    outer loop
      vertex 9.6667 -10.736 2.5
      vertex 7.22328 -12.5112 3.2
      vertex 9.6667 -10.736 3.2
    endloop
  endfacet
  facet normal -0.587775 0.809025 0
    outer loop
      vertex 7.22328 -12.5112 3.2
      vertex 9.6667 -10.736 2.5
      vertex 7.22328 -12.5112 2.5
    endloop
  endfacet
  facet normal -0.406761 0.913535 0
    outer loop
      vertex 7.22328 -12.5112 2.5
      vertex 4.46422 -13.7397 3.2
      vertex 7.22328 -12.5112 3.2
    endloop
  endfacet
  facet normal -0.406761 0.913535 0
    outer loop
      vertex 4.46422 -13.7397 3.2
      vertex 7.22328 -12.5112 2.5
      vertex 4.46422 -13.7397 2.5
    endloop
  endfacet
  facet normal -0.207904 0.978149 0
    outer loop
      vertex 4.46422 -13.7397 2.5
      vertex 1.51007 -14.3676 3.2
      vertex 4.46422 -13.7397 3.2
    endloop
  endfacet
  facet normal -0.207904 0.978149 0
    outer loop
      vertex 1.51007 -14.3676 3.2
      vertex 4.46422 -13.7397 2.5
      vertex 1.51007 -14.3676 2.5
    endloop
  endfacet
  facet normal 0 1 -0
    outer loop
      vertex 1.51007 -14.3676 2.5
      vertex -1.51015 -14.3676 3.2
      vertex 1.51007 -14.3676 3.2
    endloop
  endfacet
  facet normal 0 1 0
    outer loop
      vertex -1.51015 -14.3676 3.2
      vertex 1.51007 -14.3676 2.5
      vertex -1.51015 -14.3676 2.5
    endloop
  endfacet
  facet normal -0 0 1
    outer loop
      vertex 0.599991 -2.35001 3.2
      vertex 2.90001 -3.54999 3.2
      vertex 2.90001 -2.35001 3.2
    endloop
  endfacet
  facet normal 0 0 1
    outer loop
      vertex 2.90001 -3.54999 3.2
      vertex 0.599991 -2.35001 3.2
      vertex 0.599991 -3.54999 3.2
    endloop
  endfacet
  facet normal -0 0 1
    outer loop
      vertex 0.599991 0.0499878 3.2
      vertex 2.90001 -1.14999 3.2
      vertex 2.90001 0.0499878 3.2
    endloop
  endfacet
  facet normal 0 0 1
    outer loop
      vertex 2.90001 -1.14999 3.2
      vertex 0.599991 0.0499878 3.2
      vertex 0.599991 -1.14999 3.2
    endloop
  endfacet
  facet normal 0 0 1
    outer loop
      vertex 2.90001 4.71629 3.2
      vertex 4.09999 4.75 3.2
      vertex 4.09647 4.7836 3.2
    endloop
  endfacet
  facet normal 0 0 1
    outer loop
      vertex 2.90001 4.71629 3.2
      vertex 4.09647 4.7836 3.2
      vertex 4.09621 4.81718 3.2
    endloop
  endfacet
  facet normal 0 0 1
    outer loop
      vertex 4.09999 4.75 3.2
      vertex 2.90001 0.0499878 3.2
      vertex 4.09999 -4.75 3.2
    endloop
  endfacet
  facet normal -0 0 1
    outer loop
      vertex 2.90001 -1.14999 3.2
      vertex 4.09999 -4.75 3.2
      vertex 2.90001 0.0499878 3.2
    endloop
  endfacet
  facet normal -0 0 1
    outer loop
      vertex 2.82361 5.39447 3.2
      vertex 4.09621 4.81718 3.2
      vertex 4.00847 5.59598 3.2
    endloop
  endfacet
  facet normal 0 0 1
    outer loop
      vertex 2.82361 5.39447 3.2
      vertex 4.00847 5.59598 3.2
      vertex 3.99719 5.66231 3.2
    endloop
  endfacet
  facet normal -0 0 1
    outer loop
      vertex 2.90001 -2.35001 3.2
      vertex 4.09999 -4.75 3.2
      vertex 2.90001 -1.14999 3.2
    endloop
  endfacet
  facet normal 0 0 1
    outer loop
      vertex 2.82361 5.39447 3.2
      vertex 3.99719 5.66231 3.2
      vertex 3.97858 5.72697 3.2
    endloop
  endfacet
  facet normal -0 0 1
    outer loop
      vertex 2.90001 -3.54999 3.2
      vertex 4.09999 -4.75 3.2
      vertex 2.90001 -2.35001 3.2
    endloop
  endfacet
  facet normal 0 0 1
    outer loop
      vertex 2.90001 -4.75 3.2
      vertex 4.09999 -4.75 3.2
      vertex 2.90001 -3.54999 3.2
    endloop
  endfacet
  facet normal 0 0 1
    outer loop
      vertex 2.82361 5.39447 3.2
      vertex 3.97858 5.72697 3.2
      vertex 3.71971 6.46675 3.2
    endloop
  endfacet
  facet normal 0 0 1
    outer loop
      vertex 2.60941 6.00661 3.2
      vertex 3.71971 6.46675 3.2
      vertex 3.69395 6.52892 3.2
    endloop
  endfacet
  facet normal 0 0 1
    outer loop
      vertex 4.09999 -4.75 3.2
      vertex 2.90001 -4.75 3.2
      vertex 4.08688 -4.87474 3.2
    endloop
  endfacet
  facet normal 0 0 1
    outer loop
      vertex 2.60941 6.00661 3.2
      vertex 3.69395 6.52892 3.2
      vertex 3.66141 6.5878 3.2
    endloop
  endfacet
  facet normal 0 0 1
    outer loop
      vertex 4.08688 -4.87474 3.2
      vertex 2.90001 -4.75 3.2
      vertex 4.04813 -4.99403 3.2
    endloop
  endfacet
  facet normal 0 0 1
    outer loop
      vertex 4.04813 -4.99403 3.2
      vertex 2.90001 -4.75 3.2
      vertex 3.9854 -5.10266 3.2
    endloop
  endfacet
  facet normal 0 0 1
    outer loop
      vertex 3.9854 -5.10266 3.2
      vertex 2.90001 -4.75 3.2
      vertex 3.90147 -5.19588 3.2
    endloop
  endfacet
  facet normal 0 0 1
    outer loop
      vertex 2.60941 6.00661 3.2
      vertex 3.66141 6.5878 3.2
      vertex 3.24443 7.25142 3.2
    endloop
  endfacet
  facet normal 0 0 1
    outer loop
      vertex 2.26433 6.55577 3.2
      vertex 3.24443 7.25142 3.2
      vertex 3.20549 7.30629 3.2
    endloop
  endfacet
  facet normal 0 0 1
    outer loop
      vertex 3.90147 -5.19588 3.2
      vertex 2.90001 -4.75 3.2
      vertex 3.79999 -5.26961 3.2
    endloop
  endfacet
  facet normal 0 0 1
    outer loop
      vertex 2.26433 6.55577 3.2
      vertex 3.20549 7.30629 3.2
      vertex 3.16066 7.35646 3.2
    endloop
  endfacet
  facet normal 0 0 1
    outer loop
      vertex 3.79999 -5.26961 3.2
      vertex 2.90001 -4.75 3.2
      vertex 3.68541 -5.32063 3.2
    endloop
  endfacet
  facet normal 0 0 1
    outer loop
      vertex 3.68541 -5.32063 3.2
      vertex 2.90001 -4.75 3.2
      vertex 3.56271 -5.34671 3.2
    endloop
  endfacet
  facet normal 0 0 1
    outer loop
      vertex 3.43729 -5.34671 3.2
      vertex 2.90001 -4.75 3.2
      vertex 3.31459 -5.32063 3.2
    endloop
  endfacet
  facet normal 0 0 1
    outer loop
      vertex 3.31459 -5.32063 3.2
      vertex 2.90001 -4.75 3.2
      vertex 3.20001 -5.26961 3.2
    endloop
  endfacet
  facet normal 0 0 1
    outer loop
      vertex 4.09999 4.75 3.2
      vertex 2.90001 4.71629 3.2
      vertex 2.90001 0.0499878 3.2
    endloop
  endfacet
  facet normal 0 0 1
    outer loop
      vertex 4.09621 4.81718 3.2
      vertex 2.82361 5.39447 3.2
      vertex 2.90001 4.71629 3.2
    endloop
  endfacet
  facet normal 0 0 1
    outer loop
      vertex 3.71971 6.46675 3.2
      vertex 2.60941 6.00661 3.2
      vertex 2.82361 5.39447 3.2
    endloop
  endfacet
  facet normal 0 0 1
    outer loop
      vertex 2.26433 6.55577 3.2
      vertex 3.16066 7.35646 3.2
      vertex 2.60646 7.91066 3.2
    endloop
  endfacet
  facet normal 0 0 1
    outer loop
      vertex 1.80568 7.0144 3.2
      vertex 2.60646 7.91066 3.2
      vertex 2.55629 7.95549 3.2
    endloop
  endfacet
  facet normal 0 0 1
    outer loop
      vertex 1.80568 7.0144 3.2
      vertex 2.55629 7.95549 3.2
      vertex 2.50142 7.99443 3.2
    endloop
  endfacet
  facet normal 0 0 1
    outer loop
      vertex 3.24443 7.25142 3.2
      vertex 2.26433 6.55577 3.2
      vertex 2.60941 6.00661 3.2
    endloop
  endfacet
  facet normal 0 0 1
    outer loop
      vertex 1.80568 7.0144 3.2
      vertex 2.50142 7.99443 3.2
      vertex 1.8378 8.41141 3.2
    endloop
  endfacet
  facet normal 0 0 1
    outer loop
      vertex 2.60646 7.91066 3.2
      vertex 1.80568 7.0144 3.2
      vertex 2.26433 6.55577 3.2
    endloop
  endfacet
  facet normal 0 0 1
    outer loop
      vertex 1.25662 7.35939 3.2
      vertex 1.8378 8.41141 3.2
      vertex 1.77892 8.44395 3.2
    endloop
  endfacet
  facet normal 0 0 1
    outer loop
      vertex 1.25662 7.35939 3.2
      vertex 1.77892 8.44395 3.2
      vertex 1.71675 8.46971 3.2
    endloop
  endfacet
  facet normal 0 0 1
    outer loop
      vertex 1.25662 7.35939 3.2
      vertex 1.71675 8.46971 3.2
      vertex 1.71414 8.4706 3.2
    endloop
  endfacet
  facet normal 0 0 1
    outer loop
      vertex 1.8378 8.41141 3.2
      vertex 1.25662 7.35939 3.2
      vertex 1.80568 7.0144 3.2
    endloop
  endfacet
  facet normal 0 0 1
    outer loop
      vertex 0.978729 8.72794 3.2
      vertex 1.25662 7.35939 3.2
      vertex 1.71414 8.4706 3.2
    endloop
  endfacet
  facet normal 0 0 1
    outer loop
      vertex 0.912308 8.74719 3.2
      vertex 0.978729 8.72794 3.2
      vertex 0.976974 8.72858 3.2
    endloop
  endfacet
  facet normal 0 0 1
    outer loop
      vertex 0.978729 8.72794 3.2
      vertex 0.912308 8.74719 3.2
      vertex 0.644409 7.57361 3.2
    endloop
  endfacet
  facet normal 0 0 1
    outer loop
      vertex 0.644409 7.57361 3.2
      vertex 0.912308 8.74719 3.2
      vertex 0.845978 8.75847 3.2
    endloop
  endfacet
  facet normal 0 0 1
    outer loop
      vertex 0.978729 8.72794 3.2
      vertex 0.644409 7.57361 3.2
      vertex 1.25662 7.35939 3.2
    endloop
  endfacet
  facet normal 0 0 1
    outer loop
      vertex 0.845978 8.75847 3.2
      vertex 0.599991 7.57861 3.2
      vertex 0.644409 7.57361 3.2
    endloop
  endfacet
  facet normal 0 0 1
    outer loop
      vertex -0.599991 0.0499878 3.2
      vertex 0.599991 0.0499878 3.2
      vertex 0.599991 7.57861 3.2
    endloop
  endfacet
  facet normal 0 0 1
    outer loop
      vertex 0.599991 0.0499878 3.2
      vertex -0.599991 0.0499878 3.2
      vertex 0.599991 -1.14999 3.2
    endloop
  endfacet
  facet normal 0 0 1
    outer loop
      vertex -0.599991 -1.14999 3.2
      vertex 0.599991 -1.14999 3.2
      vertex -0.599991 0.0499878 3.2
    endloop
  endfacet
  facet normal 0 0 1
    outer loop
      vertex 0.599991 -1.14999 3.2
      vertex -0.599991 -1.14999 3.2
      vertex 0.599991 -2.35001 3.2
    endloop
  endfacet
  facet normal 0 0 1
    outer loop
      vertex 0.0642395 8.84639 3.2
      vertex 0.599991 7.57861 3.2
      vertex 0.0671692 8.84622 3.2
    endloop
  endfacet
  facet normal 0 0 1
    outer loop
      vertex 0.0671692 8.84622 3.2
      vertex 0.599991 7.57861 3.2
      vertex 0.845978 8.75847 3.2
    endloop
  endfacet
  facet normal 0 0 1
    outer loop
      vertex 3.56271 -5.34671 3.2
      vertex 2.90001 -4.75 3.2
      vertex 3.43729 -5.34671 3.2
    endloop
  endfacet
  facet normal 0 0 1
    outer loop
      vertex 3.20001 -5.26961 3.2
      vertex 2.90001 -4.75 3.2
      vertex 3.09853 -5.19588 3.2
    endloop
  endfacet
  facet normal 0 0 1
    outer loop
      vertex 3.09853 -5.19588 3.2
      vertex 2.90001 -4.75 3.2
      vertex 3.0146 -5.10266 3.2
    endloop
  endfacet
  facet normal 0 0 1
    outer loop
      vertex 3.0146 -5.10266 3.2
      vertex 2.90001 -4.75 3.2
      vertex 2.95187 -4.99403 3.2
    endloop
  endfacet
  facet normal 0 0 1
    outer loop
      vertex 2.95187 -4.99403 3.2
      vertex 2.90001 -4.75 3.2
      vertex 2.91312 -4.87474 3.2
    endloop
  endfacet
  facet normal 0 0 1
    outer loop
      vertex 3.59259 -7.65613 3.2
      vertex 3.57953 -7.90529 3.2
      vertex 3.59917 -7.78139 3.2
    endloop
  endfacet
  facet normal 0 0 1
    outer loop
      vertex 3.56013 -7.53497 3.2
      vertex 3.57953 -7.90529 3.2
      vertex 3.59259 -7.65613 3.2
    endloop
  endfacet
  facet normal 0 0 1
    outer loop
      vertex 3.56013 -7.53497 3.2
      vertex 3.53459 -8.02238 3.2
      vertex 3.57953 -7.90529 3.2
    endloop
  endfacet
  facet normal 0 0 1
    outer loop
      vertex 3.50319 -7.4232 3.2
      vertex 3.53459 -8.02238 3.2
      vertex 3.56013 -7.53497 3.2
    endloop
  endfacet
  facet normal 0 0 1
    outer loop
      vertex 3.50319 -7.4232 3.2
      vertex 3.46628 -8.12758 3.2
      vertex 3.53459 -8.02238 3.2
    endloop
  endfacet
  facet normal 0 0 1
    outer loop
      vertex 3.42418 -7.32567 3.2
      vertex 3.46628 -8.12758 3.2
      vertex 3.50319 -7.4232 3.2
    endloop
  endfacet
  facet normal 0 0 1
    outer loop
      vertex 3.42418 -7.32567 3.2
      vertex 3.37758 -8.21628 3.2
      vertex 3.46628 -8.12758 3.2
    endloop
  endfacet
  facet normal 0 0 1
    outer loop
      vertex 3.42418 -7.32567 3.2
      vertex 3.27238 -8.28459 3.2
      vertex 3.37758 -8.21628 3.2
    endloop
  endfacet
  facet normal 0 0 1
    outer loop
      vertex 3.42418 -7.32567 3.2
      vertex 3.15529 -8.32953 3.2
      vertex 3.27238 -8.28459 3.2
    endloop
  endfacet
  facet normal 0 0 1
    outer loop
      vertex 3.42418 -7.32567 3.2
      vertex 3.03139 -8.34917 3.2
      vertex 3.15529 -8.32953 3.2
    endloop
  endfacet
  facet normal 0 0 1
    outer loop
      vertex 3.42418 -7.32567 3.2
      vertex 2.90613 -8.34259 3.2
      vertex 3.03139 -8.34917 3.2
    endloop
  endfacet
  facet normal 0 0 1
    outer loop
      vertex 3.42418 -7.32567 3.2
      vertex 2.78497 -8.31013 3.2
      vertex 2.90613 -8.34259 3.2
    endloop
  endfacet
  facet normal 0 0 1
    outer loop
      vertex 3.42418 -7.32567 3.2
      vertex 2.6732 -8.25319 3.2
      vertex 2.78497 -8.31013 3.2
    endloop
  endfacet
  facet normal 0 0 1
    outer loop
      vertex 3.42418 -7.32567 3.2
      vertex 2.57573 -8.17426 3.2
      vertex 2.6732 -8.25319 3.2
    endloop
  endfacet
  facet normal -0 0 1
    outer loop
      vertex 0 -5.59851 3.2
      vertex 3.42418 -7.32567 3.2
      vertex 0.599991 -4.50148 3.2
    endloop
  endfacet
  facet normal 0 0 1
    outer loop
      vertex 0.0584717 8.84671 3.2
      vertex 0.599991 7.57861 3.2
      vertex 0.0642395 8.84639 3.2
    endloop
  endfacet
  facet normal -0 0 1
    outer loop
      vertex 0.0584717 8.84671 3.2
      vertex 0.0642395 8.84639 3.2
      vertex 0.0627136 8.84671 3.2
    endloop
  endfacet
  facet normal 0 0 1
    outer loop
      vertex 0.599991 7.57861 3.2
      vertex 0.0584717 8.84671 3.2
      vertex -0.599991 7.57861 3.2
    endloop
  endfacet
  facet normal 0 0 1
    outer loop
      vertex -0.0584717 8.84671 3.2
      vertex 0.0584717 8.84671 3.2
      vertex 0 8.84999 3.2
    endloop
  endfacet
  facet normal 0 0 1
    outer loop
      vertex 3.42418 -7.32567 3.2
      vertex 0 -5.59851 3.2
      vertex 2.57573 -8.17426 3.2
    endloop
  endfacet
  facet normal 0 0 1
    outer loop
      vertex -0.599991 -2.35001 3.2
      vertex 0.599991 -2.35001 3.2
      vertex -0.599991 -1.14999 3.2
    endloop
  endfacet
  facet normal 0 0 1
    outer loop
      vertex 0.0584717 8.84671 3.2
      vertex -0.0584717 8.84671 3.2
      vertex -0.599991 7.57861 3.2
    endloop
  endfacet
  facet normal 0 0 1
    outer loop
      vertex -0.0642395 8.84639 3.2
      vertex -0.0584717 8.84671 3.2
      vertex -0.0627136 8.84671 3.2
    endloop
  endfacet
  facet normal 0 0 1
    outer loop
      vertex -0.0584717 8.84671 3.2
      vertex -0.0642395 8.84639 3.2
      vertex -0.599991 7.57861 3.2
    endloop
  endfacet
  facet normal 0 0 1
    outer loop
      vertex -0.599991 7.57861 3.2
      vertex -0.0642395 8.84639 3.2
      vertex -0.0671692 8.84622 3.2
    endloop
  endfacet
  facet normal 0 0 1
    outer loop
      vertex 0.599991 7.57861 3.2
      vertex -0.599991 7.57861 3.2
      vertex -0.599991 0.0499878 3.2
    endloop
  endfacet
  facet normal 0 0 1
    outer loop
      vertex 0.599991 -2.35001 3.2
      vertex -0.599991 -2.35001 3.2
      vertex 0.599991 -3.54999 3.2
    endloop
  endfacet
  facet normal 0 0 1
    outer loop
      vertex -0.599991 -3.54999 3.2
      vertex 0.599991 -3.54999 3.2
      vertex -0.599991 -2.35001 3.2
    endloop
  endfacet
  facet normal 0 0 1
    outer loop
      vertex 0.599991 -3.54999 3.2
      vertex -0.599991 -3.54999 3.2
      vertex 0.599991 -4.50148 3.2
    endloop
  endfacet
  facet normal 0 0 1
    outer loop
      vertex -0.599991 -4.50148 3.2
      vertex 0.599991 -4.50148 3.2
      vertex -0.599991 -3.54999 3.2
    endloop
  endfacet
  facet normal 0 0 1
    outer loop
      vertex 0.599991 -4.50148 3.2
      vertex -0.599991 -4.50148 3.2
      vertex 0 -5.59851 3.2
    endloop
  endfacet
  facet normal 0 0 1
    outer loop
      vertex -3.42426 -7.32573 3.2
      vertex 0 -5.59851 3.2
      vertex -0.599991 -4.50148 3.2
    endloop
  endfacet
  facet normal 0 0 1
    outer loop
      vertex 0 -5.59851 3.2
      vertex -3.42426 -7.32573 3.2
      vertex -2.57573 -8.17426 3.2
    endloop
  endfacet
  facet normal 0 0 1
    outer loop
      vertex -2.57573 -8.17426 3.2
      vertex -3.42426 -7.32573 3.2
      vertex -2.6732 -8.25319 3.2
    endloop
  endfacet
  facet normal 0 0 1
    outer loop
      vertex -2.6732 -8.25319 3.2
      vertex -3.42426 -7.32573 3.2
      vertex -2.78497 -8.31013 3.2
    endloop
  endfacet
  facet normal 0 0 1
    outer loop
      vertex -2.78497 -8.31013 3.2
      vertex -3.42426 -7.32573 3.2
      vertex -2.90613 -8.34259 3.2
    endloop
  endfacet
  facet normal 0 0 1
    outer loop
      vertex -2.90613 -8.34259 3.2
      vertex -3.42426 -7.32573 3.2
      vertex -3.03139 -8.34917 3.2
    endloop
  endfacet
  facet normal 0 0 1
    outer loop
      vertex -3.03139 -8.34917 3.2
      vertex -3.42426 -7.32573 3.2
      vertex -3.15529 -8.32953 3.2
    endloop
  endfacet
  facet normal 0 0 1
    outer loop
      vertex -3.15529 -8.32953 3.2
      vertex -3.42426 -7.32573 3.2
      vertex -3.27238 -8.28459 3.2
    endloop
  endfacet
  facet normal 0 0 1
    outer loop
      vertex -3.27238 -8.28459 3.2
      vertex -3.42426 -7.32573 3.2
      vertex -3.37758 -8.21628 3.2
    endloop
  endfacet
  facet normal 0 0 1
    outer loop
      vertex -3.42426 -7.32573 3.2
      vertex -3.46628 -8.12758 3.2
      vertex -3.37758 -8.21628 3.2
    endloop
  endfacet
  facet normal -0 0 1
    outer loop
      vertex -3.50319 -7.4232 3.2
      vertex -3.46628 -8.12758 3.2
      vertex -3.42426 -7.32573 3.2
    endloop
  endfacet
  facet normal 0 0 1
    outer loop
      vertex -3.50319 -7.4232 3.2
      vertex -3.53459 -8.02238 3.2
      vertex -3.46628 -8.12758 3.2
    endloop
  endfacet
  facet normal -0 0 1
    outer loop
      vertex -3.56013 -7.53497 3.2
      vertex -3.53459 -8.02238 3.2
      vertex -3.50319 -7.4232 3.2
    endloop
  endfacet
  facet normal 0 0 1
    outer loop
      vertex -3.56013 -7.53497 3.2
      vertex -3.57953 -7.90529 3.2
      vertex -3.53459 -8.02238 3.2
    endloop
  endfacet
  facet normal -0 0 1
    outer loop
      vertex -3.59259 -7.65613 3.2
      vertex -3.57953 -7.90529 3.2
      vertex -3.56013 -7.53497 3.2
    endloop
  endfacet
  facet normal 0 0 1
    outer loop
      vertex -3.57953 -7.90529 3.2
      vertex -3.59259 -7.65613 3.2
      vertex -3.59917 -7.78139 3.2
    endloop
  endfacet
  facet normal -0 0 1
    outer loop
      vertex -2.90001 -2.35001 3.2
      vertex -0.599991 -3.54999 3.2
      vertex -0.599991 -2.35001 3.2
    endloop
  endfacet
  facet normal 0 0 1
    outer loop
      vertex -0.599991 -3.54999 3.2
      vertex -2.90001 -2.35001 3.2
      vertex -2.90001 -3.54999 3.2
    endloop
  endfacet
  facet normal -0 0 1
    outer loop
      vertex -2.90001 0.0499878 3.2
      vertex -0.599991 -1.14999 3.2
      vertex -0.599991 0.0499878 3.2
    endloop
  endfacet
  facet normal 0 0 1
    outer loop
      vertex -0.599991 -1.14999 3.2
      vertex -2.90001 0.0499878 3.2
      vertex -2.90001 -1.14999 3.2
    endloop
  endfacet
  facet normal -0 0 1
    outer loop
      vertex -0.845978 8.75847 3.2
      vertex -0.599991 7.57861 3.2
      vertex -0.0671692 8.84622 3.2
    endloop
  endfacet
  facet normal 0 0 1
    outer loop
      vertex -0.599991 7.57861 3.2
      vertex -0.845978 8.75847 3.2
      vertex -0.64447 7.57361 3.2
    endloop
  endfacet
  facet normal -0 0 1
    outer loop
      vertex -0.912308 8.74719 3.2
      vertex -0.64447 7.57361 3.2
      vertex -0.845978 8.75847 3.2
    endloop
  endfacet
  facet normal -0 0 1
    outer loop
      vertex -0.976974 8.72858 3.2
      vertex -0.64447 7.57361 3.2
      vertex -0.912308 8.74719 3.2
    endloop
  endfacet
  facet normal 0 0 1
    outer loop
      vertex -0.976974 8.72858 3.2
      vertex -1.25661 7.35941 3.2
      vertex -0.64447 7.57361 3.2
    endloop
  endfacet
  facet normal -0 0 1
    outer loop
      vertex -1.71675 8.46971 3.2
      vertex -1.25661 7.35941 3.2
      vertex -0.976974 8.72858 3.2
    endloop
  endfacet
  facet normal -0 0 1
    outer loop
      vertex -1.77892 8.44395 3.2
      vertex -1.25661 7.35941 3.2
      vertex -1.71675 8.46971 3.2
    endloop
  endfacet
  facet normal -0 0 1
    outer loop
      vertex -1.8378 8.41141 3.2
      vertex -1.25661 7.35941 3.2
      vertex -1.77892 8.44395 3.2
    endloop
  endfacet
  facet normal 0 0 1
    outer loop
      vertex -1.25661 7.35941 3.2
      vertex -1.8378 8.41141 3.2
      vertex -1.80577 7.01433 3.2
    endloop
  endfacet
  facet normal -0 0 1
    outer loop
      vertex -2.50142 7.99443 3.2
      vertex -1.80577 7.01433 3.2
      vertex -1.8378 8.41141 3.2
    endloop
  endfacet
  facet normal -0 0 1
    outer loop
      vertex -2.60646 7.91066 3.2
      vertex -1.80577 7.01433 3.2
      vertex -2.50142 7.99443 3.2
    endloop
  endfacet
  facet normal 0 0 1
    outer loop
      vertex -2.60646 7.91066 3.2
      vertex -2.50142 7.99443 3.2
      vertex -2.55629 7.95549 3.2
    endloop
  endfacet
  facet normal 0 0 1
    outer loop
      vertex -1.80577 7.01433 3.2
      vertex -2.60646 7.91066 3.2
      vertex -2.2644 6.55568 3.2
    endloop
  endfacet
  facet normal -0 0 1
    outer loop
      vertex -3.16066 7.35646 3.2
      vertex -2.2644 6.55568 3.2
      vertex -2.60646 7.91066 3.2
    endloop
  endfacet
  facet normal -0 0 1
    outer loop
      vertex -3.24443 7.25142 3.2
      vertex -2.2644 6.55568 3.2
      vertex -3.16066 7.35646 3.2
    endloop
  endfacet
  facet normal 0 0 1
    outer loop
      vertex -2.2644 6.55568 3.2
      vertex -3.24443 7.25142 3.2
      vertex -2.60939 6.00662 3.2
    endloop
  endfacet
  facet normal 0 0 1
    outer loop
      vertex -4.09999 4.75 3.2
      vertex -2.90001 0.0499878 3.2
      vertex -2.90001 4.71628 3.2
    endloop
  endfacet
  facet normal 0 0 1
    outer loop
      vertex -4.09999 -4.75 3.2
      vertex -2.90001 0.0499878 3.2
      vertex -4.09999 4.75 3.2
    endloop
  endfacet
  facet normal 0 0 1
    outer loop
      vertex -2.90001 0.0499878 3.2
      vertex -4.09999 -4.75 3.2
      vertex -2.90001 -1.14999 3.2
    endloop
  endfacet
  facet normal 0 0 1
    outer loop
      vertex -2.90001 -1.14999 3.2
      vertex -4.09999 -4.75 3.2
      vertex -2.90001 -2.35001 3.2
    endloop
  endfacet
  facet normal 0 0 1
    outer loop
      vertex -2.90001 -3.54999 3.2
      vertex -4.09999 -4.75 3.2
      vertex -2.90001 -4.75 3.2
    endloop
  endfacet
  facet normal 0 0 1
    outer loop
      vertex -2.90001 -4.75 3.2
      vertex -4.09999 -4.75 3.2
      vertex -2.91312 -4.87474 3.2
    endloop
  endfacet
  facet normal 0 0 1
    outer loop
      vertex -2.91312 -4.87474 3.2
      vertex -4.09999 -4.75 3.2
      vertex -2.95187 -4.99403 3.2
    endloop
  endfacet
  facet normal 0 0 1
    outer loop
      vertex -2.95187 -4.99403 3.2
      vertex -4.09999 -4.75 3.2
      vertex -3.0146 -5.10266 3.2
    endloop
  endfacet
  facet normal -0 0 1
    outer loop
      vertex -3.66141 6.5878 3.2
      vertex -2.60939 6.00662 3.2
      vertex -3.24443 7.25142 3.2
    endloop
  endfacet
  facet normal -0 0 1
    outer loop
      vertex -3.7206 6.46414 3.2
      vertex -2.60939 6.00662 3.2
      vertex -3.66141 6.5878 3.2
    endloop
  endfacet
  facet normal 0 0 1
    outer loop
      vertex -2.90001 -2.35001 3.2
      vertex -4.09999 -4.75 3.2
      vertex -2.90001 -3.54999 3.2
    endloop
  endfacet
  facet normal 0 0 1
    outer loop
      vertex -3.24443 7.25142 3.2
      vertex -3.16066 7.35646 3.2
      vertex -3.20549 7.30629 3.2
    endloop
  endfacet
  facet normal 0 0 1
    outer loop
      vertex -2.60939 6.00662 3.2
      vertex -3.7206 6.46414 3.2
      vertex -2.82361 5.39441 3.2
    endloop
  endfacet
  facet normal 0 0 1
    outer loop
      vertex -3.0146 -5.10266 3.2
      vertex -4.09999 -4.75 3.2
      vertex -3.09853 -5.19588 3.2
    endloop
  endfacet
  facet normal 0 0 1
    outer loop
      vertex -3.09853 -5.19588 3.2
      vertex -4.09999 -4.75 3.2
      vertex -3.20001 -5.26961 3.2
    endloop
  endfacet
  facet normal 0 0 1
    outer loop
      vertex -3.20001 -5.26961 3.2
      vertex -4.09999 -4.75 3.2
      vertex -3.31459 -5.32063 3.2
    endloop
  endfacet
  facet normal -0 0 1
    outer loop
      vertex -3.97794 5.72873 3.2
      vertex -2.82361 5.39441 3.2
      vertex -3.7206 6.46414 3.2
    endloop
  endfacet
  facet normal 0 0 1
    outer loop
      vertex -3.31459 -5.32063 3.2
      vertex -4.09999 -4.75 3.2
      vertex -3.43729 -5.34671 3.2
    endloop
  endfacet
  facet normal 0 0 1
    outer loop
      vertex -3.7206 6.46414 3.2
      vertex -3.66141 6.5878 3.2
      vertex -3.69395 6.52892 3.2
    endloop
  endfacet
  facet normal 0 0 1
    outer loop
      vertex -3.7206 6.46414 3.2
      vertex -3.69395 6.52892 3.2
      vertex -3.71971 6.46675 3.2
    endloop
  endfacet
  facet normal -0 0 1
    outer loop
      vertex -4.00847 5.59598 3.2
      vertex -2.82361 5.39441 3.2
      vertex -3.97794 5.72873 3.2
    endloop
  endfacet
  facet normal 0 0 1
    outer loop
      vertex -3.43729 -5.34671 3.2
      vertex -4.09999 -4.75 3.2
      vertex -3.56271 -5.34671 3.2
    endloop
  endfacet
  facet normal 0 0 1
    outer loop
      vertex -3.56271 -5.34671 3.2
      vertex -4.09999 -4.75 3.2
      vertex -3.68541 -5.32063 3.2
    endloop
  endfacet
  facet normal 0 0 1
    outer loop
      vertex -4.09621 4.81717 3.2
      vertex -2.82361 5.39441 3.2
      vertex -4.00847 5.59598 3.2
    endloop
  endfacet
  facet normal 0 0 1
    outer loop
      vertex -3.99719 5.66231 3.2
      vertex -3.97794 5.72873 3.2
      vertex -3.97858 5.72697 3.2
    endloop
  endfacet
  facet normal 0 0 1
    outer loop
      vertex -2.90001 4.71628 3.2
      vertex -4.09647 4.7836 3.2
      vertex -4.09999 4.75 3.2
    endloop
  endfacet
  facet normal 0 0 1
    outer loop
      vertex -3.97794 5.72873 3.2
      vertex -3.99719 5.66231 3.2
      vertex -4.00847 5.59598 3.2
    endloop
  endfacet
  facet normal 0 0 1
    outer loop
      vertex -2.82361 5.39441 3.2
      vertex -4.09621 4.81717 3.2
      vertex -2.90001 4.71628 3.2
    endloop
  endfacet
  facet normal 0 0 1
    outer loop
      vertex -3.68541 -5.32063 3.2
      vertex -4.09999 -4.75 3.2
      vertex -3.79999 -5.26961 3.2
    endloop
  endfacet
  facet normal 0 0 1
    outer loop
      vertex -3.79999 -5.26961 3.2
      vertex -4.09999 -4.75 3.2
      vertex -3.90147 -5.19588 3.2
    endloop
  endfacet
  facet normal 0 0 1
    outer loop
      vertex -2.90001 4.71628 3.2
      vertex -4.09621 4.81717 3.2
      vertex -4.09647 4.7836 3.2
    endloop
  endfacet
  facet normal 0 0 1
    outer loop
      vertex -3.90147 -5.19588 3.2
      vertex -4.09999 -4.75 3.2
      vertex -3.9854 -5.10266 3.2
    endloop
  endfacet
  facet normal 0 0 1
    outer loop
      vertex -3.9854 -5.10266 3.2
      vertex -4.09999 -4.75 3.2
      vertex -4.04813 -4.99403 3.2
    endloop
  endfacet
  facet normal 0 0 1
    outer loop
      vertex -4.04813 -4.99403 3.2
      vertex -4.09999 -4.75 3.2
      vertex -4.08688 -4.87474 3.2
    endloop
  endfacet
  facet normal 0.358322 -0.933598 0
    outer loop
      vertex 3.15529 -8.32953 2.5
      vertex 3.27238 -8.28459 3.2
      vertex 3.15529 -8.32953 3.2
    endloop
  endfacet
  facet normal 0.358322 -0.933598 0
    outer loop
      vertex 3.27238 -8.28459 3.2
      vertex 3.15529 -8.32953 2.5
      vertex 3.27238 -8.28459 2.5
    endloop
  endfacet
  facet normal 0.544596 -0.838699 0
    outer loop
      vertex 3.27238 -8.28459 2.5
      vertex 3.37758 -8.21628 3.2
      vertex 3.27238 -8.28459 3.2
    endloop
  endfacet
  facet normal 0.544596 -0.838699 0
    outer loop
      vertex 3.37758 -8.21628 3.2
      vertex 3.27238 -8.28459 2.5
      vertex 3.37758 -8.21628 2.5
    endloop
  endfacet
  facet normal 0.707107 -0.707107 0
    outer loop
      vertex 3.37758 -8.21628 3.2
      vertex 3.46628 -8.12758 2.5
      vertex 3.46628 -8.12758 3.2
    endloop
  endfacet
  facet normal 0.707107 -0.707107 0
    outer loop
      vertex 3.46628 -8.12758 2.5
      vertex 3.37758 -8.21628 3.2
      vertex 3.37758 -8.21628 2.5
    endloop
  endfacet
  facet normal 0.838699 -0.544596 0
    outer loop
      vertex 3.46628 -8.12758 3.2
      vertex 3.53459 -8.02238 2.5
      vertex 3.53459 -8.02238 3.2
    endloop
  endfacet
  facet normal 0.838699 -0.544596 0
    outer loop
      vertex 3.53459 -8.02238 2.5
      vertex 3.46628 -8.12758 3.2
      vertex 3.46628 -8.12758 2.5
    endloop
  endfacet
  facet normal 0.933598 -0.358322 0
    outer loop
      vertex 3.53459 -8.02238 3.2
      vertex 3.57953 -7.90529 2.5
      vertex 3.57953 -7.90529 3.2
    endloop
  endfacet
  facet normal 0.933598 -0.358322 0
    outer loop
      vertex 3.57953 -7.90529 2.5
      vertex 3.53459 -8.02238 3.2
      vertex 3.53459 -8.02238 2.5
    endloop
  endfacet
  facet normal 0.987668 -0.15656 0
    outer loop
      vertex 3.57953 -7.90529 3.2
      vertex 3.59917 -7.78139 2.5
      vertex 3.59917 -7.78139 3.2
    endloop
  endfacet
  facet normal 0.987668 -0.15656 0
    outer loop
      vertex 3.59917 -7.78139 2.5
      vertex 3.57953 -7.90529 3.2
      vertex 3.57953 -7.90529 2.5
    endloop
  endfacet
  facet normal 0.998623 0.0524584 0
    outer loop
      vertex 3.59917 -7.78139 3.2
      vertex 3.59259 -7.65613 2.5
      vertex 3.59259 -7.65613 3.2
    endloop
  endfacet
  facet normal 0.998623 0.0524584 0
    outer loop
      vertex 3.59259 -7.65613 2.5
      vertex 3.59917 -7.78139 3.2
      vertex 3.59917 -7.78139 2.5
    endloop
  endfacet
  facet normal 0.965935 0.258784 0
    outer loop
      vertex 3.59259 -7.65613 3.2
      vertex 3.56013 -7.53497 2.5
      vertex 3.56013 -7.53497 3.2
    endloop
  endfacet
  facet normal 0.965935 0.258784 0
    outer loop
      vertex 3.56013 -7.53497 2.5
      vertex 3.59259 -7.65613 3.2
      vertex 3.59259 -7.65613 2.5
    endloop
  endfacet
  facet normal 0.891038 0.453929 0
    outer loop
      vertex 3.56013 -7.53497 3.2
      vertex 3.50319 -7.4232 2.5
      vertex 3.50319 -7.4232 3.2
    endloop
  endfacet
  facet normal 0.891038 0.453929 0
    outer loop
      vertex 3.50319 -7.4232 2.5
      vertex 3.56013 -7.53497 3.2
      vertex 3.56013 -7.53497 2.5
    endloop
  endfacet
  facet normal 0.777022 0.629473 0
    outer loop
      vertex 3.50319 -7.4232 3.2
      vertex 3.42418 -7.32567 2.5
      vertex 3.42418 -7.32567 3.2
    endloop
  endfacet
  facet normal 0.777022 0.629473 0
    outer loop
      vertex 3.42418 -7.32567 2.5
      vertex 3.50319 -7.4232 3.2
      vertex 3.50319 -7.4232 2.5
    endloop
  endfacet
  facet normal 0.707107 0.707107 0
    outer loop
      vertex 3.42418 -7.32567 3.2
      vertex 0.599991 -4.50148 2.5
      vertex 0.599991 -4.50148 3.2
    endloop
  endfacet
  facet normal 0.707107 0.707107 0
    outer loop
      vertex 0.599991 -4.50148 2.5
      vertex 3.42418 -7.32567 3.2
      vertex 3.42418 -7.32567 2.5
    endloop
  endfacet
  facet normal 1 -0 0
    outer loop
      vertex 0.599991 -4.50148 3.2
      vertex 0.599991 -3.54999 2.5
      vertex 0.599991 -3.54999 3.2
    endloop
  endfacet
  facet normal 1 0 0
    outer loop
      vertex 0.599991 -3.54999 2.5
      vertex 0.599991 -4.50148 3.2
      vertex 0.599991 -4.50148 2.5
    endloop
  endfacet
  facet normal 0 -1 0
    outer loop
      vertex 0.599991 -3.54999 2.5
      vertex 2.90001 -3.54999 3.2
      vertex 0.599991 -3.54999 3.2
    endloop
  endfacet
  facet normal 0 -1 -0
    outer loop
      vertex 2.90001 -3.54999 3.2
      vertex 0.599991 -3.54999 2.5
      vertex 2.90001 -3.54999 2.5
    endloop
  endfacet
  facet normal -1 0 0
    outer loop
      vertex 2.90001 -4.75 2.5
      vertex 2.90001 -3.54999 3.2
      vertex 2.90001 -3.54999 2.5
    endloop
  endfacet
  facet normal -1 -0 0
    outer loop
      vertex 2.90001 -3.54999 3.2
      vertex 2.90001 -4.75 2.5
      vertex 2.90001 -4.75 3.2
    endloop
  endfacet
  facet normal -0.994522 -0.104523 0
    outer loop
      vertex 2.91312 -4.87474 2.5
      vertex 2.90001 -4.75 3.2
      vertex 2.90001 -4.75 2.5
    endloop
  endfacet
  facet normal -0.994522 -0.104523 0
    outer loop
      vertex 2.90001 -4.75 3.2
      vertex 2.91312 -4.87474 2.5
      vertex 2.91312 -4.87474 3.2
    endloop
  endfacet
  facet normal -0.951079 -0.308947 0
    outer loop
      vertex 2.95187 -4.99403 2.5
      vertex 2.91312 -4.87474 3.2
      vertex 2.91312 -4.87474 2.5
    endloop
  endfacet
  facet normal -0.951079 -0.308947 0
    outer loop
      vertex 2.91312 -4.87474 3.2
      vertex 2.95187 -4.99403 2.5
      vertex 2.95187 -4.99403 3.2
    endloop
  endfacet
  facet normal -0.865982 -0.500074 0
    outer loop
      vertex 3.0146 -5.10266 2.5
      vertex 2.95187 -4.99403 3.2
      vertex 2.95187 -4.99403 2.5
    endloop
  endfacet
  facet normal -0.865982 -0.500074 0
    outer loop
      vertex 2.95187 -4.99403 3.2
      vertex 3.0146 -5.10266 2.5
      vertex 3.0146 -5.10266 3.2
    endloop
  endfacet
  facet normal -0.743167 -0.669106 0
    outer loop
      vertex 3.09853 -5.19588 2.5
      vertex 3.0146 -5.10266 3.2
      vertex 3.0146 -5.10266 2.5
    endloop
  endfacet
  facet normal -0.743167 -0.669106 0
    outer loop
      vertex 3.0146 -5.10266 3.2
      vertex 3.09853 -5.19588 2.5
      vertex 3.09853 -5.19588 3.2
    endloop
  endfacet
  facet normal -0.587788 -0.809015 0
    outer loop
      vertex 3.09853 -5.19588 2.5
      vertex 3.20001 -5.26961 3.2
      vertex 3.09853 -5.19588 3.2
    endloop
  endfacet
  facet normal -0.587788 -0.809015 -0
    outer loop
      vertex 3.20001 -5.26961 3.2
      vertex 3.09853 -5.19588 2.5
      vertex 3.20001 -5.26961 2.5
    endloop
  endfacet
  facet normal -0.406775 -0.913529 0
    outer loop
      vertex 3.20001 -5.26961 2.5
      vertex 3.31459 -5.32063 3.2
      vertex 3.20001 -5.26961 3.2
    endloop
  endfacet
  facet normal -0.406775 -0.913529 -0
    outer loop
      vertex 3.31459 -5.32063 3.2
      vertex 3.20001 -5.26961 2.5
      vertex 3.31459 -5.32063 2.5
    endloop
  endfacet
  facet normal -0.207906 -0.978149 0
    outer loop
      vertex 3.31459 -5.32063 2.5
      vertex 3.43729 -5.34671 3.2
      vertex 3.31459 -5.32063 3.2
    endloop
  endfacet
  facet normal -0.207906 -0.978149 -0
    outer loop
      vertex 3.43729 -5.34671 3.2
      vertex 3.31459 -5.32063 2.5
      vertex 3.43729 -5.34671 2.5
    endloop
  endfacet
  facet normal 0 -1 0
    outer loop
      vertex 3.43729 -5.34671 2.5
      vertex 3.56271 -5.34671 3.2
      vertex 3.43729 -5.34671 3.2
    endloop
  endfacet
  facet normal 0 -1 -0
    outer loop
      vertex 3.56271 -5.34671 3.2
      vertex 3.43729 -5.34671 2.5
      vertex 3.56271 -5.34671 2.5
    endloop
  endfacet
  facet normal 0.207906 -0.978149 0
    outer loop
      vertex 3.56271 -5.34671 2.5
      vertex 3.68541 -5.32063 3.2
      vertex 3.56271 -5.34671 3.2
    endloop
  endfacet
  facet normal 0.207906 -0.978149 0
    outer loop
      vertex 3.68541 -5.32063 3.2
      vertex 3.56271 -5.34671 2.5
      vertex 3.68541 -5.32063 2.5
    endloop
  endfacet
  facet normal 0.406775 -0.913529 0
    outer loop
      vertex 3.68541 -5.32063 2.5
      vertex 3.79999 -5.26961 3.2
      vertex 3.68541 -5.32063 3.2
    endloop
  endfacet
  facet normal 0.406775 -0.913529 0
    outer loop
      vertex 3.79999 -5.26961 3.2
      vertex 3.68541 -5.32063 2.5
      vertex 3.79999 -5.26961 2.5
    endloop
  endfacet
  facet normal 0.587788 -0.809015 0
    outer loop
      vertex 3.79999 -5.26961 2.5
      vertex 3.90147 -5.19588 3.2
      vertex 3.79999 -5.26961 3.2
    endloop
  endfacet
  facet normal 0.587788 -0.809015 0
    outer loop
      vertex 3.90147 -5.19588 3.2
      vertex 3.79999 -5.26961 2.5
      vertex 3.90147 -5.19588 2.5
    endloop
  endfacet
  facet normal 0.743167 -0.669106 0
    outer loop
      vertex 3.90147 -5.19588 3.2
      vertex 3.9854 -5.10266 2.5
      vertex 3.9854 -5.10266 3.2
    endloop
  endfacet
  facet normal 0.743167 -0.669106 0
    outer loop
      vertex 3.9854 -5.10266 2.5
      vertex 3.90147 -5.19588 3.2
      vertex 3.90147 -5.19588 2.5
    endloop
  endfacet
  facet normal 0.865982 -0.500074 0
    outer loop
      vertex 3.9854 -5.10266 3.2
      vertex 4.04813 -4.99403 2.5
      vertex 4.04813 -4.99403 3.2
    endloop
  endfacet
  facet normal 0.865982 -0.500074 0
    outer loop
      vertex 4.04813 -4.99403 2.5
      vertex 3.9854 -5.10266 3.2
      vertex 3.9854 -5.10266 2.5
    endloop
  endfacet
  facet normal 0.951079 -0.308947 0
    outer loop
      vertex 4.04813 -4.99403 3.2
      vertex 4.08688 -4.87474 2.5
      vertex 4.08688 -4.87474 3.2
    endloop
  endfacet
  facet normal 0.951079 -0.308947 0
    outer loop
      vertex 4.08688 -4.87474 2.5
      vertex 4.04813 -4.99403 3.2
      vertex 4.04813 -4.99403 2.5
    endloop
  endfacet
  facet normal 0.994522 -0.104523 0
    outer loop
      vertex 4.08688 -4.87474 3.2
      vertex 4.09999 -4.75 2.5
      vertex 4.09999 -4.75 3.2
    endloop
  endfacet
  facet normal 0.994522 -0.104523 0
    outer loop
      vertex 4.09999 -4.75 2.5
      vertex 4.08688 -4.87474 3.2
      vertex 4.08688 -4.87474 2.5
    endloop
  endfacet
  facet normal 1 -0 0
    outer loop
      vertex 4.09999 -4.75 3.2
      vertex 4.09999 4.75 2.5
      vertex 4.09999 4.75 3.2
    endloop
  endfacet
  facet normal 1 0 0
    outer loop
      vertex 4.09999 4.75 2.5
      vertex 4.09999 -4.75 3.2
      vertex 4.09999 -4.75 2.5
    endloop
  endfacet
  facet normal 0.994557 0.104192 0
    outer loop
      vertex 4.09999 4.75 3.2
      vertex 4.09647 4.7836 2.5
      vertex 4.09647 4.7836 3.2
    endloop
  endfacet
  facet normal 0.994557 0.104192 0
    outer loop
      vertex 4.09647 4.7836 2.5
      vertex 4.09999 4.75 3.2
      vertex 4.09999 4.75 2.5
    endloop
  endfacet
  facet normal 0.99997 0.00774247 0
    outer loop
      vertex 4.09647 4.7836 3.2
      vertex 4.09621 4.81718 2.5
      vertex 4.09621 4.81718 3.2
    endloop
  endfacet
  facet normal 0.99997 0.00774247 0
    outer loop
      vertex 4.09621 4.81718 2.5
      vertex 4.09647 4.7836 3.2
      vertex 4.09647 4.7836 2.5
    endloop
  endfacet
  facet normal 0.993714 0.111952 0
    outer loop
      vertex 4.09621 4.81718 3.2
      vertex 4.00847 5.59598 2.5
      vertex 4.00847 5.59598 3.2
    endloop
  endfacet
  facet normal 0.993714 0.111952 0
    outer loop
      vertex 4.00847 5.59598 2.5
      vertex 4.09621 4.81718 3.2
      vertex 4.09621 4.81718 2.5
    endloop
  endfacet
  facet normal 0.985846 0.167652 0
    outer loop
      vertex 4.00847 5.59598 3.2
      vertex 3.99719 5.66231 2.5
      vertex 3.99719 5.66231 3.2
    endloop
  endfacet
  facet normal 0.985846 0.167652 0
    outer loop
      vertex 3.99719 5.66231 2.5
      vertex 4.00847 5.59598 3.2
      vertex 4.00847 5.59598 2.5
    endloop
  endfacet
  facet normal 0.960989 0.276585 0
    outer loop
      vertex 3.99719 5.66231 3.2
      vertex 3.97858 5.72697 2.5
      vertex 3.97858 5.72697 3.2
    endloop
  endfacet
  facet normal 0.960989 0.276585 0
    outer loop
      vertex 3.97858 5.72697 2.5
      vertex 3.99719 5.66231 3.2
      vertex 3.99719 5.66231 2.5
    endloop
  endfacet
  facet normal 0.943879 0.33029 0
    outer loop
      vertex 3.97858 5.72697 3.2
      vertex 3.71971 6.46675 2.5
      vertex 3.71971 6.46675 3.2
    endloop
  endfacet
  facet normal 0.943879 0.33029 0
    outer loop
      vertex 3.71971 6.46675 2.5
      vertex 3.97858 5.72697 3.2
      vertex 3.97858 5.72697 2.5
    endloop
  endfacet
  facet normal 0.923836 0.382789 0
    outer loop
      vertex 3.71971 6.46675 3.2
      vertex 3.69395 6.52892 2.5
      vertex 3.69395 6.52892 3.2
    endloop
  endfacet
  facet normal 0.923836 0.382789 0
    outer loop
      vertex 3.69395 6.52892 2.5
      vertex 3.71971 6.46675 3.2
      vertex 3.71971 6.46675 2.5
    endloop
  endfacet
  facet normal 0.875235 0.483698 0
    outer loop
      vertex 3.69395 6.52892 3.2
      vertex 3.66141 6.5878 2.5
      vertex 3.66141 6.5878 3.2
    endloop
  endfacet
  facet normal 0.875235 0.483698 0
    outer loop
      vertex 3.66141 6.5878 2.5
      vertex 3.69395 6.52892 3.2
      vertex 3.69395 6.52892 2.5
    endloop
  endfacet
  facet normal 0.846724 0.532032 0
    outer loop
      vertex 3.66141 6.5878 3.2
      vertex 3.24443 7.25142 2.5
      vertex 3.24443 7.25142 3.2
    endloop
  endfacet
  facet normal 0.846724 0.532032 0
    outer loop
      vertex 3.24443 7.25142 2.5
      vertex 3.66141 6.5878 3.2
      vertex 3.66141 6.5878 2.5
    endloop
  endfacet
  facet normal 0.815507 0.578747 0
    outer loop
      vertex 3.24443 7.25142 3.2
      vertex 3.20549 7.30629 2.5
      vertex 3.20549 7.30629 3.2
    endloop
  endfacet
  facet normal 0.815507 0.578747 0
    outer loop
      vertex 3.20549 7.30629 2.5
      vertex 3.24443 7.25142 3.2
      vertex 3.24443 7.25142 2.5
    endloop
  endfacet
  facet normal 0.745677 0.666308 0
    outer loop
      vertex 3.20549 7.30629 3.2
      vertex 3.16066 7.35646 2.5
      vertex 3.16066 7.35646 3.2
    endloop
  endfacet
  facet normal 0.745677 0.666308 0
    outer loop
      vertex 3.16066 7.35646 2.5
      vertex 3.20549 7.30629 3.2
      vertex 3.20549 7.30629 2.5
    endloop
  endfacet
  facet normal 0.707107 0.707107 0
    outer loop
      vertex 3.16066 7.35646 3.2
      vertex 2.60646 7.91066 2.5
      vertex 2.60646 7.91066 3.2
    endloop
  endfacet
  facet normal 0.707107 0.707107 0
    outer loop
      vertex 2.60646 7.91066 2.5
      vertex 3.16066 7.35646 3.2
      vertex 3.16066 7.35646 2.5
    endloop
  endfacet
  facet normal 0.666308 0.745677 -0
    outer loop
      vertex 2.60646 7.91066 2.5
      vertex 2.55629 7.95549 3.2
      vertex 2.60646 7.91066 3.2
    endloop
  endfacet
  facet normal 0.666308 0.745677 0
    outer loop
      vertex 2.55629 7.95549 3.2
      vertex 2.60646 7.91066 2.5
      vertex 2.55629 7.95549 2.5
    endloop
  endfacet
  facet normal 0.578747 0.815507 -0
    outer loop
      vertex 2.55629 7.95549 2.5
      vertex 2.50142 7.99443 3.2
      vertex 2.55629 7.95549 3.2
    endloop
  endfacet
  facet normal 0.578747 0.815507 0
    outer loop
      vertex 2.50142 7.99443 3.2
      vertex 2.55629 7.95549 2.5
      vertex 2.50142 7.99443 2.5
    endloop
  endfacet
  facet normal 0.532032 0.846724 -0
    outer loop
      vertex 2.50142 7.99443 2.5
      vertex 1.8378 8.41141 3.2
      vertex 2.50142 7.99443 3.2
    endloop
  endfacet
  facet normal 0.532032 0.846724 0
    outer loop
      vertex 1.8378 8.41141 3.2
      vertex 2.50142 7.99443 2.5
      vertex 1.8378 8.41141 2.5
    endloop
  endfacet
  facet normal 0.483698 0.875235 -0
    outer loop
      vertex 1.8378 8.41141 2.5
      vertex 1.77892 8.44395 3.2
      vertex 1.8378 8.41141 3.2
    endloop
  endfacet
  facet normal 0.483698 0.875235 0
    outer loop
      vertex 1.77892 8.44395 3.2
      vertex 1.8378 8.41141 2.5
      vertex 1.77892 8.44395 2.5
    endloop
  endfacet
  facet normal 0.382789 0.923836 -0
    outer loop
      vertex 1.77892 8.44395 2.5
      vertex 1.71675 8.46971 3.2
      vertex 1.77892 8.44395 3.2
    endloop
  endfacet
  facet normal 0.382789 0.923836 0
    outer loop
      vertex 1.71675 8.46971 3.2
      vertex 1.77892 8.44395 2.5
      vertex 1.71675 8.46971 2.5
    endloop
  endfacet
  facet normal 0.322748 0.946485 -0
    outer loop
      vertex 1.71675 8.46971 2.5
      vertex 1.71414 8.4706 3.2
      vertex 1.71675 8.46971 3.2
    endloop
  endfacet
  facet normal 0.322748 0.946485 0
    outer loop
      vertex 1.71414 8.4706 3.2
      vertex 1.71675 8.46971 2.5
      vertex 1.71414 8.4706 2.5
    endloop
  endfacet
  facet normal 0.330289 0.94388 -0
    outer loop
      vertex 1.71414 8.4706 2.5
      vertex 0.978729 8.72794 3.2
      vertex 1.71414 8.4706 3.2
    endloop
  endfacet
  facet normal 0.330289 0.94388 0
    outer loop
      vertex 0.978729 8.72794 3.2
      vertex 1.71414 8.4706 2.5
      vertex 0.978729 8.72794 2.5
    endloop
  endfacet
  facet normal 0.342603 0.93948 -0
    outer loop
      vertex 0.978729 8.72794 2.5
      vertex 0.976974 8.72858 3.2
      vertex 0.978729 8.72794 3.2
    endloop
  endfacet
  facet normal 0.342603 0.93948 0
    outer loop
      vertex 0.976974 8.72858 3.2
      vertex 0.978729 8.72794 2.5
      vertex 0.976974 8.72858 2.5
    endloop
  endfacet
  facet normal 0.276562 0.960996 -0
    outer loop
      vertex 0.976974 8.72858 2.5
      vertex 0.912308 8.74719 3.2
      vertex 0.976974 8.72858 3.2
    endloop
  endfacet
  facet normal 0.276562 0.960996 0
    outer loop
      vertex 0.912308 8.74719 3.2
      vertex 0.976974 8.72858 2.5
      vertex 0.912308 8.74719 2.5
    endloop
  endfacet
  facet normal 0.167652 0.985846 -0
    outer loop
      vertex 0.912308 8.74719 2.5
      vertex 0.845978 8.75847 3.2
      vertex 0.912308 8.74719 3.2
    endloop
  endfacet
  facet normal 0.167652 0.985846 0
    outer loop
      vertex 0.845978 8.75847 3.2
      vertex 0.912308 8.74719 2.5
      vertex 0.845978 8.75847 2.5
    endloop
  endfacet
  facet normal 0.111964 0.993712 -0
    outer loop
      vertex 0.845978 8.75847 2.5
      vertex 0.0671692 8.84622 3.2
      vertex 0.845978 8.75847 3.2
    endloop
  endfacet
  facet normal 0.111964 0.993712 0
    outer loop
      vertex 0.0671692 8.84622 3.2
      vertex 0.845978 8.75847 2.5
      vertex 0.0671692 8.84622 2.5
    endloop
  endfacet
  facet normal 0.057929 0.998321 -0
    outer loop
      vertex 0.0671692 8.84622 2.5
      vertex 0.0642395 8.84639 3.2
      vertex 0.0671692 8.84622 3.2
    endloop
  endfacet
  facet normal 0.057929 0.998321 0
    outer loop
      vertex 0.0642395 8.84639 3.2
      vertex 0.0671692 8.84622 2.5
      vertex 0.0642395 8.84639 2.5
    endloop
  endfacet
  facet normal 0.205248 0.97871 -0
    outer loop
      vertex 0.0642395 8.84639 2.5
      vertex 0.0627136 8.84671 3.2
      vertex 0.0642395 8.84639 3.2
    endloop
  endfacet
  facet normal 0.205248 0.97871 0
    outer loop
      vertex 0.0627136 8.84671 3.2
      vertex 0.0642395 8.84639 2.5
      vertex 0.0627136 8.84671 2.5
    endloop
  endfacet
  facet normal 0 1 -0
    outer loop
      vertex 0.0627136 8.84671 2.5
      vertex 0.0584717 8.84671 3.2
      vertex 0.0627136 8.84671 3.2
    endloop
  endfacet
  facet normal 0 1 0
    outer loop
      vertex 0.0584717 8.84671 3.2
      vertex 0.0627136 8.84671 2.5
      vertex 0.0584717 8.84671 2.5
    endloop
  endfacet
  facet normal 0.0560075 0.99843 -0
    outer loop
      vertex 0.0584717 8.84671 2.5
      vertex 0 8.84999 3.2
      vertex 0.0584717 8.84671 3.2
    endloop
  endfacet
  facet normal 0.0560075 0.99843 0
    outer loop
      vertex 0 8.84999 3.2
      vertex 0.0584717 8.84671 2.5
      vertex 0 8.84999 2.5
    endloop
  endfacet
  facet normal -0.0560075 0.99843 0
    outer loop
      vertex 0 8.84999 2.5
      vertex -0.0584717 8.84671 3.2
      vertex 0 8.84999 3.2
    endloop
  endfacet
  facet normal -0.0560075 0.99843 0
    outer loop
      vertex -0.0584717 8.84671 3.2
      vertex 0 8.84999 2.5
      vertex -0.0584717 8.84671 2.5
    endloop
  endfacet
  facet normal 0 1 -0
    outer loop
      vertex -0.0584717 8.84671 2.5
      vertex -0.0627136 8.84671 3.2
      vertex -0.0584717 8.84671 3.2
    endloop
  endfacet
  facet normal 0 1 0
    outer loop
      vertex -0.0627136 8.84671 3.2
      vertex -0.0584717 8.84671 2.5
      vertex -0.0627136 8.84671 2.5
    endloop
  endfacet
  facet normal -0.205248 0.97871 0
    outer loop
      vertex -0.0627136 8.84671 2.5
      vertex -0.0642395 8.84639 3.2
      vertex -0.0627136 8.84671 3.2
    endloop
  endfacet
  facet normal -0.205248 0.97871 0
    outer loop
      vertex -0.0642395 8.84639 3.2
      vertex -0.0627136 8.84671 2.5
      vertex -0.0642395 8.84639 2.5
    endloop
  endfacet
  facet normal -0.057929 0.998321 0
    outer loop
      vertex -0.0642395 8.84639 2.5
      vertex -0.0671692 8.84622 3.2
      vertex -0.0642395 8.84639 3.2
    endloop
  endfacet
  facet normal -0.057929 0.998321 0
    outer loop
      vertex -0.0671692 8.84622 3.2
      vertex -0.0642395 8.84639 2.5
      vertex -0.0671692 8.84622 2.5
    endloop
  endfacet
  facet normal -0.111964 0.993712 0
    outer loop
      vertex -0.0671692 8.84622 2.5
      vertex -0.845978 8.75847 3.2
      vertex -0.0671692 8.84622 3.2
    endloop
  endfacet
  facet normal -0.111964 0.993712 0
    outer loop
      vertex -0.845978 8.75847 3.2
      vertex -0.0671692 8.84622 2.5
      vertex -0.845978 8.75847 2.5
    endloop
  endfacet
  facet normal -0.167652 0.985846 0
    outer loop
      vertex -0.845978 8.75847 2.5
      vertex -0.912308 8.74719 3.2
      vertex -0.845978 8.75847 3.2
    endloop
  endfacet
  facet normal -0.167652 0.985846 0
    outer loop
      vertex -0.912308 8.74719 3.2
      vertex -0.845978 8.75847 2.5
      vertex -0.912308 8.74719 2.5
    endloop
  endfacet
  facet normal -0.276562 0.960996 0
    outer loop
      vertex -0.912308 8.74719 2.5
      vertex -0.976974 8.72858 3.2
      vertex -0.912308 8.74719 3.2
    endloop
  endfacet
  facet normal -0.276562 0.960996 0
    outer loop
      vertex -0.976974 8.72858 3.2
      vertex -0.912308 8.74719 2.5
      vertex -0.976974 8.72858 2.5
    endloop
  endfacet
  facet normal -0.330292 0.943879 0
    outer loop
      vertex -0.976974 8.72858 2.5
      vertex -1.71675 8.46971 3.2
      vertex -0.976974 8.72858 3.2
    endloop
  endfacet
  facet normal -0.330292 0.943879 0
    outer loop
      vertex -1.71675 8.46971 3.2
      vertex -0.976974 8.72858 2.5
      vertex -1.71675 8.46971 2.5
    endloop
  endfacet
  facet normal -0.382789 0.923836 0
    outer loop
      vertex -1.71675 8.46971 2.5
      vertex -1.77892 8.44395 3.2
      vertex -1.71675 8.46971 3.2
    endloop
  endfacet
  facet normal -0.382789 0.923836 0
    outer loop
      vertex -1.77892 8.44395 3.2
      vertex -1.71675 8.46971 2.5
      vertex -1.77892 8.44395 2.5
    endloop
  endfacet
  facet normal -0.483698 0.875235 0
    outer loop
      vertex -1.77892 8.44395 2.5
      vertex -1.8378 8.41141 3.2
      vertex -1.77892 8.44395 3.2
    endloop
  endfacet
  facet normal -0.483698 0.875235 0
    outer loop
      vertex -1.8378 8.41141 3.2
      vertex -1.77892 8.44395 2.5
      vertex -1.8378 8.41141 2.5
    endloop
  endfacet
  facet normal -0.532032 0.846724 0
    outer loop
      vertex -1.8378 8.41141 2.5
      vertex -2.50142 7.99443 3.2
      vertex -1.8378 8.41141 3.2
    endloop
  endfacet
  facet normal -0.532032 0.846724 0
    outer loop
      vertex -2.50142 7.99443 3.2
      vertex -1.8378 8.41141 2.5
      vertex -2.50142 7.99443 2.5
    endloop
  endfacet
  facet normal -0.578747 0.815507 0
    outer loop
      vertex -2.50142 7.99443 2.5
      vertex -2.55629 7.95549 3.2
      vertex -2.50142 7.99443 3.2
    endloop
  endfacet
  facet normal -0.578747 0.815507 0
    outer loop
      vertex -2.55629 7.95549 3.2
      vertex -2.50142 7.99443 2.5
      vertex -2.55629 7.95549 2.5
    endloop
  endfacet
  facet normal -0.666308 0.745677 0
    outer loop
      vertex -2.55629 7.95549 2.5
      vertex -2.60646 7.91066 3.2
      vertex -2.55629 7.95549 3.2
    endloop
  endfacet
  facet normal -0.666308 0.745677 0
    outer loop
      vertex -2.60646 7.91066 3.2
      vertex -2.55629 7.95549 2.5
      vertex -2.60646 7.91066 2.5
    endloop
  endfacet
  facet normal -0.707107 0.707107 0
    outer loop
      vertex -3.16066 7.35646 2.5
      vertex -2.60646 7.91066 3.2
      vertex -2.60646 7.91066 2.5
    endloop
  endfacet
  facet normal -0.707107 0.707107 0
    outer loop
      vertex -2.60646 7.91066 3.2
      vertex -3.16066 7.35646 2.5
      vertex -3.16066 7.35646 3.2
    endloop
  endfacet
  facet normal -0.745677 0.666308 0
    outer loop
      vertex -3.20549 7.30629 2.5
      vertex -3.16066 7.35646 3.2
      vertex -3.16066 7.35646 2.5
    endloop
  endfacet
  facet normal -0.745677 0.666308 0
    outer loop
      vertex -3.16066 7.35646 3.2
      vertex -3.20549 7.30629 2.5
      vertex -3.20549 7.30629 3.2
    endloop
  endfacet
  facet normal -0.815507 0.578747 0
    outer loop
      vertex -3.24443 7.25142 2.5
      vertex -3.20549 7.30629 3.2
      vertex -3.20549 7.30629 2.5
    endloop
  endfacet
  facet normal -0.815507 0.578747 0
    outer loop
      vertex -3.20549 7.30629 3.2
      vertex -3.24443 7.25142 2.5
      vertex -3.24443 7.25142 3.2
    endloop
  endfacet
  facet normal -0.846724 0.532032 0
    outer loop
      vertex -3.66141 6.5878 2.5
      vertex -3.24443 7.25142 3.2
      vertex -3.24443 7.25142 2.5
    endloop
  endfacet
  facet normal -0.846724 0.532032 0
    outer loop
      vertex -3.24443 7.25142 3.2
      vertex -3.66141 6.5878 2.5
      vertex -3.66141 6.5878 3.2
    endloop
  endfacet
  facet normal -0.875235 0.483698 0
    outer loop
      vertex -3.69395 6.52892 2.5
      vertex -3.66141 6.5878 3.2
      vertex -3.66141 6.5878 2.5
    endloop
  endfacet
  facet normal -0.875235 0.483698 0
    outer loop
      vertex -3.66141 6.5878 3.2
      vertex -3.69395 6.52892 2.5
      vertex -3.69395 6.52892 3.2
    endloop
  endfacet
  facet normal -0.923836 0.382789 0
    outer loop
      vertex -3.71971 6.46675 2.5
      vertex -3.69395 6.52892 3.2
      vertex -3.69395 6.52892 2.5
    endloop
  endfacet
  facet normal -0.923836 0.382789 0
    outer loop
      vertex -3.69395 6.52892 3.2
      vertex -3.71971 6.46675 2.5
      vertex -3.71971 6.46675 3.2
    endloop
  endfacet
  facet normal -0.946485 0.322748 0
    outer loop
      vertex -3.7206 6.46414 2.5
      vertex -3.71971 6.46675 3.2
      vertex -3.71971 6.46675 2.5
    endloop
  endfacet
  facet normal -0.946485 0.322748 0
    outer loop
      vertex -3.71971 6.46675 3.2
      vertex -3.7206 6.46414 2.5
      vertex -3.7206 6.46414 3.2
    endloop
  endfacet
  facet normal -0.94388 0.330289 0
    outer loop
      vertex -3.97794 5.72873 2.5
      vertex -3.7206 6.46414 3.2
      vertex -3.7206 6.46414 2.5
    endloop
  endfacet
  facet normal -0.94388 0.330289 0
    outer loop
      vertex -3.7206 6.46414 3.2
      vertex -3.97794 5.72873 2.5
      vertex -3.97794 5.72873 3.2
    endloop
  endfacet
  facet normal -0.939793 0.341743 0
    outer loop
      vertex -3.97858 5.72697 2.5
      vertex -3.97794 5.72873 3.2
      vertex -3.97794 5.72873 2.5
    endloop
  endfacet
  facet normal -0.939793 0.341743 0
    outer loop
      vertex -3.97794 5.72873 3.2
      vertex -3.97858 5.72697 2.5
      vertex -3.97858 5.72697 3.2
    endloop
  endfacet
  facet normal -0.960989 0.276585 0
    outer loop
      vertex -3.99719 5.66231 2.5
      vertex -3.97858 5.72697 3.2
      vertex -3.97858 5.72697 2.5
    endloop
  endfacet
  facet normal -0.960989 0.276585 0
    outer loop
      vertex -3.97858 5.72697 3.2
      vertex -3.99719 5.66231 2.5
      vertex -3.99719 5.66231 3.2
    endloop
  endfacet
  facet normal -0.985846 0.167652 0
    outer loop
      vertex -4.00847 5.59598 2.5
      vertex -3.99719 5.66231 3.2
      vertex -3.99719 5.66231 2.5
    endloop
  endfacet
  facet normal -0.985846 0.167652 0
    outer loop
      vertex -3.99719 5.66231 3.2
      vertex -4.00847 5.59598 2.5
      vertex -4.00847 5.59598 3.2
    endloop
  endfacet
  facet normal -0.993714 0.111951 0
    outer loop
      vertex -4.09621 4.81717 2.5
      vertex -4.00847 5.59598 3.2
      vertex -4.00847 5.59598 2.5
    endloop
  endfacet
  facet normal -0.993714 0.111951 0
    outer loop
      vertex -4.00847 5.59598 3.2
      vertex -4.09621 4.81717 2.5
      vertex -4.09621 4.81717 3.2
    endloop
  endfacet
  facet normal -0.99997 0.00774478 0
    outer loop
      vertex -4.09647 4.7836 2.5
      vertex -4.09621 4.81717 3.2
      vertex -4.09621 4.81717 2.5
    endloop
  endfacet
  facet normal -0.99997 0.00774478 0
    outer loop
      vertex -4.09621 4.81717 3.2
      vertex -4.09647 4.7836 2.5
      vertex -4.09647 4.7836 3.2
    endloop
  endfacet
  facet normal -0.994557 0.104192 0
    outer loop
      vertex -4.09999 4.75 2.5
      vertex -4.09647 4.7836 3.2
      vertex -4.09647 4.7836 2.5
    endloop
  endfacet
  facet normal -0.994557 0.104192 0
    outer loop
      vertex -4.09647 4.7836 3.2
      vertex -4.09999 4.75 2.5
      vertex -4.09999 4.75 3.2
    endloop
  endfacet
  facet normal -1 0 0
    outer loop
      vertex -4.09999 -4.75 2.5
      vertex -4.09999 4.75 3.2
      vertex -4.09999 4.75 2.5
    endloop
  endfacet
  facet normal -1 -0 0
    outer loop
      vertex -4.09999 4.75 3.2
      vertex -4.09999 -4.75 2.5
      vertex -4.09999 -4.75 3.2
    endloop
  endfacet
  facet normal -0.994522 -0.104523 0
    outer loop
      vertex -4.08688 -4.87474 2.5
      vertex -4.09999 -4.75 3.2
      vertex -4.09999 -4.75 2.5
    endloop
  endfacet
  facet normal -0.994522 -0.104523 0
    outer loop
      vertex -4.09999 -4.75 3.2
      vertex -4.08688 -4.87474 2.5
      vertex -4.08688 -4.87474 3.2
    endloop
  endfacet
  facet normal -0.951079 -0.308947 0
    outer loop
      vertex -4.04813 -4.99403 2.5
      vertex -4.08688 -4.87474 3.2
      vertex -4.08688 -4.87474 2.5
    endloop
  endfacet
  facet normal -0.951079 -0.308947 0
    outer loop
      vertex -4.08688 -4.87474 3.2
      vertex -4.04813 -4.99403 2.5
      vertex -4.04813 -4.99403 3.2
    endloop
  endfacet
  facet normal -0.865982 -0.500074 0
    outer loop
      vertex -3.9854 -5.10266 2.5
      vertex -4.04813 -4.99403 3.2
      vertex -4.04813 -4.99403 2.5
    endloop
  endfacet
  facet normal -0.865982 -0.500074 0
    outer loop
      vertex -4.04813 -4.99403 3.2
      vertex -3.9854 -5.10266 2.5
      vertex -3.9854 -5.10266 3.2
    endloop
  endfacet
  facet normal -0.743167 -0.669106 0
    outer loop
      vertex -3.90147 -5.19588 2.5
      vertex -3.9854 -5.10266 3.2
      vertex -3.9854 -5.10266 2.5
    endloop
  endfacet
  facet normal -0.743167 -0.669106 0
    outer loop
      vertex -3.9854 -5.10266 3.2
      vertex -3.90147 -5.19588 2.5
      vertex -3.90147 -5.19588 3.2
    endloop
  endfacet
  facet normal -0.587788 -0.809015 0
    outer loop
      vertex -3.90147 -5.19588 2.5
      vertex -3.79999 -5.26961 3.2
      vertex -3.90147 -5.19588 3.2
    endloop
  endfacet
  facet normal -0.587788 -0.809015 -0
    outer loop
      vertex -3.79999 -5.26961 3.2
      vertex -3.90147 -5.19588 2.5
      vertex -3.79999 -5.26961 2.5
    endloop
  endfacet
  facet normal -0.406775 -0.913529 0
    outer loop
      vertex -3.79999 -5.26961 2.5
      vertex -3.68541 -5.32063 3.2
      vertex -3.79999 -5.26961 3.2
    endloop
  endfacet
  facet normal -0.406775 -0.913529 -0
    outer loop
      vertex -3.68541 -5.32063 3.2
      vertex -3.79999 -5.26961 2.5
      vertex -3.68541 -5.32063 2.5
    endloop
  endfacet
  facet normal -0.207906 -0.978149 0
    outer loop
      vertex -3.68541 -5.32063 2.5
      vertex -3.56271 -5.34671 3.2
      vertex -3.68541 -5.32063 3.2
    endloop
  endfacet
  facet normal -0.207906 -0.978149 -0
    outer loop
      vertex -3.56271 -5.34671 3.2
      vertex -3.68541 -5.32063 2.5
      vertex -3.56271 -5.34671 2.5
    endloop
  endfacet
  facet normal 0 -1 0
    outer loop
      vertex -3.56271 -5.34671 2.5
      vertex -3.43729 -5.34671 3.2
      vertex -3.56271 -5.34671 3.2
    endloop
  endfacet
  facet normal 0 -1 -0
    outer loop
      vertex -3.43729 -5.34671 3.2
      vertex -3.56271 -5.34671 2.5
      vertex -3.43729 -5.34671 2.5
    endloop
  endfacet
  facet normal 0.207906 -0.978149 0
    outer loop
      vertex -3.43729 -5.34671 2.5
      vertex -3.31459 -5.32063 3.2
      vertex -3.43729 -5.34671 3.2
    endloop
  endfacet
  facet normal 0.207906 -0.978149 0
    outer loop
      vertex -3.31459 -5.32063 3.2
      vertex -3.43729 -5.34671 2.5
      vertex -3.31459 -5.32063 2.5
    endloop
  endfacet
  facet normal 0.406775 -0.913529 0
    outer loop
      vertex -3.31459 -5.32063 2.5
      vertex -3.20001 -5.26961 3.2
      vertex -3.31459 -5.32063 3.2
    endloop
  endfacet
  facet normal 0.406775 -0.913529 0
    outer loop
      vertex -3.20001 -5.26961 3.2
      vertex -3.31459 -5.32063 2.5
      vertex -3.20001 -5.26961 2.5
    endloop
  endfacet
  facet normal 0.587788 -0.809015 0
    outer loop
      vertex -3.20001 -5.26961 2.5
      vertex -3.09853 -5.19588 3.2
      vertex -3.20001 -5.26961 3.2
    endloop
  endfacet
  facet normal 0.587788 -0.809015 0
    outer loop
      vertex -3.09853 -5.19588 3.2
      vertex -3.20001 -5.26961 2.5
      vertex -3.09853 -5.19588 2.5
    endloop
  endfacet
  facet normal 0.743167 -0.669106 0
    outer loop
      vertex -3.09853 -5.19588 3.2
      vertex -3.0146 -5.10266 2.5
      vertex -3.0146 -5.10266 3.2
    endloop
  endfacet
  facet normal 0.743167 -0.669106 0
    outer loop
      vertex -3.0146 -5.10266 2.5
      vertex -3.09853 -5.19588 3.2
      vertex -3.09853 -5.19588 2.5
    endloop
  endfacet
  facet normal 0.865982 -0.500074 0
    outer loop
      vertex -3.0146 -5.10266 3.2
      vertex -2.95187 -4.99403 2.5
      vertex -2.95187 -4.99403 3.2
    endloop
  endfacet
  facet normal 0.865982 -0.500074 0
    outer loop
      vertex -2.95187 -4.99403 2.5
      vertex -3.0146 -5.10266 3.2
      vertex -3.0146 -5.10266 2.5
    endloop
  endfacet
  facet normal 0.951079 -0.308947 0
    outer loop
      vertex -2.95187 -4.99403 3.2
      vertex -2.91312 -4.87474 2.5
      vertex -2.91312 -4.87474 3.2
    endloop
  endfacet
  facet normal 0.951079 -0.308947 0
    outer loop
      vertex -2.91312 -4.87474 2.5
      vertex -2.95187 -4.99403 3.2
      vertex -2.95187 -4.99403 2.5
    endloop
  endfacet
  facet normal 0.994522 -0.104523 0
    outer loop
      vertex -2.91312 -4.87474 3.2
      vertex -2.90001 -4.75 2.5
      vertex -2.90001 -4.75 3.2
    endloop
  endfacet
  facet normal 0.994522 -0.104523 0
    outer loop
      vertex -2.90001 -4.75 2.5
      vertex -2.91312 -4.87474 3.2
      vertex -2.91312 -4.87474 2.5
    endloop
  endfacet
  facet normal 1 -0 0
    outer loop
      vertex -2.90001 -4.75 3.2
      vertex -2.90001 -3.54999 2.5
      vertex -2.90001 -3.54999 3.2
    endloop
  endfacet
  facet normal 1 0 0
    outer loop
      vertex -2.90001 -3.54999 2.5
      vertex -2.90001 -4.75 3.2
      vertex -2.90001 -4.75 2.5
    endloop
  endfacet
  facet normal 0 -1 0
    outer loop
      vertex -2.90001 -3.54999 2.5
      vertex -0.599991 -3.54999 3.2
      vertex -2.90001 -3.54999 3.2
    endloop
  endfacet
  facet normal 0 -1 -0
    outer loop
      vertex -0.599991 -3.54999 3.2
      vertex -2.90001 -3.54999 2.5
      vertex -0.599991 -3.54999 2.5
    endloop
  endfacet
  facet normal -1 0 0
    outer loop
      vertex -0.599991 -4.50148 2.5
      vertex -0.599991 -3.54999 3.2
      vertex -0.599991 -3.54999 2.5
    endloop
  endfacet
  facet normal -1 -0 0
    outer loop
      vertex -0.599991 -3.54999 3.2
      vertex -0.599991 -4.50148 2.5
      vertex -0.599991 -4.50148 3.2
    endloop
  endfacet
  facet normal -0.707104 0.707109 0
    outer loop
      vertex -0.599991 -4.50148 2.5
      vertex -3.42426 -7.32573 3.2
      vertex -0.599991 -4.50148 3.2
    endloop
  endfacet
  facet normal -0.707104 0.707109 0
    outer loop
      vertex -3.42426 -7.32573 3.2
      vertex -0.599991 -4.50148 2.5
      vertex -3.42426 -7.32573 2.5
    endloop
  endfacet
  facet normal -0.777145 0.629322 0
    outer loop
      vertex -3.50319 -7.4232 2.5
      vertex -3.42426 -7.32573 3.2
      vertex -3.42426 -7.32573 2.5
    endloop
  endfacet
  facet normal -0.777145 0.629322 0
    outer loop
      vertex -3.42426 -7.32573 3.2
      vertex -3.50319 -7.4232 2.5
      vertex -3.50319 -7.4232 3.2
    endloop
  endfacet
  facet normal -0.891038 0.453929 0
    outer loop
      vertex -3.56013 -7.53497 2.5
      vertex -3.50319 -7.4232 3.2
      vertex -3.50319 -7.4232 2.5
    endloop
  endfacet
  facet normal -0.891038 0.453929 0
    outer loop
      vertex -3.50319 -7.4232 3.2
      vertex -3.56013 -7.53497 2.5
      vertex -3.56013 -7.53497 3.2
    endloop
  endfacet
  facet normal -0.965935 0.258784 0
    outer loop
      vertex -3.59259 -7.65613 2.5
      vertex -3.56013 -7.53497 3.2
      vertex -3.56013 -7.53497 2.5
    endloop
  endfacet
  facet normal -0.965935 0.258784 0
    outer loop
      vertex -3.56013 -7.53497 3.2
      vertex -3.59259 -7.65613 2.5
      vertex -3.59259 -7.65613 3.2
    endloop
  endfacet
  facet normal -0.998623 0.0524584 0
    outer loop
      vertex -3.59917 -7.78139 2.5
      vertex -3.59259 -7.65613 3.2
      vertex -3.59259 -7.65613 2.5
    endloop
  endfacet
  facet normal -0.998623 0.0524584 0
    outer loop
      vertex -3.59259 -7.65613 3.2
      vertex -3.59917 -7.78139 2.5
      vertex -3.59917 -7.78139 3.2
    endloop
  endfacet
  facet normal -0.987668 -0.15656 0
    outer loop
      vertex -3.57953 -7.90529 2.5
      vertex -3.59917 -7.78139 3.2
      vertex -3.59917 -7.78139 2.5
    endloop
  endfacet
  facet normal -0.987668 -0.15656 0
    outer loop
      vertex -3.59917 -7.78139 3.2
      vertex -3.57953 -7.90529 2.5
      vertex -3.57953 -7.90529 3.2
    endloop
  endfacet
  facet normal -0.933598 -0.358322 0
    outer loop
      vertex -3.53459 -8.02238 2.5
      vertex -3.57953 -7.90529 3.2
      vertex -3.57953 -7.90529 2.5
    endloop
  endfacet
  facet normal -0.933598 -0.358322 0
    outer loop
      vertex -3.57953 -7.90529 3.2
      vertex -3.53459 -8.02238 2.5
      vertex -3.53459 -8.02238 3.2
    endloop
  endfacet
  facet normal -0.838699 -0.544596 0
    outer loop
      vertex -3.46628 -8.12758 2.5
      vertex -3.53459 -8.02238 3.2
      vertex -3.53459 -8.02238 2.5
    endloop
  endfacet
  facet normal -0.838699 -0.544596 0
    outer loop
      vertex -3.53459 -8.02238 3.2
      vertex -3.46628 -8.12758 2.5
      vertex -3.46628 -8.12758 3.2
    endloop
  endfacet
  facet normal -0.707107 -0.707107 0
    outer loop
      vertex -3.37758 -8.21628 2.5
      vertex -3.46628 -8.12758 3.2
      vertex -3.46628 -8.12758 2.5
    endloop
  endfacet
  facet normal -0.707107 -0.707107 0
    outer loop
      vertex -3.46628 -8.12758 3.2
      vertex -3.37758 -8.21628 2.5
      vertex -3.37758 -8.21628 3.2
    endloop
  endfacet
  facet normal -0.544596 -0.838699 0
    outer loop
      vertex -3.37758 -8.21628 2.5
      vertex -3.27238 -8.28459 3.2
      vertex -3.37758 -8.21628 3.2
    endloop
  endfacet
  facet normal -0.544596 -0.838699 -0
    outer loop
      vertex -3.27238 -8.28459 3.2
      vertex -3.37758 -8.21628 2.5
      vertex -3.27238 -8.28459 2.5
    endloop
  endfacet
  facet normal -0.358322 -0.933598 0
    outer loop
      vertex -3.27238 -8.28459 2.5
      vertex -3.15529 -8.32953 3.2
      vertex -3.27238 -8.28459 3.2
    endloop
  endfacet
  facet normal -0.358322 -0.933598 -0
    outer loop
      vertex -3.15529 -8.32953 3.2
      vertex -3.27238 -8.28459 2.5
      vertex -3.15529 -8.32953 2.5
    endloop
  endfacet
  facet normal -0.15656 -0.987668 0
    outer loop
      vertex -3.15529 -8.32953 2.5
      vertex -3.03139 -8.34917 3.2
      vertex -3.15529 -8.32953 3.2
    endloop
  endfacet
  facet normal -0.15656 -0.987668 -0
    outer loop
      vertex -3.03139 -8.34917 3.2
      vertex -3.15529 -8.32953 2.5
      vertex -3.03139 -8.34917 2.5
    endloop
  endfacet
  facet normal 0.0524584 -0.998623 0
    outer loop
      vertex -3.03139 -8.34917 2.5
      vertex -2.90613 -8.34259 3.2
      vertex -3.03139 -8.34917 3.2
    endloop
  endfacet
  facet normal 0.0524584 -0.998623 0
    outer loop
      vertex -2.90613 -8.34259 3.2
      vertex -3.03139 -8.34917 2.5
      vertex -2.90613 -8.34259 2.5
    endloop
  endfacet
  facet normal 0.258784 -0.965935 0
    outer loop
      vertex -2.90613 -8.34259 2.5
      vertex -2.78497 -8.31013 3.2
      vertex -2.90613 -8.34259 3.2
    endloop
  endfacet
  facet normal 0.258784 -0.965935 0
    outer loop
      vertex -2.78497 -8.31013 3.2
      vertex -2.90613 -8.34259 2.5
      vertex -2.78497 -8.31013 2.5
    endloop
  endfacet
  facet normal 0.453929 -0.891038 0
    outer loop
      vertex -2.78497 -8.31013 2.5
      vertex -2.6732 -8.25319 3.2
      vertex -2.78497 -8.31013 3.2
    endloop
  endfacet
  facet normal 0.453929 -0.891038 0
    outer loop
      vertex -2.6732 -8.25319 3.2
      vertex -2.78497 -8.31013 2.5
      vertex -2.6732 -8.25319 2.5
    endloop
  endfacet
  facet normal 0.629322 -0.777145 0
    outer loop
      vertex -2.6732 -8.25319 2.5
      vertex -2.57573 -8.17426 3.2
      vertex -2.6732 -8.25319 3.2
    endloop
  endfacet
  facet normal 0.629322 -0.777145 0
    outer loop
      vertex -2.57573 -8.17426 3.2
      vertex -2.6732 -8.25319 2.5
      vertex -2.57573 -8.17426 2.5
    endloop
  endfacet
  facet normal 0.70711 -0.707104 0
    outer loop
      vertex -2.57573 -8.17426 3.2
      vertex 0 -5.59851 2.5
      vertex 0 -5.59851 3.2
    endloop
  endfacet
  facet normal 0.70711 -0.707104 0
    outer loop
      vertex 0 -5.59851 2.5
      vertex -2.57573 -8.17426 3.2
      vertex -2.57573 -8.17426 2.5
    endloop
  endfacet
  facet normal -0.70711 -0.707104 0
    outer loop
      vertex 2.57573 -8.17426 2.5
      vertex 0 -5.59851 3.2
      vertex 0 -5.59851 2.5
    endloop
  endfacet
  facet normal -0.70711 -0.707104 0
    outer loop
      vertex 0 -5.59851 3.2
      vertex 2.57573 -8.17426 2.5
      vertex 2.57573 -8.17426 3.2
    endloop
  endfacet
  facet normal -0.629322 -0.777145 0
    outer loop
      vertex 2.57573 -8.17426 2.5
      vertex 2.6732 -8.25319 3.2
      vertex 2.57573 -8.17426 3.2
    endloop
  endfacet
  facet normal -0.629322 -0.777145 -0
    outer loop
      vertex 2.6732 -8.25319 3.2
      vertex 2.57573 -8.17426 2.5
      vertex 2.6732 -8.25319 2.5
    endloop
  endfacet
  facet normal -0.453929 -0.891038 0
    outer loop
      vertex 2.6732 -8.25319 2.5
      vertex 2.78497 -8.31013 3.2
      vertex 2.6732 -8.25319 3.2
    endloop
  endfacet
  facet normal -0.453929 -0.891038 -0
    outer loop
      vertex 2.78497 -8.31013 3.2
      vertex 2.6732 -8.25319 2.5
      vertex 2.78497 -8.31013 2.5
    endloop
  endfacet
  facet normal -0.258784 -0.965935 0
    outer loop
      vertex 2.78497 -8.31013 2.5
      vertex 2.90613 -8.34259 3.2
      vertex 2.78497 -8.31013 3.2
    endloop
  endfacet
  facet normal -0.258784 -0.965935 -0
    outer loop
      vertex 2.90613 -8.34259 3.2
      vertex 2.78497 -8.31013 2.5
      vertex 2.90613 -8.34259 2.5
    endloop
  endfacet
  facet normal -0.0524584 -0.998623 0
    outer loop
      vertex 2.90613 -8.34259 2.5
      vertex 3.03139 -8.34917 3.2
      vertex 2.90613 -8.34259 3.2
    endloop
  endfacet
  facet normal -0.0524584 -0.998623 -0
    outer loop
      vertex 3.03139 -8.34917 3.2
      vertex 2.90613 -8.34259 2.5
      vertex 3.03139 -8.34917 2.5
    endloop
  endfacet
  facet normal 0.15656 -0.987668 0
    outer loop
      vertex 3.03139 -8.34917 2.5
      vertex 3.15529 -8.32953 3.2
      vertex 3.03139 -8.34917 3.2
    endloop
  endfacet
  facet normal 0.15656 -0.987668 0
    outer loop
      vertex 3.15529 -8.32953 3.2
      vertex 3.03139 -8.34917 2.5
      vertex 3.15529 -8.32953 2.5
    endloop
  endfacet
  facet normal 1 -0 0
    outer loop
      vertex -2.90001 0.0499878 3.2
      vertex -2.90001 4.71628 2.5
      vertex -2.90001 4.71628 3.2
    endloop
  endfacet
  facet normal 1 0 0
    outer loop
      vertex -2.90001 4.71628 2.5
      vertex -2.90001 0.0499878 3.2
      vertex -2.90001 0.0499878 2.5
    endloop
  endfacet
  facet normal 0.993713 -0.111954 0
    outer loop
      vertex -2.90001 4.71628 3.2
      vertex -2.82361 5.39441 2.5
      vertex -2.82361 5.39441 3.2
    endloop
  endfacet
  facet normal 0.993713 -0.111954 0
    outer loop
      vertex -2.82361 5.39441 2.5
      vertex -2.90001 4.71628 3.2
      vertex -2.90001 4.71628 2.5
    endloop
  endfacet
  facet normal 0.943884 -0.330277 0
    outer loop
      vertex -2.82361 5.39441 3.2
      vertex -2.60939 6.00662 2.5
      vertex -2.60939 6.00662 3.2
    endloop
  endfacet
  facet normal 0.943884 -0.330277 0
    outer loop
      vertex -2.60939 6.00662 2.5
      vertex -2.82361 5.39441 3.2
      vertex -2.82361 5.39441 2.5
    endloop
  endfacet
  facet normal 0.846729 -0.532024 0
    outer loop
      vertex -2.60939 6.00662 3.2
      vertex -2.2644 6.55568 2.5
      vertex -2.2644 6.55568 3.2
    endloop
  endfacet
  facet normal 0.846729 -0.532024 0
    outer loop
      vertex -2.2644 6.55568 2.5
      vertex -2.60939 6.00662 3.2
      vertex -2.60939 6.00662 2.5
    endloop
  endfacet
  facet normal 0.707122 -0.707091 0
    outer loop
      vertex -2.2644 6.55568 3.2
      vertex -1.80577 7.01433 2.5
      vertex -1.80577 7.01433 3.2
    endloop
  endfacet
  facet normal 0.707122 -0.707091 0
    outer loop
      vertex -1.80577 7.01433 2.5
      vertex -2.2644 6.55568 3.2
      vertex -2.2644 6.55568 2.5
    endloop
  endfacet
  facet normal 0.532054 -0.84671 0
    outer loop
      vertex -1.80577 7.01433 2.5
      vertex -1.25661 7.35941 3.2
      vertex -1.80577 7.01433 3.2
    endloop
  endfacet
  facet normal 0.532054 -0.84671 0
    outer loop
      vertex -1.25661 7.35941 3.2
      vertex -1.80577 7.01433 2.5
      vertex -1.25661 7.35941 2.5
    endloop
  endfacet
  facet normal 0.330283 -0.943882 0
    outer loop
      vertex -1.25661 7.35941 2.5
      vertex -0.64447 7.57361 3.2
      vertex -1.25661 7.35941 3.2
    endloop
  endfacet
  facet normal 0.330283 -0.943882 0
    outer loop
      vertex -0.64447 7.57361 3.2
      vertex -1.25661 7.35941 2.5
      vertex -0.64447 7.57361 2.5
    endloop
  endfacet
  facet normal 0.111709 -0.993741 0
    outer loop
      vertex -0.64447 7.57361 2.5
      vertex -0.599991 7.57861 3.2
      vertex -0.64447 7.57361 3.2
    endloop
  endfacet
  facet normal 0.111709 -0.993741 0
    outer loop
      vertex -0.599991 7.57861 3.2
      vertex -0.64447 7.57361 2.5
      vertex -0.599991 7.57861 2.5
    endloop
  endfacet
  facet normal -1 0 0
    outer loop
      vertex -0.599991 0.0499878 2.5
      vertex -0.599991 7.57861 3.2
      vertex -0.599991 7.57861 2.5
    endloop
  endfacet
  facet normal -1 -0 0
    outer loop
      vertex -0.599991 7.57861 3.2
      vertex -0.599991 0.0499878 2.5
      vertex -0.599991 0.0499878 3.2
    endloop
  endfacet
  facet normal 0 1 -0
    outer loop
      vertex -0.599991 0.0499878 2.5
      vertex -2.90001 0.0499878 3.2
      vertex -0.599991 0.0499878 3.2
    endloop
  endfacet
  facet normal 0 1 0
    outer loop
      vertex -2.90001 0.0499878 3.2
      vertex -0.599991 0.0499878 2.5
      vertex -2.90001 0.0499878 2.5
    endloop
  endfacet
  facet normal 1 -0 0
    outer loop
      vertex 0.599991 0.0499878 3.2
      vertex 0.599991 7.57861 2.5
      vertex 0.599991 7.57861 3.2
    endloop
  endfacet
  facet normal 1 0 0
    outer loop
      vertex 0.599991 7.57861 2.5
      vertex 0.599991 0.0499878 3.2
      vertex 0.599991 0.0499878 2.5
    endloop
  endfacet
  facet normal -0.11186 -0.993724 0
    outer loop
      vertex 0.599991 7.57861 2.5
      vertex 0.644409 7.57361 3.2
      vertex 0.599991 7.57861 3.2
    endloop
  endfacet
  facet normal -0.11186 -0.993724 -0
    outer loop
      vertex 0.644409 7.57361 3.2
      vertex 0.599991 7.57861 2.5
      vertex 0.644409 7.57361 2.5
    endloop
  endfacet
  facet normal -0.330276 -0.943884 0
    outer loop
      vertex 0.644409 7.57361 2.5
      vertex 1.25662 7.35939 3.2
      vertex 0.644409 7.57361 3.2
    endloop
  endfacet
  facet normal -0.330276 -0.943884 -0
    outer loop
      vertex 1.25662 7.35939 3.2
      vertex 0.644409 7.57361 2.5
      vertex 1.25662 7.35939 2.5
    endloop
  endfacet
  facet normal -0.532024 -0.846729 0
    outer loop
      vertex 1.25662 7.35939 2.5
      vertex 1.80568 7.0144 3.2
      vertex 1.25662 7.35939 3.2
    endloop
  endfacet
  facet normal -0.532024 -0.846729 -0
    outer loop
      vertex 1.80568 7.0144 3.2
      vertex 1.25662 7.35939 2.5
      vertex 1.80568 7.0144 2.5
    endloop
  endfacet
  facet normal -0.707091 -0.707122 0
    outer loop
      vertex 1.80568 7.0144 2.5
      vertex 2.26433 6.55577 3.2
      vertex 1.80568 7.0144 3.2
    endloop
  endfacet
  facet normal -0.707091 -0.707122 -0
    outer loop
      vertex 2.26433 6.55577 3.2
      vertex 1.80568 7.0144 2.5
      vertex 2.26433 6.55577 2.5
    endloop
  endfacet
  facet normal -0.84671 -0.532054 0
    outer loop
      vertex 2.60941 6.00661 2.5
      vertex 2.26433 6.55577 3.2
      vertex 2.26433 6.55577 2.5
    endloop
  endfacet
  facet normal -0.84671 -0.532054 0
    outer loop
      vertex 2.26433 6.55577 3.2
      vertex 2.60941 6.00661 2.5
      vertex 2.60941 6.00661 3.2
    endloop
  endfacet
  facet normal -0.943882 -0.330283 0
    outer loop
      vertex 2.82361 5.39447 2.5
      vertex 2.60941 6.00661 3.2
      vertex 2.60941 6.00661 2.5
    endloop
  endfacet
  facet normal -0.943882 -0.330283 0
    outer loop
      vertex 2.60941 6.00661 3.2
      vertex 2.82361 5.39447 2.5
      vertex 2.82361 5.39447 3.2
    endloop
  endfacet
  facet normal -0.993714 -0.111946 0
    outer loop
      vertex 2.90001 4.71629 2.5
      vertex 2.82361 5.39447 3.2
      vertex 2.82361 5.39447 2.5
    endloop
  endfacet
  facet normal -0.993714 -0.111946 0
    outer loop
      vertex 2.82361 5.39447 3.2
      vertex 2.90001 4.71629 2.5
      vertex 2.90001 4.71629 3.2
    endloop
  endfacet
  facet normal -1 0 0
    outer loop
      vertex 2.90001 0.0499878 2.5
      vertex 2.90001 4.71629 3.2
      vertex 2.90001 4.71629 2.5
    endloop
  endfacet
  facet normal -1 -0 0
    outer loop
      vertex 2.90001 4.71629 3.2
      vertex 2.90001 0.0499878 2.5
      vertex 2.90001 0.0499878 3.2
    endloop
  endfacet
  facet normal 0 1 -0
    outer loop
      vertex 2.90001 0.0499878 2.5
      vertex 0.599991 0.0499878 3.2
      vertex 2.90001 0.0499878 3.2
    endloop
  endfacet
  facet normal 0 1 0
    outer loop
      vertex 0.599991 0.0499878 3.2
      vertex 2.90001 0.0499878 2.5
      vertex 0.599991 0.0499878 2.5
    endloop
  endfacet
  facet normal 1 -0 0
    outer loop
      vertex -2.90001 -2.35001 3.2
      vertex -2.90001 -1.14999 2.5
      vertex -2.90001 -1.14999 3.2
    endloop
  endfacet
  facet normal 1 0 0
    outer loop
      vertex -2.90001 -1.14999 2.5
      vertex -2.90001 -2.35001 3.2
      vertex -2.90001 -2.35001 2.5
    endloop
  endfacet
  facet normal 0 -1 0
    outer loop
      vertex -2.90001 -1.14999 2.5
      vertex -0.599991 -1.14999 3.2
      vertex -2.90001 -1.14999 3.2
    endloop
  endfacet
  facet normal 0 -1 -0
    outer loop
      vertex -0.599991 -1.14999 3.2
      vertex -2.90001 -1.14999 2.5
      vertex -0.599991 -1.14999 2.5
    endloop
  endfacet
  facet normal -1 0 0
    outer loop
      vertex -0.599991 -2.35001 2.5
      vertex -0.599991 -1.14999 3.2
      vertex -0.599991 -1.14999 2.5
    endloop
  endfacet
  facet normal -1 -0 0
    outer loop
      vertex -0.599991 -1.14999 3.2
      vertex -0.599991 -2.35001 2.5
      vertex -0.599991 -2.35001 3.2
    endloop
  endfacet
  facet normal 0 1 -0
    outer loop
      vertex -0.599991 -2.35001 2.5
      vertex -2.90001 -2.35001 3.2
      vertex -0.599991 -2.35001 3.2
    endloop
  endfacet
  facet normal 0 1 0
    outer loop
      vertex -2.90001 -2.35001 3.2
      vertex -0.599991 -2.35001 2.5
      vertex -2.90001 -2.35001 2.5
    endloop
  endfacet
  facet normal 1 -0 0
    outer loop
      vertex 0.599991 -2.35001 3.2
      vertex 0.599991 -1.14999 2.5
      vertex 0.599991 -1.14999 3.2
    endloop
  endfacet
  facet normal 1 0 0
    outer loop
      vertex 0.599991 -1.14999 2.5
      vertex 0.599991 -2.35001 3.2
      vertex 0.599991 -2.35001 2.5
    endloop
  endfacet
  facet normal 0 -1 0
    outer loop
      vertex 0.599991 -1.14999 2.5
      vertex 2.90001 -1.14999 3.2
      vertex 0.599991 -1.14999 3.2
    endloop
  endfacet
  facet normal 0 -1 -0
    outer loop
      vertex 2.90001 -1.14999 3.2
      vertex 0.599991 -1.14999 2.5
      vertex 2.90001 -1.14999 2.5
    endloop
  endfacet
  facet normal -1 0 0
    outer loop
      vertex 2.90001 -2.35001 2.5
      vertex 2.90001 -1.14999 3.2
      vertex 2.90001 -1.14999 2.5
    endloop
  endfacet
  facet normal -1 -0 0
    outer loop
      vertex 2.90001 -1.14999 3.2
      vertex 2.90001 -2.35001 2.5
      vertex 2.90001 -2.35001 3.2
    endloop
  endfacet
  facet normal 0 1 -0
    outer loop
      vertex 2.90001 -2.35001 2.5
      vertex 0.599991 -2.35001 3.2
      vertex 2.90001 -2.35001 3.2
    endloop
  endfacet
  facet normal 0 1 0
    outer loop
      vertex 0.599991 -2.35001 3.2
      vertex 2.90001 -2.35001 2.5
      vertex 0.599991 -2.35001 2.5
    endloop
  endfacet
  facet normal 0.866024 0.500003 0
    outer loop
      vertex 14.8451 6.60947 2.5
      vertex 13.1465 9.55151 -2.5
      vertex 13.1465 9.55151 2.5
    endloop
  endfacet
  facet normal 0.866024 0.500003 0
    outer loop
      vertex 13.1465 9.55151 -2.5
      vertex 14.8451 6.60947 2.5
      vertex 14.8451 6.60947 -2.5
    endloop
  endfacet
  facet normal 0.951055 0.309021 0
    outer loop
      vertex 15.8949 3.37856 2.5
      vertex 14.8451 6.60947 -2.5
      vertex 14.8451 6.60947 2.5
    endloop
  endfacet
  facet normal 0.951055 0.309021 0
    outer loop
      vertex 14.8451 6.60947 -2.5
      vertex 15.8949 3.37856 2.5
      vertex 15.8949 3.37856 -2.5
    endloop
  endfacet
  facet normal 0.994522 0.104528 0
    outer loop
      vertex 16.25 0 2.5
      vertex 15.8949 3.37856 -2.5
      vertex 15.8949 3.37856 2.5
    endloop
  endfacet
  facet normal 0.994522 0.104528 0
    outer loop
      vertex 15.8949 3.37856 -2.5
      vertex 16.25 0 2.5
      vertex 16.25 0 -2.5
    endloop
  endfacet
  facet normal 0.994522 -0.104528 0
    outer loop
      vertex 15.8949 -3.37856 2.5
      vertex 16.25 0 -2.5
      vertex 16.25 0 2.5
    endloop
  endfacet
  facet normal 0.994522 -0.104528 0
    outer loop
      vertex 16.25 0 -2.5
      vertex 15.8949 -3.37856 2.5
      vertex 15.8949 -3.37856 -2.5
    endloop
  endfacet
  facet normal -0.207908 -0.978148 0
    outer loop
      vertex -5.02153 -15.4547 -2.5
      vertex -1.69859 -16.161 2.5
      vertex -5.02153 -15.4547 2.5
    endloop
  endfacet
  facet normal -0.207908 -0.978148 -0
    outer loop
      vertex -1.69859 -16.161 2.5
      vertex -5.02153 -15.4547 -2.5
      vertex -1.69859 -16.161 -2.5
    endloop
  endfacet
  facet normal 0.951055 -0.309021 0
    outer loop
      vertex 14.8451 -6.60947 2.5
      vertex 15.8949 -3.37856 -2.5
      vertex 15.8949 -3.37856 2.5
    endloop
  endfacet
  facet normal 0.951055 -0.309021 0
    outer loop
      vertex 15.8949 -3.37856 -2.5
      vertex 14.8451 -6.60947 2.5
      vertex 14.8451 -6.60947 -2.5
    endloop
  endfacet
  facet normal -0.866024 -0.500003 0
    outer loop
      vertex -13.1465 -9.55151 -2.5
      vertex -14.8451 -6.60947 2.5
      vertex -14.8451 -6.60947 -2.5
    endloop
  endfacet
  facet normal -0.866024 -0.500003 0
    outer loop
      vertex -14.8451 -6.60947 2.5
      vertex -13.1465 -9.55151 -2.5
      vertex -13.1465 -9.55151 2.5
    endloop
  endfacet
  facet normal -0.58778 -0.809021 0
    outer loop
      vertex -10.8734 -12.0761 -2.5
      vertex -8.125 -14.0729 2.5
      vertex -10.8734 -12.0761 2.5
    endloop
  endfacet
  facet normal -0.58778 -0.809021 -0
    outer loop
      vertex -8.125 -14.0729 2.5
      vertex -10.8734 -12.0761 -2.5
      vertex -8.125 -14.0729 -2.5
    endloop
  endfacet
  facet normal 0.406748 0.91354 -0
    outer loop
      vertex 8.125 14.0729 -2.5
      vertex 5.02153 15.4547 2.5
      vertex 8.125 14.0729 2.5
    endloop
  endfacet
  facet normal 0.406748 0.91354 0
    outer loop
      vertex 5.02153 15.4547 2.5
      vertex 8.125 14.0729 -2.5
      vertex 5.02153 15.4547 -2.5
    endloop
  endfacet
  facet normal 0.58778 -0.809021 0
    outer loop
      vertex 8.125 -14.0729 -2.5
      vertex 10.8734 -12.0761 2.5
      vertex 8.125 -14.0729 2.5
    endloop
  endfacet
  facet normal 0.58778 -0.809021 0
    outer loop
      vertex 10.8734 -12.0761 2.5
      vertex 8.125 -14.0729 -2.5
      vertex 10.8734 -12.0761 -2.5
    endloop
  endfacet
  facet normal -0.58778 0.809021 0
    outer loop
      vertex -8.125 14.0729 -2.5
      vertex -10.8734 12.0761 2.5
      vertex -8.125 14.0729 2.5
    endloop
  endfacet
  facet normal -0.58778 0.809021 0
    outer loop
      vertex -10.8734 12.0761 2.5
      vertex -8.125 14.0729 -2.5
      vertex -10.8734 12.0761 -2.5
    endloop
  endfacet
  facet normal -0.951055 -0.309021 0
    outer loop
      vertex -14.8451 -6.60947 -2.5
      vertex -15.8949 -3.37856 2.5
      vertex -15.8949 -3.37856 -2.5
    endloop
  endfacet
  facet normal -0.951055 -0.309021 0
    outer loop
      vertex -15.8949 -3.37856 2.5
      vertex -14.8451 -6.60947 -2.5
      vertex -14.8451 -6.60947 2.5
    endloop
  endfacet
  facet normal 0.866024 -0.500003 0
    outer loop
      vertex 13.1465 -9.55151 2.5
      vertex 14.8451 -6.60947 -2.5
      vertex 14.8451 -6.60947 2.5
    endloop
  endfacet
  facet normal 0.866024 -0.500003 0
    outer loop
      vertex 14.8451 -6.60947 -2.5
      vertex 13.1465 -9.55151 2.5
      vertex 13.1465 -9.55151 -2.5
    endloop
  endfacet
  facet normal 0 1 -0
    outer loop
      vertex 1.69859 16.161 -2.5
      vertex -1.69859 16.161 2.5
      vertex 1.69859 16.161 2.5
    endloop
  endfacet
  facet normal 0 1 0
    outer loop
      vertex -1.69859 16.161 2.5
      vertex 1.69859 16.161 -2.5
      vertex -1.69859 16.161 -2.5
    endloop
  endfacet
  facet normal -0.951055 0.309021 0
    outer loop
      vertex -15.8949 3.37856 -2.5
      vertex -14.8451 6.60947 2.5
      vertex -14.8451 6.60947 -2.5
    endloop
  endfacet
  facet normal -0.951055 0.309021 0
    outer loop
      vertex -14.8451 6.60947 2.5
      vertex -15.8949 3.37856 -2.5
      vertex -15.8949 3.37856 2.5
    endloop
  endfacet
  facet normal 0 -1 0
    outer loop
      vertex -1.69859 -16.161 -2.5
      vertex 1.69859 -16.161 2.5
      vertex -1.69859 -16.161 2.5
    endloop
  endfacet
  facet normal 0 -1 -0
    outer loop
      vertex 1.69859 -16.161 2.5
      vertex -1.69859 -16.161 -2.5
      vertex 1.69859 -16.161 -2.5
    endloop
  endfacet
  facet normal -0.866024 0.500003 0
    outer loop
      vertex -14.8451 6.60947 -2.5
      vertex -13.1465 9.55151 2.5
      vertex -13.1465 9.55151 -2.5
    endloop
  endfacet
  facet normal -0.866024 0.500003 0
    outer loop
      vertex -13.1465 9.55151 2.5
      vertex -14.8451 6.60947 -2.5
      vertex -14.8451 6.60947 2.5
    endloop
  endfacet
  facet normal -0.207908 0.978148 0
    outer loop
      vertex -1.69859 16.161 -2.5
      vertex -5.02153 15.4547 2.5
      vertex -1.69859 16.161 2.5
    endloop
  endfacet
  facet normal -0.207908 0.978148 0
    outer loop
      vertex -5.02153 15.4547 2.5
      vertex -1.69859 16.161 -2.5
      vertex -5.02153 15.4547 -2.5
    endloop
  endfacet
  facet normal 0.207908 -0.978148 0
    outer loop
      vertex 1.69859 -16.161 -2.5
      vertex 5.02153 -15.4547 2.5
      vertex 1.69859 -16.161 2.5
    endloop
  endfacet
  facet normal 0.207908 -0.978148 0
    outer loop
      vertex 5.02153 -15.4547 2.5
      vertex 1.69859 -16.161 -2.5
      vertex 5.02153 -15.4547 -2.5
    endloop
  endfacet
  facet normal 0.743152 -0.669122 0
    outer loop
      vertex 10.8734 -12.0761 2.5
      vertex 13.1465 -9.55151 -2.5
      vertex 13.1465 -9.55151 2.5
    endloop
  endfacet
  facet normal 0.743152 -0.669122 0
    outer loop
      vertex 13.1465 -9.55151 -2.5
      vertex 10.8734 -12.0761 2.5
      vertex 10.8734 -12.0761 -2.5
    endloop
  endfacet
  facet normal -0.406748 0.91354 0
    outer loop
      vertex -5.02153 15.4547 -2.5
      vertex -8.125 14.0729 2.5
      vertex -5.02153 15.4547 2.5
    endloop
  endfacet
  facet normal -0.406748 0.91354 0
    outer loop
      vertex -8.125 14.0729 2.5
      vertex -5.02153 15.4547 -2.5
      vertex -8.125 14.0729 -2.5
    endloop
  endfacet
  facet normal 0.406748 -0.91354 0
    outer loop
      vertex 5.02153 -15.4547 -2.5
      vertex 8.125 -14.0729 2.5
      vertex 5.02153 -15.4547 2.5
    endloop
  endfacet
  facet normal 0.406748 -0.91354 0
    outer loop
      vertex 8.125 -14.0729 2.5
      vertex 5.02153 -15.4547 -2.5
      vertex 8.125 -14.0729 -2.5
    endloop
  endfacet
  facet normal 0.58778 0.809021 -0
    outer loop
      vertex 10.8734 12.0761 -2.5
      vertex 8.125 14.0729 2.5
      vertex 10.8734 12.0761 2.5
    endloop
  endfacet
  facet normal 0.58778 0.809021 0
    outer loop
      vertex 8.125 14.0729 2.5
      vertex 10.8734 12.0761 -2.5
      vertex 8.125 14.0729 -2.5
    endloop
  endfacet
  facet normal 0.743152 0.669122 0
    outer loop
      vertex 13.1465 9.55151 2.5
      vertex 10.8734 12.0761 -2.5
      vertex 10.8734 12.0761 2.5
    endloop
  endfacet
  facet normal 0.743152 0.669122 0
    outer loop
      vertex 10.8734 12.0761 -2.5
      vertex 13.1465 9.55151 2.5
      vertex 13.1465 9.55151 -2.5
    endloop
  endfacet
  facet normal 0.207908 0.978148 -0
    outer loop
      vertex 5.02153 15.4547 -2.5
      vertex 1.69859 16.161 2.5
      vertex 5.02153 15.4547 2.5
    endloop
  endfacet
  facet normal 0.207908 0.978148 0
    outer loop
      vertex 1.69859 16.161 2.5
      vertex 5.02153 15.4547 -2.5
      vertex 1.69859 16.161 -2.5
    endloop
  endfacet
  facet normal -0.994522 0.104528 0
    outer loop
      vertex -16.25 0 -2.5
      vertex -15.8949 3.37856 2.5
      vertex -15.8949 3.37856 -2.5
    endloop
  endfacet
  facet normal -0.994522 0.104528 0
    outer loop
      vertex -15.8949 3.37856 2.5
      vertex -16.25 0 -2.5
      vertex -16.25 0 2.5
    endloop
  endfacet
  facet normal -0.994522 -0.104528 0
    outer loop
      vertex -15.8949 -3.37856 -2.5
      vertex -16.25 0 2.5
      vertex -16.25 0 -2.5
    endloop
  endfacet
  facet normal -0.994522 -0.104528 0
    outer loop
      vertex -16.25 0 2.5
      vertex -15.8949 -3.37856 -2.5
      vertex -15.8949 -3.37856 2.5
    endloop
  endfacet
  facet normal -0.743152 -0.669122 0
    outer loop
      vertex -10.8734 -12.0761 -2.5
      vertex -13.1465 -9.55151 2.5
      vertex -13.1465 -9.55151 -2.5
    endloop
  endfacet
  facet normal -0.743152 -0.669122 0
    outer loop
      vertex -13.1465 -9.55151 2.5
      vertex -10.8734 -12.0761 -2.5
      vertex -10.8734 -12.0761 2.5
    endloop
  endfacet
  facet normal -0 0 -1
    outer loop
      vertex 4.3 0 -2.5
      vertex 2.641 -0.561361 -2.5
      vertex 2.7 0 -2.5
    endloop
  endfacet
  facet normal 0 0 -1
    outer loop
      vertex 1.80665 -2.00649 -2.5
      vertex 5.19762 -2.76259 -2.5
      vertex 2.14122 -5.12194 -2.5
    endloop
  endfacet
  facet normal 0 0 -1
    outer loop
      vertex 4.70634 -1.91166 -2.5
      vertex 2.46657 -1.09819 -2.5
      vertex 2.641 -0.561361 -2.5
    endloop
  endfacet
  facet normal 0 0 -1
    outer loop
      vertex 4.70634 -1.91166 -2.5
      vertex 2.18435 -1.58702 -2.5
      vertex 2.46657 -1.09819 -2.5
    endloop
  endfacet
  facet normal 0 0 -1
    outer loop
      vertex 5.19762 -2.76259 -2.5
      vertex 1.80665 -2.00649 -2.5
      vertex 4.70634 -1.91166 -2.5
    endloop
  endfacet
  facet normal -0 0 -1
    outer loop
      vertex 4.70634 -1.91166 -2.5
      vertex 1.80665 -2.00649 -2.5
      vertex 2.18435 -1.58702 -2.5
    endloop
  endfacet
  facet normal 0 0 -1
    outer loop
      vertex 1.6 -4.72872 -2.5
      vertex 1.80665 -2.00649 -2.5
      vertex 2.14122 -5.12194 -2.5
    endloop
  endfacet
  facet normal 0 0 -1
    outer loop
      vertex 1.6 -4.72872 -2.5
      vertex 1.35 -2.33827 -2.5
      vertex 1.80665 -2.00649 -2.5
    endloop
  endfacet
  facet normal 0 0 -1
    outer loop
      vertex 0.988853 -4.45662 -2.5
      vertex 1.35 -2.33827 -2.5
      vertex 1.6 -4.72872 -2.5
    endloop
  endfacet
  facet normal 0 0 -1
    outer loop
      vertex 0.988853 -4.45662 -2.5
      vertex 0.834346 -2.56785 -2.5
      vertex 1.35 -2.33827 -2.5
    endloop
  endfacet
  facet normal 0 0 -1
    outer loop
      vertex 0.334491 -4.31753 -2.5
      vertex 0.834346 -2.56785 -2.5
      vertex 0.988853 -4.45662 -2.5
    endloop
  endfacet
  facet normal 0 0 -1
    outer loop
      vertex 0.334491 -4.31753 -2.5
      vertex 0.282227 -2.68521 -2.5
      vertex 0.834346 -2.56785 -2.5
    endloop
  endfacet
  facet normal 0 0 -1
    outer loop
      vertex 0.334491 -4.31753 -2.5
      vertex -0.282227 -2.68521 -2.5
      vertex 0.282227 -2.68521 -2.5
    endloop
  endfacet
  facet normal 0 0 -1
    outer loop
      vertex -0.334491 -4.31753 -2.5
      vertex -0.282227 -2.68521 -2.5
      vertex 0.334491 -4.31753 -2.5
    endloop
  endfacet
  facet normal 0 0 -1
    outer loop
      vertex -0.334491 -4.31753 -2.5
      vertex -0.834346 -2.56785 -2.5
      vertex -0.282227 -2.68521 -2.5
    endloop
  endfacet
  facet normal 0 0 -1
    outer loop
      vertex -0.988853 -4.45662 -2.5
      vertex -0.834346 -2.56785 -2.5
      vertex -0.334491 -4.31753 -2.5
    endloop
  endfacet
  facet normal 0 0 -1
    outer loop
      vertex -0.988853 -4.45662 -2.5
      vertex -1.35 -2.33827 -2.5
      vertex -0.834346 -2.56785 -2.5
    endloop
  endfacet
  facet normal 0 0 -1
    outer loop
      vertex -1.6 -4.72872 -2.5
      vertex -1.35 -2.33827 -2.5
      vertex -0.988853 -4.45662 -2.5
    endloop
  endfacet
  facet normal 0 0 -1
    outer loop
      vertex -1.6 -4.72872 -2.5
      vertex -1.80665 -2.00649 -2.5
      vertex -1.35 -2.33827 -2.5
    endloop
  endfacet
  facet normal 0 0 -1
    outer loop
      vertex -2.14122 -5.12194 -2.5
      vertex -1.80665 -2.00649 -2.5
      vertex -1.6 -4.72872 -2.5
    endloop
  endfacet
  facet normal 0 0 -1
    outer loop
      vertex -2.14122 -5.12194 -2.5
      vertex -2.18435 -1.58702 -2.5
      vertex -1.80665 -2.00649 -2.5
    endloop
  endfacet
  facet normal 0 0 -1
    outer loop
      vertex -2.58885 -5.61909 -2.5
      vertex -2.18435 -1.58702 -2.5
      vertex -2.14122 -5.12194 -2.5
    endloop
  endfacet
  facet normal -0 0 -1
    outer loop
      vertex -2.18435 -1.58702 -2.5
      vertex -2.58885 -5.61909 -2.5
      vertex -2.46657 -1.09819 -2.5
    endloop
  endfacet
  facet normal 0 0 -1
    outer loop
      vertex -2.92334 -6.19844 -2.5
      vertex -2.46657 -1.09819 -2.5
      vertex -2.58885 -5.61909 -2.5
    endloop
  endfacet
  facet normal -0 0 -1
    outer loop
      vertex -2.46657 -1.09819 -2.5
      vertex -2.92334 -6.19844 -2.5
      vertex -2.641 -0.561361 -2.5
    endloop
  endfacet
  facet normal 0 0 -1
    outer loop
      vertex -3.13007 -6.83468 -2.5
      vertex -2.641 -0.561361 -2.5
      vertex -2.92334 -6.19844 -2.5
    endloop
  endfacet
  facet normal 0 0 -1
    outer loop
      vertex 13.5973 -0.977184 -2.5
      vertex 16.25 0 -2.5
      vertex 15.8949 -3.37856 -2.5
    endloop
  endfacet
  facet normal 0 0 -1
    outer loop
      vertex 12.8024 -2.76259 -2.5
      vertex 15.8949 -3.37856 -2.5
      vertex 14.8451 -6.60947 -2.5
    endloop
  endfacet
  facet normal -0 0 -1
    outer loop
      vertex 16.25 0 -2.5
      vertex 13.5973 -0.977184 -2.5
      vertex 13.7 0 -2.5
    endloop
  endfacet
  facet normal 0 0 -1
    outer loop
      vertex 16.25 0 -2.5
      vertex 13.5973 0.977184 -2.5
      vertex 15.8949 3.37856 -2.5
    endloop
  endfacet
  facet normal 0 0 -1
    outer loop
      vertex 13.5973 0.977184 -2.5
      vertex 16.25 0 -2.5
      vertex 13.7 0 -2.5
    endloop
  endfacet
  facet normal 0 0 -1
    outer loop
      vertex 15.8949 -3.37856 -2.5
      vertex 13.2937 -1.91166 -2.5
      vertex 13.5973 -0.977184 -2.5
    endloop
  endfacet
  facet normal 0 0 -1
    outer loop
      vertex 10.4524 -4.46996 -2.5
      vertex 14.8451 -6.60947 -2.5
      vertex 13.1465 -9.55151 -2.5
    endloop
  endfacet
  facet normal 0 0 -1
    outer loop
      vertex 15.8949 -3.37856 -2.5
      vertex 12.8024 -2.76259 -2.5
      vertex 13.2937 -1.91166 -2.5
    endloop
  endfacet
  facet normal 0 0 -1
    outer loop
      vertex 14.8451 -6.60947 -2.5
      vertex 12.1449 -3.49278 -2.5
      vertex 12.8024 -2.76259 -2.5
    endloop
  endfacet
  facet normal 0 0 -1
    outer loop
      vertex 14.8451 -6.60947 -2.5
      vertex 11.35 -4.07032 -2.5
      vertex 12.1449 -3.49278 -2.5
    endloop
  endfacet
  facet normal 0 0 -1
    outer loop
      vertex 9.49128 -4.67425 -2.5
      vertex 13.1465 -9.55151 -2.5
      vertex 10.8734 -12.0761 -2.5
    endloop
  endfacet
  facet normal 0 0 -1
    outer loop
      vertex 14.8451 -6.60947 -2.5
      vertex 10.4524 -4.46996 -2.5
      vertex 11.35 -4.07032 -2.5
    endloop
  endfacet
  facet normal 0 0 -1
    outer loop
      vertex 13.1465 -9.55151 -2.5
      vertex 9.49128 -4.67425 -2.5
      vertex 10.4524 -4.46996 -2.5
    endloop
  endfacet
  facet normal 0 0 -1
    outer loop
      vertex 10.8734 -12.0761 -2.5
      vertex 8.50872 -4.67425 -2.5
      vertex 9.49128 -4.67425 -2.5
    endloop
  endfacet
  facet normal 0 0 -1
    outer loop
      vertex 3.13007 -8.16532 -2.5
      vertex 10.8734 -12.0761 -2.5
      vertex 8.125 -14.0729 -2.5
    endloop
  endfacet
  facet normal 0 0 -1
    outer loop
      vertex 10.8734 -12.0761 -2.5
      vertex 3.13007 -8.16532 -2.5
      vertex 8.50872 -4.67425 -2.5
    endloop
  endfacet
  facet normal -0 0 -1
    outer loop
      vertex 8.50872 -4.67425 -2.5
      vertex 3.13007 -8.16532 -2.5
      vertex 7.54762 -4.46996 -2.5
    endloop
  endfacet
  facet normal 0 -0 -1
    outer loop
      vertex 3.2 -7.5 -2.5
      vertex 7.54762 -4.46996 -2.5
      vertex 3.13007 -8.16532 -2.5
    endloop
  endfacet
  facet normal -0 0 -1
    outer loop
      vertex 7.54762 -4.46996 -2.5
      vertex 3.13007 -6.83468 -2.5
      vertex 6.65 -4.07032 -2.5
    endloop
  endfacet
  facet normal 0 0 -1
    outer loop
      vertex 2.58885 -9.38091 -2.5
      vertex 8.125 -14.0729 -2.5
      vertex 5.02153 -15.4547 -2.5
    endloop
  endfacet
  facet normal 0 0 -1
    outer loop
      vertex 3.13007 -6.83468 -2.5
      vertex 7.54762 -4.46996 -2.5
      vertex 3.2 -7.5 -2.5
    endloop
  endfacet
  facet normal -0 0 -1
    outer loop
      vertex 6.65 -4.07032 -2.5
      vertex 2.92334 -6.19844 -2.5
      vertex 5.85509 -3.49278 -2.5
    endloop
  endfacet
  facet normal 0 0 -1
    outer loop
      vertex 2.58885 -5.61909 -2.5
      vertex 5.85509 -3.49278 -2.5
      vertex 2.92334 -6.19844 -2.5
    endloop
  endfacet
  facet normal -0 0 -1
    outer loop
      vertex 5.85509 -3.49278 -2.5
      vertex 2.58885 -5.61909 -2.5
      vertex 5.19762 -2.76259 -2.5
    endloop
  endfacet
  facet normal 0 0 -1
    outer loop
      vertex 4.3 0 -2.5
      vertex 3.61915 7.23073 -2.5
      vertex 3.7 8 -2.5
    endloop
  endfacet
  facet normal 0 0 -1
    outer loop
      vertex 2.641 -0.561361 -2.5
      vertex 4.40271 -0.977184 -2.5
      vertex 4.70634 -1.91166 -2.5
    endloop
  endfacet
  facet normal 0 0 -1
    outer loop
      vertex 2.14122 -5.12194 -2.5
      vertex 5.19762 -2.76259 -2.5
      vertex 2.58885 -5.61909 -2.5
    endloop
  endfacet
  facet normal 0 0 -1
    outer loop
      vertex 2.92334 -6.19844 -2.5
      vertex 6.65 -4.07032 -2.5
      vertex 3.13007 -6.83468 -2.5
    endloop
  endfacet
  facet normal 0 0 -1
    outer loop
      vertex 8.125 -14.0729 -2.5
      vertex 2.92334 -8.80156 -2.5
      vertex 3.13007 -8.16532 -2.5
    endloop
  endfacet
  facet normal 0 0 -1
    outer loop
      vertex 8.125 -14.0729 -2.5
      vertex 2.58885 -9.38091 -2.5
      vertex 2.92334 -8.80156 -2.5
    endloop
  endfacet
  facet normal 0 0 -1
    outer loop
      vertex 5.02153 -15.4547 -2.5
      vertex 2.14122 -9.87806 -2.5
      vertex 2.58885 -9.38091 -2.5
    endloop
  endfacet
  facet normal 0 0 -1
    outer loop
      vertex 1.6 -10.2713 -2.5
      vertex 5.02153 -15.4547 -2.5
      vertex 1.69859 -16.161 -2.5
    endloop
  endfacet
  facet normal 0 0 -1
    outer loop
      vertex 5.02153 -15.4547 -2.5
      vertex 1.6 -10.2713 -2.5
      vertex 2.14122 -9.87806 -2.5
    endloop
  endfacet
  facet normal 0 0 -1
    outer loop
      vertex 1.69859 -16.161 -2.5
      vertex 0.988853 -10.5434 -2.5
      vertex 1.6 -10.2713 -2.5
    endloop
  endfacet
  facet normal 0 0 -1
    outer loop
      vertex 1.69859 -16.161 -2.5
      vertex 0.334491 -10.6825 -2.5
      vertex 0.988853 -10.5434 -2.5
    endloop
  endfacet
  facet normal 0 0 -1
    outer loop
      vertex 1.69859 -16.161 -2.5
      vertex -0.334491 -10.6825 -2.5
      vertex 0.334491 -10.6825 -2.5
    endloop
  endfacet
  facet normal 0 0 -1
    outer loop
      vertex -1.69859 -16.161 -2.5
      vertex -0.334491 -10.6825 -2.5
      vertex 1.69859 -16.161 -2.5
    endloop
  endfacet
  facet normal -0 0 -1
    outer loop
      vertex -0.334491 -10.6825 -2.5
      vertex -1.69859 -16.161 -2.5
      vertex -0.988853 -10.5434 -2.5
    endloop
  endfacet
  facet normal -0 0 -1
    outer loop
      vertex -0.988853 -10.5434 -2.5
      vertex -1.69859 -16.161 -2.5
      vertex -1.6 -10.2713 -2.5
    endloop
  endfacet
  facet normal 0 0 -1
    outer loop
      vertex -5.02153 -15.4547 -2.5
      vertex -1.6 -10.2713 -2.5
      vertex -1.69859 -16.161 -2.5
    endloop
  endfacet
  facet normal -0 0 -1
    outer loop
      vertex -1.6 -10.2713 -2.5
      vertex -5.02153 -15.4547 -2.5
      vertex -2.14122 -9.87806 -2.5
    endloop
  endfacet
  facet normal -0 0 -1
    outer loop
      vertex -2.14122 -9.87806 -2.5
      vertex -5.02153 -15.4547 -2.5
      vertex -2.58885 -9.38091 -2.5
    endloop
  endfacet
  facet normal 0 0 -1
    outer loop
      vertex -8.125 -14.0729 -2.5
      vertex -2.58885 -9.38091 -2.5
      vertex -5.02153 -15.4547 -2.5
    endloop
  endfacet
  facet normal 0 0 -1
    outer loop
      vertex -2.7 0 -2.5
      vertex -3.61915 7.23073 -2.5
      vertex -3.38012 6.49508 -2.5
    endloop
  endfacet
  facet normal 0 0 -1
    outer loop
      vertex -3.13007 -6.83468 -2.5
      vertex -4.3 0 -2.5
      vertex -3.61915 7.23073 -2.5
    endloop
  endfacet
  facet normal 0 0 -1
    outer loop
      vertex -4.39178 0.873229 -2.5
      vertex -3.61915 7.23073 -2.5
      vertex -4.3 0 -2.5
    endloop
  endfacet
  facet normal 0 0 -1
    outer loop
      vertex -8.06098 -4.17699 -2.5
      vertex -3.2 -7.5 -2.5
      vertex -3.13007 -8.16532 -2.5
    endloop
  endfacet
  facet normal 0 0 -1
    outer loop
      vertex -3.13007 -6.83468 -2.5
      vertex -4.39178 -0.873229 -2.5
      vertex -4.3 0 -2.5
    endloop
  endfacet
  facet normal 0 0 -1
    outer loop
      vertex -3.13007 -6.83468 -2.5
      vertex -4.66311 -1.70829 -2.5
      vertex -4.39178 -0.873229 -2.5
    endloop
  endfacet
  facet normal -0 0 -1
    outer loop
      vertex -2.58885 -9.38091 -2.5
      vertex -8.125 -14.0729 -2.5
      vertex -2.92334 -8.80156 -2.5
    endloop
  endfacet
  facet normal -0 0 -1
    outer loop
      vertex -2.92334 -8.80156 -2.5
      vertex -8.125 -14.0729 -2.5
      vertex -3.13007 -8.16532 -2.5
    endloop
  endfacet
  facet normal 0 0 -1
    outer loop
      vertex -3.13007 -6.83468 -2.5
      vertex -5.10213 -2.4687 -2.5
      vertex -4.66311 -1.70829 -2.5
    endloop
  endfacet
  facet normal 0 0 -1
    outer loop
      vertex -3.13007 -6.83468 -2.5
      vertex -5.68965 -3.12121 -2.5
      vertex -5.10213 -2.4687 -2.5
    endloop
  endfacet
  facet normal 0 0 -1
    outer loop
      vertex -3.13007 -6.83468 -2.5
      vertex -6.4 -3.63731 -2.5
      vertex -5.68965 -3.12121 -2.5
    endloop
  endfacet
  facet normal 0 0 -1
    outer loop
      vertex -10.8734 -12.0761 -2.5
      vertex -3.13007 -8.16532 -2.5
      vertex -8.125 -14.0729 -2.5
    endloop
  endfacet
  facet normal 0 0 -1
    outer loop
      vertex -3.13007 -6.83468 -2.5
      vertex -7.20213 -3.99444 -2.5
      vertex -6.4 -3.63731 -2.5
    endloop
  endfacet
  facet normal 0 0 -1
    outer loop
      vertex -3.2 -7.5 -2.5
      vertex -8.06098 -4.17699 -2.5
      vertex -7.20213 -3.99444 -2.5
    endloop
  endfacet
  facet normal -0 0 -1
    outer loop
      vertex -3.13007 -8.16532 -2.5
      vertex -10.8734 -12.0761 -2.5
      vertex -8.06098 -4.17699 -2.5
    endloop
  endfacet
  facet normal -0 0 -1
    outer loop
      vertex -8.06098 -4.17699 -2.5
      vertex -10.8734 -12.0761 -2.5
      vertex -8.93902 -4.17699 -2.5
    endloop
  endfacet
  facet normal 0 0 -1
    outer loop
      vertex -13.1465 -9.55151 -2.5
      vertex -8.93902 -4.17699 -2.5
      vertex -10.8734 -12.0761 -2.5
    endloop
  endfacet
  facet normal -0 0 -1
    outer loop
      vertex -8.93902 -4.17699 -2.5
      vertex -13.1465 -9.55151 -2.5
      vertex -9.79787 -3.99444 -2.5
    endloop
  endfacet
  facet normal -0 0 -1
    outer loop
      vertex -9.79787 -3.99444 -2.5
      vertex -13.1465 -9.55151 -2.5
      vertex -10.6 -3.63731 -2.5
    endloop
  endfacet
  facet normal 0 0 -1
    outer loop
      vertex -14.8451 -6.60947 -2.5
      vertex -10.6 -3.63731 -2.5
      vertex -13.1465 -9.55151 -2.5
    endloop
  endfacet
  facet normal -0 0 -1
    outer loop
      vertex -10.6 -3.63731 -2.5
      vertex -14.8451 -6.60947 -2.5
      vertex -11.3103 -3.12121 -2.5
    endloop
  endfacet
  facet normal -0 0 -1
    outer loop
      vertex -11.3103 -3.12121 -2.5
      vertex -14.8451 -6.60947 -2.5
      vertex -11.8979 -2.4687 -2.5
    endloop
  endfacet
  facet normal -0 0 -1
    outer loop
      vertex -11.8979 -2.4687 -2.5
      vertex -15.8949 -3.37856 -2.5
      vertex -12.3369 -1.70829 -2.5
    endloop
  endfacet
  facet normal 0 0 -1
    outer loop
      vertex -15.8949 -3.37856 -2.5
      vertex -11.8979 -2.4687 -2.5
      vertex -14.8451 -6.60947 -2.5
    endloop
  endfacet
  facet normal 0 0 -1
    outer loop
      vertex 13.2937 1.91166 -2.5
      vertex 15.8949 3.37856 -2.5
      vertex 13.5973 0.977184 -2.5
    endloop
  endfacet
  facet normal 0 0 -1
    outer loop
      vertex 12.8024 2.76259 -2.5
      vertex 15.8949 3.37856 -2.5
      vertex 13.2937 1.91166 -2.5
    endloop
  endfacet
  facet normal -0 0 -1
    outer loop
      vertex 15.8949 3.37856 -2.5
      vertex 12.8024 2.76259 -2.5
      vertex 14.8451 6.60947 -2.5
    endloop
  endfacet
  facet normal 0 0 -1
    outer loop
      vertex 12.1449 3.49278 -2.5
      vertex 14.8451 6.60947 -2.5
      vertex 12.8024 2.76259 -2.5
    endloop
  endfacet
  facet normal 0 0 -1
    outer loop
      vertex 11.35 4.07032 -2.5
      vertex 14.8451 6.60947 -2.5
      vertex 12.1449 3.49278 -2.5
    endloop
  endfacet
  facet normal 0 0 -1
    outer loop
      vertex 10.4524 4.46996 -2.5
      vertex 14.8451 6.60947 -2.5
      vertex 11.35 4.07032 -2.5
    endloop
  endfacet
  facet normal -0 0 -1
    outer loop
      vertex 14.8451 6.60947 -2.5
      vertex 10.4524 4.46996 -2.5
      vertex 13.1465 9.55151 -2.5
    endloop
  endfacet
  facet normal 0 0 -1
    outer loop
      vertex 9.49128 4.67425 -2.5
      vertex 13.1465 9.55151 -2.5
      vertex 10.4524 4.46996 -2.5
    endloop
  endfacet
  facet normal -0 0 -1
    outer loop
      vertex 13.1465 9.55151 -2.5
      vertex 9.49128 4.67425 -2.5
      vertex 10.8734 12.0761 -2.5
    endloop
  endfacet
  facet normal 0 0 -1
    outer loop
      vertex 8.50872 4.67425 -2.5
      vertex 10.8734 12.0761 -2.5
      vertex 9.49128 4.67425 -2.5
    endloop
  endfacet
  facet normal 0 0 -1
    outer loop
      vertex 3.61915 8.76927 -2.5
      vertex 10.8734 12.0761 -2.5
      vertex 8.50872 4.67425 -2.5
    endloop
  endfacet
  facet normal 0 0 -1
    outer loop
      vertex 3.7 8 -2.5
      vertex 8.50872 4.67425 -2.5
      vertex 7.54762 4.46996 -2.5
    endloop
  endfacet
  facet normal 0 0 -1
    outer loop
      vertex 3.7 8 -2.5
      vertex 7.54762 4.46996 -2.5
      vertex 6.65 4.07032 -2.5
    endloop
  endfacet
  facet normal 0 0 -1
    outer loop
      vertex 3.7 8 -2.5
      vertex 6.65 4.07032 -2.5
      vertex 5.85509 3.49278 -2.5
    endloop
  endfacet
  facet normal 0 0 -1
    outer loop
      vertex 3.7 8 -2.5
      vertex 5.85509 3.49278 -2.5
      vertex 5.19762 2.76259 -2.5
    endloop
  endfacet
  facet normal 0 0 -1
    outer loop
      vertex 8.50872 4.67425 -2.5
      vertex 3.7 8 -2.5
      vertex 3.61915 8.76927 -2.5
    endloop
  endfacet
  facet normal 0 0 -1
    outer loop
      vertex 3.7 8 -2.5
      vertex 5.19762 2.76259 -2.5
      vertex 4.70634 1.91166 -2.5
    endloop
  endfacet
  facet normal 0 0 -1
    outer loop
      vertex 3.7 8 -2.5
      vertex 4.70634 1.91166 -2.5
      vertex 4.40271 0.977184 -2.5
    endloop
  endfacet
  facet normal 0 0 -1
    outer loop
      vertex 3.7 8 -2.5
      vertex 4.40271 0.977184 -2.5
      vertex 4.3 0 -2.5
    endloop
  endfacet
  facet normal -0 0 -1
    outer loop
      vertex 10.8734 12.0761 -2.5
      vertex 3.61915 8.76927 -2.5
      vertex 8.125 14.0729 -2.5
    endloop
  endfacet
  facet normal 0 0 -1
    outer loop
      vertex 3.38012 9.50492 -2.5
      vertex 8.125 14.0729 -2.5
      vertex 3.61915 8.76927 -2.5
    endloop
  endfacet
  facet normal 0 0 -1
    outer loop
      vertex 2.99336 10.1748 -2.5
      vertex 8.125 14.0729 -2.5
      vertex 3.38012 9.50492 -2.5
    endloop
  endfacet
  facet normal -0 0 -1
    outer loop
      vertex 8.125 14.0729 -2.5
      vertex 2.99336 10.1748 -2.5
      vertex 5.02153 15.4547 -2.5
    endloop
  endfacet
  facet normal 0 0 -1
    outer loop
      vertex 2.47578 10.7496 -2.5
      vertex 5.02153 15.4547 -2.5
      vertex 2.99336 10.1748 -2.5
    endloop
  endfacet
  facet normal 0 0 -1
    outer loop
      vertex 1.85 11.2043 -2.5
      vertex 5.02153 15.4547 -2.5
      vertex 2.47578 10.7496 -2.5
    endloop
  endfacet
  facet normal 0 0 -1
    outer loop
      vertex 1.85 11.2043 -2.5
      vertex 1.69859 16.161 -2.5
      vertex 5.02153 15.4547 -2.5
    endloop
  endfacet
  facet normal 0 0 -1
    outer loop
      vertex 1.14336 11.5189 -2.5
      vertex 1.69859 16.161 -2.5
      vertex 1.85 11.2043 -2.5
    endloop
  endfacet
  facet normal 0 0 -1
    outer loop
      vertex 0.386755 11.6797 -2.5
      vertex 1.69859 16.161 -2.5
      vertex 1.14336 11.5189 -2.5
    endloop
  endfacet
  facet normal 0 0 -1
    outer loop
      vertex -0.386755 11.6797 -2.5
      vertex 1.69859 16.161 -2.5
      vertex 0.386755 11.6797 -2.5
    endloop
  endfacet
  facet normal 0 0 -1
    outer loop
      vertex -1.69859 16.161 -2.5
      vertex -0.386755 11.6797 -2.5
      vertex -1.14336 11.5189 -2.5
    endloop
  endfacet
  facet normal 0 0 -1
    outer loop
      vertex -0.386755 11.6797 -2.5
      vertex -1.69859 16.161 -2.5
      vertex 1.69859 16.161 -2.5
    endloop
  endfacet
  facet normal 0 0 -1
    outer loop
      vertex -1.85 11.2043 -2.5
      vertex -1.69859 16.161 -2.5
      vertex -1.14336 11.5189 -2.5
    endloop
  endfacet
  facet normal 0 0 -1
    outer loop
      vertex -5.02153 15.4547 -2.5
      vertex -1.85 11.2043 -2.5
      vertex -2.47578 10.7496 -2.5
    endloop
  endfacet
  facet normal 0 0 -1
    outer loop
      vertex -5.02153 15.4547 -2.5
      vertex -2.47578 10.7496 -2.5
      vertex -2.99336 10.1748 -2.5
    endloop
  endfacet
  facet normal 0 0 -1
    outer loop
      vertex -8.125 14.0729 -2.5
      vertex -2.99336 10.1748 -2.5
      vertex -3.38012 9.50492 -2.5
    endloop
  endfacet
  facet normal 0 0 -1
    outer loop
      vertex -8.125 14.0729 -2.5
      vertex -3.38012 9.50492 -2.5
      vertex -3.61915 8.76927 -2.5
    endloop
  endfacet
  facet normal 0 0 -1
    outer loop
      vertex -4.66311 1.70829 -2.5
      vertex -3.61915 7.23073 -2.5
      vertex -4.39178 0.873229 -2.5
    endloop
  endfacet
  facet normal 0 0 -1
    outer loop
      vertex -5.10213 2.4687 -2.5
      vertex -3.61915 7.23073 -2.5
      vertex -4.66311 1.70829 -2.5
    endloop
  endfacet
  facet normal 0 0 -1
    outer loop
      vertex -5.68965 3.12121 -2.5
      vertex -3.61915 7.23073 -2.5
      vertex -5.10213 2.4687 -2.5
    endloop
  endfacet
  facet normal 0 0 -1
    outer loop
      vertex -1.85 11.2043 -2.5
      vertex -5.02153 15.4547 -2.5
      vertex -1.69859 16.161 -2.5
    endloop
  endfacet
  facet normal 0 0 -1
    outer loop
      vertex -6.4 3.63731 -2.5
      vertex -3.61915 7.23073 -2.5
      vertex -5.68965 3.12121 -2.5
    endloop
  endfacet
  facet normal 0 0 -1
    outer loop
      vertex -7.20213 3.99444 -2.5
      vertex -3.61915 7.23073 -2.5
      vertex -6.4 3.63731 -2.5
    endloop
  endfacet
  facet normal -0 0 -1
    outer loop
      vertex -3.61915 7.23073 -2.5
      vertex -7.20213 3.99444 -2.5
      vertex -3.7 8 -2.5
    endloop
  endfacet
  facet normal 0 0 -1
    outer loop
      vertex -8.06098 4.17699 -2.5
      vertex -3.7 8 -2.5
      vertex -7.20213 3.99444 -2.5
    endloop
  endfacet
  facet normal 0 0 -1
    outer loop
      vertex -10.8734 12.0761 -2.5
      vertex -3.7 8 -2.5
      vertex -8.06098 4.17699 -2.5
    endloop
  endfacet
  facet normal 0 0 -1
    outer loop
      vertex -3.7 8 -2.5
      vertex -10.8734 12.0761 -2.5
      vertex -3.61915 8.76927 -2.5
    endloop
  endfacet
  facet normal 0 0 -1
    outer loop
      vertex -2.99336 10.1748 -2.5
      vertex -8.125 14.0729 -2.5
      vertex -5.02153 15.4547 -2.5
    endloop
  endfacet
  facet normal 0 0 -1
    outer loop
      vertex -10.8734 12.0761 -2.5
      vertex -8.06098 4.17699 -2.5
      vertex -8.93902 4.17699 -2.5
    endloop
  endfacet
  facet normal 0 0 -1
    outer loop
      vertex -13.1465 9.55151 -2.5
      vertex -8.93902 4.17699 -2.5
      vertex -9.79787 3.99444 -2.5
    endloop
  endfacet
  facet normal 0 0 -1
    outer loop
      vertex -13.1465 9.55151 -2.5
      vertex -9.79787 3.99444 -2.5
      vertex -10.6 3.63731 -2.5
    endloop
  endfacet
  facet normal 0 0 -1
    outer loop
      vertex -3.61915 8.76927 -2.5
      vertex -10.8734 12.0761 -2.5
      vertex -8.125 14.0729 -2.5
    endloop
  endfacet
  facet normal 0 0 -1
    outer loop
      vertex -14.8451 6.60947 -2.5
      vertex -10.6 3.63731 -2.5
      vertex -11.3103 3.12121 -2.5
    endloop
  endfacet
  facet normal 0 0 -1
    outer loop
      vertex -14.8451 6.60947 -2.5
      vertex -11.3103 3.12121 -2.5
      vertex -11.8979 2.4687 -2.5
    endloop
  endfacet
  facet normal 0 0 -1
    outer loop
      vertex -15.8949 3.37856 -2.5
      vertex -11.8979 2.4687 -2.5
      vertex -12.3369 1.70829 -2.5
    endloop
  endfacet
  facet normal 0 0 -1
    outer loop
      vertex -15.8949 3.37856 -2.5
      vertex -12.3369 1.70829 -2.5
      vertex -12.6082 0.873229 -2.5
    endloop
  endfacet
  facet normal 0 0 -1
    outer loop
      vertex -8.93902 4.17699 -2.5
      vertex -13.1465 9.55151 -2.5
      vertex -10.8734 12.0761 -2.5
    endloop
  endfacet
  facet normal 0 0 -1
    outer loop
      vertex -16.25 0 -2.5
      vertex -12.6082 0.873229 -2.5
      vertex -12.7 0 -2.5
    endloop
  endfacet
  facet normal -0 0 -1
    outer loop
      vertex -12.3369 -1.70829 -2.5
      vertex -15.8949 -3.37856 -2.5
      vertex -12.6082 -0.873229 -2.5
    endloop
  endfacet
  facet normal 0 0 -1
    outer loop
      vertex -16.25 0 -2.5
      vertex -12.6082 -0.873229 -2.5
      vertex -15.8949 -3.37856 -2.5
    endloop
  endfacet
  facet normal 0 0 -1
    outer loop
      vertex -10.6 3.63731 -2.5
      vertex -14.8451 6.60947 -2.5
      vertex -13.1465 9.55151 -2.5
    endloop
  endfacet
  facet normal 0 0 -1
    outer loop
      vertex -12.6082 -0.873229 -2.5
      vertex -16.25 0 -2.5
      vertex -12.7 0 -2.5
    endloop
  endfacet
  facet normal 0 0 -1
    outer loop
      vertex -11.8979 2.4687 -2.5
      vertex -15.8949 3.37856 -2.5
      vertex -14.8451 6.60947 -2.5
    endloop
  endfacet
  facet normal -0 0 -1
    outer loop
      vertex -12.6082 0.873229 -2.5
      vertex -16.25 0 -2.5
      vertex -15.8949 3.37856 -2.5
    endloop
  endfacet
  facet normal 0 0 -1
    outer loop
      vertex 2.641 0.561361 -2.5
      vertex 4.3 0 -2.5
      vertex 2.7 0 -2.5
    endloop
  endfacet
  facet normal 0 0 -1
    outer loop
      vertex 4.3 0 -2.5
      vertex 3.38012 6.49508 -2.5
      vertex 3.61915 7.23073 -2.5
    endloop
  endfacet
  facet normal 0 0 -1
    outer loop
      vertex 2.641 -0.561361 -2.5
      vertex 4.3 0 -2.5
      vertex 4.40271 -0.977184 -2.5
    endloop
  endfacet
  facet normal 0 0 -1
    outer loop
      vertex 2.46657 1.09819 -2.5
      vertex 4.3 0 -2.5
      vertex 2.641 0.561361 -2.5
    endloop
  endfacet
  facet normal 0 0 -1
    outer loop
      vertex 4.3 0 -2.5
      vertex 2.99336 5.8252 -2.5
      vertex 3.38012 6.49508 -2.5
    endloop
  endfacet
  facet normal 0 0 -1
    outer loop
      vertex 2.18435 1.58702 -2.5
      vertex 4.3 0 -2.5
      vertex 2.46657 1.09819 -2.5
    endloop
  endfacet
  facet normal 0 -0 -1
    outer loop
      vertex 2.47578 5.25036 -2.5
      vertex 4.3 0 -2.5
      vertex 2.18435 1.58702 -2.5
    endloop
  endfacet
  facet normal 0 0 -1
    outer loop
      vertex 4.3 0 -2.5
      vertex 2.47578 5.25036 -2.5
      vertex 2.99336 5.8252 -2.5
    endloop
  endfacet
  facet normal 0 0 -1
    outer loop
      vertex 1.80665 2.00649 -2.5
      vertex 2.47578 5.25036 -2.5
      vertex 2.18435 1.58702 -2.5
    endloop
  endfacet
  facet normal 0 0 -1
    outer loop
      vertex 2.47578 5.25036 -2.5
      vertex 1.80665 2.00649 -2.5
      vertex 1.85 4.79571 -2.5
    endloop
  endfacet
  facet normal 0 0 -1
    outer loop
      vertex 1.35 2.33827 -2.5
      vertex 1.85 4.79571 -2.5
      vertex 1.80665 2.00649 -2.5
    endloop
  endfacet
  facet normal 0 0 -1
    outer loop
      vertex 1.35 2.33827 -2.5
      vertex 1.14336 4.48109 -2.5
      vertex 1.85 4.79571 -2.5
    endloop
  endfacet
  facet normal 0 0 -1
    outer loop
      vertex 0.834346 2.56785 -2.5
      vertex 1.14336 4.48109 -2.5
      vertex 1.35 2.33827 -2.5
    endloop
  endfacet
  facet normal 0 0 -1
    outer loop
      vertex 0.834346 2.56785 -2.5
      vertex 0.386755 4.32027 -2.5
      vertex 1.14336 4.48109 -2.5
    endloop
  endfacet
  facet normal 0 0 -1
    outer loop
      vertex 0.282227 2.68521 -2.5
      vertex 0.386755 4.32027 -2.5
      vertex 0.834346 2.56785 -2.5
    endloop
  endfacet
  facet normal 0 0 -1
    outer loop
      vertex -0.282227 2.68521 -2.5
      vertex 0.386755 4.32027 -2.5
      vertex 0.282227 2.68521 -2.5
    endloop
  endfacet
  facet normal 0 0 -1
    outer loop
      vertex -0.282227 2.68521 -2.5
      vertex -0.386755 4.32027 -2.5
      vertex 0.386755 4.32027 -2.5
    endloop
  endfacet
  facet normal 0 0 -1
    outer loop
      vertex -0.834346 2.56785 -2.5
      vertex -0.386755 4.32027 -2.5
      vertex -0.282227 2.68521 -2.5
    endloop
  endfacet
  facet normal 0 0 -1
    outer loop
      vertex -0.834346 2.56785 -2.5
      vertex -1.14336 4.48109 -2.5
      vertex -0.386755 4.32027 -2.5
    endloop
  endfacet
  facet normal 0 0 -1
    outer loop
      vertex -1.35 2.33827 -2.5
      vertex -1.14336 4.48109 -2.5
      vertex -0.834346 2.56785 -2.5
    endloop
  endfacet
  facet normal 0 0 -1
    outer loop
      vertex -1.85 4.79571 -2.5
      vertex -1.35 2.33827 -2.5
      vertex -1.80665 2.00649 -2.5
    endloop
  endfacet
  facet normal 0 0 -1
    outer loop
      vertex -1.35 2.33827 -2.5
      vertex -1.85 4.79571 -2.5
      vertex -1.14336 4.48109 -2.5
    endloop
  endfacet
  facet normal 0 0 -1
    outer loop
      vertex -2.47578 5.25036 -2.5
      vertex -1.80665 2.00649 -2.5
      vertex -2.18435 1.58702 -2.5
    endloop
  endfacet
  facet normal 0 0 -1
    outer loop
      vertex -2.99336 5.8252 -2.5
      vertex -2.18435 1.58702 -2.5
      vertex -2.46657 1.09819 -2.5
    endloop
  endfacet
  facet normal 0 0 -1
    outer loop
      vertex -1.80665 2.00649 -2.5
      vertex -2.47578 5.25036 -2.5
      vertex -1.85 4.79571 -2.5
    endloop
  endfacet
  facet normal 0 0 -1
    outer loop
      vertex -2.99336 5.8252 -2.5
      vertex -2.46657 1.09819 -2.5
      vertex -2.641 0.561361 -2.5
    endloop
  endfacet
  facet normal 0 0 -1
    outer loop
      vertex -3.38012 6.49508 -2.5
      vertex -2.641 0.561361 -2.5
      vertex -2.7 0 -2.5
    endloop
  endfacet
  facet normal 0 0 -1
    outer loop
      vertex -2.18435 1.58702 -2.5
      vertex -2.99336 5.8252 -2.5
      vertex -2.47578 5.25036 -2.5
    endloop
  endfacet
  facet normal -0 0 -1
    outer loop
      vertex -2.641 -0.561361 -2.5
      vertex -3.13007 -6.83468 -2.5
      vertex -2.7 0 -2.5
    endloop
  endfacet
  facet normal 0 0 -1
    outer loop
      vertex -3.61915 7.23073 -2.5
      vertex -2.7 0 -2.5
      vertex -3.13007 -6.83468 -2.5
    endloop
  endfacet
  facet normal 0 0 -1
    outer loop
      vertex -7.20213 -3.99444 -2.5
      vertex -3.13007 -6.83468 -2.5
      vertex -3.2 -7.5 -2.5
    endloop
  endfacet
  facet normal 0 0 -1
    outer loop
      vertex -2.641 0.561361 -2.5
      vertex -3.38012 6.49508 -2.5
      vertex -2.99336 5.8252 -2.5
    endloop
  endfacet
  facet normal -0.406748 -0.91354 0
    outer loop
      vertex -8.125 -14.0729 -2.5
      vertex -5.02153 -15.4547 2.5
      vertex -8.125 -14.0729 2.5
    endloop
  endfacet
  facet normal -0.406748 -0.91354 -0
    outer loop
      vertex -5.02153 -15.4547 2.5
      vertex -8.125 -14.0729 -2.5
      vertex -5.02153 -15.4547 -2.5
    endloop
  endfacet
  facet normal -0.743152 0.669122 0
    outer loop
      vertex -13.1465 9.55151 -2.5
      vertex -10.8734 12.0761 2.5
      vertex -10.8734 12.0761 -2.5
    endloop
  endfacet
  facet normal -0.743152 0.669122 0
    outer loop
      vertex -10.8734 12.0761 2.5
      vertex -13.1465 9.55151 -2.5
      vertex -13.1465 9.55151 2.5
    endloop
  endfacet
  facet normal -0.951055 -0.309023 0
    outer loop
      vertex 2.641 0.561361 -2.5
      vertex 2.46657 1.09819 -0.6
      vertex 2.46657 1.09819 -2.5
    endloop
  endfacet
  facet normal -0.951055 -0.309023 0
    outer loop
      vertex 2.46657 1.09819 -0.6
      vertex 2.641 0.561361 -2.5
      vertex 2.641 0.561361 -0.6
    endloop
  endfacet
  facet normal -0.994522 -0.104526 0
    outer loop
      vertex 2.7 0 -2.5
      vertex 2.641 0.561361 -0.6
      vertex 2.641 0.561361 -2.5
    endloop
  endfacet
  facet normal -0.994522 -0.104526 0
    outer loop
      vertex 2.641 0.561361 -0.6
      vertex 2.7 0 -2.5
      vertex 2.7 0 -0.6
    endloop
  endfacet
  facet normal -0.86603 -0.499992 0
    outer loop
      vertex 2.46657 1.09819 -2.5
      vertex 2.18435 1.58702 -0.6
      vertex 2.18435 1.58702 -2.5
    endloop
  endfacet
  facet normal -0.86603 -0.499992 0
    outer loop
      vertex 2.18435 1.58702 -0.6
      vertex 2.46657 1.09819 -2.5
      vertex 2.46657 1.09819 -0.6
    endloop
  endfacet
  facet normal -0.951055 0.309023 0
    outer loop
      vertex 2.46657 -1.09819 -2.5
      vertex 2.641 -0.561361 -0.6
      vertex 2.641 -0.561361 -2.5
    endloop
  endfacet
  facet normal -0.951055 0.309023 0
    outer loop
      vertex 2.641 -0.561361 -0.6
      vertex 2.46657 -1.09819 -2.5
      vertex 2.46657 -1.09819 -0.6
    endloop
  endfacet
  facet normal -0.994522 0.104526 0
    outer loop
      vertex 2.641 -0.561361 -2.5
      vertex 2.7 0 -0.6
      vertex 2.7 0 -2.5
    endloop
  endfacet
  facet normal -0.994522 0.104526 0
    outer loop
      vertex 2.7 0 -0.6
      vertex 2.641 -0.561361 -2.5
      vertex 2.641 -0.561361 -0.6
    endloop
  endfacet
  facet normal -0.743138 -0.669138 0
    outer loop
      vertex 2.18435 1.58702 -2.5
      vertex 1.80665 2.00649 -0.6
      vertex 1.80665 2.00649 -2.5
    endloop
  endfacet
  facet normal -0.743138 -0.669138 0
    outer loop
      vertex 1.80665 2.00649 -0.6
      vertex 2.18435 1.58702 -2.5
      vertex 2.18435 1.58702 -0.6
    endloop
  endfacet
  facet normal 0.951055 0.309023 0
    outer loop
      vertex -2.46657 -1.09819 -0.6
      vertex -2.641 -0.561361 -2.5
      vertex -2.641 -0.561361 -0.6
    endloop
  endfacet
  facet normal 0.951055 0.309023 0
    outer loop
      vertex -2.641 -0.561361 -2.5
      vertex -2.46657 -1.09819 -0.6
      vertex -2.46657 -1.09819 -2.5
    endloop
  endfacet
  facet normal 0.743138 -0.669138 0
    outer loop
      vertex -2.18435 1.58702 -0.6
      vertex -1.80665 2.00649 -2.5
      vertex -1.80665 2.00649 -0.6
    endloop
  endfacet
  facet normal 0.743138 -0.669138 0
    outer loop
      vertex -1.80665 2.00649 -2.5
      vertex -2.18435 1.58702 -0.6
      vertex -2.18435 1.58702 -2.5
    endloop
  endfacet
  facet normal 0.951055 -0.309023 0
    outer loop
      vertex -2.641 0.561361 -0.6
      vertex -2.46657 1.09819 -2.5
      vertex -2.46657 1.09819 -0.6
    endloop
  endfacet
  facet normal 0.951055 -0.309023 0
    outer loop
      vertex -2.46657 1.09819 -2.5
      vertex -2.641 0.561361 -0.6
      vertex -2.641 0.561361 -2.5
    endloop
  endfacet
  facet normal -0.58779 0.809013 0
    outer loop
      vertex 1.80665 -2.00649 -2.5
      vertex 1.35 -2.33827 -0.6
      vertex 1.80665 -2.00649 -0.6
    endloop
  endfacet
  facet normal -0.58779 0.809013 0
    outer loop
      vertex 1.35 -2.33827 -0.6
      vertex 1.80665 -2.00649 -2.5
      vertex 1.35 -2.33827 -2.5
    endloop
  endfacet
  facet normal 0.58779 -0.809013 0
    outer loop
      vertex -1.80665 2.00649 -2.5
      vertex -1.35 2.33827 -0.6
      vertex -1.80665 2.00649 -0.6
    endloop
  endfacet
  facet normal 0.58779 -0.809013 0
    outer loop
      vertex -1.35 2.33827 -0.6
      vertex -1.80665 2.00649 -2.5
      vertex -1.35 2.33827 -2.5
    endloop
  endfacet
  facet normal 0.86603 -0.499992 0
    outer loop
      vertex -2.46657 1.09819 -0.6
      vertex -2.18435 1.58702 -2.5
      vertex -2.18435 1.58702 -0.6
    endloop
  endfacet
  facet normal 0.86603 -0.499992 0
    outer loop
      vertex -2.18435 1.58702 -2.5
      vertex -2.46657 1.09819 -0.6
      vertex -2.46657 1.09819 -2.5
    endloop
  endfacet
  facet normal -0.86603 0.499992 0
    outer loop
      vertex 2.18435 -1.58702 -2.5
      vertex 2.46657 -1.09819 -0.6
      vertex 2.46657 -1.09819 -2.5
    endloop
  endfacet
  facet normal -0.86603 0.499992 0
    outer loop
      vertex 2.46657 -1.09819 -0.6
      vertex 2.18435 -1.58702 -2.5
      vertex 2.18435 -1.58702 -0.6
    endloop
  endfacet
  facet normal 0 -1 0
    outer loop
      vertex -0.282227 2.68521 -2.5
      vertex 0.282227 2.68521 -0.6
      vertex -0.282227 2.68521 -0.6
    endloop
  endfacet
  facet normal 0 -1 -0
    outer loop
      vertex 0.282227 2.68521 -0.6
      vertex -0.282227 2.68521 -2.5
      vertex 0.282227 2.68521 -2.5
    endloop
  endfacet
  facet normal 0.406731 -0.913548 0
    outer loop
      vertex -1.35 2.33827 -2.5
      vertex -0.834346 2.56785 -0.6
      vertex -1.35 2.33827 -0.6
    endloop
  endfacet
  facet normal 0.406731 -0.913548 0
    outer loop
      vertex -0.834346 2.56785 -0.6
      vertex -1.35 2.33827 -2.5
      vertex -0.834346 2.56785 -2.5
    endloop
  endfacet
  facet normal 0.207918 0.978146 -0
    outer loop
      vertex -0.282227 -2.68521 -2.5
      vertex -0.834346 -2.56785 -0.6
      vertex -0.282227 -2.68521 -0.6
    endloop
  endfacet
  facet normal 0.207918 0.978146 0
    outer loop
      vertex -0.834346 -2.56785 -0.6
      vertex -0.282227 -2.68521 -2.5
      vertex -0.834346 -2.56785 -2.5
    endloop
  endfacet
  facet normal 0.207918 -0.978146 0
    outer loop
      vertex -0.834346 2.56785 -2.5
      vertex -0.282227 2.68521 -0.6
      vertex -0.834346 2.56785 -0.6
    endloop
  endfacet
  facet normal 0.207918 -0.978146 0
    outer loop
      vertex -0.282227 2.68521 -0.6
      vertex -0.834346 2.56785 -2.5
      vertex -0.282227 2.68521 -2.5
    endloop
  endfacet
  facet normal -0.207918 0.978146 0
    outer loop
      vertex 0.834346 -2.56785 -2.5
      vertex 0.282227 -2.68521 -0.6
      vertex 0.834346 -2.56785 -0.6
    endloop
  endfacet
  facet normal -0.207918 0.978146 0
    outer loop
      vertex 0.282227 -2.68521 -0.6
      vertex 0.834346 -2.56785 -2.5
      vertex 0.282227 -2.68521 -2.5
    endloop
  endfacet
  facet normal -0.743138 0.669138 0
    outer loop
      vertex 1.80665 -2.00649 -2.5
      vertex 2.18435 -1.58702 -0.6
      vertex 2.18435 -1.58702 -2.5
    endloop
  endfacet
  facet normal -0.743138 0.669138 0
    outer loop
      vertex 2.18435 -1.58702 -0.6
      vertex 1.80665 -2.00649 -2.5
      vertex 1.80665 -2.00649 -0.6
    endloop
  endfacet
  facet normal -0.406731 0.913548 0
    outer loop
      vertex 1.35 -2.33827 -2.5
      vertex 0.834346 -2.56785 -0.6
      vertex 1.35 -2.33827 -0.6
    endloop
  endfacet
  facet normal -0.406731 0.913548 0
    outer loop
      vertex 0.834346 -2.56785 -0.6
      vertex 1.35 -2.33827 -2.5
      vertex 0.834346 -2.56785 -2.5
    endloop
  endfacet
  facet normal 0.58779 0.809013 -0
    outer loop
      vertex -1.35 -2.33827 -2.5
      vertex -1.80665 -2.00649 -0.6
      vertex -1.35 -2.33827 -0.6
    endloop
  endfacet
  facet normal 0.58779 0.809013 0
    outer loop
      vertex -1.80665 -2.00649 -0.6
      vertex -1.35 -2.33827 -2.5
      vertex -1.80665 -2.00649 -2.5
    endloop
  endfacet
  facet normal -0.58779 -0.809013 0
    outer loop
      vertex 1.35 2.33827 -2.5
      vertex 1.80665 2.00649 -0.6
      vertex 1.35 2.33827 -0.6
    endloop
  endfacet
  facet normal -0.58779 -0.809013 -0
    outer loop
      vertex 1.80665 2.00649 -0.6
      vertex 1.35 2.33827 -2.5
      vertex 1.80665 2.00649 -2.5
    endloop
  endfacet
  facet normal 0.994522 -0.104526 0
    outer loop
      vertex -2.7 0 -0.6
      vertex -2.641 0.561361 -2.5
      vertex -2.641 0.561361 -0.6
    endloop
  endfacet
  facet normal 0.994522 -0.104526 0
    outer loop
      vertex -2.641 0.561361 -2.5
      vertex -2.7 0 -0.6
      vertex -2.7 0 -2.5
    endloop
  endfacet
  facet normal -0.207918 -0.978146 0
    outer loop
      vertex 0.282227 2.68521 -2.5
      vertex 0.834346 2.56785 -0.6
      vertex 0.282227 2.68521 -0.6
    endloop
  endfacet
  facet normal -0.207918 -0.978146 -0
    outer loop
      vertex 0.834346 2.56785 -0.6
      vertex 0.282227 2.68521 -2.5
      vertex 0.834346 2.56785 -2.5
    endloop
  endfacet
  facet normal 0.86603 0.499992 0
    outer loop
      vertex -2.18435 -1.58702 -0.6
      vertex -2.46657 -1.09819 -2.5
      vertex -2.46657 -1.09819 -0.6
    endloop
  endfacet
  facet normal 0.86603 0.499992 0
    outer loop
      vertex -2.46657 -1.09819 -2.5
      vertex -2.18435 -1.58702 -0.6
      vertex -2.18435 -1.58702 -2.5
    endloop
  endfacet
  facet normal -0.406731 -0.913548 0
    outer loop
      vertex 0.834346 2.56785 -2.5
      vertex 1.35 2.33827 -0.6
      vertex 0.834346 2.56785 -0.6
    endloop
  endfacet
  facet normal -0.406731 -0.913548 -0
    outer loop
      vertex 1.35 2.33827 -0.6
      vertex 0.834346 2.56785 -2.5
      vertex 1.35 2.33827 -2.5
    endloop
  endfacet
  facet normal 0 1 -0
    outer loop
      vertex 0.282227 -2.68521 -2.5
      vertex -0.282227 -2.68521 -0.6
      vertex 0.282227 -2.68521 -0.6
    endloop
  endfacet
  facet normal 0 1 0
    outer loop
      vertex -0.282227 -2.68521 -0.6
      vertex 0.282227 -2.68521 -2.5
      vertex -0.282227 -2.68521 -2.5
    endloop
  endfacet
  facet normal 0.994522 0.104526 0
    outer loop
      vertex -2.641 -0.561361 -0.6
      vertex -2.7 0 -2.5
      vertex -2.7 0 -0.6
    endloop
  endfacet
  facet normal 0.994522 0.104526 0
    outer loop
      vertex -2.7 0 -2.5
      vertex -2.641 -0.561361 -0.6
      vertex -2.641 -0.561361 -2.5
    endloop
  endfacet
  facet normal 0.743138 0.669138 0
    outer loop
      vertex -1.80665 -2.00649 -0.6
      vertex -2.18435 -1.58702 -2.5
      vertex -2.18435 -1.58702 -0.6
    endloop
  endfacet
  facet normal 0.743138 0.669138 0
    outer loop
      vertex -2.18435 -1.58702 -2.5
      vertex -1.80665 -2.00649 -0.6
      vertex -1.80665 -2.00649 -2.5
    endloop
  endfacet
  facet normal 0.406731 0.913548 -0
    outer loop
      vertex -0.834346 -2.56785 -2.5
      vertex -1.35 -2.33827 -0.6
      vertex -0.834346 -2.56785 -0.6
    endloop
  endfacet
  facet normal 0.406731 0.913548 0
    outer loop
      vertex -1.35 -2.33827 -0.6
      vertex -0.834346 -2.56785 -2.5
      vertex -1.35 -2.33827 -2.5
    endloop
  endfacet
  facet normal -0.595686 -0.536362 -0.597891
    outer loop
      vertex 1.80665 2.00649 -0.6
      vertex 1.45623 1.05801 0.6
      vertex 1.20443 1.33766 0.6
    endloop
  endfacet
  facet normal 0.762344 0.247706 -0.59789
    outer loop
      vertex -1.64438 -0.732125 0.6
      vertex -2.46657 -1.09819 -0.6
      vertex -2.641 -0.561361 -0.6
    endloop
  endfacet
  facet normal -0.797186 -0.0837997 -0.59789
    outer loop
      vertex 2.7 0 -0.6
      vertex 1.8 0 0.6
      vertex 1.76066 0.374241 0.6
    endloop
  endfacet
  facet normal -0.797185 -0.0837855 -0.597893
    outer loop
      vertex 2.641 0.561361 -0.6
      vertex 2.7 0 -0.6
      vertex 1.76066 0.374241 0.6
    endloop
  endfacet
  facet normal 0.694185 0.400788 -0.597893
    outer loop
      vertex -1.64438 -0.732125 0.6
      vertex -1.45623 -1.05801 0.6
      vertex -2.18435 -1.58702 -0.6
    endloop
  endfacet
  facet normal -0.69419 -0.400782 -0.597891
    outer loop
      vertex 2.18435 1.58702 -0.6
      vertex 2.46657 1.09819 -0.6
      vertex 1.64438 0.732125 0.6
    endloop
  endfacet
  facet normal 0.69419 -0.400782 -0.597891
    outer loop
      vertex -2.18435 1.58702 -0.6
      vertex -1.64438 0.732125 0.6
      vertex -2.46657 1.09819 -0.6
    endloop
  endfacet
  facet normal -0.326027 0.73228 -0.59789
    outer loop
      vertex 1.35 -2.33827 -0.6
      vertex 0.834346 -2.56785 -0.6
      vertex 0.556231 -1.7119 0.6
    endloop
  endfacet
  facet normal -0.762344 -0.247706 -0.59789
    outer loop
      vertex 2.46657 1.09819 -0.6
      vertex 2.641 0.561361 -0.6
      vertex 1.64438 0.732125 0.6
    endloop
  endfacet
  facet normal -0.326021 -0.732284 -0.597888
    outer loop
      vertex 1.35 2.33827 -0.6
      vertex 0.9 1.55885 0.6
      vertex 0.556231 1.7119 0.6
    endloop
  endfacet
  facet normal -0.326021 0.732284 -0.597888
    outer loop
      vertex 0.9 -1.55885 0.6
      vertex 1.35 -2.33827 -0.6
      vertex 0.556231 -1.7119 0.6
    endloop
  endfacet
  facet normal -0.471167 0.648481 -0.597891
    outer loop
      vertex 1.20443 -1.33766 0.6
      vertex 1.80665 -2.00649 -0.6
      vertex 0.9 -1.55885 0.6
    endloop
  endfacet
  facet normal 0.47116 0.648488 -0.597889
    outer loop
      vertex -0.9 -1.55885 0.6
      vertex -1.35 -2.33827 -0.6
      vertex -1.80665 -2.00649 -0.6
    endloop
  endfacet
  facet normal 0.326027 0.73228 -0.59789
    outer loop
      vertex -0.556231 -1.7119 0.6
      vertex -0.834346 -2.56785 -0.6
      vertex -1.35 -2.33827 -0.6
    endloop
  endfacet
  facet normal 0.166661 -0.784061 -0.59789
    outer loop
      vertex -0.282227 2.68521 -0.6
      vertex -0.18815 1.79014 0.6
      vertex -0.556231 1.7119 0.6
    endloop
  endfacet
  facet normal 0.166662 -0.784061 -0.59789
    outer loop
      vertex -0.282227 2.68521 -0.6
      vertex -0.556231 1.7119 0.6
      vertex -0.834346 2.56785 -0.6
    endloop
  endfacet
  facet normal -0.326027 -0.73228 -0.59789
    outer loop
      vertex 0.834346 2.56785 -0.6
      vertex 1.35 2.33827 -0.6
      vertex 0.556231 1.7119 0.6
    endloop
  endfacet
  facet normal -0.694185 -0.400788 -0.597893
    outer loop
      vertex 2.18435 1.58702 -0.6
      vertex 1.64438 0.732125 0.6
      vertex 1.45623 1.05801 0.6
    endloop
  endfacet
  facet normal 0.762344 -0.247706 -0.59789
    outer loop
      vertex -2.46657 1.09819 -0.6
      vertex -1.64438 0.732125 0.6
      vertex -2.641 0.561361 -0.6
    endloop
  endfacet
  facet normal 0.797186 -0.0837997 -0.59789
    outer loop
      vertex -1.76066 0.374241 0.6
      vertex -1.8 0 0.6
      vertex -2.7 0 -0.6
    endloop
  endfacet
  facet normal -0.471167 -0.648481 -0.597891
    outer loop
      vertex 1.80665 2.00649 -0.6
      vertex 1.20443 1.33766 0.6
      vertex 0.9 1.55885 0.6
    endloop
  endfacet
  facet normal -0.595682 0.536365 -0.597892
    outer loop
      vertex 2.18435 -1.58702 -0.6
      vertex 1.80665 -2.00649 -0.6
      vertex 1.45623 -1.05801 0.6
    endloop
  endfacet
  facet normal -0.694185 0.400788 -0.597893
    outer loop
      vertex 1.64438 -0.732125 0.6
      vertex 2.18435 -1.58702 -0.6
      vertex 1.45623 -1.05801 0.6
    endloop
  endfacet
  facet normal 0.326021 0.732284 -0.597888
    outer loop
      vertex -0.9 -1.55885 0.6
      vertex -0.556231 -1.7119 0.6
      vertex -1.35 -2.33827 -0.6
    endloop
  endfacet
  facet normal 0.69419 0.400782 -0.597891
    outer loop
      vertex -1.64438 -0.732125 0.6
      vertex -2.18435 -1.58702 -0.6
      vertex -2.46657 -1.09819 -0.6
    endloop
  endfacet
  facet normal -0.595682 -0.536365 -0.597892
    outer loop
      vertex 1.80665 2.00649 -0.6
      vertex 2.18435 1.58702 -0.6
      vertex 1.45623 1.05801 0.6
    endloop
  endfacet
  facet normal -0.595686 0.536362 -0.597891
    outer loop
      vertex 1.45623 -1.05801 0.6
      vertex 1.80665 -2.00649 -0.6
      vertex 1.20443 -1.33766 0.6
    endloop
  endfacet
  facet normal -0.47116 -0.648488 -0.597889
    outer loop
      vertex 1.35 2.33827 -0.6
      vertex 1.80665 2.00649 -0.6
      vertex 0.9 1.55885 0.6
    endloop
  endfacet
  facet normal 0.595686 0.536362 -0.597891
    outer loop
      vertex -1.45623 -1.05801 0.6
      vertex -1.20443 -1.33766 0.6
      vertex -1.80665 -2.00649 -0.6
    endloop
  endfacet
  facet normal -0.166662 -0.784061 -0.59789
    outer loop
      vertex 0.834346 2.56785 -0.6
      vertex 0.556231 1.7119 0.6
      vertex 0.282227 2.68521 -0.6
    endloop
  endfacet
  facet normal 0.471167 0.648481 -0.597891
    outer loop
      vertex -1.20443 -1.33766 0.6
      vertex -0.9 -1.55885 0.6
      vertex -1.80665 -2.00649 -0.6
    endloop
  endfacet
  facet normal 0.797185 0.0837855 -0.597893
    outer loop
      vertex -1.76066 -0.374241 0.6
      vertex -2.641 -0.561361 -0.6
      vertex -2.7 0 -0.6
    endloop
  endfacet
  facet normal -0.797185 0.0837855 -0.597893
    outer loop
      vertex 2.7 0 -0.6
      vertex 2.641 -0.561361 -0.6
      vertex 1.76066 -0.374241 0.6
    endloop
  endfacet
  facet normal -0.797186 0.0837997 -0.59789
    outer loop
      vertex 1.8 0 0.6
      vertex 2.7 0 -0.6
      vertex 1.76066 -0.374241 0.6
    endloop
  endfacet
  facet normal 0.166661 0.784061 -0.59789
    outer loop
      vertex -0.18815 -1.79014 0.6
      vertex -0.282227 -2.68521 -0.6
      vertex -0.556231 -1.7119 0.6
    endloop
  endfacet
  facet normal 0.797186 0.0837997 -0.59789
    outer loop
      vertex -1.8 0 0.6
      vertex -1.76066 -0.374241 0.6
      vertex -2.7 0 -0.6
    endloop
  endfacet
  facet normal 0.595682 -0.536365 -0.597892
    outer loop
      vertex -1.80665 2.00649 -0.6
      vertex -1.45623 1.05801 0.6
      vertex -2.18435 1.58702 -0.6
    endloop
  endfacet
  facet normal 0.166662 0.784061 -0.59789
    outer loop
      vertex -0.556231 -1.7119 0.6
      vertex -0.282227 -2.68521 -0.6
      vertex -0.834346 -2.56785 -0.6
    endloop
  endfacet
  facet normal 0.797185 -0.0837855 -0.597893
    outer loop
      vertex -2.641 0.561361 -0.6
      vertex -1.76066 0.374241 0.6
      vertex -2.7 0 -0.6
    endloop
  endfacet
  facet normal -0.762346 -0.247694 -0.597893
    outer loop
      vertex 2.641 0.561361 -0.6
      vertex 1.76066 0.374241 0.6
      vertex 1.64438 0.732125 0.6
    endloop
  endfacet
  facet normal -0.69419 0.400782 -0.597891
    outer loop
      vertex 2.46657 -1.09819 -0.6
      vertex 2.18435 -1.58702 -0.6
      vertex 1.64438 -0.732125 0.6
    endloop
  endfacet
  facet normal -0.762344 0.247706 -0.59789
    outer loop
      vertex 2.641 -0.561361 -0.6
      vertex 2.46657 -1.09819 -0.6
      vertex 1.64438 -0.732125 0.6
    endloop
  endfacet
  facet normal 0.762346 0.247694 -0.597893
    outer loop
      vertex -1.76066 -0.374241 0.6
      vertex -1.64438 -0.732125 0.6
      vertex -2.641 -0.561361 -0.6
    endloop
  endfacet
  facet normal 0.595682 0.536365 -0.597892
    outer loop
      vertex -1.45623 -1.05801 0.6
      vertex -1.80665 -2.00649 -0.6
      vertex -2.18435 -1.58702 -0.6
    endloop
  endfacet
  facet normal 0.326021 -0.732284 -0.597888
    outer loop
      vertex -0.556231 1.7119 0.6
      vertex -0.9 1.55885 0.6
      vertex -1.35 2.33827 -0.6
    endloop
  endfacet
  facet normal -0.166661 -0.784061 -0.59789
    outer loop
      vertex 0.282227 2.68521 -0.6
      vertex 0.556231 1.7119 0.6
      vertex 0.18815 1.79014 0.6
    endloop
  endfacet
  facet normal -0.47116 0.648488 -0.597889
    outer loop
      vertex 1.80665 -2.00649 -0.6
      vertex 1.35 -2.33827 -0.6
      vertex 0.9 -1.55885 0.6
    endloop
  endfacet
  facet normal -0.166662 0.784061 -0.59789
    outer loop
      vertex 0.556231 -1.7119 0.6
      vertex 0.834346 -2.56785 -0.6
      vertex 0.282227 -2.68521 -0.6
    endloop
  endfacet
  facet normal -0.762346 0.247694 -0.597893
    outer loop
      vertex 1.76066 -0.374241 0.6
      vertex 2.641 -0.561361 -0.6
      vertex 1.64438 -0.732125 0.6
    endloop
  endfacet
  facet normal 0 -0.801578 -0.59789
    outer loop
      vertex -0.282227 2.68521 -0.6
      vertex 0.18815 1.79014 0.6
      vertex -0.18815 1.79014 0.6
    endloop
  endfacet
  facet normal 0 -0.801578 -0.59789
    outer loop
      vertex 0.18815 1.79014 0.6
      vertex -0.282227 2.68521 -0.6
      vertex 0.282227 2.68521 -0.6
    endloop
  endfacet
  facet normal -0.166661 0.784061 -0.59789
    outer loop
      vertex 0.556231 -1.7119 0.6
      vertex 0.282227 -2.68521 -0.6
      vertex 0.18815 -1.79014 0.6
    endloop
  endfacet
  facet normal 0.326027 -0.73228 -0.59789
    outer loop
      vertex -0.834346 2.56785 -0.6
      vertex -0.556231 1.7119 0.6
      vertex -1.35 2.33827 -0.6
    endloop
  endfacet
  facet normal 0.47116 -0.648488 -0.597889
    outer loop
      vertex -1.35 2.33827 -0.6
      vertex -0.9 1.55885 0.6
      vertex -1.80665 2.00649 -0.6
    endloop
  endfacet
  facet normal 0 0.801578 -0.59789
    outer loop
      vertex 0.282227 -2.68521 -0.6
      vertex -0.18815 -1.79014 0.6
      vertex 0.18815 -1.79014 0.6
    endloop
  endfacet
  facet normal 0 0.801578 -0.59789
    outer loop
      vertex -0.18815 -1.79014 0.6
      vertex 0.282227 -2.68521 -0.6
      vertex -0.282227 -2.68521 -0.6
    endloop
  endfacet
  facet normal 0.595686 -0.536362 -0.597891
    outer loop
      vertex -1.20443 1.33766 0.6
      vertex -1.45623 1.05801 0.6
      vertex -1.80665 2.00649 -0.6
    endloop
  endfacet
  facet normal 0.471167 -0.648481 -0.597891
    outer loop
      vertex -0.9 1.55885 0.6
      vertex -1.20443 1.33766 0.6
      vertex -1.80665 2.00649 -0.6
    endloop
  endfacet
  facet normal 0.762346 -0.247694 -0.597893
    outer loop
      vertex -1.64438 0.732125 0.6
      vertex -1.76066 0.374241 0.6
      vertex -2.641 0.561361 -0.6
    endloop
  endfacet
  facet normal 0.694185 -0.400788 -0.597893
    outer loop
      vertex -1.45623 1.05801 0.6
      vertex -1.64438 0.732125 0.6
      vertex -2.18435 1.58702 -0.6
    endloop
  endfacet
  facet normal 0 0 -1
    outer loop
      vertex 1.76066 -0.374241 0.6
      vertex 1.76066 0.374241 0.6
      vertex 1.8 0 0.6
    endloop
  endfacet
  facet normal 0 0 -1
    outer loop
      vertex 1.64438 -0.732125 0.6
      vertex 1.76066 0.374241 0.6
      vertex 1.76066 -0.374241 0.6
    endloop
  endfacet
  facet normal 0 0 -1
    outer loop
      vertex 1.64438 -0.732125 0.6
      vertex 1.64438 0.732125 0.6
      vertex 1.76066 0.374241 0.6
    endloop
  endfacet
  facet normal 0 0 -1
    outer loop
      vertex 1.45623 -1.05801 0.6
      vertex 1.64438 0.732125 0.6
      vertex 1.64438 -0.732125 0.6
    endloop
  endfacet
  facet normal 0 0 -1
    outer loop
      vertex 1.45623 -1.05801 0.6
      vertex 1.45623 1.05801 0.6
      vertex 1.64438 0.732125 0.6
    endloop
  endfacet
  facet normal 0 0 -1
    outer loop
      vertex 1.20443 -1.33766 0.6
      vertex 1.45623 1.05801 0.6
      vertex 1.45623 -1.05801 0.6
    endloop
  endfacet
  facet normal 0 0 -1
    outer loop
      vertex 1.20443 -1.33766 0.6
      vertex 1.20443 1.33766 0.6
      vertex 1.45623 1.05801 0.6
    endloop
  endfacet
  facet normal 0 0 -1
    outer loop
      vertex 0.9 -1.55885 0.6
      vertex 1.20443 1.33766 0.6
      vertex 1.20443 -1.33766 0.6
    endloop
  endfacet
  facet normal 0 0 -1
    outer loop
      vertex 0.9 -1.55885 0.6
      vertex 0.9 1.55885 0.6
      vertex 1.20443 1.33766 0.6
    endloop
  endfacet
  facet normal 0 0 -1
    outer loop
      vertex 0.556231 -1.7119 0.6
      vertex 0.9 1.55885 0.6
      vertex 0.9 -1.55885 0.6
    endloop
  endfacet
  facet normal 0 0 -1
    outer loop
      vertex 0.556231 -1.7119 0.6
      vertex 0.556231 1.7119 0.6
      vertex 0.9 1.55885 0.6
    endloop
  endfacet
  facet normal 0 0 -1
    outer loop
      vertex 0.18815 -1.79014 0.6
      vertex 0.556231 1.7119 0.6
      vertex 0.556231 -1.7119 0.6
    endloop
  endfacet
  facet normal 0 0 -1
    outer loop
      vertex 0.18815 -1.79014 0.6
      vertex 0.18815 1.79014 0.6
      vertex 0.556231 1.7119 0.6
    endloop
  endfacet
  facet normal 0 0 -1
    outer loop
      vertex -0.18815 -1.79014 0.6
      vertex 0.18815 1.79014 0.6
      vertex 0.18815 -1.79014 0.6
    endloop
  endfacet
  facet normal 0 0 -1
    outer loop
      vertex -0.18815 -1.79014 0.6
      vertex -0.18815 1.79014 0.6
      vertex 0.18815 1.79014 0.6
    endloop
  endfacet
  facet normal 0 0 -1
    outer loop
      vertex -0.556231 -1.7119 0.6
      vertex -0.18815 1.79014 0.6
      vertex -0.18815 -1.79014 0.6
    endloop
  endfacet
  facet normal 0 0 -1
    outer loop
      vertex -0.556231 -1.7119 0.6
      vertex -0.556231 1.7119 0.6
      vertex -0.18815 1.79014 0.6
    endloop
  endfacet
  facet normal 0 0 -1
    outer loop
      vertex -0.9 -1.55885 0.6
      vertex -0.556231 1.7119 0.6
      vertex -0.556231 -1.7119 0.6
    endloop
  endfacet
  facet normal 0 0 -1
    outer loop
      vertex -0.9 -1.55885 0.6
      vertex -0.9 1.55885 0.6
      vertex -0.556231 1.7119 0.6
    endloop
  endfacet
  facet normal 0 0 -1
    outer loop
      vertex -1.20443 -1.33766 0.6
      vertex -0.9 1.55885 0.6
      vertex -0.9 -1.55885 0.6
    endloop
  endfacet
  facet normal 0 0 -1
    outer loop
      vertex -1.20443 -1.33766 0.6
      vertex -1.20443 1.33766 0.6
      vertex -0.9 1.55885 0.6
    endloop
  endfacet
  facet normal 0 0 -1
    outer loop
      vertex -1.45623 -1.05801 0.6
      vertex -1.20443 1.33766 0.6
      vertex -1.20443 -1.33766 0.6
    endloop
  endfacet
  facet normal 0 0 -1
    outer loop
      vertex -1.45623 -1.05801 0.6
      vertex -1.45623 1.05801 0.6
      vertex -1.20443 1.33766 0.6
    endloop
  endfacet
  facet normal 0 0 -1
    outer loop
      vertex -1.64438 -0.732125 0.6
      vertex -1.45623 1.05801 0.6
      vertex -1.45623 -1.05801 0.6
    endloop
  endfacet
  facet normal 0 0 -1
    outer loop
      vertex -1.64438 -0.732125 0.6
      vertex -1.64438 0.732125 0.6
      vertex -1.45623 1.05801 0.6
    endloop
  endfacet
  facet normal 0 0 -1
    outer loop
      vertex -1.76066 -0.374241 0.6
      vertex -1.64438 0.732125 0.6
      vertex -1.64438 -0.732125 0.6
    endloop
  endfacet
  facet normal 0 0 -1
    outer loop
      vertex -1.76066 -0.374241 0.6
      vertex -1.76066 0.374241 0.6
      vertex -1.64438 0.732125 0.6
    endloop
  endfacet
  facet normal 0 -0 -1
    outer loop
      vertex -1.76066 0.374241 0.6
      vertex -1.76066 -0.374241 0.6
      vertex -1.8 0 0.6
    endloop
  endfacet
  facet normal 0.743149 0.669126 0
    outer loop
      vertex -2.14122 -9.87806 -0.6
      vertex -2.58885 -9.38091 -2.5
      vertex -2.58885 -9.38091 -0.6
    endloop
  endfacet
  facet normal 0.743149 0.669126 0
    outer loop
      vertex -2.58885 -9.38091 -2.5
      vertex -2.14122 -9.87806 -0.6
      vertex -2.14122 -9.87806 -2.5
    endloop
  endfacet
  facet normal -0.951055 -0.309021 0
    outer loop
      vertex 3.13007 -6.83468 -2.5
      vertex 2.92334 -6.19844 -0.6
      vertex 2.92334 -6.19844 -2.5
    endloop
  endfacet
  facet normal -0.951055 -0.309021 0
    outer loop
      vertex 2.92334 -6.19844 -0.6
      vertex 3.13007 -6.83468 -2.5
      vertex 3.13007 -6.83468 -0.6
    endloop
  endfacet
  facet normal -0.994522 -0.104531 0
    outer loop
      vertex 3.2 -7.5 -2.5
      vertex 3.13007 -6.83468 -0.6
      vertex 3.13007 -6.83468 -2.5
    endloop
  endfacet
  facet normal -0.994522 -0.104531 0
    outer loop
      vertex 3.13007 -6.83468 -0.6
      vertex 3.2 -7.5 -2.5
      vertex 3.2 -7.5 -0.6
    endloop
  endfacet
  facet normal -0.866024 -0.500002 0
    outer loop
      vertex 2.92334 -6.19844 -2.5
      vertex 2.58885 -5.61909 -0.6
      vertex 2.58885 -5.61909 -2.5
    endloop
  endfacet
  facet normal -0.866024 -0.500002 0
    outer loop
      vertex 2.58885 -5.61909 -0.6
      vertex 2.92334 -6.19844 -2.5
      vertex 2.92334 -6.19844 -0.6
    endloop
  endfacet
  facet normal -0.951055 0.309021 0
    outer loop
      vertex 2.92334 -8.80156 -2.5
      vertex 3.13007 -8.16532 -0.6
      vertex 3.13007 -8.16532 -2.5
    endloop
  endfacet
  facet normal -0.951055 0.309021 0
    outer loop
      vertex 3.13007 -8.16532 -0.6
      vertex 2.92334 -8.80156 -2.5
      vertex 2.92334 -8.80156 -0.6
    endloop
  endfacet
  facet normal 0.587786 -0.809017 0
    outer loop
      vertex -2.14122 -5.12194 -2.5
      vertex -1.6 -4.72872 -0.6
      vertex -2.14122 -5.12194 -0.6
    endloop
  endfacet
  facet normal 0.587786 -0.809017 0
    outer loop
      vertex -1.6 -4.72872 -0.6
      vertex -2.14122 -5.12194 -2.5
      vertex -1.6 -4.72872 -2.5
    endloop
  endfacet
  facet normal -0.587805 0.809002 0
    outer loop
      vertex 2.14122 -9.87806 -2.5
      vertex 1.6 -10.2713 -0.6
      vertex 2.14122 -9.87806 -0.6
    endloop
  endfacet
  facet normal -0.587805 0.809002 0
    outer loop
      vertex 1.6 -10.2713 -0.6
      vertex 2.14122 -9.87806 -2.5
      vertex 1.6 -10.2713 -2.5
    endloop
  endfacet
  facet normal -0.743149 0.669126 0
    outer loop
      vertex 2.14122 -9.87806 -2.5
      vertex 2.58885 -9.38091 -0.6
      vertex 2.58885 -9.38091 -2.5
    endloop
  endfacet
  facet normal -0.743149 0.669126 0
    outer loop
      vertex 2.58885 -9.38091 -0.6
      vertex 2.14122 -9.87806 -2.5
      vertex 2.14122 -9.87806 -0.6
    endloop
  endfacet
  facet normal -0.994522 0.104531 0
    outer loop
      vertex 3.13007 -8.16532 -2.5
      vertex 3.2 -7.5 -0.6
      vertex 3.2 -7.5 -2.5
    endloop
  endfacet
  facet normal -0.994522 0.104531 0
    outer loop
      vertex 3.2 -7.5 -0.6
      vertex 3.13007 -8.16532 -2.5
      vertex 3.13007 -8.16532 -0.6
    endloop
  endfacet
  facet normal 0.406736 0.913546 -0
    outer loop
      vertex -0.988853 -10.5434 -2.5
      vertex -1.6 -10.2713 -0.6
      vertex -0.988853 -10.5434 -0.6
    endloop
  endfacet
  facet normal 0.406736 0.913546 0
    outer loop
      vertex -1.6 -10.2713 -0.6
      vertex -0.988853 -10.5434 -2.5
      vertex -1.6 -10.2713 -2.5
    endloop
  endfacet
  facet normal -0.406736 -0.913546 0
    outer loop
      vertex 0.988853 -4.45662 -2.5
      vertex 1.6 -4.72872 -0.6
      vertex 0.988853 -4.45662 -0.6
    endloop
  endfacet
  facet normal -0.406736 -0.913546 -0
    outer loop
      vertex 1.6 -4.72872 -0.6
      vertex 0.988853 -4.45662 -2.5
      vertex 1.6 -4.72872 -2.5
    endloop
  endfacet
  facet normal -0.743149 -0.669126 0
    outer loop
      vertex 2.58885 -5.61909 -2.5
      vertex 2.14122 -5.12194 -0.6
      vertex 2.14122 -5.12194 -2.5
    endloop
  endfacet
  facet normal -0.743149 -0.669126 0
    outer loop
      vertex 2.14122 -5.12194 -0.6
      vertex 2.58885 -5.61909 -2.5
      vertex 2.58885 -5.61909 -0.6
    endloop
  endfacet
  facet normal 0.587805 0.809002 -0
    outer loop
      vertex -1.6 -10.2713 -2.5
      vertex -2.14122 -9.87806 -0.6
      vertex -1.6 -10.2713 -0.6
    endloop
  endfacet
  facet normal 0.587805 0.809002 0
    outer loop
      vertex -2.14122 -9.87806 -0.6
      vertex -1.6 -10.2713 -2.5
      vertex -2.14122 -9.87806 -2.5
    endloop
  endfacet
  facet normal 0.743149 -0.669126 0
    outer loop
      vertex -2.58885 -5.61909 -0.6
      vertex -2.14122 -5.12194 -2.5
      vertex -2.14122 -5.12194 -0.6
    endloop
  endfacet
  facet normal 0.743149 -0.669126 0
    outer loop
      vertex -2.14122 -5.12194 -2.5
      vertex -2.58885 -5.61909 -0.6
      vertex -2.58885 -5.61909 -2.5
    endloop
  endfacet
  facet normal 0 -1 0
    outer loop
      vertex -0.334491 -4.31753 -2.5
      vertex 0.334491 -4.31753 -0.6
      vertex -0.334491 -4.31753 -0.6
    endloop
  endfacet
  facet normal 0 -1 -0
    outer loop
      vertex 0.334491 -4.31753 -0.6
      vertex -0.334491 -4.31753 -2.5
      vertex 0.334491 -4.31753 -2.5
    endloop
  endfacet
  facet normal -0.406736 0.913546 0
    outer loop
      vertex 1.6 -10.2713 -2.5
      vertex 0.988853 -10.5434 -0.6
      vertex 1.6 -10.2713 -0.6
    endloop
  endfacet
  facet normal -0.406736 0.913546 0
    outer loop
      vertex 0.988853 -10.5434 -0.6
      vertex 1.6 -10.2713 -2.5
      vertex 0.988853 -10.5434 -2.5
    endloop
  endfacet
  facet normal -0.207928 0.978144 0
    outer loop
      vertex 0.988853 -10.5434 -2.5
      vertex 0.334491 -10.6825 -0.6
      vertex 0.988853 -10.5434 -0.6
    endloop
  endfacet
  facet normal -0.207928 0.978144 0
    outer loop
      vertex 0.334491 -10.6825 -0.6
      vertex 0.988853 -10.5434 -2.5
      vertex 0.334491 -10.6825 -2.5
    endloop
  endfacet
  facet normal 0.951055 -0.309021 0
    outer loop
      vertex -3.13007 -6.83468 -0.6
      vertex -2.92334 -6.19844 -2.5
      vertex -2.92334 -6.19844 -0.6
    endloop
  endfacet
  facet normal 0.951055 -0.309021 0
    outer loop
      vertex -2.92334 -6.19844 -2.5
      vertex -3.13007 -6.83468 -0.6
      vertex -3.13007 -6.83468 -2.5
    endloop
  endfacet
  facet normal 0.951055 0.309021 0
    outer loop
      vertex -2.92334 -8.80156 -0.6
      vertex -3.13007 -8.16532 -2.5
      vertex -3.13007 -8.16532 -0.6
    endloop
  endfacet
  facet normal 0.951055 0.309021 0
    outer loop
      vertex -3.13007 -8.16532 -2.5
      vertex -2.92334 -8.80156 -0.6
      vertex -2.92334 -8.80156 -2.5
    endloop
  endfacet
  facet normal 0.406736 -0.913546 0
    outer loop
      vertex -1.6 -4.72872 -2.5
      vertex -0.988853 -4.45662 -0.6
      vertex -1.6 -4.72872 -0.6
    endloop
  endfacet
  facet normal 0.406736 -0.913546 0
    outer loop
      vertex -0.988853 -4.45662 -0.6
      vertex -1.6 -4.72872 -2.5
      vertex -0.988853 -4.45662 -2.5
    endloop
  endfacet
  facet normal 0.207928 0.978144 -0
    outer loop
      vertex -0.334491 -10.6825 -2.5
      vertex -0.988853 -10.5434 -0.6
      vertex -0.334491 -10.6825 -0.6
    endloop
  endfacet
  facet normal 0.207928 0.978144 0
    outer loop
      vertex -0.988853 -10.5434 -0.6
      vertex -0.334491 -10.6825 -2.5
      vertex -0.988853 -10.5434 -2.5
    endloop
  endfacet
  facet normal -0.207913 -0.978147 0
    outer loop
      vertex 0.334491 -4.31753 -2.5
      vertex 0.988853 -4.45662 -0.6
      vertex 0.334491 -4.31753 -0.6
    endloop
  endfacet
  facet normal -0.207913 -0.978147 -0
    outer loop
      vertex 0.988853 -4.45662 -0.6
      vertex 0.334491 -4.31753 -2.5
      vertex 0.988853 -4.45662 -2.5
    endloop
  endfacet
  facet normal 0.994522 0.104531 0
    outer loop
      vertex -3.13007 -8.16532 -0.6
      vertex -3.2 -7.5 -2.5
      vertex -3.2 -7.5 -0.6
    endloop
  endfacet
  facet normal 0.994522 0.104531 0
    outer loop
      vertex -3.2 -7.5 -2.5
      vertex -3.13007 -8.16532 -0.6
      vertex -3.13007 -8.16532 -2.5
    endloop
  endfacet
  facet normal 0.994522 -0.104531 0
    outer loop
      vertex -3.2 -7.5 -0.6
      vertex -3.13007 -6.83468 -2.5
      vertex -3.13007 -6.83468 -0.6
    endloop
  endfacet
  facet normal 0.994522 -0.104531 0
    outer loop
      vertex -3.13007 -6.83468 -2.5
      vertex -3.2 -7.5 -0.6
      vertex -3.2 -7.5 -2.5
    endloop
  endfacet
  facet normal 0.866024 0.500002 0
    outer loop
      vertex -2.58885 -9.38091 -0.6
      vertex -2.92334 -8.80156 -2.5
      vertex -2.92334 -8.80156 -0.6
    endloop
  endfacet
  facet normal 0.866024 0.500002 0
    outer loop
      vertex -2.92334 -8.80156 -2.5
      vertex -2.58885 -9.38091 -0.6
      vertex -2.58885 -9.38091 -2.5
    endloop
  endfacet
  facet normal 0.866024 -0.500002 0
    outer loop
      vertex -2.92334 -6.19844 -0.6
      vertex -2.58885 -5.61909 -2.5
      vertex -2.58885 -5.61909 -0.6
    endloop
  endfacet
  facet normal 0.866024 -0.500002 0
    outer loop
      vertex -2.58885 -5.61909 -2.5
      vertex -2.92334 -6.19844 -0.6
      vertex -2.92334 -6.19844 -2.5
    endloop
  endfacet
  facet normal -0.866024 0.500002 0
    outer loop
      vertex 2.58885 -9.38091 -2.5
      vertex 2.92334 -8.80156 -0.6
      vertex 2.92334 -8.80156 -2.5
    endloop
  endfacet
  facet normal -0.866024 0.500002 0
    outer loop
      vertex 2.92334 -8.80156 -0.6
      vertex 2.58885 -9.38091 -2.5
      vertex 2.58885 -9.38091 -0.6
    endloop
  endfacet
  facet normal -0.587786 -0.809017 0
    outer loop
      vertex 1.6 -4.72872 -2.5
      vertex 2.14122 -5.12194 -0.6
      vertex 1.6 -4.72872 -0.6
    endloop
  endfacet
  facet normal -0.587786 -0.809017 -0
    outer loop
      vertex 2.14122 -5.12194 -0.6
      vertex 1.6 -4.72872 -2.5
      vertex 2.14122 -5.12194 -2.5
    endloop
  endfacet
  facet normal 0.207913 -0.978147 0
    outer loop
      vertex -0.988853 -4.45662 -2.5
      vertex -0.334491 -4.31753 -0.6
      vertex -0.988853 -4.45662 -0.6
    endloop
  endfacet
  facet normal 0.207913 -0.978147 0
    outer loop
      vertex -0.334491 -4.31753 -0.6
      vertex -0.988853 -4.45662 -2.5
      vertex -0.334491 -4.31753 -2.5
    endloop
  endfacet
  facet normal 0 1 -0
    outer loop
      vertex 0.334491 -10.6825 -2.5
      vertex -0.334491 -10.6825 -0.6
      vertex 0.334491 -10.6825 -0.6
    endloop
  endfacet
  facet normal 0 1 0
    outer loop
      vertex -0.334491 -10.6825 -0.6
      vertex 0.334491 -10.6825 -2.5
      vertex -0.334491 -10.6825 -2.5
    endloop
  endfacet
  facet normal -0.745113 -0.078318 -0.662324
    outer loop
      vertex 3.2 -7.5 -0.6
      vertex 2.13333 -7.5 0.6
      vertex 2.08671 -7.05646 0.6
    endloop
  endfacet
  facet normal -0.745112 -0.0783168 -0.662325
    outer loop
      vertex 3.13007 -6.83468 -0.6
      vertex 3.2 -7.5 -0.6
      vertex 2.08671 -7.05646 0.6
    endloop
  endfacet
  facet normal -0.648839 0.374615 -0.662323
    outer loop
      vertex 1.9489 -8.3677 0.6
      vertex 2.58885 -9.38091 -0.6
      vertex 1.7259 -8.75394 0.6
    endloop
  endfacet
  facet normal 0.648842 -0.374611 -0.662322
    outer loop
      vertex -2.58885 -5.61909 -0.6
      vertex -1.9489 -6.6323 0.6
      vertex -2.92334 -6.19844 -0.6
    endloop
  endfacet
  facet normal -0.44038 -0.60613 -0.662323
    outer loop
      vertex 1.6 -4.72872 -0.6
      vertex 2.14122 -5.12194 -0.6
      vertex 1.06667 -5.65248 0.6
    endloop
  endfacet
  facet normal -0.155772 -0.732846 -0.662323
    outer loop
      vertex 0.988853 -4.45662 -0.6
      vertex 0.659236 -5.47108 0.6
      vertex 0.334491 -4.31753 -0.6
    endloop
  endfacet
  facet normal 0.556778 0.501324 -0.662324
    outer loop
      vertex -1.7259 -8.75394 0.6
      vertex -1.42748 -9.08537 0.6
      vertex -2.14122 -9.87806 -0.6
    endloop
  endfacet
  facet normal -0.556778 -0.501324 -0.662324
    outer loop
      vertex 2.14122 -5.12194 -0.6
      vertex 1.7259 -6.24606 0.6
      vertex 1.42748 -5.91463 0.6
    endloop
  endfacet
  facet normal -0.712546 0.231524 -0.662325
    outer loop
      vertex 3.13007 -8.16532 -0.6
      vertex 2.92334 -8.80156 -0.6
      vertex 2.08671 -7.94354 0.6
    endloop
  endfacet
  facet normal -0.304735 -0.684445 -0.662323
    outer loop
      vertex 1.6 -4.72872 -0.6
      vertex 1.06667 -5.65248 0.6
      vertex 0.988853 -4.45662 -0.6
    endloop
  endfacet
  facet normal 0.648842 0.374611 -0.662322
    outer loop
      vertex -1.9489 -8.3677 0.6
      vertex -2.58885 -9.38091 -0.6
      vertex -2.92334 -8.80156 -0.6
    endloop
  endfacet
  facet normal -0.648842 -0.374611 -0.662322
    outer loop
      vertex 2.58885 -5.61909 -0.6
      vertex 2.92334 -6.19844 -0.6
      vertex 1.9489 -6.6323 0.6
    endloop
  endfacet
  facet normal 0.712555 0.23151 -0.662321
    outer loop
      vertex -2.08671 -7.94354 0.6
      vertex -1.9489 -8.3677 0.6
      vertex -2.92334 -8.80156 -0.6
    endloop
  endfacet
  facet normal 0.745113 -0.078318 -0.662324
    outer loop
      vertex -2.08671 -7.05646 0.6
      vertex -2.13333 -7.5 0.6
      vertex -3.2 -7.5 -0.6
    endloop
  endfacet
  facet normal 0.556778 -0.501324 -0.662324
    outer loop
      vertex -1.42748 -5.91463 0.6
      vertex -1.7259 -6.24606 0.6
      vertex -2.14122 -5.12194 -0.6
    endloop
  endfacet
  facet normal 0.745112 -0.0783168 -0.662325
    outer loop
      vertex -3.13007 -6.83468 -0.6
      vertex -2.08671 -7.05646 0.6
      vertex -3.2 -7.5 -0.6
    endloop
  endfacet
  facet normal 0.304732 0.68444 -0.662329
    outer loop
      vertex -1.06667 -9.34752 0.6
      vertex -0.988853 -10.5434 -0.6
      vertex -1.6 -10.2713 -0.6
    endloop
  endfacet
  facet normal -0.556781 -0.501321 -0.662323
    outer loop
      vertex 2.14122 -5.12194 -0.6
      vertex 2.58885 -5.61909 -0.6
      vertex 1.7259 -6.24606 0.6
    endloop
  endfacet
  facet normal -0.440386 -0.606124 -0.662325
    outer loop
      vertex 2.14122 -5.12194 -0.6
      vertex 1.42748 -5.91463 0.6
      vertex 1.06667 -5.65248 0.6
    endloop
  endfacet
  facet normal 0.648839 0.374615 -0.662323
    outer loop
      vertex -1.9489 -8.3677 0.6
      vertex -1.7259 -8.75394 0.6
      vertex -2.58885 -9.38091 -0.6
    endloop
  endfacet
  facet normal -0.304733 -0.684446 -0.662323
    outer loop
      vertex 0.988853 -4.45662 -0.6
      vertex 1.06667 -5.65248 0.6
      vertex 0.659236 -5.47108 0.6
    endloop
  endfacet
  facet normal 0.712546 -0.231524 -0.662325
    outer loop
      vertex -2.92334 -6.19844 -0.6
      vertex -2.08671 -7.05646 0.6
      vertex -3.13007 -6.83468 -0.6
    endloop
  endfacet
  facet normal 0.648839 -0.374615 -0.662323
    outer loop
      vertex -1.7259 -6.24606 0.6
      vertex -1.9489 -6.6323 0.6
      vertex -2.58885 -5.61909 -0.6
    endloop
  endfacet
  facet normal 0.712546 0.231524 -0.662325
    outer loop
      vertex -2.08671 -7.94354 0.6
      vertex -2.92334 -8.80156 -0.6
      vertex -3.13007 -8.16532 -0.6
    endloop
  endfacet
  facet normal 0.745112 0.0783168 -0.662325
    outer loop
      vertex -2.08671 -7.94354 0.6
      vertex -3.13007 -8.16532 -0.6
      vertex -3.2 -7.5 -0.6
    endloop
  endfacet
  facet normal -0.648839 -0.374615 -0.662323
    outer loop
      vertex 2.58885 -5.61909 -0.6
      vertex 1.9489 -6.6323 0.6
      vertex 1.7259 -6.24606 0.6
    endloop
  endfacet
  facet normal -0.712555 -0.23151 -0.662321
    outer loop
      vertex 2.92334 -6.19844 -0.6
      vertex 2.08671 -7.05646 0.6
      vertex 1.9489 -6.6323 0.6
    endloop
  endfacet
  facet normal -0.712546 -0.231524 -0.662325
    outer loop
      vertex 2.92334 -6.19844 -0.6
      vertex 3.13007 -6.83468 -0.6
      vertex 2.08671 -7.05646 0.6
    endloop
  endfacet
  facet normal -0.155776 0.732837 -0.662332
    outer loop
      vertex 0.659236 -9.52892 0.6
      vertex 0.334491 -10.6825 -0.6
      vertex 0.222994 -9.62165 0.6
    endloop
  endfacet
  facet normal 0.440386 0.606124 -0.662325
    outer loop
      vertex -1.42748 -9.08537 0.6
      vertex -1.06667 -9.34752 0.6
      vertex -2.14122 -9.87806 -0.6
    endloop
  endfacet
  facet normal 0.556781 -0.501321 -0.662323
    outer loop
      vertex -2.14122 -5.12194 -0.6
      vertex -1.7259 -6.24606 0.6
      vertex -2.58885 -5.61909 -0.6
    endloop
  endfacet
  facet normal -0.155782 0.732837 -0.662331
    outer loop
      vertex 0.659236 -9.52892 0.6
      vertex 0.988853 -10.5434 -0.6
      vertex 0.334491 -10.6825 -0.6
    endloop
  endfacet
  facet normal 0 0 -1
    outer loop
      vertex 2.08671 -7.94354 0.6
      vertex 2.08671 -7.05646 0.6
      vertex 2.13333 -7.5 0.6
    endloop
  endfacet
  facet normal 0 0 -1
    outer loop
      vertex 1.9489 -8.3677 0.6
      vertex 2.08671 -7.05646 0.6
      vertex 2.08671 -7.94354 0.6
    endloop
  endfacet
  facet normal 0 0 -1
    outer loop
      vertex 1.9489 -8.3677 0.6
      vertex 1.9489 -6.6323 0.6
      vertex 2.08671 -7.05646 0.6
    endloop
  endfacet
  facet normal 0 0 -1
    outer loop
      vertex 1.7259 -8.75394 0.6
      vertex 1.9489 -6.6323 0.6
      vertex 1.9489 -8.3677 0.6
    endloop
  endfacet
  facet normal 0 0 -1
    outer loop
      vertex 1.7259 -8.75394 0.6
      vertex 1.7259 -6.24606 0.6
      vertex 1.9489 -6.6323 0.6
    endloop
  endfacet
  facet normal 0 0 -1
    outer loop
      vertex 1.42748 -9.08537 0.6
      vertex 1.7259 -6.24606 0.6
      vertex 1.7259 -8.75394 0.6
    endloop
  endfacet
  facet normal 0 0 -1
    outer loop
      vertex 1.42748 -9.08537 0.6
      vertex 1.42748 -5.91463 0.6
      vertex 1.7259 -6.24606 0.6
    endloop
  endfacet
  facet normal 0 0 -1
    outer loop
      vertex 1.06667 -9.34752 0.6
      vertex 1.42748 -5.91463 0.6
      vertex 1.42748 -9.08537 0.6
    endloop
  endfacet
  facet normal 0 0 -1
    outer loop
      vertex 1.06667 -9.34752 0.6
      vertex 1.06667 -5.65248 0.6
      vertex 1.42748 -5.91463 0.6
    endloop
  endfacet
  facet normal 0 0 -1
    outer loop
      vertex 0.659236 -9.52892 0.6
      vertex 1.06667 -5.65248 0.6
      vertex 1.06667 -9.34752 0.6
    endloop
  endfacet
  facet normal 0 0 -1
    outer loop
      vertex 0.659236 -9.52892 0.6
      vertex 0.659236 -5.47108 0.6
      vertex 1.06667 -5.65248 0.6
    endloop
  endfacet
  facet normal 0 0 -1
    outer loop
      vertex 0.222994 -9.62165 0.6
      vertex 0.659236 -5.47108 0.6
      vertex 0.659236 -9.52892 0.6
    endloop
  endfacet
  facet normal 0 0 -1
    outer loop
      vertex 0.222994 -9.62165 0.6
      vertex 0.222994 -5.37835 0.6
      vertex 0.659236 -5.47108 0.6
    endloop
  endfacet
  facet normal 0 0 -1
    outer loop
      vertex -0.222994 -9.62165 0.6
      vertex 0.222994 -5.37835 0.6
      vertex 0.222994 -9.62165 0.6
    endloop
  endfacet
  facet normal 0 0 -1
    outer loop
      vertex -0.222994 -9.62165 0.6
      vertex -0.222994 -5.37835 0.6
      vertex 0.222994 -5.37835 0.6
    endloop
  endfacet
  facet normal 0 0 -1
    outer loop
      vertex -0.659236 -9.52892 0.6
      vertex -0.222994 -5.37835 0.6
      vertex -0.222994 -9.62165 0.6
    endloop
  endfacet
  facet normal 0 0 -1
    outer loop
      vertex -0.659236 -9.52892 0.6
      vertex -0.659236 -5.47108 0.6
      vertex -0.222994 -5.37835 0.6
    endloop
  endfacet
  facet normal 0 0 -1
    outer loop
      vertex -1.06667 -9.34752 0.6
      vertex -0.659236 -5.47108 0.6
      vertex -0.659236 -9.52892 0.6
    endloop
  endfacet
  facet normal 0 0 -1
    outer loop
      vertex -1.06667 -9.34752 0.6
      vertex -1.06667 -5.65248 0.6
      vertex -0.659236 -5.47108 0.6
    endloop
  endfacet
  facet normal 0 0 -1
    outer loop
      vertex -1.42748 -9.08537 0.6
      vertex -1.06667 -5.65248 0.6
      vertex -1.06667 -9.34752 0.6
    endloop
  endfacet
  facet normal 0 0 -1
    outer loop
      vertex -1.42748 -9.08537 0.6
      vertex -1.42748 -5.91463 0.6
      vertex -1.06667 -5.65248 0.6
    endloop
  endfacet
  facet normal 0 0 -1
    outer loop
      vertex -1.7259 -8.75394 0.6
      vertex -1.42748 -5.91463 0.6
      vertex -1.42748 -9.08537 0.6
    endloop
  endfacet
  facet normal 0 0 -1
    outer loop
      vertex -1.7259 -8.75394 0.6
      vertex -1.7259 -6.24606 0.6
      vertex -1.42748 -5.91463 0.6
    endloop
  endfacet
  facet normal 0 0 -1
    outer loop
      vertex -1.9489 -8.3677 0.6
      vertex -1.7259 -6.24606 0.6
      vertex -1.7259 -8.75394 0.6
    endloop
  endfacet
  facet normal 0 0 -1
    outer loop
      vertex -1.9489 -8.3677 0.6
      vertex -1.9489 -6.6323 0.6
      vertex -1.7259 -6.24606 0.6
    endloop
  endfacet
  facet normal 0 0 -1
    outer loop
      vertex -2.08671 -7.94354 0.6
      vertex -1.9489 -6.6323 0.6
      vertex -1.9489 -8.3677 0.6
    endloop
  endfacet
  facet normal 0 0 -1
    outer loop
      vertex -2.08671 -7.94354 0.6
      vertex -2.08671 -7.05646 0.6
      vertex -1.9489 -6.6323 0.6
    endloop
  endfacet
  facet normal 0 -0 -1
    outer loop
      vertex -2.08671 -7.05646 0.6
      vertex -2.08671 -7.94354 0.6
      vertex -2.13333 -7.5 0.6
    endloop
  endfacet
  facet normal 0.155772 -0.732846 -0.662323
    outer loop
      vertex -0.334491 -4.31753 -0.6
      vertex -0.659236 -5.47108 0.6
      vertex -0.988853 -4.45662 -0.6
    endloop
  endfacet
  facet normal 0.155778 -0.732846 -0.662322
    outer loop
      vertex -0.334491 -4.31753 -0.6
      vertex -0.222994 -5.37835 0.6
      vertex -0.659236 -5.47108 0.6
    endloop
  endfacet
  facet normal 0.304735 -0.684445 -0.662323
    outer loop
      vertex -0.988853 -4.45662 -0.6
      vertex -1.06667 -5.65248 0.6
      vertex -1.6 -4.72872 -0.6
    endloop
  endfacet
  facet normal 0.556781 0.501321 -0.662323
    outer loop
      vertex -1.7259 -8.75394 0.6
      vertex -2.14122 -9.87806 -0.6
      vertex -2.58885 -9.38091 -0.6
    endloop
  endfacet
  facet normal -0.440392 0.606116 -0.662327
    outer loop
      vertex 2.14122 -9.87806 -0.6
      vertex 1.6 -10.2713 -0.6
      vertex 1.06667 -9.34752 0.6
    endloop
  endfacet
  facet normal 0.30473 0.684441 -0.66233
    outer loop
      vertex -0.659236 -9.52892 0.6
      vertex -0.988853 -10.5434 -0.6
      vertex -1.06667 -9.34752 0.6
    endloop
  endfacet
  facet normal -0.440386 0.606124 -0.662325
    outer loop
      vertex 1.42748 -9.08537 0.6
      vertex 2.14122 -9.87806 -0.6
      vertex 1.06667 -9.34752 0.6
    endloop
  endfacet
  facet normal -0.745112 0.0783168 -0.662325
    outer loop
      vertex 3.2 -7.5 -0.6
      vertex 3.13007 -8.16532 -0.6
      vertex 2.08671 -7.94354 0.6
    endloop
  endfacet
  facet normal -0.745113 0.078318 -0.662324
    outer loop
      vertex 2.13333 -7.5 0.6
      vertex 3.2 -7.5 -0.6
      vertex 2.08671 -7.94354 0.6
    endloop
  endfacet
  facet normal 0.155776 0.732837 -0.662332
    outer loop
      vertex -0.222994 -9.62165 0.6
      vertex -0.334491 -10.6825 -0.6
      vertex -0.659236 -9.52892 0.6
    endloop
  endfacet
  facet normal 0.745113 0.078318 -0.662324
    outer loop
      vertex -2.13333 -7.5 0.6
      vertex -2.08671 -7.94354 0.6
      vertex -3.2 -7.5 -0.6
    endloop
  endfacet
  facet normal -0.556778 0.501324 -0.662324
    outer loop
      vertex 1.7259 -8.75394 0.6
      vertex 2.14122 -9.87806 -0.6
      vertex 1.42748 -9.08537 0.6
    endloop
  endfacet
  facet normal -0.556781 0.501321 -0.662323
    outer loop
      vertex 2.58885 -9.38091 -0.6
      vertex 2.14122 -9.87806 -0.6
      vertex 1.7259 -8.75394 0.6
    endloop
  endfacet
  facet normal 0.440392 0.606116 -0.662327
    outer loop
      vertex -1.06667 -9.34752 0.6
      vertex -1.6 -10.2713 -0.6
      vertex -2.14122 -9.87806 -0.6
    endloop
  endfacet
  facet normal 0 0.74921 -0.662333
    outer loop
      vertex 0.334491 -10.6825 -0.6
      vertex -0.222994 -9.62165 0.6
      vertex 0.222994 -9.62165 0.6
    endloop
  endfacet
  facet normal 0 0.74921 -0.662333
    outer loop
      vertex -0.222994 -9.62165 0.6
      vertex 0.334491 -10.6825 -0.6
      vertex -0.334491 -10.6825 -0.6
    endloop
  endfacet
  facet normal 0.44038 -0.60613 -0.662323
    outer loop
      vertex -1.6 -4.72872 -0.6
      vertex -1.06667 -5.65248 0.6
      vertex -2.14122 -5.12194 -0.6
    endloop
  endfacet
  facet normal -0.155778 -0.732846 -0.662322
    outer loop
      vertex 0.334491 -4.31753 -0.6
      vertex 0.659236 -5.47108 0.6
      vertex 0.222994 -5.37835 0.6
    endloop
  endfacet
  facet normal 0.440386 -0.606124 -0.662325
    outer loop
      vertex -1.06667 -5.65248 0.6
      vertex -1.42748 -5.91463 0.6
      vertex -2.14122 -5.12194 -0.6
    endloop
  endfacet
  facet normal 0 -0.749219 -0.662322
    outer loop
      vertex -0.334491 -4.31753 -0.6
      vertex 0.222994 -5.37835 0.6
      vertex -0.222994 -5.37835 0.6
    endloop
  endfacet
  facet normal 0 -0.749219 -0.662322
    outer loop
      vertex 0.222994 -5.37835 0.6
      vertex -0.334491 -4.31753 -0.6
      vertex 0.334491 -4.31753 -0.6
    endloop
  endfacet
  facet normal 0.304733 -0.684446 -0.662323
    outer loop
      vertex -0.988853 -4.45662 -0.6
      vertex -0.659236 -5.47108 0.6
      vertex -1.06667 -5.65248 0.6
    endloop
  endfacet
  facet normal 0.155782 0.732837 -0.662331
    outer loop
      vertex -0.659236 -9.52892 0.6
      vertex -0.334491 -10.6825 -0.6
      vertex -0.988853 -10.5434 -0.6
    endloop
  endfacet
  facet normal 0.712555 -0.23151 -0.662321
    outer loop
      vertex -1.9489 -6.6323 0.6
      vertex -2.08671 -7.05646 0.6
      vertex -2.92334 -6.19844 -0.6
    endloop
  endfacet
  facet normal -0.30473 0.684441 -0.66233
    outer loop
      vertex 1.06667 -9.34752 0.6
      vertex 0.988853 -10.5434 -0.6
      vertex 0.659236 -9.52892 0.6
    endloop
  endfacet
  facet normal -0.648842 0.374611 -0.662322
    outer loop
      vertex 2.92334 -8.80156 -0.6
      vertex 2.58885 -9.38091 -0.6
      vertex 1.9489 -8.3677 0.6
    endloop
  endfacet
  facet normal -0.304732 0.68444 -0.662329
    outer loop
      vertex 1.06667 -9.34752 0.6
      vertex 1.6 -10.2713 -0.6
      vertex 0.988853 -10.5434 -0.6
    endloop
  endfacet
  facet normal -0.712555 0.23151 -0.662321
    outer loop
      vertex 2.08671 -7.94354 0.6
      vertex 2.92334 -8.80156 -0.6
      vertex 1.9489 -8.3677 0.6
    endloop
  endfacet
  facet normal 0.20791 0.978148 -0
    outer loop
      vertex -0.386755 4.32027 -2.5
      vertex -1.14336 4.48109 -0.6
      vertex -0.386755 4.32027 -0.6
    endloop
  endfacet
  facet normal 0.20791 0.978148 0
    outer loop
      vertex -1.14336 4.48109 -0.6
      vertex -0.386755 4.32027 -2.5
      vertex -1.14336 4.48109 -2.5
    endloop
  endfacet
  facet normal -0.951055 -0.30902 0
    outer loop
      vertex 3.61915 8.76927 -2.5
      vertex 3.38012 9.50492 -0.6
      vertex 3.38012 9.50492 -2.5
    endloop
  endfacet
  facet normal -0.951055 -0.30902 0
    outer loop
      vertex 3.38012 9.50492 -0.6
      vertex 3.61915 8.76927 -2.5
      vertex 3.61915 8.76927 -0.6
    endloop
  endfacet
  facet normal -0.994522 -0.104524 0
    outer loop
      vertex 3.7 8 -2.5
      vertex 3.61915 8.76927 -0.6
      vertex 3.61915 8.76927 -2.5
    endloop
  endfacet
  facet normal -0.994522 -0.104524 0
    outer loop
      vertex 3.61915 8.76927 -0.6
      vertex 3.7 8 -2.5
      vertex 3.7 8 -0.6
    endloop
  endfacet
  facet normal -0.866023 -0.500004 0
    outer loop
      vertex 3.38012 9.50492 -2.5
      vertex 2.99336 10.1748 -0.6
      vertex 2.99336 10.1748 -2.5
    endloop
  endfacet
  facet normal -0.866023 -0.500004 0
    outer loop
      vertex 2.99336 10.1748 -0.6
      vertex 3.38012 9.50492 -2.5
      vertex 3.38012 9.50492 -0.6
    endloop
  endfacet
  facet normal -0.994522 0.104524 0
    outer loop
      vertex 3.61915 7.23073 -2.5
      vertex 3.7 8 -0.6
      vertex 3.7 8 -2.5
    endloop
  endfacet
  facet normal -0.994522 0.104524 0
    outer loop
      vertex 3.7 8 -0.6
      vertex 3.61915 7.23073 -2.5
      vertex 3.61915 7.23073 -0.6
    endloop
  endfacet
  facet normal -0.743127 -0.66915 0
    outer loop
      vertex 2.99336 10.1748 -2.5
      vertex 2.47578 10.7496 -0.6
      vertex 2.47578 10.7496 -2.5
    endloop
  endfacet
  facet normal -0.743127 -0.66915 0
    outer loop
      vertex 2.47578 10.7496 -0.6
      vertex 2.99336 10.1748 -2.5
      vertex 2.99336 10.1748 -0.6
    endloop
  endfacet
  facet normal 0.951055 0.30902 0
    outer loop
      vertex -3.38012 6.49508 -0.6
      vertex -3.61915 7.23073 -2.5
      vertex -3.61915 7.23073 -0.6
    endloop
  endfacet
  facet normal 0.951055 0.30902 0
    outer loop
      vertex -3.61915 7.23073 -2.5
      vertex -3.38012 6.49508 -0.6
      vertex -3.38012 6.49508 -2.5
    endloop
  endfacet
  facet normal 0.743127 -0.66915 0
    outer loop
      vertex -2.99336 10.1748 -0.6
      vertex -2.47578 10.7496 -2.5
      vertex -2.47578 10.7496 -0.6
    endloop
  endfacet
  facet normal 0.743127 -0.66915 0
    outer loop
      vertex -2.47578 10.7496 -2.5
      vertex -2.99336 10.1748 -0.6
      vertex -2.99336 10.1748 -2.5
    endloop
  endfacet
  facet normal 0.951055 -0.30902 0
    outer loop
      vertex -3.61915 8.76927 -0.6
      vertex -3.38012 9.50492 -2.5
      vertex -3.38012 9.50492 -0.6
    endloop
  endfacet
  facet normal 0.951055 -0.30902 0
    outer loop
      vertex -3.38012 9.50492 -2.5
      vertex -3.61915 8.76927 -0.6
      vertex -3.61915 8.76927 -2.5
    endloop
  endfacet
  facet normal -0.58778 0.809021 0
    outer loop
      vertex 2.47578 5.25036 -2.5
      vertex 1.85 4.79571 -0.6
      vertex 2.47578 5.25036 -0.6
    endloop
  endfacet
  facet normal -0.58778 0.809021 0
    outer loop
      vertex 1.85 4.79571 -0.6
      vertex 2.47578 5.25036 -2.5
      vertex 1.85 4.79571 -2.5
    endloop
  endfacet
  facet normal 0.58778 0.809021 -0
    outer loop
      vertex -1.85 4.79571 -2.5
      vertex -2.47578 5.25036 -0.6
      vertex -1.85 4.79571 -0.6
    endloop
  endfacet
  facet normal 0.58778 0.809021 0
    outer loop
      vertex -2.47578 5.25036 -0.6
      vertex -1.85 4.79571 -2.5
      vertex -2.47578 5.25036 -2.5
    endloop
  endfacet
  facet normal 0.587823 -0.80899 0
    outer loop
      vertex -2.47578 10.7496 -2.5
      vertex -1.85 11.2043 -0.6
      vertex -2.47578 10.7496 -0.6
    endloop
  endfacet
  facet normal 0.587823 -0.80899 0
    outer loop
      vertex -1.85 11.2043 -0.6
      vertex -2.47578 10.7496 -2.5
      vertex -1.85 11.2043 -2.5
    endloop
  endfacet
  facet normal 0.866023 -0.500004 0
    outer loop
      vertex -3.38012 9.50492 -0.6
      vertex -2.99336 10.1748 -2.5
      vertex -2.99336 10.1748 -0.6
    endloop
  endfacet
  facet normal 0.866023 -0.500004 0
    outer loop
      vertex -2.99336 10.1748 -2.5
      vertex -3.38012 9.50492 -0.6
      vertex -3.38012 9.50492 -2.5
    endloop
  endfacet
  facet normal 0.406719 -0.913553 0
    outer loop
      vertex -1.85 11.2043 -2.5
      vertex -1.14336 11.5189 -0.6
      vertex -1.85 11.2043 -0.6
    endloop
  endfacet
  facet normal 0.406719 -0.913553 0
    outer loop
      vertex -1.14336 11.5189 -0.6
      vertex -1.85 11.2043 -2.5
      vertex -1.14336 11.5189 -2.5
    endloop
  endfacet
  facet normal 0.406741 0.913544 -0
    outer loop
      vertex -1.14336 4.48109 -2.5
      vertex -1.85 4.79571 -0.6
      vertex -1.14336 4.48109 -0.6
    endloop
  endfacet
  facet normal 0.406741 0.913544 0
    outer loop
      vertex -1.85 4.79571 -0.6
      vertex -1.14336 4.48109 -2.5
      vertex -1.85 4.79571 -2.5
    endloop
  endfacet
  facet normal 0.207885 -0.978153 0
    outer loop
      vertex -1.14336 11.5189 -2.5
      vertex -0.386755 11.6797 -0.6
      vertex -1.14336 11.5189 -0.6
    endloop
  endfacet
  facet normal 0.207885 -0.978153 0
    outer loop
      vertex -0.386755 11.6797 -0.6
      vertex -1.14336 11.5189 -2.5
      vertex -0.386755 11.6797 -2.5
    endloop
  endfacet
  facet normal -0.866023 0.500004 0
    outer loop
      vertex 2.99336 5.8252 -2.5
      vertex 3.38012 6.49508 -0.6
      vertex 3.38012 6.49508 -2.5
    endloop
  endfacet
  facet normal -0.866023 0.500004 0
    outer loop
      vertex 3.38012 6.49508 -0.6
      vertex 2.99336 5.8252 -2.5
      vertex 2.99336 5.8252 -0.6
    endloop
  endfacet
  facet normal -0.74315 0.669125 0
    outer loop
      vertex 2.47578 5.25036 -2.5
      vertex 2.99336 5.8252 -0.6
      vertex 2.99336 5.8252 -2.5
    endloop
  endfacet
  facet normal -0.74315 0.669125 0
    outer loop
      vertex 2.99336 5.8252 -0.6
      vertex 2.47578 5.25036 -2.5
      vertex 2.47578 5.25036 -0.6
    endloop
  endfacet
  facet normal -0.20791 0.978148 0
    outer loop
      vertex 1.14336 4.48109 -2.5
      vertex 0.386755 4.32027 -0.6
      vertex 1.14336 4.48109 -0.6
    endloop
  endfacet
  facet normal -0.20791 0.978148 0
    outer loop
      vertex 0.386755 4.32027 -0.6
      vertex 1.14336 4.48109 -2.5
      vertex 0.386755 4.32027 -2.5
    endloop
  endfacet
  facet normal 0 -1 0
    outer loop
      vertex -0.386755 11.6797 -2.5
      vertex 0.386755 11.6797 -0.6
      vertex -0.386755 11.6797 -0.6
    endloop
  endfacet
  facet normal 0 -1 -0
    outer loop
      vertex 0.386755 11.6797 -0.6
      vertex -0.386755 11.6797 -2.5
      vertex 0.386755 11.6797 -2.5
    endloop
  endfacet
  facet normal -0.951055 0.30902 0
    outer loop
      vertex 3.38012 6.49508 -2.5
      vertex 3.61915 7.23073 -0.6
      vertex 3.61915 7.23073 -2.5
    endloop
  endfacet
  facet normal -0.951055 0.30902 0
    outer loop
      vertex 3.61915 7.23073 -0.6
      vertex 3.38012 6.49508 -2.5
      vertex 3.38012 6.49508 -0.6
    endloop
  endfacet
  facet normal -0.587823 -0.80899 0
    outer loop
      vertex 1.85 11.2043 -2.5
      vertex 2.47578 10.7496 -0.6
      vertex 1.85 11.2043 -0.6
    endloop
  endfacet
  facet normal -0.587823 -0.80899 -0
    outer loop
      vertex 2.47578 10.7496 -0.6
      vertex 1.85 11.2043 -2.5
      vertex 2.47578 10.7496 -2.5
    endloop
  endfacet
  facet normal 0.994522 -0.104524 0
    outer loop
      vertex -3.7 8 -0.6
      vertex -3.61915 8.76927 -2.5
      vertex -3.61915 8.76927 -0.6
    endloop
  endfacet
  facet normal 0.994522 -0.104524 0
    outer loop
      vertex -3.61915 8.76927 -2.5
      vertex -3.7 8 -0.6
      vertex -3.7 8 -2.5
    endloop
  endfacet
  facet normal 0.866023 0.500004 0
    outer loop
      vertex -2.99336 5.8252 -0.6
      vertex -3.38012 6.49508 -2.5
      vertex -3.38012 6.49508 -0.6
    endloop
  endfacet
  facet normal 0.866023 0.500004 0
    outer loop
      vertex -3.38012 6.49508 -2.5
      vertex -2.99336 5.8252 -0.6
      vertex -2.99336 5.8252 -2.5
    endloop
  endfacet
  facet normal -0.406719 -0.913553 0
    outer loop
      vertex 1.14336 11.5189 -2.5
      vertex 1.85 11.2043 -0.6
      vertex 1.14336 11.5189 -0.6
    endloop
  endfacet
  facet normal -0.406719 -0.913553 -0
    outer loop
      vertex 1.85 11.2043 -0.6
      vertex 1.14336 11.5189 -2.5
      vertex 1.85 11.2043 -2.5
    endloop
  endfacet
  facet normal 0 1 -0
    outer loop
      vertex 0.386755 4.32027 -2.5
      vertex -0.386755 4.32027 -0.6
      vertex 0.386755 4.32027 -0.6
    endloop
  endfacet
  facet normal 0 1 0
    outer loop
      vertex -0.386755 4.32027 -0.6
      vertex 0.386755 4.32027 -2.5
      vertex -0.386755 4.32027 -2.5
    endloop
  endfacet
  facet normal 0.994522 0.104524 0
    outer loop
      vertex -3.61915 7.23073 -0.6
      vertex -3.7 8 -2.5
      vertex -3.7 8 -0.6
    endloop
  endfacet
  facet normal 0.994522 0.104524 0
    outer loop
      vertex -3.7 8 -2.5
      vertex -3.61915 7.23073 -0.6
      vertex -3.61915 7.23073 -2.5
    endloop
  endfacet
  facet normal -0.406741 0.913544 0
    outer loop
      vertex 1.85 4.79571 -2.5
      vertex 1.14336 4.48109 -0.6
      vertex 1.85 4.79571 -0.6
    endloop
  endfacet
  facet normal -0.406741 0.913544 0
    outer loop
      vertex 1.14336 4.48109 -0.6
      vertex 1.85 4.79571 -2.5
      vertex 1.14336 4.48109 -2.5
    endloop
  endfacet
  facet normal 0.74315 0.669125 0
    outer loop
      vertex -2.47578 5.25036 -0.6
      vertex -2.99336 5.8252 -2.5
      vertex -2.99336 5.8252 -0.6
    endloop
  endfacet
  facet normal 0.74315 0.669125 0
    outer loop
      vertex -2.99336 5.8252 -2.5
      vertex -2.47578 5.25036 -0.6
      vertex -2.47578 5.25036 -2.5
    endloop
  endfacet
  facet normal -0.207885 -0.978153 0
    outer loop
      vertex 0.386755 11.6797 -2.5
      vertex 1.14336 11.5189 -0.6
      vertex 0.386755 11.6797 -0.6
    endloop
  endfacet
  facet normal -0.207885 -0.978153 -0
    outer loop
      vertex 1.14336 11.5189 -0.6
      vertex 0.386755 11.6797 -2.5
      vertex 1.14336 11.5189 -2.5
    endloop
  endfacet
  facet normal 0 -0.699343 -0.714787
    outer loop
      vertex -0.257836 10.4532 0.6
      vertex 0.386755 11.6797 -0.6
      vertex 0.257836 10.4532 0.6
    endloop
  endfacet
  facet normal -0 -0.699343 -0.714787
    outer loop
      vertex 0.386755 11.6797 -0.6
      vertex -0.257836 10.4532 0.6
      vertex -0.386755 11.6797 -0.6
    endloop
  endfacet
  facet normal -0.605627 0.349663 -0.714809
    outer loop
      vertex 3.38012 6.49508 -0.6
      vertex 2.99336 5.8252 -0.6
      vertex 1.99557 6.55013 0.6
    endloop
  endfacet
  facet normal -0.69549 -0.0731088 -0.714807
    outer loop
      vertex 3.7 8 -0.6
      vertex 2.46667 8 0.6
      vertex 2.41276 8.51285 0.6
    endloop
  endfacet
  facet normal -0.695488 -0.0730955 -0.71481
    outer loop
      vertex 3.61915 8.76927 -0.6
      vertex 3.7 8 -0.6
      vertex 2.41276 8.51285 0.6
    endloop
  endfacet
  facet normal -0.519704 -0.467939 -0.714801
    outer loop
      vertex 2.47578 10.7496 -0.6
      vertex 1.99557 9.44987 0.6
      vertex 1.65052 9.83309 0.6
    endloop
  endfacet
  facet normal 0.145383 -0.684063 -0.714788
    outer loop
      vertex -0.386755 11.6797 -0.6
      vertex -0.257836 10.4532 0.6
      vertex -1.14336 11.5189 -0.6
    endloop
  endfacet
  facet normal -0.605627 -0.349663 -0.714809
    outer loop
      vertex 2.99336 10.1748 -0.6
      vertex 3.38012 9.50492 -0.6
      vertex 1.99557 9.44987 0.6
    endloop
  endfacet
  facet normal 0.605628 -0.349661 -0.714809
    outer loop
      vertex -1.99557 9.44987 0.6
      vertex -2.25341 9.00328 0.6
      vertex -3.38012 9.50492 -0.6
    endloop
  endfacet
  facet normal -0.665091 0.216104 -0.71481
    outer loop
      vertex 3.61915 7.23073 -0.6
      vertex 3.38012 6.49508 -0.6
      vertex 2.41276 7.48715 0.6
    endloop
  endfacet
  facet normal 0.284423 -0.638859 -0.714817
    outer loop
      vertex -1.14336 11.5189 -0.6
      vertex -0.762241 10.3459 0.6
      vertex -1.85 11.2043 -0.6
    endloop
  endfacet
  facet normal 0.284392 -0.638884 -0.714807
    outer loop
      vertex -0.762241 10.3459 0.6
      vertex -1.23333 10.1362 0.6
      vertex -1.85 11.2043 -0.6
    endloop
  endfacet
  facet normal -0.411047 0.565765 -0.714807
    outer loop
      vertex 2.47578 5.25036 -0.6
      vertex 1.85 4.79571 -0.6
      vertex 1.23333 5.8638 0.6
    endloop
  endfacet
  facet normal 0.665091 -0.216104 -0.71481
    outer loop
      vertex -3.38012 9.50492 -0.6
      vertex -2.41276 8.51285 0.6
      vertex -3.61915 8.76927 -0.6
    endloop
  endfacet
  facet normal 0.519698 0.467934 -0.714809
    outer loop
      vertex -1.99557 6.55013 0.6
      vertex -1.65052 6.16691 0.6
      vertex -2.47578 5.25036 -0.6
    endloop
  endfacet
  facet normal 0.145395 0.684038 -0.714809
    outer loop
      vertex -0.257836 5.54685 0.6
      vertex -0.386755 4.32027 -0.6
      vertex -1.14336 4.48109 -0.6
    endloop
  endfacet
  facet normal -0.605628 0.349661 -0.714809
    outer loop
      vertex 2.25341 6.99672 0.6
      vertex 3.38012 6.49508 -0.6
      vertex 1.99557 6.55013 0.6
    endloop
  endfacet
  facet normal 0.284437 0.638864 -0.714807
    outer loop
      vertex -1.23333 5.8638 0.6
      vertex -0.762241 5.65406 0.6
      vertex -1.85 4.79571 -0.6
    endloop
  endfacet
  facet normal -0.284437 0.638864 -0.714807
    outer loop
      vertex 1.23333 5.8638 0.6
      vertex 1.85 4.79571 -0.6
      vertex 0.762241 5.65406 0.6
    endloop
  endfacet
  facet normal 0.605627 -0.349663 -0.714809
    outer loop
      vertex -2.99336 10.1748 -0.6
      vertex -1.99557 9.44987 0.6
      vertex -3.38012 9.50492 -0.6
    endloop
  endfacet
  facet normal -0.145505 -0.684001 -0.714823
    outer loop
      vertex 1.14336 11.5189 -0.6
      vertex 0.762241 10.3459 0.6
      vertex 0.257836 10.4532 0.6
    endloop
  endfacet
  facet normal -0.411077 -0.565744 -0.714808
    outer loop
      vertex 1.85 11.2043 -0.6
      vertex 2.47578 10.7496 -0.6
      vertex 1.23333 10.1362 0.6
    endloop
  endfacet
  facet normal -0.284423 -0.638859 -0.714817
    outer loop
      vertex 1.14336 11.5189 -0.6
      vertex 1.85 11.2043 -0.6
      vertex 0.762241 10.3459 0.6
    endloop
  endfacet
  facet normal 0.411058 -0.565766 -0.7148
    outer loop
      vertex -1.23333 10.1362 0.6
      vertex -1.65052 9.83309 0.6
      vertex -2.47578 10.7496 -0.6
    endloop
  endfacet
  facet normal -0.665092 -0.216101 -0.714809
    outer loop
      vertex 3.38012 9.50492 -0.6
      vertex 2.41276 8.51285 0.6
      vertex 2.25341 9.00328 0.6
    endloop
  endfacet
  facet normal 0.5197 0.467933 -0.714808
    outer loop
      vertex -1.99557 6.55013 0.6
      vertex -2.47578 5.25036 -0.6
      vertex -2.99336 5.8252 -0.6
    endloop
  endfacet
  facet normal -0.5197 0.467933 -0.714808
    outer loop
      vertex 2.99336 5.8252 -0.6
      vertex 2.47578 5.25036 -0.6
      vertex 1.99557 6.55013 0.6
    endloop
  endfacet
  facet normal -0.519685 -0.467951 -0.714807
    outer loop
      vertex 2.47578 10.7496 -0.6
      vertex 2.99336 10.1748 -0.6
      vertex 1.99557 9.44987 0.6
    endloop
  endfacet
  facet normal -0.665091 -0.216104 -0.71481
    outer loop
      vertex 3.38012 9.50492 -0.6
      vertex 3.61915 8.76927 -0.6
      vertex 2.41276 8.51285 0.6
    endloop
  endfacet
  facet normal -0.519698 0.467934 -0.714809
    outer loop
      vertex 1.99557 6.55013 0.6
      vertex 2.47578 5.25036 -0.6
      vertex 1.65052 6.16691 0.6
    endloop
  endfacet
  facet normal 0.411047 0.565765 -0.714807
    outer loop
      vertex -1.23333 5.8638 0.6
      vertex -1.85 4.79571 -0.6
      vertex -2.47578 5.25036 -0.6
    endloop
  endfacet
  facet normal 0.665091 0.216104 -0.71481
    outer loop
      vertex -2.41276 7.48715 0.6
      vertex -3.38012 6.49508 -0.6
      vertex -3.61915 7.23073 -0.6
    endloop
  endfacet
  facet normal 0.695488 0.0730955 -0.71481
    outer loop
      vertex -2.41276 7.48715 0.6
      vertex -3.61915 7.23073 -0.6
      vertex -3.7 8 -0.6
    endloop
  endfacet
  facet normal -0.605628 -0.349661 -0.714809
    outer loop
      vertex 3.38012 9.50492 -0.6
      vertex 2.25341 9.00328 0.6
      vertex 1.99557 9.44987 0.6
    endloop
  endfacet
  facet normal -0.284442 0.63886 -0.714808
    outer loop
      vertex 1.85 4.79571 -0.6
      vertex 1.14336 4.48109 -0.6
      vertex 0.762241 5.65406 0.6
    endloop
  endfacet
  facet normal -0.695488 0.0730955 -0.71481
    outer loop
      vertex 3.7 8 -0.6
      vertex 3.61915 7.23073 -0.6
      vertex 2.41276 7.48715 0.6
    endloop
  endfacet
  facet normal -0.69549 0.0731088 -0.714807
    outer loop
      vertex 2.46667 8 0.6
      vertex 3.7 8 -0.6
      vertex 2.41276 7.48715 0.6
    endloop
  endfacet
  facet normal 0.605627 0.349663 -0.714809
    outer loop
      vertex -1.99557 6.55013 0.6
      vertex -2.99336 5.8252 -0.6
      vertex -3.38012 6.49508 -0.6
    endloop
  endfacet
  facet normal -0.145383 -0.684063 -0.714788
    outer loop
      vertex 0.386755 11.6797 -0.6
      vertex 1.14336 11.5189 -0.6
      vertex 0.257836 10.4532 0.6
    endloop
  endfacet
  facet normal 0.284442 0.63886 -0.714808
    outer loop
      vertex -0.762241 5.65406 0.6
      vertex -1.14336 4.48109 -0.6
      vertex -1.85 4.79571 -0.6
    endloop
  endfacet
  facet normal 0.605628 0.349661 -0.714809
    outer loop
      vertex -2.25341 6.99672 0.6
      vertex -1.99557 6.55013 0.6
      vertex -3.38012 6.49508 -0.6
    endloop
  endfacet
  facet normal 0.519685 -0.467951 -0.714807
    outer loop
      vertex -2.47578 10.7496 -0.6
      vertex -1.99557 9.44987 0.6
      vertex -2.99336 10.1748 -0.6
    endloop
  endfacet
  facet normal 0.69549 0.0731088 -0.714807
    outer loop
      vertex -2.46667 8 0.6
      vertex -2.41276 7.48715 0.6
      vertex -3.7 8 -0.6
    endloop
  endfacet
  facet normal -0.145395 0.684038 -0.714809
    outer loop
      vertex 1.14336 4.48109 -0.6
      vertex 0.386755 4.32027 -0.6
      vertex 0.257836 5.54685 0.6
    endloop
  endfacet
  facet normal -0.411058 -0.565766 -0.7148
    outer loop
      vertex 2.47578 10.7496 -0.6
      vertex 1.65052 9.83309 0.6
      vertex 1.23333 10.1362 0.6
    endloop
  endfacet
  facet normal 0.665092 -0.216101 -0.714809
    outer loop
      vertex -2.25341 9.00328 0.6
      vertex -2.41276 8.51285 0.6
      vertex -3.38012 9.50492 -0.6
    endloop
  endfacet
  facet normal -0.284392 -0.638884 -0.714807
    outer loop
      vertex 1.85 11.2043 -0.6
      vertex 1.23333 10.1362 0.6
      vertex 0.762241 10.3459 0.6
    endloop
  endfacet
  facet normal 0.145391 0.68404 -0.714808
    outer loop
      vertex -0.762241 5.65406 0.6
      vertex -0.257836 5.54685 0.6
      vertex -1.14336 4.48109 -0.6
    endloop
  endfacet
  facet normal 0.411053 0.565759 -0.71481
    outer loop
      vertex -1.65052 6.16691 0.6
      vertex -1.23333 5.8638 0.6
      vertex -2.47578 5.25036 -0.6
    endloop
  endfacet
  facet normal -0.411053 0.565759 -0.71481
    outer loop
      vertex 1.65052 6.16691 0.6
      vertex 2.47578 5.25036 -0.6
      vertex 1.23333 5.8638 0.6
    endloop
  endfacet
  facet normal 0.665092 0.216101 -0.714809
    outer loop
      vertex -2.41276 7.48715 0.6
      vertex -2.25341 6.99672 0.6
      vertex -3.38012 6.49508 -0.6
    endloop
  endfacet
  facet normal -0.665092 0.216101 -0.714809
    outer loop
      vertex 2.41276 7.48715 0.6
      vertex 3.38012 6.49508 -0.6
      vertex 2.25341 6.99672 0.6
    endloop
  endfacet
  facet normal -0.145391 0.68404 -0.714808
    outer loop
      vertex 0.762241 5.65406 0.6
      vertex 1.14336 4.48109 -0.6
      vertex 0.257836 5.54685 0.6
    endloop
  endfacet
  facet normal 0.695488 -0.0730955 -0.71481
    outer loop
      vertex -3.61915 8.76927 -0.6
      vertex -2.41276 8.51285 0.6
      vertex -3.7 8 -0.6
    endloop
  endfacet
  facet normal 0.411077 -0.565744 -0.714808
    outer loop
      vertex -1.85 11.2043 -0.6
      vertex -1.23333 10.1362 0.6
      vertex -2.47578 10.7496 -0.6
    endloop
  endfacet
  facet normal 0.145505 -0.684001 -0.714823
    outer loop
      vertex -0.257836 10.4532 0.6
      vertex -0.762241 10.3459 0.6
      vertex -1.14336 11.5189 -0.6
    endloop
  endfacet
  facet normal 0.519704 -0.467939 -0.714801
    outer loop
      vertex -1.65052 9.83309 0.6
      vertex -1.99557 9.44987 0.6
      vertex -2.47578 10.7496 -0.6
    endloop
  endfacet
  facet normal 0.69549 -0.0731088 -0.714807
    outer loop
      vertex -2.41276 8.51285 0.6
      vertex -2.46667 8 0.6
      vertex -3.7 8 -0.6
    endloop
  endfacet
  facet normal 0 0 -1
    outer loop
      vertex 2.41276 7.48715 0.6
      vertex 2.41276 8.51285 0.6
      vertex 2.46667 8 0.6
    endloop
  endfacet
  facet normal 0 0 -1
    outer loop
      vertex 2.25341 6.99672 0.6
      vertex 2.41276 8.51285 0.6
      vertex 2.41276 7.48715 0.6
    endloop
  endfacet
  facet normal 0 0 -1
    outer loop
      vertex 2.25341 6.99672 0.6
      vertex 2.25341 9.00328 0.6
      vertex 2.41276 8.51285 0.6
    endloop
  endfacet
  facet normal 0 0 -1
    outer loop
      vertex 1.99557 6.55013 0.6
      vertex 2.25341 9.00328 0.6
      vertex 2.25341 6.99672 0.6
    endloop
  endfacet
  facet normal 0 0 -1
    outer loop
      vertex 1.99557 6.55013 0.6
      vertex 1.99557 9.44987 0.6
      vertex 2.25341 9.00328 0.6
    endloop
  endfacet
  facet normal 0 0 -1
    outer loop
      vertex 1.65052 6.16691 0.6
      vertex 1.99557 9.44987 0.6
      vertex 1.99557 6.55013 0.6
    endloop
  endfacet
  facet normal 0 0 -1
    outer loop
      vertex 1.65052 6.16691 0.6
      vertex 1.65052 9.83309 0.6
      vertex 1.99557 9.44987 0.6
    endloop
  endfacet
  facet normal 0 0 -1
    outer loop
      vertex 1.23333 5.8638 0.6
      vertex 1.65052 9.83309 0.6
      vertex 1.65052 6.16691 0.6
    endloop
  endfacet
  facet normal 0 0 -1
    outer loop
      vertex 1.23333 5.8638 0.6
      vertex 1.23333 10.1362 0.6
      vertex 1.65052 9.83309 0.6
    endloop
  endfacet
  facet normal 0 0 -1
    outer loop
      vertex 0.762241 5.65406 0.6
      vertex 1.23333 10.1362 0.6
      vertex 1.23333 5.8638 0.6
    endloop
  endfacet
  facet normal 0 0 -1
    outer loop
      vertex 0.762241 5.65406 0.6
      vertex 0.762241 10.3459 0.6
      vertex 1.23333 10.1362 0.6
    endloop
  endfacet
  facet normal 0 0 -1
    outer loop
      vertex 0.257836 5.54685 0.6
      vertex 0.762241 10.3459 0.6
      vertex 0.762241 5.65406 0.6
    endloop
  endfacet
  facet normal 0 0 -1
    outer loop
      vertex 0.257836 5.54685 0.6
      vertex 0.257836 10.4532 0.6
      vertex 0.762241 10.3459 0.6
    endloop
  endfacet
  facet normal 0 0 -1
    outer loop
      vertex -0.257836 5.54685 0.6
      vertex 0.257836 10.4532 0.6
      vertex 0.257836 5.54685 0.6
    endloop
  endfacet
  facet normal 0 0 -1
    outer loop
      vertex -0.257836 5.54685 0.6
      vertex -0.257836 10.4532 0.6
      vertex 0.257836 10.4532 0.6
    endloop
  endfacet
  facet normal 0 0 -1
    outer loop
      vertex -0.762241 5.65406 0.6
      vertex -0.257836 10.4532 0.6
      vertex -0.257836 5.54685 0.6
    endloop
  endfacet
  facet normal 0 0 -1
    outer loop
      vertex -0.762241 5.65406 0.6
      vertex -0.762241 10.3459 0.6
      vertex -0.257836 10.4532 0.6
    endloop
  endfacet
  facet normal 0 0 -1
    outer loop
      vertex -1.23333 5.8638 0.6
      vertex -0.762241 10.3459 0.6
      vertex -0.762241 5.65406 0.6
    endloop
  endfacet
  facet normal 0 0 -1
    outer loop
      vertex -1.23333 5.8638 0.6
      vertex -1.23333 10.1362 0.6
      vertex -0.762241 10.3459 0.6
    endloop
  endfacet
  facet normal 0 0 -1
    outer loop
      vertex -1.65052 6.16691 0.6
      vertex -1.23333 10.1362 0.6
      vertex -1.23333 5.8638 0.6
    endloop
  endfacet
  facet normal 0 0 -1
    outer loop
      vertex -1.65052 6.16691 0.6
      vertex -1.65052 9.83309 0.6
      vertex -1.23333 10.1362 0.6
    endloop
  endfacet
  facet normal 0 0 -1
    outer loop
      vertex -1.99557 6.55013 0.6
      vertex -1.65052 9.83309 0.6
      vertex -1.65052 6.16691 0.6
    endloop
  endfacet
  facet normal 0 0 -1
    outer loop
      vertex -1.99557 6.55013 0.6
      vertex -1.99557 9.44987 0.6
      vertex -1.65052 9.83309 0.6
    endloop
  endfacet
  facet normal 0 0 -1
    outer loop
      vertex -2.25341 6.99672 0.6
      vertex -1.99557 9.44987 0.6
      vertex -1.99557 6.55013 0.6
    endloop
  endfacet
  facet normal 0 0 -1
    outer loop
      vertex -2.25341 6.99672 0.6
      vertex -2.25341 9.00328 0.6
      vertex -1.99557 9.44987 0.6
    endloop
  endfacet
  facet normal 0 0 -1
    outer loop
      vertex -2.41276 7.48715 0.6
      vertex -2.25341 9.00328 0.6
      vertex -2.25341 6.99672 0.6
    endloop
  endfacet
  facet normal 0 0 -1
    outer loop
      vertex -2.41276 7.48715 0.6
      vertex -2.41276 8.51285 0.6
      vertex -2.25341 9.00328 0.6
    endloop
  endfacet
  facet normal 0 -0 -1
    outer loop
      vertex -2.41276 8.51285 0.6
      vertex -2.41276 7.48715 0.6
      vertex -2.46667 8 0.6
    endloop
  endfacet
  facet normal 0 0.699319 -0.714809
    outer loop
      vertex 0.386755 4.32027 -0.6
      vertex -0.257836 5.54685 0.6
      vertex 0.257836 5.54685 0.6
    endloop
  endfacet
  facet normal 0 0.699319 -0.714809
    outer loop
      vertex -0.257836 5.54685 0.6
      vertex 0.386755 4.32027 -0.6
      vertex -0.386755 4.32027 -0.6
    endloop
  endfacet
  facet normal -0.951056 -0.309019 0
    outer loop
      vertex -4.39178 0.873229 -2.5
      vertex -4.66311 1.70829 -0.6
      vertex -4.66311 1.70829 -2.5
    endloop
  endfacet
  facet normal -0.951056 -0.309019 0
    outer loop
      vertex -4.66311 1.70829 -0.6
      vertex -4.39178 0.873229 -2.5
      vertex -4.39178 0.873229 -0.6
    endloop
  endfacet
  facet normal -0.994522 -0.104528 0
    outer loop
      vertex -4.3 0 -2.5
      vertex -4.39178 0.873229 -0.6
      vertex -4.39178 0.873229 -2.5
    endloop
  endfacet
  facet normal -0.994522 -0.104528 0
    outer loop
      vertex -4.39178 0.873229 -0.6
      vertex -4.3 0 -2.5
      vertex -4.3 0 -0.6
    endloop
  endfacet
  facet normal -0.866027 -0.499998 0
    outer loop
      vertex -4.66311 1.70829 -2.5
      vertex -5.10213 2.4687 -0.6
      vertex -5.10213 2.4687 -2.5
    endloop
  endfacet
  facet normal -0.866027 -0.499998 0
    outer loop
      vertex -5.10213 2.4687 -0.6
      vertex -4.66311 1.70829 -2.5
      vertex -4.66311 1.70829 -0.6
    endloop
  endfacet
  facet normal -0.587786 -0.809017 0
    outer loop
      vertex -6.4 3.63731 -2.5
      vertex -5.68965 3.12121 -0.6
      vertex -6.4 3.63731 -0.6
    endloop
  endfacet
  facet normal -0.587786 -0.809017 -0
    outer loop
      vertex -5.68965 3.12121 -0.6
      vertex -6.4 3.63731 -2.5
      vertex -5.68965 3.12121 -2.5
    endloop
  endfacet
  facet normal -0.951056 0.309019 0
    outer loop
      vertex -4.66311 -1.70829 -2.5
      vertex -4.39178 -0.873229 -0.6
      vertex -4.39178 -0.873229 -2.5
    endloop
  endfacet
  facet normal -0.951056 0.309019 0
    outer loop
      vertex -4.39178 -0.873229 -0.6
      vertex -4.66311 -1.70829 -2.5
      vertex -4.66311 -1.70829 -0.6
    endloop
  endfacet
  facet normal -0.994522 0.104528 0
    outer loop
      vertex -4.39178 -0.873229 -2.5
      vertex -4.3 0 -0.6
      vertex -4.3 0 -2.5
    endloop
  endfacet
  facet normal -0.994522 0.104528 0
    outer loop
      vertex -4.3 0 -0.6
      vertex -4.39178 -0.873229 -2.5
      vertex -4.39178 -0.873229 -0.6
    endloop
  endfacet
  facet normal -0.743146 -0.669129 0
    outer loop
      vertex -5.10213 2.4687 -2.5
      vertex -5.68965 3.12121 -0.6
      vertex -5.68965 3.12121 -2.5
    endloop
  endfacet
  facet normal -0.743146 -0.669129 0
    outer loop
      vertex -5.68965 3.12121 -0.6
      vertex -5.10213 2.4687 -2.5
      vertex -5.10213 2.4687 -0.6
    endloop
  endfacet
  facet normal 0.951066 0.308988 0
    outer loop
      vertex -12.3369 -1.70829 -0.6
      vertex -12.6082 -0.873229 -2.5
      vertex -12.6082 -0.873229 -0.6
    endloop
  endfacet
  facet normal 0.951066 0.308988 0
    outer loop
      vertex -12.6082 -0.873229 -2.5
      vertex -12.3369 -1.70829 -0.6
      vertex -12.3369 -1.70829 -2.5
    endloop
  endfacet
  facet normal 0.743101 -0.669179 0
    outer loop
      vertex -11.8979 2.4687 -0.6
      vertex -11.3103 3.12121 -2.5
      vertex -11.3103 3.12121 -0.6
    endloop
  endfacet
  facet normal 0.743101 -0.669179 0
    outer loop
      vertex -11.3103 3.12121 -2.5
      vertex -11.8979 2.4687 -0.6
      vertex -11.8979 2.4687 -2.5
    endloop
  endfacet
  facet normal 0.951066 -0.308988 0
    outer loop
      vertex -12.6082 0.873229 -0.6
      vertex -12.3369 1.70829 -2.5
      vertex -12.3369 1.70829 -0.6
    endloop
  endfacet
  facet normal 0.951066 -0.308988 0
    outer loop
      vertex -12.3369 1.70829 -2.5
      vertex -12.6082 0.873229 -0.6
      vertex -12.6082 0.873229 -2.5
    endloop
  endfacet
  facet normal -0.587786 0.809017 0
    outer loop
      vertex -5.68965 -3.12121 -2.5
      vertex -6.4 -3.63731 -0.6
      vertex -5.68965 -3.12121 -0.6
    endloop
  endfacet
  facet normal -0.587786 0.809017 0
    outer loop
      vertex -6.4 -3.63731 -0.6
      vertex -5.68965 -3.12121 -2.5
      vertex -6.4 -3.63731 -2.5
    endloop
  endfacet
  facet normal 0.587813 -0.808997 0
    outer loop
      vertex -11.3103 3.12121 -2.5
      vertex -10.6 3.63731 -0.6
      vertex -11.3103 3.12121 -0.6
    endloop
  endfacet
  facet normal 0.587813 -0.808997 0
    outer loop
      vertex -10.6 3.63731 -0.6
      vertex -11.3103 3.12121 -2.5
      vertex -10.6 3.63731 -2.5
    endloop
  endfacet
  facet normal 0.866037 -0.49998 0
    outer loop
      vertex -12.3369 1.70829 -0.6
      vertex -11.8979 2.4687 -2.5
      vertex -11.8979 2.4687 -0.6
    endloop
  endfacet
  facet normal 0.866037 -0.49998 0
    outer loop
      vertex -11.8979 2.4687 -2.5
      vertex -12.3369 1.70829 -0.6
      vertex -12.3369 1.70829 -2.5
    endloop
  endfacet
  facet normal -0.866027 0.499998 0
    outer loop
      vertex -5.10213 -2.4687 -2.5
      vertex -4.66311 -1.70829 -0.6
      vertex -4.66311 -1.70829 -2.5
    endloop
  endfacet
  facet normal -0.866027 0.499998 0
    outer loop
      vertex -4.66311 -1.70829 -0.6
      vertex -5.10213 -2.4687 -2.5
      vertex -5.10213 -2.4687 -0.6
    endloop
  endfacet
  facet normal 0 -1 0
    outer loop
      vertex -8.93902 4.17699 -2.5
      vertex -8.06098 4.17699 -0.6
      vertex -8.93902 4.17699 -0.6
    endloop
  endfacet
  facet normal 0 -1 -0
    outer loop
      vertex -8.06098 4.17699 -0.6
      vertex -8.93902 4.17699 -2.5
      vertex -8.06098 4.17699 -2.5
    endloop
  endfacet
  facet normal 0.406735 -0.913546 0
    outer loop
      vertex -10.6 3.63731 -2.5
      vertex -9.79787 3.99444 -0.6
      vertex -10.6 3.63731 -0.6
    endloop
  endfacet
  facet normal 0.406735 -0.913546 0
    outer loop
      vertex -9.79787 3.99444 -0.6
      vertex -10.6 3.63731 -2.5
      vertex -9.79787 3.99444 -2.5
    endloop
  endfacet
  facet normal 0.207907 0.978149 -0
    outer loop
      vertex -8.93902 -4.17699 -2.5
      vertex -9.79787 -3.99444 -0.6
      vertex -8.93902 -4.17699 -0.6
    endloop
  endfacet
  facet normal 0.207907 0.978149 0
    outer loop
      vertex -9.79787 -3.99444 -0.6
      vertex -8.93902 -4.17699 -2.5
      vertex -9.79787 -3.99444 -2.5
    endloop
  endfacet
  facet normal 0 1 -0
    outer loop
      vertex -8.06098 -4.17699 -2.5
      vertex -8.93902 -4.17699 -0.6
      vertex -8.06098 -4.17699 -0.6
    endloop
  endfacet
  facet normal 0 1 0
    outer loop
      vertex -8.93902 -4.17699 -0.6
      vertex -8.06098 -4.17699 -2.5
      vertex -8.93902 -4.17699 -2.5
    endloop
  endfacet
  facet normal 0.207907 -0.978149 0
    outer loop
      vertex -9.79787 3.99444 -2.5
      vertex -8.93902 4.17699 -0.6
      vertex -9.79787 3.99444 -0.6
    endloop
  endfacet
  facet normal 0.207907 -0.978149 0
    outer loop
      vertex -8.93902 4.17699 -0.6
      vertex -9.79787 3.99444 -2.5
      vertex -8.93902 4.17699 -2.5
    endloop
  endfacet
  facet normal -0.207907 0.978149 0
    outer loop
      vertex -7.20213 -3.99444 -2.5
      vertex -8.06098 -4.17699 -0.6
      vertex -7.20213 -3.99444 -0.6
    endloop
  endfacet
  facet normal -0.207907 0.978149 0
    outer loop
      vertex -8.06098 -4.17699 -0.6
      vertex -7.20213 -3.99444 -2.5
      vertex -8.06098 -4.17699 -2.5
    endloop
  endfacet
  facet normal -0.743146 0.669129 0
    outer loop
      vertex -5.68965 -3.12121 -2.5
      vertex -5.10213 -2.4687 -0.6
      vertex -5.10213 -2.4687 -2.5
    endloop
  endfacet
  facet normal -0.743146 0.669129 0
    outer loop
      vertex -5.10213 -2.4687 -0.6
      vertex -5.68965 -3.12121 -2.5
      vertex -5.68965 -3.12121 -0.6
    endloop
  endfacet
  facet normal -0.406735 0.913546 0
    outer loop
      vertex -6.4 -3.63731 -2.5
      vertex -7.20213 -3.99444 -0.6
      vertex -6.4 -3.63731 -0.6
    endloop
  endfacet
  facet normal -0.406735 0.913546 0
    outer loop
      vertex -7.20213 -3.99444 -0.6
      vertex -6.4 -3.63731 -2.5
      vertex -7.20213 -3.99444 -2.5
    endloop
  endfacet
  facet normal 0.587813 0.808997 -0
    outer loop
      vertex -10.6 -3.63731 -2.5
      vertex -11.3103 -3.12121 -0.6
      vertex -10.6 -3.63731 -0.6
    endloop
  endfacet
  facet normal 0.587813 0.808997 0
    outer loop
      vertex -11.3103 -3.12121 -0.6
      vertex -10.6 -3.63731 -2.5
      vertex -11.3103 -3.12121 -2.5
    endloop
  endfacet
  facet normal 0.99452 -0.104551 0
    outer loop
      vertex -12.7 0 -0.6
      vertex -12.6082 0.873229 -2.5
      vertex -12.6082 0.873229 -0.6
    endloop
  endfacet
  facet normal 0.99452 -0.104551 0
    outer loop
      vertex -12.6082 0.873229 -2.5
      vertex -12.7 0 -0.6
      vertex -12.7 0 -2.5
    endloop
  endfacet
  facet normal -0.207907 -0.978149 0
    outer loop
      vertex -8.06098 4.17699 -2.5
      vertex -7.20213 3.99444 -0.6
      vertex -8.06098 4.17699 -0.6
    endloop
  endfacet
  facet normal -0.207907 -0.978149 -0
    outer loop
      vertex -7.20213 3.99444 -0.6
      vertex -8.06098 4.17699 -2.5
      vertex -7.20213 3.99444 -2.5
    endloop
  endfacet
  facet normal 0.866037 0.49998 0
    outer loop
      vertex -11.8979 -2.4687 -0.6
      vertex -12.3369 -1.70829 -2.5
      vertex -12.3369 -1.70829 -0.6
    endloop
  endfacet
  facet normal 0.866037 0.49998 0
    outer loop
      vertex -12.3369 -1.70829 -2.5
      vertex -11.8979 -2.4687 -0.6
      vertex -11.8979 -2.4687 -2.5
    endloop
  endfacet
  facet normal -0.406735 -0.913546 0
    outer loop
      vertex -7.20213 3.99444 -2.5
      vertex -6.4 3.63731 -0.6
      vertex -7.20213 3.99444 -0.6
    endloop
  endfacet
  facet normal -0.406735 -0.913546 -0
    outer loop
      vertex -6.4 3.63731 -0.6
      vertex -7.20213 3.99444 -2.5
      vertex -6.4 3.63731 -2.5
    endloop
  endfacet
  facet normal 0.99452 0.104551 0
    outer loop
      vertex -12.6082 -0.873229 -0.6
      vertex -12.7 0 -2.5
      vertex -12.7 0 -0.6
    endloop
  endfacet
  facet normal 0.99452 0.104551 0
    outer loop
      vertex -12.7 0 -2.5
      vertex -12.6082 -0.873229 -0.6
      vertex -12.6082 -0.873229 -2.5
    endloop
  endfacet
  facet normal 0.743101 0.669179 0
    outer loop
      vertex -11.3103 -3.12121 -0.6
      vertex -11.8979 -2.4687 -2.5
      vertex -11.8979 -2.4687 -0.6
    endloop
  endfacet
  facet normal 0.743101 0.669179 0
    outer loop
      vertex -11.8979 -2.4687 -2.5
      vertex -11.3103 -3.12121 -0.6
      vertex -11.3103 -3.12121 -2.5
    endloop
  endfacet
  facet normal 0.406735 0.913546 -0
    outer loop
      vertex -9.79787 -3.99444 -2.5
      vertex -10.6 -3.63731 -0.6
      vertex -9.79787 -3.99444 -0.6
    endloop
  endfacet
  facet normal 0.406735 0.913546 0
    outer loop
      vertex -10.6 -3.63731 -0.6
      vertex -9.79787 -3.99444 -2.5
      vertex -10.6 -3.63731 -2.5
    endloop
  endfacet
  facet normal 0.383728 -0.528188 -0.757476
    outer loop
      vertex -9.9 2.42487 0.6
      vertex -10.3736 2.0808 0.6
      vertex -11.3103 3.12121 -0.6
    endloop
  endfacet
  facet normal -0.565387 0.326424 -0.757486
    outer loop
      vertex -4.66311 -1.70829 -0.6
      vertex -5.10213 -2.4687 -0.6
      vertex -6.23475 -1.6458 0.6
    endloop
  endfacet
  facet normal 0.383754 0.528155 -0.757486
    outer loop
      vertex -9.9 -2.42487 0.6
      vertex -10.6 -3.63731 -0.6
      vertex -11.3103 -3.12121 -0.6
    endloop
  endfacet
  facet normal -0.649274 -0.0682452 -0.757486
    outer loop
      vertex -4.3 0 -0.6
      vertex -5.7 0 0.6
      vertex -5.76119 0.582152 0.6
    endloop
  endfacet
  facet normal -0.649273 -0.0682413 -0.757487
    outer loop
      vertex -4.39178 0.873229 -0.6
      vertex -4.3 0 -0.6
      vertex -5.76119 0.582152 0.6
    endloop
  endfacet
  facet normal -0.48516 -0.436844 -0.757487
    outer loop
      vertex -5.68965 3.12121 -0.6
      vertex -6.23475 1.6458 0.6
      vertex -6.62643 2.0808 0.6
    endloop
  endfacet
  facet normal 0.135732 -0.638585 -0.757487
    outer loop
      vertex -8.93902 4.17699 -0.6
      vertex -8.79268 2.78466 0.6
      vertex -9.79787 3.99444 -0.6
    endloop
  endfacet
  facet normal -0.565387 -0.326424 -0.757486
    outer loop
      vertex -5.10213 2.4687 -0.6
      vertex -4.66311 1.70829 -0.6
      vertex -6.23475 1.6458 0.6
    endloop
  endfacet
  facet normal -0.265541 -0.596406 -0.757488
    outer loop
      vertex -6.4 3.63731 -0.6
      vertex -7.1 2.42487 0.6
      vertex -7.63475 2.66296 0.6
    endloop
  endfacet
  facet normal -0.383736 0.528166 -0.757487
    outer loop
      vertex -5.68965 -3.12121 -0.6
      vertex -6.4 -3.63731 -0.6
      vertex -7.1 -2.42487 0.6
    endloop
  endfacet
  facet normal -0.265538 0.596409 -0.757487
    outer loop
      vertex -6.4 -3.63731 -0.6
      vertex -7.20213 -3.99444 -0.6
      vertex -7.63475 -2.66296 0.6
    endloop
  endfacet
  facet normal -0.48516 0.436844 -0.757487
    outer loop
      vertex -6.23475 -1.6458 0.6
      vertex -5.68965 -3.12121 -0.6
      vertex -6.62643 -2.0808 0.6
    endloop
  endfacet
  facet normal -0.620898 0.201744 -0.757486
    outer loop
      vertex -4.39178 -0.873229 -0.6
      vertex -4.66311 -1.70829 -0.6
      vertex -5.94207 -1.13886 0.6
    endloop
  endfacet
  facet normal 0.620896 -0.201757 -0.757484
    outer loop
      vertex -11.0579 1.13886 0.6
      vertex -11.2388 0.582152 0.6
      vertex -12.6082 0.873229 -0.6
    endloop
  endfacet
  facet normal -0.620898 -0.201744 -0.757486
    outer loop
      vertex -4.66311 1.70829 -0.6
      vertex -4.39178 0.873229 -0.6
      vertex -5.94207 1.13886 0.6
    endloop
  endfacet
  facet normal 0.383754 -0.528155 -0.757486
    outer loop
      vertex -10.6 3.63731 -0.6
      vertex -9.9 2.42487 0.6
      vertex -11.3103 3.12121 -0.6
    endloop
  endfacet
  facet normal -0.383736 0.528166 -0.757488
    outer loop
      vertex -6.62643 -2.0808 0.6
      vertex -5.68965 -3.12121 -0.6
      vertex -7.1 -2.42487 0.6
    endloop
  endfacet
  facet normal 0.265541 0.596406 -0.757488
    outer loop
      vertex -9.9 -2.42487 0.6
      vertex -9.36525 -2.66296 0.6
      vertex -10.6 -3.63731 -0.6
    endloop
  endfacet
  facet normal 0.485124 0.436866 -0.757498
    outer loop
      vertex -10.7652 -1.6458 0.6
      vertex -11.3103 -3.12121 -0.6
      vertex -11.8979 -2.4687 -0.6
    endloop
  endfacet
  facet normal 0.565378 0.326404 -0.757501
    outer loop
      vertex -10.7652 -1.6458 0.6
      vertex -11.8979 -2.4687 -0.6
      vertex -12.3369 -1.70829 -0.6
    endloop
  endfacet
  facet normal -0.265541 0.596406 -0.757488
    outer loop
      vertex -7.1 -2.42487 0.6
      vertex -6.4 -3.63731 -0.6
      vertex -7.63475 -2.66296 0.6
    endloop
  endfacet
  facet normal -0.485164 0.436842 -0.757486
    outer loop
      vertex -5.10213 -2.4687 -0.6
      vertex -5.68965 -3.12121 -0.6
      vertex -6.23475 -1.6458 0.6
    endloop
  endfacet
  facet normal -0.485164 -0.436842 -0.757486
    outer loop
      vertex -5.68965 3.12121 -0.6
      vertex -5.10213 2.4687 -0.6
      vertex -6.23475 1.6458 0.6
    endloop
  endfacet
  facet normal 0 -0.652851 -0.757486
    outer loop
      vertex -8.79268 2.78466 0.6
      vertex -8.06098 4.17699 -0.6
      vertex -8.20732 2.78466 0.6
    endloop
  endfacet
  facet normal -0 -0.652851 -0.757486
    outer loop
      vertex -8.06098 4.17699 -0.6
      vertex -8.79268 2.78466 0.6
      vertex -8.93902 4.17699 -0.6
    endloop
  endfacet
  facet normal 0.135732 0.638585 -0.757487
    outer loop
      vertex -8.79268 -2.78466 0.6
      vertex -8.93902 -4.17699 -0.6
      vertex -9.79787 -3.99444 -0.6
    endloop
  endfacet
  facet normal -0.383736 -0.528166 -0.757488
    outer loop
      vertex -5.68965 3.12121 -0.6
      vertex -6.62643 2.0808 0.6
      vertex -7.1 2.42487 0.6
    endloop
  endfacet
  facet normal 0.565378 -0.326404 -0.757501
    outer loop
      vertex -11.8979 2.4687 -0.6
      vertex -10.7652 1.6458 0.6
      vertex -12.3369 1.70829 -0.6
    endloop
  endfacet
  facet normal -0.565387 -0.326424 -0.757486
    outer loop
      vertex -4.66311 1.70829 -0.6
      vertex -5.94207 1.13886 0.6
      vertex -6.23475 1.6458 0.6
    endloop
  endfacet
  facet normal -0.265538 -0.596409 -0.757487
    outer loop
      vertex -7.20213 3.99444 -0.6
      vertex -6.4 3.63731 -0.6
      vertex -7.63475 2.66296 0.6
    endloop
  endfacet
  facet normal 0.649274 0.0682562 -0.757486
    outer loop
      vertex -11.2388 -0.582152 0.6
      vertex -12.6082 -0.873229 -0.6
      vertex -12.7 0 -0.6
    endloop
  endfacet
  facet normal -0.135732 -0.638585 -0.757486
    outer loop
      vertex -7.20213 3.99444 -0.6
      vertex -7.63475 2.66296 0.6
      vertex -8.20732 2.78466 0.6
    endloop
  endfacet
  facet normal -0.649273 0.0682413 -0.757487
    outer loop
      vertex -4.3 0 -0.6
      vertex -4.39178 -0.873229 -0.6
      vertex -5.76119 -0.582152 0.6
    endloop
  endfacet
  facet normal -0.649274 0.0682452 -0.757486
    outer loop
      vertex -5.7 0 0.6
      vertex -4.3 0 -0.6
      vertex -5.76119 -0.582152 0.6
    endloop
  endfacet
  facet normal 0.135732 -0.638585 -0.757486
    outer loop
      vertex -8.79268 2.78466 0.6
      vertex -9.36525 2.66296 0.6
      vertex -9.79787 3.99444 -0.6
    endloop
  endfacet
  facet normal 0.485219 -0.436808 -0.75747
    outer loop
      vertex -10.3736 2.0808 0.6
      vertex -10.7652 1.6458 0.6
      vertex -11.3103 3.12121 -0.6
    endloop
  endfacet
  facet normal 0.649274 0.0682563 -0.757486
    outer loop
      vertex -11.3 0 0.6
      vertex -11.2388 -0.582152 0.6
      vertex -12.7 0 -0.6
    endloop
  endfacet
  facet normal -0.135732 -0.638585 -0.757487
    outer loop
      vertex -8.06098 4.17699 -0.6
      vertex -7.20213 3.99444 -0.6
      vertex -8.20732 2.78466 0.6
    endloop
  endfacet
  facet normal 0.485219 0.436808 -0.75747
    outer loop
      vertex -10.7652 -1.6458 0.6
      vertex -10.3736 -2.0808 0.6
      vertex -11.3103 -3.12121 -0.6
    endloop
  endfacet
  facet normal -0.620898 -0.201736 -0.757488
    outer loop
      vertex -4.39178 0.873229 -0.6
      vertex -5.76119 0.582152 0.6
      vertex -5.94207 1.13886 0.6
    endloop
  endfacet
  facet normal 0.620896 0.201721 -0.757494
    outer loop
      vertex -11.0579 -1.13886 0.6
      vertex -12.3369 -1.70829 -0.6
      vertex -12.6082 -0.873229 -0.6
    endloop
  endfacet
  facet normal -0.135732 0.638585 -0.757486
    outer loop
      vertex -7.63475 -2.66296 0.6
      vertex -7.20213 -3.99444 -0.6
      vertex -8.20732 -2.78466 0.6
    endloop
  endfacet
  facet normal 0.56537 0.326437 -0.757493
    outer loop
      vertex -11.0579 -1.13886 0.6
      vertex -10.7652 -1.6458 0.6
      vertex -12.3369 -1.70829 -0.6
    endloop
  endfacet
  facet normal 0.265538 0.596409 -0.757487
    outer loop
      vertex -9.36525 -2.66296 0.6
      vertex -9.79787 -3.99444 -0.6
      vertex -10.6 -3.63731 -0.6
    endloop
  endfacet
  facet normal 0.265538 -0.596409 -0.757487
    outer loop
      vertex -9.79787 3.99444 -0.6
      vertex -9.36525 2.66296 0.6
      vertex -10.6 3.63731 -0.6
    endloop
  endfacet
  facet normal 0.649274 -0.0682562 -0.757486
    outer loop
      vertex -12.6082 0.873229 -0.6
      vertex -11.2388 0.582152 0.6
      vertex -12.7 0 -0.6
    endloop
  endfacet
  facet normal -0.565387 0.326424 -0.757486
    outer loop
      vertex -5.94207 -1.13886 0.6
      vertex -4.66311 -1.70829 -0.6
      vertex -6.23475 -1.6458 0.6
    endloop
  endfacet
  facet normal 0.56537 -0.326437 -0.757493
    outer loop
      vertex -10.7652 1.6458 0.6
      vertex -11.0579 1.13886 0.6
      vertex -12.3369 1.70829 -0.6
    endloop
  endfacet
  facet normal 0.135732 0.638585 -0.757486
    outer loop
      vertex -9.36525 -2.66296 0.6
      vertex -8.79268 -2.78466 0.6
      vertex -9.79787 -3.99444 -0.6
    endloop
  endfacet
  facet normal -0.620898 0.201736 -0.757488
    outer loop
      vertex -5.76119 -0.582152 0.6
      vertex -4.39178 -0.873229 -0.6
      vertex -5.94207 -1.13886 0.6
    endloop
  endfacet
  facet normal 0.383728 0.528188 -0.757476
    outer loop
      vertex -10.3736 -2.0808 0.6
      vertex -9.9 -2.42487 0.6
      vertex -11.3103 -3.12121 -0.6
    endloop
  endfacet
  facet normal -0.383736 -0.528166 -0.757487
    outer loop
      vertex -6.4 3.63731 -0.6
      vertex -5.68965 3.12121 -0.6
      vertex -7.1 2.42487 0.6
    endloop
  endfacet
  facet normal 0.649274 -0.0682563 -0.757486
    outer loop
      vertex -11.2388 0.582152 0.6
      vertex -11.3 0 0.6
      vertex -12.7 0 -0.6
    endloop
  endfacet
  facet normal 0.620896 -0.201721 -0.757494
    outer loop
      vertex -12.3369 1.70829 -0.6
      vertex -11.0579 1.13886 0.6
      vertex -12.6082 0.873229 -0.6
    endloop
  endfacet
  facet normal 0.485124 -0.436866 -0.757498
    outer loop
      vertex -11.3103 3.12121 -0.6
      vertex -10.7652 1.6458 0.6
      vertex -11.8979 2.4687 -0.6
    endloop
  endfacet
  facet normal 0.620896 0.201757 -0.757484
    outer loop
      vertex -11.2388 -0.582152 0.6
      vertex -11.0579 -1.13886 0.6
      vertex -12.6082 -0.873229 -0.6
    endloop
  endfacet
  facet normal 0 0.652851 -0.757486
    outer loop
      vertex -8.06098 -4.17699 -0.6
      vertex -8.79268 -2.78466 0.6
      vertex -8.20732 -2.78466 0.6
    endloop
  endfacet
  facet normal 0 0.652851 -0.757486
    outer loop
      vertex -8.79268 -2.78466 0.6
      vertex -8.06098 -4.17699 -0.6
      vertex -8.93902 -4.17699 -0.6
    endloop
  endfacet
  facet normal -0.135732 0.638585 -0.757487
    outer loop
      vertex -7.20213 -3.99444 -0.6
      vertex -8.06098 -4.17699 -0.6
      vertex -8.20732 -2.78466 0.6
    endloop
  endfacet
  facet normal 0.265541 -0.596406 -0.757488
    outer loop
      vertex -9.36525 2.66296 0.6
      vertex -9.9 2.42487 0.6
      vertex -10.6 3.63731 -0.6
    endloop
  endfacet
  facet normal 0 0 -1
    outer loop
      vertex -5.76119 -0.582152 0.6
      vertex -5.76119 0.582152 0.6
      vertex -5.7 0 0.6
    endloop
  endfacet
  facet normal 0 0 -1
    outer loop
      vertex -5.94207 -1.13886 0.6
      vertex -5.76119 0.582152 0.6
      vertex -5.76119 -0.582152 0.6
    endloop
  endfacet
  facet normal 0 0 -1
    outer loop
      vertex -5.94207 -1.13886 0.6
      vertex -5.94207 1.13886 0.6
      vertex -5.76119 0.582152 0.6
    endloop
  endfacet
  facet normal 0 0 -1
    outer loop
      vertex -6.23475 -1.6458 0.6
      vertex -5.94207 1.13886 0.6
      vertex -5.94207 -1.13886 0.6
    endloop
  endfacet
  facet normal 0 0 -1
    outer loop
      vertex -6.23475 -1.6458 0.6
      vertex -6.23475 1.6458 0.6
      vertex -5.94207 1.13886 0.6
    endloop
  endfacet
  facet normal 0 0 -1
    outer loop
      vertex -6.62643 -2.0808 0.6
      vertex -6.23475 1.6458 0.6
      vertex -6.23475 -1.6458 0.6
    endloop
  endfacet
  facet normal 0 0 -1
    outer loop
      vertex -6.62643 -2.0808 0.6
      vertex -6.62643 2.0808 0.6
      vertex -6.23475 1.6458 0.6
    endloop
  endfacet
  facet normal 0 0 -1
    outer loop
      vertex -7.1 -2.42487 0.6
      vertex -6.62643 2.0808 0.6
      vertex -6.62643 -2.0808 0.6
    endloop
  endfacet
  facet normal 0 0 -1
    outer loop
      vertex -7.1 -2.42487 0.6
      vertex -7.1 2.42487 0.6
      vertex -6.62643 2.0808 0.6
    endloop
  endfacet
  facet normal 0 0 -1
    outer loop
      vertex -7.63475 -2.66296 0.6
      vertex -7.1 2.42487 0.6
      vertex -7.1 -2.42487 0.6
    endloop
  endfacet
  facet normal 0 0 -1
    outer loop
      vertex -7.63475 -2.66296 0.6
      vertex -7.63475 2.66296 0.6
      vertex -7.1 2.42487 0.6
    endloop
  endfacet
  facet normal 0 0 -1
    outer loop
      vertex -8.20732 -2.78466 0.6
      vertex -7.63475 2.66296 0.6
      vertex -7.63475 -2.66296 0.6
    endloop
  endfacet
  facet normal 0 0 -1
    outer loop
      vertex -8.20732 -2.78466 0.6
      vertex -8.20732 2.78466 0.6
      vertex -7.63475 2.66296 0.6
    endloop
  endfacet
  facet normal 0 0 -1
    outer loop
      vertex -8.79268 -2.78466 0.6
      vertex -8.20732 2.78466 0.6
      vertex -8.20732 -2.78466 0.6
    endloop
  endfacet
  facet normal 0 0 -1
    outer loop
      vertex -8.79268 -2.78466 0.6
      vertex -8.79268 2.78466 0.6
      vertex -8.20732 2.78466 0.6
    endloop
  endfacet
  facet normal 0 0 -1
    outer loop
      vertex -9.36525 -2.66296 0.6
      vertex -8.79268 2.78466 0.6
      vertex -8.79268 -2.78466 0.6
    endloop
  endfacet
  facet normal 0 0 -1
    outer loop
      vertex -9.36525 -2.66296 0.6
      vertex -9.36525 2.66296 0.6
      vertex -8.79268 2.78466 0.6
    endloop
  endfacet
  facet normal 0 0 -1
    outer loop
      vertex -9.9 -2.42487 0.6
      vertex -9.36525 2.66296 0.6
      vertex -9.36525 -2.66296 0.6
    endloop
  endfacet
  facet normal 0 0 -1
    outer loop
      vertex -9.9 -2.42487 0.6
      vertex -9.9 2.42487 0.6
      vertex -9.36525 2.66296 0.6
    endloop
  endfacet
  facet normal 0 0 -1
    outer loop
      vertex -10.3736 -2.0808 0.6
      vertex -9.9 2.42487 0.6
      vertex -9.9 -2.42487 0.6
    endloop
  endfacet
  facet normal 0 0 -1
    outer loop
      vertex -10.3736 -2.0808 0.6
      vertex -10.3736 2.0808 0.6
      vertex -9.9 2.42487 0.6
    endloop
  endfacet
  facet normal 0 0 -1
    outer loop
      vertex -10.7652 -1.6458 0.6
      vertex -10.3736 2.0808 0.6
      vertex -10.3736 -2.0808 0.6
    endloop
  endfacet
  facet normal 0 0 -1
    outer loop
      vertex -10.7652 -1.6458 0.6
      vertex -10.7652 1.6458 0.6
      vertex -10.3736 2.0808 0.6
    endloop
  endfacet
  facet normal 0 0 -1
    outer loop
      vertex -11.0579 -1.13886 0.6
      vertex -10.7652 1.6458 0.6
      vertex -10.7652 -1.6458 0.6
    endloop
  endfacet
  facet normal 0 0 -1
    outer loop
      vertex -11.0579 -1.13886 0.6
      vertex -11.0579 1.13886 0.6
      vertex -10.7652 1.6458 0.6
    endloop
  endfacet
  facet normal 0 0 -1
    outer loop
      vertex -11.2388 -0.582152 0.6
      vertex -11.0579 1.13886 0.6
      vertex -11.0579 -1.13886 0.6
    endloop
  endfacet
  facet normal 0 0 -1
    outer loop
      vertex -11.2388 -0.582152 0.6
      vertex -11.2388 0.582152 0.6
      vertex -11.0579 1.13886 0.6
    endloop
  endfacet
  facet normal 0 -0 -1
    outer loop
      vertex -11.2388 0.582152 0.6
      vertex -11.2388 -0.582152 0.6
      vertex -11.3 0 0.6
    endloop
  endfacet
  facet normal 0.406731 0.913548 -0
    outer loop
      vertex 7.54762 -4.46996 -2.5
      vertex 6.65 -4.07032 -0.6
      vertex 7.54762 -4.46996 -0.6
    endloop
  endfacet
  facet normal 0.406731 0.913548 0
    outer loop
      vertex 6.65 -4.07032 -0.6
      vertex 7.54762 -4.46996 -2.5
      vertex 6.65 -4.07032 -2.5
    endloop
  endfacet
  facet normal 0.951056 0.309017 0
    outer loop
      vertex 4.70634 -1.91166 -0.6
      vertex 4.40271 -0.977184 -2.5
      vertex 4.40271 -0.977184 -0.6
    endloop
  endfacet
  facet normal 0.951056 0.309017 0
    outer loop
      vertex 4.40271 -0.977184 -2.5
      vertex 4.70634 -1.91166 -0.6
      vertex 4.70634 -1.91166 -2.5
    endloop
  endfacet
  facet normal -0.951065 -0.30899 0
    outer loop
      vertex 13.5973 0.977184 -2.5
      vertex 13.2937 1.91166 -0.6
      vertex 13.2937 1.91166 -2.5
    endloop
  endfacet
  facet normal -0.951065 -0.30899 0
    outer loop
      vertex 13.2937 1.91166 -0.6
      vertex 13.5973 0.977184 -2.5
      vertex 13.5973 0.977184 -0.6
    endloop
  endfacet
  facet normal -0.994523 -0.104522 0
    outer loop
      vertex 13.7 0 -2.5
      vertex 13.5973 0.977184 -0.6
      vertex 13.5973 0.977184 -2.5
    endloop
  endfacet
  facet normal -0.994523 -0.104522 0
    outer loop
      vertex 13.5973 0.977184 -0.6
      vertex 13.7 0 -2.5
      vertex 13.7 0 -0.6
    endloop
  endfacet
  facet normal -0.866019 -0.500012 0
    outer loop
      vertex 13.2937 1.91166 -2.5
      vertex 12.8024 2.76259 -0.6
      vertex 12.8024 2.76259 -2.5
    endloop
  endfacet
  facet normal -0.866019 -0.500012 0
    outer loop
      vertex 12.8024 2.76259 -0.6
      vertex 13.2937 1.91166 -2.5
      vertex 13.2937 1.91166 -0.6
    endloop
  endfacet
  facet normal -0.587793 0.809012 0
    outer loop
      vertex 12.1449 -3.49278 -2.5
      vertex 11.35 -4.07032 -0.6
      vertex 12.1449 -3.49278 -0.6
    endloop
  endfacet
  facet normal -0.587793 0.809012 0
    outer loop
      vertex 11.35 -4.07032 -0.6
      vertex 12.1449 -3.49278 -2.5
      vertex 11.35 -4.07032 -2.5
    endloop
  endfacet
  facet normal -0.406739 -0.913544 0
    outer loop
      vertex 10.4524 4.46996 -2.5
      vertex 11.35 4.07032 -0.6
      vertex 10.4524 4.46996 -0.6
    endloop
  endfacet
  facet normal -0.406739 -0.913544 -0
    outer loop
      vertex 11.35 4.07032 -0.6
      vertex 10.4524 4.46996 -2.5
      vertex 11.35 4.07032 -2.5
    endloop
  endfacet
  facet normal -0.994523 0.104522 0
    outer loop
      vertex 13.5973 -0.977184 -2.5
      vertex 13.7 0 -0.6
      vertex 13.7 0 -2.5
    endloop
  endfacet
  facet normal -0.994523 0.104522 0
    outer loop
      vertex 13.7 0 -0.6
      vertex 13.5973 -0.977184 -2.5
      vertex 13.5973 -0.977184 -0.6
    endloop
  endfacet
  facet normal -0.743128 -0.66915 0
    outer loop
      vertex 12.8024 2.76259 -2.5
      vertex 12.1449 3.49278 -0.6
      vertex 12.1449 3.49278 -2.5
    endloop
  endfacet
  facet normal -0.743128 -0.66915 0
    outer loop
      vertex 12.1449 3.49278 -0.6
      vertex 12.8024 2.76259 -2.5
      vertex 12.8024 2.76259 -0.6
    endloop
  endfacet
  facet normal 0.866027 -0.499996 0
    outer loop
      vertex 4.70634 1.91166 -0.6
      vertex 5.19762 2.76259 -2.5
      vertex 5.19762 2.76259 -0.6
    endloop
  endfacet
  facet normal 0.866027 -0.499996 0
    outer loop
      vertex 5.19762 2.76259 -2.5
      vertex 4.70634 1.91166 -0.6
      vertex 4.70634 1.91166 -2.5
    endloop
  endfacet
  facet normal -0.743128 0.66915 0
    outer loop
      vertex 12.1449 -3.49278 -2.5
      vertex 12.8024 -2.76259 -0.6
      vertex 12.8024 -2.76259 -2.5
    endloop
  endfacet
  facet normal -0.743128 0.66915 0
    outer loop
      vertex 12.8024 -2.76259 -0.6
      vertex 12.1449 -3.49278 -2.5
      vertex 12.1449 -3.49278 -0.6
    endloop
  endfacet
  facet normal 0.743143 -0.669133 0
    outer loop
      vertex 5.19762 2.76259 -0.6
      vertex 5.85509 3.49278 -2.5
      vertex 5.85509 3.49278 -0.6
    endloop
  endfacet
  facet normal 0.743143 -0.669133 0
    outer loop
      vertex 5.85509 3.49278 -2.5
      vertex 5.19762 2.76259 -0.6
      vertex 5.19762 2.76259 -2.5
    endloop
  endfacet
  facet normal -0.866019 0.500012 0
    outer loop
      vertex 12.8024 -2.76259 -2.5
      vertex 13.2937 -1.91166 -0.6
      vertex 13.2937 -1.91166 -2.5
    endloop
  endfacet
  facet normal -0.866019 0.500012 0
    outer loop
      vertex 13.2937 -1.91166 -0.6
      vertex 12.8024 -2.76259 -2.5
      vertex 12.8024 -2.76259 -0.6
    endloop
  endfacet
  facet normal 0.587788 -0.809015 0
    outer loop
      vertex 5.85509 3.49278 -2.5
      vertex 6.65 4.07032 -0.6
      vertex 5.85509 3.49278 -0.6
    endloop
  endfacet
  facet normal 0.587788 -0.809015 0
    outer loop
      vertex 6.65 4.07032 -0.6
      vertex 5.85509 3.49278 -2.5
      vertex 6.65 4.07032 -2.5
    endloop
  endfacet
  facet normal -0.951065 0.30899 0
    outer loop
      vertex 13.2937 -1.91166 -2.5
      vertex 13.5973 -0.977184 -0.6
      vertex 13.5973 -0.977184 -2.5
    endloop
  endfacet
  facet normal -0.951065 0.30899 0
    outer loop
      vertex 13.5973 -0.977184 -0.6
      vertex 13.2937 -1.91166 -2.5
      vertex 13.2937 -1.91166 -0.6
    endloop
  endfacet
  facet normal 0 -1 0
    outer loop
      vertex 8.50872 4.67425 -2.5
      vertex 9.49128 4.67425 -0.6
      vertex 8.50872 4.67425 -0.6
    endloop
  endfacet
  facet normal 0 -1 -0
    outer loop
      vertex 9.49128 4.67425 -0.6
      vertex 8.50872 4.67425 -2.5
      vertex 9.49128 4.67425 -2.5
    endloop
  endfacet
  facet normal 0.587788 0.809015 -0
    outer loop
      vertex 6.65 -4.07032 -2.5
      vertex 5.85509 -3.49278 -0.6
      vertex 6.65 -4.07032 -0.6
    endloop
  endfacet
  facet normal 0.587788 0.809015 0
    outer loop
      vertex 5.85509 -3.49278 -0.6
      vertex 6.65 -4.07032 -2.5
      vertex 5.85509 -3.49278 -2.5
    endloop
  endfacet
  facet normal 0.866027 0.499996 0
    outer loop
      vertex 5.19762 -2.76259 -0.6
      vertex 4.70634 -1.91166 -2.5
      vertex 4.70634 -1.91166 -0.6
    endloop
  endfacet
  facet normal 0.866027 0.499996 0
    outer loop
      vertex 4.70634 -1.91166 -2.5
      vertex 5.19762 -2.76259 -0.6
      vertex 5.19762 -2.76259 -2.5
    endloop
  endfacet
  facet normal 0.406731 -0.913548 0
    outer loop
      vertex 6.65 4.07032 -2.5
      vertex 7.54762 4.46996 -0.6
      vertex 6.65 4.07032 -0.6
    endloop
  endfacet
  facet normal 0.406731 -0.913548 0
    outer loop
      vertex 7.54762 4.46996 -0.6
      vertex 6.65 4.07032 -2.5
      vertex 7.54762 4.46996 -2.5
    endloop
  endfacet
  facet normal 0.994521 0.104532 0
    outer loop
      vertex 4.40271 -0.977184 -0.6
      vertex 4.3 0 -2.5
      vertex 4.3 0 -0.6
    endloop
  endfacet
  facet normal 0.994521 0.104532 0
    outer loop
      vertex 4.3 0 -2.5
      vertex 4.40271 -0.977184 -0.6
      vertex 4.40271 -0.977184 -2.5
    endloop
  endfacet
  facet normal 0.743143 0.669133 0
    outer loop
      vertex 5.85509 -3.49278 -0.6
      vertex 5.19762 -2.76259 -2.5
      vertex 5.19762 -2.76259 -0.6
    endloop
  endfacet
  facet normal 0.743143 0.669133 0
    outer loop
      vertex 5.19762 -2.76259 -2.5
      vertex 5.85509 -3.49278 -0.6
      vertex 5.85509 -3.49278 -2.5
    endloop
  endfacet
  facet normal -0.207909 0.978148 0
    outer loop
      vertex 10.4524 -4.46996 -2.5
      vertex 9.49128 -4.67425 -0.6
      vertex 10.4524 -4.46996 -0.6
    endloop
  endfacet
  facet normal -0.207909 0.978148 0
    outer loop
      vertex 9.49128 -4.67425 -0.6
      vertex 10.4524 -4.46996 -2.5
      vertex 9.49128 -4.67425 -2.5
    endloop
  endfacet
  facet normal 0.994521 -0.104532 0
    outer loop
      vertex 4.3 0 -0.6
      vertex 4.40271 0.977184 -2.5
      vertex 4.40271 0.977184 -0.6
    endloop
  endfacet
  facet normal 0.994521 -0.104532 0
    outer loop
      vertex 4.40271 0.977184 -2.5
      vertex 4.3 0 -0.6
      vertex 4.3 0 -2.5
    endloop
  endfacet
  facet normal -0.207909 -0.978148 0
    outer loop
      vertex 9.49128 4.67425 -2.5
      vertex 10.4524 4.46996 -0.6
      vertex 9.49128 4.67425 -0.6
    endloop
  endfacet
  facet normal -0.207909 -0.978148 -0
    outer loop
      vertex 10.4524 4.46996 -0.6
      vertex 9.49128 4.67425 -2.5
      vertex 10.4524 4.46996 -2.5
    endloop
  endfacet
  facet normal -0.587793 -0.809012 0
    outer loop
      vertex 11.35 4.07032 -2.5
      vertex 12.1449 3.49278 -0.6
      vertex 11.35 4.07032 -0.6
    endloop
  endfacet
  facet normal -0.587793 -0.809012 -0
    outer loop
      vertex 12.1449 3.49278 -0.6
      vertex 11.35 4.07032 -2.5
      vertex 12.1449 3.49278 -2.5
    endloop
  endfacet
  facet normal 0.207914 -0.978147 0
    outer loop
      vertex 7.54762 4.46996 -2.5
      vertex 8.50872 4.67425 -0.6
      vertex 7.54762 4.46996 -0.6
    endloop
  endfacet
  facet normal 0.207914 -0.978147 0
    outer loop
      vertex 8.50872 4.67425 -0.6
      vertex 7.54762 4.46996 -2.5
      vertex 8.50872 4.67425 -2.5
    endloop
  endfacet
  facet normal -0.406739 0.913544 0
    outer loop
      vertex 11.35 -4.07032 -2.5
      vertex 10.4524 -4.46996 -0.6
      vertex 11.35 -4.07032 -0.6
    endloop
  endfacet
  facet normal -0.406739 0.913544 0
    outer loop
      vertex 10.4524 -4.46996 -0.6
      vertex 11.35 -4.07032 -2.5
      vertex 10.4524 -4.46996 -2.5
    endloop
  endfacet
  facet normal 0 1 -0
    outer loop
      vertex 9.49128 -4.67425 -2.5
      vertex 8.50872 -4.67425 -0.6
      vertex 9.49128 -4.67425 -0.6
    endloop
  endfacet
  facet normal 0 1 0
    outer loop
      vertex 8.50872 -4.67425 -0.6
      vertex 9.49128 -4.67425 -2.5
      vertex 8.50872 -4.67425 -2.5
    endloop
  endfacet
  facet normal 0.207914 0.978147 -0
    outer loop
      vertex 8.50872 -4.67425 -2.5
      vertex 7.54762 -4.46996 -0.6
      vertex 8.50872 -4.67425 -0.6
    endloop
  endfacet
  facet normal 0.207914 0.978147 0
    outer loop
      vertex 7.54762 -4.46996 -0.6
      vertex 8.50872 -4.67425 -2.5
      vertex 7.54762 -4.46996 -2.5
    endloop
  endfacet
  facet normal 0.951056 -0.309017 0
    outer loop
      vertex 4.40271 0.977184 -0.6
      vertex 4.70634 1.91166 -2.5
      vertex 4.70634 1.91166 -0.6
    endloop
  endfacet
  facet normal 0.951056 -0.309017 0
    outer loop
      vertex 4.70634 1.91166 -2.5
      vertex 4.40271 0.977184 -0.6
      vertex 4.40271 0.977184 -2.5
    endloop
  endfacet
  facet normal 0.606838 -0.0637805 -0.792262
    outer loop
      vertex 5.93514 0.651456 0.6
      vertex 5.86667 0 0.6
      vertex 4.3 0 -0.6
    endloop
  endfacet
  facet normal -0.528415 -0.30509 -0.792274
    outer loop
      vertex 11.8624 1.27444 0.6
      vertex 12.8024 2.76259 -0.6
      vertex 13.2937 1.91166 -0.6
    endloop
  endfacet
  facet normal -0.528437 -0.30507 -0.792267
    outer loop
      vertex 12.8024 2.76259 -0.6
      vertex 11.8624 1.27444 0.6
      vertex 11.5349 1.84173 0.6
    endloop
  endfacet
  facet normal 0.35866 0.493646 -0.792261
    outer loop
      vertex 6.90339 -2.32852 0.6
      vertex 7.43333 -2.71355 0.6
      vertex 6.65 -4.07032 -0.6
    endloop
  endfacet
  facet normal -0.606833 -0.0637148 -0.792271
    outer loop
      vertex 13.7 0 -0.6
      vertex 12.1333 0 0.6
      vertex 12.0649 0.651456 0.6
    endloop
  endfacet
  facet normal -0.606847 -0.0637784 -0.792256
    outer loop
      vertex 13.5973 0.977184 -0.6
      vertex 13.7 0 -0.6
      vertex 12.0649 0.651456 0.6
    endloop
  endfacet
  facet normal -0.35866 0.493644 -0.792261
    outer loop
      vertex 12.1449 -3.49278 -0.6
      vertex 11.35 -4.07032 -0.6
      vertex 11.0966 -2.32852 0.6
    endloop
  endfacet
  facet normal 0.35866 -0.493646 -0.792261
    outer loop
      vertex 7.43333 2.71355 0.6
      vertex 6.90339 2.32852 0.6
      vertex 6.65 4.07032 -0.6
    endloop
  endfacet
  facet normal -0.248184 -0.557428 -0.792262
    outer loop
      vertex 10.4524 4.46996 -0.6
      vertex 11.35 4.07032 -0.6
      vertex 9.96825 2.97998 0.6
    endloop
  endfacet
  facet normal 0.126865 0.596849 -0.79226
    outer loop
      vertex 8.03175 -2.97998 0.6
      vertex 8.50872 -4.67425 -0.6
      vertex 7.54762 -4.46996 -0.6
    endloop
  endfacet
  facet normal 0.580317 -0.188557 -0.792261
    outer loop
      vertex 6.13756 1.27444 0.6
      vertex 5.93514 0.651456 0.6
      vertex 4.70634 1.91166 -0.6
    endloop
  endfacet
  facet normal -0.126863 0.596849 -0.792261
    outer loop
      vertex 9.96825 -2.97998 0.6
      vertex 10.4524 -4.46996 -0.6
      vertex 9.49128 -4.67425 -0.6
    endloop
  endfacet
  facet normal -0.358681 -0.493637 -0.792256
    outer loop
      vertex 11.35 4.07032 -0.6
      vertex 11.0966 2.32852 0.6
      vertex 10.5667 2.71355 0.6
    endloop
  endfacet
  facet normal 0.453453 0.408293 -0.792261
    outer loop
      vertex 6.46508 -1.84173 0.6
      vertex 6.90339 -2.32852 0.6
      vertex 5.19762 -2.76259 -0.6
    endloop
  endfacet
  facet normal 0.580317 0.188557 -0.792261
    outer loop
      vertex 5.93514 -0.651456 0.6
      vertex 6.13756 -1.27444 0.6
      vertex 4.70634 -1.91166 -0.6
    endloop
  endfacet
  facet normal -0.453451 0.408282 -0.792267
    outer loop
      vertex 11.5349 -1.84173 0.6
      vertex 12.8024 -2.76259 -0.6
      vertex 11.0966 -2.32852 0.6
    endloop
  endfacet
  facet normal 0.126863 0.596849 -0.792261
    outer loop
      vertex 8.67248 -3.11617 0.6
      vertex 8.50872 -4.67425 -0.6
      vertex 8.03175 -2.97998 0.6
    endloop
  endfacet
  facet normal -0.453451 -0.408282 -0.792267
    outer loop
      vertex 12.8024 2.76259 -0.6
      vertex 11.5349 1.84173 0.6
      vertex 11.0966 2.32852 0.6
    endloop
  endfacet
  facet normal -0.248172 0.557439 -0.792258
    outer loop
      vertex 10.5667 -2.71355 0.6
      vertex 11.35 -4.07032 -0.6
      vertex 9.96825 -2.97998 0.6
    endloop
  endfacet
  facet normal 0.126863 -0.596849 -0.792261
    outer loop
      vertex 8.50872 4.67425 -0.6
      vertex 8.67248 3.11617 0.6
      vertex 8.03175 2.97998 0.6
    endloop
  endfacet
  facet normal -0.453443 -0.408303 -0.792262
    outer loop
      vertex 12.1449 3.49278 -0.6
      vertex 12.8024 2.76259 -0.6
      vertex 11.0966 2.32852 0.6
    endloop
  endfacet
  facet normal 0.528435 0.305088 -0.792261
    outer loop
      vertex 5.19762 -2.76259 -0.6
      vertex 6.13756 -1.27444 0.6
      vertex 6.46508 -1.84173 0.6
    endloop
  endfacet
  facet normal 0.528434 0.305089 -0.792262
    outer loop
      vertex 6.13756 -1.27444 0.6
      vertex 5.19762 -2.76259 -0.6
      vertex 4.70634 -1.91166 -0.6
    endloop
  endfacet
  facet normal 0.580317 0.188557 -0.792261
    outer loop
      vertex 5.93514 -0.651456 0.6
      vertex 4.70634 -1.91166 -0.6
      vertex 4.40271 -0.977184 -0.6
    endloop
  endfacet
  facet normal 0.606839 0.0637837 -0.792262
    outer loop
      vertex 5.93514 -0.651456 0.6
      vertex 4.40271 -0.977184 -0.6
      vertex 4.3 0 -0.6
    endloop
  endfacet
  facet normal 0.248181 0.557431 -0.792261
    outer loop
      vertex 7.43333 -2.71355 0.6
      vertex 8.03175 -2.97998 0.6
      vertex 6.65 -4.07032 -0.6
    endloop
  endfacet
  facet normal 0.528435 -0.305088 -0.792261
    outer loop
      vertex 6.13756 1.27444 0.6
      vertex 5.19762 2.76259 -0.6
      vertex 6.46508 1.84173 0.6
    endloop
  endfacet
  facet normal 0.528434 -0.305089 -0.792262
    outer loop
      vertex 5.19762 2.76259 -0.6
      vertex 6.13756 1.27444 0.6
      vertex 4.70634 1.91166 -0.6
    endloop
  endfacet
  facet normal -0.580273 -0.188617 -0.792279
    outer loop
      vertex 13.2937 1.91166 -0.6
      vertex 12.0649 0.651456 0.6
      vertex 11.8624 1.27444 0.6
    endloop
  endfacet
  facet normal -0.580328 -0.188542 -0.792257
    outer loop
      vertex 13.2937 1.91166 -0.6
      vertex 13.5973 0.977184 -0.6
      vertex 12.0649 0.651456 0.6
    endloop
  endfacet
  facet normal -0.528415 0.30509 -0.792274
    outer loop
      vertex 12.8024 -2.76259 -0.6
      vertex 11.8624 -1.27444 0.6
      vertex 13.2937 -1.91166 -0.6
    endloop
  endfacet
  facet normal -0.528437 0.30507 -0.792267
    outer loop
      vertex 11.8624 -1.27444 0.6
      vertex 12.8024 -2.76259 -0.6
      vertex 11.5349 -1.84173 0.6
    endloop
  endfacet
  facet normal -0.358681 0.493637 -0.792256
    outer loop
      vertex 11.0966 -2.32852 0.6
      vertex 11.35 -4.07032 -0.6
      vertex 10.5667 -2.71355 0.6
    endloop
  endfacet
  facet normal 0.126865 -0.596849 -0.79226
    outer loop
      vertex 8.50872 4.67425 -0.6
      vertex 8.03175 2.97998 0.6
      vertex 7.54762 4.46996 -0.6
    endloop
  endfacet
  facet normal 0.358658 -0.493646 -0.792261
    outer loop
      vertex 6.65 4.07032 -0.6
      vertex 6.90339 2.32852 0.6
      vertex 5.85509 3.49278 -0.6
    endloop
  endfacet
  facet normal 0.24818 0.557431 -0.792261
    outer loop
      vertex 8.03175 -2.97998 0.6
      vertex 7.54762 -4.46996 -0.6
      vertex 6.65 -4.07032 -0.6
    endloop
  endfacet
  facet normal -0.580328 0.188542 -0.792257
    outer loop
      vertex 13.5973 -0.977184 -0.6
      vertex 13.2937 -1.91166 -0.6
      vertex 12.0649 -0.651456 0.6
    endloop
  endfacet
  facet normal 0.453452 0.408293 -0.792261
    outer loop
      vertex 6.90339 -2.32852 0.6
      vertex 5.85509 -3.49278 -0.6
      vertex 5.19762 -2.76259 -0.6
    endloop
  endfacet
  facet normal 0.24818 -0.557431 -0.792261
    outer loop
      vertex 7.54762 4.46996 -0.6
      vertex 8.03175 2.97998 0.6
      vertex 6.65 4.07032 -0.6
    endloop
  endfacet
  facet normal -0.248172 -0.557439 -0.792258
    outer loop
      vertex 11.35 4.07032 -0.6
      vertex 10.5667 2.71355 0.6
      vertex 9.96825 2.97998 0.6
    endloop
  endfacet
  facet normal 0.358658 0.493646 -0.792261
    outer loop
      vertex 6.90339 -2.32852 0.6
      vertex 6.65 -4.07032 -0.6
      vertex 5.85509 -3.49278 -0.6
    endloop
  endfacet
  facet normal 0.453453 -0.408293 -0.792261
    outer loop
      vertex 6.90339 2.32852 0.6
      vertex 6.46508 1.84173 0.6
      vertex 5.19762 2.76259 -0.6
    endloop
  endfacet
  facet normal -0.606847 0.0637784 -0.792256
    outer loop
      vertex 13.7 0 -0.6
      vertex 13.5973 -0.977184 -0.6
      vertex 12.0649 -0.651456 0.6
    endloop
  endfacet
  facet normal -0.606833 0.0637148 -0.792271
    outer loop
      vertex 12.1333 0 0.6
      vertex 13.7 0 -0.6
      vertex 12.0649 -0.651456 0.6
    endloop
  endfacet
  facet normal -0.35866 -0.493644 -0.792261
    outer loop
      vertex 11.35 4.07032 -0.6
      vertex 12.1449 3.49278 -0.6
      vertex 11.0966 2.32852 0.6
    endloop
  endfacet
  facet normal -0.126863 -0.596849 -0.792261
    outer loop
      vertex 9.49128 4.67425 -0.6
      vertex 9.96825 2.97998 0.6
      vertex 9.32752 3.11617 0.6
    endloop
  endfacet
  facet normal 0.606838 0.0637805 -0.792262
    outer loop
      vertex 5.86667 0 0.6
      vertex 5.93514 -0.651456 0.6
      vertex 4.3 0 -0.6
    endloop
  endfacet
  facet normal 0.248181 -0.557431 -0.792261
    outer loop
      vertex 8.03175 2.97998 0.6
      vertex 7.43333 2.71355 0.6
      vertex 6.65 4.07032 -0.6
    endloop
  endfacet
  facet normal -0.453443 0.408303 -0.792262
    outer loop
      vertex 12.8024 -2.76259 -0.6
      vertex 12.1449 -3.49278 -0.6
      vertex 11.0966 -2.32852 0.6
    endloop
  endfacet
  facet normal 0.606839 -0.0637837 -0.792262
    outer loop
      vertex 4.40271 0.977184 -0.6
      vertex 5.93514 0.651456 0.6
      vertex 4.3 0 -0.6
    endloop
  endfacet
  facet normal 0.580317 -0.188557 -0.792261
    outer loop
      vertex 4.70634 1.91166 -0.6
      vertex 5.93514 0.651456 0.6
      vertex 4.40271 0.977184 -0.6
    endloop
  endfacet
  facet normal 0 -0.610182 -0.792261
    outer loop
      vertex 8.67248 3.11617 0.6
      vertex 9.49128 4.67425 -0.6
      vertex 9.32752 3.11617 0.6
    endloop
  endfacet
  facet normal -0 -0.610182 -0.792261
    outer loop
      vertex 9.49128 4.67425 -0.6
      vertex 8.67248 3.11617 0.6
      vertex 8.50872 4.67425 -0.6
    endloop
  endfacet
  facet normal -0.248184 0.557428 -0.792262
    outer loop
      vertex 11.35 -4.07032 -0.6
      vertex 10.4524 -4.46996 -0.6
      vertex 9.96825 -2.97998 0.6
    endloop
  endfacet
  facet normal -0.580273 0.188617 -0.792279
    outer loop
      vertex 12.0649 -0.651456 0.6
      vertex 13.2937 -1.91166 -0.6
      vertex 11.8624 -1.27444 0.6
    endloop
  endfacet
  facet normal -0.126863 -0.596849 -0.792261
    outer loop
      vertex 10.4524 4.46996 -0.6
      vertex 9.96825 2.97998 0.6
      vertex 9.49128 4.67425 -0.6
    endloop
  endfacet
  facet normal 0.453452 -0.408293 -0.792261
    outer loop
      vertex 5.85509 3.49278 -0.6
      vertex 6.90339 2.32852 0.6
      vertex 5.19762 2.76259 -0.6
    endloop
  endfacet
  facet normal -0.126863 0.596849 -0.792261
    outer loop
      vertex 9.96825 -2.97998 0.6
      vertex 9.49128 -4.67425 -0.6
      vertex 9.32752 -3.11617 0.6
    endloop
  endfacet
  facet normal 0 0.610182 -0.792261
    outer loop
      vertex 9.49128 -4.67425 -0.6
      vertex 8.67248 -3.11617 0.6
      vertex 9.32752 -3.11617 0.6
    endloop
  endfacet
  facet normal 0 0.610182 -0.792261
    outer loop
      vertex 8.67248 -3.11617 0.6
      vertex 9.49128 -4.67425 -0.6
      vertex 8.50872 -4.67425 -0.6
    endloop
  endfacet
  facet normal 0 0 -1
    outer loop
      vertex 12.0649 -0.651456 0.6
      vertex 12.0649 0.651456 0.6
      vertex 12.1333 0 0.6
    endloop
  endfacet
  facet normal 0 0 -1
    outer loop
      vertex 11.8624 -1.27444 0.6
      vertex 12.0649 0.651456 0.6
      vertex 12.0649 -0.651456 0.6
    endloop
  endfacet
  facet normal 0 0 -1
    outer loop
      vertex 11.8624 -1.27444 0.6
      vertex 11.8624 1.27444 0.6
      vertex 12.0649 0.651456 0.6
    endloop
  endfacet
  facet normal 0 0 -1
    outer loop
      vertex 11.5349 -1.84173 0.6
      vertex 11.8624 1.27444 0.6
      vertex 11.8624 -1.27444 0.6
    endloop
  endfacet
  facet normal 0 0 -1
    outer loop
      vertex 11.5349 -1.84173 0.6
      vertex 11.5349 1.84173 0.6
      vertex 11.8624 1.27444 0.6
    endloop
  endfacet
  facet normal 0 0 -1
    outer loop
      vertex 11.0966 -2.32852 0.6
      vertex 11.5349 1.84173 0.6
      vertex 11.5349 -1.84173 0.6
    endloop
  endfacet
  facet normal 0 0 -1
    outer loop
      vertex 11.0966 -2.32852 0.6
      vertex 11.0966 2.32852 0.6
      vertex 11.5349 1.84173 0.6
    endloop
  endfacet
  facet normal 0 0 -1
    outer loop
      vertex 10.5667 -2.71355 0.6
      vertex 11.0966 2.32852 0.6
      vertex 11.0966 -2.32852 0.6
    endloop
  endfacet
  facet normal 0 0 -1
    outer loop
      vertex 10.5667 -2.71355 0.6
      vertex 10.5667 2.71355 0.6
      vertex 11.0966 2.32852 0.6
    endloop
  endfacet
  facet normal 0 0 -1
    outer loop
      vertex 9.96825 -2.97998 0.6
      vertex 10.5667 2.71355 0.6
      vertex 10.5667 -2.71355 0.6
    endloop
  endfacet
  facet normal 0 0 -1
    outer loop
      vertex 9.96825 -2.97998 0.6
      vertex 9.96825 2.97998 0.6
      vertex 10.5667 2.71355 0.6
    endloop
  endfacet
  facet normal 0 0 -1
    outer loop
      vertex 9.32752 -3.11617 0.6
      vertex 9.96825 2.97998 0.6
      vertex 9.96825 -2.97998 0.6
    endloop
  endfacet
  facet normal 0 0 -1
    outer loop
      vertex 9.32752 -3.11617 0.6
      vertex 9.32752 3.11617 0.6
      vertex 9.96825 2.97998 0.6
    endloop
  endfacet
  facet normal 0 0 -1
    outer loop
      vertex 8.67248 -3.11617 0.6
      vertex 9.32752 3.11617 0.6
      vertex 9.32752 -3.11617 0.6
    endloop
  endfacet
  facet normal 0 0 -1
    outer loop
      vertex 8.67248 -3.11617 0.6
      vertex 8.67248 3.11617 0.6
      vertex 9.32752 3.11617 0.6
    endloop
  endfacet
  facet normal 0 0 -1
    outer loop
      vertex 8.03175 -2.97998 0.6
      vertex 8.67248 3.11617 0.6
      vertex 8.67248 -3.11617 0.6
    endloop
  endfacet
  facet normal 0 0 -1
    outer loop
      vertex 8.03175 -2.97998 0.6
      vertex 8.03175 2.97998 0.6
      vertex 8.67248 3.11617 0.6
    endloop
  endfacet
  facet normal 0 0 -1
    outer loop
      vertex 7.43333 -2.71355 0.6
      vertex 8.03175 2.97998 0.6
      vertex 8.03175 -2.97998 0.6
    endloop
  endfacet
  facet normal 0 0 -1
    outer loop
      vertex 7.43333 -2.71355 0.6
      vertex 7.43333 2.71355 0.6
      vertex 8.03175 2.97998 0.6
    endloop
  endfacet
  facet normal 0 0 -1
    outer loop
      vertex 6.90339 -2.32852 0.6
      vertex 7.43333 2.71355 0.6
      vertex 7.43333 -2.71355 0.6
    endloop
  endfacet
  facet normal 0 0 -1
    outer loop
      vertex 6.90339 -2.32852 0.6
      vertex 6.90339 2.32852 0.6
      vertex 7.43333 2.71355 0.6
    endloop
  endfacet
  facet normal 0 0 -1
    outer loop
      vertex 6.46508 -1.84173 0.6
      vertex 6.90339 2.32852 0.6
      vertex 6.90339 -2.32852 0.6
    endloop
  endfacet
  facet normal 0 0 -1
    outer loop
      vertex 6.46508 -1.84173 0.6
      vertex 6.46508 1.84173 0.6
      vertex 6.90339 2.32852 0.6
    endloop
  endfacet
  facet normal 0 0 -1
    outer loop
      vertex 6.13756 -1.27444 0.6
      vertex 6.46508 1.84173 0.6
      vertex 6.46508 -1.84173 0.6
    endloop
  endfacet
  facet normal 0 0 -1
    outer loop
      vertex 6.13756 -1.27444 0.6
      vertex 6.13756 1.27444 0.6
      vertex 6.46508 1.84173 0.6
    endloop
  endfacet
  facet normal 0 0 -1
    outer loop
      vertex 5.93514 -0.651456 0.6
      vertex 6.13756 1.27444 0.6
      vertex 6.13756 -1.27444 0.6
    endloop
  endfacet
  facet normal 0 0 -1
    outer loop
      vertex 5.93514 -0.651456 0.6
      vertex 5.93514 0.651456 0.6
      vertex 6.13756 1.27444 0.6
    endloop
  endfacet
  facet normal 0 -0 -1
    outer loop
      vertex 5.93514 0.651456 0.6
      vertex 5.93514 -0.651456 0.6
      vertex 5.86667 0 0.6
    endloop
  endfacet
endsolid OpenSCAD_Model
