solid OpenSCAD_Model
  facet normal 0 0 -1
    outer loop
      vertex -3.94443 15.1685 -2.5
      vertex -3.49 15 -2.5
      vertex -3.49 14.99 -2.5
    endloop
  endfacet
  facet normal 0 0 -1
    outer loop
      vertex -3.49 15 -2.5
      vertex -3.94443 15.1685 -2.5
      vertex -3.49 15.01 -2.5
    endloop
  endfacet
  facet normal 0 0 -1
    outer loop
      vertex -3.49 15.01 -2.5
      vertex -3.51921 15.8049 -2.5
      vertex -3.49 16 -2.5
    endloop
  endfacet
  facet normal -0 0 -1
    outer loop
      vertex -3.49 16 -2.5
      vertex -3.51921 15.8049 -2.5
      vertex -3.5 16 -2.5
    endloop
  endfacet
  facet normal 0 0 -1
    outer loop
      vertex -3.49 15.01 -2.5
      vertex -3.57612 15.6173 -2.5
      vertex -3.51921 15.8049 -2.5
    endloop
  endfacet
  facet normal 0 0 -1
    outer loop
      vertex -3.49 15.01 -2.5
      vertex -3.66853 15.4444 -2.5
      vertex -3.57612 15.6173 -2.5
    endloop
  endfacet
  facet normal 0 0 -1
    outer loop
      vertex -3.49 15.01 -2.5
      vertex -3.79289 15.2929 -2.5
      vertex -3.66853 15.4444 -2.5
    endloop
  endfacet
  facet normal 0 0 -1
    outer loop
      vertex -3.49 15.01 -2.5
      vertex -3.94443 15.1685 -2.5
      vertex -3.79289 15.2929 -2.5
    endloop
  endfacet
  facet normal 0 0 -1
    outer loop
      vertex -3.49 14.99 -2.5
      vertex -4.11732 15.0761 -2.5
      vertex -3.94443 15.1685 -2.5
    endloop
  endfacet
  facet normal 0 0 -1
    outer loop
      vertex -3.49 14.99 -2.5
      vertex -4.30491 15.0192 -2.5
      vertex -4.11732 15.0761 -2.5
    endloop
  endfacet
  facet normal 0 0 -1
    outer loop
      vertex -4.5 14.99 -2.5
      vertex -4.30491 15.0192 -2.5
      vertex -3.49 14.99 -2.5
    endloop
  endfacet
  facet normal 0 0 -1
    outer loop
      vertex -4.30491 15.0192 -2.5
      vertex -4.5 14.99 -2.5
      vertex -4.5 15 -2.5
    endloop
  endfacet
  facet normal 0 0 -1
    outer loop
      vertex -3.49 15 -2.5
      vertex 3.49 15.01 -2.5
      vertex 3.49 15 -2.5
    endloop
  endfacet
  facet normal -0 0 -1
    outer loop
      vertex 3.49 15.01 -2.5
      vertex -3.49 15 -2.5
      vertex -3.49 15.01 -2.5
    endloop
  endfacet
  facet normal 0 0 -1
    outer loop
      vertex 4.5 14.99 -2.5
      vertex 4.30491 15.0192 -2.5
      vertex 4.5 15 -2.5
    endloop
  endfacet
  facet normal 0 0 -1
    outer loop
      vertex 3.49 14.99 -2.5
      vertex 4.30491 15.0192 -2.5
      vertex 4.5 14.99 -2.5
    endloop
  endfacet
  facet normal 0 0 -1
    outer loop
      vertex 3.49 14.99 -2.5
      vertex 4.11732 15.0761 -2.5
      vertex 4.30491 15.0192 -2.5
    endloop
  endfacet
  facet normal 0 0 -1
    outer loop
      vertex 3.49 14.99 -2.5
      vertex 3.94443 15.1685 -2.5
      vertex 4.11732 15.0761 -2.5
    endloop
  endfacet
  facet normal 0 0 -1
    outer loop
      vertex 3.49 15 -2.5
      vertex 3.94443 15.1685 -2.5
      vertex 3.49 14.99 -2.5
    endloop
  endfacet
  facet normal 0 0 -1
    outer loop
      vertex 3.49 15.01 -2.5
      vertex 3.94443 15.1685 -2.5
      vertex 3.49 15 -2.5
    endloop
  endfacet
  facet normal -0 0 -1
    outer loop
      vertex 3.94443 15.1685 -2.5
      vertex 3.49 15.01 -2.5
      vertex 3.79289 15.2929 -2.5
    endloop
  endfacet
  facet normal -0 0 -1
    outer loop
      vertex 3.79289 15.2929 -2.5
      vertex 3.49 15.01 -2.5
      vertex 3.66853 15.4444 -2.5
    endloop
  endfacet
  facet normal -0 0 -1
    outer loop
      vertex 3.66853 15.4444 -2.5
      vertex 3.49 15.01 -2.5
      vertex 3.57612 15.6173 -2.5
    endloop
  endfacet
  facet normal -0 0 -1
    outer loop
      vertex 3.57612 15.6173 -2.5
      vertex 3.49 15.01 -2.5
      vertex 3.51921 15.8049 -2.5
    endloop
  endfacet
  facet normal 0 0 -1
    outer loop
      vertex 3.49 16 -2.5
      vertex 3.51921 15.8049 -2.5
      vertex 3.49 15.01 -2.5
    endloop
  endfacet
  facet normal 0 0 -1
    outer loop
      vertex 3.51921 15.8049 -2.5
      vertex 3.49 16 -2.5
      vertex 3.5 16 -2.5
    endloop
  endfacet
  facet normal -0 0 1
    outer loop
      vertex -3.51921 15.8049 2.5
      vertex -3.49 15.01 2.5
      vertex -3.49 16 2.5
    endloop
  endfacet
  facet normal -0 0 1
    outer loop
      vertex -3.57612 15.6173 2.5
      vertex -3.49 15.01 2.5
      vertex -3.51921 15.8049 2.5
    endloop
  endfacet
  facet normal 0 0 1
    outer loop
      vertex -3.51921 15.8049 2.5
      vertex -3.49 16 2.5
      vertex -3.5 16 2.5
    endloop
  endfacet
  facet normal -0 0 1
    outer loop
      vertex -3.66853 15.4444 2.5
      vertex -3.49 15.01 2.5
      vertex -3.57612 15.6173 2.5
    endloop
  endfacet
  facet normal -0 0 1
    outer loop
      vertex -3.79289 15.2929 2.5
      vertex -3.49 15.01 2.5
      vertex -3.66853 15.4444 2.5
    endloop
  endfacet
  facet normal -0 0 1
    outer loop
      vertex -3.94443 15.1685 2.5
      vertex -3.49 15.01 2.5
      vertex -3.79289 15.2929 2.5
    endloop
  endfacet
  facet normal 0 0 1
    outer loop
      vertex -3.49 15.01 2.5
      vertex -3.94443 15.1685 2.5
      vertex -3.49 15 2.5
    endloop
  endfacet
  facet normal 0 0 1
    outer loop
      vertex -3.49 15 2.5
      vertex -3.94443 15.1685 2.5
      vertex -3.49 14.99 2.5
    endloop
  endfacet
  facet normal -0 0 1
    outer loop
      vertex -4.11732 15.0761 2.5
      vertex -3.49 14.99 2.5
      vertex -3.94443 15.1685 2.5
    endloop
  endfacet
  facet normal -0 0 1
    outer loop
      vertex -4.30491 15.0192 2.5
      vertex -3.49 14.99 2.5
      vertex -4.11732 15.0761 2.5
    endloop
  endfacet
  facet normal 0 0 1
    outer loop
      vertex -4.5 14.99 2.5
      vertex -4.30491 15.0192 2.5
      vertex -4.5 15 2.5
    endloop
  endfacet
  facet normal 0 0 1
    outer loop
      vertex -4.30491 15.0192 2.5
      vertex -4.5 14.99 2.5
      vertex -3.49 14.99 2.5
    endloop
  endfacet
  facet normal -0 0 1
    outer loop
      vertex -3.49 15.01 2.5
      vertex 3.49 15 2.5
      vertex 3.49 15.01 2.5
    endloop
  endfacet
  facet normal 0 0 1
    outer loop
      vertex 3.49 15 2.5
      vertex -3.49 15.01 2.5
      vertex -3.49 15 2.5
    endloop
  endfacet
  facet normal 0 0 1
    outer loop
      vertex 4.30491 15.0192 2.5
      vertex 4.5 14.99 2.5
      vertex 4.5 15 2.5
    endloop
  endfacet
  facet normal -0 0 1
    outer loop
      vertex 3.49 16 2.5
      vertex 3.51921 15.8049 2.5
      vertex 3.5 16 2.5
    endloop
  endfacet
  facet normal 0 0 1
    outer loop
      vertex 3.49 15.01 2.5
      vertex 3.51921 15.8049 2.5
      vertex 3.49 16 2.5
    endloop
  endfacet
  facet normal 0 0 1
    outer loop
      vertex 3.49 15.01 2.5
      vertex 3.57612 15.6173 2.5
      vertex 3.51921 15.8049 2.5
    endloop
  endfacet
  facet normal 0 0 1
    outer loop
      vertex 3.49 15.01 2.5
      vertex 3.66853 15.4444 2.5
      vertex 3.57612 15.6173 2.5
    endloop
  endfacet
  facet normal 0 0 1
    outer loop
      vertex 3.49 15.01 2.5
      vertex 3.79289 15.2929 2.5
      vertex 3.66853 15.4444 2.5
    endloop
  endfacet
  facet normal 0 0 1
    outer loop
      vertex 3.49 15.01 2.5
      vertex 3.94443 15.1685 2.5
      vertex 3.79289 15.2929 2.5
    endloop
  endfacet
  facet normal 0 0 1
    outer loop
      vertex 3.49 15 2.5
      vertex 3.94443 15.1685 2.5
      vertex 3.49 15.01 2.5
    endloop
  endfacet
  facet normal 0 0 1
    outer loop
      vertex 3.49 14.99 2.5
      vertex 3.94443 15.1685 2.5
      vertex 3.49 15 2.5
    endloop
  endfacet
  facet normal 0 0 1
    outer loop
      vertex 3.94443 15.1685 2.5
      vertex 3.49 14.99 2.5
      vertex 4.11732 15.0761 2.5
    endloop
  endfacet
  facet normal 0 0 1
    outer loop
      vertex 4.11732 15.0761 2.5
      vertex 3.49 14.99 2.5
      vertex 4.30491 15.0192 2.5
    endloop
  endfacet
  facet normal 0 0 1
    outer loop
      vertex 4.30491 15.0192 2.5
      vertex 3.49 14.99 2.5
      vertex 4.5 14.99 2.5
    endloop
  endfacet
  facet normal 0 0 0
    outer loop
      vertex 3.49 15.1913 -2.5
      vertex 3.49 15.6305 -2.5
      vertex 3.49 16 -2.5
    endloop
  endfacet
  facet normal 0 0 0
    outer loop
      vertex 3.49 15.01 -2.5
      vertex 3.49 15.03 -2.5
      vertex 3.49 15.0346 -2.5
    endloop
  endfacet
  facet normal 0 0 0
    outer loop
      vertex 3.49 15.01 -2.5
      vertex 3.49 15.0346 -2.5
      vertex 3.49 15.0411 -2.5
    endloop
  endfacet
  facet normal 0 0 0
    outer loop
      vertex 3.49 15.01 -2.5
      vertex 3.49 15.0411 -2.5
      vertex 3.49 15.0511 -2.5
    endloop
  endfacet
  facet normal 0 0 0
    outer loop
      vertex 3.49 15.01 -2.5
      vertex 3.49 15.0511 -2.5
      vertex 3.49 15.0682 -2.5
    endloop
  endfacet
  facet normal 0 0 0
    outer loop
      vertex 3.49 15.01 -2.5
      vertex 3.49 15.0682 -2.5
      vertex 3.49 15.1021 -2.5
    endloop
  endfacet
  facet normal 0 0 0
    outer loop
      vertex 3.49 15.01 -2.5
      vertex 3.49 15.1021 -2.5
      vertex 3.49 15.1913 -2.5
    endloop
  endfacet
  facet normal 0 0 -0
    outer loop
      vertex 3.49 15.1913 -2.5
      vertex 3.49 16 -2.5
      vertex 3.49 15.01 -2.5
    endloop
  endfacet
  facet normal 0 0 0
    outer loop
      vertex 3.49 16 2.5
      vertex 3.49 15.6305 2.5
      vertex 3.49 15.1913 2.5
    endloop
  endfacet
  facet normal 0 0 0
    outer loop
      vertex 3.49 15.0411 2.5
      vertex 3.49 15.0346 2.5
      vertex 3.49 15.03 2.5
    endloop
  endfacet
  facet normal 0 0 0
    outer loop
      vertex 3.49 16 2.5
      vertex 3.49 15.1913 2.5
      vertex 3.49 15.1021 2.5
    endloop
  endfacet
  facet normal 0 0 0
    outer loop
      vertex 3.49 16 2.5
      vertex 3.49 15.1021 2.5
      vertex 3.49 15.0682 2.5
    endloop
  endfacet
  facet normal 0 0 0
    outer loop
      vertex 3.49 15.0511 2.5
      vertex 3.49 15.0411 2.5
      vertex 3.49 15.03 2.5
    endloop
  endfacet
  facet normal 0 0 0
    outer loop
      vertex 3.49 15.01 2.5
      vertex 3.49 16 2.5
      vertex 3.49 15.0682 2.5
    endloop
  endfacet
  facet normal 0 0 0
    outer loop
      vertex 3.49 15.01 2.5
      vertex 3.49 15.0682 2.5
      vertex 3.49 15.0511 2.5
    endloop
  endfacet
  facet normal -0 0 0
    outer loop
      vertex 3.49 15.03 2.5
      vertex 3.49 15.01 2.5
      vertex 3.49 15.0511 2.5
    endloop
  endfacet
  facet normal 0.995188 0.0979885 0
    outer loop
      vertex 3.5 16 2.5
      vertex 3.51921 15.8049 2.5
      vertex 3.5 16 -2.5
    endloop
  endfacet
  facet normal 0.995188 0.0979885 -0
    outer loop
      vertex 3.51921 15.8049 -2.5
      vertex 3.5 16 -2.5
      vertex 3.51921 15.8049 2.5
    endloop
  endfacet
  facet normal 0.956937 0.290295 0
    outer loop
      vertex 3.57612 15.6173 2.5
      vertex 3.51921 15.8049 -2.5
      vertex 3.51921 15.8049 2.5
    endloop
  endfacet
  facet normal 0.956937 0.290295 0
    outer loop
      vertex 3.51921 15.8049 -2.5
      vertex 3.57612 15.6173 2.5
      vertex 3.57612 15.6173 -2.5
    endloop
  endfacet
  facet normal 0.881936 0.471369 0
    outer loop
      vertex 3.66853 15.4444 2.5
      vertex 3.57612 15.6173 -2.5
      vertex 3.57612 15.6173 2.5
    endloop
  endfacet
  facet normal 0.881936 0.471369 0
    outer loop
      vertex 3.57612 15.6173 -2.5
      vertex 3.66853 15.4444 2.5
      vertex 3.66853 15.4444 -2.5
    endloop
  endfacet
  facet normal 0.772942 0.634476 0
    outer loop
      vertex 3.79289 15.2929 2.5
      vertex 3.66853 15.4444 -2.5
      vertex 3.66853 15.4444 2.5
    endloop
  endfacet
  facet normal 0.772942 0.634476 0
    outer loop
      vertex 3.66853 15.4444 -2.5
      vertex 3.79289 15.2929 2.5
      vertex 3.79289 15.2929 -2.5
    endloop
  endfacet
  facet normal 0.634498 0.772925 -0
    outer loop
      vertex 3.94443 15.1685 -2.5
      vertex 3.79289 15.2929 2.5
      vertex 3.94443 15.1685 2.5
    endloop
  endfacet
  facet normal 0.634498 0.772925 0
    outer loop
      vertex 3.79289 15.2929 2.5
      vertex 3.94443 15.1685 -2.5
      vertex 3.79289 15.2929 -2.5
    endloop
  endfacet
  facet normal 0.471351 0.881946 -0
    outer loop
      vertex 4.11732 15.0761 -2.5
      vertex 3.94443 15.1685 2.5
      vertex 4.11732 15.0761 2.5
    endloop
  endfacet
  facet normal 0.471351 0.881946 0
    outer loop
      vertex 3.94443 15.1685 2.5
      vertex 4.11732 15.0761 -2.5
      vertex 3.94443 15.1685 -2.5
    endloop
  endfacet
  facet normal 0.290262 0.956947 -0
    outer loop
      vertex 4.30491 15.0192 -2.5
      vertex 4.11732 15.0761 2.5
      vertex 4.30491 15.0192 2.5
    endloop
  endfacet
  facet normal 0.290262 0.956947 0
    outer loop
      vertex 4.11732 15.0761 2.5
      vertex 4.30491 15.0192 -2.5
      vertex 4.11732 15.0761 -2.5
    endloop
  endfacet
  facet normal 0.0979429 0.995192 -0
    outer loop
      vertex 4.5 15 -2.5
      vertex 4.30491 15.0192 2.5
      vertex 4.5 15 2.5
    endloop
  endfacet
  facet normal 0.0979429 0.995192 0
    outer loop
      vertex 4.5 15 -2.5
      vertex 4.30491 15.0192 -2.5
      vertex 4.30491 15.0192 2.5
    endloop
  endfacet
  facet normal 0 0 0
    outer loop
      vertex -3.49 16 -2.5
      vertex -3.49 15.6305 -2.5
      vertex -3.49 15.1913 -2.5
    endloop
  endfacet
  facet normal 0 0 0
    outer loop
      vertex -3.49 15.1021 -2.5
      vertex -3.49 15.0682 -2.5
      vertex -3.49 15.0511 -2.5
    endloop
  endfacet
  facet normal 0 0 0
    outer loop
      vertex -3.49 15.1913 -2.5
      vertex -3.49 15.1021 -2.5
      vertex -3.49 15.0511 -2.5
    endloop
  endfacet
  facet normal 0 0 0
    outer loop
      vertex -3.49 15.01 -2.5
      vertex -3.49 16 -2.5
      vertex -3.49 15.1913 -2.5
    endloop
  endfacet
  facet normal 0 0 0
    outer loop
      vertex -3.49 15.0411 -2.5
      vertex -3.49 15.0346 -2.5
      vertex -3.49 15.03 -2.5
    endloop
  endfacet
  facet normal 0 0 0
    outer loop
      vertex -3.49 15.01 -2.5
      vertex -3.49 15.1913 -2.5
      vertex -3.49 15.0511 -2.5
    endloop
  endfacet
  facet normal 0 0 0
    outer loop
      vertex -3.49 15.01 -2.5
      vertex -3.49 15.0511 -2.5
      vertex -3.49 15.0411 -2.5
    endloop
  endfacet
  facet normal 0 0 0
    outer loop
      vertex -3.49 15.0411 -2.5
      vertex -3.49 15.03 -2.5
      vertex -3.49 15.01 -2.5
    endloop
  endfacet
  facet normal 0 0 0
    outer loop
      vertex -3.49 15.1913 2.5
      vertex -3.49 15.6305 2.5
      vertex -3.49 16 2.5
    endloop
  endfacet
  facet normal 0 0 0
    outer loop
      vertex -3.49 15.0411 2.5
      vertex -3.49 15.0511 2.5
      vertex -3.49 15.0682 2.5
    endloop
  endfacet
  facet normal 0 0 -0
    outer loop
      vertex -3.49 15.1913 2.5
      vertex -3.49 16 2.5
      vertex -3.49 15.01 2.5
    endloop
  endfacet
  facet normal 0 0 0
    outer loop
      vertex -3.49 15.03 2.5
      vertex -3.49 15.0346 2.5
      vertex -3.49 15.0411 2.5
    endloop
  endfacet
  facet normal 0 0 -0
    outer loop
      vertex -3.49 15.1021 2.5
      vertex -3.49 15.1913 2.5
      vertex -3.49 15.01 2.5
    endloop
  endfacet
  facet normal 0 0 0
    outer loop
      vertex -3.49 15.03 2.5
      vertex -3.49 15.0411 2.5
      vertex -3.49 15.0682 2.5
    endloop
  endfacet
  facet normal 0 0 0
    outer loop
      vertex -3.49 15.03 2.5
      vertex -3.49 15.0682 2.5
      vertex -3.49 15.1021 2.5
    endloop
  endfacet
  facet normal 0 0 -0
    outer loop
      vertex -3.49 15.03 2.5
      vertex -3.49 15.1021 2.5
      vertex -3.49 15.01 2.5
    endloop
  endfacet
  facet normal -0.995188 0.0979885 0
    outer loop
      vertex -3.5 16 -2.5
      vertex -3.51921 15.8049 -2.5
      vertex -3.5 16 2.5
    endloop
  endfacet
  facet normal -0.995188 0.0979885 0
    outer loop
      vertex -3.51921 15.8049 2.5
      vertex -3.5 16 2.5
      vertex -3.51921 15.8049 -2.5
    endloop
  endfacet
  facet normal -0.956937 0.290295 0
    outer loop
      vertex -3.57612 15.6173 -2.5
      vertex -3.51921 15.8049 2.5
      vertex -3.51921 15.8049 -2.5
    endloop
  endfacet
  facet normal -0.956937 0.290295 0
    outer loop
      vertex -3.51921 15.8049 2.5
      vertex -3.57612 15.6173 -2.5
      vertex -3.57612 15.6173 2.5
    endloop
  endfacet
  facet normal -0.881936 0.471369 0
    outer loop
      vertex -3.66853 15.4444 -2.5
      vertex -3.57612 15.6173 2.5
      vertex -3.57612 15.6173 -2.5
    endloop
  endfacet
  facet normal -0.881936 0.471369 0
    outer loop
      vertex -3.57612 15.6173 2.5
      vertex -3.66853 15.4444 -2.5
      vertex -3.66853 15.4444 2.5
    endloop
  endfacet
  facet normal -0.772942 0.634476 0
    outer loop
      vertex -3.79289 15.2929 -2.5
      vertex -3.66853 15.4444 2.5
      vertex -3.66853 15.4444 -2.5
    endloop
  endfacet
  facet normal -0.772942 0.634476 0
    outer loop
      vertex -3.66853 15.4444 2.5
      vertex -3.79289 15.2929 -2.5
      vertex -3.79289 15.2929 2.5
    endloop
  endfacet
  facet normal -0.634498 0.772925 0
    outer loop
      vertex -3.79289 15.2929 -2.5
      vertex -3.94443 15.1685 2.5
      vertex -3.79289 15.2929 2.5
    endloop
  endfacet
  facet normal -0.634498 0.772925 0
    outer loop
      vertex -3.94443 15.1685 2.5
      vertex -3.79289 15.2929 -2.5
      vertex -3.94443 15.1685 -2.5
    endloop
  endfacet
  facet normal -0.471351 0.881946 0
    outer loop
      vertex -3.94443 15.1685 -2.5
      vertex -4.11732 15.0761 2.5
      vertex -3.94443 15.1685 2.5
    endloop
  endfacet
  facet normal -0.471351 0.881946 0
    outer loop
      vertex -4.11732 15.0761 2.5
      vertex -3.94443 15.1685 -2.5
      vertex -4.11732 15.0761 -2.5
    endloop
  endfacet
  facet normal -0.290262 0.956947 0
    outer loop
      vertex -4.11732 15.0761 -2.5
      vertex -4.30491 15.0192 2.5
      vertex -4.11732 15.0761 2.5
    endloop
  endfacet
  facet normal -0.290262 0.956947 0
    outer loop
      vertex -4.30491 15.0192 2.5
      vertex -4.11732 15.0761 -2.5
      vertex -4.30491 15.0192 -2.5
    endloop
  endfacet
  facet normal -0.0979429 0.995192 0
    outer loop
      vertex -4.30491 15.0192 2.5
      vertex -4.5 15 -2.5
      vertex -4.5 15 2.5
    endloop
  endfacet
  facet normal -0.0979429 0.995192 0
    outer loop
      vertex -4.30491 15.0192 -2.5
      vertex -4.5 15 -2.5
      vertex -4.30491 15.0192 2.5
    endloop
  endfacet
  facet normal 0.773023 0.634378 0
    outer loop
      vertex 2.91014 20.4445 2.5
      vertex 2.47487 20.9749 -2.5
      vertex 2.47487 20.9749 2.5
    endloop
  endfacet
  facet normal 0.773023 0.634378 0
    outer loop
      vertex 2.47487 20.9749 -2.5
      vertex 2.91014 20.4445 2.5
      vertex 2.91014 20.4445 -2.5
    endloop
  endfacet
  facet normal 0 0 1
    outer loop
      vertex -3.49 15.1913 2.5
      vertex -2.91014 20.4445 2.5
      vertex -3.23358 19.8394 2.5
    endloop
  endfacet
  facet normal 0 0 1
    outer loop
      vertex -2.91014 20.4445 2.5
      vertex -3.49 15.1913 2.5
      vertex -3.49 15.1021 2.5
    endloop
  endfacet
  facet normal 0 0 1
    outer loop
      vertex -3.49 15.0411 2.5
      vertex -0.682816 21.9327 2.5
      vertex -1.33939 21.7336 2.5
    endloop
  endfacet
  facet normal 0 0 1
    outer loop
      vertex -0.682816 21.9327 2.5
      vertex -3.49 15.0411 2.5
      vertex -3.49 15.0346 2.5
    endloop
  endfacet
  facet normal 0 0 1
    outer loop
      vertex 3.5 18.5 2.5
      vertex 3.49 16 2.5
      vertex 3.5 16 2.5
    endloop
  endfacet
  facet normal 0 0 1
    outer loop
      vertex 3.49 16 2.5
      vertex 3.43275 19.1828 2.5
      vertex 3.49 15.6305 2.5
    endloop
  endfacet
  facet normal 0 0 1
    outer loop
      vertex 3.43275 19.1828 2.5
      vertex 3.49 16 2.5
      vertex 3.5 18.5 2.5
    endloop
  endfacet
  facet normal -0.290192 0.956968 0
    outer loop
      vertex -0.682816 21.9327 -2.5
      vertex -1.33939 21.7336 2.5
      vertex -0.682816 21.9327 2.5
    endloop
  endfacet
  facet normal -0.290192 0.956968 0
    outer loop
      vertex -1.33939 21.7336 2.5
      vertex -0.682816 21.9327 -2.5
      vertex -1.33939 21.7336 -2.5
    endloop
  endfacet
  facet normal -0.995185 0.0980172 0
    outer loop
      vertex -3.5 18.5 -2.5
      vertex -3.43275 19.1828 2.5
      vertex -3.43275 19.1828 -2.5
    endloop
  endfacet
  facet normal -0.995185 0.0980172 0
    outer loop
      vertex -3.43275 19.1828 2.5
      vertex -3.5 18.5 -2.5
      vertex -3.5 18.5 2.5
    endloop
  endfacet
  facet normal 0 1 -0
    outer loop
      vertex -4.5 15 -2.5
      vertex -24 15 2.5
      vertex -4.5 15 2.5
    endloop
  endfacet
  facet normal 0 1 0
    outer loop
      vertex -24 15 2.5
      vertex -4.5 15 -2.5
      vertex -24 15 -2.5
    endloop
  endfacet
  facet normal 0 1 -0
    outer loop
      vertex 24 15 -2.5
      vertex 4.5 15 2.5
      vertex 24 15 2.5
    endloop
  endfacet
  facet normal 0 1 0
    outer loop
      vertex 4.5 15 2.5
      vertex 24 15 -2.5
      vertex 4.5 15 -2.5
    endloop
  endfacet
  facet normal 0 0 1
    outer loop
      vertex 0 22 2.5
      vertex 3.49 15.0346 2.5
      vertex 0.682816 21.9327 2.5
    endloop
  endfacet
  facet normal 0 0 1
    outer loop
      vertex 3.49 15.0346 2.5
      vertex 0 22 2.5
      vertex 3.49 15.03 2.5
    endloop
  endfacet
  facet normal 0.290192 0.956968 -0
    outer loop
      vertex 1.33939 21.7336 -2.5
      vertex 0.682816 21.9327 2.5
      vertex 1.33939 21.7336 2.5
    endloop
  endfacet
  facet normal 0.290192 0.956968 0
    outer loop
      vertex 0.682816 21.9327 2.5
      vertex 1.33939 21.7336 -2.5
      vertex 0.682816 21.9327 -2.5
    endloop
  endfacet
  facet normal 0 0 1
    outer loop
      vertex -3.49 15.03 2.5
      vertex 3.49 15.03 2.5
      vertex 0 22 2.5
    endloop
  endfacet
  facet normal 0 0 1
    outer loop
      vertex 3.49 15.03 2.5
      vertex -3.49 15.03 2.5
      vertex 3.49 15.01 2.5
    endloop
  endfacet
  facet normal 0 0 1
    outer loop
      vertex 3.49 15.01 2.5
      vertex -3.49 15.03 2.5
      vertex -3.49 15.01 2.5
    endloop
  endfacet
  facet normal 0 0 1
    outer loop
      vertex -3.49 15.0511 2.5
      vertex -1.33939 21.7336 2.5
      vertex -1.9445 21.4101 2.5
    endloop
  endfacet
  facet normal 0 0 1
    outer loop
      vertex -1.33939 21.7336 2.5
      vertex -3.49 15.0511 2.5
      vertex -3.49 15.0411 2.5
    endloop
  endfacet
  facet normal -0 0 1
    outer loop
      vertex -3.5 18.5 2.5
      vertex -3.49 16 2.5
      vertex -3.43275 19.1828 2.5
    endloop
  endfacet
  facet normal 0 0 1
    outer loop
      vertex -3.49 16 2.5
      vertex -3.5 18.5 2.5
      vertex -3.5 16 2.5
    endloop
  endfacet
  facet normal 0 0 1
    outer loop
      vertex -3.43275 19.1828 2.5
      vertex -3.49 16 2.5
      vertex -3.49 15.6305 2.5
    endloop
  endfacet
  facet normal 0 0 -1
    outer loop
      vertex -3.49 15.6305 -2.5
      vertex -3.23358 19.8394 -2.5
      vertex -3.49 15.1913 -2.5
    endloop
  endfacet
  facet normal 0 0 -1
    outer loop
      vertex -3.23358 19.8394 -2.5
      vertex -3.49 15.6305 -2.5
      vertex -3.43275 19.1828 -2.5
    endloop
  endfacet
  facet normal 0 0 -1
    outer loop
      vertex 2.91014 20.4445 -2.5
      vertex 3.49 15.1913 -2.5
      vertex 3.49 15.1021 -2.5
    endloop
  endfacet
  facet normal 0 0 -1
    outer loop
      vertex 3.49 15.1913 -2.5
      vertex 2.91014 20.4445 -2.5
      vertex 3.23358 19.8394 -2.5
    endloop
  endfacet
  facet normal 0 0 -1
    outer loop
      vertex -3.49 15.03 -2.5
      vertex 3.49 15.03 -2.5
      vertex 3.49 15.01 -2.5
    endloop
  endfacet
  facet normal 0 0 -1
    outer loop
      vertex -3.49 15.03 -2.5
      vertex 3.49 15.01 -2.5
      vertex -3.49 15.01 -2.5
    endloop
  endfacet
  facet normal 0 0 -1
    outer loop
      vertex 3.49 15.03 -2.5
      vertex -3.49 15.03 -2.5
      vertex 0 22 -2.5
    endloop
  endfacet
  facet normal 0 0 1
    outer loop
      vertex 1.33939 21.7336 2.5
      vertex 3.49 15.0511 2.5
      vertex 1.9445 21.4101 2.5
    endloop
  endfacet
  facet normal 0 0 1
    outer loop
      vertex 3.49 15.0511 2.5
      vertex 1.33939 21.7336 2.5
      vertex 3.49 15.0411 2.5
    endloop
  endfacet
  facet normal 0 0 -1
    outer loop
      vertex 3.23358 19.8394 -2.5
      vertex 3.49 15.6305 -2.5
      vertex 3.49 15.1913 -2.5
    endloop
  endfacet
  facet normal 0 0 -1
    outer loop
      vertex 3.49 15.6305 -2.5
      vertex 3.23358 19.8394 -2.5
      vertex 3.43275 19.1828 -2.5
    endloop
  endfacet
  facet normal 0 0 1
    outer loop
      vertex 3.23358 19.8394 2.5
      vertex 3.49 15.6305 2.5
      vertex 3.43275 19.1828 2.5
    endloop
  endfacet
  facet normal 0 0 1
    outer loop
      vertex 3.49 15.6305 2.5
      vertex 3.23358 19.8394 2.5
      vertex 3.49 15.1913 2.5
    endloop
  endfacet
  facet normal 0 0 1
    outer loop
      vertex -3.49 15.0346 2.5
      vertex 0 22 2.5
      vertex -0.682816 21.9327 2.5
    endloop
  endfacet
  facet normal 0 0 1
    outer loop
      vertex 0 22 2.5
      vertex -3.49 15.0346 2.5
      vertex -3.49 15.03 2.5
    endloop
  endfacet
  facet normal 0 0 1
    outer loop
      vertex -3.49 15.0682 2.5
      vertex -1.9445 21.4101 2.5
      vertex -2.47487 20.9749 2.5
    endloop
  endfacet
  facet normal 0 0 1
    outer loop
      vertex -1.9445 21.4101 2.5
      vertex -3.49 15.0682 2.5
      vertex -3.49 15.0511 2.5
    endloop
  endfacet
  facet normal -0.634338 0.773056 0
    outer loop
      vertex -1.9445 21.4101 -2.5
      vertex -2.47487 20.9749 2.5
      vertex -1.9445 21.4101 2.5
    endloop
  endfacet
  facet normal -0.634338 0.773056 0
    outer loop
      vertex -2.47487 20.9749 2.5
      vertex -1.9445 21.4101 -2.5
      vertex -2.47487 20.9749 -2.5
    endloop
  endfacet
  facet normal -0.881917 0.471405 0
    outer loop
      vertex -3.23358 19.8394 -2.5
      vertex -2.91014 20.4445 2.5
      vertex -2.91014 20.4445 -2.5
    endloop
  endfacet
  facet normal -0.881917 0.471405 0
    outer loop
      vertex -2.91014 20.4445 2.5
      vertex -3.23358 19.8394 -2.5
      vertex -3.23358 19.8394 2.5
    endloop
  endfacet
  facet normal 0 0 -1
    outer loop
      vertex 1.33939 21.7336 -2.5
      vertex 3.49 15.0511 -2.5
      vertex 3.49 15.0411 -2.5
    endloop
  endfacet
  facet normal 0 0 -1
    outer loop
      vertex 3.49 15.0511 -2.5
      vertex 1.33939 21.7336 -2.5
      vertex 1.9445 21.4101 -2.5
    endloop
  endfacet
  facet normal 0 0 1
    outer loop
      vertex 0.682816 21.9327 2.5
      vertex 3.49 15.0411 2.5
      vertex 1.33939 21.7336 2.5
    endloop
  endfacet
  facet normal 0 0 1
    outer loop
      vertex 3.49 15.0411 2.5
      vertex 0.682816 21.9327 2.5
      vertex 3.49 15.0346 2.5
    endloop
  endfacet
  facet normal 0 0 1
    outer loop
      vertex 1.9445 21.4101 2.5
      vertex 3.49 15.0682 2.5
      vertex 2.47487 20.9749 2.5
    endloop
  endfacet
  facet normal 0 0 1
    outer loop
      vertex 3.49 15.0682 2.5
      vertex 1.9445 21.4101 2.5
      vertex 3.49 15.0511 2.5
    endloop
  endfacet
  facet normal 0.995185 0.0980172 0
    outer loop
      vertex 3.5 18.5 2.5
      vertex 3.43275 19.1828 -2.5
      vertex 3.43275 19.1828 2.5
    endloop
  endfacet
  facet normal 0.995185 0.0980172 0
    outer loop
      vertex 3.43275 19.1828 -2.5
      vertex 3.5 18.5 2.5
      vertex 3.5 18.5 -2.5
    endloop
  endfacet
  facet normal 0.634338 0.773056 -0
    outer loop
      vertex 2.47487 20.9749 -2.5
      vertex 1.9445 21.4101 2.5
      vertex 2.47487 20.9749 2.5
    endloop
  endfacet
  facet normal 0.634338 0.773056 0
    outer loop
      vertex 1.9445 21.4101 2.5
      vertex 2.47487 20.9749 -2.5
      vertex 1.9445 21.4101 -2.5
    endloop
  endfacet
  facet normal 0 0 -1
    outer loop
      vertex 3.49 15.6305 -2.5
      vertex 3.43275 19.1828 -2.5
      vertex 3.49 16 -2.5
    endloop
  endfacet
  facet normal 0 0 -1
    outer loop
      vertex 3.49 16 -2.5
      vertex 3.5 18.5 -2.5
      vertex 3.5 16 -2.5
    endloop
  endfacet
  facet normal -0 0 -1
    outer loop
      vertex 3.5 18.5 -2.5
      vertex 3.49 16 -2.5
      vertex 3.43275 19.1828 -2.5
    endloop
  endfacet
  facet normal 0 0 -1
    outer loop
      vertex -3.49 15.0346 -2.5
      vertex 0 22 -2.5
      vertex -3.49 15.03 -2.5
    endloop
  endfacet
  facet normal 0 0 -1
    outer loop
      vertex 0 22 -2.5
      vertex -3.49 15.0346 -2.5
      vertex -0.682816 21.9327 -2.5
    endloop
  endfacet
  facet normal -0.773023 0.634378 0
    outer loop
      vertex -2.91014 20.4445 -2.5
      vertex -2.47487 20.9749 2.5
      vertex -2.47487 20.9749 -2.5
    endloop
  endfacet
  facet normal -0.773023 0.634378 0
    outer loop
      vertex -2.47487 20.9749 2.5
      vertex -2.91014 20.4445 -2.5
      vertex -2.91014 20.4445 2.5
    endloop
  endfacet
  facet normal 0 0 1
    outer loop
      vertex -3.49 15.1021 2.5
      vertex -2.47487 20.9749 2.5
      vertex -2.91014 20.4445 2.5
    endloop
  endfacet
  facet normal 0 0 1
    outer loop
      vertex -2.47487 20.9749 2.5
      vertex -3.49 15.1021 2.5
      vertex -3.49 15.0682 2.5
    endloop
  endfacet
  facet normal 0 0 -1
    outer loop
      vertex -3.49 16 -2.5
      vertex -3.43275 19.1828 -2.5
      vertex -3.49 15.6305 -2.5
    endloop
  endfacet
  facet normal 0 0 -1
    outer loop
      vertex -3.5 18.5 -2.5
      vertex -3.49 16 -2.5
      vertex -3.5 16 -2.5
    endloop
  endfacet
  facet normal 0 0 -1
    outer loop
      vertex -3.49 16 -2.5
      vertex -3.5 18.5 -2.5
      vertex -3.43275 19.1828 -2.5
    endloop
  endfacet
  facet normal 0 0 1
    outer loop
      vertex -3.49 15.6305 2.5
      vertex -3.23358 19.8394 2.5
      vertex -3.43275 19.1828 2.5
    endloop
  endfacet
  facet normal 0 0 1
    outer loop
      vertex -3.23358 19.8394 2.5
      vertex -3.49 15.6305 2.5
      vertex -3.49 15.1913 2.5
    endloop
  endfacet
  facet normal 0 0 -1
    outer loop
      vertex -3.49 15.0411 -2.5
      vertex -0.682816 21.9327 -2.5
      vertex -3.49 15.0346 -2.5
    endloop
  endfacet
  facet normal 0 0 -1
    outer loop
      vertex -0.682816 21.9327 -2.5
      vertex -3.49 15.0411 -2.5
      vertex -1.33939 21.7336 -2.5
    endloop
  endfacet
  facet normal 0 0 -1
    outer loop
      vertex 0.682816 21.9327 -2.5
      vertex 3.49 15.0411 -2.5
      vertex 3.49 15.0346 -2.5
    endloop
  endfacet
  facet normal 0 0 -1
    outer loop
      vertex 3.49 15.0411 -2.5
      vertex 0.682816 21.9327 -2.5
      vertex 1.33939 21.7336 -2.5
    endloop
  endfacet
  facet normal 0.471467 0.881884 -0
    outer loop
      vertex 1.9445 21.4101 -2.5
      vertex 1.33939 21.7336 2.5
      vertex 1.9445 21.4101 2.5
    endloop
  endfacet
  facet normal 0.471467 0.881884 0
    outer loop
      vertex 1.33939 21.7336 2.5
      vertex 1.9445 21.4101 -2.5
      vertex 1.33939 21.7336 -2.5
    endloop
  endfacet
  facet normal 0 0 1
    outer loop
      vertex 2.47487 20.9749 2.5
      vertex 3.49 15.1021 2.5
      vertex 2.91014 20.4445 2.5
    endloop
  endfacet
  facet normal 0 0 1
    outer loop
      vertex 3.49 15.1021 2.5
      vertex 2.47487 20.9749 2.5
      vertex 3.49 15.0682 2.5
    endloop
  endfacet
  facet normal 0 0 1
    outer loop
      vertex 2.91014 20.4445 2.5
      vertex 3.49 15.1913 2.5
      vertex 3.23358 19.8394 2.5
    endloop
  endfacet
  facet normal 0 0 1
    outer loop
      vertex 3.49 15.1913 2.5
      vertex 2.91014 20.4445 2.5
      vertex 3.49 15.1021 2.5
    endloop
  endfacet
  facet normal 0.881917 0.471405 0
    outer loop
      vertex 3.23358 19.8394 2.5
      vertex 2.91014 20.4445 -2.5
      vertex 2.91014 20.4445 2.5
    endloop
  endfacet
  facet normal 0.881917 0.471405 0
    outer loop
      vertex 2.91014 20.4445 -2.5
      vertex 3.23358 19.8394 2.5
      vertex 3.23358 19.8394 -2.5
    endloop
  endfacet
  facet normal 0.956943 0.290275 0
    outer loop
      vertex 3.43275 19.1828 2.5
      vertex 3.23358 19.8394 -2.5
      vertex 3.23358 19.8394 2.5
    endloop
  endfacet
  facet normal 0.956943 0.290275 0
    outer loop
      vertex 3.23358 19.8394 -2.5
      vertex 3.43275 19.1828 2.5
      vertex 3.43275 19.1828 -2.5
    endloop
  endfacet
  facet normal -1 0 0
    outer loop
      vertex -3.5 16 -2.5
      vertex -3.5 18.5 2.5
      vertex -3.5 18.5 -2.5
    endloop
  endfacet
  facet normal -1 -0 0
    outer loop
      vertex -3.5 18.5 2.5
      vertex -3.5 16 -2.5
      vertex -3.5 16 2.5
    endloop
  endfacet
  facet normal -0.956943 0.290275 0
    outer loop
      vertex -3.43275 19.1828 -2.5
      vertex -3.23358 19.8394 2.5
      vertex -3.23358 19.8394 -2.5
    endloop
  endfacet
  facet normal -0.956943 0.290275 0
    outer loop
      vertex -3.23358 19.8394 2.5
      vertex -3.43275 19.1828 -2.5
      vertex -3.43275 19.1828 2.5
    endloop
  endfacet
  facet normal 0 0 -1
    outer loop
      vertex -3.49 15.0682 -2.5
      vertex -1.9445 21.4101 -2.5
      vertex -3.49 15.0511 -2.5
    endloop
  endfacet
  facet normal 0 0 -1
    outer loop
      vertex -1.9445 21.4101 -2.5
      vertex -3.49 15.0682 -2.5
      vertex -2.47487 20.9749 -2.5
    endloop
  endfacet
  facet normal 0 0 -1
    outer loop
      vertex -3.49 15.0511 -2.5
      vertex -1.33939 21.7336 -2.5
      vertex -3.49 15.0411 -2.5
    endloop
  endfacet
  facet normal 0 0 -1
    outer loop
      vertex -1.33939 21.7336 -2.5
      vertex -3.49 15.0511 -2.5
      vertex -1.9445 21.4101 -2.5
    endloop
  endfacet
  facet normal -0.471467 0.881884 0
    outer loop
      vertex -1.33939 21.7336 -2.5
      vertex -1.9445 21.4101 2.5
      vertex -1.33939 21.7336 2.5
    endloop
  endfacet
  facet normal -0.471467 0.881884 0
    outer loop
      vertex -1.9445 21.4101 2.5
      vertex -1.33939 21.7336 -2.5
      vertex -1.9445 21.4101 -2.5
    endloop
  endfacet
  facet normal 0 0 -1
    outer loop
      vertex 2.47487 20.9749 -2.5
      vertex 3.49 15.1021 -2.5
      vertex 3.49 15.0682 -2.5
    endloop
  endfacet
  facet normal 0 0 -1
    outer loop
      vertex 3.49 15.1021 -2.5
      vertex 2.47487 20.9749 -2.5
      vertex 2.91014 20.4445 -2.5
    endloop
  endfacet
  facet normal 0 0 -1
    outer loop
      vertex 1.9445 21.4101 -2.5
      vertex 3.49 15.0682 -2.5
      vertex 3.49 15.0511 -2.5
    endloop
  endfacet
  facet normal 0 0 -1
    outer loop
      vertex 3.49 15.0682 -2.5
      vertex 1.9445 21.4101 -2.5
      vertex 2.47487 20.9749 -2.5
    endloop
  endfacet
  facet normal 1 -0 0
    outer loop
      vertex 3.5 16 2.5
      vertex 3.5 18.5 -2.5
      vertex 3.5 18.5 2.5
    endloop
  endfacet
  facet normal 1 0 0
    outer loop
      vertex 3.5 18.5 -2.5
      vertex 3.5 16 2.5
      vertex 3.5 16 -2.5
    endloop
  endfacet
  facet normal 0 0 -1
    outer loop
      vertex 0 22 -2.5
      vertex 3.49 15.0346 -2.5
      vertex 3.49 15.03 -2.5
    endloop
  endfacet
  facet normal 0 0 -1
    outer loop
      vertex 3.49 15.0346 -2.5
      vertex 0 22 -2.5
      vertex 0.682816 21.9327 -2.5
    endloop
  endfacet
  facet normal 0.0980871 0.995178 -0
    outer loop
      vertex 0.682816 21.9327 -2.5
      vertex 0 22 2.5
      vertex 0.682816 21.9327 2.5
    endloop
  endfacet
  facet normal 0.0980871 0.995178 0
    outer loop
      vertex 0 22 2.5
      vertex 0.682816 21.9327 -2.5
      vertex 0 22 -2.5
    endloop
  endfacet
  facet normal 0 0 -1
    outer loop
      vertex -3.49 15.1021 -2.5
      vertex -2.47487 20.9749 -2.5
      vertex -3.49 15.0682 -2.5
    endloop
  endfacet
  facet normal 0 0 -1
    outer loop
      vertex -2.47487 20.9749 -2.5
      vertex -3.49 15.1021 -2.5
      vertex -2.91014 20.4445 -2.5
    endloop
  endfacet
  facet normal 0 0 -1
    outer loop
      vertex -3.49 15.1913 -2.5
      vertex -2.91014 20.4445 -2.5
      vertex -3.49 15.1021 -2.5
    endloop
  endfacet
  facet normal 0 0 -1
    outer loop
      vertex -2.91014 20.4445 -2.5
      vertex -3.49 15.1913 -2.5
      vertex -3.23358 19.8394 -2.5
    endloop
  endfacet
  facet normal -0.0980871 0.995178 0
    outer loop
      vertex 0 22 -2.5
      vertex -0.682816 21.9327 2.5
      vertex 0 22 2.5
    endloop
  endfacet
  facet normal -0.0980871 0.995178 0
    outer loop
      vertex -0.682816 21.9327 2.5
      vertex 0 22 -2.5
      vertex -0.682816 21.9327 -2.5
    endloop
  endfacet
  facet normal -0.743127 -0.66915 0
    outer loop
      vertex -1.23789 17.2752 2.5
      vertex -1.49668 17.5626 3.2
      vertex -1.49668 17.5626 2.5
    endloop
  endfacet
  facet normal -0.743127 -0.66915 0
    outer loop
      vertex -1.49668 17.5626 3.2
      vertex -1.23789 17.2752 2.5
      vertex -1.23789 17.2752 3.2
    endloop
  endfacet
  facet normal 0.951078 0.308952 0
    outer loop
      vertex 1.80957 19.0346 3.2
      vertex 1.69006 19.4025 2.5
      vertex 1.69006 19.4025 3.2
    endloop
  endfacet
  facet normal 0.951078 0.308952 0
    outer loop
      vertex 1.69006 19.4025 2.5
      vertex 1.80957 19.0346 3.2
      vertex 1.80957 19.0346 2.5
    endloop
  endfacet
  facet normal 0.99452 0.104546 0
    outer loop
      vertex 1.85 18.65 3.2
      vertex 1.80957 19.0346 2.5
      vertex 1.80957 19.0346 3.2
    endloop
  endfacet
  facet normal 0.99452 0.104546 0
    outer loop
      vertex 1.80957 19.0346 2.5
      vertex 1.85 18.65 3.2
      vertex 1.85 18.65 2.5
    endloop
  endfacet
  facet normal 0.865997 0.500049 0
    outer loop
      vertex 1.69006 19.4025 3.2
      vertex 1.49668 19.7374 2.5
      vertex 1.49668 19.7374 3.2
    endloop
  endfacet
  facet normal 0.865997 0.500049 0
    outer loop
      vertex 1.49668 19.7374 2.5
      vertex 1.69006 19.4025 3.2
      vertex 1.69006 19.4025 2.5
    endloop
  endfacet
  facet normal 0.951078 -0.308952 0
    outer loop
      vertex 1.69006 17.8975 3.2
      vertex 1.80957 18.2654 2.5
      vertex 1.80957 18.2654 3.2
    endloop
  endfacet
  facet normal 0.951078 -0.308952 0
    outer loop
      vertex 1.80957 18.2654 2.5
      vertex 1.69006 17.8975 3.2
      vertex 1.69006 17.8975 2.5
    endloop
  endfacet
  facet normal -0.951078 -0.308952 0
    outer loop
      vertex -1.69006 17.8975 2.5
      vertex -1.80957 18.2654 3.2
      vertex -1.80957 18.2654 2.5
    endloop
  endfacet
  facet normal -0.951078 -0.308952 0
    outer loop
      vertex -1.80957 18.2654 3.2
      vertex -1.69006 17.8975 2.5
      vertex -1.69006 17.8975 3.2
    endloop
  endfacet
  facet normal 0.207884 0.978153 -0
    outer loop
      vertex 0.571681 20.4095 2.5
      vertex 0.193377 20.4899 3.2
      vertex 0.571681 20.4095 3.2
    endloop
  endfacet
  facet normal 0.207884 0.978153 0
    outer loop
      vertex 0.193377 20.4899 3.2
      vertex 0.571681 20.4095 2.5
      vertex 0.193377 20.4899 2.5
    endloop
  endfacet
  facet normal 0.99452 -0.104546 0
    outer loop
      vertex 1.80957 18.2654 3.2
      vertex 1.85 18.65 2.5
      vertex 1.85 18.65 3.2
    endloop
  endfacet
  facet normal 0.99452 -0.104546 0
    outer loop
      vertex 1.85 18.65 2.5
      vertex 1.80957 18.2654 3.2
      vertex 1.80957 18.2654 2.5
    endloop
  endfacet
  facet normal 0.743127 0.66915 0
    outer loop
      vertex 1.49668 19.7374 3.2
      vertex 1.23789 20.0248 2.5
      vertex 1.23789 20.0248 3.2
    endloop
  endfacet
  facet normal 0.743127 0.66915 0
    outer loop
      vertex 1.23789 20.0248 2.5
      vertex 1.49668 19.7374 3.2
      vertex 1.49668 19.7374 2.5
    endloop
  endfacet
  facet normal -0.207884 0.978153 0
    outer loop
      vertex -0.193377 20.4899 2.5
      vertex -0.571681 20.4095 3.2
      vertex -0.193377 20.4899 3.2
    endloop
  endfacet
  facet normal -0.207884 0.978153 0
    outer loop
      vertex -0.571681 20.4095 3.2
      vertex -0.193377 20.4899 2.5
      vertex -0.571681 20.4095 2.5
    endloop
  endfacet
  facet normal 0 0 1
    outer loop
      vertex 1.80957 19.0346 3.2
      vertex 1.80957 18.2654 3.2
      vertex 1.85 18.65 3.2
    endloop
  endfacet
  facet normal 0 0 1
    outer loop
      vertex 1.69006 19.4025 3.2
      vertex 1.80957 18.2654 3.2
      vertex 1.80957 19.0346 3.2
    endloop
  endfacet
  facet normal 0 0 1
    outer loop
      vertex 1.69006 19.4025 3.2
      vertex 1.69006 17.8975 3.2
      vertex 1.80957 18.2654 3.2
    endloop
  endfacet
  facet normal 0 0 1
    outer loop
      vertex 1.49668 19.7374 3.2
      vertex 1.69006 17.8975 3.2
      vertex 1.69006 19.4025 3.2
    endloop
  endfacet
  facet normal 0 0 1
    outer loop
      vertex 1.49668 19.7374 3.2
      vertex 1.49668 17.5626 3.2
      vertex 1.69006 17.8975 3.2
    endloop
  endfacet
  facet normal 0 0 1
    outer loop
      vertex 1.23789 20.0248 3.2
      vertex 1.49668 17.5626 3.2
      vertex 1.49668 19.7374 3.2
    endloop
  endfacet
  facet normal 0 0 1
    outer loop
      vertex 1.23789 20.0248 3.2
      vertex 1.23789 17.2752 3.2
      vertex 1.49668 17.5626 3.2
    endloop
  endfacet
  facet normal 0 0 1
    outer loop
      vertex 0.924999 20.2521 3.2
      vertex 1.23789 17.2752 3.2
      vertex 1.23789 20.0248 3.2
    endloop
  endfacet
  facet normal 0 0 1
    outer loop
      vertex 0.924999 20.2521 3.2
      vertex 0.924999 17.0479 3.2
      vertex 1.23789 17.2752 3.2
    endloop
  endfacet
  facet normal 0 0 1
    outer loop
      vertex 0.571681 20.4095 3.2
      vertex 0.924999 17.0479 3.2
      vertex 0.924999 20.2521 3.2
    endloop
  endfacet
  facet normal 0 0 1
    outer loop
      vertex 0.571681 20.4095 3.2
      vertex 0.571681 16.8905 3.2
      vertex 0.924999 17.0479 3.2
    endloop
  endfacet
  facet normal 0 0 1
    outer loop
      vertex 0.193377 20.4899 3.2
      vertex 0.571681 16.8905 3.2
      vertex 0.571681 20.4095 3.2
    endloop
  endfacet
  facet normal 0 0 1
    outer loop
      vertex 0.193377 20.4899 3.2
      vertex 0.193377 16.8101 3.2
      vertex 0.571681 16.8905 3.2
    endloop
  endfacet
  facet normal -0 0 1
    outer loop
      vertex -0.193377 20.4899 3.2
      vertex 0.193377 16.8101 3.2
      vertex 0.193377 20.4899 3.2
    endloop
  endfacet
  facet normal 0 0 1
    outer loop
      vertex -0.193377 20.4899 3.2
      vertex -0.193377 16.8101 3.2
      vertex 0.193377 16.8101 3.2
    endloop
  endfacet
  facet normal -0 0 1
    outer loop
      vertex -0.571681 20.4095 3.2
      vertex -0.193377 16.8101 3.2
      vertex -0.193377 20.4899 3.2
    endloop
  endfacet
  facet normal 0 0 1
    outer loop
      vertex -0.571681 20.4095 3.2
      vertex -0.571681 16.8905 3.2
      vertex -0.193377 16.8101 3.2
    endloop
  endfacet
  facet normal -0 0 1
    outer loop
      vertex -0.924999 20.2521 3.2
      vertex -0.571681 16.8905 3.2
      vertex -0.571681 20.4095 3.2
    endloop
  endfacet
  facet normal 0 0 1
    outer loop
      vertex -0.924999 20.2521 3.2
      vertex -0.924999 17.0479 3.2
      vertex -0.571681 16.8905 3.2
    endloop
  endfacet
  facet normal -0 0 1
    outer loop
      vertex -1.23789 20.0248 3.2
      vertex -0.924999 17.0479 3.2
      vertex -0.924999 20.2521 3.2
    endloop
  endfacet
  facet normal 0 0 1
    outer loop
      vertex -1.23789 20.0248 3.2
      vertex -1.23789 17.2752 3.2
      vertex -0.924999 17.0479 3.2
    endloop
  endfacet
  facet normal -0 0 1
    outer loop
      vertex -1.49668 19.7374 3.2
      vertex -1.23789 17.2752 3.2
      vertex -1.23789 20.0248 3.2
    endloop
  endfacet
  facet normal 0 0 1
    outer loop
      vertex -1.49668 19.7374 3.2
      vertex -1.49668 17.5626 3.2
      vertex -1.23789 17.2752 3.2
    endloop
  endfacet
  facet normal -0 0 1
    outer loop
      vertex -1.69006 19.4025 3.2
      vertex -1.49668 17.5626 3.2
      vertex -1.49668 19.7374 3.2
    endloop
  endfacet
  facet normal 0 0 1
    outer loop
      vertex -1.69006 19.4025 3.2
      vertex -1.69006 17.8975 3.2
      vertex -1.49668 17.5626 3.2
    endloop
  endfacet
  facet normal -0 0 1
    outer loop
      vertex -1.80957 19.0346 3.2
      vertex -1.69006 17.8975 3.2
      vertex -1.69006 19.4025 3.2
    endloop
  endfacet
  facet normal 0 0 1
    outer loop
      vertex -1.80957 19.0346 3.2
      vertex -1.80957 18.2654 3.2
      vertex -1.69006 17.8975 3.2
    endloop
  endfacet
  facet normal 0 -0 1
    outer loop
      vertex -1.80957 18.2654 3.2
      vertex -1.80957 19.0346 3.2
      vertex -1.85 18.65 3.2
    endloop
  endfacet
  facet normal -0.951078 0.308952 0
    outer loop
      vertex -1.80957 19.0346 2.5
      vertex -1.69006 19.4025 3.2
      vertex -1.69006 19.4025 2.5
    endloop
  endfacet
  facet normal -0.951078 0.308952 0
    outer loop
      vertex -1.69006 19.4025 3.2
      vertex -1.80957 19.0346 2.5
      vertex -1.80957 19.0346 3.2
    endloop
  endfacet
  facet normal -0.743127 0.66915 0
    outer loop
      vertex -1.49668 19.7374 2.5
      vertex -1.23789 20.0248 3.2
      vertex -1.23789 20.0248 2.5
    endloop
  endfacet
  facet normal -0.743127 0.66915 0
    outer loop
      vertex -1.23789 20.0248 3.2
      vertex -1.49668 19.7374 2.5
      vertex -1.49668 19.7374 3.2
    endloop
  endfacet
  facet normal 0.406937 -0.913456 0
    outer loop
      vertex 0.571681 16.8905 2.5
      vertex 0.924999 17.0479 3.2
      vertex 0.571681 16.8905 3.2
    endloop
  endfacet
  facet normal 0.406937 -0.913456 0
    outer loop
      vertex 0.924999 17.0479 3.2
      vertex 0.571681 16.8905 2.5
      vertex 0.924999 17.0479 2.5
    endloop
  endfacet
  facet normal -0.99452 0.104546 0
    outer loop
      vertex -1.85 18.65 2.5
      vertex -1.80957 19.0346 3.2
      vertex -1.80957 19.0346 2.5
    endloop
  endfacet
  facet normal -0.99452 0.104546 0
    outer loop
      vertex -1.80957 19.0346 3.2
      vertex -1.85 18.65 2.5
      vertex -1.85 18.65 3.2
    endloop
  endfacet
  facet normal -0.587737 0.809052 0
    outer loop
      vertex -0.924999 20.2521 2.5
      vertex -1.23789 20.0248 3.2
      vertex -0.924999 20.2521 3.2
    endloop
  endfacet
  facet normal -0.587737 0.809052 0
    outer loop
      vertex -1.23789 20.0248 3.2
      vertex -0.924999 20.2521 2.5
      vertex -1.23789 20.0248 2.5
    endloop
  endfacet
  facet normal -0.406937 -0.913456 0
    outer loop
      vertex -0.924999 17.0479 2.5
      vertex -0.571681 16.8905 3.2
      vertex -0.924999 17.0479 3.2
    endloop
  endfacet
  facet normal -0.406937 -0.913456 -0
    outer loop
      vertex -0.571681 16.8905 3.2
      vertex -0.924999 17.0479 2.5
      vertex -0.571681 16.8905 2.5
    endloop
  endfacet
  facet normal -0.406937 0.913456 0
    outer loop
      vertex -0.571681 20.4095 2.5
      vertex -0.924999 20.2521 3.2
      vertex -0.571681 20.4095 3.2
    endloop
  endfacet
  facet normal -0.406937 0.913456 0
    outer loop
      vertex -0.924999 20.2521 3.2
      vertex -0.571681 20.4095 2.5
      vertex -0.924999 20.2521 2.5
    endloop
  endfacet
  facet normal 0.207884 -0.978153 0
    outer loop
      vertex 0.193377 16.8101 2.5
      vertex 0.571681 16.8905 3.2
      vertex 0.193377 16.8101 3.2
    endloop
  endfacet
  facet normal 0.207884 -0.978153 0
    outer loop
      vertex 0.571681 16.8905 3.2
      vertex 0.193377 16.8101 2.5
      vertex 0.571681 16.8905 2.5
    endloop
  endfacet
  facet normal 0 1 -0
    outer loop
      vertex 0.193377 20.4899 2.5
      vertex -0.193377 20.4899 3.2
      vertex 0.193377 20.4899 3.2
    endloop
  endfacet
  facet normal 0 1 0
    outer loop
      vertex -0.193377 20.4899 3.2
      vertex 0.193377 20.4899 2.5
      vertex -0.193377 20.4899 2.5
    endloop
  endfacet
  facet normal -0.865997 -0.500049 0
    outer loop
      vertex -1.49668 17.5626 2.5
      vertex -1.69006 17.8975 3.2
      vertex -1.69006 17.8975 2.5
    endloop
  endfacet
  facet normal -0.865997 -0.500049 0
    outer loop
      vertex -1.69006 17.8975 3.2
      vertex -1.49668 17.5626 2.5
      vertex -1.49668 17.5626 3.2
    endloop
  endfacet
  facet normal -0.99452 -0.104546 0
    outer loop
      vertex -1.80957 18.2654 2.5
      vertex -1.85 18.65 3.2
      vertex -1.85 18.65 2.5
    endloop
  endfacet
  facet normal -0.99452 -0.104546 0
    outer loop
      vertex -1.85 18.65 3.2
      vertex -1.80957 18.2654 2.5
      vertex -1.80957 18.2654 3.2
    endloop
  endfacet
  facet normal 0.865997 -0.500049 0
    outer loop
      vertex 1.49668 17.5626 3.2
      vertex 1.69006 17.8975 2.5
      vertex 1.69006 17.8975 3.2
    endloop
  endfacet
  facet normal 0.865997 -0.500049 0
    outer loop
      vertex 1.69006 17.8975 2.5
      vertex 1.49668 17.5626 3.2
      vertex 1.49668 17.5626 2.5
    endloop
  endfacet
  facet normal 0.743127 -0.66915 0
    outer loop
      vertex 1.23789 17.2752 3.2
      vertex 1.49668 17.5626 2.5
      vertex 1.49668 17.5626 3.2
    endloop
  endfacet
  facet normal 0.743127 -0.66915 0
    outer loop
      vertex 1.49668 17.5626 2.5
      vertex 1.23789 17.2752 3.2
      vertex 1.23789 17.2752 2.5
    endloop
  endfacet
  facet normal -0.865997 0.500049 0
    outer loop
      vertex -1.69006 19.4025 2.5
      vertex -1.49668 19.7374 3.2
      vertex -1.49668 19.7374 2.5
    endloop
  endfacet
  facet normal -0.865997 0.500049 0
    outer loop
      vertex -1.49668 19.7374 3.2
      vertex -1.69006 19.4025 2.5
      vertex -1.69006 19.4025 3.2
    endloop
  endfacet
  facet normal 0.587737 0.809052 -0
    outer loop
      vertex 1.23789 20.0248 2.5
      vertex 0.924999 20.2521 3.2
      vertex 1.23789 20.0248 3.2
    endloop
  endfacet
  facet normal 0.587737 0.809052 0
    outer loop
      vertex 0.924999 20.2521 3.2
      vertex 1.23789 20.0248 2.5
      vertex 0.924999 20.2521 2.5
    endloop
  endfacet
  facet normal -0.207884 -0.978153 0
    outer loop
      vertex -0.571681 16.8905 2.5
      vertex -0.193377 16.8101 3.2
      vertex -0.571681 16.8905 3.2
    endloop
  endfacet
  facet normal -0.207884 -0.978153 -0
    outer loop
      vertex -0.193377 16.8101 3.2
      vertex -0.571681 16.8905 2.5
      vertex -0.193377 16.8101 2.5
    endloop
  endfacet
  facet normal 0.406937 0.913456 -0
    outer loop
      vertex 0.924999 20.2521 2.5
      vertex 0.571681 20.4095 3.2
      vertex 0.924999 20.2521 3.2
    endloop
  endfacet
  facet normal 0.406937 0.913456 0
    outer loop
      vertex 0.571681 20.4095 3.2
      vertex 0.924999 20.2521 2.5
      vertex 0.571681 20.4095 2.5
    endloop
  endfacet
  facet normal -0.587737 -0.809052 0
    outer loop
      vertex -1.23789 17.2752 2.5
      vertex -0.924999 17.0479 3.2
      vertex -1.23789 17.2752 3.2
    endloop
  endfacet
  facet normal -0.587737 -0.809052 -0
    outer loop
      vertex -0.924999 17.0479 3.2
      vertex -1.23789 17.2752 2.5
      vertex -0.924999 17.0479 2.5
    endloop
  endfacet
  facet normal 0 -1 0
    outer loop
      vertex -0.193377 16.8101 2.5
      vertex 0.193377 16.8101 3.2
      vertex -0.193377 16.8101 3.2
    endloop
  endfacet
  facet normal 0 -1 -0
    outer loop
      vertex 0.193377 16.8101 3.2
      vertex -0.193377 16.8101 2.5
      vertex 0.193377 16.8101 2.5
    endloop
  endfacet
  facet normal 0.587737 -0.809052 0
    outer loop
      vertex 0.924999 17.0479 2.5
      vertex 1.23789 17.2752 3.2
      vertex 0.924999 17.0479 3.2
    endloop
  endfacet
  facet normal 0.587737 -0.809052 0
    outer loop
      vertex 1.23789 17.2752 3.2
      vertex 0.924999 17.0479 2.5
      vertex 1.23789 17.2752 2.5
    endloop
  endfacet
  facet normal 0 0 -1
    outer loop
      vertex 1.80957 18.2654 2.5
      vertex 1.80957 19.0346 2.5
      vertex 1.85 18.65 2.5
    endloop
  endfacet
  facet normal 0 0 -1
    outer loop
      vertex 1.69006 17.8975 2.5
      vertex 1.80957 19.0346 2.5
      vertex 1.80957 18.2654 2.5
    endloop
  endfacet
  facet normal 0 0 -1
    outer loop
      vertex 1.69006 17.8975 2.5
      vertex 1.69006 19.4025 2.5
      vertex 1.80957 19.0346 2.5
    endloop
  endfacet
  facet normal 0 0 -1
    outer loop
      vertex 1.49668 17.5626 2.5
      vertex 1.69006 19.4025 2.5
      vertex 1.69006 17.8975 2.5
    endloop
  endfacet
  facet normal 0 0 -1
    outer loop
      vertex 1.49668 17.5626 2.5
      vertex 1.49668 19.7374 2.5
      vertex 1.69006 19.4025 2.5
    endloop
  endfacet
  facet normal 0 0 -1
    outer loop
      vertex 1.23789 17.2752 2.5
      vertex 1.49668 19.7374 2.5
      vertex 1.49668 17.5626 2.5
    endloop
  endfacet
  facet normal 0 0 -1
    outer loop
      vertex 1.23789 17.2752 2.5
      vertex 1.23789 20.0248 2.5
      vertex 1.49668 19.7374 2.5
    endloop
  endfacet
  facet normal 0 0 -1
    outer loop
      vertex 0.924999 17.0479 2.5
      vertex 1.23789 20.0248 2.5
      vertex 1.23789 17.2752 2.5
    endloop
  endfacet
  facet normal 0 0 -1
    outer loop
      vertex 0.924999 17.0479 2.5
      vertex 0.924999 20.2521 2.5
      vertex 1.23789 20.0248 2.5
    endloop
  endfacet
  facet normal 0 0 -1
    outer loop
      vertex 0.571681 16.8905 2.5
      vertex 0.924999 20.2521 2.5
      vertex 0.924999 17.0479 2.5
    endloop
  endfacet
  facet normal 0 0 -1
    outer loop
      vertex 0.571681 16.8905 2.5
      vertex 0.571681 20.4095 2.5
      vertex 0.924999 20.2521 2.5
    endloop
  endfacet
  facet normal 0 0 -1
    outer loop
      vertex 0.193377 16.8101 2.5
      vertex 0.571681 20.4095 2.5
      vertex 0.571681 16.8905 2.5
    endloop
  endfacet
  facet normal 0 0 -1
    outer loop
      vertex 0.193377 16.8101 2.5
      vertex 0.193377 20.4899 2.5
      vertex 0.571681 20.4095 2.5
    endloop
  endfacet
  facet normal 0 0 -1
    outer loop
      vertex -0.193377 16.8101 2.5
      vertex 0.193377 20.4899 2.5
      vertex 0.193377 16.8101 2.5
    endloop
  endfacet
  facet normal 0 0 -1
    outer loop
      vertex -0.193377 16.8101 2.5
      vertex -0.193377 20.4899 2.5
      vertex 0.193377 20.4899 2.5
    endloop
  endfacet
  facet normal 0 0 -1
    outer loop
      vertex -0.571681 16.8905 2.5
      vertex -0.193377 20.4899 2.5
      vertex -0.193377 16.8101 2.5
    endloop
  endfacet
  facet normal 0 0 -1
    outer loop
      vertex -0.571681 16.8905 2.5
      vertex -0.571681 20.4095 2.5
      vertex -0.193377 20.4899 2.5
    endloop
  endfacet
  facet normal 0 0 -1
    outer loop
      vertex -0.924999 17.0479 2.5
      vertex -0.571681 20.4095 2.5
      vertex -0.571681 16.8905 2.5
    endloop
  endfacet
  facet normal 0 0 -1
    outer loop
      vertex -0.924999 17.0479 2.5
      vertex -0.924999 20.2521 2.5
      vertex -0.571681 20.4095 2.5
    endloop
  endfacet
  facet normal 0 0 -1
    outer loop
      vertex -1.23789 17.2752 2.5
      vertex -0.924999 20.2521 2.5
      vertex -0.924999 17.0479 2.5
    endloop
  endfacet
  facet normal 0 0 -1
    outer loop
      vertex -1.23789 17.2752 2.5
      vertex -1.23789 20.0248 2.5
      vertex -0.924999 20.2521 2.5
    endloop
  endfacet
  facet normal 0 0 -1
    outer loop
      vertex -1.49668 17.5626 2.5
      vertex -1.23789 20.0248 2.5
      vertex -1.23789 17.2752 2.5
    endloop
  endfacet
  facet normal 0 0 -1
    outer loop
      vertex -1.49668 17.5626 2.5
      vertex -1.49668 19.7374 2.5
      vertex -1.23789 20.0248 2.5
    endloop
  endfacet
  facet normal 0 0 -1
    outer loop
      vertex -1.69006 17.8975 2.5
      vertex -1.49668 19.7374 2.5
      vertex -1.49668 17.5626 2.5
    endloop
  endfacet
  facet normal 0 0 -1
    outer loop
      vertex -1.69006 17.8975 2.5
      vertex -1.69006 19.4025 2.5
      vertex -1.49668 19.7374 2.5
    endloop
  endfacet
  facet normal 0 0 -1
    outer loop
      vertex -1.80957 18.2654 2.5
      vertex -1.69006 19.4025 2.5
      vertex -1.69006 17.8975 2.5
    endloop
  endfacet
  facet normal 0 0 -1
    outer loop
      vertex -1.80957 18.2654 2.5
      vertex -1.80957 19.0346 2.5
      vertex -1.69006 19.4025 2.5
    endloop
  endfacet
  facet normal 0 -0 -1
    outer loop
      vertex -1.80957 19.0346 2.5
      vertex -1.80957 18.2654 2.5
      vertex -1.85 18.65 2.5
    endloop
  endfacet
  facet normal 0 0 -1
    outer loop
      vertex -24.3866 -13.9258 2.5
      vertex -24.4 -13.8011 2.5
      vertex -24.3999 -13.8005 2.5
    endloop
  endfacet
  facet normal 0 0 -1
    outer loop
      vertex -21.5691 -13.2 2.5
      vertex 21.5691 13.2 2.5
      vertex 23.2 12.7585 2.5
    endloop
  endfacet
  facet normal 0 0 -1
    outer loop
      vertex 21.5691 13.2 2.5
      vertex -21.5691 -13.2 2.5
      vertex -23.2 -12.7585 2.5
    endloop
  endfacet
  facet normal 0 0 -1
    outer loop
      vertex 23.2 12.7585 2.5
      vertex 24.4 13.8 2.5
      vertex 24.4 -13.8 2.5
    endloop
  endfacet
  facet normal 0 -0 -1
    outer loop
      vertex 23.8 14.4 2.5
      vertex 24.4 13.8 2.5
      vertex 23.2 12.7585 2.5
    endloop
  endfacet
  facet normal 0 0 -1
    outer loop
      vertex 24.4 13.8 2.5
      vertex 23.8 14.4 2.5
      vertex 24.3999 13.8005 2.5
    endloop
  endfacet
  facet normal 0 0 -1
    outer loop
      vertex 23.8 -14.4 2.5
      vertex 24.4 -13.8 2.5
      vertex 24.3849 -13.9335 2.5
    endloop
  endfacet
  facet normal -0 -0 -1
    outer loop
      vertex 23.8287 14.3967 2.5
      vertex 24.3999 13.8005 2.5
      vertex 23.8 14.4 2.5
    endloop
  endfacet
  facet normal 0 0 -1
    outer loop
      vertex 24.3999 13.8005 2.5
      vertex 24.3854 13.9298 2.5
      vertex 24.3866 13.9258 2.5
    endloop
  endfacet
  facet normal -0 -0 -1
    outer loop
      vertex 24.3727 13.9685 2.5
      vertex 24.3999 13.8005 2.5
      vertex 23.8287 14.3967 2.5
    endloop
  endfacet
  facet normal 0 0 -1
    outer loop
      vertex 24.3854 13.9298 2.5
      vertex 24.3727 13.9685 2.5
      vertex 24.3849 13.9335 2.5
    endloop
  endfacet
  facet normal 0 0 -1
    outer loop
      vertex 23.8 -14.4 2.5
      vertex 24.3849 -13.9335 2.5
      vertex 24.3406 -14.0603 2.5
    endloop
  endfacet
  facet normal 0 0 -1
    outer loop
      vertex 24.3999 13.8005 2.5
      vertex 24.3727 13.9685 2.5
      vertex 24.3854 13.9298 2.5
    endloop
  endfacet
  facet normal 0 0 -1
    outer loop
      vertex 24.3727 13.9685 2.5
      vertex 24.3432 14.0527 2.5
      vertex 24.3477 14.045 2.5
    endloop
  endfacet
  facet normal -0 -0 -1
    outer loop
      vertex 24.3177 14.0967 2.5
      vertex 24.3727 13.9685 2.5
      vertex 23.8287 14.3967 2.5
    endloop
  endfacet
  facet normal 0 0 -1
    outer loop
      vertex 24.3727 13.9685 2.5
      vertex 24.3177 14.0967 2.5
      vertex 24.3432 14.0527 2.5
    endloop
  endfacet
  facet normal 0 0 -1
    outer loop
      vertex 23.8 -14.4 2.5
      vertex 24.3406 -14.0603 2.5
      vertex 24.2691 -14.1741 2.5
    endloop
  endfacet
  facet normal 0 0 -1
    outer loop
      vertex 24.3432 14.0527 2.5
      vertex 24.3177 14.0967 2.5
      vertex 24.3406 14.0603 2.5
    endloop
  endfacet
  facet normal 0 0 -1
    outer loop
      vertex 24.3177 14.0967 2.5
      vertex 24.2757 14.1636 2.5
      vertex 24.2847 14.1535 2.5
    endloop
  endfacet
  facet normal -0 -0 -1
    outer loop
      vertex 24.239 14.2041 2.5
      vertex 24.3177 14.0967 2.5
      vertex 23.8287 14.3967 2.5
    endloop
  endfacet
  facet normal 0 0 -1
    outer loop
      vertex 24.2757 14.1636 2.5
      vertex 24.239 14.2041 2.5
      vertex 24.2691 14.1741 2.5
    endloop
  endfacet
  facet normal 0 0 -1
    outer loop
      vertex 23.8 -14.4 2.5
      vertex 24.2691 -14.1741 2.5
      vertex 24.1741 -14.2691 2.5
    endloop
  endfacet
  facet normal 0 0 -1
    outer loop
      vertex 24.3177 14.0967 2.5
      vertex 24.239 14.2041 2.5
      vertex 24.2757 14.1636 2.5
    endloop
  endfacet
  facet normal 0 0 -1
    outer loop
      vertex 24.239 14.2041 2.5
      vertex 24.1858 14.2573 2.5
      vertex 24.2006 14.2466 2.5
    endloop
  endfacet
  facet normal -0 -0 -1
    outer loop
      vertex 24.14 14.2905 2.5
      vertex 24.239 14.2041 2.5
      vertex 23.8287 14.3967 2.5
    endloop
  endfacet
  facet normal 0 0 -1
    outer loop
      vertex 24.1858 14.2573 2.5
      vertex 24.14 14.2905 2.5
      vertex 24.1741 14.2691 2.5
    endloop
  endfacet
  facet normal 0 0 -1
    outer loop
      vertex 23.8 -14.4 2.5
      vertex 24.1741 -14.2691 2.5
      vertex 24.0603 -14.3406 2.5
    endloop
  endfacet
  facet normal 0 0 -1
    outer loop
      vertex 24.14 14.2905 2.5
      vertex 24.078 14.3295 2.5
      vertex 24.099 14.3201 2.5
    endloop
  endfacet
  facet normal -0 -0 -1
    outer loop
      vertex 24.0252 14.3528 2.5
      vertex 24.14 14.2905 2.5
      vertex 23.8287 14.3967 2.5
    endloop
  endfacet
  facet normal 0 0 -1
    outer loop
      vertex 24.078 14.3295 2.5
      vertex 24.0252 14.3528 2.5
      vertex 24.0603 14.3406 2.5
    endloop
  endfacet
  facet normal 0 0 -1
    outer loop
      vertex 24.14 14.2905 2.5
      vertex 24.0252 14.3528 2.5
      vertex 24.078 14.3295 2.5
    endloop
  endfacet
  facet normal 0 0 -1
    outer loop
      vertex 23.8 -14.4 2.5
      vertex 24.0603 -14.3406 2.5
      vertex 23.9335 -14.3849 2.5
    endloop
  endfacet
  facet normal 0 0 -1
    outer loop
      vertex 24.0252 14.3528 2.5
      vertex 23.957 14.3767 2.5
      vertex 23.9843 14.371 2.5
    endloop
  endfacet
  facet normal -0 -0 -1
    outer loop
      vertex 23.9001 14.3887 2.5
      vertex 24.0252 14.3528 2.5
      vertex 23.8287 14.3967 2.5
    endloop
  endfacet
  facet normal 0 0 -1
    outer loop
      vertex 23.957 14.3767 2.5
      vertex 23.9001 14.3887 2.5
      vertex 23.9335 14.3849 2.5
    endloop
  endfacet
  facet normal 0 0 -1
    outer loop
      vertex 24.0252 14.3528 2.5
      vertex 23.9001 14.3887 2.5
      vertex 23.957 14.3767 2.5
    endloop
  endfacet
  facet normal -0 0 -1
    outer loop
      vertex 24.4 -13.8 2.5
      vertex 23.8 -14.4 2.5
      vertex 23.2 -13.2 2.5
    endloop
  endfacet
  facet normal 0 0 -1
    outer loop
      vertex 23.9001 14.3887 2.5
      vertex 23.8287 14.3967 2.5
      vertex 23.8616 14.3968 2.5
    endloop
  endfacet
  facet normal 0 0 -1
    outer loop
      vertex 24.4 -13.8 2.5
      vertex 23.2 -13.2 2.5
      vertex 23.2 12.7585 2.5
    endloop
  endfacet
  facet normal 0 0 -1
    outer loop
      vertex 23.8 -14.4 2.5
      vertex -21.5691 -13.2 2.5
      vertex 23.2 -13.2 2.5
    endloop
  endfacet
  facet normal 0 0 -1
    outer loop
      vertex -24.4 -13.8 2.5
      vertex -23.2 -12.7585 2.5
      vertex -23.8 -14.4 2.5
    endloop
  endfacet
  facet normal -0 0 -1
    outer loop
      vertex -21.5691 -13.2 2.5
      vertex -23.8 -14.4 2.5
      vertex -23.2 -12.7585 2.5
    endloop
  endfacet
  facet normal 0 0 -1
    outer loop
      vertex -23.8 -14.4 2.5
      vertex -21.5691 -13.2 2.5
      vertex 23.8 -14.4 2.5
    endloop
  endfacet
  facet normal -0 0 -1
    outer loop
      vertex 24.4 13.8011 2.5
      vertex 24.3999 13.8005 2.5
      vertex 24.3866 13.9258 2.5
    endloop
  endfacet
  facet normal 0 0 -1
    outer loop
      vertex 24.239 14.2041 2.5
      vertex 24.14 14.2905 2.5
      vertex 24.1858 14.2573 2.5
    endloop
  endfacet
  facet normal 0 0 -1
    outer loop
      vertex 21.5691 13.2 2.5
      vertex 23.8 14.4 2.5
      vertex 23.2 12.7585 2.5
    endloop
  endfacet
  facet normal 0 0 -1
    outer loop
      vertex -23.8 14.4 2.5
      vertex 21.5691 13.2 2.5
      vertex -23.2 13.2 2.5
    endloop
  endfacet
  facet normal 0 0 -1
    outer loop
      vertex 21.5691 13.2 2.5
      vertex -23.8 14.4 2.5
      vertex 23.8 14.4 2.5
    endloop
  endfacet
  facet normal 0 0 -1
    outer loop
      vertex -24.4 13.8 2.5
      vertex -23.2 -12.7585 2.5
      vertex -24.4 -13.8 2.5
    endloop
  endfacet
  facet normal 0 0 -1
    outer loop
      vertex -24.3999 -13.8005 2.5
      vertex -23.8 -14.4 2.5
      vertex -23.8287 -14.3967 2.5
    endloop
  endfacet
  facet normal 0 0 -1
    outer loop
      vertex -23.9001 -14.3887 2.5
      vertex -23.8287 -14.3967 2.5
      vertex -23.8616 -14.3968 2.5
    endloop
  endfacet
  facet normal 0 0 -1
    outer loop
      vertex -23.8287 -14.3967 2.5
      vertex -23.9001 -14.3887 2.5
      vertex -24.3999 -13.8005 2.5
    endloop
  endfacet
  facet normal 0 0 -1
    outer loop
      vertex -23.957 -14.3767 2.5
      vertex -23.9001 -14.3887 2.5
      vertex -23.9335 -14.3849 2.5
    endloop
  endfacet
  facet normal 0 0 -1
    outer loop
      vertex -23.2 -12.7585 2.5
      vertex -24.4 13.8 2.5
      vertex -23.2 13.2 2.5
    endloop
  endfacet
  facet normal 0 0 -1
    outer loop
      vertex -24.0252 -14.3528 2.5
      vertex -23.9001 -14.3887 2.5
      vertex -23.957 -14.3767 2.5
    endloop
  endfacet
  facet normal 0 0 -1
    outer loop
      vertex -24.0252 -14.3528 2.5
      vertex -23.957 -14.3767 2.5
      vertex -23.9843 -14.371 2.5
    endloop
  endfacet
  facet normal 0 0 -1
    outer loop
      vertex -23.9001 -14.3887 2.5
      vertex -24.0252 -14.3528 2.5
      vertex -24.3999 -13.8005 2.5
    endloop
  endfacet
  facet normal 0 0 -1
    outer loop
      vertex -24.078 -14.3295 2.5
      vertex -24.0252 -14.3528 2.5
      vertex -24.0603 -14.3406 2.5
    endloop
  endfacet
  facet normal 0 0 -1
    outer loop
      vertex -23.2 13.2 2.5
      vertex -24.4 13.8 2.5
      vertex -23.8 14.4 2.5
    endloop
  endfacet
  facet normal 0 0 -1
    outer loop
      vertex -24.14 -14.2905 2.5
      vertex -24.0252 -14.3528 2.5
      vertex -24.078 -14.3295 2.5
    endloop
  endfacet
  facet normal 0 0 -1
    outer loop
      vertex -24.14 -14.2905 2.5
      vertex -24.078 -14.3295 2.5
      vertex -24.099 -14.3201 2.5
    endloop
  endfacet
  facet normal 0 0 -1
    outer loop
      vertex -24.0252 -14.3528 2.5
      vertex -24.14 -14.2905 2.5
      vertex -24.3999 -13.8005 2.5
    endloop
  endfacet
  facet normal 0 0 -1
    outer loop
      vertex -24.1858 -14.2573 2.5
      vertex -24.14 -14.2905 2.5
      vertex -24.1741 -14.2691 2.5
    endloop
  endfacet
  facet normal 0 0 -1
    outer loop
      vertex -23.8 14.4 2.5
      vertex -24.4 13.8 2.5
      vertex -23.9335 14.3849 2.5
    endloop
  endfacet
  facet normal 0 0 -1
    outer loop
      vertex -24.239 -14.2041 2.5
      vertex -24.14 -14.2905 2.5
      vertex -24.1858 -14.2573 2.5
    endloop
  endfacet
  facet normal 0 0 -1
    outer loop
      vertex -24.239 -14.2041 2.5
      vertex -24.1858 -14.2573 2.5
      vertex -24.2006 -14.2466 2.5
    endloop
  endfacet
  facet normal 0 0 -1
    outer loop
      vertex -24.14 -14.2905 2.5
      vertex -24.239 -14.2041 2.5
      vertex -24.3999 -13.8005 2.5
    endloop
  endfacet
  facet normal 0 0 -1
    outer loop
      vertex -24.2757 -14.1636 2.5
      vertex -24.239 -14.2041 2.5
      vertex -24.2691 -14.1741 2.5
    endloop
  endfacet
  facet normal 0 0 -1
    outer loop
      vertex -23.9335 14.3849 2.5
      vertex -24.4 13.8 2.5
      vertex -24.0603 14.3406 2.5
    endloop
  endfacet
  facet normal 0 0 -1
    outer loop
      vertex -24.3177 -14.0967 2.5
      vertex -24.239 -14.2041 2.5
      vertex -24.2757 -14.1636 2.5
    endloop
  endfacet
  facet normal 0 0 -1
    outer loop
      vertex -24.3177 -14.0967 2.5
      vertex -24.2757 -14.1636 2.5
      vertex -24.2847 -14.1535 2.5
    endloop
  endfacet
  facet normal 0 0 -1
    outer loop
      vertex -24.239 -14.2041 2.5
      vertex -24.3177 -14.0967 2.5
      vertex -24.3999 -13.8005 2.5
    endloop
  endfacet
  facet normal 0 0 -1
    outer loop
      vertex -24.3432 -14.0527 2.5
      vertex -24.3177 -14.0967 2.5
      vertex -24.3406 -14.0603 2.5
    endloop
  endfacet
  facet normal 0 0 -1
    outer loop
      vertex -24.0603 14.3406 2.5
      vertex -24.4 13.8 2.5
      vertex -24.1741 14.2691 2.5
    endloop
  endfacet
  facet normal 0 0 -1
    outer loop
      vertex -24.3727 -13.9685 2.5
      vertex -24.3177 -14.0967 2.5
      vertex -24.3432 -14.0527 2.5
    endloop
  endfacet
  facet normal 0 0 -1
    outer loop
      vertex -24.3727 -13.9685 2.5
      vertex -24.3432 -14.0527 2.5
      vertex -24.3477 -14.045 2.5
    endloop
  endfacet
  facet normal 0 0 -1
    outer loop
      vertex -24.3177 -14.0967 2.5
      vertex -24.3727 -13.9685 2.5
      vertex -24.3999 -13.8005 2.5
    endloop
  endfacet
  facet normal 0 0 -1
    outer loop
      vertex -24.3854 -13.9298 2.5
      vertex -24.3727 -13.9685 2.5
      vertex -24.3849 -13.9335 2.5
    endloop
  endfacet
  facet normal 0 0 -1
    outer loop
      vertex -24.3999 -13.8005 2.5
      vertex -24.3727 -13.9685 2.5
      vertex -24.3854 -13.9298 2.5
    endloop
  endfacet
  facet normal 0 0 -1
    outer loop
      vertex -23.8 -14.4 2.5
      vertex -24.3999 -13.8005 2.5
      vertex -24.4 -13.8 2.5
    endloop
  endfacet
  facet normal 0 0 -1
    outer loop
      vertex -24.3999 -13.8005 2.5
      vertex -24.3854 -13.9298 2.5
      vertex -24.3866 -13.9258 2.5
    endloop
  endfacet
  facet normal 0 0 -1
    outer loop
      vertex -24.1741 14.2691 2.5
      vertex -24.4 13.8 2.5
      vertex -24.2691 14.1741 2.5
    endloop
  endfacet
  facet normal 0 0 -1
    outer loop
      vertex -24.2691 14.1741 2.5
      vertex -24.4 13.8 2.5
      vertex -24.3406 14.0603 2.5
    endloop
  endfacet
  facet normal 0 0 -1
    outer loop
      vertex -24.3406 14.0603 2.5
      vertex -24.4 13.8 2.5
      vertex -24.3849 13.9335 2.5
    endloop
  endfacet
  facet normal 0 0 1
    outer loop
      vertex 24.4 13.8011 3.2
      vertex 24.3866 13.9258 3.2
      vertex 24.3999 13.8005 3.2
    endloop
  endfacet
  facet normal 0 0 1
    outer loop
      vertex 23.8 14.4 3.2
      vertex 24.4 13.8 3.2
      vertex 24.3999 13.8005 3.2
    endloop
  endfacet
  facet normal 0 0 1
    outer loop
      vertex 24.3854 13.9298 3.2
      vertex 24.3999 13.8005 3.2
      vertex 24.3866 13.9258 3.2
    endloop
  endfacet
  facet normal 0 0 1
    outer loop
      vertex 24.3727 13.9685 3.2
      vertex 24.3999 13.8005 3.2
      vertex 24.3854 13.9298 3.2
    endloop
  endfacet
  facet normal 0 0 1
    outer loop
      vertex 24.3727 13.9685 3.2
      vertex 24.3854 13.9298 3.2
      vertex 24.3849 13.9335 3.2
    endloop
  endfacet
  facet normal 0 0 1
    outer loop
      vertex 24.4 13.8 3.2
      vertex 23.2 12.7585 3.2
      vertex 24.4 -13.8 3.2
    endloop
  endfacet
  facet normal 0 0 1
    outer loop
      vertex 24.3999 13.8005 3.2
      vertex 24.3727 13.9685 3.2
      vertex 23.8287 14.3967 3.2
    endloop
  endfacet
  facet normal 0 0 1
    outer loop
      vertex 24.3432 14.0527 3.2
      vertex 24.3727 13.9685 3.2
      vertex 24.3477 14.045 3.2
    endloop
  endfacet
  facet normal 0 0 1
    outer loop
      vertex 24.3177 14.0967 3.2
      vertex 24.3727 13.9685 3.2
      vertex 24.3432 14.0527 3.2
    endloop
  endfacet
  facet normal 0 0 1
    outer loop
      vertex 24.3177 14.0967 3.2
      vertex 24.3432 14.0527 3.2
      vertex 24.3406 14.0603 3.2
    endloop
  endfacet
  facet normal -0 0 1
    outer loop
      vertex 23.2 -13.2 3.2
      vertex 24.4 -13.8 3.2
      vertex 23.2 12.7585 3.2
    endloop
  endfacet
  facet normal 0 0 1
    outer loop
      vertex 24.3727 13.9685 3.2
      vertex 24.3177 14.0967 3.2
      vertex 23.8287 14.3967 3.2
    endloop
  endfacet
  facet normal 0 0 1
    outer loop
      vertex 24.2757 14.1636 3.2
      vertex 24.3177 14.0967 3.2
      vertex 24.2847 14.1535 3.2
    endloop
  endfacet
  facet normal 0 0 1
    outer loop
      vertex 24.239 14.2041 3.2
      vertex 24.3177 14.0967 3.2
      vertex 24.2757 14.1636 3.2
    endloop
  endfacet
  facet normal 0 0 1
    outer loop
      vertex 24.239 14.2041 3.2
      vertex 24.2757 14.1636 3.2
      vertex 24.2691 14.1741 3.2
    endloop
  endfacet
  facet normal 0 -0 1
    outer loop
      vertex 23.8 -14.4 3.2
      vertex 24.4 -13.8 3.2
      vertex 23.2 -13.2 3.2
    endloop
  endfacet
  facet normal 0 0 1
    outer loop
      vertex 24.3177 14.0967 3.2
      vertex 24.239 14.2041 3.2
      vertex 23.8287 14.3967 3.2
    endloop
  endfacet
  facet normal 0 0 1
    outer loop
      vertex 24.1858 14.2573 3.2
      vertex 24.239 14.2041 3.2
      vertex 24.2006 14.2466 3.2
    endloop
  endfacet
  facet normal 0 0 1
    outer loop
      vertex 24.14 14.2905 3.2
      vertex 24.239 14.2041 3.2
      vertex 24.1858 14.2573 3.2
    endloop
  endfacet
  facet normal 0 0 1
    outer loop
      vertex 24.14 14.2905 3.2
      vertex 24.1858 14.2573 3.2
      vertex 24.1741 14.2691 3.2
    endloop
  endfacet
  facet normal 0 0 1
    outer loop
      vertex 24.4 -13.8 3.2
      vertex 23.8 -14.4 3.2
      vertex 24.3849 -13.9335 3.2
    endloop
  endfacet
  facet normal 0 0 1
    outer loop
      vertex 24.239 14.2041 3.2
      vertex 24.14 14.2905 3.2
      vertex 23.8287 14.3967 3.2
    endloop
  endfacet
  facet normal 0 0 1
    outer loop
      vertex 24.078 14.3295 3.2
      vertex 24.14 14.2905 3.2
      vertex 24.099 14.3201 3.2
    endloop
  endfacet
  facet normal 0 0 1
    outer loop
      vertex 24.0252 14.3528 3.2
      vertex 24.14 14.2905 3.2
      vertex 24.078 14.3295 3.2
    endloop
  endfacet
  facet normal 0 0 1
    outer loop
      vertex 24.0252 14.3528 3.2
      vertex 24.078 14.3295 3.2
      vertex 24.0603 14.3406 3.2
    endloop
  endfacet
  facet normal 0 0 1
    outer loop
      vertex 24.3849 -13.9335 3.2
      vertex 23.8 -14.4 3.2
      vertex 24.3406 -14.0603 3.2
    endloop
  endfacet
  facet normal 0 0 1
    outer loop
      vertex 24.14 14.2905 3.2
      vertex 24.0252 14.3528 3.2
      vertex 23.8287 14.3967 3.2
    endloop
  endfacet
  facet normal 0 0 1
    outer loop
      vertex 23.957 14.3767 3.2
      vertex 24.0252 14.3528 3.2
      vertex 23.9843 14.371 3.2
    endloop
  endfacet
  facet normal 0 0 1
    outer loop
      vertex 23.9001 14.3887 3.2
      vertex 24.0252 14.3528 3.2
      vertex 23.957 14.3767 3.2
    endloop
  endfacet
  facet normal 0 0 1
    outer loop
      vertex 23.9001 14.3887 3.2
      vertex 23.957 14.3767 3.2
      vertex 23.9335 14.3849 3.2
    endloop
  endfacet
  facet normal 0 0 1
    outer loop
      vertex 24.3406 -14.0603 3.2
      vertex 23.8 -14.4 3.2
      vertex 24.2691 -14.1741 3.2
    endloop
  endfacet
  facet normal 0 0 1
    outer loop
      vertex 24.0252 14.3528 3.2
      vertex 23.9001 14.3887 3.2
      vertex 23.8287 14.3967 3.2
    endloop
  endfacet
  facet normal -0 0 1
    outer loop
      vertex 23.8287 14.3967 3.2
      vertex 23.9001 14.3887 3.2
      vertex 23.8616 14.3968 3.2
    endloop
  endfacet
  facet normal 0 0 1
    outer loop
      vertex 24.3999 13.8005 3.2
      vertex 23.8287 14.3967 3.2
      vertex 23.8 14.4 3.2
    endloop
  endfacet
  facet normal 0 0 1
    outer loop
      vertex 24.4 13.8 3.2
      vertex 23.8 14.4 3.2
      vertex 23.2 12.7585 3.2
    endloop
  endfacet
  facet normal 0 0 1
    outer loop
      vertex 24.2691 -14.1741 3.2
      vertex 23.8 -14.4 3.2
      vertex 24.1741 -14.2691 3.2
    endloop
  endfacet
  facet normal 0 0 1
    outer loop
      vertex 24.1741 -14.2691 3.2
      vertex 23.8 -14.4 3.2
      vertex 24.0603 -14.3406 3.2
    endloop
  endfacet
  facet normal 0 0 1
    outer loop
      vertex 23.8 14.4 3.2
      vertex 21.5691 13.2 3.2
      vertex 23.2 12.7585 3.2
    endloop
  endfacet
  facet normal -0 0 1
    outer loop
      vertex -23.8 14.4 3.2
      vertex 21.5691 13.2 3.2
      vertex 23.8 14.4 3.2
    endloop
  endfacet
  facet normal -0 0 1
    outer loop
      vertex -24.4 13.8 3.2
      vertex -23.2 13.2 3.2
      vertex -23.8 14.4 3.2
    endloop
  endfacet
  facet normal 0 0 1
    outer loop
      vertex 21.5691 13.2 3.2
      vertex -23.8 14.4 3.2
      vertex -23.2 13.2 3.2
    endloop
  endfacet
  facet normal 0 0 1
    outer loop
      vertex -24.3866 -13.9258 3.2
      vertex -24.3999 -13.8005 3.2
      vertex -24.4 -13.8011 3.2
    endloop
  endfacet
  facet normal 0 0 1
    outer loop
      vertex 24.0603 -14.3406 3.2
      vertex 23.8 -14.4 3.2
      vertex 23.9335 -14.3849 3.2
    endloop
  endfacet
  facet normal -0 0 1
    outer loop
      vertex -21.5691 -13.2 3.2
      vertex 23.8 -14.4 3.2
      vertex 23.2 -13.2 3.2
    endloop
  endfacet
  facet normal 0 0 1
    outer loop
      vertex -21.5691 -13.2 3.2
      vertex -23.8 -14.4 3.2
      vertex 23.8 -14.4 3.2
    endloop
  endfacet
  facet normal 0 0 1
    outer loop
      vertex -23.2 -12.7585 3.2
      vertex -23.8 -14.4 3.2
      vertex -21.5691 -13.2 3.2
    endloop
  endfacet
  facet normal 0 0 1
    outer loop
      vertex -23.2 13.2 3.2
      vertex -24.4 13.8 3.2
      vertex -23.2 -12.7585 3.2
    endloop
  endfacet
  facet normal 0 0 1
    outer loop
      vertex -23.2 -12.7585 3.2
      vertex -24.4 -13.8 3.2
      vertex -23.8 -14.4 3.2
    endloop
  endfacet
  facet normal -0 -0 1
    outer loop
      vertex -24.3999 -13.8005 3.2
      vertex -23.8 -14.4 3.2
      vertex -24.4 -13.8 3.2
    endloop
  endfacet
  facet normal 0 0 1
    outer loop
      vertex -23.8 -14.4 3.2
      vertex -24.3999 -13.8005 3.2
      vertex -23.8287 -14.3967 3.2
    endloop
  endfacet
  facet normal 0 0 1
    outer loop
      vertex -24.4 13.8 3.2
      vertex -23.8 14.4 3.2
      vertex -23.9335 14.3849 3.2
    endloop
  endfacet
  facet normal 0 0 1
    outer loop
      vertex -23.2 -12.7585 3.2
      vertex -24.4 13.8 3.2
      vertex -24.4 -13.8 3.2
    endloop
  endfacet
  facet normal 0 0 1
    outer loop
      vertex -23.8287 -14.3967 3.2
      vertex -23.9001 -14.3887 3.2
      vertex -23.8616 -14.3968 3.2
    endloop
  endfacet
  facet normal -0 -0 1
    outer loop
      vertex -24.0252 -14.3528 3.2
      vertex -23.9001 -14.3887 3.2
      vertex -24.3999 -13.8005 3.2
    endloop
  endfacet
  facet normal 0 0 1
    outer loop
      vertex -23.9001 -14.3887 3.2
      vertex -23.957 -14.3767 3.2
      vertex -23.9335 -14.3849 3.2
    endloop
  endfacet
  facet normal 0 0 1
    outer loop
      vertex -24.4 13.8 3.2
      vertex -23.9335 14.3849 3.2
      vertex -24.0603 14.3406 3.2
    endloop
  endfacet
  facet normal -0 -0 1
    outer loop
      vertex -23.9001 -14.3887 3.2
      vertex -23.8287 -14.3967 3.2
      vertex -24.3999 -13.8005 3.2
    endloop
  endfacet
  facet normal 0 0 1
    outer loop
      vertex -23.957 -14.3767 3.2
      vertex -24.0252 -14.3528 3.2
      vertex -23.9843 -14.371 3.2
    endloop
  endfacet
  facet normal -0 -0 1
    outer loop
      vertex -24.14 -14.2905 3.2
      vertex -24.0252 -14.3528 3.2
      vertex -24.3999 -13.8005 3.2
    endloop
  endfacet
  facet normal 0 0 1
    outer loop
      vertex -24.0252 -14.3528 3.2
      vertex -24.078 -14.3295 3.2
      vertex -24.0603 -14.3406 3.2
    endloop
  endfacet
  facet normal 0 0 1
    outer loop
      vertex -24.4 13.8 3.2
      vertex -24.0603 14.3406 3.2
      vertex -24.1741 14.2691 3.2
    endloop
  endfacet
  facet normal 0 0 1
    outer loop
      vertex -23.9001 -14.3887 3.2
      vertex -24.0252 -14.3528 3.2
      vertex -23.957 -14.3767 3.2
    endloop
  endfacet
  facet normal 0 0 1
    outer loop
      vertex -24.078 -14.3295 3.2
      vertex -24.14 -14.2905 3.2
      vertex -24.099 -14.3201 3.2
    endloop
  endfacet
  facet normal 0 0 1
    outer loop
      vertex -24.14 -14.2905 3.2
      vertex -24.1858 -14.2573 3.2
      vertex -24.1741 -14.2691 3.2
    endloop
  endfacet
  facet normal -0 -0 1
    outer loop
      vertex -24.239 -14.2041 3.2
      vertex -24.14 -14.2905 3.2
      vertex -24.3999 -13.8005 3.2
    endloop
  endfacet
  facet normal 0 0 1
    outer loop
      vertex -24.4 13.8 3.2
      vertex -24.1741 14.2691 3.2
      vertex -24.2691 14.1741 3.2
    endloop
  endfacet
  facet normal 0 0 1
    outer loop
      vertex -24.0252 -14.3528 3.2
      vertex -24.14 -14.2905 3.2
      vertex -24.078 -14.3295 3.2
    endloop
  endfacet
  facet normal 0 0 1
    outer loop
      vertex -24.1858 -14.2573 3.2
      vertex -24.239 -14.2041 3.2
      vertex -24.2006 -14.2466 3.2
    endloop
  endfacet
  facet normal 0 0 1
    outer loop
      vertex -24.239 -14.2041 3.2
      vertex -24.2757 -14.1636 3.2
      vertex -24.2691 -14.1741 3.2
    endloop
  endfacet
  facet normal -0 -0 1
    outer loop
      vertex -24.3177 -14.0967 3.2
      vertex -24.239 -14.2041 3.2
      vertex -24.3999 -13.8005 3.2
    endloop
  endfacet
  facet normal 0 0 1
    outer loop
      vertex -24.4 13.8 3.2
      vertex -24.2691 14.1741 3.2
      vertex -24.3406 14.0603 3.2
    endloop
  endfacet
  facet normal 0 0 1
    outer loop
      vertex -24.14 -14.2905 3.2
      vertex -24.239 -14.2041 3.2
      vertex -24.1858 -14.2573 3.2
    endloop
  endfacet
  facet normal 0 0 1
    outer loop
      vertex -24.2757 -14.1636 3.2
      vertex -24.3177 -14.0967 3.2
      vertex -24.2847 -14.1535 3.2
    endloop
  endfacet
  facet normal 0 0 1
    outer loop
      vertex -24.3177 -14.0967 3.2
      vertex -24.3432 -14.0527 3.2
      vertex -24.3406 -14.0603 3.2
    endloop
  endfacet
  facet normal -0 -0 1
    outer loop
      vertex -24.3727 -13.9685 3.2
      vertex -24.3177 -14.0967 3.2
      vertex -24.3999 -13.8005 3.2
    endloop
  endfacet
  facet normal 0 0 1
    outer loop
      vertex -24.4 13.8 3.2
      vertex -24.3406 14.0603 3.2
      vertex -24.3849 13.9335 3.2
    endloop
  endfacet
  facet normal 0 0 1
    outer loop
      vertex -24.239 -14.2041 3.2
      vertex -24.3177 -14.0967 3.2
      vertex -24.2757 -14.1636 3.2
    endloop
  endfacet
  facet normal 0 0 1
    outer loop
      vertex -24.3727 -13.9685 3.2
      vertex -24.3854 -13.9298 3.2
      vertex -24.3849 -13.9335 3.2
    endloop
  endfacet
  facet normal 0 0 1
    outer loop
      vertex -24.3727 -13.9685 3.2
      vertex -24.3999 -13.8005 3.2
      vertex -24.3854 -13.9298 3.2
    endloop
  endfacet
  facet normal 0 0 1
    outer loop
      vertex -24.3854 -13.9298 3.2
      vertex -24.3999 -13.8005 3.2
      vertex -24.3866 -13.9258 3.2
    endloop
  endfacet
  facet normal 0 0 1
    outer loop
      vertex -24.3177 -14.0967 3.2
      vertex -24.3727 -13.9685 3.2
      vertex -24.3432 -14.0527 3.2
    endloop
  endfacet
  facet normal 0 0 1
    outer loop
      vertex -24.3432 -14.0527 3.2
      vertex -24.3727 -13.9685 3.2
      vertex -24.3477 -14.045 3.2
    endloop
  endfacet
  facet normal 0 0 1
    outer loop
      vertex 21.5691 13.2 3.2
      vertex -21.5691 -13.2 3.2
      vertex 23.2 12.7585 3.2
    endloop
  endfacet
  facet normal 0 -0 1
    outer loop
      vertex -21.5691 -13.2 3.2
      vertex 21.5691 13.2 3.2
      vertex -23.2 -12.7585 3.2
    endloop
  endfacet
  facet normal 0.32982 -0.944044 0
    outer loop
      vertex 23.9335 -14.3849 2.5
      vertex 24.0603 -14.3406 3.2
      vertex 23.9335 -14.3849 3.2
    endloop
  endfacet
  facet normal 0.32982 -0.944044 0
    outer loop
      vertex 24.0603 -14.3406 3.2
      vertex 23.9335 -14.3849 2.5
      vertex 24.0603 -14.3406 2.5
    endloop
  endfacet
  facet normal 0.532004 -0.846742 0
    outer loop
      vertex 24.0603 -14.3406 2.5
      vertex 24.1741 -14.2691 3.2
      vertex 24.0603 -14.3406 3.2
    endloop
  endfacet
  facet normal 0.532004 -0.846742 0
    outer loop
      vertex 24.1741 -14.2691 3.2
      vertex 24.0603 -14.3406 2.5
      vertex 24.1741 -14.2691 2.5
    endloop
  endfacet
  facet normal 0.707107 -0.707107 0
    outer loop
      vertex 24.1741 -14.2691 3.2
      vertex 24.2691 -14.1741 2.5
      vertex 24.2691 -14.1741 3.2
    endloop
  endfacet
  facet normal 0.707107 -0.707107 0
    outer loop
      vertex 24.2691 -14.1741 2.5
      vertex 24.1741 -14.2691 3.2
      vertex 24.1741 -14.2691 2.5
    endloop
  endfacet
  facet normal 0.846742 -0.532004 0
    outer loop
      vertex 24.2691 -14.1741 3.2
      vertex 24.3406 -14.0603 2.5
      vertex 24.3406 -14.0603 3.2
    endloop
  endfacet
  facet normal 0.846742 -0.532004 0
    outer loop
      vertex 24.3406 -14.0603 2.5
      vertex 24.2691 -14.1741 3.2
      vertex 24.2691 -14.1741 2.5
    endloop
  endfacet
  facet normal 0.944044 -0.32982 0
    outer loop
      vertex 24.3406 -14.0603 3.2
      vertex 24.3849 -13.9335 2.5
      vertex 24.3849 -13.9335 3.2
    endloop
  endfacet
  facet normal 0.944044 -0.32982 0
    outer loop
      vertex 24.3849 -13.9335 2.5
      vertex 24.3406 -14.0603 3.2
      vertex 24.3406 -14.0603 2.5
    endloop
  endfacet
  facet normal 0.993664 -0.112392 0
    outer loop
      vertex 24.3849 -13.9335 3.2
      vertex 24.4 -13.8 2.5
      vertex 24.4 -13.8 3.2
    endloop
  endfacet
  facet normal 0.993664 -0.112392 0
    outer loop
      vertex 24.4 -13.8 2.5
      vertex 24.3849 -13.9335 3.2
      vertex 24.3849 -13.9335 2.5
    endloop
  endfacet
  facet normal 1 -0 0
    outer loop
      vertex 24.4 -13.8 3.2
      vertex 24.4 13.8 2.5
      vertex 24.4 13.8 3.2
    endloop
  endfacet
  facet normal 1 0 0
    outer loop
      vertex 24.4 13.8 2.5
      vertex 24.4 -13.8 3.2
      vertex 24.4 -13.8 2.5
    endloop
  endfacet
  facet normal 0.980581 0.196116 0
    outer loop
      vertex 24.4 13.8 3.2
      vertex 24.3999 13.8005 2.5
      vertex 24.3999 13.8005 3.2
    endloop
  endfacet
  facet normal 0.980581 0.196116 0
    outer loop
      vertex 24.3999 13.8005 2.5
      vertex 24.4 13.8 3.2
      vertex 24.4 13.8 2.5
    endloop
  endfacet
  facet normal 0.990992 0.133918 0
    outer loop
      vertex 24.3854 13.9298 3.2
      vertex 24.3849 13.9335 2.5
      vertex 24.3849 13.9335 3.2
    endloop
  endfacet
  facet normal 0.990992 0.133918 0
    outer loop
      vertex 24.3849 13.9335 2.5
      vertex 24.3854 13.9298 3.2
      vertex 24.3854 13.9298 2.5
    endloop
  endfacet
  facet normal 0.944278 0.329148 0
    outer loop
      vertex 24.3849 13.9335 3.2
      vertex 24.3727 13.9685 2.5
      vertex 24.3727 13.9685 3.2
    endloop
  endfacet
  facet normal 0.944278 0.329148 0
    outer loop
      vertex 24.3727 13.9685 2.5
      vertex 24.3849 13.9335 3.2
      vertex 24.3849 13.9335 2.5
    endloop
  endfacet
  facet normal 0.946164 0.323688 0
    outer loop
      vertex 24.3432 14.0527 3.2
      vertex 24.3406 14.0603 2.5
      vertex 24.3406 14.0603 3.2
    endloop
  endfacet
  facet normal 0.946164 0.323688 0
    outer loop
      vertex 24.3406 14.0603 2.5
      vertex 24.3432 14.0527 3.2
      vertex 24.3432 14.0527 2.5
    endloop
  endfacet
  facet normal 0.846427 0.532505 0
    outer loop
      vertex 24.3406 14.0603 3.2
      vertex 24.3177 14.0967 2.5
      vertex 24.3177 14.0967 3.2
    endloop
  endfacet
  facet normal 0.846427 0.532505 0
    outer loop
      vertex 24.3177 14.0967 2.5
      vertex 24.3406 14.0603 3.2
      vertex 24.3406 14.0603 2.5
    endloop
  endfacet
  facet normal 0.846637 0.532172 0
    outer loop
      vertex 24.2757 14.1636 3.2
      vertex 24.2691 14.1741 2.5
      vertex 24.2691 14.1741 3.2
    endloop
  endfacet
  facet normal 0.846637 0.532172 0
    outer loop
      vertex 24.2691 14.1741 2.5
      vertex 24.2757 14.1636 3.2
      vertex 24.2757 14.1636 2.5
    endloop
  endfacet
  facet normal 0.705929 0.708282 -0
    outer loop
      vertex 24.2691 14.1741 2.5
      vertex 24.239 14.2041 3.2
      vertex 24.2691 14.1741 3.2
    endloop
  endfacet
  facet normal 0.705929 0.708282 0
    outer loop
      vertex 24.239 14.2041 3.2
      vertex 24.2691 14.1741 2.5
      vertex 24.239 14.2041 2.5
    endloop
  endfacet
  facet normal 0.710109 0.704091 0
    outer loop
      vertex 24.1858 14.2573 3.2
      vertex 24.1741 14.2691 2.5
      vertex 24.1741 14.2691 3.2
    endloop
  endfacet
  facet normal 0.710109 0.704091 0
    outer loop
      vertex 24.1741 14.2691 2.5
      vertex 24.1858 14.2573 3.2
      vertex 24.1858 14.2573 2.5
    endloop
  endfacet
  facet normal 0.531561 0.84702 -0
    outer loop
      vertex 24.1741 14.2691 2.5
      vertex 24.14 14.2905 3.2
      vertex 24.1741 14.2691 3.2
    endloop
  endfacet
  facet normal 0.531561 0.84702 0
    outer loop
      vertex 24.14 14.2905 3.2
      vertex 24.1741 14.2691 2.5
      vertex 24.14 14.2905 2.5
    endloop
  endfacet
  facet normal 0.531289 0.847191 -0
    outer loop
      vertex 24.078 14.3295 2.5
      vertex 24.0603 14.3406 3.2
      vertex 24.078 14.3295 3.2
    endloop
  endfacet
  facet normal 0.531289 0.847191 0
    outer loop
      vertex 24.0603 14.3406 3.2
      vertex 24.078 14.3295 2.5
      vertex 24.0603 14.3406 2.5
    endloop
  endfacet
  facet normal 0.329455 0.944171 -0
    outer loop
      vertex 23.957 14.3767 2.5
      vertex 23.9335 14.3849 3.2
      vertex 23.957 14.3767 3.2
    endloop
  endfacet
  facet normal 0.329455 0.944171 0
    outer loop
      vertex 23.9335 14.3849 3.2
      vertex 23.957 14.3767 2.5
      vertex 23.9335 14.3849 2.5
    endloop
  endfacet
  facet normal 0.328312 0.944569 -0
    outer loop
      vertex 24.0603 14.3406 2.5
      vertex 24.0252 14.3528 3.2
      vertex 24.0603 14.3406 3.2
    endloop
  endfacet
  facet normal 0.328312 0.944569 0
    outer loop
      vertex 24.0252 14.3528 3.2
      vertex 24.0603 14.3406 2.5
      vertex 24.0252 14.3528 2.5
    endloop
  endfacet
  facet normal 0.11423 0.993454 -0
    outer loop
      vertex 23.8287 14.3967 2.5
      vertex 23.8 14.4 3.2
      vertex 23.8287 14.3967 3.2
    endloop
  endfacet
  facet normal 0.11423 0.993454 0
    outer loop
      vertex 23.8 14.4 3.2
      vertex 23.8287 14.3967 2.5
      vertex 23.8 14.4 2.5
    endloop
  endfacet
  facet normal 0.113043 0.99359 -0
    outer loop
      vertex 23.9335 14.3849 2.5
      vertex 23.9001 14.3887 3.2
      vertex 23.9335 14.3849 3.2
    endloop
  endfacet
  facet normal 0.113043 0.99359 0
    outer loop
      vertex 23.9001 14.3887 3.2
      vertex 23.9335 14.3849 2.5
      vertex 23.9001 14.3887 2.5
    endloop
  endfacet
  facet normal 0 1 -0
    outer loop
      vertex 23.8 14.4 2.5
      vertex -23.8 14.4 3.2
      vertex 23.8 14.4 3.2
    endloop
  endfacet
  facet normal 0 1 0
    outer loop
      vertex -23.8 14.4 3.2
      vertex 23.8 14.4 2.5
      vertex -23.8 14.4 2.5
    endloop
  endfacet
  facet normal -0.112392 0.993664 0
    outer loop
      vertex -23.8 14.4 2.5
      vertex -23.9335 14.3849 3.2
      vertex -23.8 14.4 3.2
    endloop
  endfacet
  facet normal -0.112392 0.993664 0
    outer loop
      vertex -23.9335 14.3849 3.2
      vertex -23.8 14.4 2.5
      vertex -23.9335 14.3849 2.5
    endloop
  endfacet
  facet normal -0.32982 0.944044 0
    outer loop
      vertex -23.9335 14.3849 2.5
      vertex -24.0603 14.3406 3.2
      vertex -23.9335 14.3849 3.2
    endloop
  endfacet
  facet normal -0.32982 0.944044 0
    outer loop
      vertex -24.0603 14.3406 3.2
      vertex -23.9335 14.3849 2.5
      vertex -24.0603 14.3406 2.5
    endloop
  endfacet
  facet normal -0.532004 0.846742 0
    outer loop
      vertex -24.0603 14.3406 2.5
      vertex -24.1741 14.2691 3.2
      vertex -24.0603 14.3406 3.2
    endloop
  endfacet
  facet normal -0.532004 0.846742 0
    outer loop
      vertex -24.1741 14.2691 3.2
      vertex -24.0603 14.3406 2.5
      vertex -24.1741 14.2691 2.5
    endloop
  endfacet
  facet normal -0.707107 0.707107 0
    outer loop
      vertex -24.2691 14.1741 2.5
      vertex -24.1741 14.2691 3.2
      vertex -24.1741 14.2691 2.5
    endloop
  endfacet
  facet normal -0.707107 0.707107 0
    outer loop
      vertex -24.1741 14.2691 3.2
      vertex -24.2691 14.1741 2.5
      vertex -24.2691 14.1741 3.2
    endloop
  endfacet
  facet normal -0.846742 0.532004 0
    outer loop
      vertex -24.3406 14.0603 2.5
      vertex -24.2691 14.1741 3.2
      vertex -24.2691 14.1741 2.5
    endloop
  endfacet
  facet normal -0.846742 0.532004 0
    outer loop
      vertex -24.2691 14.1741 3.2
      vertex -24.3406 14.0603 2.5
      vertex -24.3406 14.0603 3.2
    endloop
  endfacet
  facet normal -0.944044 0.32982 0
    outer loop
      vertex -24.3849 13.9335 2.5
      vertex -24.3406 14.0603 3.2
      vertex -24.3406 14.0603 2.5
    endloop
  endfacet
  facet normal -0.944044 0.32982 0
    outer loop
      vertex -24.3406 14.0603 3.2
      vertex -24.3849 13.9335 2.5
      vertex -24.3849 13.9335 3.2
    endloop
  endfacet
  facet normal -0.993664 0.112392 0
    outer loop
      vertex -24.4 13.8 2.5
      vertex -24.3849 13.9335 3.2
      vertex -24.3849 13.9335 2.5
    endloop
  endfacet
  facet normal -0.993664 0.112392 0
    outer loop
      vertex -24.3849 13.9335 3.2
      vertex -24.4 13.8 2.5
      vertex -24.4 13.8 3.2
    endloop
  endfacet
  facet normal -1 0 0
    outer loop
      vertex -24.4 -13.8 2.5
      vertex -24.4 13.8 3.2
      vertex -24.4 13.8 2.5
    endloop
  endfacet
  facet normal -1 -0 0
    outer loop
      vertex -24.4 13.8 3.2
      vertex -24.4 -13.8 2.5
      vertex -24.4 -13.8 3.2
    endloop
  endfacet
  facet normal -0.980581 -0.196116 0
    outer loop
      vertex -24.3999 -13.8005 2.5
      vertex -24.4 -13.8 3.2
      vertex -24.4 -13.8 2.5
    endloop
  endfacet
  facet normal -0.980581 -0.196116 0
    outer loop
      vertex -24.4 -13.8 3.2
      vertex -24.3999 -13.8005 2.5
      vertex -24.3999 -13.8005 3.2
    endloop
  endfacet
  facet normal -0.990992 -0.133918 0
    outer loop
      vertex -24.3849 -13.9335 2.5
      vertex -24.3854 -13.9298 3.2
      vertex -24.3854 -13.9298 2.5
    endloop
  endfacet
  facet normal -0.990992 -0.133918 0
    outer loop
      vertex -24.3854 -13.9298 3.2
      vertex -24.3849 -13.9335 2.5
      vertex -24.3849 -13.9335 3.2
    endloop
  endfacet
  facet normal -0.944278 -0.329148 0
    outer loop
      vertex -24.3727 -13.9685 2.5
      vertex -24.3849 -13.9335 3.2
      vertex -24.3849 -13.9335 2.5
    endloop
  endfacet
  facet normal -0.944278 -0.329148 0
    outer loop
      vertex -24.3849 -13.9335 3.2
      vertex -24.3727 -13.9685 2.5
      vertex -24.3727 -13.9685 3.2
    endloop
  endfacet
  facet normal -0.946164 -0.323688 0
    outer loop
      vertex -24.3406 -14.0603 2.5
      vertex -24.3432 -14.0527 3.2
      vertex -24.3432 -14.0527 2.5
    endloop
  endfacet
  facet normal -0.946164 -0.323688 0
    outer loop
      vertex -24.3432 -14.0527 3.2
      vertex -24.3406 -14.0603 2.5
      vertex -24.3406 -14.0603 3.2
    endloop
  endfacet
  facet normal -0.846427 -0.532505 0
    outer loop
      vertex -24.3177 -14.0967 2.5
      vertex -24.3406 -14.0603 3.2
      vertex -24.3406 -14.0603 2.5
    endloop
  endfacet
  facet normal -0.846427 -0.532505 0
    outer loop
      vertex -24.3406 -14.0603 3.2
      vertex -24.3177 -14.0967 2.5
      vertex -24.3177 -14.0967 3.2
    endloop
  endfacet
  facet normal -0.846637 -0.532172 0
    outer loop
      vertex -24.2691 -14.1741 2.5
      vertex -24.2757 -14.1636 3.2
      vertex -24.2757 -14.1636 2.5
    endloop
  endfacet
  facet normal -0.846637 -0.532172 0
    outer loop
      vertex -24.2757 -14.1636 3.2
      vertex -24.2691 -14.1741 2.5
      vertex -24.2691 -14.1741 3.2
    endloop
  endfacet
  facet normal -0.705929 -0.708282 0
    outer loop
      vertex -24.2691 -14.1741 2.5
      vertex -24.239 -14.2041 3.2
      vertex -24.2691 -14.1741 3.2
    endloop
  endfacet
  facet normal -0.705929 -0.708282 -0
    outer loop
      vertex -24.239 -14.2041 3.2
      vertex -24.2691 -14.1741 2.5
      vertex -24.239 -14.2041 2.5
    endloop
  endfacet
  facet normal -0.710109 -0.704091 0
    outer loop
      vertex -24.1741 -14.2691 2.5
      vertex -24.1858 -14.2573 3.2
      vertex -24.1858 -14.2573 2.5
    endloop
  endfacet
  facet normal -0.710109 -0.704091 0
    outer loop
      vertex -24.1858 -14.2573 3.2
      vertex -24.1741 -14.2691 2.5
      vertex -24.1741 -14.2691 3.2
    endloop
  endfacet
  facet normal -0.531561 -0.84702 0
    outer loop
      vertex -24.1741 -14.2691 2.5
      vertex -24.14 -14.2905 3.2
      vertex -24.1741 -14.2691 3.2
    endloop
  endfacet
  facet normal -0.531561 -0.84702 -0
    outer loop
      vertex -24.14 -14.2905 3.2
      vertex -24.1741 -14.2691 2.5
      vertex -24.14 -14.2905 2.5
    endloop
  endfacet
  facet normal -0.531289 -0.847191 0
    outer loop
      vertex -24.078 -14.3295 2.5
      vertex -24.0603 -14.3406 3.2
      vertex -24.078 -14.3295 3.2
    endloop
  endfacet
  facet normal -0.531289 -0.847191 -0
    outer loop
      vertex -24.0603 -14.3406 3.2
      vertex -24.078 -14.3295 2.5
      vertex -24.0603 -14.3406 2.5
    endloop
  endfacet
  facet normal -0.329455 -0.944171 0
    outer loop
      vertex -23.957 -14.3767 2.5
      vertex -23.9335 -14.3849 3.2
      vertex -23.957 -14.3767 3.2
    endloop
  endfacet
  facet normal -0.329455 -0.944171 -0
    outer loop
      vertex -23.9335 -14.3849 3.2
      vertex -23.957 -14.3767 2.5
      vertex -23.9335 -14.3849 2.5
    endloop
  endfacet
  facet normal -0.328312 -0.944569 0
    outer loop
      vertex -24.0603 -14.3406 2.5
      vertex -24.0252 -14.3528 3.2
      vertex -24.0603 -14.3406 3.2
    endloop
  endfacet
  facet normal -0.328312 -0.944569 -0
    outer loop
      vertex -24.0252 -14.3528 3.2
      vertex -24.0603 -14.3406 2.5
      vertex -24.0252 -14.3528 2.5
    endloop
  endfacet
  facet normal -0.11423 -0.993454 0
    outer loop
      vertex -23.8287 -14.3967 2.5
      vertex -23.8 -14.4 3.2
      vertex -23.8287 -14.3967 3.2
    endloop
  endfacet
  facet normal -0.11423 -0.993454 -0
    outer loop
      vertex -23.8 -14.4 3.2
      vertex -23.8287 -14.3967 2.5
      vertex -23.8 -14.4 2.5
    endloop
  endfacet
  facet normal -0.113043 -0.99359 0
    outer loop
      vertex -23.9335 -14.3849 2.5
      vertex -23.9001 -14.3887 3.2
      vertex -23.9335 -14.3849 3.2
    endloop
  endfacet
  facet normal -0.113043 -0.99359 -0
    outer loop
      vertex -23.9001 -14.3887 3.2
      vertex -23.9335 -14.3849 2.5
      vertex -23.9001 -14.3887 2.5
    endloop
  endfacet
  facet normal 0 -1 0
    outer loop
      vertex -23.8 -14.4 2.5
      vertex 23.8 -14.4 3.2
      vertex -23.8 -14.4 3.2
    endloop
  endfacet
  facet normal 0 -1 -0
    outer loop
      vertex 23.8 -14.4 3.2
      vertex -23.8 -14.4 2.5
      vertex 23.8 -14.4 2.5
    endloop
  endfacet
  facet normal 0.112392 -0.993664 0
    outer loop
      vertex 23.8 -14.4 2.5
      vertex 23.9335 -14.3849 3.2
      vertex 23.8 -14.4 3.2
    endloop
  endfacet
  facet normal 0.112392 -0.993664 0
    outer loop
      vertex 23.9335 -14.3849 3.2
      vertex 23.8 -14.4 2.5
      vertex 23.9335 -14.3849 2.5
    endloop
  endfacet
  facet normal 1 -0 0
    outer loop
      vertex -23.2 -12.7585 3.2
      vertex -23.2 13.2 2.5
      vertex -23.2 13.2 3.2
    endloop
  endfacet
  facet normal 1 0 0
    outer loop
      vertex -23.2 13.2 2.5
      vertex -23.2 -12.7585 3.2
      vertex -23.2 -12.7585 2.5
    endloop
  endfacet
  facet normal 0 -1 0
    outer loop
      vertex -23.2 13.2 2.5
      vertex 21.5691 13.2 3.2
      vertex -23.2 13.2 3.2
    endloop
  endfacet
  facet normal 0 -1 -0
    outer loop
      vertex 21.5691 13.2 3.2
      vertex -23.2 13.2 2.5
      vertex 21.5691 13.2 2.5
    endloop
  endfacet
  facet normal -1 0 0
    outer loop
      vertex 23.2 -13.2 2.5
      vertex 23.2 12.7585 3.2
      vertex 23.2 12.7585 2.5
    endloop
  endfacet
  facet normal -1 -0 0
    outer loop
      vertex 23.2 12.7585 3.2
      vertex 23.2 -13.2 2.5
      vertex 23.2 -13.2 3.2
    endloop
  endfacet
  facet normal 0 1 -0
    outer loop
      vertex 23.2 -13.2 2.5
      vertex -21.5691 -13.2 3.2
      vertex 23.2 -13.2 3.2
    endloop
  endfacet
  facet normal 0 1 0
    outer loop
      vertex -21.5691 -13.2 3.2
      vertex 23.2 -13.2 2.5
      vertex -21.5691 -13.2 2.5
    endloop
  endfacet
  facet normal 0.741991 0.67041 0
    outer loop
      vertex 24.239 14.2041 3.2
      vertex 24.2006 14.2466 2.5
      vertex 24.2006 14.2466 3.2
    endloop
  endfacet
  facet normal 0.741991 0.67041 0
    outer loop
      vertex 24.2006 14.2466 2.5
      vertex 24.239 14.2041 3.2
      vertex 24.239 14.2041 2.5
    endloop
  endfacet
  facet normal 0.746593 0.665281 0
    outer loop
      vertex 24.2847 14.1535 3.2
      vertex 24.2757 14.1636 2.5
      vertex 24.2757 14.1636 3.2
    endloop
  endfacet
  facet normal 0.746593 0.665281 0
    outer loop
      vertex 24.2757 14.1636 2.5
      vertex 24.2847 14.1535 3.2
      vertex 24.2847 14.1535 2.5
    endloop
  endfacet
  facet normal -0.501609 0.865095 0
    outer loop
      vertex 21.5691 13.2 2.5
      vertex -23.2 -12.7585 3.2
      vertex 21.5691 13.2 3.2
    endloop
  endfacet
  facet normal -0.501609 0.865095 0
    outer loop
      vertex -23.2 -12.7585 3.2
      vertex 21.5691 13.2 2.5
      vertex -23.2 -12.7585 2.5
    endloop
  endfacet
  facet normal -0.741991 -0.67041 0
    outer loop
      vertex -24.2006 -14.2466 2.5
      vertex -24.239 -14.2041 3.2
      vertex -24.239 -14.2041 2.5
    endloop
  endfacet
  facet normal -0.741991 -0.67041 0
    outer loop
      vertex -24.239 -14.2041 3.2
      vertex -24.2006 -14.2466 2.5
      vertex -24.2006 -14.2466 3.2
    endloop
  endfacet
  facet normal -0.746593 -0.665281 0
    outer loop
      vertex -24.2757 -14.1636 2.5
      vertex -24.2847 -14.1535 3.2
      vertex -24.2847 -14.1535 2.5
    endloop
  endfacet
  facet normal -0.746593 -0.665281 0
    outer loop
      vertex -24.2847 -14.1535 3.2
      vertex -24.2757 -14.1636 2.5
      vertex -24.2757 -14.1636 3.2
    endloop
  endfacet
  facet normal -0.205882 -0.978577 0
    outer loop
      vertex -23.9001 -14.3887 2.5
      vertex -23.8616 -14.3968 3.2
      vertex -23.9001 -14.3887 3.2
    endloop
  endfacet
  facet normal -0.205882 -0.978577 -0
    outer loop
      vertex -23.8616 -14.3968 3.2
      vertex -23.9001 -14.3887 2.5
      vertex -23.8616 -14.3968 2.5
    endloop
  endfacet
  facet normal -0.204384 -0.978891 0
    outer loop
      vertex -23.9843 -14.371 2.5
      vertex -23.957 -14.3767 3.2
      vertex -23.9843 -14.371 3.2
    endloop
  endfacet
  facet normal -0.204384 -0.978891 -0
    outer loop
      vertex -23.957 -14.3767 3.2
      vertex -23.9843 -14.371 2.5
      vertex -23.957 -14.3767 2.5
    endloop
  endfacet
  facet normal 0.994276 0.106843 0
    outer loop
      vertex 24.4 13.8011 3.2
      vertex 24.3866 13.9258 2.5
      vertex 24.3866 13.9258 3.2
    endloop
  endfacet
  facet normal 0.994276 0.106843 0
    outer loop
      vertex 24.3866 13.9258 2.5
      vertex 24.4 13.8011 3.2
      vertex 24.4 13.8011 2.5
    endloop
  endfacet
  facet normal 0.501609 -0.865095 0
    outer loop
      vertex -21.5691 -13.2 2.5
      vertex 23.2 12.7585 3.2
      vertex -21.5691 -13.2 3.2
    endloop
  endfacet
  facet normal 0.501609 -0.865095 0
    outer loop
      vertex 23.2 12.7585 3.2
      vertex -21.5691 -13.2 2.5
      vertex 23.2 12.7585 2.5
    endloop
  endfacet
  facet normal 0.408557 0.912733 -0
    outer loop
      vertex 24.099 14.3201 2.5
      vertex 24.078 14.3295 3.2
      vertex 24.099 14.3201 3.2
    endloop
  endfacet
  facet normal 0.408557 0.912733 0
    outer loop
      vertex 24.078 14.3295 3.2
      vertex 24.099 14.3201 2.5
      vertex 24.078 14.3295 2.5
    endloop
  endfacet
  facet normal 0.406553 0.913627 -0
    outer loop
      vertex 24.0252 14.3528 2.5
      vertex 23.9843 14.371 3.2
      vertex 24.0252 14.3528 3.2
    endloop
  endfacet
  facet normal 0.406553 0.913627 0
    outer loop
      vertex 23.9843 14.371 3.2
      vertex 24.0252 14.3528 2.5
      vertex 23.9843 14.371 2.5
    endloop
  endfacet
  facet normal -0.950531 -0.310631 0
    outer loop
      vertex -24.3477 -14.045 2.5
      vertex -24.3727 -13.9685 3.2
      vertex -24.3727 -13.9685 2.5
    endloop
  endfacet
  facet normal -0.950531 -0.310631 0
    outer loop
      vertex -24.3727 -13.9685 3.2
      vertex -24.3477 -14.045 2.5
      vertex -24.3477 -14.045 3.2
    endloop
  endfacet
  facet normal -0.957826 -0.287348 0
    outer loop
      vertex -24.3854 -13.9298 2.5
      vertex -24.3866 -13.9258 3.2
      vertex -24.3866 -13.9258 2.5
    endloop
  endfacet
  facet normal -0.957826 -0.287348 0
    outer loop
      vertex -24.3866 -13.9258 3.2
      vertex -24.3854 -13.9298 2.5
      vertex -24.3854 -13.9298 3.2
    endloop
  endfacet
  facet normal -0.863372 -0.504568 0
    outer loop
      vertex -24.3432 -14.0527 2.5
      vertex -24.3477 -14.045 3.2
      vertex -24.3477 -14.045 2.5
    endloop
  endfacet
  facet normal -0.863372 -0.504568 0
    outer loop
      vertex -24.3477 -14.045 3.2
      vertex -24.3432 -14.0527 2.5
      vertex -24.3432 -14.0527 3.2
    endloop
  endfacet
  facet normal -0.864661 -0.502356 0
    outer loop
      vertex -24.2847 -14.1535 2.5
      vertex -24.3177 -14.0967 3.2
      vertex -24.3177 -14.0967 2.5
    endloop
  endfacet
  facet normal -0.864661 -0.502356 0
    outer loop
      vertex -24.3177 -14.0967 3.2
      vertex -24.2847 -14.1535 2.5
      vertex -24.2847 -14.1535 3.2
    endloop
  endfacet
  facet normal -0.58589 -0.81039 0
    outer loop
      vertex -24.2006 -14.2466 2.5
      vertex -24.1858 -14.2573 3.2
      vertex -24.2006 -14.2466 3.2
    endloop
  endfacet
  facet normal -0.58589 -0.81039 -0
    outer loop
      vertex -24.1858 -14.2573 3.2
      vertex -24.2006 -14.2466 2.5
      vertex -24.1858 -14.2573 2.5
    endloop
  endfacet
  facet normal -0.585346 -0.810784 0
    outer loop
      vertex -24.14 -14.2905 2.5
      vertex -24.099 -14.3201 3.2
      vertex -24.14 -14.2905 3.2
    endloop
  endfacet
  facet normal -0.585346 -0.810784 -0
    outer loop
      vertex -24.099 -14.3201 3.2
      vertex -24.14 -14.2905 2.5
      vertex -24.099 -14.3201 2.5
    endloop
  endfacet
  facet normal 0.986394 -0.164399 0
    outer loop
      vertex 24.3999 13.8005 3.2
      vertex 24.4 13.8011 2.5
      vertex 24.4 13.8011 3.2
    endloop
  endfacet
  facet normal 0.986394 -0.164399 0
    outer loop
      vertex 24.4 13.8011 2.5
      vertex 24.3999 13.8005 3.2
      vertex 24.3999 13.8005 2.5
    endloop
  endfacet
  facet normal 0.863372 0.504568 0
    outer loop
      vertex 24.3477 14.045 3.2
      vertex 24.3432 14.0527 2.5
      vertex 24.3432 14.0527 3.2
    endloop
  endfacet
  facet normal 0.863372 0.504568 0
    outer loop
      vertex 24.3432 14.0527 2.5
      vertex 24.3477 14.045 3.2
      vertex 24.3477 14.045 2.5
    endloop
  endfacet
  facet normal 0.864661 0.502356 0
    outer loop
      vertex 24.3177 14.0967 3.2
      vertex 24.2847 14.1535 2.5
      vertex 24.2847 14.1535 3.2
    endloop
  endfacet
  facet normal 0.864661 0.502356 0
    outer loop
      vertex 24.2847 14.1535 2.5
      vertex 24.3177 14.0967 3.2
      vertex 24.3177 14.0967 2.5
    endloop
  endfacet
  facet normal 0.0030395 -0.999995 0
    outer loop
      vertex -23.8616 -14.3968 2.5
      vertex -23.8287 -14.3967 3.2
      vertex -23.8616 -14.3968 3.2
    endloop
  endfacet
  facet normal 0.0030395 -0.999995 0
    outer loop
      vertex -23.8287 -14.3967 3.2
      vertex -23.8616 -14.3968 2.5
      vertex -23.8287 -14.3967 2.5
    endloop
  endfacet
  facet normal 0.957826 0.287348 0
    outer loop
      vertex 24.3866 13.9258 3.2
      vertex 24.3854 13.9298 2.5
      vertex 24.3854 13.9298 3.2
    endloop
  endfacet
  facet normal 0.957826 0.287348 0
    outer loop
      vertex 24.3854 13.9298 2.5
      vertex 24.3866 13.9258 3.2
      vertex 24.3866 13.9258 2.5
    endloop
  endfacet
  facet normal 0.950531 0.310631 0
    outer loop
      vertex 24.3727 13.9685 3.2
      vertex 24.3477 14.045 2.5
      vertex 24.3477 14.045 3.2
    endloop
  endfacet
  facet normal 0.950531 0.310631 0
    outer loop
      vertex 24.3477 14.045 2.5
      vertex 24.3727 13.9685 3.2
      vertex 24.3727 13.9685 2.5
    endloop
  endfacet
  facet normal -0.406553 -0.913627 0
    outer loop
      vertex -24.0252 -14.3528 2.5
      vertex -23.9843 -14.371 3.2
      vertex -24.0252 -14.3528 3.2
    endloop
  endfacet
  facet normal -0.406553 -0.913627 -0
    outer loop
      vertex -23.9843 -14.371 3.2
      vertex -24.0252 -14.3528 2.5
      vertex -23.9843 -14.371 2.5
    endloop
  endfacet
  facet normal -0.408557 -0.912733 0
    outer loop
      vertex -24.099 -14.3201 2.5
      vertex -24.078 -14.3295 3.2
      vertex -24.099 -14.3201 3.2
    endloop
  endfacet
  facet normal -0.408557 -0.912733 -0
    outer loop
      vertex -24.078 -14.3295 3.2
      vertex -24.099 -14.3201 2.5
      vertex -24.078 -14.3295 2.5
    endloop
  endfacet
  facet normal -0.986394 0.164399 0
    outer loop
      vertex -24.4 -13.8011 2.5
      vertex -24.3999 -13.8005 3.2
      vertex -24.3999 -13.8005 2.5
    endloop
  endfacet
  facet normal -0.986394 0.164399 0
    outer loop
      vertex -24.3999 -13.8005 3.2
      vertex -24.4 -13.8011 2.5
      vertex -24.4 -13.8011 3.2
    endloop
  endfacet
  facet normal -0.994276 -0.106843 0
    outer loop
      vertex -24.3866 -13.9258 2.5
      vertex -24.4 -13.8011 3.2
      vertex -24.4 -13.8011 2.5
    endloop
  endfacet
  facet normal -0.994276 -0.106843 0
    outer loop
      vertex -24.4 -13.8011 3.2
      vertex -24.3866 -13.9258 2.5
      vertex -24.3866 -13.9258 3.2
    endloop
  endfacet
  facet normal 0.585346 0.810784 -0
    outer loop
      vertex 24.14 14.2905 2.5
      vertex 24.099 14.3201 3.2
      vertex 24.14 14.2905 3.2
    endloop
  endfacet
  facet normal 0.585346 0.810784 0
    outer loop
      vertex 24.099 14.3201 3.2
      vertex 24.14 14.2905 2.5
      vertex 24.099 14.3201 2.5
    endloop
  endfacet
  facet normal 0.58589 0.81039 -0
    outer loop
      vertex 24.2006 14.2466 2.5
      vertex 24.1858 14.2573 3.2
      vertex 24.2006 14.2466 3.2
    endloop
  endfacet
  facet normal 0.58589 0.81039 0
    outer loop
      vertex 24.1858 14.2573 3.2
      vertex 24.2006 14.2466 2.5
      vertex 24.1858 14.2573 2.5
    endloop
  endfacet
  facet normal 0.204384 0.978891 -0
    outer loop
      vertex 23.9843 14.371 2.5
      vertex 23.957 14.3767 3.2
      vertex 23.9843 14.371 3.2
    endloop
  endfacet
  facet normal 0.204384 0.978891 0
    outer loop
      vertex 23.957 14.3767 3.2
      vertex 23.9843 14.371 2.5
      vertex 23.957 14.3767 2.5
    endloop
  endfacet
  facet normal 0.205882 0.978577 -0
    outer loop
      vertex 23.9001 14.3887 2.5
      vertex 23.8616 14.3968 3.2
      vertex 23.9001 14.3887 3.2
    endloop
  endfacet
  facet normal 0.205882 0.978577 0
    outer loop
      vertex 23.8616 14.3968 3.2
      vertex 23.9001 14.3887 2.5
      vertex 23.8616 14.3968 2.5
    endloop
  endfacet
  facet normal -0.0030395 0.999995 0
    outer loop
      vertex 23.8616 14.3968 2.5
      vertex 23.8287 14.3967 3.2
      vertex 23.8616 14.3968 3.2
    endloop
  endfacet
  facet normal -0.0030395 0.999995 0
    outer loop
      vertex 23.8287 14.3967 3.2
      vertex 23.8616 14.3968 2.5
      vertex 23.8287 14.3967 2.5
    endloop
  endfacet
  facet normal 0.956951 0.290248 0
    outer loop
      vertex 24.9808 14.1951 2.5
      vertex 24.9239 14.3827 -2.5
      vertex 24.9239 14.3827 2.5
    endloop
  endfacet
  facet normal 0.956951 0.290248 0
    outer loop
      vertex 24.9239 14.3827 -2.5
      vertex 24.9808 14.1951 2.5
      vertex 24.9808 14.1951 -2.5
    endloop
  endfacet
  facet normal 1 -0 0
    outer loop
      vertex 25 -14 2.5
      vertex 25 14 -2.5
      vertex 25 14 2.5
    endloop
  endfacet
  facet normal 1 0 0
    outer loop
      vertex 25 14 -2.5
      vertex 25 -14 2.5
      vertex 25 -14 -2.5
    endloop
  endfacet
  facet normal 0.634598 0.772842 -0
    outer loop
      vertex 24.7071 14.7071 -2.5
      vertex 24.5556 14.8315 2.5
      vertex 24.7071 14.7071 2.5
    endloop
  endfacet
  facet normal 0.634598 0.772842 0
    outer loop
      vertex 24.5556 14.8315 2.5
      vertex 24.7071 14.7071 -2.5
      vertex 24.5556 14.8315 -2.5
    endloop
  endfacet
  facet normal 0.772842 0.634598 0
    outer loop
      vertex 24.8315 14.5556 2.5
      vertex 24.7071 14.7071 -2.5
      vertex 24.7071 14.7071 2.5
    endloop
  endfacet
  facet normal 0.772842 0.634598 0
    outer loop
      vertex 24.7071 14.7071 -2.5
      vertex 24.8315 14.5556 2.5
      vertex 24.8315 14.5556 -2.5
    endloop
  endfacet
  facet normal -0.097938 0.995193 0
    outer loop
      vertex -24 15 -2.5
      vertex -24.1951 14.9808 2.5
      vertex -24 15 2.5
    endloop
  endfacet
  facet normal -0.097938 0.995193 0
    outer loop
      vertex -24.1951 14.9808 2.5
      vertex -24 15 -2.5
      vertex -24.1951 14.9808 -2.5
    endloop
  endfacet
  facet normal 0.956951 -0.290248 0
    outer loop
      vertex 24.9239 -14.3827 2.5
      vertex 24.9808 -14.1951 -2.5
      vertex 24.9808 -14.1951 2.5
    endloop
  endfacet
  facet normal 0.956951 -0.290248 0
    outer loop
      vertex 24.9808 -14.1951 -2.5
      vertex 24.9239 -14.3827 2.5
      vertex 24.9239 -14.3827 -2.5
    endloop
  endfacet
  facet normal 0.881957 -0.471329 0
    outer loop
      vertex 24.8315 -14.5556 2.5
      vertex 24.9239 -14.3827 -2.5
      vertex 24.9239 -14.3827 2.5
    endloop
  endfacet
  facet normal 0.881957 -0.471329 0
    outer loop
      vertex 24.9239 -14.3827 -2.5
      vertex 24.8315 -14.5556 2.5
      vertex 24.8315 -14.5556 -2.5
    endloop
  endfacet
  facet normal 0.471329 -0.881957 0
    outer loop
      vertex 24.3827 -14.9239 -2.5
      vertex 24.5556 -14.8315 2.5
      vertex 24.3827 -14.9239 2.5
    endloop
  endfacet
  facet normal 0.471329 -0.881957 0
    outer loop
      vertex 24.5556 -14.8315 2.5
      vertex 24.3827 -14.9239 -2.5
      vertex 24.5556 -14.8315 -2.5
    endloop
  endfacet
  facet normal 0 0 -1
    outer loop
      vertex -4.5 14.99 -2.5
      vertex -3.38012 9.50492 -2.5
      vertex -3.61915 8.76927 -2.5
    endloop
  endfacet
  facet normal 0 0 -1
    outer loop
      vertex -8.06098 4.17699 -2.5
      vertex -3.61915 8.76927 -2.5
      vertex -3.7 8 -2.5
    endloop
  endfacet
  facet normal 0 0 -1
    outer loop
      vertex -4.66311 1.70829 -2.5
      vertex -3.61915 7.23073 -2.5
      vertex -4.39178 0.873229 -2.5
    endloop
  endfacet
  facet normal 0 0 -1
    outer loop
      vertex -5.10213 2.4687 -2.5
      vertex -3.61915 7.23073 -2.5
      vertex -4.66311 1.70829 -2.5
    endloop
  endfacet
  facet normal 0 0 -1
    outer loop
      vertex -5.68965 3.12121 -2.5
      vertex -3.61915 7.23073 -2.5
      vertex -5.10213 2.4687 -2.5
    endloop
  endfacet
  facet normal 0 0 -1
    outer loop
      vertex -6.4 3.63731 -2.5
      vertex -3.61915 7.23073 -2.5
      vertex -5.68965 3.12121 -2.5
    endloop
  endfacet
  facet normal 0 0 -1
    outer loop
      vertex -7.20213 3.99444 -2.5
      vertex -3.61915 7.23073 -2.5
      vertex -6.4 3.63731 -2.5
    endloop
  endfacet
  facet normal -0 0 -1
    outer loop
      vertex -3.61915 7.23073 -2.5
      vertex -7.20213 3.99444 -2.5
      vertex -3.7 8 -2.5
    endloop
  endfacet
  facet normal 0 0 -1
    outer loop
      vertex -3.38012 9.50492 -2.5
      vertex -4.5 14.99 -2.5
      vertex -3.49 14.99 -2.5
    endloop
  endfacet
  facet normal 0 0 -1
    outer loop
      vertex -8.06098 4.17699 -2.5
      vertex -3.7 8 -2.5
      vertex -7.20213 3.99444 -2.5
    endloop
  endfacet
  facet normal 0 0 -1
    outer loop
      vertex -3.61915 8.76927 -2.5
      vertex -8.06098 4.17699 -2.5
      vertex -8.93902 4.17699 -2.5
    endloop
  endfacet
  facet normal -0 0 -1
    outer loop
      vertex -3.61915 8.76927 -2.5
      vertex -8.93902 4.17699 -2.5
      vertex -4.5 14.99 -2.5
    endloop
  endfacet
  facet normal 0 0 -1
    outer loop
      vertex -9.79787 3.99444 -2.5
      vertex -4.5 14.99 -2.5
      vertex -8.93902 4.17699 -2.5
    endloop
  endfacet
  facet normal 0 0 -1
    outer loop
      vertex -10.6 3.63731 -2.5
      vertex -4.5 14.99 -2.5
      vertex -9.79787 3.99444 -2.5
    endloop
  endfacet
  facet normal 0 0 -1
    outer loop
      vertex -24 15 -2.5
      vertex -4.5 14.99 -2.5
      vertex -10.6 3.63731 -2.5
    endloop
  endfacet
  facet normal 0 0 -1
    outer loop
      vertex -24 15 -2.5
      vertex -10.6 3.63731 -2.5
      vertex -11.3103 3.12121 -2.5
    endloop
  endfacet
  facet normal 0 0 -1
    outer loop
      vertex -24 15 -2.5
      vertex -11.3103 3.12121 -2.5
      vertex -11.8979 2.4687 -2.5
    endloop
  endfacet
  facet normal -0 0 -1
    outer loop
      vertex -12.6082 -0.873229 -2.5
      vertex -25 -14 -2.5
      vertex -12.7 0 -2.5
    endloop
  endfacet
  facet normal 0 0 -1
    outer loop
      vertex -25 14 -2.5
      vertex -12.7 0 -2.5
      vertex -25 -14 -2.5
    endloop
  endfacet
  facet normal 0 0 -1
    outer loop
      vertex -12.7 0 -2.5
      vertex -25 14 -2.5
      vertex -12.6082 0.873229 -2.5
    endloop
  endfacet
  facet normal 0 0 -1
    outer loop
      vertex -12.6082 0.873229 -2.5
      vertex -25 14 -2.5
      vertex -12.3369 1.70829 -2.5
    endloop
  endfacet
  facet normal 0 0 -1
    outer loop
      vertex -12.3369 1.70829 -2.5
      vertex -25 14 -2.5
      vertex -11.8979 2.4687 -2.5
    endloop
  endfacet
  facet normal 0 0 -1
    outer loop
      vertex -25 -14 -2.5
      vertex -24 -15 -2.5
      vertex -24.1951 -14.9808 -2.5
    endloop
  endfacet
  facet normal 0 -0 -1
    outer loop
      vertex -24 15 -2.5
      vertex -11.8979 2.4687 -2.5
      vertex -25 14 -2.5
    endloop
  endfacet
  facet normal 0 0 -1
    outer loop
      vertex -25 -14 -2.5
      vertex -24.1951 -14.9808 -2.5
      vertex -24.3827 -14.9239 -2.5
    endloop
  endfacet
  facet normal 0 0 -1
    outer loop
      vertex -4.5 14.99 -2.5
      vertex -24 15 -2.5
      vertex -4.5 15 -2.5
    endloop
  endfacet
  facet normal 0 0 -1
    outer loop
      vertex -25 -14 -2.5
      vertex -24.3827 -14.9239 -2.5
      vertex -24.5556 -14.8315 -2.5
    endloop
  endfacet
  facet normal 0 0 -1
    outer loop
      vertex -24 15 -2.5
      vertex -25 14 -2.5
      vertex -24.1951 14.9808 -2.5
    endloop
  endfacet
  facet normal 0 0 -1
    outer loop
      vertex -25 -14 -2.5
      vertex -24.5556 -14.8315 -2.5
      vertex -24.7071 -14.7071 -2.5
    endloop
  endfacet
  facet normal 0 0 -1
    outer loop
      vertex -24.1951 14.9808 -2.5
      vertex -25 14 -2.5
      vertex -24.3827 14.9239 -2.5
    endloop
  endfacet
  facet normal 0 0 -1
    outer loop
      vertex -25 -14 -2.5
      vertex -24.7071 -14.7071 -2.5
      vertex -24.8315 -14.5556 -2.5
    endloop
  endfacet
  facet normal 0 0 -1
    outer loop
      vertex -24.3827 14.9239 -2.5
      vertex -25 14 -2.5
      vertex -24.5556 14.8315 -2.5
    endloop
  endfacet
  facet normal 0 0 -1
    outer loop
      vertex -25 -14 -2.5
      vertex -24.8315 -14.5556 -2.5
      vertex -24.9239 -14.3827 -2.5
    endloop
  endfacet
  facet normal 0 0 -1
    outer loop
      vertex -24.5556 14.8315 -2.5
      vertex -25 14 -2.5
      vertex -24.7071 14.7071 -2.5
    endloop
  endfacet
  facet normal 0 0 -1
    outer loop
      vertex -25 -14 -2.5
      vertex -24.9239 -14.3827 -2.5
      vertex -24.9808 -14.1951 -2.5
    endloop
  endfacet
  facet normal 0 0 -1
    outer loop
      vertex -24.7071 14.7071 -2.5
      vertex -25 14 -2.5
      vertex -24.8315 14.5556 -2.5
    endloop
  endfacet
  facet normal 0 0 -1
    outer loop
      vertex -24.8315 14.5556 -2.5
      vertex -25 14 -2.5
      vertex -24.9239 14.3827 -2.5
    endloop
  endfacet
  facet normal 0 0 -1
    outer loop
      vertex -24.9239 14.3827 -2.5
      vertex -25 14 -2.5
      vertex -24.9808 14.1951 -2.5
    endloop
  endfacet
  facet normal -0 0 -1
    outer loop
      vertex 4.3 0 -2.5
      vertex 2.641 -0.561361 -2.5
      vertex 2.7 0 -2.5
    endloop
  endfacet
  facet normal 0 0 -1
    outer loop
      vertex 1.80665 -2.00649 -2.5
      vertex 5.19762 -2.76259 -2.5
      vertex 2.14122 -5.12194 -2.5
    endloop
  endfacet
  facet normal 0 0 -1
    outer loop
      vertex 4.70634 -1.91166 -2.5
      vertex 2.46657 -1.09819 -2.5
      vertex 2.641 -0.561361 -2.5
    endloop
  endfacet
  facet normal 0 0 -1
    outer loop
      vertex 4.70634 -1.91166 -2.5
      vertex 2.18435 -1.58702 -2.5
      vertex 2.46657 -1.09819 -2.5
    endloop
  endfacet
  facet normal 0 0 -1
    outer loop
      vertex 5.19762 -2.76259 -2.5
      vertex 1.80665 -2.00649 -2.5
      vertex 4.70634 -1.91166 -2.5
    endloop
  endfacet
  facet normal -0 0 -1
    outer loop
      vertex 4.70634 -1.91166 -2.5
      vertex 1.80665 -2.00649 -2.5
      vertex 2.18435 -1.58702 -2.5
    endloop
  endfacet
  facet normal 0 0 -1
    outer loop
      vertex 1.6 -4.72872 -2.5
      vertex 1.80665 -2.00649 -2.5
      vertex 2.14122 -5.12194 -2.5
    endloop
  endfacet
  facet normal 0 0 -1
    outer loop
      vertex 1.6 -4.72872 -2.5
      vertex 1.35 -2.33827 -2.5
      vertex 1.80665 -2.00649 -2.5
    endloop
  endfacet
  facet normal 0 0 -1
    outer loop
      vertex 0.988853 -4.45662 -2.5
      vertex 1.35 -2.33827 -2.5
      vertex 1.6 -4.72872 -2.5
    endloop
  endfacet
  facet normal 0 0 -1
    outer loop
      vertex 0.988853 -4.45662 -2.5
      vertex 0.834346 -2.56785 -2.5
      vertex 1.35 -2.33827 -2.5
    endloop
  endfacet
  facet normal 0 0 -1
    outer loop
      vertex 0.334491 -4.31753 -2.5
      vertex 0.834346 -2.56785 -2.5
      vertex 0.988853 -4.45662 -2.5
    endloop
  endfacet
  facet normal 0 0 -1
    outer loop
      vertex 0.334491 -4.31753 -2.5
      vertex 0.282227 -2.68521 -2.5
      vertex 0.834346 -2.56785 -2.5
    endloop
  endfacet
  facet normal 0 0 -1
    outer loop
      vertex 0.334491 -4.31753 -2.5
      vertex -0.282227 -2.68521 -2.5
      vertex 0.282227 -2.68521 -2.5
    endloop
  endfacet
  facet normal 0 0 -1
    outer loop
      vertex -0.334491 -4.31753 -2.5
      vertex -0.282227 -2.68521 -2.5
      vertex 0.334491 -4.31753 -2.5
    endloop
  endfacet
  facet normal 0 0 -1
    outer loop
      vertex -0.334491 -4.31753 -2.5
      vertex -0.834346 -2.56785 -2.5
      vertex -0.282227 -2.68521 -2.5
    endloop
  endfacet
  facet normal 0 0 -1
    outer loop
      vertex -0.988853 -4.45662 -2.5
      vertex -0.834346 -2.56785 -2.5
      vertex -0.334491 -4.31753 -2.5
    endloop
  endfacet
  facet normal 0 0 -1
    outer loop
      vertex -0.988853 -4.45662 -2.5
      vertex -1.35 -2.33827 -2.5
      vertex -0.834346 -2.56785 -2.5
    endloop
  endfacet
  facet normal 0 0 -1
    outer loop
      vertex -1.6 -4.72872 -2.5
      vertex -1.35 -2.33827 -2.5
      vertex -0.988853 -4.45662 -2.5
    endloop
  endfacet
  facet normal 0 0 -1
    outer loop
      vertex -1.6 -4.72872 -2.5
      vertex -1.80665 -2.00649 -2.5
      vertex -1.35 -2.33827 -2.5
    endloop
  endfacet
  facet normal 0 0 -1
    outer loop
      vertex -2.14122 -5.12194 -2.5
      vertex -1.80665 -2.00649 -2.5
      vertex -1.6 -4.72872 -2.5
    endloop
  endfacet
  facet normal 0 0 -1
    outer loop
      vertex -2.14122 -5.12194 -2.5
      vertex -2.18435 -1.58702 -2.5
      vertex -1.80665 -2.00649 -2.5
    endloop
  endfacet
  facet normal 0 0 -1
    outer loop
      vertex -2.58885 -5.61909 -2.5
      vertex -2.18435 -1.58702 -2.5
      vertex -2.14122 -5.12194 -2.5
    endloop
  endfacet
  facet normal -0 0 -1
    outer loop
      vertex -2.18435 -1.58702 -2.5
      vertex -2.58885 -5.61909 -2.5
      vertex -2.46657 -1.09819 -2.5
    endloop
  endfacet
  facet normal 0 0 -1
    outer loop
      vertex -2.92334 -6.19844 -2.5
      vertex -2.46657 -1.09819 -2.5
      vertex -2.58885 -5.61909 -2.5
    endloop
  endfacet
  facet normal -0 0 -1
    outer loop
      vertex -2.46657 -1.09819 -2.5
      vertex -2.92334 -6.19844 -2.5
      vertex -2.641 -0.561361 -2.5
    endloop
  endfacet
  facet normal 0 0 -1
    outer loop
      vertex -3.13007 -6.83468 -2.5
      vertex -2.641 -0.561361 -2.5
      vertex -2.92334 -6.19844 -2.5
    endloop
  endfacet
  facet normal 0 0 -1
    outer loop
      vertex 2.46657 1.09819 -2.5
      vertex 4.70634 1.91166 -2.5
      vertex 4.40271 0.977184 -2.5
    endloop
  endfacet
  facet normal 0 0 -1
    outer loop
      vertex 2.641 0.561361 -2.5
      vertex 4.40271 0.977184 -2.5
      vertex 4.3 0 -2.5
    endloop
  endfacet
  facet normal 0 0 -1
    outer loop
      vertex 4.70634 1.91166 -2.5
      vertex 3.7 8 -2.5
      vertex 4.5 14.99 -2.5
    endloop
  endfacet
  facet normal 0 0 -1
    outer loop
      vertex 3.61915 8.76927 -2.5
      vertex 4.5 14.99 -2.5
      vertex 3.7 8 -2.5
    endloop
  endfacet
  facet normal 0 0 -1
    outer loop
      vertex 3.38012 9.50492 -2.5
      vertex 4.5 14.99 -2.5
      vertex 3.61915 8.76927 -2.5
    endloop
  endfacet
  facet normal 0 0 -1
    outer loop
      vertex 2.99336 10.1748 -2.5
      vertex 4.5 14.99 -2.5
      vertex 3.38012 9.50492 -2.5
    endloop
  endfacet
  facet normal 0 0 -1
    outer loop
      vertex 2.47578 10.7496 -2.5
      vertex 4.5 14.99 -2.5
      vertex 2.99336 10.1748 -2.5
    endloop
  endfacet
  facet normal -0 0 -1
    outer loop
      vertex 4.5 14.99 -2.5
      vertex 2.47578 10.7496 -2.5
      vertex 3.49 14.99 -2.5
    endloop
  endfacet
  facet normal 0 0 -1
    outer loop
      vertex 1.85 11.2043 -2.5
      vertex 3.49 14.99 -2.5
      vertex 2.47578 10.7496 -2.5
    endloop
  endfacet
  facet normal 0 0 -1
    outer loop
      vertex 1.14336 11.5189 -2.5
      vertex 3.49 14.99 -2.5
      vertex 1.85 11.2043 -2.5
    endloop
  endfacet
  facet normal 0 0 -1
    outer loop
      vertex 0.386755 11.6797 -2.5
      vertex 3.49 14.99 -2.5
      vertex 1.14336 11.5189 -2.5
    endloop
  endfacet
  facet normal -0 0 -1
    outer loop
      vertex 3.49 14.99 -2.5
      vertex 0.386755 11.6797 -2.5
      vertex 3.49 15 -2.5
    endloop
  endfacet
  facet normal 0 0 -1
    outer loop
      vertex -0.386755 11.6797 -2.5
      vertex 3.49 15 -2.5
      vertex 0.386755 11.6797 -2.5
    endloop
  endfacet
  facet normal 0 0 -1
    outer loop
      vertex -3.49 14.99 -2.5
      vertex -0.386755 11.6797 -2.5
      vertex -1.14336 11.5189 -2.5
    endloop
  endfacet
  facet normal 0 0 -1
    outer loop
      vertex -3.49 14.99 -2.5
      vertex -1.14336 11.5189 -2.5
      vertex -1.85 11.2043 -2.5
    endloop
  endfacet
  facet normal 0 0 -1
    outer loop
      vertex -3.49 14.99 -2.5
      vertex -2.99336 10.1748 -2.5
      vertex -3.38012 9.50492 -2.5
    endloop
  endfacet
  facet normal 0 0 -1
    outer loop
      vertex -3.49 14.99 -2.5
      vertex -2.47578 10.7496 -2.5
      vertex -2.99336 10.1748 -2.5
    endloop
  endfacet
  facet normal 0 0 -1
    outer loop
      vertex -3.49 14.99 -2.5
      vertex -1.85 11.2043 -2.5
      vertex -2.47578 10.7496 -2.5
    endloop
  endfacet
  facet normal 0 0 -1
    outer loop
      vertex -3.49 15 -2.5
      vertex -0.386755 11.6797 -2.5
      vertex -3.49 14.99 -2.5
    endloop
  endfacet
  facet normal 0 0 -1
    outer loop
      vertex -0.386755 11.6797 -2.5
      vertex -3.49 15 -2.5
      vertex 3.49 15 -2.5
    endloop
  endfacet
  facet normal 0 0 -1
    outer loop
      vertex 24 -15 -2.5
      vertex 25 -14 -2.5
      vertex 24.9808 -14.1951 -2.5
    endloop
  endfacet
  facet normal 0 0 -1
    outer loop
      vertex 25 -14 -2.5
      vertex 13.7 0 -2.5
      vertex 25 14 -2.5
    endloop
  endfacet
  facet normal 0 0 -1
    outer loop
      vertex 24 -15 -2.5
      vertex 24.9808 -14.1951 -2.5
      vertex 24.9239 -14.3827 -2.5
    endloop
  endfacet
  facet normal 0 0 -1
    outer loop
      vertex 13.5973 0.977184 -2.5
      vertex 25 14 -2.5
      vertex 13.7 0 -2.5
    endloop
  endfacet
  facet normal 0 0 -1
    outer loop
      vertex 24 -15 -2.5
      vertex 24.9239 -14.3827 -2.5
      vertex 24.8315 -14.5556 -2.5
    endloop
  endfacet
  facet normal 0 0 -1
    outer loop
      vertex 13.2937 1.91166 -2.5
      vertex 25 14 -2.5
      vertex 13.5973 0.977184 -2.5
    endloop
  endfacet
  facet normal 0 0 -1
    outer loop
      vertex 24 -15 -2.5
      vertex 24.8315 -14.5556 -2.5
      vertex 24.7071 -14.7071 -2.5
    endloop
  endfacet
  facet normal 0 0 -1
    outer loop
      vertex 12.8024 2.76259 -2.5
      vertex 25 14 -2.5
      vertex 13.2937 1.91166 -2.5
    endloop
  endfacet
  facet normal 0 0 -1
    outer loop
      vertex 24 -15 -2.5
      vertex 24.7071 -14.7071 -2.5
      vertex 24.5556 -14.8315 -2.5
    endloop
  endfacet
  facet normal 0 -0 -1
    outer loop
      vertex 24 15 -2.5
      vertex 25 14 -2.5
      vertex 12.8024 2.76259 -2.5
    endloop
  endfacet
  facet normal 0 0 -1
    outer loop
      vertex 24 -15 -2.5
      vertex 24.5556 -14.8315 -2.5
      vertex 24.3827 -14.9239 -2.5
    endloop
  endfacet
  facet normal 0 0 -1
    outer loop
      vertex 25 14 -2.5
      vertex 24 15 -2.5
      vertex 24.9808 14.1951 -2.5
    endloop
  endfacet
  facet normal 0 0 -1
    outer loop
      vertex 24 -15 -2.5
      vertex 24.3827 -14.9239 -2.5
      vertex 24.1951 -14.9808 -2.5
    endloop
  endfacet
  facet normal 0 0 -1
    outer loop
      vertex 24.9808 14.1951 -2.5
      vertex 24 15 -2.5
      vertex 24.9239 14.3827 -2.5
    endloop
  endfacet
  facet normal -0 0 -1
    outer loop
      vertex 25 -14 -2.5
      vertex 24 -15 -2.5
      vertex 12.8024 -2.76259 -2.5
    endloop
  endfacet
  facet normal 0 0 -1
    outer loop
      vertex 24.8315 14.5556 -2.5
      vertex 24 15 -2.5
      vertex 24.7071 14.7071 -2.5
    endloop
  endfacet
  facet normal 0 0 -1
    outer loop
      vertex 24.7071 14.7071 -2.5
      vertex 24 15 -2.5
      vertex 24.5556 14.8315 -2.5
    endloop
  endfacet
  facet normal 0 0 -1
    outer loop
      vertex 25 -14 -2.5
      vertex 13.5973 -0.977184 -2.5
      vertex 13.7 0 -2.5
    endloop
  endfacet
  facet normal 0 0 -1
    outer loop
      vertex 25 -14 -2.5
      vertex 13.2937 -1.91166 -2.5
      vertex 13.5973 -0.977184 -2.5
    endloop
  endfacet
  facet normal 0 0 -1
    outer loop
      vertex 25 -14 -2.5
      vertex 12.8024 -2.76259 -2.5
      vertex 13.2937 -1.91166 -2.5
    endloop
  endfacet
  facet normal 0 0 -1
    outer loop
      vertex 24 -15 -2.5
      vertex 12.1449 -3.49278 -2.5
      vertex 12.8024 -2.76259 -2.5
    endloop
  endfacet
  facet normal 0 0 -1
    outer loop
      vertex 24 -15 -2.5
      vertex 11.35 -4.07032 -2.5
      vertex 12.1449 -3.49278 -2.5
    endloop
  endfacet
  facet normal 0 0 -1
    outer loop
      vertex 24 -15 -2.5
      vertex 10.4524 -4.46996 -2.5
      vertex 11.35 -4.07032 -2.5
    endloop
  endfacet
  facet normal 0 0 -1
    outer loop
      vertex 24 -15 -2.5
      vertex 9.49128 -4.67425 -2.5
      vertex 10.4524 -4.46996 -2.5
    endloop
  endfacet
  facet normal 0 0 -1
    outer loop
      vertex 2.58885 -9.38091 -2.5
      vertex 9.49128 -4.67425 -2.5
      vertex 24 -15 -2.5
    endloop
  endfacet
  facet normal 0 -0 -1
    outer loop
      vertex 2.92334 -8.80156 -2.5
      vertex 9.49128 -4.67425 -2.5
      vertex 2.58885 -9.38091 -2.5
    endloop
  endfacet
  facet normal 0 -0 -1
    outer loop
      vertex 3.13007 -8.16532 -2.5
      vertex 8.50872 -4.67425 -2.5
      vertex 2.92334 -8.80156 -2.5
    endloop
  endfacet
  facet normal 0 0 -1
    outer loop
      vertex 4.70634 1.91166 -2.5
      vertex 3.61915 7.23073 -2.5
      vertex 3.7 8 -2.5
    endloop
  endfacet
  facet normal 0 0 -1
    outer loop
      vertex 4.70634 1.91166 -2.5
      vertex 3.38012 6.49508 -2.5
      vertex 3.61915 7.23073 -2.5
    endloop
  endfacet
  facet normal 0 0 -1
    outer loop
      vertex 2.641 -0.561361 -2.5
      vertex 4.3 0 -2.5
      vertex 4.40271 -0.977184 -2.5
    endloop
  endfacet
  facet normal -0 0 -1
    outer loop
      vertex 5.85509 -3.49278 -2.5
      vertex 2.58885 -5.61909 -2.5
      vertex 5.19762 -2.76259 -2.5
    endloop
  endfacet
  facet normal 0 0 -1
    outer loop
      vertex 2.58885 -5.61909 -2.5
      vertex 5.85509 -3.49278 -2.5
      vertex 2.92334 -6.19844 -2.5
    endloop
  endfacet
  facet normal -0 0 -1
    outer loop
      vertex 6.65 -4.07032 -2.5
      vertex 2.92334 -6.19844 -2.5
      vertex 5.85509 -3.49278 -2.5
    endloop
  endfacet
  facet normal 0 0 -1
    outer loop
      vertex 2.92334 -6.19844 -2.5
      vertex 6.65 -4.07032 -2.5
      vertex 3.13007 -6.83468 -2.5
    endloop
  endfacet
  facet normal -0 0 -1
    outer loop
      vertex 7.54762 -4.46996 -2.5
      vertex 3.13007 -6.83468 -2.5
      vertex 6.65 -4.07032 -2.5
    endloop
  endfacet
  facet normal -0 0 -1
    outer loop
      vertex 8.50872 -4.67425 -2.5
      vertex 3.13007 -8.16532 -2.5
      vertex 7.54762 -4.46996 -2.5
    endloop
  endfacet
  facet normal 0 0 -1
    outer loop
      vertex 3.13007 -6.83468 -2.5
      vertex 7.54762 -4.46996 -2.5
      vertex 3.2 -7.5 -2.5
    endloop
  endfacet
  facet normal 0 -0 -1
    outer loop
      vertex 3.2 -7.5 -2.5
      vertex 7.54762 -4.46996 -2.5
      vertex 3.13007 -8.16532 -2.5
    endloop
  endfacet
  facet normal -0 0 -1
    outer loop
      vertex 9.49128 -4.67425 -2.5
      vertex 2.92334 -8.80156 -2.5
      vertex 8.50872 -4.67425 -2.5
    endloop
  endfacet
  facet normal 0 0 -1
    outer loop
      vertex 24 -15 -2.5
      vertex 2.14122 -9.87806 -2.5
      vertex 2.58885 -9.38091 -2.5
    endloop
  endfacet
  facet normal 0 0 -1
    outer loop
      vertex 24 -15 -2.5
      vertex 1.6 -10.2713 -2.5
      vertex 2.14122 -9.87806 -2.5
    endloop
  endfacet
  facet normal 0 0 -1
    outer loop
      vertex 24 -15 -2.5
      vertex 0.988853 -10.5434 -2.5
      vertex 1.6 -10.2713 -2.5
    endloop
  endfacet
  facet normal 0 0 -1
    outer loop
      vertex 24 -15 -2.5
      vertex 0.334491 -10.6825 -2.5
      vertex 0.988853 -10.5434 -2.5
    endloop
  endfacet
  facet normal 0 0 -1
    outer loop
      vertex 24 -15 -2.5
      vertex -0.334491 -10.6825 -2.5
      vertex 0.334491 -10.6825 -2.5
    endloop
  endfacet
  facet normal 0 0 -1
    outer loop
      vertex -2.7 0 -2.5
      vertex -3.61915 7.23073 -2.5
      vertex -3.38012 6.49508 -2.5
    endloop
  endfacet
  facet normal 0 0 -1
    outer loop
      vertex -3.13007 -6.83468 -2.5
      vertex -4.3 0 -2.5
      vertex -3.61915 7.23073 -2.5
    endloop
  endfacet
  facet normal 0 0 -1
    outer loop
      vertex -4.39178 0.873229 -2.5
      vertex -3.61915 7.23073 -2.5
      vertex -4.3 0 -2.5
    endloop
  endfacet
  facet normal 0 0 -1
    outer loop
      vertex -8.06098 -4.17699 -2.5
      vertex -3.2 -7.5 -2.5
      vertex -3.13007 -8.16532 -2.5
    endloop
  endfacet
  facet normal 0 0 -1
    outer loop
      vertex -3.13007 -6.83468 -2.5
      vertex -4.39178 -0.873229 -2.5
      vertex -4.3 0 -2.5
    endloop
  endfacet
  facet normal 0 0 -1
    outer loop
      vertex -3.13007 -6.83468 -2.5
      vertex -4.66311 -1.70829 -2.5
      vertex -4.39178 -0.873229 -2.5
    endloop
  endfacet
  facet normal 0 0 -1
    outer loop
      vertex -3.13007 -6.83468 -2.5
      vertex -5.10213 -2.4687 -2.5
      vertex -4.66311 -1.70829 -2.5
    endloop
  endfacet
  facet normal 0 0 -1
    outer loop
      vertex -8.93902 -4.17699 -2.5
      vertex -3.13007 -8.16532 -2.5
      vertex -2.92334 -8.80156 -2.5
    endloop
  endfacet
  facet normal 0 0 -1
    outer loop
      vertex -3.13007 -6.83468 -2.5
      vertex -5.68965 -3.12121 -2.5
      vertex -5.10213 -2.4687 -2.5
    endloop
  endfacet
  facet normal 0 0 -1
    outer loop
      vertex -3.13007 -6.83468 -2.5
      vertex -6.4 -3.63731 -2.5
      vertex -5.68965 -3.12121 -2.5
    endloop
  endfacet
  facet normal 0 0 -1
    outer loop
      vertex -9.79787 -3.99444 -2.5
      vertex -2.92334 -8.80156 -2.5
      vertex -2.58885 -9.38091 -2.5
    endloop
  endfacet
  facet normal 0 0 -1
    outer loop
      vertex -3.13007 -6.83468 -2.5
      vertex -7.20213 -3.99444 -2.5
      vertex -6.4 -3.63731 -2.5
    endloop
  endfacet
  facet normal 0 0 -1
    outer loop
      vertex -3.2 -7.5 -2.5
      vertex -8.06098 -4.17699 -2.5
      vertex -7.20213 -3.99444 -2.5
    endloop
  endfacet
  facet normal 0 0 -1
    outer loop
      vertex -24 -15 -2.5
      vertex -2.58885 -9.38091 -2.5
      vertex -2.14122 -9.87806 -2.5
    endloop
  endfacet
  facet normal 0 0 -1
    outer loop
      vertex -3.13007 -8.16532 -2.5
      vertex -8.93902 -4.17699 -2.5
      vertex -8.06098 -4.17699 -2.5
    endloop
  endfacet
  facet normal 0 0 -1
    outer loop
      vertex -2.92334 -8.80156 -2.5
      vertex -9.79787 -3.99444 -2.5
      vertex -8.93902 -4.17699 -2.5
    endloop
  endfacet
  facet normal -0 0 -1
    outer loop
      vertex -2.58885 -9.38091 -2.5
      vertex -24 -15 -2.5
      vertex -9.79787 -3.99444 -2.5
    endloop
  endfacet
  facet normal -0 0 -1
    outer loop
      vertex -9.79787 -3.99444 -2.5
      vertex -24 -15 -2.5
      vertex -10.6 -3.63731 -2.5
    endloop
  endfacet
  facet normal -0 0 -1
    outer loop
      vertex -12.3369 -1.70829 -2.5
      vertex -25 -14 -2.5
      vertex -12.6082 -0.873229 -2.5
    endloop
  endfacet
  facet normal -0 0 -1
    outer loop
      vertex -11.8979 -2.4687 -2.5
      vertex -25 -14 -2.5
      vertex -12.3369 -1.70829 -2.5
    endloop
  endfacet
  facet normal 0 0 -1
    outer loop
      vertex -25 -14 -2.5
      vertex -11.8979 -2.4687 -2.5
      vertex -24 -15 -2.5
    endloop
  endfacet
  facet normal -0 0 -1
    outer loop
      vertex -11.3103 -3.12121 -2.5
      vertex -24 -15 -2.5
      vertex -11.8979 -2.4687 -2.5
    endloop
  endfacet
  facet normal -0 0 -1
    outer loop
      vertex -10.6 -3.63731 -2.5
      vertex -24 -15 -2.5
      vertex -11.3103 -3.12121 -2.5
    endloop
  endfacet
  facet normal -0 0 -1
    outer loop
      vertex -1.6 -10.2713 -2.5
      vertex -24 -15 -2.5
      vertex -2.14122 -9.87806 -2.5
    endloop
  endfacet
  facet normal -0 0 -1
    outer loop
      vertex -0.988853 -10.5434 -2.5
      vertex -24 -15 -2.5
      vertex -1.6 -10.2713 -2.5
    endloop
  endfacet
  facet normal -0 0 -1
    outer loop
      vertex -0.334491 -10.6825 -2.5
      vertex -24 -15 -2.5
      vertex -0.988853 -10.5434 -2.5
    endloop
  endfacet
  facet normal 0 0 -1
    outer loop
      vertex -24 -15 -2.5
      vertex -0.334491 -10.6825 -2.5
      vertex 24 -15 -2.5
    endloop
  endfacet
  facet normal 0 0 -1
    outer loop
      vertex 24.5556 14.8315 -2.5
      vertex 24 15 -2.5
      vertex 24.3827 14.9239 -2.5
    endloop
  endfacet
  facet normal 0 0 -1
    outer loop
      vertex 24.3827 14.9239 -2.5
      vertex 24 15 -2.5
      vertex 24.1951 14.9808 -2.5
    endloop
  endfacet
  facet normal 0 0 -1
    outer loop
      vertex 24.9239 14.3827 -2.5
      vertex 24 15 -2.5
      vertex 24.8315 14.5556 -2.5
    endloop
  endfacet
  facet normal 0 0 -1
    outer loop
      vertex 12.1449 3.49278 -2.5
      vertex 24 15 -2.5
      vertex 12.8024 2.76259 -2.5
    endloop
  endfacet
  facet normal 0 0 -1
    outer loop
      vertex 11.35 4.07032 -2.5
      vertex 24 15 -2.5
      vertex 12.1449 3.49278 -2.5
    endloop
  endfacet
  facet normal 0 0 -1
    outer loop
      vertex 10.4524 4.46996 -2.5
      vertex 24 15 -2.5
      vertex 11.35 4.07032 -2.5
    endloop
  endfacet
  facet normal 0 0 -1
    outer loop
      vertex 4.5 14.99 -2.5
      vertex 10.4524 4.46996 -2.5
      vertex 9.49128 4.67425 -2.5
    endloop
  endfacet
  facet normal 0 0 -1
    outer loop
      vertex 4.5 14.99 -2.5
      vertex 9.49128 4.67425 -2.5
      vertex 8.50872 4.67425 -2.5
    endloop
  endfacet
  facet normal 0 0 -1
    outer loop
      vertex 4.5 14.99 -2.5
      vertex 8.50872 4.67425 -2.5
      vertex 7.54762 4.46996 -2.5
    endloop
  endfacet
  facet normal 0 0 -1
    outer loop
      vertex 4.5 14.99 -2.5
      vertex 7.54762 4.46996 -2.5
      vertex 6.65 4.07032 -2.5
    endloop
  endfacet
  facet normal 0 0 -1
    outer loop
      vertex 4.5 14.99 -2.5
      vertex 5.19762 2.76259 -2.5
      vertex 4.70634 1.91166 -2.5
    endloop
  endfacet
  facet normal 0 0 -1
    outer loop
      vertex 4.5 14.99 -2.5
      vertex 5.85509 3.49278 -2.5
      vertex 5.19762 2.76259 -2.5
    endloop
  endfacet
  facet normal 0 0 -1
    outer loop
      vertex 4.5 14.99 -2.5
      vertex 6.65 4.07032 -2.5
      vertex 5.85509 3.49278 -2.5
    endloop
  endfacet
  facet normal 0 0 -1
    outer loop
      vertex 10.4524 4.46996 -2.5
      vertex 4.5 14.99 -2.5
      vertex 24 15 -2.5
    endloop
  endfacet
  facet normal -0 0 -1
    outer loop
      vertex 24 15 -2.5
      vertex 4.5 14.99 -2.5
      vertex 4.5 15 -2.5
    endloop
  endfacet
  facet normal 0 0 -1
    outer loop
      vertex 2.14122 -5.12194 -2.5
      vertex 5.19762 -2.76259 -2.5
      vertex 2.58885 -5.61909 -2.5
    endloop
  endfacet
  facet normal 0 0 -1
    outer loop
      vertex 4.3 0 -2.5
      vertex 2.7 0 -2.5
      vertex 2.641 0.561361 -2.5
    endloop
  endfacet
  facet normal 0 0 -1
    outer loop
      vertex 2.641 -0.561361 -2.5
      vertex 4.40271 -0.977184 -2.5
      vertex 4.70634 -1.91166 -2.5
    endloop
  endfacet
  facet normal -0 0 -1
    outer loop
      vertex 4.40271 0.977184 -2.5
      vertex 2.641 0.561361 -2.5
      vertex 2.46657 1.09819 -2.5
    endloop
  endfacet
  facet normal 0 0 -1
    outer loop
      vertex 4.70634 1.91166 -2.5
      vertex 2.99336 5.8252 -2.5
      vertex 3.38012 6.49508 -2.5
    endloop
  endfacet
  facet normal 0 0 -1
    outer loop
      vertex 4.70634 1.91166 -2.5
      vertex 2.46657 1.09819 -2.5
      vertex 2.18435 1.58702 -2.5
    endloop
  endfacet
  facet normal 0 0 -1
    outer loop
      vertex 1.80665 2.00649 -2.5
      vertex 4.70634 1.91166 -2.5
      vertex 2.18435 1.58702 -2.5
    endloop
  endfacet
  facet normal 0 0 -1
    outer loop
      vertex 4.70634 1.91166 -2.5
      vertex 2.47578 5.25036 -2.5
      vertex 2.99336 5.8252 -2.5
    endloop
  endfacet
  facet normal 0 -0 -1
    outer loop
      vertex 1.85 4.79571 -2.5
      vertex 4.70634 1.91166 -2.5
      vertex 1.80665 2.00649 -2.5
    endloop
  endfacet
  facet normal 0 0 -1
    outer loop
      vertex 4.70634 1.91166 -2.5
      vertex 1.85 4.79571 -2.5
      vertex 2.47578 5.25036 -2.5
    endloop
  endfacet
  facet normal 0 0 -1
    outer loop
      vertex 1.35 2.33827 -2.5
      vertex 1.85 4.79571 -2.5
      vertex 1.80665 2.00649 -2.5
    endloop
  endfacet
  facet normal 0 0 -1
    outer loop
      vertex 1.35 2.33827 -2.5
      vertex 1.14336 4.48109 -2.5
      vertex 1.85 4.79571 -2.5
    endloop
  endfacet
  facet normal 0 0 -1
    outer loop
      vertex 0.834346 2.56785 -2.5
      vertex 1.14336 4.48109 -2.5
      vertex 1.35 2.33827 -2.5
    endloop
  endfacet
  facet normal 0 0 -1
    outer loop
      vertex 0.834346 2.56785 -2.5
      vertex 0.386755 4.32027 -2.5
      vertex 1.14336 4.48109 -2.5
    endloop
  endfacet
  facet normal 0 0 -1
    outer loop
      vertex 0.282227 2.68521 -2.5
      vertex 0.386755 4.32027 -2.5
      vertex 0.834346 2.56785 -2.5
    endloop
  endfacet
  facet normal 0 0 -1
    outer loop
      vertex -0.282227 2.68521 -2.5
      vertex 0.386755 4.32027 -2.5
      vertex 0.282227 2.68521 -2.5
    endloop
  endfacet
  facet normal 0 0 -1
    outer loop
      vertex -0.282227 2.68521 -2.5
      vertex -0.386755 4.32027 -2.5
      vertex 0.386755 4.32027 -2.5
    endloop
  endfacet
  facet normal 0 0 -1
    outer loop
      vertex -0.834346 2.56785 -2.5
      vertex -0.386755 4.32027 -2.5
      vertex -0.282227 2.68521 -2.5
    endloop
  endfacet
  facet normal 0 0 -1
    outer loop
      vertex -0.834346 2.56785 -2.5
      vertex -1.14336 4.48109 -2.5
      vertex -0.386755 4.32027 -2.5
    endloop
  endfacet
  facet normal 0 0 -1
    outer loop
      vertex -1.35 2.33827 -2.5
      vertex -1.14336 4.48109 -2.5
      vertex -0.834346 2.56785 -2.5
    endloop
  endfacet
  facet normal 0 0 -1
    outer loop
      vertex -1.85 4.79571 -2.5
      vertex -1.35 2.33827 -2.5
      vertex -1.80665 2.00649 -2.5
    endloop
  endfacet
  facet normal 0 0 -1
    outer loop
      vertex -1.35 2.33827 -2.5
      vertex -1.85 4.79571 -2.5
      vertex -1.14336 4.48109 -2.5
    endloop
  endfacet
  facet normal 0 0 -1
    outer loop
      vertex -2.47578 5.25036 -2.5
      vertex -1.80665 2.00649 -2.5
      vertex -2.18435 1.58702 -2.5
    endloop
  endfacet
  facet normal 0 0 -1
    outer loop
      vertex -2.99336 5.8252 -2.5
      vertex -2.18435 1.58702 -2.5
      vertex -2.46657 1.09819 -2.5
    endloop
  endfacet
  facet normal 0 0 -1
    outer loop
      vertex -1.80665 2.00649 -2.5
      vertex -2.47578 5.25036 -2.5
      vertex -1.85 4.79571 -2.5
    endloop
  endfacet
  facet normal 0 0 -1
    outer loop
      vertex -2.99336 5.8252 -2.5
      vertex -2.46657 1.09819 -2.5
      vertex -2.641 0.561361 -2.5
    endloop
  endfacet
  facet normal 0 0 -1
    outer loop
      vertex -3.38012 6.49508 -2.5
      vertex -2.641 0.561361 -2.5
      vertex -2.7 0 -2.5
    endloop
  endfacet
  facet normal 0 0 -1
    outer loop
      vertex -2.18435 1.58702 -2.5
      vertex -2.99336 5.8252 -2.5
      vertex -2.47578 5.25036 -2.5
    endloop
  endfacet
  facet normal -0 0 -1
    outer loop
      vertex -2.641 -0.561361 -2.5
      vertex -3.13007 -6.83468 -2.5
      vertex -2.7 0 -2.5
    endloop
  endfacet
  facet normal 0 0 -1
    outer loop
      vertex -3.61915 7.23073 -2.5
      vertex -2.7 0 -2.5
      vertex -3.13007 -6.83468 -2.5
    endloop
  endfacet
  facet normal 0 0 -1
    outer loop
      vertex -7.20213 -3.99444 -2.5
      vertex -3.13007 -6.83468 -2.5
      vertex -3.2 -7.5 -2.5
    endloop
  endfacet
  facet normal 0 0 -1
    outer loop
      vertex -2.641 0.561361 -2.5
      vertex -3.38012 6.49508 -2.5
      vertex -2.99336 5.8252 -2.5
    endloop
  endfacet
  facet normal 0 -1 0
    outer loop
      vertex -24 -15 -2.5
      vertex 24 -15 2.5
      vertex -24 -15 2.5
    endloop
  endfacet
  facet normal 0 -1 -0
    outer loop
      vertex 24 -15 2.5
      vertex -24 -15 -2.5
      vertex 24 -15 -2.5
    endloop
  endfacet
  facet normal 0.995193 0.097938 0
    outer loop
      vertex 25 14 2.5
      vertex 24.9808 14.1951 -2.5
      vertex 24.9808 14.1951 2.5
    endloop
  endfacet
  facet normal 0.995193 0.097938 0
    outer loop
      vertex 24.9808 14.1951 -2.5
      vertex 25 14 2.5
      vertex 25 14 -2.5
    endloop
  endfacet
  facet normal 0.290248 -0.956951 0
    outer loop
      vertex 24.1951 -14.9808 -2.5
      vertex 24.3827 -14.9239 2.5
      vertex 24.1951 -14.9808 2.5
    endloop
  endfacet
  facet normal 0.290248 -0.956951 0
    outer loop
      vertex 24.3827 -14.9239 2.5
      vertex 24.1951 -14.9808 -2.5
      vertex 24.3827 -14.9239 -2.5
    endloop
  endfacet
  facet normal -0.881957 0.471329 0
    outer loop
      vertex -24.9239 14.3827 -2.5
      vertex -24.8315 14.5556 2.5
      vertex -24.8315 14.5556 -2.5
    endloop
  endfacet
  facet normal -0.881957 0.471329 0
    outer loop
      vertex -24.8315 14.5556 2.5
      vertex -24.9239 14.3827 -2.5
      vertex -24.9239 14.3827 2.5
    endloop
  endfacet
  facet normal 0.772842 -0.634598 0
    outer loop
      vertex 24.7071 -14.7071 2.5
      vertex 24.8315 -14.5556 -2.5
      vertex 24.8315 -14.5556 2.5
    endloop
  endfacet
  facet normal 0.772842 -0.634598 0
    outer loop
      vertex 24.8315 -14.5556 -2.5
      vertex 24.7071 -14.7071 2.5
      vertex 24.7071 -14.7071 -2.5
    endloop
  endfacet
  facet normal -0.097938 -0.995193 0
    outer loop
      vertex -24.1951 -14.9808 -2.5
      vertex -24 -15 2.5
      vertex -24.1951 -14.9808 2.5
    endloop
  endfacet
  facet normal -0.097938 -0.995193 -0
    outer loop
      vertex -24 -15 2.5
      vertex -24.1951 -14.9808 -2.5
      vertex -24 -15 -2.5
    endloop
  endfacet
  facet normal 0.995193 -0.097938 0
    outer loop
      vertex 24.9808 -14.1951 2.5
      vertex 25 -14 -2.5
      vertex 25 -14 2.5
    endloop
  endfacet
  facet normal 0.995193 -0.097938 0
    outer loop
      vertex 25 -14 -2.5
      vertex 24.9808 -14.1951 2.5
      vertex 24.9808 -14.1951 -2.5
    endloop
  endfacet
  facet normal 0.881957 0.471329 0
    outer loop
      vertex 24.9239 14.3827 2.5
      vertex 24.8315 14.5556 -2.5
      vertex 24.8315 14.5556 2.5
    endloop
  endfacet
  facet normal 0.881957 0.471329 0
    outer loop
      vertex 24.8315 14.5556 -2.5
      vertex 24.9239 14.3827 2.5
      vertex 24.9239 14.3827 -2.5
    endloop
  endfacet
  facet normal -0.471329 0.881957 0
    outer loop
      vertex -24.3827 14.9239 -2.5
      vertex -24.5556 14.8315 2.5
      vertex -24.3827 14.9239 2.5
    endloop
  endfacet
  facet normal -0.471329 0.881957 0
    outer loop
      vertex -24.5556 14.8315 2.5
      vertex -24.3827 14.9239 -2.5
      vertex -24.5556 14.8315 -2.5
    endloop
  endfacet
  facet normal 0.634598 -0.772842 0
    outer loop
      vertex 24.5556 -14.8315 -2.5
      vertex 24.7071 -14.7071 2.5
      vertex 24.5556 -14.8315 2.5
    endloop
  endfacet
  facet normal 0.634598 -0.772842 0
    outer loop
      vertex 24.7071 -14.7071 2.5
      vertex 24.5556 -14.8315 -2.5
      vertex 24.7071 -14.7071 -2.5
    endloop
  endfacet
  facet normal -0.290248 -0.956951 0
    outer loop
      vertex -24.3827 -14.9239 -2.5
      vertex -24.1951 -14.9808 2.5
      vertex -24.3827 -14.9239 2.5
    endloop
  endfacet
  facet normal -0.290248 -0.956951 -0
    outer loop
      vertex -24.1951 -14.9808 2.5
      vertex -24.3827 -14.9239 -2.5
      vertex -24.1951 -14.9808 -2.5
    endloop
  endfacet
  facet normal -1 0 0
    outer loop
      vertex -25 -14 -2.5
      vertex -25 14 2.5
      vertex -25 14 -2.5
    endloop
  endfacet
  facet normal -1 -0 0
    outer loop
      vertex -25 14 2.5
      vertex -25 -14 -2.5
      vertex -25 -14 2.5
    endloop
  endfacet
  facet normal 0.471329 0.881957 -0
    outer loop
      vertex 24.5556 14.8315 -2.5
      vertex 24.3827 14.9239 2.5
      vertex 24.5556 14.8315 2.5
    endloop
  endfacet
  facet normal 0.471329 0.881957 0
    outer loop
      vertex 24.3827 14.9239 2.5
      vertex 24.5556 14.8315 -2.5
      vertex 24.3827 14.9239 -2.5
    endloop
  endfacet
  facet normal 0.097938 0.995193 -0
    outer loop
      vertex 24.1951 14.9808 -2.5
      vertex 24 15 2.5
      vertex 24.1951 14.9808 2.5
    endloop
  endfacet
  facet normal 0.097938 0.995193 0
    outer loop
      vertex 24 15 2.5
      vertex 24.1951 14.9808 -2.5
      vertex 24 15 -2.5
    endloop
  endfacet
  facet normal -0.881957 -0.471329 0
    outer loop
      vertex -24.8315 -14.5556 -2.5
      vertex -24.9239 -14.3827 2.5
      vertex -24.9239 -14.3827 -2.5
    endloop
  endfacet
  facet normal -0.881957 -0.471329 0
    outer loop
      vertex -24.9239 -14.3827 2.5
      vertex -24.8315 -14.5556 -2.5
      vertex -24.8315 -14.5556 2.5
    endloop
  endfacet
  facet normal -0.956951 0.290248 0
    outer loop
      vertex -24.9808 14.1951 -2.5
      vertex -24.9239 14.3827 2.5
      vertex -24.9239 14.3827 -2.5
    endloop
  endfacet
  facet normal -0.956951 0.290248 0
    outer loop
      vertex -24.9239 14.3827 2.5
      vertex -24.9808 14.1951 -2.5
      vertex -24.9808 14.1951 2.5
    endloop
  endfacet
  facet normal -0.995193 0.097938 0
    outer loop
      vertex -25 14 -2.5
      vertex -24.9808 14.1951 2.5
      vertex -24.9808 14.1951 -2.5
    endloop
  endfacet
  facet normal -0.995193 0.097938 0
    outer loop
      vertex -24.9808 14.1951 2.5
      vertex -25 14 -2.5
      vertex -25 14 2.5
    endloop
  endfacet
  facet normal -0.634598 -0.772842 0
    outer loop
      vertex -24.7071 -14.7071 -2.5
      vertex -24.5556 -14.8315 2.5
      vertex -24.7071 -14.7071 2.5
    endloop
  endfacet
  facet normal -0.634598 -0.772842 -0
    outer loop
      vertex -24.5556 -14.8315 2.5
      vertex -24.7071 -14.7071 -2.5
      vertex -24.5556 -14.8315 -2.5
    endloop
  endfacet
  facet normal 0.097938 -0.995193 0
    outer loop
      vertex 24 -15 -2.5
      vertex 24.1951 -14.9808 2.5
      vertex 24 -15 2.5
    endloop
  endfacet
  facet normal 0.097938 -0.995193 0
    outer loop
      vertex 24.1951 -14.9808 2.5
      vertex 24 -15 -2.5
      vertex 24.1951 -14.9808 -2.5
    endloop
  endfacet
  facet normal -0.290248 0.956951 0
    outer loop
      vertex -24.1951 14.9808 -2.5
      vertex -24.3827 14.9239 2.5
      vertex -24.1951 14.9808 2.5
    endloop
  endfacet
  facet normal -0.290248 0.956951 0
    outer loop
      vertex -24.3827 14.9239 2.5
      vertex -24.1951 14.9808 -2.5
      vertex -24.3827 14.9239 -2.5
    endloop
  endfacet
  facet normal -0.772842 0.634598 0
    outer loop
      vertex -24.8315 14.5556 -2.5
      vertex -24.7071 14.7071 2.5
      vertex -24.7071 14.7071 -2.5
    endloop
  endfacet
  facet normal -0.772842 0.634598 0
    outer loop
      vertex -24.7071 14.7071 2.5
      vertex -24.8315 14.5556 -2.5
      vertex -24.8315 14.5556 2.5
    endloop
  endfacet
  facet normal -0.634598 0.772842 0
    outer loop
      vertex -24.5556 14.8315 -2.5
      vertex -24.7071 14.7071 2.5
      vertex -24.5556 14.8315 2.5
    endloop
  endfacet
  facet normal -0.634598 0.772842 0
    outer loop
      vertex -24.7071 14.7071 2.5
      vertex -24.5556 14.8315 -2.5
      vertex -24.7071 14.7071 -2.5
    endloop
  endfacet
  facet normal -0.995193 -0.097938 0
    outer loop
      vertex -24.9808 -14.1951 -2.5
      vertex -25 -14 2.5
      vertex -25 -14 -2.5
    endloop
  endfacet
  facet normal -0.995193 -0.097938 0
    outer loop
      vertex -25 -14 2.5
      vertex -24.9808 -14.1951 -2.5
      vertex -24.9808 -14.1951 2.5
    endloop
  endfacet
  facet normal 0.290248 0.956951 -0
    outer loop
      vertex 24.3827 14.9239 -2.5
      vertex 24.1951 14.9808 2.5
      vertex 24.3827 14.9239 2.5
    endloop
  endfacet
  facet normal 0.290248 0.956951 0
    outer loop
      vertex 24.1951 14.9808 2.5
      vertex 24.3827 14.9239 -2.5
      vertex 24.1951 14.9808 -2.5
    endloop
  endfacet
  facet normal -0.772842 -0.634598 0
    outer loop
      vertex -24.7071 -14.7071 -2.5
      vertex -24.8315 -14.5556 2.5
      vertex -24.8315 -14.5556 -2.5
    endloop
  endfacet
  facet normal -0.772842 -0.634598 0
    outer loop
      vertex -24.8315 -14.5556 2.5
      vertex -24.7071 -14.7071 -2.5
      vertex -24.7071 -14.7071 2.5
    endloop
  endfacet
  facet normal -0.956951 -0.290248 0
    outer loop
      vertex -24.9239 -14.3827 -2.5
      vertex -24.9808 -14.1951 2.5
      vertex -24.9808 -14.1951 -2.5
    endloop
  endfacet
  facet normal -0.956951 -0.290248 0
    outer loop
      vertex -24.9808 -14.1951 2.5
      vertex -24.9239 -14.3827 -2.5
      vertex -24.9239 -14.3827 2.5
    endloop
  endfacet
  facet normal -0.471329 -0.881957 0
    outer loop
      vertex -24.5556 -14.8315 -2.5
      vertex -24.3827 -14.9239 2.5
      vertex -24.5556 -14.8315 2.5
    endloop
  endfacet
  facet normal -0.471329 -0.881957 -0
    outer loop
      vertex -24.3827 -14.9239 2.5
      vertex -24.5556 -14.8315 -2.5
      vertex -24.3827 -14.9239 -2.5
    endloop
  endfacet
  facet normal 0 0 1
    outer loop
      vertex -4.5 15 2.5
      vertex -24 15 2.5
      vertex -4.5 14.99 2.5
    endloop
  endfacet
  facet normal 0 0 1
    outer loop
      vertex 3.49 15 2.5
      vertex -3.49 15 2.5
      vertex 3.49 14.99 2.5
    endloop
  endfacet
  facet normal 0 0 1
    outer loop
      vertex 24 15 2.5
      vertex 25 14 2.5
      vertex 24.9808 14.1951 2.5
    endloop
  endfacet
  facet normal 0 0 1
    outer loop
      vertex 25 14 2.5
      vertex 4.5 14.99 2.5
      vertex 25 -14 2.5
    endloop
  endfacet
  facet normal 0 0 1
    outer loop
      vertex 24 15 2.5
      vertex 24.9808 14.1951 2.5
      vertex 24.9239 14.3827 2.5
    endloop
  endfacet
  facet normal 0 0 1
    outer loop
      vertex 25 14 2.5
      vertex 24 15 2.5
      vertex 4.5 14.99 2.5
    endloop
  endfacet
  facet normal 0 0 1
    outer loop
      vertex 24 15 2.5
      vertex 24.9239 14.3827 2.5
      vertex 24.8315 14.5556 2.5
    endloop
  endfacet
  facet normal 0 -0 1
    outer loop
      vertex 24 -15 2.5
      vertex 25 -14 2.5
      vertex 4.5 14.99 2.5
    endloop
  endfacet
  facet normal 0 0 1
    outer loop
      vertex 24 15 2.5
      vertex 24.8315 14.5556 2.5
      vertex 24.7071 14.7071 2.5
    endloop
  endfacet
  facet normal 0 0 1
    outer loop
      vertex 24.9808 -14.1951 2.5
      vertex 24 -15 2.5
      vertex 24.9239 -14.3827 2.5
    endloop
  endfacet
  facet normal 0 0 1
    outer loop
      vertex 24 15 2.5
      vertex 24.7071 14.7071 2.5
      vertex 24.5556 14.8315 2.5
    endloop
  endfacet
  facet normal 0 0 1
    outer loop
      vertex 24.9239 -14.3827 2.5
      vertex 24 -15 2.5
      vertex 24.8315 -14.5556 2.5
    endloop
  endfacet
  facet normal 0 0 1
    outer loop
      vertex 24 15 2.5
      vertex 24.5556 14.8315 2.5
      vertex 24.3827 14.9239 2.5
    endloop
  endfacet
  facet normal 0 0 1
    outer loop
      vertex 24.8315 -14.5556 2.5
      vertex 24 -15 2.5
      vertex 24.7071 -14.7071 2.5
    endloop
  endfacet
  facet normal 0 0 1
    outer loop
      vertex 24 15 2.5
      vertex 24.3827 14.9239 2.5
      vertex 24.1951 14.9808 2.5
    endloop
  endfacet
  facet normal 0 0 1
    outer loop
      vertex 24.7071 -14.7071 2.5
      vertex 24 -15 2.5
      vertex 24.5556 -14.8315 2.5
    endloop
  endfacet
  facet normal 0 0 1
    outer loop
      vertex 24.5556 -14.8315 2.5
      vertex 24 -15 2.5
      vertex 24.3827 -14.9239 2.5
    endloop
  endfacet
  facet normal 0 0 1
    outer loop
      vertex 24.3827 -14.9239 2.5
      vertex 24 -15 2.5
      vertex 24.1951 -14.9808 2.5
    endloop
  endfacet
  facet normal 0 0 1
    outer loop
      vertex 4.5 14.99 2.5
      vertex 24 15 2.5
      vertex 4.5 15 2.5
    endloop
  endfacet
  facet normal 0 0 1
    outer loop
      vertex 25 -14 2.5
      vertex 24 -15 2.5
      vertex 24.9808 -14.1951 2.5
    endloop
  endfacet
  facet normal -0 0 1
    outer loop
      vertex 3.49 14.99 2.5
      vertex 24 -15 2.5
      vertex 4.5 14.99 2.5
    endloop
  endfacet
  facet normal 0 0 1
    outer loop
      vertex -3.49 14.99 2.5
      vertex 3.49 14.99 2.5
      vertex -3.49 15 2.5
    endloop
  endfacet
  facet normal 0 0 1
    outer loop
      vertex 3.49 14.99 2.5
      vertex -3.49 14.99 2.5
      vertex 24 -15 2.5
    endloop
  endfacet
  facet normal 0 0 1
    outer loop
      vertex -24 -15 2.5
      vertex -3.49 14.99 2.5
      vertex -4.5 14.99 2.5
    endloop
  endfacet
  facet normal 0 0 1
    outer loop
      vertex -25 14 2.5
      vertex -4.5 14.99 2.5
      vertex -24 15 2.5
    endloop
  endfacet
  facet normal 0 0 1
    outer loop
      vertex -3.49 14.99 2.5
      vertex -24 -15 2.5
      vertex 24 -15 2.5
    endloop
  endfacet
  facet normal 0 0 1
    outer loop
      vertex -25 14 2.5
      vertex -24 15 2.5
      vertex -24.1951 14.9808 2.5
    endloop
  endfacet
  facet normal 0 0 1
    outer loop
      vertex -25 -14 2.5
      vertex -4.5 14.99 2.5
      vertex -25 14 2.5
    endloop
  endfacet
  facet normal 0 0 1
    outer loop
      vertex -25 14 2.5
      vertex -24.1951 14.9808 2.5
      vertex -24.3827 14.9239 2.5
    endloop
  endfacet
  facet normal 0 0 1
    outer loop
      vertex -4.5 14.99 2.5
      vertex -25 -14 2.5
      vertex -24 -15 2.5
    endloop
  endfacet
  facet normal 0 0 1
    outer loop
      vertex -25 14 2.5
      vertex -24.3827 14.9239 2.5
      vertex -24.5556 14.8315 2.5
    endloop
  endfacet
  facet normal 0 0 1
    outer loop
      vertex -24 -15 2.5
      vertex -25 -14 2.5
      vertex -24.1951 -14.9808 2.5
    endloop
  endfacet
  facet normal 0 0 1
    outer loop
      vertex -25 14 2.5
      vertex -24.5556 14.8315 2.5
      vertex -24.7071 14.7071 2.5
    endloop
  endfacet
  facet normal 0 0 1
    outer loop
      vertex -24.1951 -14.9808 2.5
      vertex -25 -14 2.5
      vertex -24.3827 -14.9239 2.5
    endloop
  endfacet
  facet normal 0 0 1
    outer loop
      vertex -25 14 2.5
      vertex -24.7071 14.7071 2.5
      vertex -24.8315 14.5556 2.5
    endloop
  endfacet
  facet normal 0 0 1
    outer loop
      vertex -24.3827 -14.9239 2.5
      vertex -25 -14 2.5
      vertex -24.5556 -14.8315 2.5
    endloop
  endfacet
  facet normal 0 0 1
    outer loop
      vertex -25 14 2.5
      vertex -24.8315 14.5556 2.5
      vertex -24.9239 14.3827 2.5
    endloop
  endfacet
  facet normal 0 0 1
    outer loop
      vertex -24.5556 -14.8315 2.5
      vertex -25 -14 2.5
      vertex -24.7071 -14.7071 2.5
    endloop
  endfacet
  facet normal 0 0 1
    outer loop
      vertex -25 14 2.5
      vertex -24.9239 14.3827 2.5
      vertex -24.9808 14.1951 2.5
    endloop
  endfacet
  facet normal 0 0 1
    outer loop
      vertex -24.7071 -14.7071 2.5
      vertex -25 -14 2.5
      vertex -24.8315 -14.5556 2.5
    endloop
  endfacet
  facet normal 0 0 1
    outer loop
      vertex -24.8315 -14.5556 2.5
      vertex -25 -14 2.5
      vertex -24.9239 -14.3827 2.5
    endloop
  endfacet
  facet normal 0 0 1
    outer loop
      vertex -24.9239 -14.3827 2.5
      vertex -25 -14 2.5
      vertex -24.9808 -14.1951 2.5
    endloop
  endfacet
  facet normal -0.58779 -0.809013 0
    outer loop
      vertex 1.35 2.33827 -2.5
      vertex 1.80665 2.00649 -0.6
      vertex 1.35 2.33827 -0.6
    endloop
  endfacet
  facet normal -0.58779 -0.809013 -0
    outer loop
      vertex 1.80665 2.00649 -0.6
      vertex 1.35 2.33827 -2.5
      vertex 1.80665 2.00649 -2.5
    endloop
  endfacet
  facet normal 0.951055 -0.309023 0
    outer loop
      vertex -2.641 0.561361 -0.6
      vertex -2.46657 1.09819 -2.5
      vertex -2.46657 1.09819 -0.6
    endloop
  endfacet
  facet normal 0.951055 -0.309023 0
    outer loop
      vertex -2.46657 1.09819 -2.5
      vertex -2.641 0.561361 -0.6
      vertex -2.641 0.561361 -2.5
    endloop
  endfacet
  facet normal -0.207918 0.978146 0
    outer loop
      vertex 0.834346 -2.56785 -2.5
      vertex 0.282227 -2.68521 -0.6
      vertex 0.834346 -2.56785 -0.6
    endloop
  endfacet
  facet normal -0.207918 0.978146 0
    outer loop
      vertex 0.282227 -2.68521 -0.6
      vertex 0.834346 -2.56785 -2.5
      vertex 0.282227 -2.68521 -2.5
    endloop
  endfacet
  facet normal 0.994522 -0.104526 0
    outer loop
      vertex -2.7 0 -0.6
      vertex -2.641 0.561361 -2.5
      vertex -2.641 0.561361 -0.6
    endloop
  endfacet
  facet normal 0.994522 -0.104526 0
    outer loop
      vertex -2.641 0.561361 -2.5
      vertex -2.7 0 -0.6
      vertex -2.7 0 -2.5
    endloop
  endfacet
  facet normal 0 1 -0
    outer loop
      vertex 0.282227 -2.68521 -2.5
      vertex -0.282227 -2.68521 -0.6
      vertex 0.282227 -2.68521 -0.6
    endloop
  endfacet
  facet normal 0 1 0
    outer loop
      vertex -0.282227 -2.68521 -0.6
      vertex 0.282227 -2.68521 -2.5
      vertex -0.282227 -2.68521 -2.5
    endloop
  endfacet
  facet normal -0.406731 -0.913548 0
    outer loop
      vertex 0.834346 2.56785 -2.5
      vertex 1.35 2.33827 -0.6
      vertex 0.834346 2.56785 -0.6
    endloop
  endfacet
  facet normal -0.406731 -0.913548 -0
    outer loop
      vertex 1.35 2.33827 -0.6
      vertex 0.834346 2.56785 -2.5
      vertex 1.35 2.33827 -2.5
    endloop
  endfacet
  facet normal -0.994522 0.104526 0
    outer loop
      vertex 2.641 -0.561361 -2.5
      vertex 2.7 0 -0.6
      vertex 2.7 0 -2.5
    endloop
  endfacet
  facet normal -0.994522 0.104526 0
    outer loop
      vertex 2.7 0 -0.6
      vertex 2.641 -0.561361 -2.5
      vertex 2.641 -0.561361 -0.6
    endloop
  endfacet
  facet normal -0.86603 -0.499992 0
    outer loop
      vertex 2.46657 1.09819 -2.5
      vertex 2.18435 1.58702 -0.6
      vertex 2.18435 1.58702 -2.5
    endloop
  endfacet
  facet normal -0.86603 -0.499992 0
    outer loop
      vertex 2.18435 1.58702 -0.6
      vertex 2.46657 1.09819 -2.5
      vertex 2.46657 1.09819 -0.6
    endloop
  endfacet
  facet normal -0.86603 0.499992 0
    outer loop
      vertex 2.18435 -1.58702 -2.5
      vertex 2.46657 -1.09819 -0.6
      vertex 2.46657 -1.09819 -2.5
    endloop
  endfacet
  facet normal -0.86603 0.499992 0
    outer loop
      vertex 2.46657 -1.09819 -0.6
      vertex 2.18435 -1.58702 -2.5
      vertex 2.18435 -1.58702 -0.6
    endloop
  endfacet
  facet normal 0.207918 0.978146 -0
    outer loop
      vertex -0.282227 -2.68521 -2.5
      vertex -0.834346 -2.56785 -0.6
      vertex -0.282227 -2.68521 -0.6
    endloop
  endfacet
  facet normal 0.207918 0.978146 0
    outer loop
      vertex -0.834346 -2.56785 -0.6
      vertex -0.282227 -2.68521 -2.5
      vertex -0.834346 -2.56785 -2.5
    endloop
  endfacet
  facet normal -0.743138 -0.669138 0
    outer loop
      vertex 2.18435 1.58702 -2.5
      vertex 1.80665 2.00649 -0.6
      vertex 1.80665 2.00649 -2.5
    endloop
  endfacet
  facet normal -0.743138 -0.669138 0
    outer loop
      vertex 1.80665 2.00649 -0.6
      vertex 2.18435 1.58702 -2.5
      vertex 2.18435 1.58702 -0.6
    endloop
  endfacet
  facet normal -0.994522 -0.104526 0
    outer loop
      vertex 2.7 0 -2.5
      vertex 2.641 0.561361 -0.6
      vertex 2.641 0.561361 -2.5
    endloop
  endfacet
  facet normal -0.994522 -0.104526 0
    outer loop
      vertex 2.641 0.561361 -0.6
      vertex 2.7 0 -2.5
      vertex 2.7 0 -0.6
    endloop
  endfacet
  facet normal 0.86603 -0.499992 0
    outer loop
      vertex -2.46657 1.09819 -0.6
      vertex -2.18435 1.58702 -2.5
      vertex -2.18435 1.58702 -0.6
    endloop
  endfacet
  facet normal 0.86603 -0.499992 0
    outer loop
      vertex -2.18435 1.58702 -2.5
      vertex -2.46657 1.09819 -0.6
      vertex -2.46657 1.09819 -2.5
    endloop
  endfacet
  facet normal -0.207918 -0.978146 0
    outer loop
      vertex 0.282227 2.68521 -2.5
      vertex 0.834346 2.56785 -0.6
      vertex 0.282227 2.68521 -0.6
    endloop
  endfacet
  facet normal -0.207918 -0.978146 -0
    outer loop
      vertex 0.834346 2.56785 -0.6
      vertex 0.282227 2.68521 -2.5
      vertex 0.834346 2.56785 -2.5
    endloop
  endfacet
  facet normal 0.951055 0.309023 0
    outer loop
      vertex -2.46657 -1.09819 -0.6
      vertex -2.641 -0.561361 -2.5
      vertex -2.641 -0.561361 -0.6
    endloop
  endfacet
  facet normal 0.951055 0.309023 0
    outer loop
      vertex -2.641 -0.561361 -2.5
      vertex -2.46657 -1.09819 -0.6
      vertex -2.46657 -1.09819 -2.5
    endloop
  endfacet
  facet normal 0.58779 -0.809013 0
    outer loop
      vertex -1.80665 2.00649 -2.5
      vertex -1.35 2.33827 -0.6
      vertex -1.80665 2.00649 -0.6
    endloop
  endfacet
  facet normal 0.58779 -0.809013 0
    outer loop
      vertex -1.35 2.33827 -0.6
      vertex -1.80665 2.00649 -2.5
      vertex -1.35 2.33827 -2.5
    endloop
  endfacet
  facet normal -0.951055 -0.309023 0
    outer loop
      vertex 2.641 0.561361 -2.5
      vertex 2.46657 1.09819 -0.6
      vertex 2.46657 1.09819 -2.5
    endloop
  endfacet
  facet normal -0.951055 -0.309023 0
    outer loop
      vertex 2.46657 1.09819 -0.6
      vertex 2.641 0.561361 -2.5
      vertex 2.641 0.561361 -0.6
    endloop
  endfacet
  facet normal -0.951055 0.309023 0
    outer loop
      vertex 2.46657 -1.09819 -2.5
      vertex 2.641 -0.561361 -0.6
      vertex 2.641 -0.561361 -2.5
    endloop
  endfacet
  facet normal -0.951055 0.309023 0
    outer loop
      vertex 2.641 -0.561361 -0.6
      vertex 2.46657 -1.09819 -2.5
      vertex 2.46657 -1.09819 -0.6
    endloop
  endfacet
  facet normal -0.406731 0.913548 0
    outer loop
      vertex 1.35 -2.33827 -2.5
      vertex 0.834346 -2.56785 -0.6
      vertex 1.35 -2.33827 -0.6
    endloop
  endfacet
  facet normal -0.406731 0.913548 0
    outer loop
      vertex 0.834346 -2.56785 -0.6
      vertex 1.35 -2.33827 -2.5
      vertex 0.834346 -2.56785 -2.5
    endloop
  endfacet
  facet normal 0.406731 0.913548 -0
    outer loop
      vertex -0.834346 -2.56785 -2.5
      vertex -1.35 -2.33827 -0.6
      vertex -0.834346 -2.56785 -0.6
    endloop
  endfacet
  facet normal 0.406731 0.913548 0
    outer loop
      vertex -1.35 -2.33827 -0.6
      vertex -0.834346 -2.56785 -2.5
      vertex -1.35 -2.33827 -2.5
    endloop
  endfacet
  facet normal 0.743138 -0.669138 0
    outer loop
      vertex -2.18435 1.58702 -0.6
      vertex -1.80665 2.00649 -2.5
      vertex -1.80665 2.00649 -0.6
    endloop
  endfacet
  facet normal 0.743138 -0.669138 0
    outer loop
      vertex -1.80665 2.00649 -2.5
      vertex -2.18435 1.58702 -0.6
      vertex -2.18435 1.58702 -2.5
    endloop
  endfacet
  facet normal 0.207918 -0.978146 0
    outer loop
      vertex -0.834346 2.56785 -2.5
      vertex -0.282227 2.68521 -0.6
      vertex -0.834346 2.56785 -0.6
    endloop
  endfacet
  facet normal 0.207918 -0.978146 0
    outer loop
      vertex -0.282227 2.68521 -0.6
      vertex -0.834346 2.56785 -2.5
      vertex -0.282227 2.68521 -2.5
    endloop
  endfacet
  facet normal -0.58779 0.809013 0
    outer loop
      vertex 1.80665 -2.00649 -2.5
      vertex 1.35 -2.33827 -0.6
      vertex 1.80665 -2.00649 -0.6
    endloop
  endfacet
  facet normal -0.58779 0.809013 0
    outer loop
      vertex 1.35 -2.33827 -0.6
      vertex 1.80665 -2.00649 -2.5
      vertex 1.35 -2.33827 -2.5
    endloop
  endfacet
  facet normal 0.58779 0.809013 -0
    outer loop
      vertex -1.35 -2.33827 -2.5
      vertex -1.80665 -2.00649 -0.6
      vertex -1.35 -2.33827 -0.6
    endloop
  endfacet
  facet normal 0.58779 0.809013 0
    outer loop
      vertex -1.80665 -2.00649 -0.6
      vertex -1.35 -2.33827 -2.5
      vertex -1.80665 -2.00649 -2.5
    endloop
  endfacet
  facet normal 0 -1 0
    outer loop
      vertex -0.282227 2.68521 -2.5
      vertex 0.282227 2.68521 -0.6
      vertex -0.282227 2.68521 -0.6
    endloop
  endfacet
  facet normal 0 -1 -0
    outer loop
      vertex 0.282227 2.68521 -0.6
      vertex -0.282227 2.68521 -2.5
      vertex 0.282227 2.68521 -2.5
    endloop
  endfacet
  facet normal -0.743138 0.669138 0
    outer loop
      vertex 1.80665 -2.00649 -2.5
      vertex 2.18435 -1.58702 -0.6
      vertex 2.18435 -1.58702 -2.5
    endloop
  endfacet
  facet normal -0.743138 0.669138 0
    outer loop
      vertex 2.18435 -1.58702 -0.6
      vertex 1.80665 -2.00649 -2.5
      vertex 1.80665 -2.00649 -0.6
    endloop
  endfacet
  facet normal 0.406731 -0.913548 0
    outer loop
      vertex -1.35 2.33827 -2.5
      vertex -0.834346 2.56785 -0.6
      vertex -1.35 2.33827 -0.6
    endloop
  endfacet
  facet normal 0.406731 -0.913548 0
    outer loop
      vertex -0.834346 2.56785 -0.6
      vertex -1.35 2.33827 -2.5
      vertex -0.834346 2.56785 -2.5
    endloop
  endfacet
  facet normal 0.86603 0.499992 0
    outer loop
      vertex -2.18435 -1.58702 -0.6
      vertex -2.46657 -1.09819 -2.5
      vertex -2.46657 -1.09819 -0.6
    endloop
  endfacet
  facet normal 0.86603 0.499992 0
    outer loop
      vertex -2.46657 -1.09819 -2.5
      vertex -2.18435 -1.58702 -0.6
      vertex -2.18435 -1.58702 -2.5
    endloop
  endfacet
  facet normal 0.743138 0.669138 0
    outer loop
      vertex -1.80665 -2.00649 -0.6
      vertex -2.18435 -1.58702 -2.5
      vertex -2.18435 -1.58702 -0.6
    endloop
  endfacet
  facet normal 0.743138 0.669138 0
    outer loop
      vertex -2.18435 -1.58702 -2.5
      vertex -1.80665 -2.00649 -0.6
      vertex -1.80665 -2.00649 -2.5
    endloop
  endfacet
  facet normal 0.994522 0.104526 0
    outer loop
      vertex -2.641 -0.561361 -0.6
      vertex -2.7 0 -2.5
      vertex -2.7 0 -0.6
    endloop
  endfacet
  facet normal 0.994522 0.104526 0
    outer loop
      vertex -2.7 0 -2.5
      vertex -2.641 -0.561361 -0.6
      vertex -2.641 -0.561361 -2.5
    endloop
  endfacet
  facet normal -0.595686 -0.536362 -0.597891
    outer loop
      vertex 1.80665 2.00649 -0.6
      vertex 1.45623 1.05801 0.6
      vertex 1.20443 1.33766 0.6
    endloop
  endfacet
  facet normal 0.762344 0.247706 -0.59789
    outer loop
      vertex -1.64438 -0.732125 0.6
      vertex -2.46657 -1.09819 -0.6
      vertex -2.641 -0.561361 -0.6
    endloop
  endfacet
  facet normal -0.797186 -0.0837997 -0.59789
    outer loop
      vertex 2.7 0 -0.6
      vertex 1.8 0 0.6
      vertex 1.76066 0.374241 0.6
    endloop
  endfacet
  facet normal -0.797185 -0.0837855 -0.597893
    outer loop
      vertex 2.641 0.561361 -0.6
      vertex 2.7 0 -0.6
      vertex 1.76066 0.374241 0.6
    endloop
  endfacet
  facet normal 0.694185 0.400788 -0.597893
    outer loop
      vertex -1.64438 -0.732125 0.6
      vertex -1.45623 -1.05801 0.6
      vertex -2.18435 -1.58702 -0.6
    endloop
  endfacet
  facet normal -0.69419 -0.400782 -0.597891
    outer loop
      vertex 2.18435 1.58702 -0.6
      vertex 2.46657 1.09819 -0.6
      vertex 1.64438 0.732125 0.6
    endloop
  endfacet
  facet normal 0.69419 -0.400782 -0.597891
    outer loop
      vertex -2.18435 1.58702 -0.6
      vertex -1.64438 0.732125 0.6
      vertex -2.46657 1.09819 -0.6
    endloop
  endfacet
  facet normal -0.326027 0.73228 -0.59789
    outer loop
      vertex 1.35 -2.33827 -0.6
      vertex 0.834346 -2.56785 -0.6
      vertex 0.556231 -1.7119 0.6
    endloop
  endfacet
  facet normal -0.762344 -0.247706 -0.59789
    outer loop
      vertex 2.46657 1.09819 -0.6
      vertex 2.641 0.561361 -0.6
      vertex 1.64438 0.732125 0.6
    endloop
  endfacet
  facet normal -0.326021 -0.732284 -0.597888
    outer loop
      vertex 1.35 2.33827 -0.6
      vertex 0.9 1.55885 0.6
      vertex 0.556231 1.7119 0.6
    endloop
  endfacet
  facet normal -0.326021 0.732284 -0.597888
    outer loop
      vertex 0.9 -1.55885 0.6
      vertex 1.35 -2.33827 -0.6
      vertex 0.556231 -1.7119 0.6
    endloop
  endfacet
  facet normal -0.471167 0.648481 -0.597891
    outer loop
      vertex 1.20443 -1.33766 0.6
      vertex 1.80665 -2.00649 -0.6
      vertex 0.9 -1.55885 0.6
    endloop
  endfacet
  facet normal 0.47116 0.648488 -0.597889
    outer loop
      vertex -0.9 -1.55885 0.6
      vertex -1.35 -2.33827 -0.6
      vertex -1.80665 -2.00649 -0.6
    endloop
  endfacet
  facet normal 0.326027 0.73228 -0.59789
    outer loop
      vertex -0.556231 -1.7119 0.6
      vertex -0.834346 -2.56785 -0.6
      vertex -1.35 -2.33827 -0.6
    endloop
  endfacet
  facet normal 0.166661 -0.784061 -0.59789
    outer loop
      vertex -0.282227 2.68521 -0.6
      vertex -0.18815 1.79014 0.6
      vertex -0.556231 1.7119 0.6
    endloop
  endfacet
  facet normal 0.166662 -0.784061 -0.59789
    outer loop
      vertex -0.282227 2.68521 -0.6
      vertex -0.556231 1.7119 0.6
      vertex -0.834346 2.56785 -0.6
    endloop
  endfacet
  facet normal -0.326027 -0.73228 -0.59789
    outer loop
      vertex 0.834346 2.56785 -0.6
      vertex 1.35 2.33827 -0.6
      vertex 0.556231 1.7119 0.6
    endloop
  endfacet
  facet normal -0.694185 -0.400788 -0.597893
    outer loop
      vertex 2.18435 1.58702 -0.6
      vertex 1.64438 0.732125 0.6
      vertex 1.45623 1.05801 0.6
    endloop
  endfacet
  facet normal 0.762344 -0.247706 -0.59789
    outer loop
      vertex -2.46657 1.09819 -0.6
      vertex -1.64438 0.732125 0.6
      vertex -2.641 0.561361 -0.6
    endloop
  endfacet
  facet normal 0.797186 -0.0837997 -0.59789
    outer loop
      vertex -1.76066 0.374241 0.6
      vertex -1.8 0 0.6
      vertex -2.7 0 -0.6
    endloop
  endfacet
  facet normal -0.471167 -0.648481 -0.597891
    outer loop
      vertex 1.80665 2.00649 -0.6
      vertex 1.20443 1.33766 0.6
      vertex 0.9 1.55885 0.6
    endloop
  endfacet
  facet normal -0.595682 0.536365 -0.597892
    outer loop
      vertex 2.18435 -1.58702 -0.6
      vertex 1.80665 -2.00649 -0.6
      vertex 1.45623 -1.05801 0.6
    endloop
  endfacet
  facet normal -0.694185 0.400788 -0.597893
    outer loop
      vertex 1.64438 -0.732125 0.6
      vertex 2.18435 -1.58702 -0.6
      vertex 1.45623 -1.05801 0.6
    endloop
  endfacet
  facet normal 0.326021 0.732284 -0.597888
    outer loop
      vertex -0.9 -1.55885 0.6
      vertex -0.556231 -1.7119 0.6
      vertex -1.35 -2.33827 -0.6
    endloop
  endfacet
  facet normal 0.69419 0.400782 -0.597891
    outer loop
      vertex -1.64438 -0.732125 0.6
      vertex -2.18435 -1.58702 -0.6
      vertex -2.46657 -1.09819 -0.6
    endloop
  endfacet
  facet normal -0.595682 -0.536365 -0.597892
    outer loop
      vertex 1.80665 2.00649 -0.6
      vertex 2.18435 1.58702 -0.6
      vertex 1.45623 1.05801 0.6
    endloop
  endfacet
  facet normal -0.595686 0.536362 -0.597891
    outer loop
      vertex 1.45623 -1.05801 0.6
      vertex 1.80665 -2.00649 -0.6
      vertex 1.20443 -1.33766 0.6
    endloop
  endfacet
  facet normal -0.47116 -0.648488 -0.597889
    outer loop
      vertex 1.35 2.33827 -0.6
      vertex 1.80665 2.00649 -0.6
      vertex 0.9 1.55885 0.6
    endloop
  endfacet
  facet normal 0.595686 0.536362 -0.597891
    outer loop
      vertex -1.45623 -1.05801 0.6
      vertex -1.20443 -1.33766 0.6
      vertex -1.80665 -2.00649 -0.6
    endloop
  endfacet
  facet normal -0.166662 -0.784061 -0.59789
    outer loop
      vertex 0.834346 2.56785 -0.6
      vertex 0.556231 1.7119 0.6
      vertex 0.282227 2.68521 -0.6
    endloop
  endfacet
  facet normal 0.471167 0.648481 -0.597891
    outer loop
      vertex -1.20443 -1.33766 0.6
      vertex -0.9 -1.55885 0.6
      vertex -1.80665 -2.00649 -0.6
    endloop
  endfacet
  facet normal 0.797185 0.0837855 -0.597893
    outer loop
      vertex -1.76066 -0.374241 0.6
      vertex -2.641 -0.561361 -0.6
      vertex -2.7 0 -0.6
    endloop
  endfacet
  facet normal -0.797185 0.0837855 -0.597893
    outer loop
      vertex 2.7 0 -0.6
      vertex 2.641 -0.561361 -0.6
      vertex 1.76066 -0.374241 0.6
    endloop
  endfacet
  facet normal -0.797186 0.0837997 -0.59789
    outer loop
      vertex 1.8 0 0.6
      vertex 2.7 0 -0.6
      vertex 1.76066 -0.374241 0.6
    endloop
  endfacet
  facet normal 0.166661 0.784061 -0.59789
    outer loop
      vertex -0.18815 -1.79014 0.6
      vertex -0.282227 -2.68521 -0.6
      vertex -0.556231 -1.7119 0.6
    endloop
  endfacet
  facet normal 0.797186 0.0837997 -0.59789
    outer loop
      vertex -1.8 0 0.6
      vertex -1.76066 -0.374241 0.6
      vertex -2.7 0 -0.6
    endloop
  endfacet
  facet normal 0.595682 -0.536365 -0.597892
    outer loop
      vertex -1.80665 2.00649 -0.6
      vertex -1.45623 1.05801 0.6
      vertex -2.18435 1.58702 -0.6
    endloop
  endfacet
  facet normal 0.166662 0.784061 -0.59789
    outer loop
      vertex -0.556231 -1.7119 0.6
      vertex -0.282227 -2.68521 -0.6
      vertex -0.834346 -2.56785 -0.6
    endloop
  endfacet
  facet normal 0.797185 -0.0837855 -0.597893
    outer loop
      vertex -2.641 0.561361 -0.6
      vertex -1.76066 0.374241 0.6
      vertex -2.7 0 -0.6
    endloop
  endfacet
  facet normal -0.762346 -0.247694 -0.597893
    outer loop
      vertex 2.641 0.561361 -0.6
      vertex 1.76066 0.374241 0.6
      vertex 1.64438 0.732125 0.6
    endloop
  endfacet
  facet normal -0.69419 0.400782 -0.597891
    outer loop
      vertex 2.46657 -1.09819 -0.6
      vertex 2.18435 -1.58702 -0.6
      vertex 1.64438 -0.732125 0.6
    endloop
  endfacet
  facet normal -0.762344 0.247706 -0.59789
    outer loop
      vertex 2.641 -0.561361 -0.6
      vertex 2.46657 -1.09819 -0.6
      vertex 1.64438 -0.732125 0.6
    endloop
  endfacet
  facet normal 0.762346 0.247694 -0.597893
    outer loop
      vertex -1.76066 -0.374241 0.6
      vertex -1.64438 -0.732125 0.6
      vertex -2.641 -0.561361 -0.6
    endloop
  endfacet
  facet normal 0.595682 0.536365 -0.597892
    outer loop
      vertex -1.45623 -1.05801 0.6
      vertex -1.80665 -2.00649 -0.6
      vertex -2.18435 -1.58702 -0.6
    endloop
  endfacet
  facet normal 0.326021 -0.732284 -0.597888
    outer loop
      vertex -0.556231 1.7119 0.6
      vertex -0.9 1.55885 0.6
      vertex -1.35 2.33827 -0.6
    endloop
  endfacet
  facet normal -0.166661 -0.784061 -0.59789
    outer loop
      vertex 0.282227 2.68521 -0.6
      vertex 0.556231 1.7119 0.6
      vertex 0.18815 1.79014 0.6
    endloop
  endfacet
  facet normal -0.47116 0.648488 -0.597889
    outer loop
      vertex 1.80665 -2.00649 -0.6
      vertex 1.35 -2.33827 -0.6
      vertex 0.9 -1.55885 0.6
    endloop
  endfacet
  facet normal -0.166662 0.784061 -0.59789
    outer loop
      vertex 0.556231 -1.7119 0.6
      vertex 0.834346 -2.56785 -0.6
      vertex 0.282227 -2.68521 -0.6
    endloop
  endfacet
  facet normal -0.762346 0.247694 -0.597893
    outer loop
      vertex 1.76066 -0.374241 0.6
      vertex 2.641 -0.561361 -0.6
      vertex 1.64438 -0.732125 0.6
    endloop
  endfacet
  facet normal 0 -0.801578 -0.59789
    outer loop
      vertex -0.282227 2.68521 -0.6
      vertex 0.18815 1.79014 0.6
      vertex -0.18815 1.79014 0.6
    endloop
  endfacet
  facet normal 0 -0.801578 -0.59789
    outer loop
      vertex 0.18815 1.79014 0.6
      vertex -0.282227 2.68521 -0.6
      vertex 0.282227 2.68521 -0.6
    endloop
  endfacet
  facet normal -0.166661 0.784061 -0.59789
    outer loop
      vertex 0.556231 -1.7119 0.6
      vertex 0.282227 -2.68521 -0.6
      vertex 0.18815 -1.79014 0.6
    endloop
  endfacet
  facet normal 0.326027 -0.73228 -0.59789
    outer loop
      vertex -0.834346 2.56785 -0.6
      vertex -0.556231 1.7119 0.6
      vertex -1.35 2.33827 -0.6
    endloop
  endfacet
  facet normal 0.47116 -0.648488 -0.597889
    outer loop
      vertex -1.35 2.33827 -0.6
      vertex -0.9 1.55885 0.6
      vertex -1.80665 2.00649 -0.6
    endloop
  endfacet
  facet normal 0 0.801578 -0.59789
    outer loop
      vertex 0.282227 -2.68521 -0.6
      vertex -0.18815 -1.79014 0.6
      vertex 0.18815 -1.79014 0.6
    endloop
  endfacet
  facet normal 0 0.801578 -0.59789
    outer loop
      vertex -0.18815 -1.79014 0.6
      vertex 0.282227 -2.68521 -0.6
      vertex -0.282227 -2.68521 -0.6
    endloop
  endfacet
  facet normal 0.595686 -0.536362 -0.597891
    outer loop
      vertex -1.20443 1.33766 0.6
      vertex -1.45623 1.05801 0.6
      vertex -1.80665 2.00649 -0.6
    endloop
  endfacet
  facet normal 0.471167 -0.648481 -0.597891
    outer loop
      vertex -0.9 1.55885 0.6
      vertex -1.20443 1.33766 0.6
      vertex -1.80665 2.00649 -0.6
    endloop
  endfacet
  facet normal 0.762346 -0.247694 -0.597893
    outer loop
      vertex -1.64438 0.732125 0.6
      vertex -1.76066 0.374241 0.6
      vertex -2.641 0.561361 -0.6
    endloop
  endfacet
  facet normal 0.694185 -0.400788 -0.597893
    outer loop
      vertex -1.45623 1.05801 0.6
      vertex -1.64438 0.732125 0.6
      vertex -2.18435 1.58702 -0.6
    endloop
  endfacet
  facet normal 0 0 -1
    outer loop
      vertex 1.76066 -0.374241 0.6
      vertex 1.76066 0.374241 0.6
      vertex 1.8 0 0.6
    endloop
  endfacet
  facet normal 0 0 -1
    outer loop
      vertex 1.64438 -0.732125 0.6
      vertex 1.76066 0.374241 0.6
      vertex 1.76066 -0.374241 0.6
    endloop
  endfacet
  facet normal 0 0 -1
    outer loop
      vertex 1.64438 -0.732125 0.6
      vertex 1.64438 0.732125 0.6
      vertex 1.76066 0.374241 0.6
    endloop
  endfacet
  facet normal 0 0 -1
    outer loop
      vertex 1.45623 -1.05801 0.6
      vertex 1.64438 0.732125 0.6
      vertex 1.64438 -0.732125 0.6
    endloop
  endfacet
  facet normal 0 0 -1
    outer loop
      vertex 1.45623 -1.05801 0.6
      vertex 1.45623 1.05801 0.6
      vertex 1.64438 0.732125 0.6
    endloop
  endfacet
  facet normal 0 0 -1
    outer loop
      vertex 1.20443 -1.33766 0.6
      vertex 1.45623 1.05801 0.6
      vertex 1.45623 -1.05801 0.6
    endloop
  endfacet
  facet normal 0 0 -1
    outer loop
      vertex 1.20443 -1.33766 0.6
      vertex 1.20443 1.33766 0.6
      vertex 1.45623 1.05801 0.6
    endloop
  endfacet
  facet normal 0 0 -1
    outer loop
      vertex 0.9 -1.55885 0.6
      vertex 1.20443 1.33766 0.6
      vertex 1.20443 -1.33766 0.6
    endloop
  endfacet
  facet normal 0 0 -1
    outer loop
      vertex 0.9 -1.55885 0.6
      vertex 0.9 1.55885 0.6
      vertex 1.20443 1.33766 0.6
    endloop
  endfacet
  facet normal 0 0 -1
    outer loop
      vertex 0.556231 -1.7119 0.6
      vertex 0.9 1.55885 0.6
      vertex 0.9 -1.55885 0.6
    endloop
  endfacet
  facet normal 0 0 -1
    outer loop
      vertex 0.556231 -1.7119 0.6
      vertex 0.556231 1.7119 0.6
      vertex 0.9 1.55885 0.6
    endloop
  endfacet
  facet normal 0 0 -1
    outer loop
      vertex 0.18815 -1.79014 0.6
      vertex 0.556231 1.7119 0.6
      vertex 0.556231 -1.7119 0.6
    endloop
  endfacet
  facet normal 0 0 -1
    outer loop
      vertex 0.18815 -1.79014 0.6
      vertex 0.18815 1.79014 0.6
      vertex 0.556231 1.7119 0.6
    endloop
  endfacet
  facet normal 0 0 -1
    outer loop
      vertex -0.18815 -1.79014 0.6
      vertex 0.18815 1.79014 0.6
      vertex 0.18815 -1.79014 0.6
    endloop
  endfacet
  facet normal 0 0 -1
    outer loop
      vertex -0.18815 -1.79014 0.6
      vertex -0.18815 1.79014 0.6
      vertex 0.18815 1.79014 0.6
    endloop
  endfacet
  facet normal 0 0 -1
    outer loop
      vertex -0.556231 -1.7119 0.6
      vertex -0.18815 1.79014 0.6
      vertex -0.18815 -1.79014 0.6
    endloop
  endfacet
  facet normal 0 0 -1
    outer loop
      vertex -0.556231 -1.7119 0.6
      vertex -0.556231 1.7119 0.6
      vertex -0.18815 1.79014 0.6
    endloop
  endfacet
  facet normal 0 0 -1
    outer loop
      vertex -0.9 -1.55885 0.6
      vertex -0.556231 1.7119 0.6
      vertex -0.556231 -1.7119 0.6
    endloop
  endfacet
  facet normal 0 0 -1
    outer loop
      vertex -0.9 -1.55885 0.6
      vertex -0.9 1.55885 0.6
      vertex -0.556231 1.7119 0.6
    endloop
  endfacet
  facet normal 0 0 -1
    outer loop
      vertex -1.20443 -1.33766 0.6
      vertex -0.9 1.55885 0.6
      vertex -0.9 -1.55885 0.6
    endloop
  endfacet
  facet normal 0 0 -1
    outer loop
      vertex -1.20443 -1.33766 0.6
      vertex -1.20443 1.33766 0.6
      vertex -0.9 1.55885 0.6
    endloop
  endfacet
  facet normal 0 0 -1
    outer loop
      vertex -1.45623 -1.05801 0.6
      vertex -1.20443 1.33766 0.6
      vertex -1.20443 -1.33766 0.6
    endloop
  endfacet
  facet normal 0 0 -1
    outer loop
      vertex -1.45623 -1.05801 0.6
      vertex -1.45623 1.05801 0.6
      vertex -1.20443 1.33766 0.6
    endloop
  endfacet
  facet normal 0 0 -1
    outer loop
      vertex -1.64438 -0.732125 0.6
      vertex -1.45623 1.05801 0.6
      vertex -1.45623 -1.05801 0.6
    endloop
  endfacet
  facet normal 0 0 -1
    outer loop
      vertex -1.64438 -0.732125 0.6
      vertex -1.64438 0.732125 0.6
      vertex -1.45623 1.05801 0.6
    endloop
  endfacet
  facet normal 0 0 -1
    outer loop
      vertex -1.76066 -0.374241 0.6
      vertex -1.64438 0.732125 0.6
      vertex -1.64438 -0.732125 0.6
    endloop
  endfacet
  facet normal 0 0 -1
    outer loop
      vertex -1.76066 -0.374241 0.6
      vertex -1.76066 0.374241 0.6
      vertex -1.64438 0.732125 0.6
    endloop
  endfacet
  facet normal 0 -0 -1
    outer loop
      vertex -1.76066 0.374241 0.6
      vertex -1.76066 -0.374241 0.6
      vertex -1.8 0 0.6
    endloop
  endfacet
  facet normal 0.743149 0.669126 0
    outer loop
      vertex -2.14122 -9.87806 -0.6
      vertex -2.58885 -9.38091 -2.5
      vertex -2.58885 -9.38091 -0.6
    endloop
  endfacet
  facet normal 0.743149 0.669126 0
    outer loop
      vertex -2.58885 -9.38091 -2.5
      vertex -2.14122 -9.87806 -0.6
      vertex -2.14122 -9.87806 -2.5
    endloop
  endfacet
  facet normal -0.951055 -0.309021 0
    outer loop
      vertex 3.13007 -6.83468 -2.5
      vertex 2.92334 -6.19844 -0.6
      vertex 2.92334 -6.19844 -2.5
    endloop
  endfacet
  facet normal -0.951055 -0.309021 0
    outer loop
      vertex 2.92334 -6.19844 -0.6
      vertex 3.13007 -6.83468 -2.5
      vertex 3.13007 -6.83468 -0.6
    endloop
  endfacet
  facet normal -0.994522 -0.104531 0
    outer loop
      vertex 3.2 -7.5 -2.5
      vertex 3.13007 -6.83468 -0.6
      vertex 3.13007 -6.83468 -2.5
    endloop
  endfacet
  facet normal -0.994522 -0.104531 0
    outer loop
      vertex 3.13007 -6.83468 -0.6
      vertex 3.2 -7.5 -2.5
      vertex 3.2 -7.5 -0.6
    endloop
  endfacet
  facet normal -0.866024 -0.500002 0
    outer loop
      vertex 2.92334 -6.19844 -2.5
      vertex 2.58885 -5.61909 -0.6
      vertex 2.58885 -5.61909 -2.5
    endloop
  endfacet
  facet normal -0.866024 -0.500002 0
    outer loop
      vertex 2.58885 -5.61909 -0.6
      vertex 2.92334 -6.19844 -2.5
      vertex 2.92334 -6.19844 -0.6
    endloop
  endfacet
  facet normal -0.951055 0.309021 0
    outer loop
      vertex 2.92334 -8.80156 -2.5
      vertex 3.13007 -8.16532 -0.6
      vertex 3.13007 -8.16532 -2.5
    endloop
  endfacet
  facet normal -0.951055 0.309021 0
    outer loop
      vertex 3.13007 -8.16532 -0.6
      vertex 2.92334 -8.80156 -2.5
      vertex 2.92334 -8.80156 -0.6
    endloop
  endfacet
  facet normal -0.587805 0.809002 0
    outer loop
      vertex 2.14122 -9.87806 -2.5
      vertex 1.6 -10.2713 -0.6
      vertex 2.14122 -9.87806 -0.6
    endloop
  endfacet
  facet normal -0.587805 0.809002 0
    outer loop
      vertex 1.6 -10.2713 -0.6
      vertex 2.14122 -9.87806 -2.5
      vertex 1.6 -10.2713 -2.5
    endloop
  endfacet
  facet normal -0.743149 0.669126 0
    outer loop
      vertex 2.14122 -9.87806 -2.5
      vertex 2.58885 -9.38091 -0.6
      vertex 2.58885 -9.38091 -2.5
    endloop
  endfacet
  facet normal -0.743149 0.669126 0
    outer loop
      vertex 2.58885 -9.38091 -0.6
      vertex 2.14122 -9.87806 -2.5
      vertex 2.14122 -9.87806 -0.6
    endloop
  endfacet
  facet normal -0.994522 0.104531 0
    outer loop
      vertex 3.13007 -8.16532 -2.5
      vertex 3.2 -7.5 -0.6
      vertex 3.2 -7.5 -2.5
    endloop
  endfacet
  facet normal -0.994522 0.104531 0
    outer loop
      vertex 3.2 -7.5 -0.6
      vertex 3.13007 -8.16532 -2.5
      vertex 3.13007 -8.16532 -0.6
    endloop
  endfacet
  facet normal 0.406736 0.913546 -0
    outer loop
      vertex -0.988853 -10.5434 -2.5
      vertex -1.6 -10.2713 -0.6
      vertex -0.988853 -10.5434 -0.6
    endloop
  endfacet
  facet normal 0.406736 0.913546 0
    outer loop
      vertex -1.6 -10.2713 -0.6
      vertex -0.988853 -10.5434 -2.5
      vertex -1.6 -10.2713 -2.5
    endloop
  endfacet
  facet normal -0.406736 -0.913546 0
    outer loop
      vertex 0.988853 -4.45662 -2.5
      vertex 1.6 -4.72872 -0.6
      vertex 0.988853 -4.45662 -0.6
    endloop
  endfacet
  facet normal -0.406736 -0.913546 -0
    outer loop
      vertex 1.6 -4.72872 -0.6
      vertex 0.988853 -4.45662 -2.5
      vertex 1.6 -4.72872 -2.5
    endloop
  endfacet
  facet normal -0.743149 -0.669126 0
    outer loop
      vertex 2.58885 -5.61909 -2.5
      vertex 2.14122 -5.12194 -0.6
      vertex 2.14122 -5.12194 -2.5
    endloop
  endfacet
  facet normal -0.743149 -0.669126 0
    outer loop
      vertex 2.14122 -5.12194 -0.6
      vertex 2.58885 -5.61909 -2.5
      vertex 2.58885 -5.61909 -0.6
    endloop
  endfacet
  facet normal 0.587805 0.809002 -0
    outer loop
      vertex -1.6 -10.2713 -2.5
      vertex -2.14122 -9.87806 -0.6
      vertex -1.6 -10.2713 -0.6
    endloop
  endfacet
  facet normal 0.587805 0.809002 0
    outer loop
      vertex -2.14122 -9.87806 -0.6
      vertex -1.6 -10.2713 -2.5
      vertex -2.14122 -9.87806 -2.5
    endloop
  endfacet
  facet normal 0.743149 -0.669126 0
    outer loop
      vertex -2.58885 -5.61909 -0.6
      vertex -2.14122 -5.12194 -2.5
      vertex -2.14122 -5.12194 -0.6
    endloop
  endfacet
  facet normal 0.743149 -0.669126 0
    outer loop
      vertex -2.14122 -5.12194 -2.5
      vertex -2.58885 -5.61909 -0.6
      vertex -2.58885 -5.61909 -2.5
    endloop
  endfacet
  facet normal 0 -1 0
    outer loop
      vertex -0.334491 -4.31753 -2.5
      vertex 0.334491 -4.31753 -0.6
      vertex -0.334491 -4.31753 -0.6
    endloop
  endfacet
  facet normal 0 -1 -0
    outer loop
      vertex 0.334491 -4.31753 -0.6
      vertex -0.334491 -4.31753 -2.5
      vertex 0.334491 -4.31753 -2.5
    endloop
  endfacet
  facet normal -0.406736 0.913546 0
    outer loop
      vertex 1.6 -10.2713 -2.5
      vertex 0.988853 -10.5434 -0.6
      vertex 1.6 -10.2713 -0.6
    endloop
  endfacet
  facet normal -0.406736 0.913546 0
    outer loop
      vertex 0.988853 -10.5434 -0.6
      vertex 1.6 -10.2713 -2.5
      vertex 0.988853 -10.5434 -2.5
    endloop
  endfacet
  facet normal -0.207928 0.978144 0
    outer loop
      vertex 0.988853 -10.5434 -2.5
      vertex 0.334491 -10.6825 -0.6
      vertex 0.988853 -10.5434 -0.6
    endloop
  endfacet
  facet normal -0.207928 0.978144 0
    outer loop
      vertex 0.334491 -10.6825 -0.6
      vertex 0.988853 -10.5434 -2.5
      vertex 0.334491 -10.6825 -2.5
    endloop
  endfacet
  facet normal 0.951055 -0.309021 0
    outer loop
      vertex -3.13007 -6.83468 -0.6
      vertex -2.92334 -6.19844 -2.5
      vertex -2.92334 -6.19844 -0.6
    endloop
  endfacet
  facet normal 0.951055 -0.309021 0
    outer loop
      vertex -2.92334 -6.19844 -2.5
      vertex -3.13007 -6.83468 -0.6
      vertex -3.13007 -6.83468 -2.5
    endloop
  endfacet
  facet normal 0.951055 0.309021 0
    outer loop
      vertex -2.92334 -8.80156 -0.6
      vertex -3.13007 -8.16532 -2.5
      vertex -3.13007 -8.16532 -0.6
    endloop
  endfacet
  facet normal 0.951055 0.309021 0
    outer loop
      vertex -3.13007 -8.16532 -2.5
      vertex -2.92334 -8.80156 -0.6
      vertex -2.92334 -8.80156 -2.5
    endloop
  endfacet
  facet normal 0.406736 -0.913546 0
    outer loop
      vertex -1.6 -4.72872 -2.5
      vertex -0.988853 -4.45662 -0.6
      vertex -1.6 -4.72872 -0.6
    endloop
  endfacet
  facet normal 0.406736 -0.913546 0
    outer loop
      vertex -0.988853 -4.45662 -0.6
      vertex -1.6 -4.72872 -2.5
      vertex -0.988853 -4.45662 -2.5
    endloop
  endfacet
  facet normal 0.207928 0.978144 -0
    outer loop
      vertex -0.334491 -10.6825 -2.5
      vertex -0.988853 -10.5434 -0.6
      vertex -0.334491 -10.6825 -0.6
    endloop
  endfacet
  facet normal 0.207928 0.978144 0
    outer loop
      vertex -0.988853 -10.5434 -0.6
      vertex -0.334491 -10.6825 -2.5
      vertex -0.988853 -10.5434 -2.5
    endloop
  endfacet
  facet normal -0.207913 -0.978147 0
    outer loop
      vertex 0.334491 -4.31753 -2.5
      vertex 0.988853 -4.45662 -0.6
      vertex 0.334491 -4.31753 -0.6
    endloop
  endfacet
  facet normal -0.207913 -0.978147 -0
    outer loop
      vertex 0.988853 -4.45662 -0.6
      vertex 0.334491 -4.31753 -2.5
      vertex 0.988853 -4.45662 -2.5
    endloop
  endfacet
  facet normal 0.994522 0.104531 0
    outer loop
      vertex -3.13007 -8.16532 -0.6
      vertex -3.2 -7.5 -2.5
      vertex -3.2 -7.5 -0.6
    endloop
  endfacet
  facet normal 0.994522 0.104531 0
    outer loop
      vertex -3.2 -7.5 -2.5
      vertex -3.13007 -8.16532 -0.6
      vertex -3.13007 -8.16532 -2.5
    endloop
  endfacet
  facet normal 0.994522 -0.104531 0
    outer loop
      vertex -3.2 -7.5 -0.6
      vertex -3.13007 -6.83468 -2.5
      vertex -3.13007 -6.83468 -0.6
    endloop
  endfacet
  facet normal 0.994522 -0.104531 0
    outer loop
      vertex -3.13007 -6.83468 -2.5
      vertex -3.2 -7.5 -0.6
      vertex -3.2 -7.5 -2.5
    endloop
  endfacet
  facet normal 0.866024 0.500002 0
    outer loop
      vertex -2.58885 -9.38091 -0.6
      vertex -2.92334 -8.80156 -2.5
      vertex -2.92334 -8.80156 -0.6
    endloop
  endfacet
  facet normal 0.866024 0.500002 0
    outer loop
      vertex -2.92334 -8.80156 -2.5
      vertex -2.58885 -9.38091 -0.6
      vertex -2.58885 -9.38091 -2.5
    endloop
  endfacet
  facet normal 0.866024 -0.500002 0
    outer loop
      vertex -2.92334 -6.19844 -0.6
      vertex -2.58885 -5.61909 -2.5
      vertex -2.58885 -5.61909 -0.6
    endloop
  endfacet
  facet normal 0.866024 -0.500002 0
    outer loop
      vertex -2.58885 -5.61909 -2.5
      vertex -2.92334 -6.19844 -0.6
      vertex -2.92334 -6.19844 -2.5
    endloop
  endfacet
  facet normal -0.866024 0.500002 0
    outer loop
      vertex 2.58885 -9.38091 -2.5
      vertex 2.92334 -8.80156 -0.6
      vertex 2.92334 -8.80156 -2.5
    endloop
  endfacet
  facet normal -0.866024 0.500002 0
    outer loop
      vertex 2.92334 -8.80156 -0.6
      vertex 2.58885 -9.38091 -2.5
      vertex 2.58885 -9.38091 -0.6
    endloop
  endfacet
  facet normal -0.587786 -0.809017 0
    outer loop
      vertex 1.6 -4.72872 -2.5
      vertex 2.14122 -5.12194 -0.6
      vertex 1.6 -4.72872 -0.6
    endloop
  endfacet
  facet normal -0.587786 -0.809017 -0
    outer loop
      vertex 2.14122 -5.12194 -0.6
      vertex 1.6 -4.72872 -2.5
      vertex 2.14122 -5.12194 -2.5
    endloop
  endfacet
  facet normal 0.587786 -0.809017 0
    outer loop
      vertex -2.14122 -5.12194 -2.5
      vertex -1.6 -4.72872 -0.6
      vertex -2.14122 -5.12194 -0.6
    endloop
  endfacet
  facet normal 0.587786 -0.809017 0
    outer loop
      vertex -1.6 -4.72872 -0.6
      vertex -2.14122 -5.12194 -2.5
      vertex -1.6 -4.72872 -2.5
    endloop
  endfacet
  facet normal 0.207913 -0.978147 0
    outer loop
      vertex -0.988853 -4.45662 -2.5
      vertex -0.334491 -4.31753 -0.6
      vertex -0.988853 -4.45662 -0.6
    endloop
  endfacet
  facet normal 0.207913 -0.978147 0
    outer loop
      vertex -0.334491 -4.31753 -0.6
      vertex -0.988853 -4.45662 -2.5
      vertex -0.334491 -4.31753 -2.5
    endloop
  endfacet
  facet normal 0 1 -0
    outer loop
      vertex 0.334491 -10.6825 -2.5
      vertex -0.334491 -10.6825 -0.6
      vertex 0.334491 -10.6825 -0.6
    endloop
  endfacet
  facet normal 0 1 0
    outer loop
      vertex -0.334491 -10.6825 -0.6
      vertex 0.334491 -10.6825 -2.5
      vertex -0.334491 -10.6825 -2.5
    endloop
  endfacet
  facet normal -0.745113 -0.078318 -0.662324
    outer loop
      vertex 3.2 -7.5 -0.6
      vertex 2.13333 -7.5 0.6
      vertex 2.08671 -7.05646 0.6
    endloop
  endfacet
  facet normal -0.745112 -0.0783168 -0.662325
    outer loop
      vertex 3.13007 -6.83468 -0.6
      vertex 3.2 -7.5 -0.6
      vertex 2.08671 -7.05646 0.6
    endloop
  endfacet
  facet normal -0.648839 0.374615 -0.662323
    outer loop
      vertex 1.9489 -8.3677 0.6
      vertex 2.58885 -9.38091 -0.6
      vertex 1.7259 -8.75394 0.6
    endloop
  endfacet
  facet normal 0.648842 -0.374611 -0.662322
    outer loop
      vertex -2.58885 -5.61909 -0.6
      vertex -1.9489 -6.6323 0.6
      vertex -2.92334 -6.19844 -0.6
    endloop
  endfacet
  facet normal -0.44038 -0.60613 -0.662323
    outer loop
      vertex 1.6 -4.72872 -0.6
      vertex 2.14122 -5.12194 -0.6
      vertex 1.06667 -5.65248 0.6
    endloop
  endfacet
  facet normal -0.155772 -0.732846 -0.662323
    outer loop
      vertex 0.988853 -4.45662 -0.6
      vertex 0.659236 -5.47108 0.6
      vertex 0.334491 -4.31753 -0.6
    endloop
  endfacet
  facet normal 0.556778 0.501324 -0.662324
    outer loop
      vertex -1.7259 -8.75394 0.6
      vertex -1.42748 -9.08537 0.6
      vertex -2.14122 -9.87806 -0.6
    endloop
  endfacet
  facet normal -0.556778 -0.501324 -0.662324
    outer loop
      vertex 2.14122 -5.12194 -0.6
      vertex 1.7259 -6.24606 0.6
      vertex 1.42748 -5.91463 0.6
    endloop
  endfacet
  facet normal -0.712546 0.231524 -0.662325
    outer loop
      vertex 3.13007 -8.16532 -0.6
      vertex 2.92334 -8.80156 -0.6
      vertex 2.08671 -7.94354 0.6
    endloop
  endfacet
  facet normal -0.304735 -0.684445 -0.662323
    outer loop
      vertex 1.6 -4.72872 -0.6
      vertex 1.06667 -5.65248 0.6
      vertex 0.988853 -4.45662 -0.6
    endloop
  endfacet
  facet normal 0.648842 0.374611 -0.662322
    outer loop
      vertex -1.9489 -8.3677 0.6
      vertex -2.58885 -9.38091 -0.6
      vertex -2.92334 -8.80156 -0.6
    endloop
  endfacet
  facet normal -0.648842 -0.374611 -0.662322
    outer loop
      vertex 2.58885 -5.61909 -0.6
      vertex 2.92334 -6.19844 -0.6
      vertex 1.9489 -6.6323 0.6
    endloop
  endfacet
  facet normal 0.712555 0.23151 -0.662321
    outer loop
      vertex -2.08671 -7.94354 0.6
      vertex -1.9489 -8.3677 0.6
      vertex -2.92334 -8.80156 -0.6
    endloop
  endfacet
  facet normal 0.745113 -0.078318 -0.662324
    outer loop
      vertex -2.08671 -7.05646 0.6
      vertex -2.13333 -7.5 0.6
      vertex -3.2 -7.5 -0.6
    endloop
  endfacet
  facet normal 0.556778 -0.501324 -0.662324
    outer loop
      vertex -1.42748 -5.91463 0.6
      vertex -1.7259 -6.24606 0.6
      vertex -2.14122 -5.12194 -0.6
    endloop
  endfacet
  facet normal 0.745112 -0.0783168 -0.662325
    outer loop
      vertex -3.13007 -6.83468 -0.6
      vertex -2.08671 -7.05646 0.6
      vertex -3.2 -7.5 -0.6
    endloop
  endfacet
  facet normal 0.304732 0.68444 -0.662329
    outer loop
      vertex -1.06667 -9.34752 0.6
      vertex -0.988853 -10.5434 -0.6
      vertex -1.6 -10.2713 -0.6
    endloop
  endfacet
  facet normal -0.556781 -0.501321 -0.662323
    outer loop
      vertex 2.14122 -5.12194 -0.6
      vertex 2.58885 -5.61909 -0.6
      vertex 1.7259 -6.24606 0.6
    endloop
  endfacet
  facet normal -0.440386 -0.606124 -0.662325
    outer loop
      vertex 2.14122 -5.12194 -0.6
      vertex 1.42748 -5.91463 0.6
      vertex 1.06667 -5.65248 0.6
    endloop
  endfacet
  facet normal 0.648839 0.374615 -0.662323
    outer loop
      vertex -1.9489 -8.3677 0.6
      vertex -1.7259 -8.75394 0.6
      vertex -2.58885 -9.38091 -0.6
    endloop
  endfacet
  facet normal -0.304733 -0.684446 -0.662323
    outer loop
      vertex 0.988853 -4.45662 -0.6
      vertex 1.06667 -5.65248 0.6
      vertex 0.659236 -5.47108 0.6
    endloop
  endfacet
  facet normal 0.712546 -0.231524 -0.662325
    outer loop
      vertex -2.92334 -6.19844 -0.6
      vertex -2.08671 -7.05646 0.6
      vertex -3.13007 -6.83468 -0.6
    endloop
  endfacet
  facet normal 0.648839 -0.374615 -0.662323
    outer loop
      vertex -1.7259 -6.24606 0.6
      vertex -1.9489 -6.6323 0.6
      vertex -2.58885 -5.61909 -0.6
    endloop
  endfacet
  facet normal 0.712546 0.231524 -0.662325
    outer loop
      vertex -2.08671 -7.94354 0.6
      vertex -2.92334 -8.80156 -0.6
      vertex -3.13007 -8.16532 -0.6
    endloop
  endfacet
  facet normal 0.745112 0.0783168 -0.662325
    outer loop
      vertex -2.08671 -7.94354 0.6
      vertex -3.13007 -8.16532 -0.6
      vertex -3.2 -7.5 -0.6
    endloop
  endfacet
  facet normal -0.648839 -0.374615 -0.662323
    outer loop
      vertex 2.58885 -5.61909 -0.6
      vertex 1.9489 -6.6323 0.6
      vertex 1.7259 -6.24606 0.6
    endloop
  endfacet
  facet normal -0.712555 -0.23151 -0.662321
    outer loop
      vertex 2.92334 -6.19844 -0.6
      vertex 2.08671 -7.05646 0.6
      vertex 1.9489 -6.6323 0.6
    endloop
  endfacet
  facet normal -0.712546 -0.231524 -0.662325
    outer loop
      vertex 2.92334 -6.19844 -0.6
      vertex 3.13007 -6.83468 -0.6
      vertex 2.08671 -7.05646 0.6
    endloop
  endfacet
  facet normal -0.155776 0.732837 -0.662332
    outer loop
      vertex 0.659236 -9.52892 0.6
      vertex 0.334491 -10.6825 -0.6
      vertex 0.222994 -9.62165 0.6
    endloop
  endfacet
  facet normal 0.440386 0.606124 -0.662325
    outer loop
      vertex -1.42748 -9.08537 0.6
      vertex -1.06667 -9.34752 0.6
      vertex -2.14122 -9.87806 -0.6
    endloop
  endfacet
  facet normal 0.556781 -0.501321 -0.662323
    outer loop
      vertex -2.14122 -5.12194 -0.6
      vertex -1.7259 -6.24606 0.6
      vertex -2.58885 -5.61909 -0.6
    endloop
  endfacet
  facet normal -0.155782 0.732837 -0.662331
    outer loop
      vertex 0.659236 -9.52892 0.6
      vertex 0.988853 -10.5434 -0.6
      vertex 0.334491 -10.6825 -0.6
    endloop
  endfacet
  facet normal 0 0 -1
    outer loop
      vertex 2.08671 -7.94354 0.6
      vertex 2.08671 -7.05646 0.6
      vertex 2.13333 -7.5 0.6
    endloop
  endfacet
  facet normal 0 0 -1
    outer loop
      vertex 1.9489 -8.3677 0.6
      vertex 2.08671 -7.05646 0.6
      vertex 2.08671 -7.94354 0.6
    endloop
  endfacet
  facet normal 0 0 -1
    outer loop
      vertex 1.9489 -8.3677 0.6
      vertex 1.9489 -6.6323 0.6
      vertex 2.08671 -7.05646 0.6
    endloop
  endfacet
  facet normal 0 0 -1
    outer loop
      vertex 1.7259 -8.75394 0.6
      vertex 1.9489 -6.6323 0.6
      vertex 1.9489 -8.3677 0.6
    endloop
  endfacet
  facet normal 0 0 -1
    outer loop
      vertex 1.7259 -8.75394 0.6
      vertex 1.7259 -6.24606 0.6
      vertex 1.9489 -6.6323 0.6
    endloop
  endfacet
  facet normal 0 0 -1
    outer loop
      vertex 1.42748 -9.08537 0.6
      vertex 1.7259 -6.24606 0.6
      vertex 1.7259 -8.75394 0.6
    endloop
  endfacet
  facet normal 0 0 -1
    outer loop
      vertex 1.42748 -9.08537 0.6
      vertex 1.42748 -5.91463 0.6
      vertex 1.7259 -6.24606 0.6
    endloop
  endfacet
  facet normal 0 0 -1
    outer loop
      vertex 1.06667 -9.34752 0.6
      vertex 1.42748 -5.91463 0.6
      vertex 1.42748 -9.08537 0.6
    endloop
  endfacet
  facet normal 0 0 -1
    outer loop
      vertex 1.06667 -9.34752 0.6
      vertex 1.06667 -5.65248 0.6
      vertex 1.42748 -5.91463 0.6
    endloop
  endfacet
  facet normal 0 0 -1
    outer loop
      vertex 0.659236 -9.52892 0.6
      vertex 1.06667 -5.65248 0.6
      vertex 1.06667 -9.34752 0.6
    endloop
  endfacet
  facet normal 0 0 -1
    outer loop
      vertex 0.659236 -9.52892 0.6
      vertex 0.659236 -5.47108 0.6
      vertex 1.06667 -5.65248 0.6
    endloop
  endfacet
  facet normal 0 0 -1
    outer loop
      vertex 0.222994 -9.62165 0.6
      vertex 0.659236 -5.47108 0.6
      vertex 0.659236 -9.52892 0.6
    endloop
  endfacet
  facet normal 0 0 -1
    outer loop
      vertex 0.222994 -9.62165 0.6
      vertex 0.222994 -5.37835 0.6
      vertex 0.659236 -5.47108 0.6
    endloop
  endfacet
  facet normal 0 0 -1
    outer loop
      vertex -0.222994 -9.62165 0.6
      vertex 0.222994 -5.37835 0.6
      vertex 0.222994 -9.62165 0.6
    endloop
  endfacet
  facet normal 0 0 -1
    outer loop
      vertex -0.222994 -9.62165 0.6
      vertex -0.222994 -5.37835 0.6
      vertex 0.222994 -5.37835 0.6
    endloop
  endfacet
  facet normal 0 0 -1
    outer loop
      vertex -0.659236 -9.52892 0.6
      vertex -0.222994 -5.37835 0.6
      vertex -0.222994 -9.62165 0.6
    endloop
  endfacet
  facet normal 0 0 -1
    outer loop
      vertex -0.659236 -9.52892 0.6
      vertex -0.659236 -5.47108 0.6
      vertex -0.222994 -5.37835 0.6
    endloop
  endfacet
  facet normal 0 0 -1
    outer loop
      vertex -1.06667 -9.34752 0.6
      vertex -0.659236 -5.47108 0.6
      vertex -0.659236 -9.52892 0.6
    endloop
  endfacet
  facet normal 0 0 -1
    outer loop
      vertex -1.06667 -9.34752 0.6
      vertex -1.06667 -5.65248 0.6
      vertex -0.659236 -5.47108 0.6
    endloop
  endfacet
  facet normal 0 0 -1
    outer loop
      vertex -1.42748 -9.08537 0.6
      vertex -1.06667 -5.65248 0.6
      vertex -1.06667 -9.34752 0.6
    endloop
  endfacet
  facet normal 0 0 -1
    outer loop
      vertex -1.42748 -9.08537 0.6
      vertex -1.42748 -5.91463 0.6
      vertex -1.06667 -5.65248 0.6
    endloop
  endfacet
  facet normal 0 0 -1
    outer loop
      vertex -1.7259 -8.75394 0.6
      vertex -1.42748 -5.91463 0.6
      vertex -1.42748 -9.08537 0.6
    endloop
  endfacet
  facet normal 0 0 -1
    outer loop
      vertex -1.7259 -8.75394 0.6
      vertex -1.7259 -6.24606 0.6
      vertex -1.42748 -5.91463 0.6
    endloop
  endfacet
  facet normal 0 0 -1
    outer loop
      vertex -1.9489 -8.3677 0.6
      vertex -1.7259 -6.24606 0.6
      vertex -1.7259 -8.75394 0.6
    endloop
  endfacet
  facet normal 0 0 -1
    outer loop
      vertex -1.9489 -8.3677 0.6
      vertex -1.9489 -6.6323 0.6
      vertex -1.7259 -6.24606 0.6
    endloop
  endfacet
  facet normal 0 0 -1
    outer loop
      vertex -2.08671 -7.94354 0.6
      vertex -1.9489 -6.6323 0.6
      vertex -1.9489 -8.3677 0.6
    endloop
  endfacet
  facet normal 0 0 -1
    outer loop
      vertex -2.08671 -7.94354 0.6
      vertex -2.08671 -7.05646 0.6
      vertex -1.9489 -6.6323 0.6
    endloop
  endfacet
  facet normal 0 -0 -1
    outer loop
      vertex -2.08671 -7.05646 0.6
      vertex -2.08671 -7.94354 0.6
      vertex -2.13333 -7.5 0.6
    endloop
  endfacet
  facet normal 0.155772 -0.732846 -0.662323
    outer loop
      vertex -0.334491 -4.31753 -0.6
      vertex -0.659236 -5.47108 0.6
      vertex -0.988853 -4.45662 -0.6
    endloop
  endfacet
  facet normal 0.155778 -0.732846 -0.662322
    outer loop
      vertex -0.334491 -4.31753 -0.6
      vertex -0.222994 -5.37835 0.6
      vertex -0.659236 -5.47108 0.6
    endloop
  endfacet
  facet normal 0.304735 -0.684445 -0.662323
    outer loop
      vertex -0.988853 -4.45662 -0.6
      vertex -1.06667 -5.65248 0.6
      vertex -1.6 -4.72872 -0.6
    endloop
  endfacet
  facet normal 0.556781 0.501321 -0.662323
    outer loop
      vertex -1.7259 -8.75394 0.6
      vertex -2.14122 -9.87806 -0.6
      vertex -2.58885 -9.38091 -0.6
    endloop
  endfacet
  facet normal -0.440392 0.606116 -0.662327
    outer loop
      vertex 2.14122 -9.87806 -0.6
      vertex 1.6 -10.2713 -0.6
      vertex 1.06667 -9.34752 0.6
    endloop
  endfacet
  facet normal 0.30473 0.684441 -0.66233
    outer loop
      vertex -0.659236 -9.52892 0.6
      vertex -0.988853 -10.5434 -0.6
      vertex -1.06667 -9.34752 0.6
    endloop
  endfacet
  facet normal -0.440386 0.606124 -0.662325
    outer loop
      vertex 1.42748 -9.08537 0.6
      vertex 2.14122 -9.87806 -0.6
      vertex 1.06667 -9.34752 0.6
    endloop
  endfacet
  facet normal -0.745112 0.0783168 -0.662325
    outer loop
      vertex 3.2 -7.5 -0.6
      vertex 3.13007 -8.16532 -0.6
      vertex 2.08671 -7.94354 0.6
    endloop
  endfacet
  facet normal -0.745113 0.078318 -0.662324
    outer loop
      vertex 2.13333 -7.5 0.6
      vertex 3.2 -7.5 -0.6
      vertex 2.08671 -7.94354 0.6
    endloop
  endfacet
  facet normal 0.155776 0.732837 -0.662332
    outer loop
      vertex -0.222994 -9.62165 0.6
      vertex -0.334491 -10.6825 -0.6
      vertex -0.659236 -9.52892 0.6
    endloop
  endfacet
  facet normal 0.745113 0.078318 -0.662324
    outer loop
      vertex -2.13333 -7.5 0.6
      vertex -2.08671 -7.94354 0.6
      vertex -3.2 -7.5 -0.6
    endloop
  endfacet
  facet normal -0.556778 0.501324 -0.662324
    outer loop
      vertex 1.7259 -8.75394 0.6
      vertex 2.14122 -9.87806 -0.6
      vertex 1.42748 -9.08537 0.6
    endloop
  endfacet
  facet normal -0.556781 0.501321 -0.662323
    outer loop
      vertex 2.58885 -9.38091 -0.6
      vertex 2.14122 -9.87806 -0.6
      vertex 1.7259 -8.75394 0.6
    endloop
  endfacet
  facet normal 0.440392 0.606116 -0.662327
    outer loop
      vertex -1.06667 -9.34752 0.6
      vertex -1.6 -10.2713 -0.6
      vertex -2.14122 -9.87806 -0.6
    endloop
  endfacet
  facet normal 0 0.74921 -0.662333
    outer loop
      vertex 0.334491 -10.6825 -0.6
      vertex -0.222994 -9.62165 0.6
      vertex 0.222994 -9.62165 0.6
    endloop
  endfacet
  facet normal 0 0.74921 -0.662333
    outer loop
      vertex -0.222994 -9.62165 0.6
      vertex 0.334491 -10.6825 -0.6
      vertex -0.334491 -10.6825 -0.6
    endloop
  endfacet
  facet normal 0.44038 -0.60613 -0.662323
    outer loop
      vertex -1.6 -4.72872 -0.6
      vertex -1.06667 -5.65248 0.6
      vertex -2.14122 -5.12194 -0.6
    endloop
  endfacet
  facet normal -0.155778 -0.732846 -0.662322
    outer loop
      vertex 0.334491 -4.31753 -0.6
      vertex 0.659236 -5.47108 0.6
      vertex 0.222994 -5.37835 0.6
    endloop
  endfacet
  facet normal 0.440386 -0.606124 -0.662325
    outer loop
      vertex -1.06667 -5.65248 0.6
      vertex -1.42748 -5.91463 0.6
      vertex -2.14122 -5.12194 -0.6
    endloop
  endfacet
  facet normal 0 -0.749219 -0.662322
    outer loop
      vertex -0.334491 -4.31753 -0.6
      vertex 0.222994 -5.37835 0.6
      vertex -0.222994 -5.37835 0.6
    endloop
  endfacet
  facet normal 0 -0.749219 -0.662322
    outer loop
      vertex 0.222994 -5.37835 0.6
      vertex -0.334491 -4.31753 -0.6
      vertex 0.334491 -4.31753 -0.6
    endloop
  endfacet
  facet normal 0.304733 -0.684446 -0.662323
    outer loop
      vertex -0.988853 -4.45662 -0.6
      vertex -0.659236 -5.47108 0.6
      vertex -1.06667 -5.65248 0.6
    endloop
  endfacet
  facet normal 0.155782 0.732837 -0.662331
    outer loop
      vertex -0.659236 -9.52892 0.6
      vertex -0.334491 -10.6825 -0.6
      vertex -0.988853 -10.5434 -0.6
    endloop
  endfacet
  facet normal 0.712555 -0.23151 -0.662321
    outer loop
      vertex -1.9489 -6.6323 0.6
      vertex -2.08671 -7.05646 0.6
      vertex -2.92334 -6.19844 -0.6
    endloop
  endfacet
  facet normal -0.30473 0.684441 -0.66233
    outer loop
      vertex 1.06667 -9.34752 0.6
      vertex 0.988853 -10.5434 -0.6
      vertex 0.659236 -9.52892 0.6
    endloop
  endfacet
  facet normal -0.648842 0.374611 -0.662322
    outer loop
      vertex 2.92334 -8.80156 -0.6
      vertex 2.58885 -9.38091 -0.6
      vertex 1.9489 -8.3677 0.6
    endloop
  endfacet
  facet normal -0.304732 0.68444 -0.662329
    outer loop
      vertex 1.06667 -9.34752 0.6
      vertex 1.6 -10.2713 -0.6
      vertex 0.988853 -10.5434 -0.6
    endloop
  endfacet
  facet normal -0.712555 0.23151 -0.662321
    outer loop
      vertex 2.08671 -7.94354 0.6
      vertex 2.92334 -8.80156 -0.6
      vertex 1.9489 -8.3677 0.6
    endloop
  endfacet
  facet normal 0.20791 0.978148 -0
    outer loop
      vertex -0.386755 4.32027 -2.5
      vertex -1.14336 4.48109 -0.6
      vertex -0.386755 4.32027 -0.6
    endloop
  endfacet
  facet normal 0.20791 0.978148 0
    outer loop
      vertex -1.14336 4.48109 -0.6
      vertex -0.386755 4.32027 -2.5
      vertex -1.14336 4.48109 -2.5
    endloop
  endfacet
  facet normal -0.951055 -0.30902 0
    outer loop
      vertex 3.61915 8.76927 -2.5
      vertex 3.38012 9.50492 -0.6
      vertex 3.38012 9.50492 -2.5
    endloop
  endfacet
  facet normal -0.951055 -0.30902 0
    outer loop
      vertex 3.38012 9.50492 -0.6
      vertex 3.61915 8.76927 -2.5
      vertex 3.61915 8.76927 -0.6
    endloop
  endfacet
  facet normal -0.994522 -0.104524 0
    outer loop
      vertex 3.7 8 -2.5
      vertex 3.61915 8.76927 -0.6
      vertex 3.61915 8.76927 -2.5
    endloop
  endfacet
  facet normal -0.994522 -0.104524 0
    outer loop
      vertex 3.61915 8.76927 -0.6
      vertex 3.7 8 -2.5
      vertex 3.7 8 -0.6
    endloop
  endfacet
  facet normal -0.866023 -0.500004 0
    outer loop
      vertex 3.38012 9.50492 -2.5
      vertex 2.99336 10.1748 -0.6
      vertex 2.99336 10.1748 -2.5
    endloop
  endfacet
  facet normal -0.866023 -0.500004 0
    outer loop
      vertex 2.99336 10.1748 -0.6
      vertex 3.38012 9.50492 -2.5
      vertex 3.38012 9.50492 -0.6
    endloop
  endfacet
  facet normal -0.994522 0.104524 0
    outer loop
      vertex 3.61915 7.23073 -2.5
      vertex 3.7 8 -0.6
      vertex 3.7 8 -2.5
    endloop
  endfacet
  facet normal -0.994522 0.104524 0
    outer loop
      vertex 3.7 8 -0.6
      vertex 3.61915 7.23073 -2.5
      vertex 3.61915 7.23073 -0.6
    endloop
  endfacet
  facet normal -0.743127 -0.66915 0
    outer loop
      vertex 2.99336 10.1748 -2.5
      vertex 2.47578 10.7496 -0.6
      vertex 2.47578 10.7496 -2.5
    endloop
  endfacet
  facet normal -0.743127 -0.66915 0
    outer loop
      vertex 2.47578 10.7496 -0.6
      vertex 2.99336 10.1748 -2.5
      vertex 2.99336 10.1748 -0.6
    endloop
  endfacet
  facet normal 0.951055 0.30902 0
    outer loop
      vertex -3.38012 6.49508 -0.6
      vertex -3.61915 7.23073 -2.5
      vertex -3.61915 7.23073 -0.6
    endloop
  endfacet
  facet normal 0.951055 0.30902 0
    outer loop
      vertex -3.61915 7.23073 -2.5
      vertex -3.38012 6.49508 -0.6
      vertex -3.38012 6.49508 -2.5
    endloop
  endfacet
  facet normal 0.743127 -0.66915 0
    outer loop
      vertex -2.99336 10.1748 -0.6
      vertex -2.47578 10.7496 -2.5
      vertex -2.47578 10.7496 -0.6
    endloop
  endfacet
  facet normal 0.743127 -0.66915 0
    outer loop
      vertex -2.47578 10.7496 -2.5
      vertex -2.99336 10.1748 -0.6
      vertex -2.99336 10.1748 -2.5
    endloop
  endfacet
  facet normal 0.951055 -0.30902 0
    outer loop
      vertex -3.61915 8.76927 -0.6
      vertex -3.38012 9.50492 -2.5
      vertex -3.38012 9.50492 -0.6
    endloop
  endfacet
  facet normal 0.951055 -0.30902 0
    outer loop
      vertex -3.38012 9.50492 -2.5
      vertex -3.61915 8.76927 -0.6
      vertex -3.61915 8.76927 -2.5
    endloop
  endfacet
  facet normal -0.58778 0.809021 0
    outer loop
      vertex 2.47578 5.25036 -2.5
      vertex 1.85 4.79571 -0.6
      vertex 2.47578 5.25036 -0.6
    endloop
  endfacet
  facet normal -0.58778 0.809021 0
    outer loop
      vertex 1.85 4.79571 -0.6
      vertex 2.47578 5.25036 -2.5
      vertex 1.85 4.79571 -2.5
    endloop
  endfacet
  facet normal 0.58778 0.809021 -0
    outer loop
      vertex -1.85 4.79571 -2.5
      vertex -2.47578 5.25036 -0.6
      vertex -1.85 4.79571 -0.6
    endloop
  endfacet
  facet normal 0.58778 0.809021 0
    outer loop
      vertex -2.47578 5.25036 -0.6
      vertex -1.85 4.79571 -2.5
      vertex -2.47578 5.25036 -2.5
    endloop
  endfacet
  facet normal 0.587823 -0.80899 0
    outer loop
      vertex -2.47578 10.7496 -2.5
      vertex -1.85 11.2043 -0.6
      vertex -2.47578 10.7496 -0.6
    endloop
  endfacet
  facet normal 0.587823 -0.80899 0
    outer loop
      vertex -1.85 11.2043 -0.6
      vertex -2.47578 10.7496 -2.5
      vertex -1.85 11.2043 -2.5
    endloop
  endfacet
  facet normal 0.866023 -0.500004 0
    outer loop
      vertex -3.38012 9.50492 -0.6
      vertex -2.99336 10.1748 -2.5
      vertex -2.99336 10.1748 -0.6
    endloop
  endfacet
  facet normal 0.866023 -0.500004 0
    outer loop
      vertex -2.99336 10.1748 -2.5
      vertex -3.38012 9.50492 -0.6
      vertex -3.38012 9.50492 -2.5
    endloop
  endfacet
  facet normal 0.406719 -0.913553 0
    outer loop
      vertex -1.85 11.2043 -2.5
      vertex -1.14336 11.5189 -0.6
      vertex -1.85 11.2043 -0.6
    endloop
  endfacet
  facet normal 0.406719 -0.913553 0
    outer loop
      vertex -1.14336 11.5189 -0.6
      vertex -1.85 11.2043 -2.5
      vertex -1.14336 11.5189 -2.5
    endloop
  endfacet
  facet normal 0.406741 0.913544 -0
    outer loop
      vertex -1.14336 4.48109 -2.5
      vertex -1.85 4.79571 -0.6
      vertex -1.14336 4.48109 -0.6
    endloop
  endfacet
  facet normal 0.406741 0.913544 0
    outer loop
      vertex -1.85 4.79571 -0.6
      vertex -1.14336 4.48109 -2.5
      vertex -1.85 4.79571 -2.5
    endloop
  endfacet
  facet normal 0.207885 -0.978153 0
    outer loop
      vertex -1.14336 11.5189 -2.5
      vertex -0.386755 11.6797 -0.6
      vertex -1.14336 11.5189 -0.6
    endloop
  endfacet
  facet normal 0.207885 -0.978153 0
    outer loop
      vertex -0.386755 11.6797 -0.6
      vertex -1.14336 11.5189 -2.5
      vertex -0.386755 11.6797 -2.5
    endloop
  endfacet
  facet normal -0.866023 0.500004 0
    outer loop
      vertex 2.99336 5.8252 -2.5
      vertex 3.38012 6.49508 -0.6
      vertex 3.38012 6.49508 -2.5
    endloop
  endfacet
  facet normal -0.866023 0.500004 0
    outer loop
      vertex 3.38012 6.49508 -0.6
      vertex 2.99336 5.8252 -2.5
      vertex 2.99336 5.8252 -0.6
    endloop
  endfacet
  facet normal -0.74315 0.669125 0
    outer loop
      vertex 2.47578 5.25036 -2.5
      vertex 2.99336 5.8252 -0.6
      vertex 2.99336 5.8252 -2.5
    endloop
  endfacet
  facet normal -0.74315 0.669125 0
    outer loop
      vertex 2.99336 5.8252 -0.6
      vertex 2.47578 5.25036 -2.5
      vertex 2.47578 5.25036 -0.6
    endloop
  endfacet
  facet normal -0.20791 0.978148 0
    outer loop
      vertex 1.14336 4.48109 -2.5
      vertex 0.386755 4.32027 -0.6
      vertex 1.14336 4.48109 -0.6
    endloop
  endfacet
  facet normal -0.20791 0.978148 0
    outer loop
      vertex 0.386755 4.32027 -0.6
      vertex 1.14336 4.48109 -2.5
      vertex 0.386755 4.32027 -2.5
    endloop
  endfacet
  facet normal 0 -1 0
    outer loop
      vertex -0.386755 11.6797 -2.5
      vertex 0.386755 11.6797 -0.6
      vertex -0.386755 11.6797 -0.6
    endloop
  endfacet
  facet normal 0 -1 -0
    outer loop
      vertex 0.386755 11.6797 -0.6
      vertex -0.386755 11.6797 -2.5
      vertex 0.386755 11.6797 -2.5
    endloop
  endfacet
  facet normal -0.951055 0.30902 0
    outer loop
      vertex 3.38012 6.49508 -2.5
      vertex 3.61915 7.23073 -0.6
      vertex 3.61915 7.23073 -2.5
    endloop
  endfacet
  facet normal -0.951055 0.30902 0
    outer loop
      vertex 3.61915 7.23073 -0.6
      vertex 3.38012 6.49508 -2.5
      vertex 3.38012 6.49508 -0.6
    endloop
  endfacet
  facet normal -0.587823 -0.80899 0
    outer loop
      vertex 1.85 11.2043 -2.5
      vertex 2.47578 10.7496 -0.6
      vertex 1.85 11.2043 -0.6
    endloop
  endfacet
  facet normal -0.587823 -0.80899 -0
    outer loop
      vertex 2.47578 10.7496 -0.6
      vertex 1.85 11.2043 -2.5
      vertex 2.47578 10.7496 -2.5
    endloop
  endfacet
  facet normal 0.994522 -0.104524 0
    outer loop
      vertex -3.7 8 -0.6
      vertex -3.61915 8.76927 -2.5
      vertex -3.61915 8.76927 -0.6
    endloop
  endfacet
  facet normal 0.994522 -0.104524 0
    outer loop
      vertex -3.61915 8.76927 -2.5
      vertex -3.7 8 -0.6
      vertex -3.7 8 -2.5
    endloop
  endfacet
  facet normal 0.866023 0.500004 0
    outer loop
      vertex -2.99336 5.8252 -0.6
      vertex -3.38012 6.49508 -2.5
      vertex -3.38012 6.49508 -0.6
    endloop
  endfacet
  facet normal 0.866023 0.500004 0
    outer loop
      vertex -3.38012 6.49508 -2.5
      vertex -2.99336 5.8252 -0.6
      vertex -2.99336 5.8252 -2.5
    endloop
  endfacet
  facet normal -0.406719 -0.913553 0
    outer loop
      vertex 1.14336 11.5189 -2.5
      vertex 1.85 11.2043 -0.6
      vertex 1.14336 11.5189 -0.6
    endloop
  endfacet
  facet normal -0.406719 -0.913553 -0
    outer loop
      vertex 1.85 11.2043 -0.6
      vertex 1.14336 11.5189 -2.5
      vertex 1.85 11.2043 -2.5
    endloop
  endfacet
  facet normal 0 1 -0
    outer loop
      vertex 0.386755 4.32027 -2.5
      vertex -0.386755 4.32027 -0.6
      vertex 0.386755 4.32027 -0.6
    endloop
  endfacet
  facet normal 0 1 0
    outer loop
      vertex -0.386755 4.32027 -0.6
      vertex 0.386755 4.32027 -2.5
      vertex -0.386755 4.32027 -2.5
    endloop
  endfacet
  facet normal 0.994522 0.104524 0
    outer loop
      vertex -3.61915 7.23073 -0.6
      vertex -3.7 8 -2.5
      vertex -3.7 8 -0.6
    endloop
  endfacet
  facet normal 0.994522 0.104524 0
    outer loop
      vertex -3.7 8 -2.5
      vertex -3.61915 7.23073 -0.6
      vertex -3.61915 7.23073 -2.5
    endloop
  endfacet
  facet normal -0.406741 0.913544 0
    outer loop
      vertex 1.85 4.79571 -2.5
      vertex 1.14336 4.48109 -0.6
      vertex 1.85 4.79571 -0.6
    endloop
  endfacet
  facet normal -0.406741 0.913544 0
    outer loop
      vertex 1.14336 4.48109 -0.6
      vertex 1.85 4.79571 -2.5
      vertex 1.14336 4.48109 -2.5
    endloop
  endfacet
  facet normal 0.74315 0.669125 0
    outer loop
      vertex -2.47578 5.25036 -0.6
      vertex -2.99336 5.8252 -2.5
      vertex -2.99336 5.8252 -0.6
    endloop
  endfacet
  facet normal 0.74315 0.669125 0
    outer loop
      vertex -2.99336 5.8252 -2.5
      vertex -2.47578 5.25036 -0.6
      vertex -2.47578 5.25036 -2.5
    endloop
  endfacet
  facet normal -0.207885 -0.978153 0
    outer loop
      vertex 0.386755 11.6797 -2.5
      vertex 1.14336 11.5189 -0.6
      vertex 0.386755 11.6797 -0.6
    endloop
  endfacet
  facet normal -0.207885 -0.978153 -0
    outer loop
      vertex 1.14336 11.5189 -0.6
      vertex 0.386755 11.6797 -2.5
      vertex 1.14336 11.5189 -2.5
    endloop
  endfacet
  facet normal -0.605627 0.349663 -0.714809
    outer loop
      vertex 3.38012 6.49508 -0.6
      vertex 2.99336 5.8252 -0.6
      vertex 1.99557 6.55013 0.6
    endloop
  endfacet
  facet normal -0.69549 -0.0731088 -0.714807
    outer loop
      vertex 3.7 8 -0.6
      vertex 2.46667 8 0.6
      vertex 2.41276 8.51285 0.6
    endloop
  endfacet
  facet normal -0.695488 -0.0730955 -0.71481
    outer loop
      vertex 3.61915 8.76927 -0.6
      vertex 3.7 8 -0.6
      vertex 2.41276 8.51285 0.6
    endloop
  endfacet
  facet normal -0.519704 -0.467939 -0.714801
    outer loop
      vertex 2.47578 10.7496 -0.6
      vertex 1.99557 9.44987 0.6
      vertex 1.65052 9.83309 0.6
    endloop
  endfacet
  facet normal 0.145383 -0.684063 -0.714788
    outer loop
      vertex -0.386755 11.6797 -0.6
      vertex -0.257836 10.4532 0.6
      vertex -1.14336 11.5189 -0.6
    endloop
  endfacet
  facet normal -0.605627 -0.349663 -0.714809
    outer loop
      vertex 2.99336 10.1748 -0.6
      vertex 3.38012 9.50492 -0.6
      vertex 1.99557 9.44987 0.6
    endloop
  endfacet
  facet normal 0.605628 -0.349661 -0.714809
    outer loop
      vertex -1.99557 9.44987 0.6
      vertex -2.25341 9.00328 0.6
      vertex -3.38012 9.50492 -0.6
    endloop
  endfacet
  facet normal -0.665091 0.216104 -0.71481
    outer loop
      vertex 3.61915 7.23073 -0.6
      vertex 3.38012 6.49508 -0.6
      vertex 2.41276 7.48715 0.6
    endloop
  endfacet
  facet normal 0.284423 -0.638859 -0.714817
    outer loop
      vertex -1.14336 11.5189 -0.6
      vertex -0.762241 10.3459 0.6
      vertex -1.85 11.2043 -0.6
    endloop
  endfacet
  facet normal 0.284392 -0.638884 -0.714807
    outer loop
      vertex -0.762241 10.3459 0.6
      vertex -1.23333 10.1362 0.6
      vertex -1.85 11.2043 -0.6
    endloop
  endfacet
  facet normal -0.411047 0.565765 -0.714807
    outer loop
      vertex 2.47578 5.25036 -0.6
      vertex 1.85 4.79571 -0.6
      vertex 1.23333 5.8638 0.6
    endloop
  endfacet
  facet normal 0.665091 -0.216104 -0.71481
    outer loop
      vertex -3.38012 9.50492 -0.6
      vertex -2.41276 8.51285 0.6
      vertex -3.61915 8.76927 -0.6
    endloop
  endfacet
  facet normal 0.519698 0.467934 -0.714809
    outer loop
      vertex -1.99557 6.55013 0.6
      vertex -1.65052 6.16691 0.6
      vertex -2.47578 5.25036 -0.6
    endloop
  endfacet
  facet normal 0.145395 0.684038 -0.714809
    outer loop
      vertex -0.257836 5.54685 0.6
      vertex -0.386755 4.32027 -0.6
      vertex -1.14336 4.48109 -0.6
    endloop
  endfacet
  facet normal -0.605628 0.349661 -0.714809
    outer loop
      vertex 2.25341 6.99672 0.6
      vertex 3.38012 6.49508 -0.6
      vertex 1.99557 6.55013 0.6
    endloop
  endfacet
  facet normal 0.284437 0.638864 -0.714807
    outer loop
      vertex -1.23333 5.8638 0.6
      vertex -0.762241 5.65406 0.6
      vertex -1.85 4.79571 -0.6
    endloop
  endfacet
  facet normal -0.284437 0.638864 -0.714807
    outer loop
      vertex 1.23333 5.8638 0.6
      vertex 1.85 4.79571 -0.6
      vertex 0.762241 5.65406 0.6
    endloop
  endfacet
  facet normal 0.605627 -0.349663 -0.714809
    outer loop
      vertex -2.99336 10.1748 -0.6
      vertex -1.99557 9.44987 0.6
      vertex -3.38012 9.50492 -0.6
    endloop
  endfacet
  facet normal -0.145505 -0.684001 -0.714823
    outer loop
      vertex 1.14336 11.5189 -0.6
      vertex 0.762241 10.3459 0.6
      vertex 0.257836 10.4532 0.6
    endloop
  endfacet
  facet normal -0.411077 -0.565744 -0.714808
    outer loop
      vertex 1.85 11.2043 -0.6
      vertex 2.47578 10.7496 -0.6
      vertex 1.23333 10.1362 0.6
    endloop
  endfacet
  facet normal -0.284423 -0.638859 -0.714817
    outer loop
      vertex 1.14336 11.5189 -0.6
      vertex 1.85 11.2043 -0.6
      vertex 0.762241 10.3459 0.6
    endloop
  endfacet
  facet normal 0.411058 -0.565766 -0.7148
    outer loop
      vertex -1.23333 10.1362 0.6
      vertex -1.65052 9.83309 0.6
      vertex -2.47578 10.7496 -0.6
    endloop
  endfacet
  facet normal -0.665092 -0.216101 -0.714809
    outer loop
      vertex 3.38012 9.50492 -0.6
      vertex 2.41276 8.51285 0.6
      vertex 2.25341 9.00328 0.6
    endloop
  endfacet
  facet normal 0.5197 0.467933 -0.714808
    outer loop
      vertex -1.99557 6.55013 0.6
      vertex -2.47578 5.25036 -0.6
      vertex -2.99336 5.8252 -0.6
    endloop
  endfacet
  facet normal 0 0 -1
    outer loop
      vertex 2.41276 7.48715 0.6
      vertex 2.41276 8.51285 0.6
      vertex 2.46667 8 0.6
    endloop
  endfacet
  facet normal 0 0 -1
    outer loop
      vertex 2.25341 6.99672 0.6
      vertex 2.41276 8.51285 0.6
      vertex 2.41276 7.48715 0.6
    endloop
  endfacet
  facet normal 0 0 -1
    outer loop
      vertex 2.25341 6.99672 0.6
      vertex 2.25341 9.00328 0.6
      vertex 2.41276 8.51285 0.6
    endloop
  endfacet
  facet normal 0 0 -1
    outer loop
      vertex 1.99557 6.55013 0.6
      vertex 2.25341 9.00328 0.6
      vertex 2.25341 6.99672 0.6
    endloop
  endfacet
  facet normal 0 0 -1
    outer loop
      vertex 1.99557 6.55013 0.6
      vertex 1.99557 9.44987 0.6
      vertex 2.25341 9.00328 0.6
    endloop
  endfacet
  facet normal 0 0 -1
    outer loop
      vertex 1.65052 6.16691 0.6
      vertex 1.99557 9.44987 0.6
      vertex 1.99557 6.55013 0.6
    endloop
  endfacet
  facet normal 0 0 -1
    outer loop
      vertex 1.65052 6.16691 0.6
      vertex 1.65052 9.83309 0.6
      vertex 1.99557 9.44987 0.6
    endloop
  endfacet
  facet normal 0 0 -1
    outer loop
      vertex 1.23333 5.8638 0.6
      vertex 1.65052 9.83309 0.6
      vertex 1.65052 6.16691 0.6
    endloop
  endfacet
  facet normal 0 0 -1
    outer loop
      vertex 1.23333 5.8638 0.6
      vertex 1.23333 10.1362 0.6
      vertex 1.65052 9.83309 0.6
    endloop
  endfacet
  facet normal 0 0 -1
    outer loop
      vertex 0.762241 5.65406 0.6
      vertex 1.23333 10.1362 0.6
      vertex 1.23333 5.8638 0.6
    endloop
  endfacet
  facet normal 0 0 -1
    outer loop
      vertex 0.762241 5.65406 0.6
      vertex 0.762241 10.3459 0.6
      vertex 1.23333 10.1362 0.6
    endloop
  endfacet
  facet normal 0 0 -1
    outer loop
      vertex 0.257836 5.54685 0.6
      vertex 0.762241 10.3459 0.6
      vertex 0.762241 5.65406 0.6
    endloop
  endfacet
  facet normal 0 0 -1
    outer loop
      vertex 0.257836 5.54685 0.6
      vertex 0.257836 10.4532 0.6
      vertex 0.762241 10.3459 0.6
    endloop
  endfacet
  facet normal 0 0 -1
    outer loop
      vertex -0.257836 5.54685 0.6
      vertex 0.257836 10.4532 0.6
      vertex 0.257836 5.54685 0.6
    endloop
  endfacet
  facet normal 0 0 -1
    outer loop
      vertex -0.257836 5.54685 0.6
      vertex -0.257836 10.4532 0.6
      vertex 0.257836 10.4532 0.6
    endloop
  endfacet
  facet normal 0 0 -1
    outer loop
      vertex -0.762241 5.65406 0.6
      vertex -0.257836 10.4532 0.6
      vertex -0.257836 5.54685 0.6
    endloop
  endfacet
  facet normal 0 0 -1
    outer loop
      vertex -0.762241 5.65406 0.6
      vertex -0.762241 10.3459 0.6
      vertex -0.257836 10.4532 0.6
    endloop
  endfacet
  facet normal 0 0 -1
    outer loop
      vertex -1.23333 5.8638 0.6
      vertex -0.762241 10.3459 0.6
      vertex -0.762241 5.65406 0.6
    endloop
  endfacet
  facet normal 0 0 -1
    outer loop
      vertex -1.23333 5.8638 0.6
      vertex -1.23333 10.1362 0.6
      vertex -0.762241 10.3459 0.6
    endloop
  endfacet
  facet normal 0 0 -1
    outer loop
      vertex -1.65052 6.16691 0.6
      vertex -1.23333 10.1362 0.6
      vertex -1.23333 5.8638 0.6
    endloop
  endfacet
  facet normal 0 0 -1
    outer loop
      vertex -1.65052 6.16691 0.6
      vertex -1.65052 9.83309 0.6
      vertex -1.23333 10.1362 0.6
    endloop
  endfacet
  facet normal 0 0 -1
    outer loop
      vertex -1.99557 6.55013 0.6
      vertex -1.65052 9.83309 0.6
      vertex -1.65052 6.16691 0.6
    endloop
  endfacet
  facet normal 0 0 -1
    outer loop
      vertex -1.99557 6.55013 0.6
      vertex -1.99557 9.44987 0.6
      vertex -1.65052 9.83309 0.6
    endloop
  endfacet
  facet normal 0 0 -1
    outer loop
      vertex -2.25341 6.99672 0.6
      vertex -1.99557 9.44987 0.6
      vertex -1.99557 6.55013 0.6
    endloop
  endfacet
  facet normal 0 0 -1
    outer loop
      vertex -2.25341 6.99672 0.6
      vertex -2.25341 9.00328 0.6
      vertex -1.99557 9.44987 0.6
    endloop
  endfacet
  facet normal 0 0 -1
    outer loop
      vertex -2.41276 7.48715 0.6
      vertex -2.25341 9.00328 0.6
      vertex -2.25341 6.99672 0.6
    endloop
  endfacet
  facet normal 0 0 -1
    outer loop
      vertex -2.41276 7.48715 0.6
      vertex -2.41276 8.51285 0.6
      vertex -2.25341 9.00328 0.6
    endloop
  endfacet
  facet normal 0 -0 -1
    outer loop
      vertex -2.41276 8.51285 0.6
      vertex -2.41276 7.48715 0.6
      vertex -2.46667 8 0.6
    endloop
  endfacet
  facet normal -0.5197 0.467933 -0.714808
    outer loop
      vertex 2.99336 5.8252 -0.6
      vertex 2.47578 5.25036 -0.6
      vertex 1.99557 6.55013 0.6
    endloop
  endfacet
  facet normal -0.519685 -0.467951 -0.714807
    outer loop
      vertex 2.47578 10.7496 -0.6
      vertex 2.99336 10.1748 -0.6
      vertex 1.99557 9.44987 0.6
    endloop
  endfacet
  facet normal -0.665091 -0.216104 -0.71481
    outer loop
      vertex 3.38012 9.50492 -0.6
      vertex 3.61915 8.76927 -0.6
      vertex 2.41276 8.51285 0.6
    endloop
  endfacet
  facet normal -0.519698 0.467934 -0.714809
    outer loop
      vertex 1.99557 6.55013 0.6
      vertex 2.47578 5.25036 -0.6
      vertex 1.65052 6.16691 0.6
    endloop
  endfacet
  facet normal 0.411047 0.565765 -0.714807
    outer loop
      vertex -1.23333 5.8638 0.6
      vertex -1.85 4.79571 -0.6
      vertex -2.47578 5.25036 -0.6
    endloop
  endfacet
  facet normal 0 -0.699343 -0.714787
    outer loop
      vertex -0.257836 10.4532 0.6
      vertex 0.386755 11.6797 -0.6
      vertex 0.257836 10.4532 0.6
    endloop
  endfacet
  facet normal -0 -0.699343 -0.714787
    outer loop
      vertex 0.386755 11.6797 -0.6
      vertex -0.257836 10.4532 0.6
      vertex -0.386755 11.6797 -0.6
    endloop
  endfacet
  facet normal 0.665091 0.216104 -0.71481
    outer loop
      vertex -2.41276 7.48715 0.6
      vertex -3.38012 6.49508 -0.6
      vertex -3.61915 7.23073 -0.6
    endloop
  endfacet
  facet normal 0.695488 0.0730955 -0.71481
    outer loop
      vertex -2.41276 7.48715 0.6
      vertex -3.61915 7.23073 -0.6
      vertex -3.7 8 -0.6
    endloop
  endfacet
  facet normal -0.605628 -0.349661 -0.714809
    outer loop
      vertex 3.38012 9.50492 -0.6
      vertex 2.25341 9.00328 0.6
      vertex 1.99557 9.44987 0.6
    endloop
  endfacet
  facet normal -0.284442 0.63886 -0.714808
    outer loop
      vertex 1.85 4.79571 -0.6
      vertex 1.14336 4.48109 -0.6
      vertex 0.762241 5.65406 0.6
    endloop
  endfacet
  facet normal -0.695488 0.0730955 -0.71481
    outer loop
      vertex 3.7 8 -0.6
      vertex 3.61915 7.23073 -0.6
      vertex 2.41276 7.48715 0.6
    endloop
  endfacet
  facet normal -0.69549 0.0731088 -0.714807
    outer loop
      vertex 2.46667 8 0.6
      vertex 3.7 8 -0.6
      vertex 2.41276 7.48715 0.6
    endloop
  endfacet
  facet normal 0.605627 0.349663 -0.714809
    outer loop
      vertex -1.99557 6.55013 0.6
      vertex -2.99336 5.8252 -0.6
      vertex -3.38012 6.49508 -0.6
    endloop
  endfacet
  facet normal -0.145383 -0.684063 -0.714788
    outer loop
      vertex 0.386755 11.6797 -0.6
      vertex 1.14336 11.5189 -0.6
      vertex 0.257836 10.4532 0.6
    endloop
  endfacet
  facet normal 0.284442 0.63886 -0.714808
    outer loop
      vertex -0.762241 5.65406 0.6
      vertex -1.14336 4.48109 -0.6
      vertex -1.85 4.79571 -0.6
    endloop
  endfacet
  facet normal 0.605628 0.349661 -0.714809
    outer loop
      vertex -2.25341 6.99672 0.6
      vertex -1.99557 6.55013 0.6
      vertex -3.38012 6.49508 -0.6
    endloop
  endfacet
  facet normal 0.519685 -0.467951 -0.714807
    outer loop
      vertex -2.47578 10.7496 -0.6
      vertex -1.99557 9.44987 0.6
      vertex -2.99336 10.1748 -0.6
    endloop
  endfacet
  facet normal 0.69549 0.0731088 -0.714807
    outer loop
      vertex -2.46667 8 0.6
      vertex -2.41276 7.48715 0.6
      vertex -3.7 8 -0.6
    endloop
  endfacet
  facet normal -0.145395 0.684038 -0.714809
    outer loop
      vertex 1.14336 4.48109 -0.6
      vertex 0.386755 4.32027 -0.6
      vertex 0.257836 5.54685 0.6
    endloop
  endfacet
  facet normal -0.411058 -0.565766 -0.7148
    outer loop
      vertex 2.47578 10.7496 -0.6
      vertex 1.65052 9.83309 0.6
      vertex 1.23333 10.1362 0.6
    endloop
  endfacet
  facet normal 0.665092 -0.216101 -0.714809
    outer loop
      vertex -2.25341 9.00328 0.6
      vertex -2.41276 8.51285 0.6
      vertex -3.38012 9.50492 -0.6
    endloop
  endfacet
  facet normal -0.284392 -0.638884 -0.714807
    outer loop
      vertex 1.85 11.2043 -0.6
      vertex 1.23333 10.1362 0.6
      vertex 0.762241 10.3459 0.6
    endloop
  endfacet
  facet normal 0.145391 0.68404 -0.714808
    outer loop
      vertex -0.762241 5.65406 0.6
      vertex -0.257836 5.54685 0.6
      vertex -1.14336 4.48109 -0.6
    endloop
  endfacet
  facet normal 0.411053 0.565759 -0.71481
    outer loop
      vertex -1.65052 6.16691 0.6
      vertex -1.23333 5.8638 0.6
      vertex -2.47578 5.25036 -0.6
    endloop
  endfacet
  facet normal -0.411053 0.565759 -0.71481
    outer loop
      vertex 1.65052 6.16691 0.6
      vertex 2.47578 5.25036 -0.6
      vertex 1.23333 5.8638 0.6
    endloop
  endfacet
  facet normal 0.665092 0.216101 -0.714809
    outer loop
      vertex -2.41276 7.48715 0.6
      vertex -2.25341 6.99672 0.6
      vertex -3.38012 6.49508 -0.6
    endloop
  endfacet
  facet normal -0.665092 0.216101 -0.714809
    outer loop
      vertex 2.41276 7.48715 0.6
      vertex 3.38012 6.49508 -0.6
      vertex 2.25341 6.99672 0.6
    endloop
  endfacet
  facet normal -0.145391 0.68404 -0.714808
    outer loop
      vertex 0.762241 5.65406 0.6
      vertex 1.14336 4.48109 -0.6
      vertex 0.257836 5.54685 0.6
    endloop
  endfacet
  facet normal 0.695488 -0.0730955 -0.71481
    outer loop
      vertex -3.61915 8.76927 -0.6
      vertex -2.41276 8.51285 0.6
      vertex -3.7 8 -0.6
    endloop
  endfacet
  facet normal 0.411077 -0.565744 -0.714808
    outer loop
      vertex -1.85 11.2043 -0.6
      vertex -1.23333 10.1362 0.6
      vertex -2.47578 10.7496 -0.6
    endloop
  endfacet
  facet normal 0.145505 -0.684001 -0.714823
    outer loop
      vertex -0.257836 10.4532 0.6
      vertex -0.762241 10.3459 0.6
      vertex -1.14336 11.5189 -0.6
    endloop
  endfacet
  facet normal 0.519704 -0.467939 -0.714801
    outer loop
      vertex -1.65052 9.83309 0.6
      vertex -1.99557 9.44987 0.6
      vertex -2.47578 10.7496 -0.6
    endloop
  endfacet
  facet normal 0.69549 -0.0731088 -0.714807
    outer loop
      vertex -2.41276 8.51285 0.6
      vertex -2.46667 8 0.6
      vertex -3.7 8 -0.6
    endloop
  endfacet
  facet normal 0 0.699319 -0.714809
    outer loop
      vertex 0.386755 4.32027 -0.6
      vertex -0.257836 5.54685 0.6
      vertex 0.257836 5.54685 0.6
    endloop
  endfacet
  facet normal 0 0.699319 -0.714809
    outer loop
      vertex -0.257836 5.54685 0.6
      vertex 0.386755 4.32027 -0.6
      vertex -0.386755 4.32027 -0.6
    endloop
  endfacet
  facet normal -0.951056 -0.309019 0
    outer loop
      vertex -4.39178 0.873229 -2.5
      vertex -4.66311 1.70829 -0.6
      vertex -4.66311 1.70829 -2.5
    endloop
  endfacet
  facet normal -0.951056 -0.309019 0
    outer loop
      vertex -4.66311 1.70829 -0.6
      vertex -4.39178 0.873229 -2.5
      vertex -4.39178 0.873229 -0.6
    endloop
  endfacet
  facet normal -0.994522 -0.104528 0
    outer loop
      vertex -4.3 0 -2.5
      vertex -4.39178 0.873229 -0.6
      vertex -4.39178 0.873229 -2.5
    endloop
  endfacet
  facet normal -0.994522 -0.104528 0
    outer loop
      vertex -4.39178 0.873229 -0.6
      vertex -4.3 0 -2.5
      vertex -4.3 0 -0.6
    endloop
  endfacet
  facet normal -0.866027 -0.499998 0
    outer loop
      vertex -4.66311 1.70829 -2.5
      vertex -5.10213 2.4687 -0.6
      vertex -5.10213 2.4687 -2.5
    endloop
  endfacet
  facet normal -0.866027 -0.499998 0
    outer loop
      vertex -5.10213 2.4687 -0.6
      vertex -4.66311 1.70829 -2.5
      vertex -4.66311 1.70829 -0.6
    endloop
  endfacet
  facet normal -0.587786 -0.809017 0
    outer loop
      vertex -6.4 3.63731 -2.5
      vertex -5.68965 3.12121 -0.6
      vertex -6.4 3.63731 -0.6
    endloop
  endfacet
  facet normal -0.587786 -0.809017 -0
    outer loop
      vertex -5.68965 3.12121 -0.6
      vertex -6.4 3.63731 -2.5
      vertex -5.68965 3.12121 -2.5
    endloop
  endfacet
  facet normal -0.951056 0.309019 0
    outer loop
      vertex -4.66311 -1.70829 -2.5
      vertex -4.39178 -0.873229 -0.6
      vertex -4.39178 -0.873229 -2.5
    endloop
  endfacet
  facet normal -0.951056 0.309019 0
    outer loop
      vertex -4.39178 -0.873229 -0.6
      vertex -4.66311 -1.70829 -2.5
      vertex -4.66311 -1.70829 -0.6
    endloop
  endfacet
  facet normal -0.994522 0.104528 0
    outer loop
      vertex -4.39178 -0.873229 -2.5
      vertex -4.3 0 -0.6
      vertex -4.3 0 -2.5
    endloop
  endfacet
  facet normal -0.994522 0.104528 0
    outer loop
      vertex -4.3 0 -0.6
      vertex -4.39178 -0.873229 -2.5
      vertex -4.39178 -0.873229 -0.6
    endloop
  endfacet
  facet normal -0.743146 -0.669129 0
    outer loop
      vertex -5.10213 2.4687 -2.5
      vertex -5.68965 3.12121 -0.6
      vertex -5.68965 3.12121 -2.5
    endloop
  endfacet
  facet normal -0.743146 -0.669129 0
    outer loop
      vertex -5.68965 3.12121 -0.6
      vertex -5.10213 2.4687 -2.5
      vertex -5.10213 2.4687 -0.6
    endloop
  endfacet
  facet normal 0.951066 0.308988 0
    outer loop
      vertex -12.3369 -1.70829 -0.6
      vertex -12.6082 -0.873229 -2.5
      vertex -12.6082 -0.873229 -0.6
    endloop
  endfacet
  facet normal 0.951066 0.308988 0
    outer loop
      vertex -12.6082 -0.873229 -2.5
      vertex -12.3369 -1.70829 -0.6
      vertex -12.3369 -1.70829 -2.5
    endloop
  endfacet
  facet normal 0.951066 -0.308988 0
    outer loop
      vertex -12.6082 0.873229 -0.6
      vertex -12.3369 1.70829 -2.5
      vertex -12.3369 1.70829 -0.6
    endloop
  endfacet
  facet normal 0.951066 -0.308988 0
    outer loop
      vertex -12.3369 1.70829 -2.5
      vertex -12.6082 0.873229 -0.6
      vertex -12.6082 0.873229 -2.5
    endloop
  endfacet
  facet normal -0.587786 0.809017 0
    outer loop
      vertex -5.68965 -3.12121 -2.5
      vertex -6.4 -3.63731 -0.6
      vertex -5.68965 -3.12121 -0.6
    endloop
  endfacet
  facet normal -0.587786 0.809017 0
    outer loop
      vertex -6.4 -3.63731 -0.6
      vertex -5.68965 -3.12121 -2.5
      vertex -6.4 -3.63731 -2.5
    endloop
  endfacet
  facet normal 0.587813 -0.808997 0
    outer loop
      vertex -11.3103 3.12121 -2.5
      vertex -10.6 3.63731 -0.6
      vertex -11.3103 3.12121 -0.6
    endloop
  endfacet
  facet normal 0.587813 -0.808997 0
    outer loop
      vertex -10.6 3.63731 -0.6
      vertex -11.3103 3.12121 -2.5
      vertex -10.6 3.63731 -2.5
    endloop
  endfacet
  facet normal 0.866037 -0.49998 0
    outer loop
      vertex -12.3369 1.70829 -0.6
      vertex -11.8979 2.4687 -2.5
      vertex -11.8979 2.4687 -0.6
    endloop
  endfacet
  facet normal 0.866037 -0.49998 0
    outer loop
      vertex -11.8979 2.4687 -2.5
      vertex -12.3369 1.70829 -0.6
      vertex -12.3369 1.70829 -2.5
    endloop
  endfacet
  facet normal -0.866027 0.499998 0
    outer loop
      vertex -5.10213 -2.4687 -2.5
      vertex -4.66311 -1.70829 -0.6
      vertex -4.66311 -1.70829 -2.5
    endloop
  endfacet
  facet normal -0.866027 0.499998 0
    outer loop
      vertex -4.66311 -1.70829 -0.6
      vertex -5.10213 -2.4687 -2.5
      vertex -5.10213 -2.4687 -0.6
    endloop
  endfacet
  facet normal 0 -1 0
    outer loop
      vertex -8.93902 4.17699 -2.5
      vertex -8.06098 4.17699 -0.6
      vertex -8.93902 4.17699 -0.6
    endloop
  endfacet
  facet normal 0 -1 -0
    outer loop
      vertex -8.06098 4.17699 -0.6
      vertex -8.93902 4.17699 -2.5
      vertex -8.06098 4.17699 -2.5
    endloop
  endfacet
  facet normal 0.406735 -0.913546 0
    outer loop
      vertex -10.6 3.63731 -2.5
      vertex -9.79787 3.99444 -0.6
      vertex -10.6 3.63731 -0.6
    endloop
  endfacet
  facet normal 0.406735 -0.913546 0
    outer loop
      vertex -9.79787 3.99444 -0.6
      vertex -10.6 3.63731 -2.5
      vertex -9.79787 3.99444 -2.5
    endloop
  endfacet
  facet normal 0.207907 0.978149 -0
    outer loop
      vertex -8.93902 -4.17699 -2.5
      vertex -9.79787 -3.99444 -0.6
      vertex -8.93902 -4.17699 -0.6
    endloop
  endfacet
  facet normal 0.207907 0.978149 0
    outer loop
      vertex -9.79787 -3.99444 -0.6
      vertex -8.93902 -4.17699 -2.5
      vertex -9.79787 -3.99444 -2.5
    endloop
  endfacet
  facet normal 0.406735 0.913546 -0
    outer loop
      vertex -9.79787 -3.99444 -2.5
      vertex -10.6 -3.63731 -0.6
      vertex -9.79787 -3.99444 -0.6
    endloop
  endfacet
  facet normal 0.406735 0.913546 0
    outer loop
      vertex -10.6 -3.63731 -0.6
      vertex -9.79787 -3.99444 -2.5
      vertex -10.6 -3.63731 -2.5
    endloop
  endfacet
  facet normal 0.207907 -0.978149 0
    outer loop
      vertex -9.79787 3.99444 -2.5
      vertex -8.93902 4.17699 -0.6
      vertex -9.79787 3.99444 -0.6
    endloop
  endfacet
  facet normal 0.207907 -0.978149 0
    outer loop
      vertex -8.93902 4.17699 -0.6
      vertex -9.79787 3.99444 -2.5
      vertex -8.93902 4.17699 -2.5
    endloop
  endfacet
  facet normal -0.207907 0.978149 0
    outer loop
      vertex -7.20213 -3.99444 -2.5
      vertex -8.06098 -4.17699 -0.6
      vertex -7.20213 -3.99444 -0.6
    endloop
  endfacet
  facet normal -0.207907 0.978149 0
    outer loop
      vertex -8.06098 -4.17699 -0.6
      vertex -7.20213 -3.99444 -2.5
      vertex -8.06098 -4.17699 -2.5
    endloop
  endfacet
  facet normal -0.743146 0.669129 0
    outer loop
      vertex -5.68965 -3.12121 -2.5
      vertex -5.10213 -2.4687 -0.6
      vertex -5.10213 -2.4687 -2.5
    endloop
  endfacet
  facet normal -0.743146 0.669129 0
    outer loop
      vertex -5.10213 -2.4687 -0.6
      vertex -5.68965 -3.12121 -2.5
      vertex -5.68965 -3.12121 -0.6
    endloop
  endfacet
  facet normal -0.406735 0.913546 0
    outer loop
      vertex -6.4 -3.63731 -2.5
      vertex -7.20213 -3.99444 -0.6
      vertex -6.4 -3.63731 -0.6
    endloop
  endfacet
  facet normal -0.406735 0.913546 0
    outer loop
      vertex -7.20213 -3.99444 -0.6
      vertex -6.4 -3.63731 -2.5
      vertex -7.20213 -3.99444 -2.5
    endloop
  endfacet
  facet normal 0.587813 0.808997 -0
    outer loop
      vertex -10.6 -3.63731 -2.5
      vertex -11.3103 -3.12121 -0.6
      vertex -10.6 -3.63731 -0.6
    endloop
  endfacet
  facet normal 0.587813 0.808997 0
    outer loop
      vertex -11.3103 -3.12121 -0.6
      vertex -10.6 -3.63731 -2.5
      vertex -11.3103 -3.12121 -2.5
    endloop
  endfacet
  facet normal 0.99452 -0.104551 0
    outer loop
      vertex -12.7 0 -0.6
      vertex -12.6082 0.873229 -2.5
      vertex -12.6082 0.873229 -0.6
    endloop
  endfacet
  facet normal 0.99452 -0.104551 0
    outer loop
      vertex -12.6082 0.873229 -2.5
      vertex -12.7 0 -0.6
      vertex -12.7 0 -2.5
    endloop
  endfacet
  facet normal -0.207907 -0.978149 0
    outer loop
      vertex -8.06098 4.17699 -2.5
      vertex -7.20213 3.99444 -0.6
      vertex -8.06098 4.17699 -0.6
    endloop
  endfacet
  facet normal -0.207907 -0.978149 -0
    outer loop
      vertex -7.20213 3.99444 -0.6
      vertex -8.06098 4.17699 -2.5
      vertex -7.20213 3.99444 -2.5
    endloop
  endfacet
  facet normal 0.866037 0.49998 0
    outer loop
      vertex -11.8979 -2.4687 -0.6
      vertex -12.3369 -1.70829 -2.5
      vertex -12.3369 -1.70829 -0.6
    endloop
  endfacet
  facet normal 0.866037 0.49998 0
    outer loop
      vertex -12.3369 -1.70829 -2.5
      vertex -11.8979 -2.4687 -0.6
      vertex -11.8979 -2.4687 -2.5
    endloop
  endfacet
  facet normal -0.406735 -0.913546 0
    outer loop
      vertex -7.20213 3.99444 -2.5
      vertex -6.4 3.63731 -0.6
      vertex -7.20213 3.99444 -0.6
    endloop
  endfacet
  facet normal -0.406735 -0.913546 -0
    outer loop
      vertex -6.4 3.63731 -0.6
      vertex -7.20213 3.99444 -2.5
      vertex -6.4 3.63731 -2.5
    endloop
  endfacet
  facet normal 0 1 -0
    outer loop
      vertex -8.06098 -4.17699 -2.5
      vertex -8.93902 -4.17699 -0.6
      vertex -8.06098 -4.17699 -0.6
    endloop
  endfacet
  facet normal 0 1 0
    outer loop
      vertex -8.93902 -4.17699 -0.6
      vertex -8.06098 -4.17699 -2.5
      vertex -8.93902 -4.17699 -2.5
    endloop
  endfacet
  facet normal 0.99452 0.104551 0
    outer loop
      vertex -12.6082 -0.873229 -0.6
      vertex -12.7 0 -2.5
      vertex -12.7 0 -0.6
    endloop
  endfacet
  facet normal 0.99452 0.104551 0
    outer loop
      vertex -12.7 0 -2.5
      vertex -12.6082 -0.873229 -0.6
      vertex -12.6082 -0.873229 -2.5
    endloop
  endfacet
  facet normal 0.743101 0.669179 0
    outer loop
      vertex -11.3103 -3.12121 -0.6
      vertex -11.8979 -2.4687 -2.5
      vertex -11.8979 -2.4687 -0.6
    endloop
  endfacet
  facet normal 0.743101 0.669179 0
    outer loop
      vertex -11.8979 -2.4687 -2.5
      vertex -11.3103 -3.12121 -0.6
      vertex -11.3103 -3.12121 -2.5
    endloop
  endfacet
  facet normal 0.743101 -0.669179 0
    outer loop
      vertex -11.8979 2.4687 -0.6
      vertex -11.3103 3.12121 -2.5
      vertex -11.3103 3.12121 -0.6
    endloop
  endfacet
  facet normal 0.743101 -0.669179 0
    outer loop
      vertex -11.3103 3.12121 -2.5
      vertex -11.8979 2.4687 -0.6
      vertex -11.8979 2.4687 -2.5
    endloop
  endfacet
  facet normal 0.383728 -0.528188 -0.757476
    outer loop
      vertex -9.9 2.42487 0.6
      vertex -10.3736 2.0808 0.6
      vertex -11.3103 3.12121 -0.6
    endloop
  endfacet
  facet normal -0.565387 0.326424 -0.757486
    outer loop
      vertex -4.66311 -1.70829 -0.6
      vertex -5.10213 -2.4687 -0.6
      vertex -6.23475 -1.6458 0.6
    endloop
  endfacet
  facet normal 0.383754 0.528155 -0.757486
    outer loop
      vertex -9.9 -2.42487 0.6
      vertex -10.6 -3.63731 -0.6
      vertex -11.3103 -3.12121 -0.6
    endloop
  endfacet
  facet normal -0.649274 -0.0682452 -0.757486
    outer loop
      vertex -4.3 0 -0.6
      vertex -5.7 0 0.6
      vertex -5.76119 0.582152 0.6
    endloop
  endfacet
  facet normal -0.649273 -0.0682413 -0.757487
    outer loop
      vertex -4.39178 0.873229 -0.6
      vertex -4.3 0 -0.6
      vertex -5.76119 0.582152 0.6
    endloop
  endfacet
  facet normal -0.48516 -0.436844 -0.757487
    outer loop
      vertex -5.68965 3.12121 -0.6
      vertex -6.23475 1.6458 0.6
      vertex -6.62643 2.0808 0.6
    endloop
  endfacet
  facet normal 0.135732 -0.638585 -0.757487
    outer loop
      vertex -8.93902 4.17699 -0.6
      vertex -8.79268 2.78466 0.6
      vertex -9.79787 3.99444 -0.6
    endloop
  endfacet
  facet normal -0.565387 -0.326424 -0.757486
    outer loop
      vertex -5.10213 2.4687 -0.6
      vertex -4.66311 1.70829 -0.6
      vertex -6.23475 1.6458 0.6
    endloop
  endfacet
  facet normal -0.265541 -0.596406 -0.757488
    outer loop
      vertex -6.4 3.63731 -0.6
      vertex -7.1 2.42487 0.6
      vertex -7.63475 2.66296 0.6
    endloop
  endfacet
  facet normal -0.383736 0.528166 -0.757487
    outer loop
      vertex -5.68965 -3.12121 -0.6
      vertex -6.4 -3.63731 -0.6
      vertex -7.1 -2.42487 0.6
    endloop
  endfacet
  facet normal -0.265538 0.596409 -0.757487
    outer loop
      vertex -6.4 -3.63731 -0.6
      vertex -7.20213 -3.99444 -0.6
      vertex -7.63475 -2.66296 0.6
    endloop
  endfacet
  facet normal -0.48516 0.436844 -0.757487
    outer loop
      vertex -6.23475 -1.6458 0.6
      vertex -5.68965 -3.12121 -0.6
      vertex -6.62643 -2.0808 0.6
    endloop
  endfacet
  facet normal -0.620898 0.201744 -0.757486
    outer loop
      vertex -4.39178 -0.873229 -0.6
      vertex -4.66311 -1.70829 -0.6
      vertex -5.94207 -1.13886 0.6
    endloop
  endfacet
  facet normal 0.620896 -0.201757 -0.757484
    outer loop
      vertex -11.0579 1.13886 0.6
      vertex -11.2388 0.582152 0.6
      vertex -12.6082 0.873229 -0.6
    endloop
  endfacet
  facet normal -0.620898 -0.201744 -0.757486
    outer loop
      vertex -4.66311 1.70829 -0.6
      vertex -4.39178 0.873229 -0.6
      vertex -5.94207 1.13886 0.6
    endloop
  endfacet
  facet normal 0.383754 -0.528155 -0.757486
    outer loop
      vertex -10.6 3.63731 -0.6
      vertex -9.9 2.42487 0.6
      vertex -11.3103 3.12121 -0.6
    endloop
  endfacet
  facet normal -0.383736 0.528166 -0.757488
    outer loop
      vertex -6.62643 -2.0808 0.6
      vertex -5.68965 -3.12121 -0.6
      vertex -7.1 -2.42487 0.6
    endloop
  endfacet
  facet normal 0.265541 0.596406 -0.757488
    outer loop
      vertex -9.9 -2.42487 0.6
      vertex -9.36525 -2.66296 0.6
      vertex -10.6 -3.63731 -0.6
    endloop
  endfacet
  facet normal 0.485124 0.436866 -0.757498
    outer loop
      vertex -10.7652 -1.6458 0.6
      vertex -11.3103 -3.12121 -0.6
      vertex -11.8979 -2.4687 -0.6
    endloop
  endfacet
  facet normal 0.565378 0.326404 -0.757501
    outer loop
      vertex -10.7652 -1.6458 0.6
      vertex -11.8979 -2.4687 -0.6
      vertex -12.3369 -1.70829 -0.6
    endloop
  endfacet
  facet normal -0.265541 0.596406 -0.757488
    outer loop
      vertex -7.1 -2.42487 0.6
      vertex -6.4 -3.63731 -0.6
      vertex -7.63475 -2.66296 0.6
    endloop
  endfacet
  facet normal -0.485164 0.436842 -0.757486
    outer loop
      vertex -5.10213 -2.4687 -0.6
      vertex -5.68965 -3.12121 -0.6
      vertex -6.23475 -1.6458 0.6
    endloop
  endfacet
  facet normal -0.485164 -0.436842 -0.757486
    outer loop
      vertex -5.68965 3.12121 -0.6
      vertex -5.10213 2.4687 -0.6
      vertex -6.23475 1.6458 0.6
    endloop
  endfacet
  facet normal 0 -0.652851 -0.757486
    outer loop
      vertex -8.79268 2.78466 0.6
      vertex -8.06098 4.17699 -0.6
      vertex -8.20732 2.78466 0.6
    endloop
  endfacet
  facet normal -0 -0.652851 -0.757486
    outer loop
      vertex -8.06098 4.17699 -0.6
      vertex -8.79268 2.78466 0.6
      vertex -8.93902 4.17699 -0.6
    endloop
  endfacet
  facet normal 0.135732 0.638585 -0.757487
    outer loop
      vertex -8.79268 -2.78466 0.6
      vertex -8.93902 -4.17699 -0.6
      vertex -9.79787 -3.99444 -0.6
    endloop
  endfacet
  facet normal -0.383736 -0.528166 -0.757488
    outer loop
      vertex -5.68965 3.12121 -0.6
      vertex -6.62643 2.0808 0.6
      vertex -7.1 2.42487 0.6
    endloop
  endfacet
  facet normal 0.565378 -0.326404 -0.757501
    outer loop
      vertex -11.8979 2.4687 -0.6
      vertex -10.7652 1.6458 0.6
      vertex -12.3369 1.70829 -0.6
    endloop
  endfacet
  facet normal -0.565387 -0.326424 -0.757486
    outer loop
      vertex -4.66311 1.70829 -0.6
      vertex -5.94207 1.13886 0.6
      vertex -6.23475 1.6458 0.6
    endloop
  endfacet
  facet normal -0.265538 -0.596409 -0.757487
    outer loop
      vertex -7.20213 3.99444 -0.6
      vertex -6.4 3.63731 -0.6
      vertex -7.63475 2.66296 0.6
    endloop
  endfacet
  facet normal 0.649274 0.0682562 -0.757486
    outer loop
      vertex -11.2388 -0.582152 0.6
      vertex -12.6082 -0.873229 -0.6
      vertex -12.7 0 -0.6
    endloop
  endfacet
  facet normal -0.135732 -0.638585 -0.757486
    outer loop
      vertex -7.20213 3.99444 -0.6
      vertex -7.63475 2.66296 0.6
      vertex -8.20732 2.78466 0.6
    endloop
  endfacet
  facet normal -0.649273 0.0682413 -0.757487
    outer loop
      vertex -4.3 0 -0.6
      vertex -4.39178 -0.873229 -0.6
      vertex -5.76119 -0.582152 0.6
    endloop
  endfacet
  facet normal -0.649274 0.0682452 -0.757486
    outer loop
      vertex -5.7 0 0.6
      vertex -4.3 0 -0.6
      vertex -5.76119 -0.582152 0.6
    endloop
  endfacet
  facet normal 0.135732 -0.638585 -0.757486
    outer loop
      vertex -8.79268 2.78466 0.6
      vertex -9.36525 2.66296 0.6
      vertex -9.79787 3.99444 -0.6
    endloop
  endfacet
  facet normal 0.485219 -0.436808 -0.75747
    outer loop
      vertex -10.3736 2.0808 0.6
      vertex -10.7652 1.6458 0.6
      vertex -11.3103 3.12121 -0.6
    endloop
  endfacet
  facet normal 0.649274 0.0682563 -0.757486
    outer loop
      vertex -11.3 0 0.6
      vertex -11.2388 -0.582152 0.6
      vertex -12.7 0 -0.6
    endloop
  endfacet
  facet normal -0.135732 -0.638585 -0.757487
    outer loop
      vertex -8.06098 4.17699 -0.6
      vertex -7.20213 3.99444 -0.6
      vertex -8.20732 2.78466 0.6
    endloop
  endfacet
  facet normal 0.485219 0.436808 -0.75747
    outer loop
      vertex -10.7652 -1.6458 0.6
      vertex -10.3736 -2.0808 0.6
      vertex -11.3103 -3.12121 -0.6
    endloop
  endfacet
  facet normal -0.620898 -0.201736 -0.757488
    outer loop
      vertex -4.39178 0.873229 -0.6
      vertex -5.76119 0.582152 0.6
      vertex -5.94207 1.13886 0.6
    endloop
  endfacet
  facet normal 0.620896 0.201721 -0.757494
    outer loop
      vertex -11.0579 -1.13886 0.6
      vertex -12.3369 -1.70829 -0.6
      vertex -12.6082 -0.873229 -0.6
    endloop
  endfacet
  facet normal -0.135732 0.638585 -0.757486
    outer loop
      vertex -7.63475 -2.66296 0.6
      vertex -7.20213 -3.99444 -0.6
      vertex -8.20732 -2.78466 0.6
    endloop
  endfacet
  facet normal 0.56537 0.326437 -0.757493
    outer loop
      vertex -11.0579 -1.13886 0.6
      vertex -10.7652 -1.6458 0.6
      vertex -12.3369 -1.70829 -0.6
    endloop
  endfacet
  facet normal 0.265538 0.596409 -0.757487
    outer loop
      vertex -9.36525 -2.66296 0.6
      vertex -9.79787 -3.99444 -0.6
      vertex -10.6 -3.63731 -0.6
    endloop
  endfacet
  facet normal 0.265538 -0.596409 -0.757487
    outer loop
      vertex -9.79787 3.99444 -0.6
      vertex -9.36525 2.66296 0.6
      vertex -10.6 3.63731 -0.6
    endloop
  endfacet
  facet normal 0.649274 -0.0682562 -0.757486
    outer loop
      vertex -12.6082 0.873229 -0.6
      vertex -11.2388 0.582152 0.6
      vertex -12.7 0 -0.6
    endloop
  endfacet
  facet normal -0.565387 0.326424 -0.757486
    outer loop
      vertex -5.94207 -1.13886 0.6
      vertex -4.66311 -1.70829 -0.6
      vertex -6.23475 -1.6458 0.6
    endloop
  endfacet
  facet normal 0.56537 -0.326437 -0.757493
    outer loop
      vertex -10.7652 1.6458 0.6
      vertex -11.0579 1.13886 0.6
      vertex -12.3369 1.70829 -0.6
    endloop
  endfacet
  facet normal 0.135732 0.638585 -0.757486
    outer loop
      vertex -9.36525 -2.66296 0.6
      vertex -8.79268 -2.78466 0.6
      vertex -9.79787 -3.99444 -0.6
    endloop
  endfacet
  facet normal -0.620898 0.201736 -0.757488
    outer loop
      vertex -5.76119 -0.582152 0.6
      vertex -4.39178 -0.873229 -0.6
      vertex -5.94207 -1.13886 0.6
    endloop
  endfacet
  facet normal 0.383728 0.528188 -0.757476
    outer loop
      vertex -10.3736 -2.0808 0.6
      vertex -9.9 -2.42487 0.6
      vertex -11.3103 -3.12121 -0.6
    endloop
  endfacet
  facet normal -0.383736 -0.528166 -0.757487
    outer loop
      vertex -6.4 3.63731 -0.6
      vertex -5.68965 3.12121 -0.6
      vertex -7.1 2.42487 0.6
    endloop
  endfacet
  facet normal 0.649274 -0.0682563 -0.757486
    outer loop
      vertex -11.2388 0.582152 0.6
      vertex -11.3 0 0.6
      vertex -12.7 0 -0.6
    endloop
  endfacet
  facet normal 0.620896 -0.201721 -0.757494
    outer loop
      vertex -12.3369 1.70829 -0.6
      vertex -11.0579 1.13886 0.6
      vertex -12.6082 0.873229 -0.6
    endloop
  endfacet
  facet normal 0.485124 -0.436866 -0.757498
    outer loop
      vertex -11.3103 3.12121 -0.6
      vertex -10.7652 1.6458 0.6
      vertex -11.8979 2.4687 -0.6
    endloop
  endfacet
  facet normal 0 0.652851 -0.757486
    outer loop
      vertex -8.06098 -4.17699 -0.6
      vertex -8.79268 -2.78466 0.6
      vertex -8.20732 -2.78466 0.6
    endloop
  endfacet
  facet normal 0 0.652851 -0.757486
    outer loop
      vertex -8.79268 -2.78466 0.6
      vertex -8.06098 -4.17699 -0.6
      vertex -8.93902 -4.17699 -0.6
    endloop
  endfacet
  facet normal 0.620896 0.201757 -0.757484
    outer loop
      vertex -11.2388 -0.582152 0.6
      vertex -11.0579 -1.13886 0.6
      vertex -12.6082 -0.873229 -0.6
    endloop
  endfacet
  facet normal -0.135732 0.638585 -0.757487
    outer loop
      vertex -7.20213 -3.99444 -0.6
      vertex -8.06098 -4.17699 -0.6
      vertex -8.20732 -2.78466 0.6
    endloop
  endfacet
  facet normal 0.265541 -0.596406 -0.757488
    outer loop
      vertex -9.36525 2.66296 0.6
      vertex -9.9 2.42487 0.6
      vertex -10.6 3.63731 -0.6
    endloop
  endfacet
  facet normal 0 0 -1
    outer loop
      vertex -5.76119 -0.582152 0.6
      vertex -5.76119 0.582152 0.6
      vertex -5.7 0 0.6
    endloop
  endfacet
  facet normal 0 0 -1
    outer loop
      vertex -5.94207 -1.13886 0.6
      vertex -5.76119 0.582152 0.6
      vertex -5.76119 -0.582152 0.6
    endloop
  endfacet
  facet normal 0 0 -1
    outer loop
      vertex -5.94207 -1.13886 0.6
      vertex -5.94207 1.13886 0.6
      vertex -5.76119 0.582152 0.6
    endloop
  endfacet
  facet normal 0 0 -1
    outer loop
      vertex -6.23475 -1.6458 0.6
      vertex -5.94207 1.13886 0.6
      vertex -5.94207 -1.13886 0.6
    endloop
  endfacet
  facet normal 0 0 -1
    outer loop
      vertex -6.23475 -1.6458 0.6
      vertex -6.23475 1.6458 0.6
      vertex -5.94207 1.13886 0.6
    endloop
  endfacet
  facet normal 0 0 -1
    outer loop
      vertex -6.62643 -2.0808 0.6
      vertex -6.23475 1.6458 0.6
      vertex -6.23475 -1.6458 0.6
    endloop
  endfacet
  facet normal 0 0 -1
    outer loop
      vertex -6.62643 -2.0808 0.6
      vertex -6.62643 2.0808 0.6
      vertex -6.23475 1.6458 0.6
    endloop
  endfacet
  facet normal 0 0 -1
    outer loop
      vertex -7.1 -2.42487 0.6
      vertex -6.62643 2.0808 0.6
      vertex -6.62643 -2.0808 0.6
    endloop
  endfacet
  facet normal 0 0 -1
    outer loop
      vertex -7.1 -2.42487 0.6
      vertex -7.1 2.42487 0.6
      vertex -6.62643 2.0808 0.6
    endloop
  endfacet
  facet normal 0 0 -1
    outer loop
      vertex -7.63475 -2.66296 0.6
      vertex -7.1 2.42487 0.6
      vertex -7.1 -2.42487 0.6
    endloop
  endfacet
  facet normal 0 0 -1
    outer loop
      vertex -7.63475 -2.66296 0.6
      vertex -7.63475 2.66296 0.6
      vertex -7.1 2.42487 0.6
    endloop
  endfacet
  facet normal 0 0 -1
    outer loop
      vertex -8.20732 -2.78466 0.6
      vertex -7.63475 2.66296 0.6
      vertex -7.63475 -2.66296 0.6
    endloop
  endfacet
  facet normal 0 0 -1
    outer loop
      vertex -8.20732 -2.78466 0.6
      vertex -8.20732 2.78466 0.6
      vertex -7.63475 2.66296 0.6
    endloop
  endfacet
  facet normal 0 0 -1
    outer loop
      vertex -8.79268 -2.78466 0.6
      vertex -8.20732 2.78466 0.6
      vertex -8.20732 -2.78466 0.6
    endloop
  endfacet
  facet normal 0 0 -1
    outer loop
      vertex -8.79268 -2.78466 0.6
      vertex -8.79268 2.78466 0.6
      vertex -8.20732 2.78466 0.6
    endloop
  endfacet
  facet normal 0 0 -1
    outer loop
      vertex -9.36525 -2.66296 0.6
      vertex -8.79268 2.78466 0.6
      vertex -8.79268 -2.78466 0.6
    endloop
  endfacet
  facet normal 0 0 -1
    outer loop
      vertex -9.36525 -2.66296 0.6
      vertex -9.36525 2.66296 0.6
      vertex -8.79268 2.78466 0.6
    endloop
  endfacet
  facet normal 0 0 -1
    outer loop
      vertex -9.9 -2.42487 0.6
      vertex -9.36525 2.66296 0.6
      vertex -9.36525 -2.66296 0.6
    endloop
  endfacet
  facet normal 0 0 -1
    outer loop
      vertex -9.9 -2.42487 0.6
      vertex -9.9 2.42487 0.6
      vertex -9.36525 2.66296 0.6
    endloop
  endfacet
  facet normal 0 0 -1
    outer loop
      vertex -10.3736 -2.0808 0.6
      vertex -9.9 2.42487 0.6
      vertex -9.9 -2.42487 0.6
    endloop
  endfacet
  facet normal 0 0 -1
    outer loop
      vertex -10.3736 -2.0808 0.6
      vertex -10.3736 2.0808 0.6
      vertex -9.9 2.42487 0.6
    endloop
  endfacet
  facet normal 0 0 -1
    outer loop
      vertex -10.7652 -1.6458 0.6
      vertex -10.3736 2.0808 0.6
      vertex -10.3736 -2.0808 0.6
    endloop
  endfacet
  facet normal 0 0 -1
    outer loop
      vertex -10.7652 -1.6458 0.6
      vertex -10.7652 1.6458 0.6
      vertex -10.3736 2.0808 0.6
    endloop
  endfacet
  facet normal 0 0 -1
    outer loop
      vertex -11.0579 -1.13886 0.6
      vertex -10.7652 1.6458 0.6
      vertex -10.7652 -1.6458 0.6
    endloop
  endfacet
  facet normal 0 0 -1
    outer loop
      vertex -11.0579 -1.13886 0.6
      vertex -11.0579 1.13886 0.6
      vertex -10.7652 1.6458 0.6
    endloop
  endfacet
  facet normal 0 0 -1
    outer loop
      vertex -11.2388 -0.582152 0.6
      vertex -11.0579 1.13886 0.6
      vertex -11.0579 -1.13886 0.6
    endloop
  endfacet
  facet normal 0 0 -1
    outer loop
      vertex -11.2388 -0.582152 0.6
      vertex -11.2388 0.582152 0.6
      vertex -11.0579 1.13886 0.6
    endloop
  endfacet
  facet normal 0 -0 -1
    outer loop
      vertex -11.2388 0.582152 0.6
      vertex -11.2388 -0.582152 0.6
      vertex -11.3 0 0.6
    endloop
  endfacet
  facet normal 0.406731 0.913548 -0
    outer loop
      vertex 7.54762 -4.46996 -2.5
      vertex 6.65 -4.07032 -0.6
      vertex 7.54762 -4.46996 -0.6
    endloop
  endfacet
  facet normal 0.406731 0.913548 0
    outer loop
      vertex 6.65 -4.07032 -0.6
      vertex 7.54762 -4.46996 -2.5
      vertex 6.65 -4.07032 -2.5
    endloop
  endfacet
  facet normal 0.951056 0.309017 0
    outer loop
      vertex 4.70634 -1.91166 -0.6
      vertex 4.40271 -0.977184 -2.5
      vertex 4.40271 -0.977184 -0.6
    endloop
  endfacet
  facet normal 0.951056 0.309017 0
    outer loop
      vertex 4.40271 -0.977184 -2.5
      vertex 4.70634 -1.91166 -0.6
      vertex 4.70634 -1.91166 -2.5
    endloop
  endfacet
  facet normal -0.951065 -0.30899 0
    outer loop
      vertex 13.5973 0.977184 -2.5
      vertex 13.2937 1.91166 -0.6
      vertex 13.2937 1.91166 -2.5
    endloop
  endfacet
  facet normal -0.951065 -0.30899 0
    outer loop
      vertex 13.2937 1.91166 -0.6
      vertex 13.5973 0.977184 -2.5
      vertex 13.5973 0.977184 -0.6
    endloop
  endfacet
  facet normal -0.994523 -0.104522 0
    outer loop
      vertex 13.7 0 -2.5
      vertex 13.5973 0.977184 -0.6
      vertex 13.5973 0.977184 -2.5
    endloop
  endfacet
  facet normal -0.994523 -0.104522 0
    outer loop
      vertex 13.5973 0.977184 -0.6
      vertex 13.7 0 -2.5
      vertex 13.7 0 -0.6
    endloop
  endfacet
  facet normal -0.866019 -0.500012 0
    outer loop
      vertex 13.2937 1.91166 -2.5
      vertex 12.8024 2.76259 -0.6
      vertex 12.8024 2.76259 -2.5
    endloop
  endfacet
  facet normal -0.866019 -0.500012 0
    outer loop
      vertex 12.8024 2.76259 -0.6
      vertex 13.2937 1.91166 -2.5
      vertex 13.2937 1.91166 -0.6
    endloop
  endfacet
  facet normal -0.587793 0.809012 0
    outer loop
      vertex 12.1449 -3.49278 -2.5
      vertex 11.35 -4.07032 -0.6
      vertex 12.1449 -3.49278 -0.6
    endloop
  endfacet
  facet normal -0.587793 0.809012 0
    outer loop
      vertex 11.35 -4.07032 -0.6
      vertex 12.1449 -3.49278 -2.5
      vertex 11.35 -4.07032 -2.5
    endloop
  endfacet
  facet normal -0.406739 -0.913544 0
    outer loop
      vertex 10.4524 4.46996 -2.5
      vertex 11.35 4.07032 -0.6
      vertex 10.4524 4.46996 -0.6
    endloop
  endfacet
  facet normal -0.406739 -0.913544 -0
    outer loop
      vertex 11.35 4.07032 -0.6
      vertex 10.4524 4.46996 -2.5
      vertex 11.35 4.07032 -2.5
    endloop
  endfacet
  facet normal -0.994523 0.104522 0
    outer loop
      vertex 13.5973 -0.977184 -2.5
      vertex 13.7 0 -0.6
      vertex 13.7 0 -2.5
    endloop
  endfacet
  facet normal -0.994523 0.104522 0
    outer loop
      vertex 13.7 0 -0.6
      vertex 13.5973 -0.977184 -2.5
      vertex 13.5973 -0.977184 -0.6
    endloop
  endfacet
  facet normal -0.743128 -0.66915 0
    outer loop
      vertex 12.8024 2.76259 -2.5
      vertex 12.1449 3.49278 -0.6
      vertex 12.1449 3.49278 -2.5
    endloop
  endfacet
  facet normal -0.743128 -0.66915 0
    outer loop
      vertex 12.1449 3.49278 -0.6
      vertex 12.8024 2.76259 -2.5
      vertex 12.8024 2.76259 -0.6
    endloop
  endfacet
  facet normal 0.866027 -0.499996 0
    outer loop
      vertex 4.70634 1.91166 -0.6
      vertex 5.19762 2.76259 -2.5
      vertex 5.19762 2.76259 -0.6
    endloop
  endfacet
  facet normal 0.866027 -0.499996 0
    outer loop
      vertex 5.19762 2.76259 -2.5
      vertex 4.70634 1.91166 -0.6
      vertex 4.70634 1.91166 -2.5
    endloop
  endfacet
  facet normal -0.743128 0.66915 0
    outer loop
      vertex 12.1449 -3.49278 -2.5
      vertex 12.8024 -2.76259 -0.6
      vertex 12.8024 -2.76259 -2.5
    endloop
  endfacet
  facet normal -0.743128 0.66915 0
    outer loop
      vertex 12.8024 -2.76259 -0.6
      vertex 12.1449 -3.49278 -2.5
      vertex 12.1449 -3.49278 -0.6
    endloop
  endfacet
  facet normal 0.743143 -0.669133 0
    outer loop
      vertex 5.19762 2.76259 -0.6
      vertex 5.85509 3.49278 -2.5
      vertex 5.85509 3.49278 -0.6
    endloop
  endfacet
  facet normal 0.743143 -0.669133 0
    outer loop
      vertex 5.85509 3.49278 -2.5
      vertex 5.19762 2.76259 -0.6
      vertex 5.19762 2.76259 -2.5
    endloop
  endfacet
  facet normal -0.866019 0.500012 0
    outer loop
      vertex 12.8024 -2.76259 -2.5
      vertex 13.2937 -1.91166 -0.6
      vertex 13.2937 -1.91166 -2.5
    endloop
  endfacet
  facet normal -0.866019 0.500012 0
    outer loop
      vertex 13.2937 -1.91166 -0.6
      vertex 12.8024 -2.76259 -2.5
      vertex 12.8024 -2.76259 -0.6
    endloop
  endfacet
  facet normal 0.587788 -0.809015 0
    outer loop
      vertex 5.85509 3.49278 -2.5
      vertex 6.65 4.07032 -0.6
      vertex 5.85509 3.49278 -0.6
    endloop
  endfacet
  facet normal 0.587788 -0.809015 0
    outer loop
      vertex 6.65 4.07032 -0.6
      vertex 5.85509 3.49278 -2.5
      vertex 6.65 4.07032 -2.5
    endloop
  endfacet
  facet normal -0.951065 0.30899 0
    outer loop
      vertex 13.2937 -1.91166 -2.5
      vertex 13.5973 -0.977184 -0.6
      vertex 13.5973 -0.977184 -2.5
    endloop
  endfacet
  facet normal -0.951065 0.30899 0
    outer loop
      vertex 13.5973 -0.977184 -0.6
      vertex 13.2937 -1.91166 -2.5
      vertex 13.2937 -1.91166 -0.6
    endloop
  endfacet
  facet normal 0 -1 0
    outer loop
      vertex 8.50872 4.67425 -2.5
      vertex 9.49128 4.67425 -0.6
      vertex 8.50872 4.67425 -0.6
    endloop
  endfacet
  facet normal 0 -1 -0
    outer loop
      vertex 9.49128 4.67425 -0.6
      vertex 8.50872 4.67425 -2.5
      vertex 9.49128 4.67425 -2.5
    endloop
  endfacet
  facet normal 0.587788 0.809015 -0
    outer loop
      vertex 6.65 -4.07032 -2.5
      vertex 5.85509 -3.49278 -0.6
      vertex 6.65 -4.07032 -0.6
    endloop
  endfacet
  facet normal 0.587788 0.809015 0
    outer loop
      vertex 5.85509 -3.49278 -0.6
      vertex 6.65 -4.07032 -2.5
      vertex 5.85509 -3.49278 -2.5
    endloop
  endfacet
  facet normal 0.866027 0.499996 0
    outer loop
      vertex 5.19762 -2.76259 -0.6
      vertex 4.70634 -1.91166 -2.5
      vertex 4.70634 -1.91166 -0.6
    endloop
  endfacet
  facet normal 0.866027 0.499996 0
    outer loop
      vertex 4.70634 -1.91166 -2.5
      vertex 5.19762 -2.76259 -0.6
      vertex 5.19762 -2.76259 -2.5
    endloop
  endfacet
  facet normal 0.406731 -0.913548 0
    outer loop
      vertex 6.65 4.07032 -2.5
      vertex 7.54762 4.46996 -0.6
      vertex 6.65 4.07032 -0.6
    endloop
  endfacet
  facet normal 0.406731 -0.913548 0
    outer loop
      vertex 7.54762 4.46996 -0.6
      vertex 6.65 4.07032 -2.5
      vertex 7.54762 4.46996 -2.5
    endloop
  endfacet
  facet normal 0.994521 0.104532 0
    outer loop
      vertex 4.40271 -0.977184 -0.6
      vertex 4.3 0 -2.5
      vertex 4.3 0 -0.6
    endloop
  endfacet
  facet normal 0.994521 0.104532 0
    outer loop
      vertex 4.3 0 -2.5
      vertex 4.40271 -0.977184 -0.6
      vertex 4.40271 -0.977184 -2.5
    endloop
  endfacet
  facet normal 0.743143 0.669133 0
    outer loop
      vertex 5.85509 -3.49278 -0.6
      vertex 5.19762 -2.76259 -2.5
      vertex 5.19762 -2.76259 -0.6
    endloop
  endfacet
  facet normal 0.743143 0.669133 0
    outer loop
      vertex 5.19762 -2.76259 -2.5
      vertex 5.85509 -3.49278 -0.6
      vertex 5.85509 -3.49278 -2.5
    endloop
  endfacet
  facet normal -0.207909 0.978148 0
    outer loop
      vertex 10.4524 -4.46996 -2.5
      vertex 9.49128 -4.67425 -0.6
      vertex 10.4524 -4.46996 -0.6
    endloop
  endfacet
  facet normal -0.207909 0.978148 0
    outer loop
      vertex 9.49128 -4.67425 -0.6
      vertex 10.4524 -4.46996 -2.5
      vertex 9.49128 -4.67425 -2.5
    endloop
  endfacet
  facet normal 0.994521 -0.104532 0
    outer loop
      vertex 4.3 0 -0.6
      vertex 4.40271 0.977184 -2.5
      vertex 4.40271 0.977184 -0.6
    endloop
  endfacet
  facet normal 0.994521 -0.104532 0
    outer loop
      vertex 4.40271 0.977184 -2.5
      vertex 4.3 0 -0.6
      vertex 4.3 0 -2.5
    endloop
  endfacet
  facet normal -0.207909 -0.978148 0
    outer loop
      vertex 9.49128 4.67425 -2.5
      vertex 10.4524 4.46996 -0.6
      vertex 9.49128 4.67425 -0.6
    endloop
  endfacet
  facet normal -0.207909 -0.978148 -0
    outer loop
      vertex 10.4524 4.46996 -0.6
      vertex 9.49128 4.67425 -2.5
      vertex 10.4524 4.46996 -2.5
    endloop
  endfacet
  facet normal -0.587793 -0.809012 0
    outer loop
      vertex 11.35 4.07032 -2.5
      vertex 12.1449 3.49278 -0.6
      vertex 11.35 4.07032 -0.6
    endloop
  endfacet
  facet normal -0.587793 -0.809012 -0
    outer loop
      vertex 12.1449 3.49278 -0.6
      vertex 11.35 4.07032 -2.5
      vertex 12.1449 3.49278 -2.5
    endloop
  endfacet
  facet normal 0.207914 -0.978147 0
    outer loop
      vertex 7.54762 4.46996 -2.5
      vertex 8.50872 4.67425 -0.6
      vertex 7.54762 4.46996 -0.6
    endloop
  endfacet
  facet normal 0.207914 -0.978147 0
    outer loop
      vertex 8.50872 4.67425 -0.6
      vertex 7.54762 4.46996 -2.5
      vertex 8.50872 4.67425 -2.5
    endloop
  endfacet
  facet normal -0.406739 0.913544 0
    outer loop
      vertex 11.35 -4.07032 -2.5
      vertex 10.4524 -4.46996 -0.6
      vertex 11.35 -4.07032 -0.6
    endloop
  endfacet
  facet normal -0.406739 0.913544 0
    outer loop
      vertex 10.4524 -4.46996 -0.6
      vertex 11.35 -4.07032 -2.5
      vertex 10.4524 -4.46996 -2.5
    endloop
  endfacet
  facet normal 0 1 -0
    outer loop
      vertex 9.49128 -4.67425 -2.5
      vertex 8.50872 -4.67425 -0.6
      vertex 9.49128 -4.67425 -0.6
    endloop
  endfacet
  facet normal 0 1 0
    outer loop
      vertex 8.50872 -4.67425 -0.6
      vertex 9.49128 -4.67425 -2.5
      vertex 8.50872 -4.67425 -2.5
    endloop
  endfacet
  facet normal 0.207914 0.978147 -0
    outer loop
      vertex 8.50872 -4.67425 -2.5
      vertex 7.54762 -4.46996 -0.6
      vertex 8.50872 -4.67425 -0.6
    endloop
  endfacet
  facet normal 0.207914 0.978147 0
    outer loop
      vertex 7.54762 -4.46996 -0.6
      vertex 8.50872 -4.67425 -2.5
      vertex 7.54762 -4.46996 -2.5
    endloop
  endfacet
  facet normal 0.951056 -0.309017 0
    outer loop
      vertex 4.40271 0.977184 -0.6
      vertex 4.70634 1.91166 -2.5
      vertex 4.70634 1.91166 -0.6
    endloop
  endfacet
  facet normal 0.951056 -0.309017 0
    outer loop
      vertex 4.70634 1.91166 -2.5
      vertex 4.40271 0.977184 -0.6
      vertex 4.40271 0.977184 -2.5
    endloop
  endfacet
  facet normal 0.606838 -0.0637805 -0.792262
    outer loop
      vertex 5.93514 0.651456 0.6
      vertex 5.86667 0 0.6
      vertex 4.3 0 -0.6
    endloop
  endfacet
  facet normal -0.528415 -0.30509 -0.792274
    outer loop
      vertex 11.8624 1.27444 0.6
      vertex 12.8024 2.76259 -0.6
      vertex 13.2937 1.91166 -0.6
    endloop
  endfacet
  facet normal -0.528437 -0.30507 -0.792267
    outer loop
      vertex 12.8024 2.76259 -0.6
      vertex 11.8624 1.27444 0.6
      vertex 11.5349 1.84173 0.6
    endloop
  endfacet
  facet normal 0.35866 0.493646 -0.792261
    outer loop
      vertex 6.90339 -2.32852 0.6
      vertex 7.43333 -2.71355 0.6
      vertex 6.65 -4.07032 -0.6
    endloop
  endfacet
  facet normal -0.606833 -0.0637148 -0.792271
    outer loop
      vertex 13.7 0 -0.6
      vertex 12.1333 0 0.6
      vertex 12.0649 0.651456 0.6
    endloop
  endfacet
  facet normal -0.606847 -0.0637784 -0.792256
    outer loop
      vertex 13.5973 0.977184 -0.6
      vertex 13.7 0 -0.6
      vertex 12.0649 0.651456 0.6
    endloop
  endfacet
  facet normal -0.35866 0.493644 -0.792261
    outer loop
      vertex 12.1449 -3.49278 -0.6
      vertex 11.35 -4.07032 -0.6
      vertex 11.0966 -2.32852 0.6
    endloop
  endfacet
  facet normal 0.35866 -0.493646 -0.792261
    outer loop
      vertex 7.43333 2.71355 0.6
      vertex 6.90339 2.32852 0.6
      vertex 6.65 4.07032 -0.6
    endloop
  endfacet
  facet normal -0.248184 -0.557428 -0.792262
    outer loop
      vertex 10.4524 4.46996 -0.6
      vertex 11.35 4.07032 -0.6
      vertex 9.96825 2.97998 0.6
    endloop
  endfacet
  facet normal 0.126865 0.596849 -0.79226
    outer loop
      vertex 8.03175 -2.97998 0.6
      vertex 8.50872 -4.67425 -0.6
      vertex 7.54762 -4.46996 -0.6
    endloop
  endfacet
  facet normal 0.580317 -0.188557 -0.792261
    outer loop
      vertex 6.13756 1.27444 0.6
      vertex 5.93514 0.651456 0.6
      vertex 4.70634 1.91166 -0.6
    endloop
  endfacet
  facet normal -0.126863 0.596849 -0.792261
    outer loop
      vertex 9.96825 -2.97998 0.6
      vertex 10.4524 -4.46996 -0.6
      vertex 9.49128 -4.67425 -0.6
    endloop
  endfacet
  facet normal -0.358681 -0.493637 -0.792256
    outer loop
      vertex 11.35 4.07032 -0.6
      vertex 11.0966 2.32852 0.6
      vertex 10.5667 2.71355 0.6
    endloop
  endfacet
  facet normal 0.453453 0.408293 -0.792261
    outer loop
      vertex 6.46508 -1.84173 0.6
      vertex 6.90339 -2.32852 0.6
      vertex 5.19762 -2.76259 -0.6
    endloop
  endfacet
  facet normal 0.580317 0.188557 -0.792261
    outer loop
      vertex 5.93514 -0.651456 0.6
      vertex 6.13756 -1.27444 0.6
      vertex 4.70634 -1.91166 -0.6
    endloop
  endfacet
  facet normal -0.453451 0.408282 -0.792267
    outer loop
      vertex 11.5349 -1.84173 0.6
      vertex 12.8024 -2.76259 -0.6
      vertex 11.0966 -2.32852 0.6
    endloop
  endfacet
  facet normal 0.126863 0.596849 -0.792261
    outer loop
      vertex 8.67248 -3.11617 0.6
      vertex 8.50872 -4.67425 -0.6
      vertex 8.03175 -2.97998 0.6
    endloop
  endfacet
  facet normal -0.453451 -0.408282 -0.792267
    outer loop
      vertex 12.8024 2.76259 -0.6
      vertex 11.5349 1.84173 0.6
      vertex 11.0966 2.32852 0.6
    endloop
  endfacet
  facet normal -0.248172 0.557439 -0.792258
    outer loop
      vertex 10.5667 -2.71355 0.6
      vertex 11.35 -4.07032 -0.6
      vertex 9.96825 -2.97998 0.6
    endloop
  endfacet
  facet normal 0.126863 -0.596849 -0.792261
    outer loop
      vertex 8.50872 4.67425 -0.6
      vertex 8.67248 3.11617 0.6
      vertex 8.03175 2.97998 0.6
    endloop
  endfacet
  facet normal -0.453443 -0.408303 -0.792262
    outer loop
      vertex 12.1449 3.49278 -0.6
      vertex 12.8024 2.76259 -0.6
      vertex 11.0966 2.32852 0.6
    endloop
  endfacet
  facet normal 0.528435 0.305088 -0.792261
    outer loop
      vertex 5.19762 -2.76259 -0.6
      vertex 6.13756 -1.27444 0.6
      vertex 6.46508 -1.84173 0.6
    endloop
  endfacet
  facet normal 0.528434 0.305089 -0.792262
    outer loop
      vertex 6.13756 -1.27444 0.6
      vertex 5.19762 -2.76259 -0.6
      vertex 4.70634 -1.91166 -0.6
    endloop
  endfacet
  facet normal 0.580317 0.188557 -0.792261
    outer loop
      vertex 5.93514 -0.651456 0.6
      vertex 4.70634 -1.91166 -0.6
      vertex 4.40271 -0.977184 -0.6
    endloop
  endfacet
  facet normal 0.606839 0.0637837 -0.792262
    outer loop
      vertex 5.93514 -0.651456 0.6
      vertex 4.40271 -0.977184 -0.6
      vertex 4.3 0 -0.6
    endloop
  endfacet
  facet normal 0.248181 0.557431 -0.792261
    outer loop
      vertex 7.43333 -2.71355 0.6
      vertex 8.03175 -2.97998 0.6
      vertex 6.65 -4.07032 -0.6
    endloop
  endfacet
  facet normal 0.528435 -0.305088 -0.792261
    outer loop
      vertex 6.13756 1.27444 0.6
      vertex 5.19762 2.76259 -0.6
      vertex 6.46508 1.84173 0.6
    endloop
  endfacet
  facet normal 0.528434 -0.305089 -0.792262
    outer loop
      vertex 5.19762 2.76259 -0.6
      vertex 6.13756 1.27444 0.6
      vertex 4.70634 1.91166 -0.6
    endloop
  endfacet
  facet normal -0.580273 -0.188617 -0.792279
    outer loop
      vertex 13.2937 1.91166 -0.6
      vertex 12.0649 0.651456 0.6
      vertex 11.8624 1.27444 0.6
    endloop
  endfacet
  facet normal -0.580328 -0.188542 -0.792257
    outer loop
      vertex 13.2937 1.91166 -0.6
      vertex 13.5973 0.977184 -0.6
      vertex 12.0649 0.651456 0.6
    endloop
  endfacet
  facet normal -0.528415 0.30509 -0.792274
    outer loop
      vertex 12.8024 -2.76259 -0.6
      vertex 11.8624 -1.27444 0.6
      vertex 13.2937 -1.91166 -0.6
    endloop
  endfacet
  facet normal -0.528437 0.30507 -0.792267
    outer loop
      vertex 11.8624 -1.27444 0.6
      vertex 12.8024 -2.76259 -0.6
      vertex 11.5349 -1.84173 0.6
    endloop
  endfacet
  facet normal -0.358681 0.493637 -0.792256
    outer loop
      vertex 11.0966 -2.32852 0.6
      vertex 11.35 -4.07032 -0.6
      vertex 10.5667 -2.71355 0.6
    endloop
  endfacet
  facet normal 0.126865 -0.596849 -0.79226
    outer loop
      vertex 8.50872 4.67425 -0.6
      vertex 8.03175 2.97998 0.6
      vertex 7.54762 4.46996 -0.6
    endloop
  endfacet
  facet normal 0.358658 -0.493646 -0.792261
    outer loop
      vertex 6.65 4.07032 -0.6
      vertex 6.90339 2.32852 0.6
      vertex 5.85509 3.49278 -0.6
    endloop
  endfacet
  facet normal 0.24818 0.557431 -0.792261
    outer loop
      vertex 8.03175 -2.97998 0.6
      vertex 7.54762 -4.46996 -0.6
      vertex 6.65 -4.07032 -0.6
    endloop
  endfacet
  facet normal -0.580328 0.188542 -0.792257
    outer loop
      vertex 13.5973 -0.977184 -0.6
      vertex 13.2937 -1.91166 -0.6
      vertex 12.0649 -0.651456 0.6
    endloop
  endfacet
  facet normal 0.453452 0.408293 -0.792261
    outer loop
      vertex 6.90339 -2.32852 0.6
      vertex 5.85509 -3.49278 -0.6
      vertex 5.19762 -2.76259 -0.6
    endloop
  endfacet
  facet normal 0.24818 -0.557431 -0.792261
    outer loop
      vertex 7.54762 4.46996 -0.6
      vertex 8.03175 2.97998 0.6
      vertex 6.65 4.07032 -0.6
    endloop
  endfacet
  facet normal -0.248172 -0.557439 -0.792258
    outer loop
      vertex 11.35 4.07032 -0.6
      vertex 10.5667 2.71355 0.6
      vertex 9.96825 2.97998 0.6
    endloop
  endfacet
  facet normal 0.358658 0.493646 -0.792261
    outer loop
      vertex 6.90339 -2.32852 0.6
      vertex 6.65 -4.07032 -0.6
      vertex 5.85509 -3.49278 -0.6
    endloop
  endfacet
  facet normal 0.453453 -0.408293 -0.792261
    outer loop
      vertex 6.90339 2.32852 0.6
      vertex 6.46508 1.84173 0.6
      vertex 5.19762 2.76259 -0.6
    endloop
  endfacet
  facet normal -0.606847 0.0637784 -0.792256
    outer loop
      vertex 13.7 0 -0.6
      vertex 13.5973 -0.977184 -0.6
      vertex 12.0649 -0.651456 0.6
    endloop
  endfacet
  facet normal -0.606833 0.0637148 -0.792271
    outer loop
      vertex 12.1333 0 0.6
      vertex 13.7 0 -0.6
      vertex 12.0649 -0.651456 0.6
    endloop
  endfacet
  facet normal -0.35866 -0.493644 -0.792261
    outer loop
      vertex 11.35 4.07032 -0.6
      vertex 12.1449 3.49278 -0.6
      vertex 11.0966 2.32852 0.6
    endloop
  endfacet
  facet normal -0.126863 -0.596849 -0.792261
    outer loop
      vertex 9.49128 4.67425 -0.6
      vertex 9.96825 2.97998 0.6
      vertex 9.32752 3.11617 0.6
    endloop
  endfacet
  facet normal 0.606838 0.0637805 -0.792262
    outer loop
      vertex 5.86667 0 0.6
      vertex 5.93514 -0.651456 0.6
      vertex 4.3 0 -0.6
    endloop
  endfacet
  facet normal 0.248181 -0.557431 -0.792261
    outer loop
      vertex 8.03175 2.97998 0.6
      vertex 7.43333 2.71355 0.6
      vertex 6.65 4.07032 -0.6
    endloop
  endfacet
  facet normal -0.453443 0.408303 -0.792262
    outer loop
      vertex 12.8024 -2.76259 -0.6
      vertex 12.1449 -3.49278 -0.6
      vertex 11.0966 -2.32852 0.6
    endloop
  endfacet
  facet normal 0.606839 -0.0637837 -0.792262
    outer loop
      vertex 4.40271 0.977184 -0.6
      vertex 5.93514 0.651456 0.6
      vertex 4.3 0 -0.6
    endloop
  endfacet
  facet normal 0.580317 -0.188557 -0.792261
    outer loop
      vertex 4.70634 1.91166 -0.6
      vertex 5.93514 0.651456 0.6
      vertex 4.40271 0.977184 -0.6
    endloop
  endfacet
  facet normal 0 -0.610182 -0.792261
    outer loop
      vertex 8.67248 3.11617 0.6
      vertex 9.49128 4.67425 -0.6
      vertex 9.32752 3.11617 0.6
    endloop
  endfacet
  facet normal -0 -0.610182 -0.792261
    outer loop
      vertex 9.49128 4.67425 -0.6
      vertex 8.67248 3.11617 0.6
      vertex 8.50872 4.67425 -0.6
    endloop
  endfacet
  facet normal -0.248184 0.557428 -0.792262
    outer loop
      vertex 11.35 -4.07032 -0.6
      vertex 10.4524 -4.46996 -0.6
      vertex 9.96825 -2.97998 0.6
    endloop
  endfacet
  facet normal -0.580273 0.188617 -0.792279
    outer loop
      vertex 12.0649 -0.651456 0.6
      vertex 13.2937 -1.91166 -0.6
      vertex 11.8624 -1.27444 0.6
    endloop
  endfacet
  facet normal -0.126863 -0.596849 -0.792261
    outer loop
      vertex 10.4524 4.46996 -0.6
      vertex 9.96825 2.97998 0.6
      vertex 9.49128 4.67425 -0.6
    endloop
  endfacet
  facet normal 0.453452 -0.408293 -0.792261
    outer loop
      vertex 5.85509 3.49278 -0.6
      vertex 6.90339 2.32852 0.6
      vertex 5.19762 2.76259 -0.6
    endloop
  endfacet
  facet normal -0.126863 0.596849 -0.792261
    outer loop
      vertex 9.96825 -2.97998 0.6
      vertex 9.49128 -4.67425 -0.6
      vertex 9.32752 -3.11617 0.6
    endloop
  endfacet
  facet normal 0 0.610182 -0.792261
    outer loop
      vertex 9.49128 -4.67425 -0.6
      vertex 8.67248 -3.11617 0.6
      vertex 9.32752 -3.11617 0.6
    endloop
  endfacet
  facet normal 0 0.610182 -0.792261
    outer loop
      vertex 8.67248 -3.11617 0.6
      vertex 9.49128 -4.67425 -0.6
      vertex 8.50872 -4.67425 -0.6
    endloop
  endfacet
  facet normal 0 0 -1
    outer loop
      vertex 12.0649 -0.651456 0.6
      vertex 12.0649 0.651456 0.6
      vertex 12.1333 0 0.6
    endloop
  endfacet
  facet normal 0 0 -1
    outer loop
      vertex 11.8624 -1.27444 0.6
      vertex 12.0649 0.651456 0.6
      vertex 12.0649 -0.651456 0.6
    endloop
  endfacet
  facet normal 0 0 -1
    outer loop
      vertex 11.8624 -1.27444 0.6
      vertex 11.8624 1.27444 0.6
      vertex 12.0649 0.651456 0.6
    endloop
  endfacet
  facet normal 0 0 -1
    outer loop
      vertex 11.5349 -1.84173 0.6
      vertex 11.8624 1.27444 0.6
      vertex 11.8624 -1.27444 0.6
    endloop
  endfacet
  facet normal 0 0 -1
    outer loop
      vertex 11.5349 -1.84173 0.6
      vertex 11.5349 1.84173 0.6
      vertex 11.8624 1.27444 0.6
    endloop
  endfacet
  facet normal 0 0 -1
    outer loop
      vertex 11.0966 -2.32852 0.6
      vertex 11.5349 1.84173 0.6
      vertex 11.5349 -1.84173 0.6
    endloop
  endfacet
  facet normal 0 0 -1
    outer loop
      vertex 11.0966 -2.32852 0.6
      vertex 11.0966 2.32852 0.6
      vertex 11.5349 1.84173 0.6
    endloop
  endfacet
  facet normal 0 0 -1
    outer loop
      vertex 10.5667 -2.71355 0.6
      vertex 11.0966 2.32852 0.6
      vertex 11.0966 -2.32852 0.6
    endloop
  endfacet
  facet normal 0 0 -1
    outer loop
      vertex 10.5667 -2.71355 0.6
      vertex 10.5667 2.71355 0.6
      vertex 11.0966 2.32852 0.6
    endloop
  endfacet
  facet normal 0 0 -1
    outer loop
      vertex 9.96825 -2.97998 0.6
      vertex 10.5667 2.71355 0.6
      vertex 10.5667 -2.71355 0.6
    endloop
  endfacet
  facet normal 0 0 -1
    outer loop
      vertex 9.96825 -2.97998 0.6
      vertex 9.96825 2.97998 0.6
      vertex 10.5667 2.71355 0.6
    endloop
  endfacet
  facet normal 0 0 -1
    outer loop
      vertex 9.32752 -3.11617 0.6
      vertex 9.96825 2.97998 0.6
      vertex 9.96825 -2.97998 0.6
    endloop
  endfacet
  facet normal 0 0 -1
    outer loop
      vertex 9.32752 -3.11617 0.6
      vertex 9.32752 3.11617 0.6
      vertex 9.96825 2.97998 0.6
    endloop
  endfacet
  facet normal 0 0 -1
    outer loop
      vertex 8.67248 -3.11617 0.6
      vertex 9.32752 3.11617 0.6
      vertex 9.32752 -3.11617 0.6
    endloop
  endfacet
  facet normal 0 0 -1
    outer loop
      vertex 8.67248 -3.11617 0.6
      vertex 8.67248 3.11617 0.6
      vertex 9.32752 3.11617 0.6
    endloop
  endfacet
  facet normal 0 0 -1
    outer loop
      vertex 8.03175 -2.97998 0.6
      vertex 8.67248 3.11617 0.6
      vertex 8.67248 -3.11617 0.6
    endloop
  endfacet
  facet normal 0 0 -1
    outer loop
      vertex 8.03175 -2.97998 0.6
      vertex 8.03175 2.97998 0.6
      vertex 8.67248 3.11617 0.6
    endloop
  endfacet
  facet normal 0 0 -1
    outer loop
      vertex 7.43333 -2.71355 0.6
      vertex 8.03175 2.97998 0.6
      vertex 8.03175 -2.97998 0.6
    endloop
  endfacet
  facet normal 0 0 -1
    outer loop
      vertex 7.43333 -2.71355 0.6
      vertex 7.43333 2.71355 0.6
      vertex 8.03175 2.97998 0.6
    endloop
  endfacet
  facet normal 0 0 -1
    outer loop
      vertex 6.90339 -2.32852 0.6
      vertex 7.43333 2.71355 0.6
      vertex 7.43333 -2.71355 0.6
    endloop
  endfacet
  facet normal 0 0 -1
    outer loop
      vertex 6.90339 -2.32852 0.6
      vertex 6.90339 2.32852 0.6
      vertex 7.43333 2.71355 0.6
    endloop
  endfacet
  facet normal 0 0 -1
    outer loop
      vertex 6.46508 -1.84173 0.6
      vertex 6.90339 2.32852 0.6
      vertex 6.90339 -2.32852 0.6
    endloop
  endfacet
  facet normal 0 0 -1
    outer loop
      vertex 6.46508 -1.84173 0.6
      vertex 6.46508 1.84173 0.6
      vertex 6.90339 2.32852 0.6
    endloop
  endfacet
  facet normal 0 0 -1
    outer loop
      vertex 6.13756 -1.27444 0.6
      vertex 6.46508 1.84173 0.6
      vertex 6.46508 -1.84173 0.6
    endloop
  endfacet
  facet normal 0 0 -1
    outer loop
      vertex 6.13756 -1.27444 0.6
      vertex 6.13756 1.27444 0.6
      vertex 6.46508 1.84173 0.6
    endloop
  endfacet
  facet normal 0 0 -1
    outer loop
      vertex 5.93514 -0.651456 0.6
      vertex 6.13756 1.27444 0.6
      vertex 6.13756 -1.27444 0.6
    endloop
  endfacet
  facet normal 0 0 -1
    outer loop
      vertex 5.93514 -0.651456 0.6
      vertex 5.93514 0.651456 0.6
      vertex 6.13756 1.27444 0.6
    endloop
  endfacet
  facet normal 0 -0 -1
    outer loop
      vertex 5.93514 0.651456 0.6
      vertex 5.93514 -0.651456 0.6
      vertex 5.86667 0 0.6
    endloop
  endfacet
endsolid OpenSCAD_Model
