solid OpenSCAD_Model
  facet normal 0 0 1
    outer loop
      vertex 10.2 -5.35 2.5
      vertex 13.2007 -13.828 2.5
      vertex 12.8921 -7.27026 2.5
    endloop
  endfacet
  facet normal 0 0 1
    outer loop
      vertex 14.6631 -7.86575 2.5
      vertex 14.0894 -7.18359 2.5
      vertex 14.3993 -13.7718 2.5
    endloop
  endfacet
  facet normal 0 0 1
    outer loop
      vertex 14.6631 -7.86575 2.5
      vertex 14.0872 -7.15358 2.5
      vertex 14.0894 -7.18359 2.5
    endloop
  endfacet
  facet normal 0 0 1
    outer loop
      vertex 14.6631 -7.86575 2.5
      vertex 14.0835 -7.1237 2.5
      vertex 14.0872 -7.15358 2.5
    endloop
  endfacet
  facet normal 0 0 1
    outer loop
      vertex 13.7109 -1.51611 2.5
      vertex 14.0835 -7.1237 2.5
      vertex 14.6631 -7.86575 2.5
    endloop
  endfacet
  facet normal 0 0 1
    outer loop
      vertex 13.7109 -1.51611 2.5
      vertex 13.2076 -1.22064 2.5
      vertex 14.0835 -7.1237 2.5
    endloop
  endfacet
  facet normal 0 0 1
    outer loop
      vertex 13.7109 -1.51611 2.5
      vertex 13.2017 -1.18762 2.5
      vertex 13.2076 -1.22064 2.5
    endloop
  endfacet
  facet normal 0 0 1
    outer loop
      vertex 13.7109 -1.51611 2.5
      vertex 13.194 -1.15498 2.5
      vertex 13.2017 -1.18762 2.5
    endloop
  endfacet
  facet normal 0 0 1
    outer loop
      vertex 13.7109 -1.51611 2.5
      vertex 13.1934 -1.15271 2.5
      vertex 13.194 -1.15498 2.5
    endloop
  endfacet
  facet normal 0 0 1
    outer loop
      vertex 12.2314 3.97751 2.5
      vertex 13.1934 -1.15271 2.5
      vertex 13.7109 -1.51611 2.5
    endloop
  endfacet
  facet normal 0 0 1
    outer loop
      vertex 12.2314 3.97751 2.5
      vertex 11.8334 3.97807 2.5
      vertex 13.1934 -1.15271 2.5
    endloop
  endfacet
  facet normal 0 0 1
    outer loop
      vertex 12.2314 3.97751 2.5
      vertex 11.8329 3.98012 2.5
      vertex 11.8334 3.97807 2.5
    endloop
  endfacet
  facet normal 0 0 1
    outer loop
      vertex 12.2314 3.97751 2.5
      vertex 11.8216 4.01767 2.5
      vertex 11.8329 3.98012 2.5
    endloop
  endfacet
  facet normal 0 0 1
    outer loop
      vertex 12.2314 3.97751 2.5
      vertex 11.8079 4.05441 2.5
      vertex 11.8216 4.01767 2.5
    endloop
  endfacet
  facet normal 0 0 1
    outer loop
      vertex 10.3125 8.55469 2.5
      vertex 11.8079 4.05441 2.5
      vertex 12.2314 3.97751 2.5
    endloop
  endfacet
  facet normal 0 0 1
    outer loop
      vertex 10.3125 8.55469 2.5
      vertex 10.0425 8.35144 2.5
      vertex 11.8079 4.05441 2.5
    endloop
  endfacet
  facet normal 0 0 1
    outer loop
      vertex 10.3125 8.55469 2.5
      vertex 10.0224 8.39529 2.5
      vertex 10.0425 8.35144 2.5
    endloop
  endfacet
  facet normal 0 0 1
    outer loop
      vertex 10.3125 8.55469 2.5
      vertex 9.99876 8.43742 2.5
      vertex 10.0224 8.39529 2.5
    endloop
  endfacet
  facet normal -0 0 1
    outer loop
      vertex 7.90991 11.839 2.5
      vertex 10.3125 8.55469 2.5
      vertex 8.04199 12.166 2.5
    endloop
  endfacet
  facet normal 0 0 1
    outer loop
      vertex 10.3125 8.55469 2.5
      vertex 7.90991 11.839 2.5
      vertex 9.99876 8.43742 2.5
    endloop
  endfacet
  facet normal 0 0 1
    outer loop
      vertex 8.04199 12.166 2.5
      vertex 7.87463 11.8903 2.5
      vertex 7.90991 11.839 2.5
    endloop
  endfacet
  facet normal 0 0 1
    outer loop
      vertex 8.04199 12.166 2.5
      vertex 7.83423 11.9376 2.5
      vertex 7.87463 11.8903 2.5
    endloop
  endfacet
  facet normal -0 0 1
    outer loop
      vertex 5.50279 14.3992 2.5
      vertex 8.04199 12.166 2.5
      vertex 5.50781 14.7729 2.5
    endloop
  endfacet
  facet normal 0 0 1
    outer loop
      vertex 8.04199 12.166 2.5
      vertex 5.50279 14.3992 2.5
      vertex 7.83423 11.9376 2.5
    endloop
  endfacet
  facet normal 0 0 1
    outer loop
      vertex 5.50781 14.7729 2.5
      vertex 5.44238 14.4548 2.5
      vertex 5.50279 14.3992 2.5
    endloop
  endfacet
  facet normal 0 0 1
    outer loop
      vertex 5.50781 14.7729 2.5
      vertex 5.37492 14.5017 2.5
      vertex 5.44238 14.4548 2.5
    endloop
  endfacet
  facet normal 0 0 1
    outer loop
      vertex 5.50781 14.7729 2.5
      vertex 2.88176 15.9914 2.5
      vertex 5.37492 14.5017 2.5
    endloop
  endfacet
  facet normal 0 0 1
    outer loop
      vertex 2.79785 16.3481 2.5
      vertex 2.88176 15.9914 2.5
      vertex 5.50781 14.7729 2.5
    endloop
  endfacet
  facet normal 0 0 1
    outer loop
      vertex 2.79785 16.3481 2.5
      vertex 2.78816 16.0368 2.5
      vertex 2.88176 15.9914 2.5
    endloop
  endfacet
  facet normal 0 0 1
    outer loop
      vertex 2.79785 16.3481 2.5
      vertex 2.68814 16.0653 2.5
      vertex 2.78816 16.0368 2.5
    endloop
  endfacet
  facet normal 0 0 1
    outer loop
      vertex 2.79785 16.3481 2.5
      vertex 0.11412 16.564 2.5
      vertex 2.68814 16.0653 2.5
    endloop
  endfacet
  facet normal 0 0 1
    outer loop
      vertex 0 16.875 2.5
      vertex 0.11412 16.564 2.5
      vertex 2.79785 16.3481 2.5
    endloop
  endfacet
  facet normal 0 0 1
    outer loop
      vertex 0 16.875 2.5
      vertex 0 16.575 2.5
      vertex 0.11412 16.564 2.5
    endloop
  endfacet
  facet normal 0 0 1
    outer loop
      vertex 0 16.875 2.5
      vertex -0.114136 16.564 2.5
      vertex 0 16.575 2.5
    endloop
  endfacet
  facet normal 0 0 1
    outer loop
      vertex -2.79785 16.3481 2.5
      vertex -0.114136 16.564 2.5
      vertex 0 16.875 2.5
    endloop
  endfacet
  facet normal 0 0 1
    outer loop
      vertex -0.114136 16.564 2.5
      vertex -2.79785 16.3481 2.5
      vertex -2.68814 16.0653 2.5
    endloop
  endfacet
  facet normal 0 0 1
    outer loop
      vertex -2.68814 16.0653 2.5
      vertex -2.79785 16.3481 2.5
      vertex -2.78816 16.0368 2.5
    endloop
  endfacet
  facet normal 0 0 1
    outer loop
      vertex -2.79785 16.3481 2.5
      vertex -2.88179 15.9913 2.5
      vertex -2.78816 16.0368 2.5
    endloop
  endfacet
  facet normal 0 0 1
    outer loop
      vertex -5.50781 14.7729 2.5
      vertex -2.88179 15.9913 2.5
      vertex -2.79785 16.3481 2.5
    endloop
  endfacet
  facet normal 0 0 1
    outer loop
      vertex -2.88179 15.9913 2.5
      vertex -5.50781 14.7729 2.5
      vertex -5.37492 14.5017 2.5
    endloop
  endfacet
  facet normal 0 0 1
    outer loop
      vertex -5.37492 14.5017 2.5
      vertex -5.50781 14.7729 2.5
      vertex -5.44238 14.4548 2.5
    endloop
  endfacet
  facet normal 0 0 1
    outer loop
      vertex -5.50781 14.7729 2.5
      vertex -5.50281 14.3992 2.5
      vertex -5.44238 14.4548 2.5
    endloop
  endfacet
  facet normal 0 0 1
    outer loop
      vertex -8.04199 12.166 2.5
      vertex -5.50281 14.3992 2.5
      vertex -5.50781 14.7729 2.5
    endloop
  endfacet
  facet normal 0 0 1
    outer loop
      vertex -5.50281 14.3992 2.5
      vertex -8.04199 12.166 2.5
      vertex -7.83423 11.9376 2.5
    endloop
  endfacet
  facet normal 0 0 1
    outer loop
      vertex -7.83423 11.9376 2.5
      vertex -8.04199 12.166 2.5
      vertex -7.87463 11.8903 2.5
    endloop
  endfacet
  facet normal 0 0 1
    outer loop
      vertex -8.04199 12.166 2.5
      vertex -7.90991 11.839 2.5
      vertex -7.87463 11.8903 2.5
    endloop
  endfacet
  facet normal 0 0 1
    outer loop
      vertex -10.3125 8.55469 2.5
      vertex -7.90991 11.839 2.5
      vertex -8.04199 12.166 2.5
    endloop
  endfacet
  facet normal 0 0 1
    outer loop
      vertex -7.90991 11.839 2.5
      vertex -10.3125 8.55469 2.5
      vertex -9.99878 8.43739 2.5
    endloop
  endfacet
  facet normal 0 0 1
    outer loop
      vertex -9.99878 8.43739 2.5
      vertex -10.3125 8.55469 2.5
      vertex -10.0224 8.39529 2.5
    endloop
  endfacet
  facet normal 0 0 1
    outer loop
      vertex -10.3125 8.55469 2.5
      vertex -10.0425 8.35143 2.5
      vertex -10.0224 8.39529 2.5
    endloop
  endfacet
  facet normal 0 0 1
    outer loop
      vertex -10.3125 8.55469 2.5
      vertex -11.8079 4.05441 2.5
      vertex -10.0425 8.35143 2.5
    endloop
  endfacet
  facet normal 0 0 1
    outer loop
      vertex -12.2314 3.97751 2.5
      vertex -11.8079 4.05441 2.5
      vertex -10.3125 8.55469 2.5
    endloop
  endfacet
  facet normal 0 0 1
    outer loop
      vertex -11.8079 4.05441 2.5
      vertex -12.2314 3.97751 2.5
      vertex -11.8216 4.01767 2.5
    endloop
  endfacet
  facet normal 0 0 1
    outer loop
      vertex -12.2314 3.97751 2.5
      vertex -11.8329 3.9801 2.5
      vertex -11.8216 4.01767 2.5
    endloop
  endfacet
  facet normal -0 0 1
    outer loop
      vertex -12.2314 3.97751 2.5
      vertex -13.194 -1.15498 2.5
      vertex -11.8329 3.9801 2.5
    endloop
  endfacet
  facet normal 0 0 1
    outer loop
      vertex -13.7109 -1.51611 2.5
      vertex -13.194 -1.15498 2.5
      vertex -12.2314 3.97751 2.5
    endloop
  endfacet
  facet normal 0 0 1
    outer loop
      vertex -13.194 -1.15498 2.5
      vertex -13.7109 -1.51611 2.5
      vertex -13.2017 -1.18762 2.5
    endloop
  endfacet
  facet normal 0 0 1
    outer loop
      vertex -13.7109 -1.51611 2.5
      vertex -13.2076 -1.22064 2.5
      vertex -13.2017 -1.18762 2.5
    endloop
  endfacet
  facet normal -0 0 1
    outer loop
      vertex -13.7109 -1.51611 2.5
      vertex -14.0835 -7.12372 2.5
      vertex -13.2076 -1.22064 2.5
    endloop
  endfacet
  facet normal 0 0 1
    outer loop
      vertex -14.6631 -7.86575 2.5
      vertex -14.0835 -7.12372 2.5
      vertex -13.7109 -1.51611 2.5
    endloop
  endfacet
  facet normal 0 0 1
    outer loop
      vertex -14.0835 -7.12372 2.5
      vertex -14.6631 -7.86575 2.5
      vertex -14.0872 -7.15358 2.5
    endloop
  endfacet
  facet normal 0 0 1
    outer loop
      vertex -14.6631 -7.86575 2.5
      vertex -14.0895 -7.18695 2.5
      vertex -14.0894 -7.18359 2.5
    endloop
  endfacet
  facet normal 0 0 1
    outer loop
      vertex -14.0895 -7.18695 2.5
      vertex -14.6631 -7.86575 2.5
      vertex -14.3993 -13.7718 2.5
    endloop
  endfacet
  facet normal 0 0 1
    outer loop
      vertex -14.0872 -7.15358 2.5
      vertex -14.6631 -7.86575 2.5
      vertex -14.0894 -7.18359 2.5
    endloop
  endfacet
  facet normal -0 0 1
    outer loop
      vertex 14.3993 -13.7718 2.5
      vertex 15 -15 2.5
      vertex 14.6631 -7.86575 2.5
    endloop
  endfacet
  facet normal -0 0 1
    outer loop
      vertex 14.3921 -13.897 2.5
      vertex 15 -15 2.5
      vertex 14.3993 -13.7718 2.5
    endloop
  endfacet
  facet normal -0 0 1
    outer loop
      vertex 14.359 -14.018 2.5
      vertex 15 -15 2.5
      vertex 14.3921 -13.897 2.5
    endloop
  endfacet
  facet normal -0 0 1
    outer loop
      vertex 14.3014 -14.1295 2.5
      vertex 15 -15 2.5
      vertex 14.359 -14.018 2.5
    endloop
  endfacet
  facet normal -0 0 1
    outer loop
      vertex 14.222 -14.2265 2.5
      vertex 15 -15 2.5
      vertex 14.3014 -14.1295 2.5
    endloop
  endfacet
  facet normal -0 0 1
    outer loop
      vertex 14.1241 -14.3049 2.5
      vertex 15 -15 2.5
      vertex 14.222 -14.2265 2.5
    endloop
  endfacet
  facet normal -0 0 1
    outer loop
      vertex 14.012 -14.3613 2.5
      vertex 15 -15 2.5
      vertex 14.1241 -14.3049 2.5
    endloop
  endfacet
  facet normal -0 0 1
    outer loop
      vertex 13.8907 -14.3931 2.5
      vertex 15 -15 2.5
      vertex 14.012 -14.3613 2.5
    endloop
  endfacet
  facet normal -0 0 1
    outer loop
      vertex 13.7654 -14.399 2.5
      vertex 15 -15 2.5
      vertex 13.8907 -14.3931 2.5
    endloop
  endfacet
  facet normal 0 0 1
    outer loop
      vertex 13.6416 -14.3787 2.5
      vertex 15 -15 2.5
      vertex 13.7654 -14.399 2.5
    endloop
  endfacet
  facet normal 0 0 1
    outer loop
      vertex 13.5247 -14.3331 2.5
      vertex 15 -15 2.5
      vertex 13.6416 -14.3787 2.5
    endloop
  endfacet
  facet normal -0 0 1
    outer loop
      vertex 10.2 -5.35 2.5
      vertex 12.8921 -7.27026 2.5
      vertex 12.0255 -1.43013 2.5
    endloop
  endfacet
  facet normal -0 0 1
    outer loop
      vertex 10.2 2.65 2.5
      vertex 12.0255 -1.43013 2.5
      vertex 10.683 3.63472 2.5
    endloop
  endfacet
  facet normal 0 0 1
    outer loop
      vertex 12.0255 -1.43013 2.5
      vertex 10.2 2.65 2.5
      vertex 10.2 -5.35 2.5
    endloop
  endfacet
  facet normal -0 0 1
    outer loop
      vertex 2.96176 -12.55 2.5
      vertex 13.2007 -13.828 2.5
      vertex 10.2 -5.35 2.5
    endloop
  endfacet
  facet normal 0 0 1
    outer loop
      vertex 13.2007 -13.828 2.5
      vertex 2.96176 -12.55 2.5
      vertex 13.2007 -13.8282 2.5
    endloop
  endfacet
  facet normal 0 0 1
    outer loop
      vertex 2.96176 -12.55 2.5
      vertex 10.2 -5.35 2.5
      vertex 2.96176 -6.58523 2.5
    endloop
  endfacet
  facet normal 0 0 1
    outer loop
      vertex 13.2007 -13.8282 2.5
      vertex 2.96176 -12.55 2.5
      vertex 13.2196 -13.9522 2.5
    endloop
  endfacet
  facet normal 0 0 1
    outer loop
      vertex 13.2196 -13.9522 2.5
      vertex 2.96176 -12.55 2.5
      vertex 13.2639 -14.0695 2.5
    endloop
  endfacet
  facet normal 0 0 1
    outer loop
      vertex 13.2639 -14.0695 2.5
      vertex 2.96176 -12.55 2.5
      vertex 13.3317 -14.1751 2.5
    endloop
  endfacet
  facet normal 0 0 1
    outer loop
      vertex 13.3317 -14.1751 2.5
      vertex 2.96176 -12.55 2.5
      vertex 13.4199 -14.2643 2.5
    endloop
  endfacet
  facet normal 0 0 1
    outer loop
      vertex 2.96176 -12.55 2.5
      vertex 13.5247 -14.3331 2.5
      vertex 13.4199 -14.2643 2.5
    endloop
  endfacet
  facet normal 0 0 1
    outer loop
      vertex 2.96176 -12.55 2.5
      vertex 15 -15 2.5
      vertex 13.5247 -14.3331 2.5
    endloop
  endfacet
  facet normal -0 0 1
    outer loop
      vertex 1.84288 -12.55 2.5
      vertex 15 -15 2.5
      vertex 2.96176 -12.55 2.5
    endloop
  endfacet
  facet normal -0 0 1
    outer loop
      vertex 0.658844 -12.55 2.5
      vertex 15 -15 2.5
      vertex 1.84288 -12.55 2.5
    endloop
  endfacet
  facet normal -0 0 1
    outer loop
      vertex -0.500702 -12.55 2.5
      vertex 15 -15 2.5
      vertex 0.658844 -12.55 2.5
    endloop
  endfacet
  facet normal 0 0 1
    outer loop
      vertex -1.68066 -12.55 2.5
      vertex -0.500702 -12.55 2.5
      vertex -1.68066 -7.85464 2.5
    endloop
  endfacet
  facet normal 0 0 1
    outer loop
      vertex -15 -15 2.5
      vertex -0.500702 -12.55 2.5
      vertex -1.68066 -12.55 2.5
    endloop
  endfacet
  facet normal 0 0 1
    outer loop
      vertex -15 -15 2.5
      vertex -1.68066 -12.55 2.5
      vertex -2.79955 -12.55 2.5
    endloop
  endfacet
  facet normal 0 0 1
    outer loop
      vertex -10.2 2.65 2.5
      vertex -12.0255 -1.42987 2.5
      vertex -10.2 -5.35 2.5
    endloop
  endfacet
  facet normal 0 0 1
    outer loop
      vertex -12.8921 -7.26996 2.5
      vertex -10.2 -5.35 2.5
      vertex -12.0255 -1.42987 2.5
    endloop
  endfacet
  facet normal 0 0 1
    outer loop
      vertex -13.2007 -13.8282 2.5
      vertex -10.2 -5.35 2.5
      vertex -12.8921 -7.26996 2.5
    endloop
  endfacet
  facet normal 0 0 1
    outer loop
      vertex -10.2 -5.35 2.5
      vertex -13.2007 -13.8282 2.5
      vertex -2.79955 -12.55 2.5
    endloop
  endfacet
  facet normal 0 0 1
    outer loop
      vertex -13.2196 -13.9522 2.5
      vertex -2.79955 -12.55 2.5
      vertex -13.2007 -13.8282 2.5
    endloop
  endfacet
  facet normal 0 0 1
    outer loop
      vertex -13.2639 -14.0695 2.5
      vertex -2.79955 -12.55 2.5
      vertex -13.2196 -13.9522 2.5
    endloop
  endfacet
  facet normal 0 0 1
    outer loop
      vertex -13.3317 -14.1751 2.5
      vertex -2.79955 -12.55 2.5
      vertex -13.2639 -14.0695 2.5
    endloop
  endfacet
  facet normal 0 0 1
    outer loop
      vertex -13.4199 -14.2643 2.5
      vertex -2.79955 -12.55 2.5
      vertex -13.3317 -14.1751 2.5
    endloop
  endfacet
  facet normal 0 0 1
    outer loop
      vertex -13.5247 -14.3331 2.5
      vertex -2.79955 -12.55 2.5
      vertex -13.4199 -14.2643 2.5
    endloop
  endfacet
  facet normal 0 0 1
    outer loop
      vertex -15 -15 2.5
      vertex -2.79955 -12.55 2.5
      vertex -13.5247 -14.3331 2.5
    endloop
  endfacet
  facet normal 0 0 1
    outer loop
      vertex -15 -15 2.5
      vertex -13.5247 -14.3331 2.5
      vertex -13.6416 -14.3787 2.5
    endloop
  endfacet
  facet normal 0 0 1
    outer loop
      vertex -15 -15 2.5
      vertex -13.6416 -14.3787 2.5
      vertex -13.7654 -14.399 2.5
    endloop
  endfacet
  facet normal 0 0 1
    outer loop
      vertex -0.500702 -12.55 2.5
      vertex -15 -15 2.5
      vertex 15 -15 2.5
    endloop
  endfacet
  facet normal 0 0 1
    outer loop
      vertex -13.8907 -14.3931 2.5
      vertex -15 -15 2.5
      vertex -13.7654 -14.399 2.5
    endloop
  endfacet
  facet normal 0 0 1
    outer loop
      vertex -14.012 -14.3613 2.5
      vertex -15 -15 2.5
      vertex -13.8907 -14.3931 2.5
    endloop
  endfacet
  facet normal 0 0 1
    outer loop
      vertex -14.1241 -14.3049 2.5
      vertex -15 -15 2.5
      vertex -14.012 -14.3613 2.5
    endloop
  endfacet
  facet normal 0 0 1
    outer loop
      vertex -14.222 -14.2265 2.5
      vertex -15 -15 2.5
      vertex -14.1241 -14.3049 2.5
    endloop
  endfacet
  facet normal 0 0 1
    outer loop
      vertex -14.3014 -14.1295 2.5
      vertex -15 -15 2.5
      vertex -14.222 -14.2265 2.5
    endloop
  endfacet
  facet normal 0 0 1
    outer loop
      vertex -14.359 -14.018 2.5
      vertex -15 -15 2.5
      vertex -14.3014 -14.1295 2.5
    endloop
  endfacet
  facet normal 0 0 1
    outer loop
      vertex -14.3921 -13.897 2.5
      vertex -15 -15 2.5
      vertex -14.359 -14.018 2.5
    endloop
  endfacet
  facet normal 0 0 1
    outer loop
      vertex -14.3993 -13.7718 2.5
      vertex -15 -15 2.5
      vertex -14.3921 -13.897 2.5
    endloop
  endfacet
  facet normal 0 0 1
    outer loop
      vertex -15 -15 2.5
      vertex -14.3993 -13.7718 2.5
      vertex -14.6631 -7.86575 2.5
    endloop
  endfacet
  facet normal 0 0 1
    outer loop
      vertex 1.84288 -7.85464 2.5
      vertex 0.658844 -12.55 2.5
      vertex 1.84288 -12.55 2.5
    endloop
  endfacet
  facet normal 0 0 1
    outer loop
      vertex 6.92004 11.1578 2.5
      vertex 2.63567 9.47226 2.5
      vertex 2.65193 6.97404 2.5
    endloop
  endfacet
  facet normal 0 0 1
    outer loop
      vertex 6.92004 11.1578 2.5
      vertex 2.52124 9.80946 2.5
      vertex 2.63567 9.47226 2.5
    endloop
  endfacet
  facet normal 0 0 1
    outer loop
      vertex 6.92004 11.1578 2.5
      vertex 2.38139 10.1049 2.5
      vertex 2.52124 9.80946 2.5
    endloop
  endfacet
  facet normal 0 0 1
    outer loop
      vertex 1.6579 10.8538 2.5
      vertex 4.68848 13.514 2.5
      vertex 2.35663 14.9073 2.5
    endloop
  endfacet
  facet normal 0 0 1
    outer loop
      vertex 4.68848 13.514 2.5
      vertex 2.21608 10.3587 2.5
      vertex 2.38139 10.1049 2.5
    endloop
  endfacet
  facet normal 0 0 1
    outer loop
      vertex 4.68848 13.514 2.5
      vertex 2.02534 10.5708 2.5
      vertex 2.21608 10.3587 2.5
    endloop
  endfacet
  facet normal 0 0 1
    outer loop
      vertex 4.68848 13.514 2.5
      vertex 1.6579 10.8538 2.5
      vertex 2.02534 10.5708 2.5
    endloop
  endfacet
  facet normal 0 0 1
    outer loop
      vertex 2.35663 14.9073 2.5
      vertex 1.23907 11.056 2.5
      vertex 1.6579 10.8538 2.5
    endloop
  endfacet
  facet normal 0 0 1
    outer loop
      vertex 2.35663 14.9073 2.5
      vertex 0.768875 11.1773 2.5
      vertex 1.23907 11.056 2.5
    endloop
  endfacet
  facet normal 0 0 1
    outer loop
      vertex 0 15.3638 2.5
      vertex 0.768875 11.1773 2.5
      vertex 2.35663 14.9073 2.5
    endloop
  endfacet
  facet normal 0 0 1
    outer loop
      vertex 0.768875 11.1773 2.5
      vertex 0 15.3638 2.5
      vertex 0.247299 11.2177 2.5
    endloop
  endfacet
  facet normal 0 0 1
    outer loop
      vertex 0 15.3638 2.5
      vertex -0.348999 11.1662 2.5
      vertex 0.247299 11.2177 2.5
    endloop
  endfacet
  facet normal -0 0 1
    outer loop
      vertex -2.35658 14.9073 2.5
      vertex -0.348999 11.1662 2.5
      vertex 0 15.3638 2.5
    endloop
  endfacet
  facet normal 0 0 1
    outer loop
      vertex -0.348999 11.1662 2.5
      vertex -2.35658 14.9073 2.5
      vertex -0.884796 11.0117 2.5
    endloop
  endfacet
  facet normal 0 0 1
    outer loop
      vertex -0.884796 11.0117 2.5
      vertex -2.35658 14.9073 2.5
      vertex -1.36009 10.7543 2.5
    endloop
  endfacet
  facet normal -0 0 1
    outer loop
      vertex -4.68843 13.514 2.5
      vertex -1.36009 10.7543 2.5
      vertex -2.35658 14.9073 2.5
    endloop
  endfacet
  facet normal 0 0 1
    outer loop
      vertex -1.36009 10.7543 2.5
      vertex -4.68843 13.514 2.5
      vertex -1.77486 10.3938 2.5
    endloop
  endfacet
  facet normal 0 0 1
    outer loop
      vertex -1.77486 10.3938 2.5
      vertex -4.68843 13.514 2.5
      vertex -2.11128 9.94026 2.5
    endloop
  endfacet
  facet normal -0 0 1
    outer loop
      vertex -6.91997 11.1579 2.5
      vertex -2.11128 9.94026 2.5
      vertex -4.68843 13.514 2.5
    endloop
  endfacet
  facet normal 0 0 1
    outer loop
      vertex -2.11128 9.94026 2.5
      vertex -6.91997 11.1579 2.5
      vertex -2.35158 9.40358 2.5
    endloop
  endfacet
  facet normal 0 0 1
    outer loop
      vertex -2.35158 9.40358 2.5
      vertex -6.91997 11.1579 2.5
      vertex -2.49576 8.78373 2.5
    endloop
  endfacet
  facet normal 0 0 1
    outer loop
      vertex 0 -2.05967 2.5
      vertex 2.96176 -6.58523 2.5
      vertex 10.2 -5.35 2.5
    endloop
  endfacet
  facet normal 0 0 1
    outer loop
      vertex 2.96176 -6.58523 2.5
      vertex 0 -2.05967 2.5
      vertex 1.15529 -6.58523 2.5
    endloop
  endfacet
  facet normal 0 0 1
    outer loop
      vertex -0.997086 -6.58523 2.5
      vertex 1.15529 -6.58523 2.5
      vertex 0 -2.05967 2.5
    endloop
  endfacet
  facet normal 0 0 1
    outer loop
      vertex 1.15529 -6.58523 2.5
      vertex -0.997086 -6.58523 2.5
      vertex 0.0851746 -10.6539 2.5
    endloop
  endfacet
  facet normal 0 0 1
    outer loop
      vertex 0 -2.05967 2.5
      vertex -2.79955 -6.58523 2.5
      vertex -0.997086 -6.58523 2.5
    endloop
  endfacet
  facet normal 0 0 1
    outer loop
      vertex -2.79955 -6.58523 2.5
      vertex -10.2 -5.35 2.5
      vertex -2.79955 -12.55 2.5
    endloop
  endfacet
  facet normal -0 0 1
    outer loop
      vertex -10.2 -5.35 2.5
      vertex -2.79955 -6.58523 2.5
      vertex 0 -2.05967 2.5
    endloop
  endfacet
  facet normal 0 0 1
    outer loop
      vertex 8.95093 7.85063 2.5
      vertex 10.2 2.65 2.5
      vertex 10.683 3.63472 2.5
    endloop
  endfacet
  facet normal 0 0 1
    outer loop
      vertex 2.65193 6.97404 2.5
      vertex 8.95093 7.85063 2.5
      vertex 6.92004 11.1578 2.5
    endloop
  endfacet
  facet normal 0 0 1
    outer loop
      vertex 2.38139 10.1049 2.5
      vertex 6.92004 11.1578 2.5
      vertex 4.68848 13.514 2.5
    endloop
  endfacet
  facet normal 0 0 1
    outer loop
      vertex 2.49542 6.51719 2.5
      vertex 8.95093 7.85063 2.5
      vertex 2.65193 6.97404 2.5
    endloop
  endfacet
  facet normal 0 0 1
    outer loop
      vertex 8.95093 7.85063 2.5
      vertex 2.49542 6.51719 2.5
      vertex 10.2 2.65 2.5
    endloop
  endfacet
  facet normal -0 0 1
    outer loop
      vertex 2.2944 6.12317 2.5
      vertex 10.2 2.65 2.5
      vertex 2.49542 6.51719 2.5
    endloop
  endfacet
  facet normal -0 0 1
    outer loop
      vertex 2.04887 5.79194 2.5
      vertex 10.2 2.65 2.5
      vertex 2.2944 6.12317 2.5
    endloop
  endfacet
  facet normal -0 0 1
    outer loop
      vertex 1.75882 5.52354 2.5
      vertex 10.2 2.65 2.5
      vertex 2.04887 5.79194 2.5
    endloop
  endfacet
  facet normal 0 0 1
    outer loop
      vertex 0 -0.640329 2.5
      vertex 1.75882 5.52354 2.5
      vertex 1.42558 5.31617 2.5
    endloop
  endfacet
  facet normal 0 0 1
    outer loop
      vertex 0 -0.640329 2.5
      vertex 1.42558 5.31617 2.5
      vertex 1.05037 5.16804 2.5
    endloop
  endfacet
  facet normal 0 0 1
    outer loop
      vertex 0 -0.640329 2.5
      vertex 1.05037 5.16804 2.5
      vertex 0.633224 5.07917 2.5
    endloop
  endfacet
  facet normal 0 0 1
    outer loop
      vertex 0 -0.640329 2.5
      vertex 0.633224 5.07917 2.5
      vertex 0.174103 5.04956 2.5
    endloop
  endfacet
  facet normal 0 0 1
    outer loop
      vertex 1.75882 5.52354 2.5
      vertex 0 -0.640329 2.5
      vertex 10.2 2.65 2.5
    endloop
  endfacet
  facet normal 0 0 1
    outer loop
      vertex -0.393494 5.10028 2.5
      vertex 0 -0.640329 2.5
      vertex 0.174103 5.04956 2.5
    endloop
  endfacet
  facet normal 0 0 1
    outer loop
      vertex -0.908203 5.25247 2.5
      vertex 0 -0.640329 2.5
      vertex -0.393494 5.10028 2.5
    endloop
  endfacet
  facet normal 0 0 1
    outer loop
      vertex -1.37003 5.50611 2.5
      vertex 0 -0.640329 2.5
      vertex -0.908203 5.25247 2.5
    endloop
  endfacet
  facet normal 0 0 1
    outer loop
      vertex -10.2 2.65 2.5
      vertex -1.37003 5.50611 2.5
      vertex -1.77893 5.86122 2.5
    endloop
  endfacet
  facet normal 0 0 1
    outer loop
      vertex -10.2 2.65 2.5
      vertex -1.77893 5.86122 2.5
      vertex -2.11357 6.30435 2.5
    endloop
  endfacet
  facet normal 0 0 1
    outer loop
      vertex -8.95093 7.85066 2.5
      vertex -2.11357 6.30435 2.5
      vertex -2.3526 6.82197 2.5
    endloop
  endfacet
  facet normal 0 0 1
    outer loop
      vertex -2.49576 8.78373 2.5
      vertex -6.91997 11.1579 2.5
      vertex -2.54382 8.08075 2.5
    endloop
  endfacet
  facet normal 0 0 1
    outer loop
      vertex -8.95093 7.85066 2.5
      vertex -2.54382 8.08075 2.5
      vertex -6.91997 11.1579 2.5
    endloop
  endfacet
  facet normal 0 0 1
    outer loop
      vertex -2.54382 8.08075 2.5
      vertex -8.95093 7.85066 2.5
      vertex -2.49602 7.4141 2.5
    endloop
  endfacet
  facet normal 0 0 1
    outer loop
      vertex -2.49602 7.4141 2.5
      vertex -8.95093 7.85066 2.5
      vertex -2.3526 6.82197 2.5
    endloop
  endfacet
  facet normal 0 0 1
    outer loop
      vertex -2.11357 6.30435 2.5
      vertex -8.95093 7.85066 2.5
      vertex -10.2 2.65 2.5
    endloop
  endfacet
  facet normal 0 0 1
    outer loop
      vertex -1.37003 5.50611 2.5
      vertex -10.2 2.65 2.5
      vertex 0 -0.640329 2.5
    endloop
  endfacet
  facet normal 0 0 1
    outer loop
      vertex -12.0255 -1.42987 2.5
      vertex -10.2 2.65 2.5
      vertex -10.683 3.63475 2.5
    endloop
  endfacet
  facet normal -0 0 1
    outer loop
      vertex -10.683 3.63475 2.5
      vertex -10.2 2.65 2.5
      vertex -8.95093 7.85066 2.5
    endloop
  endfacet
  facet normal 0 0 1
    outer loop
      vertex 2.63567 9.47226 2.5
      vertex 1.48421 7.3443 2.5
      vertex 2.65193 6.97404 2.5
    endloop
  endfacet
  facet normal -0 0 1
    outer loop
      vertex 1.44353 9.18744 2.5
      vertex 1.48421 7.3443 2.5
      vertex 2.63567 9.47226 2.5
    endloop
  endfacet
  facet normal -0 0 1
    outer loop
      vertex -1.30284 8.17027 2.5
      vertex 1.48421 7.3443 2.5
      vertex 1.44353 9.18744 2.5
    endloop
  endfacet
  facet normal 0 0 1
    outer loop
      vertex 0.186279 10.1884 2.5
      vertex 1.44353 9.18744 2.5
      vertex 1.37627 9.40716 2.5
    endloop
  endfacet
  facet normal -0 -0 1
    outer loop
      vertex -1.2774 7.64538 2.5
      vertex 1.48421 7.3443 2.5
      vertex -1.30284 8.17027 2.5
    endloop
  endfacet
  facet normal 0 0 1
    outer loop
      vertex 0.417313 10.1716 2.5
      vertex 1.37627 9.40716 2.5
      vertex 1.28027 9.60246 2.5
    endloop
  endfacet
  facet normal 0 0 1
    outer loop
      vertex 0.417313 10.1716 2.5
      vertex 1.28027 9.60246 2.5
      vertex 1.15553 9.77334 2.5
    endloop
  endfacet
  facet normal 0 -0 1
    outer loop
      vertex -1.20113 7.20189 2.5
      vertex 1.48421 7.3443 2.5
      vertex -1.2774 7.64538 2.5
    endloop
  endfacet
  facet normal 0 0 1
    outer loop
      vertex 0.417313 10.1716 2.5
      vertex 1.15553 9.77334 2.5
      vertex 1.00204 9.9198 2.5
    endloop
  endfacet
  facet normal 0 0 1
    outer loop
      vertex 1.48421 7.3443 2.5
      vertex -1.20113 7.20189 2.5
      vertex 1.39673 7.03863 2.5
    endloop
  endfacet
  facet normal 0 0 1
    outer loop
      vertex 0.417313 10.1716 2.5
      vertex 1.00204 9.9198 2.5
      vertex 0.825195 10.0373 2.5
    endloop
  endfacet
  facet normal 0 -0 1
    outer loop
      vertex -1.07397 6.83976 2.5
      vertex 1.39673 7.03863 2.5
      vertex -1.20113 7.20189 2.5
    endloop
  endfacet
  facet normal 0 0 1
    outer loop
      vertex 0.417313 10.1716 2.5
      vertex 0.825195 10.0373 2.5
      vertex 0.63028 10.1212 2.5
    endloop
  endfacet
  facet normal 0 0 1
    outer loop
      vertex 1.39673 7.03863 2.5
      vertex -1.07397 6.83976 2.5
      vertex 1.28484 6.7767 2.5
    endloop
  endfacet
  facet normal 0 0 1
    outer loop
      vertex 1.37627 9.40716 2.5
      vertex 0.417313 10.1716 2.5
      vertex 0.186279 10.1884 2.5
    endloop
  endfacet
  facet normal 0 -0 1
    outer loop
      vertex -0.148361 6.10891 2.5
      vertex 1.28484 6.7767 2.5
      vertex -1.07397 6.83976 2.5
    endloop
  endfacet
  facet normal -0 0 1
    outer loop
      vertex -0.129654 10.1586 2.5
      vertex 1.44353 9.18744 2.5
      vertex 0.186279 10.1884 2.5
    endloop
  endfacet
  facet normal 0 0 1
    outer loop
      vertex 1.28484 6.7767 2.5
      vertex 0.161865 6.0789 2.5
      vertex 1.14854 6.55851 2.5
    endloop
  endfacet
  facet normal 0 0 1
    outer loop
      vertex 1.44353 9.18744 2.5
      vertex -0.129654 10.1586 2.5
      vertex -1.07054 9.43744 2.5
    endloop
  endfacet
  facet normal 0 0 1
    outer loop
      vertex 1.14854 6.55851 2.5
      vertex 0.161865 6.0789 2.5
      vertex 0.987823 6.38406 2.5
    endloop
  endfacet
  facet normal 0 0 1
    outer loop
      vertex -1.07054 9.43744 2.5
      vertex -0.129654 10.1586 2.5
      vertex -0.414322 10.0693 2.5
    endloop
  endfacet
  facet normal 0 0 1
    outer loop
      vertex 0.987823 6.38406 2.5
      vertex 0.161865 6.0789 2.5
      vertex 0.806519 6.25056 2.5
    endloop
  endfacet
  facet normal 0 0 1
    outer loop
      vertex -1.07054 9.43744 2.5
      vertex -0.414322 10.0693 2.5
      vertex -0.667725 9.92059 2.5
    endloop
  endfacet
  facet normal 0 0 1
    outer loop
      vertex 0.806519 6.25056 2.5
      vertex 0.393539 6.09797 2.5
      vertex 0.608414 6.15519 2.5
    endloop
  endfacet
  facet normal 0 0 1
    outer loop
      vertex -1.07054 9.43744 2.5
      vertex -0.667725 9.92059 2.5
      vertex -0.889862 9.71232 2.5
    endloop
  endfacet
  facet normal 0 -0 1
    outer loop
      vertex 0.393539 6.09797 2.5
      vertex 0.806519 6.25056 2.5
      vertex 0.161865 6.0789 2.5
    endloop
  endfacet
  facet normal 0 0 1
    outer loop
      vertex 1.44353 9.18744 2.5
      vertex -1.07054 9.43744 2.5
      vertex -1.1996 9.08879 2.5
    endloop
  endfacet
  facet normal 0 0 1
    outer loop
      vertex 1.28484 6.7767 2.5
      vertex -0.148361 6.10891 2.5
      vertex 0.161865 6.0789 2.5
    endloop
  endfacet
  facet normal 0 0 1
    outer loop
      vertex 1.44353 9.18744 2.5
      vertex -1.1996 9.08879 2.5
      vertex -1.27702 8.66639 2.5
    endloop
  endfacet
  facet normal 0 0 1
    outer loop
      vertex -0.148361 6.10891 2.5
      vertex -1.07397 6.83976 2.5
      vertex -0.428085 6.19893 2.5
    endloop
  endfacet
  facet normal 0 0 1
    outer loop
      vertex 1.44353 9.18744 2.5
      vertex -1.27702 8.66639 2.5
      vertex -1.30284 8.17027 2.5
    endloop
  endfacet
  facet normal 0 0 1
    outer loop
      vertex -0.428085 6.19893 2.5
      vertex -1.07397 6.83976 2.5
      vertex -0.677292 6.34896 2.5
    endloop
  endfacet
  facet normal 0 0 1
    outer loop
      vertex -0.677292 6.34896 2.5
      vertex -1.07397 6.83976 2.5
      vertex -0.895981 6.55902 2.5
    endloop
  endfacet
  facet normal -0 0 1
    outer loop
      vertex 0 -0.640329 3.2
      vertex 10.2 -5.35 3.2
      vertex 10.2 2.65 3.2
    endloop
  endfacet
  facet normal 0 0 1
    outer loop
      vertex 0 -0.640329 3.2
      vertex 0 -2.05967 3.2
      vertex 10.2 -5.35 3.2
    endloop
  endfacet
  facet normal 0 0 1
    outer loop
      vertex -10.2 2.65 3.2
      vertex 0 -2.05967 3.2
      vertex 0 -0.640329 3.2
    endloop
  endfacet
  facet normal 0 0 1
    outer loop
      vertex 0 -2.05967 3.2
      vertex -10.2 2.65 3.2
      vertex -10.2 -5.35 3.2
    endloop
  endfacet
  facet normal -0.307003 0.951708 0
    outer loop
      vertex 10.2 2.65 2.5
      vertex 0 -0.640329 3.2
      vertex 10.2 2.65 3.2
    endloop
  endfacet
  facet normal -0.307003 0.951708 0
    outer loop
      vertex 0 -0.640329 3.2
      vertex 10.2 2.65 2.5
      vertex 0 -0.640329 2.5
    endloop
  endfacet
  facet normal 0.307003 0.951708 -0
    outer loop
      vertex 0 -0.640329 2.5
      vertex -10.2 2.65 3.2
      vertex 0 -0.640329 3.2
    endloop
  endfacet
  facet normal 0.307003 0.951708 0
    outer loop
      vertex -10.2 2.65 3.2
      vertex 0 -0.640329 2.5
      vertex -10.2 2.65 2.5
    endloop
  endfacet
  facet normal -1 0 0
    outer loop
      vertex -10.2 -5.35 2.5
      vertex -10.2 2.65 3.2
      vertex -10.2 2.65 2.5
    endloop
  endfacet
  facet normal -1 -0 0
    outer loop
      vertex -10.2 2.65 3.2
      vertex -10.2 -5.35 2.5
      vertex -10.2 -5.35 3.2
    endloop
  endfacet
  facet normal 0.307003 -0.951708 0
    outer loop
      vertex -10.2 -5.35 2.5
      vertex 0 -2.05967 3.2
      vertex -10.2 -5.35 3.2
    endloop
  endfacet
  facet normal 0.307003 -0.951708 0
    outer loop
      vertex 0 -2.05967 3.2
      vertex -10.2 -5.35 2.5
      vertex 0 -2.05967 2.5
    endloop
  endfacet
  facet normal -0.307003 -0.951708 0
    outer loop
      vertex 0 -2.05967 2.5
      vertex 10.2 -5.35 3.2
      vertex 0 -2.05967 3.2
    endloop
  endfacet
  facet normal -0.307003 -0.951708 -0
    outer loop
      vertex 10.2 -5.35 3.2
      vertex 0 -2.05967 2.5
      vertex 10.2 -5.35 2.5
    endloop
  endfacet
  facet normal 1 -0 0
    outer loop
      vertex 10.2 -5.35 3.2
      vertex 10.2 2.65 2.5
      vertex 10.2 2.65 3.2
    endloop
  endfacet
  facet normal 1 0 0
    outer loop
      vertex 10.2 2.65 2.5
      vertex 10.2 -5.35 3.2
      vertex 10.2 -5.35 2.5
    endloop
  endfacet
  facet normal 0 0 1
    outer loop
      vertex 1.37627 9.40716 3.2
      vertex 2.52124 9.80946 3.2
      vertex 2.38139 10.1049 3.2
    endloop
  endfacet
  facet normal 0 0 1
    outer loop
      vertex 1.28027 9.60246 3.2
      vertex 2.38139 10.1049 3.2
      vertex 2.21608 10.3587 3.2
    endloop
  endfacet
  facet normal 0 0 1
    outer loop
      vertex 1.15553 9.77334 3.2
      vertex 2.21608 10.3587 3.2
      vertex 2.02534 10.5708 3.2
    endloop
  endfacet
  facet normal 0 0 1
    outer loop
      vertex 1.15553 9.77334 3.2
      vertex 2.02534 10.5708 3.2
      vertex 1.6579 10.8538 3.2
    endloop
  endfacet
  facet normal 0 0 1
    outer loop
      vertex 2.38139 10.1049 3.2
      vertex 1.28027 9.60246 3.2
      vertex 1.37627 9.40716 3.2
    endloop
  endfacet
  facet normal 0 0 1
    outer loop
      vertex 2.52124 9.80946 3.2
      vertex 1.44353 9.18744 3.2
      vertex 2.63567 9.47226 3.2
    endloop
  endfacet
  facet normal 0 -0 1
    outer loop
      vertex 1.44353 9.18744 3.2
      vertex 2.52124 9.80946 3.2
      vertex 1.37627 9.40716 3.2
    endloop
  endfacet
  facet normal 0 0 1
    outer loop
      vertex 0.825195 10.0373 3.2
      vertex 1.6579 10.8538 3.2
      vertex 1.23907 11.056 3.2
    endloop
  endfacet
  facet normal 0 0 1
    outer loop
      vertex 2.21608 10.3587 3.2
      vertex 1.15553 9.77334 3.2
      vertex 1.28027 9.60246 3.2
    endloop
  endfacet
  facet normal 0 0 1
    outer loop
      vertex 1.6579 10.8538 3.2
      vertex 1.00204 9.9198 3.2
      vertex 1.15553 9.77334 3.2
    endloop
  endfacet
  facet normal 0 0 1
    outer loop
      vertex 1.6579 10.8538 3.2
      vertex 0.825195 10.0373 3.2
      vertex 1.00204 9.9198 3.2
    endloop
  endfacet
  facet normal 0 0 1
    outer loop
      vertex 0.63028 10.1212 3.2
      vertex 1.23907 11.056 3.2
      vertex 0.768875 11.1773 3.2
    endloop
  endfacet
  facet normal 0 0 1
    outer loop
      vertex 1.23907 11.056 3.2
      vertex 0.63028 10.1212 3.2
      vertex 0.825195 10.0373 3.2
    endloop
  endfacet
  facet normal 0 0 1
    outer loop
      vertex 0.768875 11.1773 3.2
      vertex 0.417313 10.1716 3.2
      vertex 0.63028 10.1212 3.2
    endloop
  endfacet
  facet normal 0 0 1
    outer loop
      vertex 0.247299 11.2177 3.2
      vertex 0.417313 10.1716 3.2
      vertex 0.768875 11.1773 3.2
    endloop
  endfacet
  facet normal 0 0 1
    outer loop
      vertex 0.247299 11.2177 3.2
      vertex 0.186279 10.1884 3.2
      vertex 0.417313 10.1716 3.2
    endloop
  endfacet
  facet normal -0 0 1
    outer loop
      vertex -0.348999 11.1662 3.2
      vertex 0.186279 10.1884 3.2
      vertex 0.247299 11.2177 3.2
    endloop
  endfacet
  facet normal 0 0 1
    outer loop
      vertex 0.186279 10.1884 3.2
      vertex -0.348999 11.1662 3.2
      vertex -0.129654 10.1586 3.2
    endloop
  endfacet
  facet normal 0 0 1
    outer loop
      vertex -0.348999 11.1662 3.2
      vertex -0.414322 10.0693 3.2
      vertex -0.129654 10.1586 3.2
    endloop
  endfacet
  facet normal -0 0 1
    outer loop
      vertex -0.884796 11.0117 3.2
      vertex -0.414322 10.0693 3.2
      vertex -0.348999 11.1662 3.2
    endloop
  endfacet
  facet normal 0 0 1
    outer loop
      vertex -0.414322 10.0693 3.2
      vertex -0.884796 11.0117 3.2
      vertex -0.667725 9.92059 3.2
    endloop
  endfacet
  facet normal -0 0 1
    outer loop
      vertex -1.36009 10.7543 3.2
      vertex -0.667725 9.92059 3.2
      vertex -0.884796 11.0117 3.2
    endloop
  endfacet
  facet normal 0 0 1
    outer loop
      vertex -0.667725 9.92059 3.2
      vertex -1.36009 10.7543 3.2
      vertex -0.889862 9.71232 3.2
    endloop
  endfacet
  facet normal -0 0 1
    outer loop
      vertex -1.77486 10.3938 3.2
      vertex -0.889862 9.71232 3.2
      vertex -1.36009 10.7543 3.2
    endloop
  endfacet
  facet normal 0 0 1
    outer loop
      vertex -0.889862 9.71232 3.2
      vertex -1.77486 10.3938 3.2
      vertex -1.07054 9.43744 3.2
    endloop
  endfacet
  facet normal 0 0 1
    outer loop
      vertex -1.07054 9.43744 3.2
      vertex -2.11128 9.94026 3.2
      vertex -1.1996 9.08879 3.2
    endloop
  endfacet
  facet normal -0 0 1
    outer loop
      vertex -2.11128 9.94026 3.2
      vertex -1.07054 9.43744 3.2
      vertex -1.77486 10.3938 3.2
    endloop
  endfacet
  facet normal 0 0 1
    outer loop
      vertex 1.39673 7.03863 3.2
      vertex 2.49542 6.51719 3.2
      vertex 2.65193 6.97404 3.2
    endloop
  endfacet
  facet normal -0 0 1
    outer loop
      vertex 1.28484 6.7767 3.2
      vertex 2.49542 6.51719 3.2
      vertex 1.39673 7.03863 3.2
    endloop
  endfacet
  facet normal -0 0 1
    outer loop
      vertex 1.14854 6.55851 3.2
      vertex 2.2944 6.12317 3.2
      vertex 1.28484 6.7767 3.2
    endloop
  endfacet
  facet normal -0 0 1
    outer loop
      vertex 1.39673 7.03863 3.2
      vertex 2.65193 6.97404 3.2
      vertex 1.48421 7.3443 3.2
    endloop
  endfacet
  facet normal 0 0 1
    outer loop
      vertex 2.49542 6.51719 3.2
      vertex 1.28484 6.7767 3.2
      vertex 2.2944 6.12317 3.2
    endloop
  endfacet
  facet normal 0 0 1
    outer loop
      vertex 2.2944 6.12317 3.2
      vertex 1.14854 6.55851 3.2
      vertex 2.04887 5.79194 3.2
    endloop
  endfacet
  facet normal 0 0 1
    outer loop
      vertex 2.04887 5.79194 3.2
      vertex 1.14854 6.55851 3.2
      vertex 1.75882 5.52354 3.2
    endloop
  endfacet
  facet normal -0 0 1
    outer loop
      vertex 0.987823 6.38406 3.2
      vertex 1.75882 5.52354 3.2
      vertex 1.14854 6.55851 3.2
    endloop
  endfacet
  facet normal 0 0 1
    outer loop
      vertex 1.75882 5.52354 3.2
      vertex 0.987823 6.38406 3.2
      vertex 1.42558 5.31617 3.2
    endloop
  endfacet
  facet normal -0 0 1
    outer loop
      vertex 0.806519 6.25056 3.2
      vertex 1.42558 5.31617 3.2
      vertex 0.987823 6.38406 3.2
    endloop
  endfacet
  facet normal 0 0 1
    outer loop
      vertex 1.42558 5.31617 3.2
      vertex 0.806519 6.25056 3.2
      vertex 1.05037 5.16804 3.2
    endloop
  endfacet
  facet normal -0 0 1
    outer loop
      vertex 0.608414 6.15519 3.2
      vertex 1.05037 5.16804 3.2
      vertex 0.806519 6.25056 3.2
    endloop
  endfacet
  facet normal 0 0 1
    outer loop
      vertex 1.05037 5.16804 3.2
      vertex 0.608414 6.15519 3.2
      vertex 0.633224 5.07917 3.2
    endloop
  endfacet
  facet normal -0 0 1
    outer loop
      vertex 0.393539 6.09797 3.2
      vertex 0.633224 5.07917 3.2
      vertex 0.608414 6.15519 3.2
    endloop
  endfacet
  facet normal 0 0 1
    outer loop
      vertex 0.393539 6.09797 3.2
      vertex 0.174103 5.04956 3.2
      vertex 0.633224 5.07917 3.2
    endloop
  endfacet
  facet normal -0 0 1
    outer loop
      vertex 0.161865 6.0789 3.2
      vertex 0.174103 5.04956 3.2
      vertex 0.393539 6.09797 3.2
    endloop
  endfacet
  facet normal 0 0 1
    outer loop
      vertex -0.148361 6.10891 3.2
      vertex 0.174103 5.04956 3.2
      vertex 0.161865 6.0789 3.2
    endloop
  endfacet
  facet normal 0 0 1
    outer loop
      vertex -0.148361 6.10891 3.2
      vertex -0.393494 5.10028 3.2
      vertex 0.174103 5.04956 3.2
    endloop
  endfacet
  facet normal 0 0 1
    outer loop
      vertex -0.428085 6.19893 3.2
      vertex -0.393494 5.10028 3.2
      vertex -0.148361 6.10891 3.2
    endloop
  endfacet
  facet normal 0 0 1
    outer loop
      vertex -0.908203 5.25247 3.2
      vertex -0.428085 6.19893 3.2
      vertex -0.677292 6.34896 3.2
    endloop
  endfacet
  facet normal 0 0 1
    outer loop
      vertex -1.37003 5.50611 3.2
      vertex -0.677292 6.34896 3.2
      vertex -0.895981 6.55902 3.2
    endloop
  endfacet
  facet normal 0 0 1
    outer loop
      vertex -0.428085 6.19893 3.2
      vertex -0.908203 5.25247 3.2
      vertex -0.393494 5.10028 3.2
    endloop
  endfacet
  facet normal 0 0 1
    outer loop
      vertex -1.77893 5.86122 3.2
      vertex -0.895981 6.55902 3.2
      vertex -1.07397 6.83976 3.2
    endloop
  endfacet
  facet normal 0 0 1
    outer loop
      vertex -2.3526 6.82197 3.2
      vertex -1.07397 6.83976 3.2
      vertex -1.20113 7.20189 3.2
    endloop
  endfacet
  facet normal -0 0 1
    outer loop
      vertex -2.49602 7.4141 3.2
      vertex -1.20113 7.20189 3.2
      vertex -1.2774 7.64538 3.2
    endloop
  endfacet
  facet normal 0 0 1
    outer loop
      vertex -0.677292 6.34896 3.2
      vertex -1.37003 5.50611 3.2
      vertex -0.908203 5.25247 3.2
    endloop
  endfacet
  facet normal -0 0 1
    outer loop
      vertex -2.54382 8.08075 3.2
      vertex -1.2774 7.64538 3.2
      vertex -1.30284 8.17027 3.2
    endloop
  endfacet
  facet normal -0 0 1
    outer loop
      vertex -2.35158 9.40358 3.2
      vertex -1.1996 9.08879 3.2
      vertex -2.11128 9.94026 3.2
    endloop
  endfacet
  facet normal 0 0 1
    outer loop
      vertex -1.1996 9.08879 3.2
      vertex -2.35158 9.40358 3.2
      vertex -1.27702 8.66639 3.2
    endloop
  endfacet
  facet normal 0 0 1
    outer loop
      vertex -1.2774 7.64538 3.2
      vertex -2.54382 8.08075 3.2
      vertex -2.49602 7.4141 3.2
    endloop
  endfacet
  facet normal -0 0 1
    outer loop
      vertex -2.49576 8.78373 3.2
      vertex -1.27702 8.66639 3.2
      vertex -2.35158 9.40358 3.2
    endloop
  endfacet
  facet normal 0 0 1
    outer loop
      vertex -1.20113 7.20189 3.2
      vertex -2.49602 7.4141 3.2
      vertex -2.3526 6.82197 3.2
    endloop
  endfacet
  facet normal 0 0 1
    outer loop
      vertex -1.27702 8.66639 3.2
      vertex -2.49576 8.78373 3.2
      vertex -1.30284 8.17027 3.2
    endloop
  endfacet
  facet normal 0 0 1
    outer loop
      vertex -1.30284 8.17027 3.2
      vertex -2.49576 8.78373 3.2
      vertex -2.54382 8.08075 3.2
    endloop
  endfacet
  facet normal 0 0 1
    outer loop
      vertex -1.07397 6.83976 3.2
      vertex -2.3526 6.82197 3.2
      vertex -2.11357 6.30435 3.2
    endloop
  endfacet
  facet normal 0 0 1
    outer loop
      vertex -0.895981 6.55902 3.2
      vertex -1.77893 5.86122 3.2
      vertex -1.37003 5.50611 3.2
    endloop
  endfacet
  facet normal 0 0 1
    outer loop
      vertex -1.07397 6.83976 3.2
      vertex -2.11357 6.30435 3.2
      vertex -1.77893 5.86122 3.2
    endloop
  endfacet
  facet normal 0.208367 -0.978051 0
    outer loop
      vertex 0.633224 5.07917 2.5
      vertex 1.05037 5.16804 3.2
      vertex 0.633224 5.07917 3.2
    endloop
  endfacet
  facet normal 0.208367 -0.978051 0
    outer loop
      vertex 1.05037 5.16804 3.2
      vertex 0.633224 5.07917 2.5
      vertex 1.05037 5.16804 2.5
    endloop
  endfacet
  facet normal 0.367211 -0.930138 0
    outer loop
      vertex 1.05037 5.16804 2.5
      vertex 1.42558 5.31617 3.2
      vertex 1.05037 5.16804 3.2
    endloop
  endfacet
  facet normal 0.367211 -0.930138 0
    outer loop
      vertex 1.42558 5.31617 3.2
      vertex 1.05037 5.16804 2.5
      vertex 1.42558 5.31617 2.5
    endloop
  endfacet
  facet normal 0.52834 -0.849033 0
    outer loop
      vertex 1.42558 5.31617 2.5
      vertex 1.75882 5.52354 3.2
      vertex 1.42558 5.31617 3.2
    endloop
  endfacet
  facet normal 0.52834 -0.849033 0
    outer loop
      vertex 1.75882 5.52354 3.2
      vertex 1.42558 5.31617 2.5
      vertex 1.75882 5.52354 2.5
    endloop
  endfacet
  facet normal 0.679183 -0.733969 0
    outer loop
      vertex 1.75882 5.52354 2.5
      vertex 2.04887 5.79194 3.2
      vertex 1.75882 5.52354 3.2
    endloop
  endfacet
  facet normal 0.679183 -0.733969 0
    outer loop
      vertex 2.04887 5.79194 3.2
      vertex 1.75882 5.52354 2.5
      vertex 2.04887 5.79194 2.5
    endloop
  endfacet
  facet normal 0.803355 -0.595501 0
    outer loop
      vertex 2.04887 5.79194 3.2
      vertex 2.2944 6.12317 2.5
      vertex 2.2944 6.12317 3.2
    endloop
  endfacet
  facet normal 0.803355 -0.595501 0
    outer loop
      vertex 2.2944 6.12317 2.5
      vertex 2.04887 5.79194 3.2
      vertex 2.04887 5.79194 2.5
    endloop
  endfacet
  facet normal 0.890772 -0.454451 0
    outer loop
      vertex 2.2944 6.12317 3.2
      vertex 2.49542 6.51719 2.5
      vertex 2.49542 6.51719 3.2
    endloop
  endfacet
  facet normal 0.890772 -0.454451 0
    outer loop
      vertex 2.49542 6.51719 2.5
      vertex 2.2944 6.12317 3.2
      vertex 2.2944 6.12317 2.5
    endloop
  endfacet
  facet normal 0.946025 -0.324094 0
    outer loop
      vertex 2.49542 6.51719 3.2
      vertex 2.65193 6.97404 2.5
      vertex 2.65193 6.97404 3.2
    endloop
  endfacet
  facet normal 0.946025 -0.324094 0
    outer loop
      vertex 2.65193 6.97404 2.5
      vertex 2.49542 6.51719 3.2
      vertex 2.49542 6.51719 2.5
    endloop
  endfacet
  facet normal 0.302249 0.953229 -0
    outer loop
      vertex 2.65193 6.97404 2.5
      vertex 1.48421 7.3443 3.2
      vertex 2.65193 6.97404 3.2
    endloop
  endfacet
  facet normal 0.302249 0.953229 0
    outer loop
      vertex 1.48421 7.3443 3.2
      vertex 2.65193 6.97404 2.5
      vertex 1.48421 7.3443 2.5
    endloop
  endfacet
  facet normal -0.961403 0.275145 0
    outer loop
      vertex 1.39673 7.03863 2.5
      vertex 1.48421 7.3443 3.2
      vertex 1.48421 7.3443 2.5
    endloop
  endfacet
  facet normal -0.961403 0.275145 0
    outer loop
      vertex 1.48421 7.3443 3.2
      vertex 1.39673 7.03863 2.5
      vertex 1.39673 7.03863 3.2
    endloop
  endfacet
  facet normal -0.919609 0.392834 0
    outer loop
      vertex 1.28484 6.7767 2.5
      vertex 1.39673 7.03863 3.2
      vertex 1.39673 7.03863 2.5
    endloop
  endfacet
  facet normal -0.919609 0.392834 0
    outer loop
      vertex 1.39673 7.03863 3.2
      vertex 1.28484 6.7767 2.5
      vertex 1.28484 6.7767 3.2
    endloop
  endfacet
  facet normal -0.848118 0.529807 0
    outer loop
      vertex 1.14854 6.55851 2.5
      vertex 1.28484 6.7767 3.2
      vertex 1.28484 6.7767 2.5
    endloop
  endfacet
  facet normal -0.848118 0.529807 0
    outer loop
      vertex 1.28484 6.7767 3.2
      vertex 1.14854 6.55851 2.5
      vertex 1.14854 6.55851 3.2
    endloop
  endfacet
  facet normal -0.735462 0.677566 0
    outer loop
      vertex 0.987823 6.38406 2.5
      vertex 1.14854 6.55851 3.2
      vertex 1.14854 6.55851 2.5
    endloop
  endfacet
  facet normal -0.735462 0.677566 0
    outer loop
      vertex 1.14854 6.55851 3.2
      vertex 0.987823 6.38406 2.5
      vertex 0.987823 6.38406 3.2
    endloop
  endfacet
  facet normal -0.592933 0.805252 0
    outer loop
      vertex 0.987823 6.38406 2.5
      vertex 0.806519 6.25056 3.2
      vertex 0.987823 6.38406 3.2
    endloop
  endfacet
  facet normal -0.592933 0.805252 0
    outer loop
      vertex 0.806519 6.25056 3.2
      vertex 0.987823 6.38406 2.5
      vertex 0.806519 6.25056 2.5
    endloop
  endfacet
  facet normal -0.433764 0.901026 0
    outer loop
      vertex 0.806519 6.25056 2.5
      vertex 0.608414 6.15519 3.2
      vertex 0.806519 6.25056 3.2
    endloop
  endfacet
  facet normal -0.433764 0.901026 0
    outer loop
      vertex 0.608414 6.15519 3.2
      vertex 0.806519 6.25056 2.5
      vertex 0.608414 6.15519 2.5
    endloop
  endfacet
  facet normal -0.257327 0.966324 0
    outer loop
      vertex 0.608414 6.15519 2.5
      vertex 0.393539 6.09797 3.2
      vertex 0.608414 6.15519 3.2
    endloop
  endfacet
  facet normal -0.257327 0.966324 0
    outer loop
      vertex 0.393539 6.09797 3.2
      vertex 0.608414 6.15519 2.5
      vertex 0.393539 6.09797 2.5
    endloop
  endfacet
  facet normal -0.0820365 0.996629 0
    outer loop
      vertex 0.393539 6.09797 2.5
      vertex 0.161865 6.0789 3.2
      vertex 0.393539 6.09797 3.2
    endloop
  endfacet
  facet normal -0.0820365 0.996629 0
    outer loop
      vertex 0.161865 6.0789 3.2
      vertex 0.393539 6.09797 2.5
      vertex 0.161865 6.0789 2.5
    endloop
  endfacet
  facet normal 0.0962865 0.995354 -0
    outer loop
      vertex 0.161865 6.0789 2.5
      vertex -0.148361 6.10891 3.2
      vertex 0.161865 6.0789 3.2
    endloop
  endfacet
  facet normal 0.0962865 0.995354 0
    outer loop
      vertex -0.148361 6.10891 3.2
      vertex 0.161865 6.0789 2.5
      vertex -0.148361 6.10891 2.5
    endloop
  endfacet
  facet normal 0.306344 0.951921 -0
    outer loop
      vertex -0.148361 6.10891 2.5
      vertex -0.428085 6.19893 3.2
      vertex -0.148361 6.10891 3.2
    endloop
  endfacet
  facet normal 0.306344 0.951921 0
    outer loop
      vertex -0.428085 6.19893 3.2
      vertex -0.148361 6.10891 2.5
      vertex -0.428085 6.19893 2.5
    endloop
  endfacet
  facet normal 0.515774 0.856725 -0
    outer loop
      vertex -0.428085 6.19893 2.5
      vertex -0.677292 6.34896 3.2
      vertex -0.428085 6.19893 3.2
    endloop
  endfacet
  facet normal 0.515774 0.856725 0
    outer loop
      vertex -0.677292 6.34896 3.2
      vertex -0.428085 6.19893 2.5
      vertex -0.677292 6.34896 2.5
    endloop
  endfacet
  facet normal 0.692735 0.721192 -0
    outer loop
      vertex -0.677292 6.34896 2.5
      vertex -0.895981 6.55902 3.2
      vertex -0.677292 6.34896 3.2
    endloop
  endfacet
  facet normal 0.692735 0.721192 0
    outer loop
      vertex -0.895981 6.55902 3.2
      vertex -0.677292 6.34896 2.5
      vertex -0.895981 6.55902 2.5
    endloop
  endfacet
  facet normal 0.844565 0.535454 0
    outer loop
      vertex -0.895981 6.55902 3.2
      vertex -1.07397 6.83976 2.5
      vertex -1.07397 6.83976 3.2
    endloop
  endfacet
  facet normal 0.844565 0.535454 0
    outer loop
      vertex -1.07397 6.83976 2.5
      vertex -0.895981 6.55902 3.2
      vertex -0.895981 6.55902 2.5
    endloop
  endfacet
  facet normal 0.943521 0.331312 0
    outer loop
      vertex -1.07397 6.83976 3.2
      vertex -1.20113 7.20189 2.5
      vertex -1.20113 7.20189 3.2
    endloop
  endfacet
  facet normal 0.943521 0.331312 0
    outer loop
      vertex -1.20113 7.20189 2.5
      vertex -1.07397 6.83976 3.2
      vertex -1.07397 6.83976 2.5
    endloop
  endfacet
  facet normal 0.985532 0.169489 0
    outer loop
      vertex -1.20113 7.20189 3.2
      vertex -1.2774 7.64538 2.5
      vertex -1.2774 7.64538 3.2
    endloop
  endfacet
  facet normal 0.985532 0.169489 0
    outer loop
      vertex -1.2774 7.64538 2.5
      vertex -1.20113 7.20189 3.2
      vertex -1.20113 7.20189 2.5
    endloop
  endfacet
  facet normal 0.998828 0.0484105 0
    outer loop
      vertex -1.2774 7.64538 3.2
      vertex -1.30284 8.17027 2.5
      vertex -1.30284 8.17027 3.2
    endloop
  endfacet
  facet normal 0.998828 0.0484105 0
    outer loop
      vertex -1.30284 8.17027 2.5
      vertex -1.2774 7.64538 3.2
      vertex -1.2774 7.64538 2.5
    endloop
  endfacet
  facet normal 0.998648 -0.0519735 0
    outer loop
      vertex -1.30284 8.17027 3.2
      vertex -1.27702 8.66639 2.5
      vertex -1.27702 8.66639 3.2
    endloop
  endfacet
  facet normal 0.998648 -0.0519735 0
    outer loop
      vertex -1.27702 8.66639 2.5
      vertex -1.30284 8.17027 3.2
      vertex -1.30284 8.17027 2.5
    endloop
  endfacet
  facet normal 0.983615 -0.180283 0
    outer loop
      vertex -1.27702 8.66639 3.2
      vertex -1.1996 9.08879 2.5
      vertex -1.1996 9.08879 3.2
    endloop
  endfacet
  facet normal 0.983615 -0.180283 0
    outer loop
      vertex -1.1996 9.08879 2.5
      vertex -1.27702 8.66639 3.2
      vertex -1.27702 8.66639 2.5
    endloop
  endfacet
  facet normal 0.93781 -0.34715 0
    outer loop
      vertex -1.1996 9.08879 3.2
      vertex -1.07054 9.43744 2.5
      vertex -1.07054 9.43744 3.2
    endloop
  endfacet
  facet normal 0.93781 -0.34715 0
    outer loop
      vertex -1.07054 9.43744 2.5
      vertex -1.1996 9.08879 3.2
      vertex -1.1996 9.08879 2.5
    endloop
  endfacet
  facet normal 0.835646 -0.549268 0
    outer loop
      vertex -1.07054 9.43744 3.2
      vertex -0.889862 9.71232 2.5
      vertex -0.889862 9.71232 3.2
    endloop
  endfacet
  facet normal 0.835646 -0.549268 0
    outer loop
      vertex -0.889862 9.71232 2.5
      vertex -1.07054 9.43744 3.2
      vertex -1.07054 9.43744 2.5
    endloop
  endfacet
  facet normal 0.68397 -0.72951 0
    outer loop
      vertex -0.889862 9.71232 2.5
      vertex -0.667725 9.92059 3.2
      vertex -0.889862 9.71232 3.2
    endloop
  endfacet
  facet normal 0.68397 -0.72951 0
    outer loop
      vertex -0.667725 9.92059 3.2
      vertex -0.889862 9.71232 2.5
      vertex -0.667725 9.92059 2.5
    endloop
  endfacet
  facet normal 0.506133 -0.862455 0
    outer loop
      vertex -0.667725 9.92059 2.5
      vertex -0.414322 10.0693 3.2
      vertex -0.667725 9.92059 3.2
    endloop
  endfacet
  facet normal 0.506133 -0.862455 0
    outer loop
      vertex -0.414322 10.0693 3.2
      vertex -0.667725 9.92059 2.5
      vertex -0.414322 10.0693 2.5
    endloop
  endfacet
  facet normal 0.299317 -0.954154 0
    outer loop
      vertex -0.414322 10.0693 2.5
      vertex -0.129654 10.1586 3.2
      vertex -0.414322 10.0693 3.2
    endloop
  endfacet
  facet normal 0.299317 -0.954154 0
    outer loop
      vertex -0.129654 10.1586 3.2
      vertex -0.414322 10.0693 2.5
      vertex -0.129654 10.1586 2.5
    endloop
  endfacet
  facet normal 0.093907 -0.995581 0
    outer loop
      vertex -0.129654 10.1586 2.5
      vertex 0.186279 10.1884 3.2
      vertex -0.129654 10.1586 3.2
    endloop
  endfacet
  facet normal 0.093907 -0.995581 0
    outer loop
      vertex 0.186279 10.1884 3.2
      vertex -0.129654 10.1586 2.5
      vertex 0.186279 10.1884 2.5
    endloop
  endfacet
  facet normal -0.0725251 -0.997367 0
    outer loop
      vertex 0.186279 10.1884 2.5
      vertex 0.417313 10.1716 3.2
      vertex 0.186279 10.1884 3.2
    endloop
  endfacet
  facet normal -0.0725251 -0.997367 -0
    outer loop
      vertex 0.417313 10.1716 3.2
      vertex 0.186279 10.1884 2.5
      vertex 0.417313 10.1716 2.5
    endloop
  endfacet
  facet normal -0.230295 -0.973121 0
    outer loop
      vertex 0.417313 10.1716 2.5
      vertex 0.63028 10.1212 3.2
      vertex 0.417313 10.1716 3.2
    endloop
  endfacet
  facet normal -0.230295 -0.973121 -0
    outer loop
      vertex 0.63028 10.1212 3.2
      vertex 0.417313 10.1716 2.5
      vertex 0.63028 10.1212 2.5
    endloop
  endfacet
  facet normal -0.395372 -0.918521 0
    outer loop
      vertex 0.63028 10.1212 2.5
      vertex 0.825195 10.0373 3.2
      vertex 0.63028 10.1212 3.2
    endloop
  endfacet
  facet normal -0.395372 -0.918521 -0
    outer loop
      vertex 0.825195 10.0373 3.2
      vertex 0.63028 10.1212 2.5
      vertex 0.825195 10.0373 2.5
    endloop
  endfacet
  facet normal -0.553406 -0.832912 0
    outer loop
      vertex 0.825195 10.0373 2.5
      vertex 1.00204 9.9198 3.2
      vertex 0.825195 10.0373 3.2
    endloop
  endfacet
  facet normal -0.553406 -0.832912 -0
    outer loop
      vertex 1.00204 9.9198 3.2
      vertex 0.825195 10.0373 2.5
      vertex 1.00204 9.9198 2.5
    endloop
  endfacet
  facet normal -0.690345 -0.723481 0
    outer loop
      vertex 1.00204 9.9198 2.5
      vertex 1.15553 9.77334 3.2
      vertex 1.00204 9.9198 3.2
    endloop
  endfacet
  facet normal -0.690345 -0.723481 -0
    outer loop
      vertex 1.15553 9.77334 3.2
      vertex 1.00204 9.9198 2.5
      vertex 1.15553 9.77334 2.5
    endloop
  endfacet
  facet normal -0.807692 -0.589604 0
    outer loop
      vertex 1.28027 9.60246 2.5
      vertex 1.15553 9.77334 3.2
      vertex 1.15553 9.77334 2.5
    endloop
  endfacet
  facet normal -0.807692 -0.589604 0
    outer loop
      vertex 1.15553 9.77334 3.2
      vertex 1.28027 9.60246 2.5
      vertex 1.28027 9.60246 3.2
    endloop
  endfacet
  facet normal -0.897439 -0.441138 0
    outer loop
      vertex 1.37627 9.40716 2.5
      vertex 1.28027 9.60246 3.2
      vertex 1.28027 9.60246 2.5
    endloop
  endfacet
  facet normal -0.897439 -0.441138 0
    outer loop
      vertex 1.28027 9.60246 3.2
      vertex 1.37627 9.40716 2.5
      vertex 1.37627 9.40716 3.2
    endloop
  endfacet
  facet normal -0.956201 -0.292709 0
    outer loop
      vertex 1.44353 9.18744 2.5
      vertex 1.37627 9.40716 3.2
      vertex 1.37627 9.40716 2.5
    endloop
  endfacet
  facet normal -0.956201 -0.292709 0
    outer loop
      vertex 1.37627 9.40716 3.2
      vertex 1.44353 9.18744 2.5
      vertex 1.44353 9.18744 3.2
    endloop
  endfacet
  facet normal 0.232375 -0.972626 0
    outer loop
      vertex 1.44353 9.18744 2.5
      vertex 2.63567 9.47226 3.2
      vertex 1.44353 9.18744 3.2
    endloop
  endfacet
  facet normal 0.232375 -0.972626 0
    outer loop
      vertex 2.63567 9.47226 3.2
      vertex 1.44353 9.18744 2.5
      vertex 2.63567 9.47226 2.5
    endloop
  endfacet
  facet normal 0.946959 0.321354 0
    outer loop
      vertex 2.63567 9.47226 3.2
      vertex 2.52124 9.80946 2.5
      vertex 2.52124 9.80946 3.2
    endloop
  endfacet
  facet normal 0.946959 0.321354 0
    outer loop
      vertex 2.52124 9.80946 2.5
      vertex 2.63567 9.47226 3.2
      vertex 2.63567 9.47226 2.5
    endloop
  endfacet
  facet normal 0.903851 0.427848 0
    outer loop
      vertex 2.52124 9.80946 3.2
      vertex 2.38139 10.1049 2.5
      vertex 2.38139 10.1049 3.2
    endloop
  endfacet
  facet normal 0.903851 0.427848 0
    outer loop
      vertex 2.38139 10.1049 2.5
      vertex 2.52124 9.80946 3.2
      vertex 2.52124 9.80946 2.5
    endloop
  endfacet
  facet normal 0.83793 0.545777 0
    outer loop
      vertex 2.38139 10.1049 3.2
      vertex 2.21608 10.3587 2.5
      vertex 2.21608 10.3587 3.2
    endloop
  endfacet
  facet normal 0.83793 0.545777 0
    outer loop
      vertex 2.21608 10.3587 2.5
      vertex 2.38139 10.1049 3.2
      vertex 2.38139 10.1049 2.5
    endloop
  endfacet
  facet normal 0.743556 0.668674 0
    outer loop
      vertex 2.21608 10.3587 3.2
      vertex 2.02534 10.5708 2.5
      vertex 2.02534 10.5708 3.2
    endloop
  endfacet
  facet normal 0.743556 0.668674 0
    outer loop
      vertex 2.02534 10.5708 2.5
      vertex 2.21608 10.3587 3.2
      vertex 2.21608 10.3587 2.5
    endloop
  endfacet
  facet normal 0.61019 0.792255 -0
    outer loop
      vertex 2.02534 10.5708 2.5
      vertex 1.6579 10.8538 3.2
      vertex 2.02534 10.5708 3.2
    endloop
  endfacet
  facet normal 0.61019 0.792255 0
    outer loop
      vertex 1.6579 10.8538 3.2
      vertex 2.02534 10.5708 2.5
      vertex 1.6579 10.8538 2.5
    endloop
  endfacet
  facet normal 0.43476 0.900546 -0
    outer loop
      vertex 1.6579 10.8538 2.5
      vertex 1.23907 11.056 3.2
      vertex 1.6579 10.8538 3.2
    endloop
  endfacet
  facet normal 0.43476 0.900546 0
    outer loop
      vertex 1.23907 11.056 3.2
      vertex 1.6579 10.8538 2.5
      vertex 1.23907 11.056 2.5
    endloop
  endfacet
  facet normal 0.2498 0.968298 -0
    outer loop
      vertex 1.23907 11.056 2.5
      vertex 0.768875 11.1773 3.2
      vertex 1.23907 11.056 3.2
    endloop
  endfacet
  facet normal 0.2498 0.968298 0
    outer loop
      vertex 0.768875 11.1773 3.2
      vertex 1.23907 11.056 2.5
      vertex 0.768875 11.1773 2.5
    endloop
  endfacet
  facet normal 0.0772262 0.997014 -0
    outer loop
      vertex 0.768875 11.1773 2.5
      vertex 0.247299 11.2177 3.2
      vertex 0.768875 11.1773 3.2
    endloop
  endfacet
  facet normal 0.0772262 0.997014 0
    outer loop
      vertex 0.247299 11.2177 3.2
      vertex 0.768875 11.1773 2.5
      vertex 0.247299 11.2177 2.5
    endloop
  endfacet
  facet normal -0.0860459 0.996291 0
    outer loop
      vertex 0.247299 11.2177 2.5
      vertex -0.348999 11.1662 3.2
      vertex 0.247299 11.2177 3.2
    endloop
  endfacet
  facet normal -0.0860459 0.996291 0
    outer loop
      vertex -0.348999 11.1662 3.2
      vertex 0.247299 11.2177 2.5
      vertex -0.348999 11.1662 2.5
    endloop
  endfacet
  facet normal -0.277067 0.960851 0
    outer loop
      vertex -0.348999 11.1662 2.5
      vertex -0.884796 11.0117 3.2
      vertex -0.348999 11.1662 3.2
    endloop
  endfacet
  facet normal -0.277067 0.960851 0
    outer loop
      vertex -0.884796 11.0117 3.2
      vertex -0.348999 11.1662 2.5
      vertex -0.884796 11.0117 2.5
    endloop
  endfacet
  facet normal -0.47621 0.879331 0
    outer loop
      vertex -0.884796 11.0117 2.5
      vertex -1.36009 10.7543 3.2
      vertex -0.884796 11.0117 3.2
    endloop
  endfacet
  facet normal -0.47621 0.879331 0
    outer loop
      vertex -1.36009 10.7543 3.2
      vertex -0.884796 11.0117 2.5
      vertex -1.36009 10.7543 2.5
    endloop
  endfacet
  facet normal -0.656003 0.754758 0
    outer loop
      vertex -1.36009 10.7543 2.5
      vertex -1.77486 10.3938 3.2
      vertex -1.36009 10.7543 3.2
    endloop
  endfacet
  facet normal -0.656003 0.754758 0
    outer loop
      vertex -1.77486 10.3938 3.2
      vertex -1.36009 10.7543 2.5
      vertex -1.77486 10.3938 2.5
    endloop
  endfacet
  facet normal -0.803164 0.595758 0
    outer loop
      vertex -2.11128 9.94026 2.5
      vertex -1.77486 10.3938 3.2
      vertex -1.77486 10.3938 2.5
    endloop
  endfacet
  facet normal -0.803164 0.595758 0
    outer loop
      vertex -1.77486 10.3938 3.2
      vertex -2.11128 9.94026 2.5
      vertex -2.11128 9.94026 3.2
    endloop
  endfacet
  facet normal -0.912687 0.408658 0
    outer loop
      vertex -2.35158 9.40358 2.5
      vertex -2.11128 9.94026 3.2
      vertex -2.11128 9.94026 2.5
    endloop
  endfacet
  facet normal -0.912687 0.408658 0
    outer loop
      vertex -2.11128 9.94026 3.2
      vertex -2.35158 9.40358 2.5
      vertex -2.35158 9.40358 3.2
    endloop
  endfacet
  facet normal -0.973998 0.226556 0
    outer loop
      vertex -2.49576 8.78373 2.5
      vertex -2.35158 9.40358 3.2
      vertex -2.35158 9.40358 2.5
    endloop
  endfacet
  facet normal -0.973998 0.226556 0
    outer loop
      vertex -2.35158 9.40358 3.2
      vertex -2.49576 8.78373 2.5
      vertex -2.49576 8.78373 3.2
    endloop
  endfacet
  facet normal -0.997671 0.0682069 0
    outer loop
      vertex -2.54382 8.08075 2.5
      vertex -2.49576 8.78373 3.2
      vertex -2.49576 8.78373 2.5
    endloop
  endfacet
  facet normal -0.997671 0.0682069 0
    outer loop
      vertex -2.49576 8.78373 3.2
      vertex -2.54382 8.08075 2.5
      vertex -2.54382 8.08075 3.2
    endloop
  endfacet
  facet normal -0.997439 -0.0715182 0
    outer loop
      vertex -2.49602 7.4141 2.5
      vertex -2.54382 8.08075 3.2
      vertex -2.54382 8.08075 2.5
    endloop
  endfacet
  facet normal -0.997439 -0.0715182 0
    outer loop
      vertex -2.54382 8.08075 3.2
      vertex -2.49602 7.4141 2.5
      vertex -2.49602 7.4141 3.2
    endloop
  endfacet
  facet normal -0.971898 -0.235404 0
    outer loop
      vertex -2.3526 6.82197 2.5
      vertex -2.49602 7.4141 3.2
      vertex -2.49602 7.4141 2.5
    endloop
  endfacet
  facet normal -0.971898 -0.235404 0
    outer loop
      vertex -2.49602 7.4141 3.2
      vertex -2.3526 6.82197 2.5
      vertex -2.3526 6.82197 3.2
    endloop
  endfacet
  facet normal -0.907874 -0.419244 0
    outer loop
      vertex -2.11357 6.30435 2.5
      vertex -2.3526 6.82197 3.2
      vertex -2.3526 6.82197 2.5
    endloop
  endfacet
  facet normal -0.907874 -0.419244 0
    outer loop
      vertex -2.3526 6.82197 3.2
      vertex -2.11357 6.30435 2.5
      vertex -2.11357 6.30435 3.2
    endloop
  endfacet
  facet normal -0.798014 -0.602639 0
    outer loop
      vertex -1.77893 5.86122 2.5
      vertex -2.11357 6.30435 3.2
      vertex -2.11357 6.30435 2.5
    endloop
  endfacet
  facet normal -0.798014 -0.602639 0
    outer loop
      vertex -2.11357 6.30435 3.2
      vertex -1.77893 5.86122 2.5
      vertex -1.77893 5.86122 3.2
    endloop
  endfacet
  facet normal -0.6557 -0.755022 0
    outer loop
      vertex -1.77893 5.86122 2.5
      vertex -1.37003 5.50611 3.2
      vertex -1.77893 5.86122 3.2
    endloop
  endfacet
  facet normal -0.6557 -0.755022 -0
    outer loop
      vertex -1.37003 5.50611 3.2
      vertex -1.77893 5.86122 2.5
      vertex -1.37003 5.50611 2.5
    endloop
  endfacet
  facet normal -0.481387 -0.876508 0
    outer loop
      vertex -1.37003 5.50611 2.5
      vertex -0.908203 5.25247 3.2
      vertex -1.37003 5.50611 3.2
    endloop
  endfacet
  facet normal -0.481387 -0.876508 -0
    outer loop
      vertex -0.908203 5.25247 3.2
      vertex -1.37003 5.50611 2.5
      vertex -0.908203 5.25247 2.5
    endloop
  endfacet
  facet normal -0.283546 -0.958959 0
    outer loop
      vertex -0.908203 5.25247 2.5
      vertex -0.393494 5.10028 3.2
      vertex -0.908203 5.25247 3.2
    endloop
  endfacet
  facet normal -0.283546 -0.958959 -0
    outer loop
      vertex -0.393494 5.10028 3.2
      vertex -0.908203 5.25247 2.5
      vertex -0.393494 5.10028 2.5
    endloop
  endfacet
  facet normal -0.0890045 -0.996031 0
    outer loop
      vertex -0.393494 5.10028 2.5
      vertex 0.174103 5.04956 3.2
      vertex -0.393494 5.10028 3.2
    endloop
  endfacet
  facet normal -0.0890045 -0.996031 -0
    outer loop
      vertex 0.174103 5.04956 3.2
      vertex -0.393494 5.10028 2.5
      vertex 0.174103 5.04956 2.5
    endloop
  endfacet
  facet normal 0.0643591 -0.997927 0
    outer loop
      vertex 0.174103 5.04956 2.5
      vertex 0.633224 5.07917 3.2
      vertex 0.174103 5.04956 3.2
    endloop
  endfacet
  facet normal 0.0643591 -0.997927 0
    outer loop
      vertex 0.633224 5.07917 3.2
      vertex 0.174103 5.04956 2.5
      vertex 0.633224 5.07917 2.5
    endloop
  endfacet
  facet normal 0 0 1
    outer loop
      vertex 2.96176 -6.58523 3.2
      vertex 1.84288 -7.85464 3.2
      vertex 2.96176 -12.55 3.2
    endloop
  endfacet
  facet normal -0 0 1
    outer loop
      vertex 1.15529 -6.58523 3.2
      vertex 1.84288 -7.85464 3.2
      vertex 2.96176 -6.58523 3.2
    endloop
  endfacet
  facet normal 0 0 1
    outer loop
      vertex 0.0851746 -10.6539 3.2
      vertex 1.84288 -7.85464 3.2
      vertex 1.15529 -6.58523 3.2
    endloop
  endfacet
  facet normal 0 0 1
    outer loop
      vertex 1.84288 -7.85464 3.2
      vertex 0.0851746 -10.6539 3.2
      vertex 0.658844 -12.55 3.2
    endloop
  endfacet
  facet normal 0 0 1
    outer loop
      vertex 0.0851746 -10.6539 3.2
      vertex -0.500702 -12.55 3.2
      vertex 0.658844 -12.55 3.2
    endloop
  endfacet
  facet normal -0 0 1
    outer loop
      vertex -1.68066 -7.85464 3.2
      vertex 0.0851746 -10.6539 3.2
      vertex -0.997086 -6.58523 3.2
    endloop
  endfacet
  facet normal 0 0 1
    outer loop
      vertex 0.0851746 -10.6539 3.2
      vertex -1.68066 -7.85464 3.2
      vertex -0.500702 -12.55 3.2
    endloop
  endfacet
  facet normal -0 0 1
    outer loop
      vertex -2.79955 -6.58523 3.2
      vertex -1.68066 -7.85464 3.2
      vertex -0.997086 -6.58523 3.2
    endloop
  endfacet
  facet normal 0 0 1
    outer loop
      vertex -2.79955 -12.55 3.2
      vertex -1.68066 -7.85464 3.2
      vertex -2.79955 -6.58523 3.2
    endloop
  endfacet
  facet normal 0 0 1
    outer loop
      vertex -1.68066 -7.85464 3.2
      vertex -2.79955 -12.55 3.2
      vertex -1.68066 -12.55 3.2
    endloop
  endfacet
  facet normal 0 0 1
    outer loop
      vertex 2.96176 -12.55 3.2
      vertex 1.84288 -7.85464 3.2
      vertex 1.84288 -12.55 3.2
    endloop
  endfacet
  facet normal -0.969844 -0.243725 0
    outer loop
      vertex -0.500702 -12.55 2.5
      vertex -1.68066 -7.85464 3.2
      vertex -1.68066 -7.85464 2.5
    endloop
  endfacet
  facet normal -0.969844 -0.243725 0
    outer loop
      vertex -1.68066 -7.85464 3.2
      vertex -0.500702 -12.55 2.5
      vertex -0.500702 -12.55 3.2
    endloop
  endfacet
  facet normal 0 -1 0
    outer loop
      vertex -0.500702 -12.55 2.5
      vertex 0.658844 -12.55 3.2
      vertex -0.500702 -12.55 3.2
    endloop
  endfacet
  facet normal 0 -1 -0
    outer loop
      vertex 0.658844 -12.55 3.2
      vertex -0.500702 -12.55 2.5
      vertex 0.658844 -12.55 2.5
    endloop
  endfacet
  facet normal 0.969645 -0.244517 0
    outer loop
      vertex 0.658844 -12.55 3.2
      vertex 1.84288 -7.85464 2.5
      vertex 1.84288 -7.85464 3.2
    endloop
  endfacet
  facet normal 0.969645 -0.244517 0
    outer loop
      vertex 1.84288 -7.85464 2.5
      vertex 0.658844 -12.55 3.2
      vertex 0.658844 -12.55 2.5
    endloop
  endfacet
  facet normal -1 0 0
    outer loop
      vertex 1.84288 -12.55 2.5
      vertex 1.84288 -7.85464 3.2
      vertex 1.84288 -7.85464 2.5
    endloop
  endfacet
  facet normal -1 -0 0
    outer loop
      vertex 1.84288 -7.85464 3.2
      vertex 1.84288 -12.55 2.5
      vertex 1.84288 -12.55 3.2
    endloop
  endfacet
  facet normal 0 -1 0
    outer loop
      vertex 1.84288 -12.55 2.5
      vertex 2.96176 -12.55 3.2
      vertex 1.84288 -12.55 3.2
    endloop
  endfacet
  facet normal 0 -1 -0
    outer loop
      vertex 2.96176 -12.55 3.2
      vertex 1.84288 -12.55 2.5
      vertex 2.96176 -12.55 2.5
    endloop
  endfacet
  facet normal 1 -0 0
    outer loop
      vertex 2.96176 -12.55 3.2
      vertex 2.96176 -6.58523 2.5
      vertex 2.96176 -6.58523 3.2
    endloop
  endfacet
  facet normal 1 0 0
    outer loop
      vertex 2.96176 -6.58523 2.5
      vertex 2.96176 -12.55 3.2
      vertex 2.96176 -12.55 2.5
    endloop
  endfacet
  facet normal 0 1 -0
    outer loop
      vertex 2.96176 -6.58523 2.5
      vertex 1.15529 -6.58523 3.2
      vertex 2.96176 -6.58523 3.2
    endloop
  endfacet
  facet normal 0 1 0
    outer loop
      vertex 1.15529 -6.58523 3.2
      vertex 2.96176 -6.58523 2.5
      vertex 1.15529 -6.58523 2.5
    endloop
  endfacet
  facet normal -0.967109 0.254363 0
    outer loop
      vertex 0.0851746 -10.6539 2.5
      vertex 1.15529 -6.58523 3.2
      vertex 1.15529 -6.58523 2.5
    endloop
  endfacet
  facet normal -0.967109 0.254363 0
    outer loop
      vertex 1.15529 -6.58523 3.2
      vertex 0.0851746 -10.6539 2.5
      vertex 0.0851746 -10.6539 3.2
    endloop
  endfacet
  facet normal 0.966395 0.25706 0
    outer loop
      vertex 0.0851746 -10.6539 3.2
      vertex -0.997086 -6.58523 2.5
      vertex -0.997086 -6.58523 3.2
    endloop
  endfacet
  facet normal 0.966395 0.25706 0
    outer loop
      vertex -0.997086 -6.58523 2.5
      vertex 0.0851746 -10.6539 3.2
      vertex 0.0851746 -10.6539 2.5
    endloop
  endfacet
  facet normal 0 1 -0
    outer loop
      vertex -0.997086 -6.58523 2.5
      vertex -2.79955 -6.58523 3.2
      vertex -0.997086 -6.58523 3.2
    endloop
  endfacet
  facet normal 0 1 0
    outer loop
      vertex -2.79955 -6.58523 3.2
      vertex -0.997086 -6.58523 2.5
      vertex -2.79955 -6.58523 2.5
    endloop
  endfacet
  facet normal -1 0 0
    outer loop
      vertex -2.79955 -12.55 2.5
      vertex -2.79955 -6.58523 3.2
      vertex -2.79955 -6.58523 2.5
    endloop
  endfacet
  facet normal -1 -0 0
    outer loop
      vertex -2.79955 -6.58523 3.2
      vertex -2.79955 -12.55 2.5
      vertex -2.79955 -12.55 3.2
    endloop
  endfacet
  facet normal 0 -1 0
    outer loop
      vertex -2.79955 -12.55 2.5
      vertex -1.68066 -12.55 3.2
      vertex -2.79955 -12.55 3.2
    endloop
  endfacet
  facet normal 0 -1 -0
    outer loop
      vertex -1.68066 -12.55 3.2
      vertex -2.79955 -12.55 2.5
      vertex -1.68066 -12.55 2.5
    endloop
  endfacet
  facet normal 1 -0 0
    outer loop
      vertex -1.68066 -12.55 3.2
      vertex -1.68066 -7.85464 2.5
      vertex -1.68066 -7.85464 3.2
    endloop
  endfacet
  facet normal 1 0 0
    outer loop
      vertex -1.68066 -7.85464 2.5
      vertex -1.68066 -12.55 3.2
      vertex -1.68066 -12.55 2.5
    endloop
  endfacet
  facet normal 0 0 1
    outer loop
      vertex 12.0255 -1.43013 3.2
      vertex 13.2076 -1.22064 3.2
      vertex 13.194 -1.15498 3.2
    endloop
  endfacet
  facet normal 0 0 1
    outer loop
      vertex 12.0255 -1.43013 3.2
      vertex 13.194 -1.15498 3.2
      vertex 13.1934 -1.15271 3.2
    endloop
  endfacet
  facet normal 0 0 1
    outer loop
      vertex 13.2076 -1.22064 3.2
      vertex 12.8921 -7.27026 3.2
      vertex 13.2007 -13.828 3.2
    endloop
  endfacet
  facet normal 0 0 1
    outer loop
      vertex 13.2076 -1.22064 3.2
      vertex 12.0255 -1.43013 3.2
      vertex 12.8921 -7.27026 3.2
    endloop
  endfacet
  facet normal 0 0 1
    outer loop
      vertex 11.8334 3.97807 3.2
      vertex 12.0255 -1.43013 3.2
      vertex 13.1934 -1.15271 3.2
    endloop
  endfacet
  facet normal 0 0 1
    outer loop
      vertex 10.683 3.63472 3.2
      vertex 11.8334 3.97807 3.2
      vertex 11.8329 3.98012 3.2
    endloop
  endfacet
  facet normal 0 0 1
    outer loop
      vertex 10.683 3.63472 3.2
      vertex 11.8329 3.98012 3.2
      vertex 11.8216 4.01767 3.2
    endloop
  endfacet
  facet normal 0 0 1
    outer loop
      vertex 10.683 3.63472 3.2
      vertex 11.8216 4.01767 3.2
      vertex 11.8079 4.05441 3.2
    endloop
  endfacet
  facet normal 0 0 1
    outer loop
      vertex 11.8334 3.97807 3.2
      vertex 10.683 3.63472 3.2
      vertex 12.0255 -1.43013 3.2
    endloop
  endfacet
  facet normal 0 0 1
    outer loop
      vertex 10.0425 8.35144 3.2
      vertex 10.683 3.63472 3.2
      vertex 11.8079 4.05441 3.2
    endloop
  endfacet
  facet normal 0 0 1
    outer loop
      vertex 8.95093 7.85063 3.2
      vertex 10.0425 8.35144 3.2
      vertex 10.0224 8.39529 3.2
    endloop
  endfacet
  facet normal 0 0 1
    outer loop
      vertex 8.95093 7.85063 3.2
      vertex 10.0224 8.39529 3.2
      vertex 9.99876 8.43742 3.2
    endloop
  endfacet
  facet normal 0 0 1
    outer loop
      vertex 10.0425 8.35144 3.2
      vertex 8.95093 7.85063 3.2
      vertex 10.683 3.63472 3.2
    endloop
  endfacet
  facet normal -0 0 1
    outer loop
      vertex 6.92004 11.1578 3.2
      vertex 9.99876 8.43742 3.2
      vertex 7.90991 11.839 3.2
    endloop
  endfacet
  facet normal 0 0 1
    outer loop
      vertex 6.92004 11.1578 3.2
      vertex 7.90991 11.839 3.2
      vertex 7.87463 11.8903 3.2
    endloop
  endfacet
  facet normal 0 0 1
    outer loop
      vertex 6.92004 11.1578 3.2
      vertex 7.87463 11.8903 3.2
      vertex 7.83423 11.9376 3.2
    endloop
  endfacet
  facet normal 0 0 1
    outer loop
      vertex 9.99876 8.43742 3.2
      vertex 6.92004 11.1578 3.2
      vertex 8.95093 7.85063 3.2
    endloop
  endfacet
  facet normal -0 0 1
    outer loop
      vertex 4.68848 13.514 3.2
      vertex 7.83423 11.9376 3.2
      vertex 5.50279 14.3992 3.2
    endloop
  endfacet
  facet normal 0 0 1
    outer loop
      vertex 4.68848 13.514 3.2
      vertex 5.50279 14.3992 3.2
      vertex 5.44238 14.4548 3.2
    endloop
  endfacet
  facet normal 0 0 1
    outer loop
      vertex 4.68848 13.514 3.2
      vertex 5.44238 14.4548 3.2
      vertex 5.37492 14.5017 3.2
    endloop
  endfacet
  facet normal 0 0 1
    outer loop
      vertex 7.83423 11.9376 3.2
      vertex 4.68848 13.514 3.2
      vertex 6.92004 11.1578 3.2
    endloop
  endfacet
  facet normal -0 0 1
    outer loop
      vertex 2.35663 14.9073 3.2
      vertex 5.37492 14.5017 3.2
      vertex 2.88176 15.9914 3.2
    endloop
  endfacet
  facet normal 0 0 1
    outer loop
      vertex 2.35663 14.9073 3.2
      vertex 2.88176 15.9914 3.2
      vertex 2.78816 16.0368 3.2
    endloop
  endfacet
  facet normal 0 0 1
    outer loop
      vertex 2.35663 14.9073 3.2
      vertex 2.78816 16.0368 3.2
      vertex 2.68814 16.0653 3.2
    endloop
  endfacet
  facet normal 0 0 1
    outer loop
      vertex 5.37492 14.5017 3.2
      vertex 2.35663 14.9073 3.2
      vertex 4.68848 13.514 3.2
    endloop
  endfacet
  facet normal 0 0 1
    outer loop
      vertex 0.11412 16.564 3.2
      vertex 2.35663 14.9073 3.2
      vertex 2.68814 16.0653 3.2
    endloop
  endfacet
  facet normal 0 0 1
    outer loop
      vertex 0 15.3638 3.2
      vertex 0.11412 16.564 3.2
      vertex 0 16.575 3.2
    endloop
  endfacet
  facet normal 0 0 1
    outer loop
      vertex 0.11412 16.564 3.2
      vertex 0 15.3638 3.2
      vertex 2.35663 14.9073 3.2
    endloop
  endfacet
  facet normal -0 0 1
    outer loop
      vertex -0.114136 16.564 3.2
      vertex 0 15.3638 3.2
      vertex 0 16.575 3.2
    endloop
  endfacet
  facet normal 0 0 1
    outer loop
      vertex -0.114136 16.564 3.2
      vertex -2.35658 14.9073 3.2
      vertex 0 15.3638 3.2
    endloop
  endfacet
  facet normal -0 0 1
    outer loop
      vertex -2.68814 16.0653 3.2
      vertex -2.35658 14.9073 3.2
      vertex -0.114136 16.564 3.2
    endloop
  endfacet
  facet normal -0 0 1
    outer loop
      vertex -2.78816 16.0368 3.2
      vertex -2.35658 14.9073 3.2
      vertex -2.68814 16.0653 3.2
    endloop
  endfacet
  facet normal -0 0 1
    outer loop
      vertex -2.88179 15.9913 3.2
      vertex -2.35658 14.9073 3.2
      vertex -2.78816 16.0368 3.2
    endloop
  endfacet
  facet normal 0 0 1
    outer loop
      vertex -5.37492 14.5017 3.2
      vertex -2.35658 14.9073 3.2
      vertex -2.88179 15.9913 3.2
    endloop
  endfacet
  facet normal 0 0 1
    outer loop
      vertex -2.35658 14.9073 3.2
      vertex -5.37492 14.5017 3.2
      vertex -4.68843 13.514 3.2
    endloop
  endfacet
  facet normal -0 0 1
    outer loop
      vertex -5.44238 14.4548 3.2
      vertex -4.68843 13.514 3.2
      vertex -5.37492 14.5017 3.2
    endloop
  endfacet
  facet normal -0 0 1
    outer loop
      vertex -5.50281 14.3992 3.2
      vertex -4.68843 13.514 3.2
      vertex -5.44238 14.4548 3.2
    endloop
  endfacet
  facet normal 0 0 1
    outer loop
      vertex -7.83423 11.9376 3.2
      vertex -4.68843 13.514 3.2
      vertex -5.50281 14.3992 3.2
    endloop
  endfacet
  facet normal 0 0 1
    outer loop
      vertex -4.68843 13.514 3.2
      vertex -7.83423 11.9376 3.2
      vertex -6.91997 11.1579 3.2
    endloop
  endfacet
  facet normal -0 0 1
    outer loop
      vertex -7.87463 11.8903 3.2
      vertex -6.91997 11.1579 3.2
      vertex -7.83423 11.9376 3.2
    endloop
  endfacet
  facet normal -0 0 1
    outer loop
      vertex -7.90991 11.839 3.2
      vertex -6.91997 11.1579 3.2
      vertex -7.87463 11.8903 3.2
    endloop
  endfacet
  facet normal 0 0 1
    outer loop
      vertex -9.99878 8.43739 3.2
      vertex -6.91997 11.1579 3.2
      vertex -7.90991 11.839 3.2
    endloop
  endfacet
  facet normal 0 0 1
    outer loop
      vertex -6.91997 11.1579 3.2
      vertex -9.99878 8.43739 3.2
      vertex -8.95093 7.85066 3.2
    endloop
  endfacet
  facet normal -0 0 1
    outer loop
      vertex -10.0224 8.39529 3.2
      vertex -8.95093 7.85066 3.2
      vertex -9.99878 8.43739 3.2
    endloop
  endfacet
  facet normal -0 0 1
    outer loop
      vertex -10.0425 8.35143 3.2
      vertex -8.95093 7.85066 3.2
      vertex -10.0224 8.39529 3.2
    endloop
  endfacet
  facet normal 0 0 1
    outer loop
      vertex -10.0425 8.35143 3.2
      vertex -10.683 3.63475 3.2
      vertex -8.95093 7.85066 3.2
    endloop
  endfacet
  facet normal -0 0 1
    outer loop
      vertex -11.8079 4.05441 3.2
      vertex -10.683 3.63475 3.2
      vertex -10.0425 8.35143 3.2
    endloop
  endfacet
  facet normal -0 0 1
    outer loop
      vertex -11.8216 4.01767 3.2
      vertex -10.683 3.63475 3.2
      vertex -11.8079 4.05441 3.2
    endloop
  endfacet
  facet normal -0 0 1
    outer loop
      vertex -11.8329 3.9801 3.2
      vertex -10.683 3.63475 3.2
      vertex -11.8216 4.01767 3.2
    endloop
  endfacet
  facet normal 0 0 1
    outer loop
      vertex -11.8329 3.9801 3.2
      vertex -12.0255 -1.42987 3.2
      vertex -10.683 3.63475 3.2
    endloop
  endfacet
  facet normal -0 0 1
    outer loop
      vertex -13.194 -1.15498 3.2
      vertex -12.0255 -1.42987 3.2
      vertex -11.8329 3.9801 3.2
    endloop
  endfacet
  facet normal -0 0 1
    outer loop
      vertex -13.2076 -1.22064 3.2
      vertex -12.0255 -1.42987 3.2
      vertex -13.194 -1.15498 3.2
    endloop
  endfacet
  facet normal 0 0 1
    outer loop
      vertex -12.0255 -1.42987 3.2
      vertex -13.2076 -1.22064 3.2
      vertex -12.8921 -7.26996 3.2
    endloop
  endfacet
  facet normal 0 0 1
    outer loop
      vertex -13.2076 -1.22064 3.2
      vertex -13.194 -1.15498 3.2
      vertex -13.2017 -1.18762 3.2
    endloop
  endfacet
  facet normal -0 0 1
    outer loop
      vertex -14.0835 -7.12372 3.2
      vertex -12.8921 -7.26996 3.2
      vertex -13.2076 -1.22064 3.2
    endloop
  endfacet
  facet normal -0 0 1
    outer loop
      vertex -14.0895 -7.18695 3.2
      vertex -12.8921 -7.26996 3.2
      vertex -14.0835 -7.12372 3.2
    endloop
  endfacet
  facet normal 0 0 1
    outer loop
      vertex -14.3993 -13.7718 3.2
      vertex -12.8921 -7.26996 3.2
      vertex -14.0895 -7.18695 3.2
    endloop
  endfacet
  facet normal 0 0 1
    outer loop
      vertex -12.8921 -7.26996 3.2
      vertex -14.3993 -13.7718 3.2
      vertex -13.2007 -13.8282 3.2
    endloop
  endfacet
  facet normal 0 0 1
    outer loop
      vertex -13.2007 -13.8282 3.2
      vertex -14.3993 -13.7718 3.2
      vertex -13.2196 -13.9522 3.2
    endloop
  endfacet
  facet normal 0 0 1
    outer loop
      vertex -13.2196 -13.9522 3.2
      vertex -14.3993 -13.7718 3.2
      vertex -13.2639 -14.0695 3.2
    endloop
  endfacet
  facet normal 0 0 1
    outer loop
      vertex -13.2639 -14.0695 3.2
      vertex -14.3993 -13.7718 3.2
      vertex -13.3317 -14.1751 3.2
    endloop
  endfacet
  facet normal 0 0 1
    outer loop
      vertex -13.3317 -14.1751 3.2
      vertex -14.3993 -13.7718 3.2
      vertex -13.4199 -14.2643 3.2
    endloop
  endfacet
  facet normal 0 0 1
    outer loop
      vertex -13.4199 -14.2643 3.2
      vertex -14.3993 -13.7718 3.2
      vertex -13.5247 -14.3331 3.2
    endloop
  endfacet
  facet normal 0 0 1
    outer loop
      vertex -13.5247 -14.3331 3.2
      vertex -14.3993 -13.7718 3.2
      vertex -13.6416 -14.3787 3.2
    endloop
  endfacet
  facet normal 0 0 1
    outer loop
      vertex -13.6416 -14.3787 3.2
      vertex -14.3993 -13.7718 3.2
      vertex -13.7654 -14.399 3.2
    endloop
  endfacet
  facet normal 0 0 1
    outer loop
      vertex -14.0895 -7.18695 3.2
      vertex -14.0835 -7.12372 3.2
      vertex -14.0872 -7.15358 3.2
    endloop
  endfacet
  facet normal 0 0 1
    outer loop
      vertex -14.0895 -7.18695 3.2
      vertex -14.0872 -7.15358 3.2
      vertex -14.0894 -7.18359 3.2
    endloop
  endfacet
  facet normal 0 0 1
    outer loop
      vertex -13.7654 -14.399 3.2
      vertex -14.3993 -13.7718 3.2
      vertex -13.8907 -14.3931 3.2
    endloop
  endfacet
  facet normal 0 0 1
    outer loop
      vertex -13.8907 -14.3931 3.2
      vertex -14.3993 -13.7718 3.2
      vertex -14.012 -14.3613 3.2
    endloop
  endfacet
  facet normal 0 0 1
    outer loop
      vertex -14.012 -14.3613 3.2
      vertex -14.3993 -13.7718 3.2
      vertex -14.1241 -14.3049 3.2
    endloop
  endfacet
  facet normal 0 0 1
    outer loop
      vertex -14.1241 -14.3049 3.2
      vertex -14.3993 -13.7718 3.2
      vertex -14.222 -14.2265 3.2
    endloop
  endfacet
  facet normal 0 0 1
    outer loop
      vertex -14.222 -14.2265 3.2
      vertex -14.3993 -13.7718 3.2
      vertex -14.3014 -14.1295 3.2
    endloop
  endfacet
  facet normal 0 0 1
    outer loop
      vertex -14.3014 -14.1295 3.2
      vertex -14.3993 -13.7718 3.2
      vertex -14.359 -14.018 3.2
    endloop
  endfacet
  facet normal 0 0 1
    outer loop
      vertex -14.359 -14.018 3.2
      vertex -14.3993 -13.7718 3.2
      vertex -14.3921 -13.897 3.2
    endloop
  endfacet
  facet normal 0 0 1
    outer loop
      vertex 14.3993 -13.7718 3.2
      vertex 14.359 -14.018 3.2
      vertex 14.3921 -13.897 3.2
    endloop
  endfacet
  facet normal 0 0 1
    outer loop
      vertex 14.3993 -13.7718 3.2
      vertex 14.3014 -14.1295 3.2
      vertex 14.359 -14.018 3.2
    endloop
  endfacet
  facet normal 0 0 1
    outer loop
      vertex 14.3993 -13.7718 3.2
      vertex 14.222 -14.2265 3.2
      vertex 14.3014 -14.1295 3.2
    endloop
  endfacet
  facet normal 0 0 1
    outer loop
      vertex 14.3993 -13.7718 3.2
      vertex 14.1241 -14.3049 3.2
      vertex 14.222 -14.2265 3.2
    endloop
  endfacet
  facet normal 0 0 1
    outer loop
      vertex 13.2007 -13.828 3.2
      vertex 14.3993 -13.7718 3.2
      vertex 14.0894 -7.18359 3.2
    endloop
  endfacet
  facet normal 0 0 1
    outer loop
      vertex 14.0835 -7.1237 3.2
      vertex 14.0894 -7.18359 3.2
      vertex 14.0872 -7.15358 3.2
    endloop
  endfacet
  facet normal 0 0 1
    outer loop
      vertex 14.0894 -7.18359 3.2
      vertex 14.0835 -7.1237 3.2
      vertex 13.2007 -13.828 3.2
    endloop
  endfacet
  facet normal 0 0 1
    outer loop
      vertex 14.3993 -13.7718 3.2
      vertex 13.2007 -13.828 3.2
      vertex 14.1241 -14.3049 3.2
    endloop
  endfacet
  facet normal 0 0 1
    outer loop
      vertex 14.1241 -14.3049 3.2
      vertex 13.2007 -13.828 3.2
      vertex 14.012 -14.3613 3.2
    endloop
  endfacet
  facet normal 0 0 1
    outer loop
      vertex 14.012 -14.3613 3.2
      vertex 13.2007 -13.828 3.2
      vertex 13.8907 -14.3931 3.2
    endloop
  endfacet
  facet normal 0 0 1
    outer loop
      vertex 13.8907 -14.3931 3.2
      vertex 13.2007 -13.828 3.2
      vertex 13.7654 -14.399 3.2
    endloop
  endfacet
  facet normal 0 0 1
    outer loop
      vertex 13.7654 -14.399 3.2
      vertex 13.2007 -13.828 3.2
      vertex 13.6416 -14.3787 3.2
    endloop
  endfacet
  facet normal 0 0 1
    outer loop
      vertex 13.6416 -14.3787 3.2
      vertex 13.2007 -13.828 3.2
      vertex 13.5247 -14.3331 3.2
    endloop
  endfacet
  facet normal 0 0 1
    outer loop
      vertex 13.5247 -14.3331 3.2
      vertex 13.2007 -13.828 3.2
      vertex 13.4199 -14.2643 3.2
    endloop
  endfacet
  facet normal 0 0 1
    outer loop
      vertex 13.4199 -14.2643 3.2
      vertex 13.2007 -13.828 3.2
      vertex 13.3317 -14.1751 3.2
    endloop
  endfacet
  facet normal 0 0 1
    outer loop
      vertex 13.3317 -14.1751 3.2
      vertex 13.2007 -13.828 3.2
      vertex 13.2639 -14.0695 3.2
    endloop
  endfacet
  facet normal 0 0 1
    outer loop
      vertex 13.2007 -13.828 3.2
      vertex 14.0835 -7.1237 3.2
      vertex 13.2076 -1.22064 3.2
    endloop
  endfacet
  facet normal 0 0 1
    outer loop
      vertex 13.194 -1.15498 3.2
      vertex 13.2076 -1.22064 3.2
      vertex 13.2017 -1.18762 3.2
    endloop
  endfacet
  facet normal 0 0 1
    outer loop
      vertex 13.2639 -14.0695 3.2
      vertex 13.2007 -13.828 3.2
      vertex 13.2196 -13.9522 3.2
    endloop
  endfacet
  facet normal 0 0 1
    outer loop
      vertex 13.2196 -13.9522 3.2
      vertex 13.2007 -13.828 3.2
      vertex 13.2007 -13.8282 3.2
    endloop
  endfacet
  facet normal 0.25359 -0.967312 0
    outer loop
      vertex 13.8907 -14.3931 2.5
      vertex 14.012 -14.3613 3.2
      vertex 13.8907 -14.3931 3.2
    endloop
  endfacet
  facet normal 0.25359 -0.967312 0
    outer loop
      vertex 14.012 -14.3613 3.2
      vertex 13.8907 -14.3931 2.5
      vertex 14.012 -14.3613 2.5
    endloop
  endfacet
  facet normal 0.449443 -0.893309 0
    outer loop
      vertex 14.012 -14.3613 2.5
      vertex 14.1241 -14.3049 3.2
      vertex 14.012 -14.3613 3.2
    endloop
  endfacet
  facet normal 0.449443 -0.893309 0
    outer loop
      vertex 14.1241 -14.3049 3.2
      vertex 14.012 -14.3613 2.5
      vertex 14.1241 -14.3049 2.5
    endloop
  endfacet
  facet normal 0.625084 -0.780558 0
    outer loop
      vertex 14.1241 -14.3049 2.5
      vertex 14.222 -14.2265 3.2
      vertex 14.1241 -14.3049 3.2
    endloop
  endfacet
  facet normal 0.625084 -0.780558 0
    outer loop
      vertex 14.222 -14.2265 3.2
      vertex 14.1241 -14.3049 2.5
      vertex 14.222 -14.2265 2.5
    endloop
  endfacet
  facet normal 0.773815 -0.633412 0
    outer loop
      vertex 14.222 -14.2265 3.2
      vertex 14.3014 -14.1295 2.5
      vertex 14.3014 -14.1295 3.2
    endloop
  endfacet
  facet normal 0.773815 -0.633412 0
    outer loop
      vertex 14.3014 -14.1295 2.5
      vertex 14.222 -14.2265 3.2
      vertex 14.222 -14.2265 2.5
    endloop
  endfacet
  facet normal 0.888453 -0.458968 0
    outer loop
      vertex 14.3014 -14.1295 3.2
      vertex 14.359 -14.018 2.5
      vertex 14.359 -14.018 3.2
    endloop
  endfacet
  facet normal 0.888453 -0.458968 0
    outer loop
      vertex 14.359 -14.018 2.5
      vertex 14.3014 -14.1295 3.2
      vertex 14.3014 -14.1295 2.5
    endloop
  endfacet
  facet normal 0.964561 -0.263859 0
    outer loop
      vertex 14.359 -14.018 3.2
      vertex 14.3921 -13.897 2.5
      vertex 14.3921 -13.897 3.2
    endloop
  endfacet
  facet normal 0.964561 -0.263859 0
    outer loop
      vertex 14.3921 -13.897 2.5
      vertex 14.359 -14.018 3.2
      vertex 14.359 -14.018 2.5
    endloop
  endfacet
  facet normal 0.998351 -0.0574131 0
    outer loop
      vertex 14.3921 -13.897 3.2
      vertex 14.3993 -13.7718 2.5
      vertex 14.3993 -13.7718 3.2
    endloop
  endfacet
  facet normal 0.998351 -0.0574131 0
    outer loop
      vertex 14.3993 -13.7718 2.5
      vertex 14.3921 -13.897 3.2
      vertex 14.3921 -13.897 2.5
    endloop
  endfacet
  facet normal 0.998896 0.0469866 0
    outer loop
      vertex 14.3993 -13.7718 3.2
      vertex 14.0894 -7.18359 2.5
      vertex 14.0894 -7.18359 3.2
    endloop
  endfacet
  facet normal 0.998896 0.0469866 0
    outer loop
      vertex 14.0894 -7.18359 2.5
      vertex 14.3993 -13.7718 3.2
      vertex 14.3993 -13.7718 2.5
    endloop
  endfacet
  facet normal 0.997324 0.0731127 0
    outer loop
      vertex 14.0894 -7.18359 3.2
      vertex 14.0872 -7.15358 2.5
      vertex 14.0872 -7.15358 3.2
    endloop
  endfacet
  facet normal 0.997324 0.0731127 0
    outer loop
      vertex 14.0872 -7.15358 2.5
      vertex 14.0894 -7.18359 3.2
      vertex 14.0894 -7.18359 2.5
    endloop
  endfacet
  facet normal 0.99242 0.12289 0
    outer loop
      vertex 14.0872 -7.15358 3.2
      vertex 14.0835 -7.1237 2.5
      vertex 14.0835 -7.1237 3.2
    endloop
  endfacet
  facet normal 0.99242 0.12289 0
    outer loop
      vertex 14.0835 -7.1237 2.5
      vertex 14.0872 -7.15358 3.2
      vertex 14.0872 -7.15358 2.5
    endloop
  endfacet
  facet normal 0.98917 0.146774 0
    outer loop
      vertex 14.0835 -7.1237 3.2
      vertex 13.2076 -1.22064 2.5
      vertex 13.2076 -1.22064 3.2
    endloop
  endfacet
  facet normal 0.98917 0.146774 0
    outer loop
      vertex 13.2076 -1.22064 2.5
      vertex 14.0835 -7.1237 3.2
      vertex 14.0835 -7.1237 2.5
    endloop
  endfacet
  facet normal 0.984409 0.175894 0
    outer loop
      vertex 13.2076 -1.22064 3.2
      vertex 13.2017 -1.18762 2.5
      vertex 13.2017 -1.18762 3.2
    endloop
  endfacet
  facet normal 0.984409 0.175894 0
    outer loop
      vertex 13.2017 -1.18762 2.5
      vertex 13.2076 -1.22064 3.2
      vertex 13.2076 -1.22064 2.5
    endloop
  endfacet
  facet normal 0.973284 0.229604 0
    outer loop
      vertex 13.2017 -1.18762 3.2
      vertex 13.194 -1.15498 2.5
      vertex 13.194 -1.15498 3.2
    endloop
  endfacet
  facet normal 0.973284 0.229604 0
    outer loop
      vertex 13.194 -1.15498 2.5
      vertex 13.2017 -1.18762 3.2
      vertex 13.2017 -1.18762 2.5
    endloop
  endfacet
  facet normal 0.966798 0.255541 0
    outer loop
      vertex 13.194 -1.15498 3.2
      vertex 13.1934 -1.15271 2.5
      vertex 13.1934 -1.15271 3.2
    endloop
  endfacet
  facet normal 0.966798 0.255541 0
    outer loop
      vertex 13.1934 -1.15271 2.5
      vertex 13.194 -1.15498 3.2
      vertex 13.194 -1.15498 2.5
    endloop
  endfacet
  facet normal 0.966619 0.256219 0
    outer loop
      vertex 13.1934 -1.15271 3.2
      vertex 11.8334 3.97807 2.5
      vertex 11.8334 3.97807 3.2
    endloop
  endfacet
  facet normal 0.966619 0.256219 0
    outer loop
      vertex 11.8334 3.97807 2.5
      vertex 13.1934 -1.15271 3.2
      vertex 13.1934 -1.15271 2.5
    endloop
  endfacet
  facet normal 0.97152 0.236956 0
    outer loop
      vertex 11.8334 3.97807 3.2
      vertex 11.8329 3.98012 2.5
      vertex 11.8329 3.98012 3.2
    endloop
  endfacet
  facet normal 0.97152 0.236956 0
    outer loop
      vertex 11.8329 3.98012 2.5
      vertex 11.8334 3.97807 3.2
      vertex 11.8334 3.97807 2.5
    endloop
  endfacet
  facet normal 0.95758 0.288167 0
    outer loop
      vertex 11.8329 3.98012 3.2
      vertex 11.8216 4.01767 2.5
      vertex 11.8216 4.01767 3.2
    endloop
  endfacet
  facet normal 0.95758 0.288167 0
    outer loop
      vertex 11.8216 4.01767 2.5
      vertex 11.8329 3.98012 3.2
      vertex 11.8329 3.98012 2.5
    endloop
  endfacet
  facet normal 0.936977 0.34939 0
    outer loop
      vertex 11.8216 4.01767 3.2
      vertex 11.8079 4.05441 2.5
      vertex 11.8079 4.05441 3.2
    endloop
  endfacet
  facet normal 0.936977 0.34939 0
    outer loop
      vertex 11.8079 4.05441 2.5
      vertex 11.8216 4.01767 3.2
      vertex 11.8216 4.01767 2.5
    endloop
  endfacet
  facet normal 0.924978 0.38002 0
    outer loop
      vertex 11.8079 4.05441 3.2
      vertex 10.0425 8.35144 2.5
      vertex 10.0425 8.35144 3.2
    endloop
  endfacet
  facet normal 0.924978 0.38002 0
    outer loop
      vertex 10.0425 8.35144 2.5
      vertex 11.8079 4.05441 3.2
      vertex 11.8079 4.05441 2.5
    endloop
  endfacet
  facet normal 0.909048 0.41669 0
    outer loop
      vertex 10.0425 8.35144 3.2
      vertex 10.0224 8.39529 2.5
      vertex 10.0224 8.39529 3.2
    endloop
  endfacet
  facet normal 0.909048 0.41669 0
    outer loop
      vertex 10.0224 8.39529 2.5
      vertex 10.0425 8.35144 3.2
      vertex 10.0425 8.35144 2.5
    endloop
  endfacet
  facet normal 0.872089 0.489347 0
    outer loop
      vertex 10.0224 8.39529 3.2
      vertex 9.99876 8.43742 2.5
      vertex 9.99876 8.43742 3.2
    endloop
  endfacet
  facet normal 0.872089 0.489347 0
    outer loop
      vertex 9.99876 8.43742 2.5
      vertex 10.0224 8.39529 3.2
      vertex 10.0224 8.39529 2.5
    endloop
  endfacet
  facet normal 0.852153 0.523292 0
    outer loop
      vertex 9.99876 8.43742 3.2
      vertex 7.90991 11.839 2.5
      vertex 7.90991 11.839 3.2
    endloop
  endfacet
  facet normal 0.852153 0.523292 0
    outer loop
      vertex 7.90991 11.839 2.5
      vertex 9.99876 8.43742 3.2
      vertex 9.99876 8.43742 2.5
    endloop
  endfacet
  facet normal 0.823958 0.566652 0
    outer loop
      vertex 7.90991 11.839 3.2
      vertex 7.87463 11.8903 2.5
      vertex 7.87463 11.8903 3.2
    endloop
  endfacet
  facet normal 0.823958 0.566652 0
    outer loop
      vertex 7.87463 11.8903 2.5
      vertex 7.90991 11.839 3.2
      vertex 7.90991 11.839 2.5
    endloop
  endfacet
  facet normal 0.76039 0.649466 0
    outer loop
      vertex 7.87463 11.8903 3.2
      vertex 7.83423 11.9376 2.5
      vertex 7.83423 11.9376 3.2
    endloop
  endfacet
  facet normal 0.76039 0.649466 0
    outer loop
      vertex 7.83423 11.9376 2.5
      vertex 7.87463 11.8903 3.2
      vertex 7.87463 11.8903 2.5
    endloop
  endfacet
  facet normal 0.726041 0.687651 0
    outer loop
      vertex 7.83423 11.9376 3.2
      vertex 5.50279 14.3992 2.5
      vertex 5.50279 14.3992 3.2
    endloop
  endfacet
  facet normal 0.726041 0.687651 0
    outer loop
      vertex 5.50279 14.3992 2.5
      vertex 7.83423 11.9376 3.2
      vertex 7.83423 11.9376 2.5
    endloop
  endfacet
  facet normal 0.677207 0.735793 -0
    outer loop
      vertex 5.50279 14.3992 2.5
      vertex 5.44238 14.4548 3.2
      vertex 5.50279 14.3992 3.2
    endloop
  endfacet
  facet normal 0.677207 0.735793 0
    outer loop
      vertex 5.44238 14.4548 3.2
      vertex 5.50279 14.3992 2.5
      vertex 5.44238 14.4548 2.5
    endloop
  endfacet
  facet normal 0.570829 0.821069 -0
    outer loop
      vertex 5.44238 14.4548 2.5
      vertex 5.37492 14.5017 3.2
      vertex 5.44238 14.4548 3.2
    endloop
  endfacet
  facet normal 0.570829 0.821069 0
    outer loop
      vertex 5.37492 14.5017 3.2
      vertex 5.44238 14.4548 2.5
      vertex 5.37492 14.5017 2.5
    endloop
  endfacet
  facet normal 0.512926 0.858433 -0
    outer loop
      vertex 5.37492 14.5017 2.5
      vertex 2.88176 15.9914 3.2
      vertex 5.37492 14.5017 3.2
    endloop
  endfacet
  facet normal 0.512926 0.858433 0
    outer loop
      vertex 2.88176 15.9914 3.2
      vertex 5.37492 14.5017 2.5
      vertex 2.88176 15.9914 2.5
    endloop
  endfacet
  facet normal 0.436415 0.899745 -0
    outer loop
      vertex 2.88176 15.9914 2.5
      vertex 2.78816 16.0368 3.2
      vertex 2.88176 15.9914 3.2
    endloop
  endfacet
  facet normal 0.436415 0.899745 0
    outer loop
      vertex 2.78816 16.0368 3.2
      vertex 2.88176 15.9914 2.5
      vertex 2.78816 16.0368 2.5
    endloop
  endfacet
  facet normal 0.274035 0.96172 -0
    outer loop
      vertex 2.78816 16.0368 2.5
      vertex 2.68814 16.0653 3.2
      vertex 2.78816 16.0368 3.2
    endloop
  endfacet
  facet normal 0.274035 0.96172 0
    outer loop
      vertex 2.68814 16.0653 3.2
      vertex 2.78816 16.0368 2.5
      vertex 2.68814 16.0653 2.5
    endloop
  endfacet
  facet normal 0.190207 0.981744 -0
    outer loop
      vertex 2.68814 16.0653 2.5
      vertex 0.11412 16.564 3.2
      vertex 2.68814 16.0653 3.2
    endloop
  endfacet
  facet normal 0.190207 0.981744 0
    outer loop
      vertex 0.11412 16.564 3.2
      vertex 2.68814 16.0653 2.5
      vertex 0.11412 16.564 2.5
    endloop
  endfacet
  facet normal 0.0959451 0.995387 -0
    outer loop
      vertex 0.11412 16.564 2.5
      vertex 0 16.575 3.2
      vertex 0.11412 16.564 3.2
    endloop
  endfacet
  facet normal 0.0959451 0.995387 0
    outer loop
      vertex 0 16.575 3.2
      vertex 0.11412 16.564 2.5
      vertex 0 16.575 2.5
    endloop
  endfacet
  facet normal -0.0959318 0.995388 0
    outer loop
      vertex 0 16.575 2.5
      vertex -0.114136 16.564 3.2
      vertex 0 16.575 3.2
    endloop
  endfacet
  facet normal -0.0959318 0.995388 0
    outer loop
      vertex -0.114136 16.564 3.2
      vertex 0 16.575 2.5
      vertex -0.114136 16.564 2.5
    endloop
  endfacet
  facet normal -0.190208 0.981744 0
    outer loop
      vertex -0.114136 16.564 2.5
      vertex -2.68814 16.0653 3.2
      vertex -0.114136 16.564 3.2
    endloop
  endfacet
  facet normal -0.190208 0.981744 0
    outer loop
      vertex -2.68814 16.0653 3.2
      vertex -0.114136 16.564 2.5
      vertex -2.68814 16.0653 2.5
    endloop
  endfacet
  facet normal -0.274035 0.96172 0
    outer loop
      vertex -2.68814 16.0653 2.5
      vertex -2.78816 16.0368 3.2
      vertex -2.68814 16.0653 3.2
    endloop
  endfacet
  facet normal -0.274035 0.96172 0
    outer loop
      vertex -2.78816 16.0368 3.2
      vertex -2.68814 16.0653 2.5
      vertex -2.78816 16.0368 2.5
    endloop
  endfacet
  facet normal -0.437079 0.899423 0
    outer loop
      vertex -2.78816 16.0368 2.5
      vertex -2.88179 15.9913 3.2
      vertex -2.78816 16.0368 3.2
    endloop
  endfacet
  facet normal -0.437079 0.899423 0
    outer loop
      vertex -2.88179 15.9913 3.2
      vertex -2.78816 16.0368 2.5
      vertex -2.88179 15.9913 2.5
    endloop
  endfacet
  facet normal -0.512905 0.858445 0
    outer loop
      vertex -2.88179 15.9913 2.5
      vertex -5.37492 14.5017 3.2
      vertex -2.88179 15.9913 3.2
    endloop
  endfacet
  facet normal -0.512905 0.858445 0
    outer loop
      vertex -5.37492 14.5017 3.2
      vertex -2.88179 15.9913 2.5
      vertex -5.37492 14.5017 2.5
    endloop
  endfacet
  facet normal -0.570829 0.821069 0
    outer loop
      vertex -5.37492 14.5017 2.5
      vertex -5.44238 14.4548 3.2
      vertex -5.37492 14.5017 3.2
    endloop
  endfacet
  facet normal -0.570829 0.821069 0
    outer loop
      vertex -5.44238 14.4548 3.2
      vertex -5.37492 14.5017 2.5
      vertex -5.44238 14.4548 2.5
    endloop
  endfacet
  facet normal -0.677086 0.735904 0
    outer loop
      vertex -5.44238 14.4548 2.5
      vertex -5.50281 14.3992 3.2
      vertex -5.44238 14.4548 3.2
    endloop
  endfacet
  facet normal -0.677086 0.735904 0
    outer loop
      vertex -5.50281 14.3992 3.2
      vertex -5.44238 14.4548 2.5
      vertex -5.50281 14.3992 2.5
    endloop
  endfacet
  facet normal -0.726044 0.687648 0
    outer loop
      vertex -7.83423 11.9376 2.5
      vertex -5.50281 14.3992 3.2
      vertex -5.50281 14.3992 2.5
    endloop
  endfacet
  facet normal -0.726044 0.687648 0
    outer loop
      vertex -5.50281 14.3992 3.2
      vertex -7.83423 11.9376 2.5
      vertex -7.83423 11.9376 3.2
    endloop
  endfacet
  facet normal -0.76039 0.649466 0
    outer loop
      vertex -7.87463 11.8903 2.5
      vertex -7.83423 11.9376 3.2
      vertex -7.83423 11.9376 2.5
    endloop
  endfacet
  facet normal -0.76039 0.649466 0
    outer loop
      vertex -7.83423 11.9376 3.2
      vertex -7.87463 11.8903 2.5
      vertex -7.87463 11.8903 3.2
    endloop
  endfacet
  facet normal -0.823958 0.566652 0
    outer loop
      vertex -7.90991 11.839 2.5
      vertex -7.87463 11.8903 3.2
      vertex -7.87463 11.8903 2.5
    endloop
  endfacet
  facet normal -0.823958 0.566652 0
    outer loop
      vertex -7.87463 11.8903 3.2
      vertex -7.90991 11.839 2.5
      vertex -7.90991 11.839 3.2
    endloop
  endfacet
  facet normal -0.852153 0.523293 0
    outer loop
      vertex -9.99878 8.43739 2.5
      vertex -7.90991 11.839 3.2
      vertex -7.90991 11.839 2.5
    endloop
  endfacet
  facet normal -0.852153 0.523293 0
    outer loop
      vertex -7.90991 11.839 3.2
      vertex -9.99878 8.43739 2.5
      vertex -9.99878 8.43739 3.2
    endloop
  endfacet
  facet normal -0.872117 0.489297 0
    outer loop
      vertex -10.0224 8.39529 2.5
      vertex -9.99878 8.43739 3.2
      vertex -9.99878 8.43739 2.5
    endloop
  endfacet
  facet normal -0.872117 0.489297 0
    outer loop
      vertex -9.99878 8.43739 3.2
      vertex -10.0224 8.39529 2.5
      vertex -10.0224 8.39529 3.2
    endloop
  endfacet
  facet normal -0.909084 0.416612 0
    outer loop
      vertex -10.0425 8.35143 2.5
      vertex -10.0224 8.39529 3.2
      vertex -10.0224 8.39529 2.5
    endloop
  endfacet
  facet normal -0.909084 0.416612 0
    outer loop
      vertex -10.0224 8.39529 3.2
      vertex -10.0425 8.35143 2.5
      vertex -10.0425 8.35143 3.2
    endloop
  endfacet
  facet normal -0.924978 0.380021 0
    outer loop
      vertex -11.8079 4.05441 2.5
      vertex -10.0425 8.35143 3.2
      vertex -10.0425 8.35143 2.5
    endloop
  endfacet
  facet normal -0.924978 0.380021 0
    outer loop
      vertex -10.0425 8.35143 3.2
      vertex -11.8079 4.05441 2.5
      vertex -11.8079 4.05441 3.2
    endloop
  endfacet
  facet normal -0.936977 0.34939 0
    outer loop
      vertex -11.8216 4.01767 2.5
      vertex -11.8079 4.05441 3.2
      vertex -11.8079 4.05441 2.5
    endloop
  endfacet
  facet normal -0.936977 0.34939 0
    outer loop
      vertex -11.8079 4.05441 3.2
      vertex -11.8216 4.01767 2.5
      vertex -11.8216 4.01767 3.2
    endloop
  endfacet
  facet normal -0.957623 0.288026 0
    outer loop
      vertex -11.8329 3.9801 2.5
      vertex -11.8216 4.01767 3.2
      vertex -11.8216 4.01767 2.5
    endloop
  endfacet
  facet normal -0.957623 0.288026 0
    outer loop
      vertex -11.8216 4.01767 3.2
      vertex -11.8329 3.9801 2.5
      vertex -11.8329 3.9801 3.2
    endloop
  endfacet
  facet normal -0.966621 0.256212 0
    outer loop
      vertex -13.194 -1.15498 2.5
      vertex -11.8329 3.9801 3.2
      vertex -11.8329 3.9801 2.5
    endloop
  endfacet
  facet normal -0.966621 0.256212 0
    outer loop
      vertex -11.8329 3.9801 3.2
      vertex -13.194 -1.15498 2.5
      vertex -13.194 -1.15498 3.2
    endloop
  endfacet
  facet normal -0.973284 0.229604 0
    outer loop
      vertex -13.2017 -1.18762 2.5
      vertex -13.194 -1.15498 3.2
      vertex -13.194 -1.15498 2.5
    endloop
  endfacet
  facet normal -0.973284 0.229604 0
    outer loop
      vertex -13.194 -1.15498 3.2
      vertex -13.2017 -1.18762 2.5
      vertex -13.2017 -1.18762 3.2
    endloop
  endfacet
  facet normal -0.984409 0.175894 0
    outer loop
      vertex -13.2076 -1.22064 2.5
      vertex -13.2017 -1.18762 3.2
      vertex -13.2017 -1.18762 2.5
    endloop
  endfacet
  facet normal -0.984409 0.175894 0
    outer loop
      vertex -13.2017 -1.18762 3.2
      vertex -13.2076 -1.22064 2.5
      vertex -13.2076 -1.22064 3.2
    endloop
  endfacet
  facet normal -0.98917 0.146773 0
    outer loop
      vertex -14.0835 -7.12372 2.5
      vertex -13.2076 -1.22064 3.2
      vertex -13.2076 -1.22064 2.5
    endloop
  endfacet
  facet normal -0.98917 0.146773 0
    outer loop
      vertex -13.2076 -1.22064 3.2
      vertex -14.0835 -7.12372 2.5
      vertex -14.0835 -7.12372 3.2
    endloop
  endfacet
  facet normal -0.99241 0.122971 0
    outer loop
      vertex -14.0872 -7.15358 2.5
      vertex -14.0835 -7.12372 3.2
      vertex -14.0835 -7.12372 2.5
    endloop
  endfacet
  facet normal -0.99241 0.122971 0
    outer loop
      vertex -14.0835 -7.12372 3.2
      vertex -14.0872 -7.15358 2.5
      vertex -14.0872 -7.15358 3.2
    endloop
  endfacet
  facet normal -0.997324 0.0731127 0
    outer loop
      vertex -14.0894 -7.18359 2.5
      vertex -14.0872 -7.15358 3.2
      vertex -14.0872 -7.15358 2.5
    endloop
  endfacet
  facet normal -0.997324 0.0731127 0
    outer loop
      vertex -14.0872 -7.15358 3.2
      vertex -14.0894 -7.18359 2.5
      vertex -14.0894 -7.18359 3.2
    endloop
  endfacet
  facet normal -0.999557 0.0297487 0
    outer loop
      vertex -14.0895 -7.18695 2.5
      vertex -14.0894 -7.18359 3.2
      vertex -14.0894 -7.18359 2.5
    endloop
  endfacet
  facet normal -0.999557 0.0297487 0
    outer loop
      vertex -14.0894 -7.18359 3.2
      vertex -14.0895 -7.18695 2.5
      vertex -14.0895 -7.18695 3.2
    endloop
  endfacet
  facet normal -0.998895 0.0469954 0
    outer loop
      vertex -14.3993 -13.7718 2.5
      vertex -14.0895 -7.18695 3.2
      vertex -14.0895 -7.18695 2.5
    endloop
  endfacet
  facet normal -0.998895 0.0469954 0
    outer loop
      vertex -14.0895 -7.18695 3.2
      vertex -14.3993 -13.7718 2.5
      vertex -14.3993 -13.7718 3.2
    endloop
  endfacet
  facet normal -0.998351 -0.0574131 0
    outer loop
      vertex -14.3921 -13.897 2.5
      vertex -14.3993 -13.7718 3.2
      vertex -14.3993 -13.7718 2.5
    endloop
  endfacet
  facet normal -0.998351 -0.0574131 0
    outer loop
      vertex -14.3993 -13.7718 3.2
      vertex -14.3921 -13.897 2.5
      vertex -14.3921 -13.897 3.2
    endloop
  endfacet
  facet normal -0.964561 -0.263859 0
    outer loop
      vertex -14.359 -14.018 2.5
      vertex -14.3921 -13.897 3.2
      vertex -14.3921 -13.897 2.5
    endloop
  endfacet
  facet normal -0.964561 -0.263859 0
    outer loop
      vertex -14.3921 -13.897 3.2
      vertex -14.359 -14.018 2.5
      vertex -14.359 -14.018 3.2
    endloop
  endfacet
  facet normal -0.888453 -0.458968 0
    outer loop
      vertex -14.3014 -14.1295 2.5
      vertex -14.359 -14.018 3.2
      vertex -14.359 -14.018 2.5
    endloop
  endfacet
  facet normal -0.888453 -0.458968 0
    outer loop
      vertex -14.359 -14.018 3.2
      vertex -14.3014 -14.1295 2.5
      vertex -14.3014 -14.1295 3.2
    endloop
  endfacet
  facet normal -0.773815 -0.633412 0
    outer loop
      vertex -14.222 -14.2265 2.5
      vertex -14.3014 -14.1295 3.2
      vertex -14.3014 -14.1295 2.5
    endloop
  endfacet
  facet normal -0.773815 -0.633412 0
    outer loop
      vertex -14.3014 -14.1295 3.2
      vertex -14.222 -14.2265 2.5
      vertex -14.222 -14.2265 3.2
    endloop
  endfacet
  facet normal -0.625084 -0.780558 0
    outer loop
      vertex -14.222 -14.2265 2.5
      vertex -14.1241 -14.3049 3.2
      vertex -14.222 -14.2265 3.2
    endloop
  endfacet
  facet normal -0.625084 -0.780558 -0
    outer loop
      vertex -14.1241 -14.3049 3.2
      vertex -14.222 -14.2265 2.5
      vertex -14.1241 -14.3049 2.5
    endloop
  endfacet
  facet normal -0.449443 -0.893309 0
    outer loop
      vertex -14.1241 -14.3049 2.5
      vertex -14.012 -14.3613 3.2
      vertex -14.1241 -14.3049 3.2
    endloop
  endfacet
  facet normal -0.449443 -0.893309 -0
    outer loop
      vertex -14.012 -14.3613 3.2
      vertex -14.1241 -14.3049 2.5
      vertex -14.012 -14.3613 2.5
    endloop
  endfacet
  facet normal -0.25359 -0.967312 0
    outer loop
      vertex -14.012 -14.3613 2.5
      vertex -13.8907 -14.3931 3.2
      vertex -14.012 -14.3613 3.2
    endloop
  endfacet
  facet normal -0.25359 -0.967312 -0
    outer loop
      vertex -13.8907 -14.3931 3.2
      vertex -14.012 -14.3613 2.5
      vertex -13.8907 -14.3931 2.5
    endloop
  endfacet
  facet normal -0.0470349 -0.998893 0
    outer loop
      vertex -13.8907 -14.3931 2.5
      vertex -13.7654 -14.399 3.2
      vertex -13.8907 -14.3931 3.2
    endloop
  endfacet
  facet normal -0.0470349 -0.998893 -0
    outer loop
      vertex -13.7654 -14.399 3.2
      vertex -13.8907 -14.3931 2.5
      vertex -13.7654 -14.399 2.5
    endloop
  endfacet
  facet normal 0.161813 -0.986821 0
    outer loop
      vertex -13.7654 -14.399 2.5
      vertex -13.6416 -14.3787 3.2
      vertex -13.7654 -14.399 3.2
    endloop
  endfacet
  facet normal 0.161813 -0.986821 0
    outer loop
      vertex -13.6416 -14.3787 3.2
      vertex -13.7654 -14.399 2.5
      vertex -13.6416 -14.3787 2.5
    endloop
  endfacet
  facet normal 0.363408 -0.93163 0
    outer loop
      vertex -13.6416 -14.3787 2.5
      vertex -13.5247 -14.3331 3.2
      vertex -13.6416 -14.3787 3.2
    endloop
  endfacet
  facet normal 0.363408 -0.93163 0
    outer loop
      vertex -13.5247 -14.3331 3.2
      vertex -13.6416 -14.3787 2.5
      vertex -13.5247 -14.3331 2.5
    endloop
  endfacet
  facet normal 0.548796 -0.835956 0
    outer loop
      vertex -13.5247 -14.3331 2.5
      vertex -13.4199 -14.2643 3.2
      vertex -13.5247 -14.3331 3.2
    endloop
  endfacet
  facet normal 0.548796 -0.835956 0
    outer loop
      vertex -13.4199 -14.2643 3.2
      vertex -13.5247 -14.3331 2.5
      vertex -13.4199 -14.2643 2.5
    endloop
  endfacet
  facet normal 0.711081 -0.70311 0
    outer loop
      vertex -13.4199 -14.2643 3.2
      vertex -13.3317 -14.1751 2.5
      vertex -13.3317 -14.1751 3.2
    endloop
  endfacet
  facet normal 0.711081 -0.70311 0
    outer loop
      vertex -13.3317 -14.1751 2.5
      vertex -13.4199 -14.2643 3.2
      vertex -13.4199 -14.2643 2.5
    endloop
  endfacet
  facet normal 0.841489 -0.540274 0
    outer loop
      vertex -13.3317 -14.1751 3.2
      vertex -13.2639 -14.0695 2.5
      vertex -13.2639 -14.0695 3.2
    endloop
  endfacet
  facet normal 0.841489 -0.540274 0
    outer loop
      vertex -13.2639 -14.0695 2.5
      vertex -13.3317 -14.1751 3.2
      vertex -13.3317 -14.1751 2.5
    endloop
  endfacet
  facet normal 0.935507 -0.353308 0
    outer loop
      vertex -13.2639 -14.0695 3.2
      vertex -13.2196 -13.9522 2.5
      vertex -13.2196 -13.9522 3.2
    endloop
  endfacet
  facet normal 0.935507 -0.353308 0
    outer loop
      vertex -13.2196 -13.9522 2.5
      vertex -13.2639 -14.0695 3.2
      vertex -13.2639 -14.0695 2.5
    endloop
  endfacet
  facet normal 0.988583 -0.150679 0
    outer loop
      vertex -13.2196 -13.9522 3.2
      vertex -13.2007 -13.8282 2.5
      vertex -13.2007 -13.8282 3.2
    endloop
  endfacet
  facet normal 0.988583 -0.150679 0
    outer loop
      vertex -13.2007 -13.8282 2.5
      vertex -13.2196 -13.9522 3.2
      vertex -13.2196 -13.9522 2.5
    endloop
  endfacet
  facet normal 0.998895 -0.0470033 0
    outer loop
      vertex -13.2007 -13.8282 3.2
      vertex -12.8921 -7.26996 2.5
      vertex -12.8921 -7.26996 3.2
    endloop
  endfacet
  facet normal 0.998895 -0.0470033 0
    outer loop
      vertex -12.8921 -7.26996 2.5
      vertex -13.2007 -13.8282 3.2
      vertex -13.2007 -13.8282 2.5
    endloop
  endfacet
  facet normal 0.989169 -0.146781 0
    outer loop
      vertex -12.8921 -7.26996 3.2
      vertex -12.0255 -1.42987 2.5
      vertex -12.0255 -1.42987 3.2
    endloop
  endfacet
  facet normal 0.989169 -0.146781 0
    outer loop
      vertex -12.0255 -1.42987 2.5
      vertex -12.8921 -7.26996 3.2
      vertex -12.8921 -7.26996 2.5
    endloop
  endfacet
  facet normal 0.966617 -0.256225 0
    outer loop
      vertex -12.0255 -1.42987 3.2
      vertex -10.683 3.63475 2.5
      vertex -10.683 3.63475 3.2
    endloop
  endfacet
  facet normal 0.966617 -0.256225 0
    outer loop
      vertex -10.683 3.63475 2.5
      vertex -12.0255 -1.42987 3.2
      vertex -12.0255 -1.42987 2.5
    endloop
  endfacet
  facet normal 0.924979 -0.380019 0
    outer loop
      vertex -10.683 3.63475 3.2
      vertex -8.95093 7.85066 2.5
      vertex -8.95093 7.85066 3.2
    endloop
  endfacet
  facet normal 0.924979 -0.380019 0
    outer loop
      vertex -8.95093 7.85066 2.5
      vertex -10.683 3.63475 3.2
      vertex -10.683 3.63475 2.5
    endloop
  endfacet
  facet normal 0.852148 -0.5233 0
    outer loop
      vertex -8.95093 7.85066 3.2
      vertex -6.91997 11.1579 2.5
      vertex -6.91997 11.1579 3.2
    endloop
  endfacet
  facet normal 0.852148 -0.5233 0
    outer loop
      vertex -6.91997 11.1579 2.5
      vertex -8.95093 7.85066 3.2
      vertex -8.95093 7.85066 2.5
    endloop
  endfacet
  facet normal 0.726038 -0.687655 0
    outer loop
      vertex -6.91997 11.1579 3.2
      vertex -4.68843 13.514 2.5
      vertex -4.68843 13.514 3.2
    endloop
  endfacet
  facet normal 0.726038 -0.687655 0
    outer loop
      vertex -4.68843 13.514 2.5
      vertex -6.91997 11.1579 3.2
      vertex -6.91997 11.1579 2.5
    endloop
  endfacet
  facet normal 0.512922 -0.858435 0
    outer loop
      vertex -4.68843 13.514 2.5
      vertex -2.35658 14.9073 3.2
      vertex -4.68843 13.514 3.2
    endloop
  endfacet
  facet normal 0.512922 -0.858435 0
    outer loop
      vertex -2.35658 14.9073 3.2
      vertex -4.68843 13.514 2.5
      vertex -2.35658 14.9073 2.5
    endloop
  endfacet
  facet normal 0.190178 -0.98175 0
    outer loop
      vertex -2.35658 14.9073 2.5
      vertex 0 15.3638 3.2
      vertex -2.35658 14.9073 3.2
    endloop
  endfacet
  facet normal 0.190178 -0.98175 0
    outer loop
      vertex 0 15.3638 3.2
      vertex -2.35658 14.9073 2.5
      vertex 0 15.3638 2.5
    endloop
  endfacet
  facet normal -0.190174 -0.98175 0
    outer loop
      vertex 0 15.3638 2.5
      vertex 2.35663 14.9073 3.2
      vertex 0 15.3638 3.2
    endloop
  endfacet
  facet normal -0.190174 -0.98175 -0
    outer loop
      vertex 2.35663 14.9073 3.2
      vertex 0 15.3638 2.5
      vertex 2.35663 14.9073 2.5
    endloop
  endfacet
  facet normal -0.512922 -0.858435 0
    outer loop
      vertex 2.35663 14.9073 2.5
      vertex 4.68848 13.514 3.2
      vertex 2.35663 14.9073 3.2
    endloop
  endfacet
  facet normal -0.512922 -0.858435 -0
    outer loop
      vertex 4.68848 13.514 3.2
      vertex 2.35663 14.9073 2.5
      vertex 4.68848 13.514 2.5
    endloop
  endfacet
  facet normal -0.72605 -0.687642 0
    outer loop
      vertex 6.92004 11.1578 2.5
      vertex 4.68848 13.514 3.2
      vertex 4.68848 13.514 2.5
    endloop
  endfacet
  facet normal -0.72605 -0.687642 0
    outer loop
      vertex 4.68848 13.514 3.2
      vertex 6.92004 11.1578 2.5
      vertex 6.92004 11.1578 3.2
    endloop
  endfacet
  facet normal -0.852152 -0.523295 0
    outer loop
      vertex 8.95093 7.85063 2.5
      vertex 6.92004 11.1578 3.2
      vertex 6.92004 11.1578 2.5
    endloop
  endfacet
  facet normal -0.852152 -0.523295 0
    outer loop
      vertex 6.92004 11.1578 3.2
      vertex 8.95093 7.85063 2.5
      vertex 8.95093 7.85063 3.2
    endloop
  endfacet
  facet normal -0.924979 -0.380019 0
    outer loop
      vertex 10.683 3.63472 2.5
      vertex 8.95093 7.85063 3.2
      vertex 8.95093 7.85063 2.5
    endloop
  endfacet
  facet normal -0.924979 -0.380019 0
    outer loop
      vertex 8.95093 7.85063 3.2
      vertex 10.683 3.63472 2.5
      vertex 10.683 3.63472 3.2
    endloop
  endfacet
  facet normal -0.96662 -0.256214 0
    outer loop
      vertex 12.0255 -1.43013 2.5
      vertex 10.683 3.63472 3.2
      vertex 10.683 3.63472 2.5
    endloop
  endfacet
  facet normal -0.96662 -0.256214 0
    outer loop
      vertex 10.683 3.63472 3.2
      vertex 12.0255 -1.43013 2.5
      vertex 12.0255 -1.43013 3.2
    endloop
  endfacet
  facet normal -0.989169 -0.14678 0
    outer loop
      vertex 12.8921 -7.27026 2.5
      vertex 12.0255 -1.43013 3.2
      vertex 12.0255 -1.43013 2.5
    endloop
  endfacet
  facet normal -0.989169 -0.14678 0
    outer loop
      vertex 12.0255 -1.43013 3.2
      vertex 12.8921 -7.27026 2.5
      vertex 12.8921 -7.27026 3.2
    endloop
  endfacet
  facet normal -0.998895 -0.0470069 0
    outer loop
      vertex 13.2007 -13.828 2.5
      vertex 12.8921 -7.27026 3.2
      vertex 12.8921 -7.27026 2.5
    endloop
  endfacet
  facet normal -0.998895 -0.0470069 0
    outer loop
      vertex 12.8921 -7.27026 3.2
      vertex 13.2007 -13.828 2.5
      vertex 13.2007 -13.828 3.2
    endloop
  endfacet
  facet normal -1 0 0
    outer loop
      vertex 13.2007 -13.8282 2.5
      vertex 13.2007 -13.828 3.2
      vertex 13.2007 -13.828 2.5
    endloop
  endfacet
  facet normal -1 -0 0
    outer loop
      vertex 13.2007 -13.828 3.2
      vertex 13.2007 -13.8282 2.5
      vertex 13.2007 -13.8282 3.2
    endloop
  endfacet
  facet normal -0.988583 -0.150679 0
    outer loop
      vertex 13.2196 -13.9522 2.5
      vertex 13.2007 -13.8282 3.2
      vertex 13.2007 -13.8282 2.5
    endloop
  endfacet
  facet normal -0.988583 -0.150679 0
    outer loop
      vertex 13.2007 -13.8282 3.2
      vertex 13.2196 -13.9522 2.5
      vertex 13.2196 -13.9522 3.2
    endloop
  endfacet
  facet normal -0.935507 -0.353308 0
    outer loop
      vertex 13.2639 -14.0695 2.5
      vertex 13.2196 -13.9522 3.2
      vertex 13.2196 -13.9522 2.5
    endloop
  endfacet
  facet normal -0.935507 -0.353308 0
    outer loop
      vertex 13.2196 -13.9522 3.2
      vertex 13.2639 -14.0695 2.5
      vertex 13.2639 -14.0695 3.2
    endloop
  endfacet
  facet normal -0.841489 -0.540274 0
    outer loop
      vertex 13.3317 -14.1751 2.5
      vertex 13.2639 -14.0695 3.2
      vertex 13.2639 -14.0695 2.5
    endloop
  endfacet
  facet normal -0.841489 -0.540274 0
    outer loop
      vertex 13.2639 -14.0695 3.2
      vertex 13.3317 -14.1751 2.5
      vertex 13.3317 -14.1751 3.2
    endloop
  endfacet
  facet normal -0.711081 -0.70311 0
    outer loop
      vertex 13.4199 -14.2643 2.5
      vertex 13.3317 -14.1751 3.2
      vertex 13.3317 -14.1751 2.5
    endloop
  endfacet
  facet normal -0.711081 -0.70311 0
    outer loop
      vertex 13.3317 -14.1751 3.2
      vertex 13.4199 -14.2643 2.5
      vertex 13.4199 -14.2643 3.2
    endloop
  endfacet
  facet normal -0.548796 -0.835956 0
    outer loop
      vertex 13.4199 -14.2643 2.5
      vertex 13.5247 -14.3331 3.2
      vertex 13.4199 -14.2643 3.2
    endloop
  endfacet
  facet normal -0.548796 -0.835956 -0
    outer loop
      vertex 13.5247 -14.3331 3.2
      vertex 13.4199 -14.2643 2.5
      vertex 13.5247 -14.3331 2.5
    endloop
  endfacet
  facet normal -0.363408 -0.93163 0
    outer loop
      vertex 13.5247 -14.3331 2.5
      vertex 13.6416 -14.3787 3.2
      vertex 13.5247 -14.3331 3.2
    endloop
  endfacet
  facet normal -0.363408 -0.93163 -0
    outer loop
      vertex 13.6416 -14.3787 3.2
      vertex 13.5247 -14.3331 2.5
      vertex 13.6416 -14.3787 2.5
    endloop
  endfacet
  facet normal -0.161813 -0.986821 0
    outer loop
      vertex 13.6416 -14.3787 2.5
      vertex 13.7654 -14.399 3.2
      vertex 13.6416 -14.3787 3.2
    endloop
  endfacet
  facet normal -0.161813 -0.986821 -0
    outer loop
      vertex 13.7654 -14.399 3.2
      vertex 13.6416 -14.3787 2.5
      vertex 13.7654 -14.399 2.5
    endloop
  endfacet
  facet normal 0.0470349 -0.998893 0
    outer loop
      vertex 13.7654 -14.399 2.5
      vertex 13.8907 -14.3931 3.2
      vertex 13.7654 -14.399 3.2
    endloop
  endfacet
  facet normal 0.0470349 -0.998893 0
    outer loop
      vertex 13.8907 -14.3931 3.2
      vertex 13.7654 -14.399 2.5
      vertex 13.8907 -14.3931 2.5
    endloop
  endfacet
  facet normal -0.18507 0.982725 0
    outer loop
      vertex 0 16.875 -2.5
      vertex -2.79785 16.3481 2.5
      vertex 0 16.875 2.5
    endloop
  endfacet
  facet normal -0.18507 0.982725 0
    outer loop
      vertex -2.79785 16.3481 2.5
      vertex 0 16.875 -2.5
      vertex -2.79785 16.3481 -2.5
    endloop
  endfacet
  facet normal -0.502535 0.864557 0
    outer loop
      vertex -2.79785 16.3481 -2.5
      vertex -5.50781 14.7729 2.5
      vertex -2.79785 16.3481 2.5
    endloop
  endfacet
  facet normal -0.502535 0.864557 0
    outer loop
      vertex -5.50781 14.7729 2.5
      vertex -2.79785 16.3481 -2.5
      vertex -5.50781 14.7729 -2.5
    endloop
  endfacet
  facet normal -0.846579 0.532263 0
    outer loop
      vertex -10.3125 8.55469 -2.5
      vertex -8.04199 12.166 2.5
      vertex -8.04199 12.166 -2.5
    endloop
  endfacet
  facet normal -0.846579 0.532263 0
    outer loop
      vertex -8.04199 12.166 2.5
      vertex -10.3125 8.55469 -2.5
      vertex -10.3125 8.55469 2.5
    endloop
  endfacet
  facet normal 0.18507 0.982725 -0
    outer loop
      vertex 2.79785 16.3481 -2.5
      vertex 0 16.875 2.5
      vertex 2.79785 16.3481 2.5
    endloop
  endfacet
  facet normal 0.18507 0.982725 0
    outer loop
      vertex 0 16.875 2.5
      vertex 2.79785 16.3481 -2.5
      vertex 0 16.875 -2.5
    endloop
  endfacet
  facet normal -0.717037 0.697035 0
    outer loop
      vertex -8.04199 12.166 -2.5
      vertex -5.50781 14.7729 2.5
      vertex -5.50781 14.7729 -2.5
    endloop
  endfacet
  facet normal -0.717037 0.697035 0
    outer loop
      vertex -5.50781 14.7729 2.5
      vertex -8.04199 12.166 -2.5
      vertex -8.04199 12.166 2.5
    endloop
  endfacet
  facet normal -0.998887 0.0471703 0
    outer loop
      vertex -15 -15 -2.5
      vertex -14.6631 -7.86575 2.5
      vertex -14.6631 -7.86575 -2.5
    endloop
  endfacet
  facet normal -0.998887 0.0471703 0
    outer loop
      vertex -14.6631 -7.86575 2.5
      vertex -15 -15 -2.5
      vertex -15 -15 2.5
    endloop
  endfacet
  facet normal 0 -1 0
    outer loop
      vertex -15 -15 -2.5
      vertex 15 -15 2.5
      vertex -15 -15 2.5
    endloop
  endfacet
  facet normal 0 -1 -0
    outer loop
      vertex 15 -15 2.5
      vertex -15 -15 -2.5
      vertex 15 -15 -2.5
    endloop
  endfacet
  facet normal -0.922235 0.38663 0
    outer loop
      vertex -12.2314 3.97751 -2.5
      vertex -10.3125 8.55469 2.5
      vertex -10.3125 8.55469 -2.5
    endloop
  endfacet
  facet normal -0.922235 0.38663 0
    outer loop
      vertex -10.3125 8.55469 2.5
      vertex -12.2314 3.97751 -2.5
      vertex -12.2314 3.97751 2.5
    endloop
  endfacet
  facet normal -0.988942 0.148303 0
    outer loop
      vertex -14.6631 -7.86575 -2.5
      vertex -13.7109 -1.51611 2.5
      vertex -13.7109 -1.51611 -2.5
    endloop
  endfacet
  facet normal -0.988942 0.148303 0
    outer loop
      vertex -13.7109 -1.51611 2.5
      vertex -14.6631 -7.86575 -2.5
      vertex -14.6631 -7.86575 2.5
    endloop
  endfacet
  facet normal 0.965596 0.260047 0
    outer loop
      vertex 13.7109 -1.51611 2.5
      vertex 12.2314 3.97751 -2.5
      vertex 12.2314 3.97751 2.5
    endloop
  endfacet
  facet normal 0.965596 0.260047 0
    outer loop
      vertex 12.2314 3.97751 -2.5
      vertex 13.7109 -1.51611 2.5
      vertex 13.7109 -1.51611 -2.5
    endloop
  endfacet
  facet normal 0.988942 0.148303 0
    outer loop
      vertex 14.6631 -7.86575 2.5
      vertex 13.7109 -1.51611 -2.5
      vertex 13.7109 -1.51611 2.5
    endloop
  endfacet
  facet normal 0.988942 0.148303 0
    outer loop
      vertex 13.7109 -1.51611 -2.5
      vertex 14.6631 -7.86575 2.5
      vertex 14.6631 -7.86575 -2.5
    endloop
  endfacet
  facet normal -0.965596 0.260047 0
    outer loop
      vertex -13.7109 -1.51611 -2.5
      vertex -12.2314 3.97751 2.5
      vertex -12.2314 3.97751 -2.5
    endloop
  endfacet
  facet normal -0.965596 0.260047 0
    outer loop
      vertex -12.2314 3.97751 2.5
      vertex -13.7109 -1.51611 -2.5
      vertex -13.7109 -1.51611 2.5
    endloop
  endfacet
  facet normal 0.998887 0.0471703 0
    outer loop
      vertex 15 -15 2.5
      vertex 14.6631 -7.86575 -2.5
      vertex 14.6631 -7.86575 2.5
    endloop
  endfacet
  facet normal 0.998887 0.0471703 0
    outer loop
      vertex 14.6631 -7.86575 -2.5
      vertex 15 -15 2.5
      vertex 15 -15 -2.5
    endloop
  endfacet
  facet normal -0 0 -1
    outer loop
      vertex 4.32027 -0.386755 -2.5
      vertex 2.56785 -0.834346 -2.5
      vertex 2.68521 -0.282227 -2.5
    endloop
  endfacet
  facet normal 0 0 -1
    outer loop
      vertex 4.79571 -1.85 -2.5
      vertex 2.33827 -1.35 -2.5
      vertex 2.56785 -0.834346 -2.5
    endloop
  endfacet
  facet normal 0 0 -1
    outer loop
      vertex 4.79571 -1.85 -2.5
      vertex 2.00649 -1.80665 -2.5
      vertex 2.33827 -1.35 -2.5
    endloop
  endfacet
  facet normal 0 0 -1
    outer loop
      vertex 1.91166 -4.70634 -2.5
      vertex 2.00649 -1.80665 -2.5
      vertex 2.76259 -5.19762 -2.5
    endloop
  endfacet
  facet normal 0 0 -1
    outer loop
      vertex 1.91166 -4.70634 -2.5
      vertex 1.58702 -2.18435 -2.5
      vertex 2.00649 -1.80665 -2.5
    endloop
  endfacet
  facet normal 0 0 -1
    outer loop
      vertex 1.91166 -4.70634 -2.5
      vertex 1.09819 -2.46657 -2.5
      vertex 1.58702 -2.18435 -2.5
    endloop
  endfacet
  facet normal 0 0 -1
    outer loop
      vertex 0.977184 -4.40271 -2.5
      vertex 1.09819 -2.46657 -2.5
      vertex 1.91166 -4.70634 -2.5
    endloop
  endfacet
  facet normal 0 0 -1
    outer loop
      vertex 0.977184 -4.40271 -2.5
      vertex 0.561361 -2.641 -2.5
      vertex 1.09819 -2.46657 -2.5
    endloop
  endfacet
  facet normal 0 0 -1
    outer loop
      vertex 0 -4.3 -2.5
      vertex 0.561361 -2.641 -2.5
      vertex 0.977184 -4.40271 -2.5
    endloop
  endfacet
  facet normal 0 0 -1
    outer loop
      vertex 0 -4.3 -2.5
      vertex 0 -2.7 -2.5
      vertex 0.561361 -2.641 -2.5
    endloop
  endfacet
  facet normal 0 0 -1
    outer loop
      vertex 0 -4.3 -2.5
      vertex -0.561361 -2.641 -2.5
      vertex 0 -2.7 -2.5
    endloop
  endfacet
  facet normal 0 0 -1
    outer loop
      vertex -0.977184 -4.40271 -2.5
      vertex -0.561361 -2.641 -2.5
      vertex 0 -4.3 -2.5
    endloop
  endfacet
  facet normal 0 0 -1
    outer loop
      vertex -0.977184 -4.40271 -2.5
      vertex -1.09819 -2.46657 -2.5
      vertex -0.561361 -2.641 -2.5
    endloop
  endfacet
  facet normal 0 0 -1
    outer loop
      vertex -1.91166 -4.70634 -2.5
      vertex -1.09819 -2.46657 -2.5
      vertex -0.977184 -4.40271 -2.5
    endloop
  endfacet
  facet normal -0 0 -1
    outer loop
      vertex -1.09819 -2.46657 -2.5
      vertex -1.91166 -4.70634 -2.5
      vertex -1.58702 -2.18435 -2.5
    endloop
  endfacet
  facet normal 0 0 -1
    outer loop
      vertex -1.91166 -4.70634 -2.5
      vertex -2.00649 -1.80665 -2.5
      vertex -1.58702 -2.18435 -2.5
    endloop
  endfacet
  facet normal 0 0 -1
    outer loop
      vertex -2.76259 -5.19762 -2.5
      vertex -2.00649 -1.80665 -2.5
      vertex -1.91166 -4.70634 -2.5
    endloop
  endfacet
  facet normal 0 0 -1
    outer loop
      vertex -2.00649 -1.80665 -2.5
      vertex -4.72872 -1.6 -2.5
      vertex -2.33827 -1.35 -2.5
    endloop
  endfacet
  facet normal 0 -0 -1
    outer loop
      vertex -4.45662 -0.988853 -2.5
      vertex -2.33827 -1.35 -2.5
      vertex -4.72872 -1.6 -2.5
    endloop
  endfacet
  facet normal 0 0 -1
    outer loop
      vertex -2.33827 -1.35 -2.5
      vertex -4.45662 -0.988853 -2.5
      vertex -2.56785 -0.834346 -2.5
    endloop
  endfacet
  facet normal -0 0 -1
    outer loop
      vertex -2.00649 -1.80665 -2.5
      vertex -2.76259 -5.19762 -2.5
      vertex -4.72872 -1.6 -2.5
    endloop
  endfacet
  facet normal 0 0 -1
    outer loop
      vertex 4.46996 -10.4524 -2.5
      vertex 14.6631 -7.86575 -2.5
      vertex 15 -15 -2.5
    endloop
  endfacet
  facet normal 0 -0 -1
    outer loop
      vertex 10.7496 -2.47578 -2.5
      vertex 14.6631 -7.86575 -2.5
      vertex 10.1748 -2.99336 -2.5
    endloop
  endfacet
  facet normal 0 0 -1
    outer loop
      vertex 11.6797 0.386755 -2.5
      vertex 13.7109 -1.51611 -2.5
      vertex 11.6797 -0.386755 -2.5
    endloop
  endfacet
  facet normal 0 0 -1
    outer loop
      vertex 13.7109 -1.51611 -2.5
      vertex 11.5189 -1.14336 -2.5
      vertex 11.6797 -0.386755 -2.5
    endloop
  endfacet
  facet normal -0 0 -1
    outer loop
      vertex 13.7109 -1.51611 -2.5
      vertex 11.2043 -1.85 -2.5
      vertex 11.5189 -1.14336 -2.5
    endloop
  endfacet
  facet normal 0 0 -1
    outer loop
      vertex 13.7109 -1.51611 -2.5
      vertex 10.7496 -2.47578 -2.5
      vertex 11.2043 -1.85 -2.5
    endloop
  endfacet
  facet normal 0 0 -1
    outer loop
      vertex 14.6631 -7.86575 -2.5
      vertex 10.7496 -2.47578 -2.5
      vertex 13.7109 -1.51611 -2.5
    endloop
  endfacet
  facet normal 0 0 -1
    outer loop
      vertex 14.6631 -7.86575 -2.5
      vertex 9.50492 -3.38012 -2.5
      vertex 10.1748 -2.99336 -2.5
    endloop
  endfacet
  facet normal 0 0 -1
    outer loop
      vertex 14.6631 -7.86575 -2.5
      vertex 8.76927 -3.61915 -2.5
      vertex 9.50492 -3.38012 -2.5
    endloop
  endfacet
  facet normal 0 0 -1
    outer loop
      vertex 4.67425 -8.50872 -2.5
      vertex 14.6631 -7.86575 -2.5
      vertex 4.67425 -9.49128 -2.5
    endloop
  endfacet
  facet normal -0 0 -1
    outer loop
      vertex 14.6631 -7.86575 -2.5
      vertex 4.67425 -8.50872 -2.5
      vertex 8.76927 -3.61915 -2.5
    endloop
  endfacet
  facet normal 0 0 -1
    outer loop
      vertex 4.46996 -7.54762 -2.5
      vertex 8 -3.7 -2.5
      vertex 4.67425 -8.50872 -2.5
    endloop
  endfacet
  facet normal -0 0 -1
    outer loop
      vertex 8 -3.7 -2.5
      vertex 4.46996 -7.54762 -2.5
      vertex 7.23073 -3.61915 -2.5
    endloop
  endfacet
  facet normal 0 0 -1
    outer loop
      vertex 4.07032 -6.65 -2.5
      vertex 7.23073 -3.61915 -2.5
      vertex 4.46996 -7.54762 -2.5
    endloop
  endfacet
  facet normal -0 0 -1
    outer loop
      vertex 7.23073 -3.61915 -2.5
      vertex 4.07032 -6.65 -2.5
      vertex 6.49508 -3.38012 -2.5
    endloop
  endfacet
  facet normal 0 0 -1
    outer loop
      vertex 8.76927 -3.61915 -2.5
      vertex 4.67425 -8.50872 -2.5
      vertex 8 -3.7 -2.5
    endloop
  endfacet
  facet normal 0 0 -1
    outer loop
      vertex 14.6631 -7.86575 -2.5
      vertex 4.46996 -10.4524 -2.5
      vertex 4.67425 -9.49128 -2.5
    endloop
  endfacet
  facet normal 0 0 -1
    outer loop
      vertex 15 -15 -2.5
      vertex 4.07032 -11.35 -2.5
      vertex 4.46996 -10.4524 -2.5
    endloop
  endfacet
  facet normal 0 0 -1
    outer loop
      vertex 15 -15 -2.5
      vertex 3.49278 -12.1449 -2.5
      vertex 4.07032 -11.35 -2.5
    endloop
  endfacet
  facet normal 0 0 -1
    outer loop
      vertex 15 -15 -2.5
      vertex 2.76259 -12.8024 -2.5
      vertex 3.49278 -12.1449 -2.5
    endloop
  endfacet
  facet normal 0 0 -1
    outer loop
      vertex 15 -15 -2.5
      vertex 1.91166 -13.2937 -2.5
      vertex 2.76259 -12.8024 -2.5
    endloop
  endfacet
  facet normal 0 0 -1
    outer loop
      vertex 15 -15 -2.5
      vertex 0.977184 -13.5973 -2.5
      vertex 1.91166 -13.2937 -2.5
    endloop
  endfacet
  facet normal 0 0 -1
    outer loop
      vertex 15 -15 -2.5
      vertex 0 -13.7 -2.5
      vertex 0.977184 -13.5973 -2.5
    endloop
  endfacet
  facet normal 0 0 -1
    outer loop
      vertex -14.6631 -7.86575 -2.5
      vertex -4.67425 -8.50872 -2.5
      vertex -4.67425 -9.49128 -2.5
    endloop
  endfacet
  facet normal 0 0 -1
    outer loop
      vertex -4.67425 -8.50872 -2.5
      vertex -5.12194 -2.14122 -2.5
      vertex -4.72872 -1.6 -2.5
    endloop
  endfacet
  facet normal 0 0 -1
    outer loop
      vertex -4.67425 -8.50872 -2.5
      vertex -5.61909 -2.58885 -2.5
      vertex -5.12194 -2.14122 -2.5
    endloop
  endfacet
  facet normal 0 0 -1
    outer loop
      vertex -4.67425 -8.50872 -2.5
      vertex -6.19844 -2.92334 -2.5
      vertex -5.61909 -2.58885 -2.5
    endloop
  endfacet
  facet normal 0 0 -1
    outer loop
      vertex -14.6631 -7.86575 -2.5
      vertex -4.67425 -9.49128 -2.5
      vertex -4.46996 -10.4524 -2.5
    endloop
  endfacet
  facet normal 0 0 -1
    outer loop
      vertex -4.67425 -8.50872 -2.5
      vertex -6.83468 -3.13007 -2.5
      vertex -6.19844 -2.92334 -2.5
    endloop
  endfacet
  facet normal 0 0 -1
    outer loop
      vertex -4.67425 -8.50872 -2.5
      vertex -7.5 -3.2 -2.5
      vertex -6.83468 -3.13007 -2.5
    endloop
  endfacet
  facet normal 0 0 -1
    outer loop
      vertex -4.67425 -8.50872 -2.5
      vertex -8.16532 -3.13007 -2.5
      vertex -7.5 -3.2 -2.5
    endloop
  endfacet
  facet normal 0 0 -1
    outer loop
      vertex -15 -15 -2.5
      vertex -4.46996 -10.4524 -2.5
      vertex -4.07032 -11.35 -2.5
    endloop
  endfacet
  facet normal 0 0 -1
    outer loop
      vertex -4.67425 -8.50872 -2.5
      vertex -14.6631 -7.86575 -2.5
      vertex -8.16532 -3.13007 -2.5
    endloop
  endfacet
  facet normal -0 0 -1
    outer loop
      vertex -8.16532 -3.13007 -2.5
      vertex -14.6631 -7.86575 -2.5
      vertex -8.80156 -2.92334 -2.5
    endloop
  endfacet
  facet normal -0 0 -1
    outer loop
      vertex -8.80156 -2.92334 -2.5
      vertex -14.6631 -7.86575 -2.5
      vertex -9.38091 -2.58885 -2.5
    endloop
  endfacet
  facet normal -0 0 -1
    outer loop
      vertex -9.38091 -2.58885 -2.5
      vertex -14.6631 -7.86575 -2.5
      vertex -9.87806 -2.14122 -2.5
    endloop
  endfacet
  facet normal 0 0 -1
    outer loop
      vertex -13.7109 -1.51611 -2.5
      vertex -10.6825 0.334491 -2.5
      vertex -10.6825 -0.334491 -2.5
    endloop
  endfacet
  facet normal 0 0 -1
    outer loop
      vertex -13.7109 -1.51611 -2.5
      vertex -10.6825 -0.334491 -2.5
      vertex -10.5434 -0.988853 -2.5
    endloop
  endfacet
  facet normal -0 0 -1
    outer loop
      vertex -10.6825 0.334491 -2.5
      vertex -13.7109 -1.51611 -2.5
      vertex -12.2314 3.97751 -2.5
    endloop
  endfacet
  facet normal 0 0 -1
    outer loop
      vertex -10.2713 -1.6 -2.5
      vertex -13.7109 -1.51611 -2.5
      vertex -10.5434 -0.988853 -2.5
    endloop
  endfacet
  facet normal 0 -0 -1
    outer loop
      vertex -13.7109 -1.51611 -2.5
      vertex -9.87806 -2.14122 -2.5
      vertex -14.6631 -7.86575 -2.5
    endloop
  endfacet
  facet normal 0 0 -1
    outer loop
      vertex -15 -15 -2.5
      vertex -4.07032 -11.35 -2.5
      vertex -3.49278 -12.1449 -2.5
    endloop
  endfacet
  facet normal 0 0 -1
    outer loop
      vertex -9.87806 -2.14122 -2.5
      vertex -13.7109 -1.51611 -2.5
      vertex -10.2713 -1.6 -2.5
    endloop
  endfacet
  facet normal 0 0 -1
    outer loop
      vertex -15 -15 -2.5
      vertex -3.49278 -12.1449 -2.5
      vertex -2.76259 -12.8024 -2.5
    endloop
  endfacet
  facet normal 0 0 -1
    outer loop
      vertex -15 -15 -2.5
      vertex -2.76259 -12.8024 -2.5
      vertex -1.91166 -13.2937 -2.5
    endloop
  endfacet
  facet normal -0 0 -1
    outer loop
      vertex -4.46996 -10.4524 -2.5
      vertex -15 -15 -2.5
      vertex -14.6631 -7.86575 -2.5
    endloop
  endfacet
  facet normal -0 0 -1
    outer loop
      vertex -0.977184 -13.5973 -2.5
      vertex -15 -15 -2.5
      vertex -1.91166 -13.2937 -2.5
    endloop
  endfacet
  facet normal -0 0 -1
    outer loop
      vertex 0 -13.7 -2.5
      vertex -15 -15 -2.5
      vertex -0.977184 -13.5973 -2.5
    endloop
  endfacet
  facet normal 0 0 -1
    outer loop
      vertex -15 -15 -2.5
      vertex 0 -13.7 -2.5
      vertex 15 -15 -2.5
    endloop
  endfacet
  facet normal 0 0 -1
    outer loop
      vertex 11.5189 1.14336 -2.5
      vertex 13.7109 -1.51611 -2.5
      vertex 11.6797 0.386755 -2.5
    endloop
  endfacet
  facet normal 0 0 -1
    outer loop
      vertex 13.7109 -1.51611 -2.5
      vertex 11.5189 1.14336 -2.5
      vertex 12.2314 3.97751 -2.5
    endloop
  endfacet
  facet normal 0 0 -1
    outer loop
      vertex 11.2043 1.85 -2.5
      vertex 12.2314 3.97751 -2.5
      vertex 11.5189 1.14336 -2.5
    endloop
  endfacet
  facet normal 0 0 -1
    outer loop
      vertex 10.7496 2.47578 -2.5
      vertex 12.2314 3.97751 -2.5
      vertex 11.2043 1.85 -2.5
    endloop
  endfacet
  facet normal 0 0 -1
    outer loop
      vertex 10.1748 2.99336 -2.5
      vertex 12.2314 3.97751 -2.5
      vertex 10.7496 2.47578 -2.5
    endloop
  endfacet
  facet normal 0 0 -1
    outer loop
      vertex 9.50492 3.38012 -2.5
      vertex 12.2314 3.97751 -2.5
      vertex 10.1748 2.99336 -2.5
    endloop
  endfacet
  facet normal -0 0 -1
    outer loop
      vertex 12.2314 3.97751 -2.5
      vertex 9.50492 3.38012 -2.5
      vertex 10.3125 8.55469 -2.5
    endloop
  endfacet
  facet normal 0 0 -1
    outer loop
      vertex 8.76927 3.61915 -2.5
      vertex 10.3125 8.55469 -2.5
      vertex 9.50492 3.38012 -2.5
    endloop
  endfacet
  facet normal 0 0 -1
    outer loop
      vertex 8 3.7 -2.5
      vertex 10.3125 8.55469 -2.5
      vertex 8.76927 3.61915 -2.5
    endloop
  endfacet
  facet normal 0 0 -1
    outer loop
      vertex 4.17699 8.06098 -2.5
      vertex 10.3125 8.55469 -2.5
      vertex 8 3.7 -2.5
    endloop
  endfacet
  facet normal 0 0 -1
    outer loop
      vertex 3.99444 7.20213 -2.5
      vertex 8 3.7 -2.5
      vertex 7.23073 3.61915 -2.5
    endloop
  endfacet
  facet normal 0 0 -1
    outer loop
      vertex 3.99444 7.20213 -2.5
      vertex 7.23073 3.61915 -2.5
      vertex 6.49508 3.38012 -2.5
    endloop
  endfacet
  facet normal 0 0 -1
    outer loop
      vertex 3.63731 6.4 -2.5
      vertex 6.49508 3.38012 -2.5
      vertex 5.8252 2.99336 -2.5
    endloop
  endfacet
  facet normal 0 0 -1
    outer loop
      vertex 4.17699 8.93902 -2.5
      vertex 10.3125 8.55469 -2.5
      vertex 4.17699 8.06098 -2.5
    endloop
  endfacet
  facet normal 0 0 -1
    outer loop
      vertex 3.12121 5.68965 -2.5
      vertex 5.8252 2.99336 -2.5
      vertex 5.25036 2.47578 -2.5
    endloop
  endfacet
  facet normal 0 0 -1
    outer loop
      vertex 2.4687 5.10213 -2.5
      vertex 5.25036 2.47578 -2.5
      vertex 4.79571 1.85 -2.5
    endloop
  endfacet
  facet normal 0 0 -1
    outer loop
      vertex 2.33827 1.35 -2.5
      vertex 4.79571 1.85 -2.5
      vertex 4.48109 1.14336 -2.5
    endloop
  endfacet
  facet normal 0 0 -1
    outer loop
      vertex 2.56785 0.834346 -2.5
      vertex 4.48109 1.14336 -2.5
      vertex 4.32027 0.386755 -2.5
    endloop
  endfacet
  facet normal 0 0 -1
    outer loop
      vertex 10.3125 8.55469 -2.5
      vertex 4.17699 8.93902 -2.5
      vertex 8.04199 12.166 -2.5
    endloop
  endfacet
  facet normal 0 0 -1
    outer loop
      vertex 3.99444 9.79787 -2.5
      vertex 8.04199 12.166 -2.5
      vertex 4.17699 8.93902 -2.5
    endloop
  endfacet
  facet normal 0 0 -1
    outer loop
      vertex 3.63731 10.6 -2.5
      vertex 8.04199 12.166 -2.5
      vertex 3.99444 9.79787 -2.5
    endloop
  endfacet
  facet normal -0 0 -1
    outer loop
      vertex 8.04199 12.166 -2.5
      vertex 3.63731 10.6 -2.5
      vertex 5.50781 14.7729 -2.5
    endloop
  endfacet
  facet normal 0 0 -1
    outer loop
      vertex 3.12121 11.3103 -2.5
      vertex 5.50781 14.7729 -2.5
      vertex 3.63731 10.6 -2.5
    endloop
  endfacet
  facet normal 0 0 -1
    outer loop
      vertex 2.4687 11.8979 -2.5
      vertex 5.50781 14.7729 -2.5
      vertex 3.12121 11.3103 -2.5
    endloop
  endfacet
  facet normal -0 0 -1
    outer loop
      vertex 5.50781 14.7729 -2.5
      vertex 2.4687 11.8979 -2.5
      vertex 2.79785 16.3481 -2.5
    endloop
  endfacet
  facet normal 0 0 -1
    outer loop
      vertex 1.70829 12.3369 -2.5
      vertex 2.79785 16.3481 -2.5
      vertex 2.4687 11.8979 -2.5
    endloop
  endfacet
  facet normal 0 0 -1
    outer loop
      vertex 0.873229 12.6082 -2.5
      vertex 2.79785 16.3481 -2.5
      vertex 1.70829 12.3369 -2.5
    endloop
  endfacet
  facet normal 0 0 -1
    outer loop
      vertex 0 16.875 -2.5
      vertex 0.873229 12.6082 -2.5
      vertex 0 12.7 -2.5
    endloop
  endfacet
  facet normal 0 0 -1
    outer loop
      vertex 0.873229 12.6082 -2.5
      vertex 0 16.875 -2.5
      vertex 2.79785 16.3481 -2.5
    endloop
  endfacet
  facet normal 0 0 -1
    outer loop
      vertex -0.873229 12.6082 -2.5
      vertex 0 16.875 -2.5
      vertex 0 12.7 -2.5
    endloop
  endfacet
  facet normal 0 0 -1
    outer loop
      vertex -2.79785 16.3481 -2.5
      vertex -0.873229 12.6082 -2.5
      vertex -1.70829 12.3369 -2.5
    endloop
  endfacet
  facet normal 0 0 -1
    outer loop
      vertex -2.79785 16.3481 -2.5
      vertex -1.70829 12.3369 -2.5
      vertex -2.4687 11.8979 -2.5
    endloop
  endfacet
  facet normal 0 0 -1
    outer loop
      vertex -0.873229 12.6082 -2.5
      vertex -2.79785 16.3481 -2.5
      vertex 0 16.875 -2.5
    endloop
  endfacet
  facet normal 0 0 -1
    outer loop
      vertex -5.50781 14.7729 -2.5
      vertex -2.4687 11.8979 -2.5
      vertex -3.12121 11.3103 -2.5
    endloop
  endfacet
  facet normal 0 0 -1
    outer loop
      vertex -5.50781 14.7729 -2.5
      vertex -3.12121 11.3103 -2.5
      vertex -3.63731 10.6 -2.5
    endloop
  endfacet
  facet normal 0 0 -1
    outer loop
      vertex -8.04199 12.166 -2.5
      vertex -3.63731 10.6 -2.5
      vertex -3.99444 9.79787 -2.5
    endloop
  endfacet
  facet normal 0 0 -1
    outer loop
      vertex -8.04199 12.166 -2.5
      vertex -3.99444 9.79787 -2.5
      vertex -4.17699 8.93902 -2.5
    endloop
  endfacet
  facet normal -0 0 -1
    outer loop
      vertex -2.4687 5.10213 -2.5
      vertex -5.61909 2.58885 -2.5
      vertex -3.12121 5.68965 -2.5
    endloop
  endfacet
  facet normal 0 0 -1
    outer loop
      vertex -6.19844 2.92334 -2.5
      vertex -3.12121 5.68965 -2.5
      vertex -5.61909 2.58885 -2.5
    endloop
  endfacet
  facet normal -0 0 -1
    outer loop
      vertex -3.12121 5.68965 -2.5
      vertex -6.19844 2.92334 -2.5
      vertex -3.63731 6.4 -2.5
    endloop
  endfacet
  facet normal 0 0 -1
    outer loop
      vertex -6.83468 3.13007 -2.5
      vertex -3.63731 6.4 -2.5
      vertex -6.19844 2.92334 -2.5
    endloop
  endfacet
  facet normal 0 0 -1
    outer loop
      vertex -2.4687 11.8979 -2.5
      vertex -5.50781 14.7729 -2.5
      vertex -2.79785 16.3481 -2.5
    endloop
  endfacet
  facet normal -0 0 -1
    outer loop
      vertex -3.63731 6.4 -2.5
      vertex -6.83468 3.13007 -2.5
      vertex -3.99444 7.20213 -2.5
    endloop
  endfacet
  facet normal 0 0 -1
    outer loop
      vertex -7.5 3.2 -2.5
      vertex -3.99444 7.20213 -2.5
      vertex -6.83468 3.13007 -2.5
    endloop
  endfacet
  facet normal 0 0 -1
    outer loop
      vertex -10.3125 8.55469 -2.5
      vertex -3.99444 7.20213 -2.5
      vertex -7.5 3.2 -2.5
    endloop
  endfacet
  facet normal 0 0 -1
    outer loop
      vertex -3.99444 7.20213 -2.5
      vertex -10.3125 8.55469 -2.5
      vertex -4.17699 8.06098 -2.5
    endloop
  endfacet
  facet normal 0 0 -1
    outer loop
      vertex -4.17699 8.06098 -2.5
      vertex -10.3125 8.55469 -2.5
      vertex -4.17699 8.93902 -2.5
    endloop
  endfacet
  facet normal 0 0 -1
    outer loop
      vertex -3.63731 10.6 -2.5
      vertex -8.04199 12.166 -2.5
      vertex -5.50781 14.7729 -2.5
    endloop
  endfacet
  facet normal 0 0 -1
    outer loop
      vertex -10.3125 8.55469 -2.5
      vertex -7.5 3.2 -2.5
      vertex -8.16532 3.13007 -2.5
    endloop
  endfacet
  facet normal 0 0 -1
    outer loop
      vertex -10.3125 8.55469 -2.5
      vertex -8.16532 3.13007 -2.5
      vertex -8.80156 2.92334 -2.5
    endloop
  endfacet
  facet normal 0 0 -1
    outer loop
      vertex -12.2314 3.97751 -2.5
      vertex -8.80156 2.92334 -2.5
      vertex -9.38091 2.58885 -2.5
    endloop
  endfacet
  facet normal 0 0 -1
    outer loop
      vertex -12.2314 3.97751 -2.5
      vertex -9.38091 2.58885 -2.5
      vertex -9.87806 2.14122 -2.5
    endloop
  endfacet
  facet normal 0 0 -1
    outer loop
      vertex -12.2314 3.97751 -2.5
      vertex -9.87806 2.14122 -2.5
      vertex -10.2713 1.6 -2.5
    endloop
  endfacet
  facet normal -0 0 -1
    outer loop
      vertex -4.17699 8.93902 -2.5
      vertex -10.3125 8.55469 -2.5
      vertex -8.04199 12.166 -2.5
    endloop
  endfacet
  facet normal 0 0 -1
    outer loop
      vertex -12.2314 3.97751 -2.5
      vertex -10.2713 1.6 -2.5
      vertex -10.5434 0.988853 -2.5
    endloop
  endfacet
  facet normal 0 0 -1
    outer loop
      vertex -12.2314 3.97751 -2.5
      vertex -10.5434 0.988853 -2.5
      vertex -10.6825 0.334491 -2.5
    endloop
  endfacet
  facet normal 0 0 -1
    outer loop
      vertex -8.80156 2.92334 -2.5
      vertex -12.2314 3.97751 -2.5
      vertex -10.3125 8.55469 -2.5
    endloop
  endfacet
  facet normal 0 0 -1
    outer loop
      vertex 3.49278 -5.85509 -2.5
      vertex 6.49508 -3.38012 -2.5
      vertex 4.07032 -6.65 -2.5
    endloop
  endfacet
  facet normal -0 0 -1
    outer loop
      vertex 6.49508 -3.38012 -2.5
      vertex 3.49278 -5.85509 -2.5
      vertex 5.8252 -2.99336 -2.5
    endloop
  endfacet
  facet normal 0 0 -1
    outer loop
      vertex 2.76259 -5.19762 -2.5
      vertex 5.8252 -2.99336 -2.5
      vertex 3.49278 -5.85509 -2.5
    endloop
  endfacet
  facet normal -0 0 -1
    outer loop
      vertex 5.8252 -2.99336 -2.5
      vertex 2.76259 -5.19762 -2.5
      vertex 5.25036 -2.47578 -2.5
    endloop
  endfacet
  facet normal 0 0 -1
    outer loop
      vertex 2.68521 0.282227 -2.5
      vertex 4.32027 0.386755 -2.5
      vertex 4.32027 -0.386755 -2.5
    endloop
  endfacet
  facet normal -0 0 -1
    outer loop
      vertex 5.25036 -2.47578 -2.5
      vertex 2.76259 -5.19762 -2.5
      vertex 4.79571 -1.85 -2.5
    endloop
  endfacet
  facet normal 0 0 -1
    outer loop
      vertex 2.00649 -1.80665 -2.5
      vertex 4.79571 -1.85 -2.5
      vertex 2.76259 -5.19762 -2.5
    endloop
  endfacet
  facet normal 0 0 -1
    outer loop
      vertex 8 3.7 -2.5
      vertex 3.99444 7.20213 -2.5
      vertex 4.17699 8.06098 -2.5
    endloop
  endfacet
  facet normal -0 0 -1
    outer loop
      vertex 4.32027 0.386755 -2.5
      vertex 2.68521 0.282227 -2.5
      vertex 2.56785 0.834346 -2.5
    endloop
  endfacet
  facet normal 0 0 -1
    outer loop
      vertex 2.56785 -0.834346 -2.5
      vertex 4.48109 -1.14336 -2.5
      vertex 4.79571 -1.85 -2.5
    endloop
  endfacet
  facet normal 0 0 -1
    outer loop
      vertex 6.49508 3.38012 -2.5
      vertex 3.63731 6.4 -2.5
      vertex 3.99444 7.20213 -2.5
    endloop
  endfacet
  facet normal 0 0 -1
    outer loop
      vertex 2.56785 -0.834346 -2.5
      vertex 4.32027 -0.386755 -2.5
      vertex 4.48109 -1.14336 -2.5
    endloop
  endfacet
  facet normal 0 0 -1
    outer loop
      vertex 4.32027 -0.386755 -2.5
      vertex 2.68521 -0.282227 -2.5
      vertex 2.68521 0.282227 -2.5
    endloop
  endfacet
  facet normal -0 0 -1
    outer loop
      vertex 4.48109 1.14336 -2.5
      vertex 2.56785 0.834346 -2.5
      vertex 2.33827 1.35 -2.5
    endloop
  endfacet
  facet normal 0 0 -1
    outer loop
      vertex 5.8252 2.99336 -2.5
      vertex 3.12121 5.68965 -2.5
      vertex 3.63731 6.4 -2.5
    endloop
  endfacet
  facet normal 0 0 -1
    outer loop
      vertex 4.79571 1.85 -2.5
      vertex 2.33827 1.35 -2.5
      vertex 2.00649 1.80665 -2.5
    endloop
  endfacet
  facet normal 0 0 -1
    outer loop
      vertex 5.25036 2.47578 -2.5
      vertex 2.4687 5.10213 -2.5
      vertex 3.12121 5.68965 -2.5
    endloop
  endfacet
  facet normal -0 0 -1
    outer loop
      vertex 4.79571 1.85 -2.5
      vertex 2.00649 1.80665 -2.5
      vertex 2.4687 5.10213 -2.5
    endloop
  endfacet
  facet normal 0 0 -1
    outer loop
      vertex 1.58702 2.18435 -2.5
      vertex 2.4687 5.10213 -2.5
      vertex 2.00649 1.80665 -2.5
    endloop
  endfacet
  facet normal 0 0 -1
    outer loop
      vertex 2.4687 5.10213 -2.5
      vertex 1.58702 2.18435 -2.5
      vertex 1.70829 4.66311 -2.5
    endloop
  endfacet
  facet normal 0 0 -1
    outer loop
      vertex 1.09819 2.46657 -2.5
      vertex 1.70829 4.66311 -2.5
      vertex 1.58702 2.18435 -2.5
    endloop
  endfacet
  facet normal 0 0 -1
    outer loop
      vertex 1.09819 2.46657 -2.5
      vertex 0.873229 4.39178 -2.5
      vertex 1.70829 4.66311 -2.5
    endloop
  endfacet
  facet normal 0 0 -1
    outer loop
      vertex 0.561361 2.641 -2.5
      vertex 0.873229 4.39178 -2.5
      vertex 1.09819 2.46657 -2.5
    endloop
  endfacet
  facet normal 0 0 -1
    outer loop
      vertex 0 4.3 -2.5
      vertex 0.561361 2.641 -2.5
      vertex 0 2.7 -2.5
    endloop
  endfacet
  facet normal 0 0 -1
    outer loop
      vertex 0.561361 2.641 -2.5
      vertex 0 4.3 -2.5
      vertex 0.873229 4.39178 -2.5
    endloop
  endfacet
  facet normal 0 0 -1
    outer loop
      vertex -0.561361 2.641 -2.5
      vertex 0 4.3 -2.5
      vertex 0 2.7 -2.5
    endloop
  endfacet
  facet normal 0 0 -1
    outer loop
      vertex -0.561361 2.641 -2.5
      vertex -0.873229 4.39178 -2.5
      vertex 0 4.3 -2.5
    endloop
  endfacet
  facet normal 0 0 -1
    outer loop
      vertex -1.09819 2.46657 -2.5
      vertex -0.873229 4.39178 -2.5
      vertex -0.561361 2.641 -2.5
    endloop
  endfacet
  facet normal 0 0 -1
    outer loop
      vertex -1.70829 4.66311 -2.5
      vertex -1.09819 2.46657 -2.5
      vertex -1.58702 2.18435 -2.5
    endloop
  endfacet
  facet normal 0 0 -1
    outer loop
      vertex -1.09819 2.46657 -2.5
      vertex -1.70829 4.66311 -2.5
      vertex -0.873229 4.39178 -2.5
    endloop
  endfacet
  facet normal 0 0 -1
    outer loop
      vertex -2.4687 5.10213 -2.5
      vertex -1.58702 2.18435 -2.5
      vertex -2.00649 1.80665 -2.5
    endloop
  endfacet
  facet normal 0 0 -1
    outer loop
      vertex -4.72872 1.6 -2.5
      vertex -2.33827 1.35 -2.5
      vertex -4.45662 0.988853 -2.5
    endloop
  endfacet
  facet normal 0 0 -1
    outer loop
      vertex -1.58702 2.18435 -2.5
      vertex -2.4687 5.10213 -2.5
      vertex -1.70829 4.66311 -2.5
    endloop
  endfacet
  facet normal 0 0 -1
    outer loop
      vertex -2.68521 0.282227 -2.5
      vertex -4.31753 0.334491 -2.5
      vertex -2.56785 0.834346 -2.5
    endloop
  endfacet
  facet normal 0 0 -1
    outer loop
      vertex -4.31753 0.334491 -2.5
      vertex -2.68521 0.282227 -2.5
      vertex -4.31753 -0.334491 -2.5
    endloop
  endfacet
  facet normal 0 0 -1
    outer loop
      vertex -4.45662 0.988853 -2.5
      vertex -2.56785 0.834346 -2.5
      vertex -4.31753 0.334491 -2.5
    endloop
  endfacet
  facet normal 0 -0 -1
    outer loop
      vertex -4.31753 -0.334491 -2.5
      vertex -2.56785 -0.834346 -2.5
      vertex -4.45662 -0.988853 -2.5
    endloop
  endfacet
  facet normal 0 0 -1
    outer loop
      vertex -4.72872 -1.6 -2.5
      vertex -2.76259 -5.19762 -2.5
      vertex -3.49278 -5.85509 -2.5
    endloop
  endfacet
  facet normal 0 0 -1
    outer loop
      vertex -2.56785 0.834346 -2.5
      vertex -4.45662 0.988853 -2.5
      vertex -2.33827 1.35 -2.5
    endloop
  endfacet
  facet normal 0 0 -1
    outer loop
      vertex -2.33827 1.35 -2.5
      vertex -4.72872 1.6 -2.5
      vertex -2.00649 1.80665 -2.5
    endloop
  endfacet
  facet normal 0 0 -1
    outer loop
      vertex -4.72872 -1.6 -2.5
      vertex -3.49278 -5.85509 -2.5
      vertex -4.07032 -6.65 -2.5
    endloop
  endfacet
  facet normal 0 0 -1
    outer loop
      vertex -5.12194 2.14122 -2.5
      vertex -2.00649 1.80665 -2.5
      vertex -4.72872 1.6 -2.5
    endloop
  endfacet
  facet normal 0 0 -1
    outer loop
      vertex -5.61909 2.58885 -2.5
      vertex -2.4687 5.10213 -2.5
      vertex -5.12194 2.14122 -2.5
    endloop
  endfacet
  facet normal 0 0 -1
    outer loop
      vertex -2.00649 1.80665 -2.5
      vertex -5.12194 2.14122 -2.5
      vertex -2.4687 5.10213 -2.5
    endloop
  endfacet
  facet normal -0 0 -1
    outer loop
      vertex -2.68521 -0.282227 -2.5
      vertex -4.31753 -0.334491 -2.5
      vertex -2.68521 0.282227 -2.5
    endloop
  endfacet
  facet normal 0 0 -1
    outer loop
      vertex -4.72872 -1.6 -2.5
      vertex -4.07032 -6.65 -2.5
      vertex -4.46996 -7.54762 -2.5
    endloop
  endfacet
  facet normal 0 0 -1
    outer loop
      vertex -4.72872 -1.6 -2.5
      vertex -4.46996 -7.54762 -2.5
      vertex -4.67425 -8.50872 -2.5
    endloop
  endfacet
  facet normal 0 0 -1
    outer loop
      vertex -2.56785 -0.834346 -2.5
      vertex -4.31753 -0.334491 -2.5
      vertex -2.68521 -0.282227 -2.5
    endloop
  endfacet
  facet normal 0.922235 0.38663 0
    outer loop
      vertex 12.2314 3.97751 2.5
      vertex 10.3125 8.55469 -2.5
      vertex 10.3125 8.55469 2.5
    endloop
  endfacet
  facet normal 0.922235 0.38663 0
    outer loop
      vertex 10.3125 8.55469 -2.5
      vertex 12.2314 3.97751 2.5
      vertex 12.2314 3.97751 -2.5
    endloop
  endfacet
  facet normal 0.846579 0.532263 0
    outer loop
      vertex 10.3125 8.55469 2.5
      vertex 8.04199 12.166 -2.5
      vertex 8.04199 12.166 2.5
    endloop
  endfacet
  facet normal 0.846579 0.532263 0
    outer loop
      vertex 8.04199 12.166 -2.5
      vertex 10.3125 8.55469 2.5
      vertex 10.3125 8.55469 -2.5
    endloop
  endfacet
  facet normal 0.717037 0.697035 0
    outer loop
      vertex 8.04199 12.166 2.5
      vertex 5.50781 14.7729 -2.5
      vertex 5.50781 14.7729 2.5
    endloop
  endfacet
  facet normal 0.717037 0.697035 0
    outer loop
      vertex 5.50781 14.7729 -2.5
      vertex 8.04199 12.166 2.5
      vertex 8.04199 12.166 -2.5
    endloop
  endfacet
  facet normal 0.502535 0.864557 -0
    outer loop
      vertex 5.50781 14.7729 -2.5
      vertex 2.79785 16.3481 2.5
      vertex 5.50781 14.7729 2.5
    endloop
  endfacet
  facet normal 0.502535 0.864557 0
    outer loop
      vertex 2.79785 16.3481 2.5
      vertex 5.50781 14.7729 -2.5
      vertex 2.79785 16.3481 -2.5
    endloop
  endfacet
  facet normal -0.309023 0.951055 0
    outer loop
      vertex 1.09819 -2.46657 -2.5
      vertex 0.561361 -2.641 -0.6
      vertex 1.09819 -2.46657 -0.6
    endloop
  endfacet
  facet normal -0.309023 0.951055 0
    outer loop
      vertex 0.561361 -2.641 -0.6
      vertex 1.09819 -2.46657 -2.5
      vertex 0.561361 -2.641 -2.5
    endloop
  endfacet
  facet normal -0.104526 0.994522 0
    outer loop
      vertex 0.561361 -2.641 -2.5
      vertex 0 -2.7 -0.6
      vertex 0.561361 -2.641 -0.6
    endloop
  endfacet
  facet normal -0.104526 0.994522 0
    outer loop
      vertex 0 -2.7 -0.6
      vertex 0.561361 -2.641 -2.5
      vertex 0 -2.7 -2.5
    endloop
  endfacet
  facet normal -0.499992 0.86603 0
    outer loop
      vertex 1.58702 -2.18435 -2.5
      vertex 1.09819 -2.46657 -0.6
      vertex 1.58702 -2.18435 -0.6
    endloop
  endfacet
  facet normal -0.499992 0.86603 0
    outer loop
      vertex 1.09819 -2.46657 -0.6
      vertex 1.58702 -2.18435 -2.5
      vertex 1.09819 -2.46657 -2.5
    endloop
  endfacet
  facet normal -0.809013 0.58779 0
    outer loop
      vertex 2.00649 -1.80665 -2.5
      vertex 2.33827 -1.35 -0.6
      vertex 2.33827 -1.35 -2.5
    endloop
  endfacet
  facet normal -0.809013 0.58779 0
    outer loop
      vertex 2.33827 -1.35 -0.6
      vertex 2.00649 -1.80665 -2.5
      vertex 2.00649 -1.80665 -0.6
    endloop
  endfacet
  facet normal 0.309023 0.951055 -0
    outer loop
      vertex -0.561361 -2.641 -2.5
      vertex -1.09819 -2.46657 -0.6
      vertex -0.561361 -2.641 -0.6
    endloop
  endfacet
  facet normal 0.309023 0.951055 0
    outer loop
      vertex -1.09819 -2.46657 -0.6
      vertex -0.561361 -2.641 -2.5
      vertex -1.09819 -2.46657 -2.5
    endloop
  endfacet
  facet normal 0.104526 0.994522 -0
    outer loop
      vertex 0 -2.7 -2.5
      vertex -0.561361 -2.641 -0.6
      vertex 0 -2.7 -0.6
    endloop
  endfacet
  facet normal 0.104526 0.994522 0
    outer loop
      vertex -0.561361 -2.641 -0.6
      vertex 0 -2.7 -2.5
      vertex -0.561361 -2.641 -2.5
    endloop
  endfacet
  facet normal -0.669138 0.743138 0
    outer loop
      vertex 2.00649 -1.80665 -2.5
      vertex 1.58702 -2.18435 -0.6
      vertex 2.00649 -1.80665 -0.6
    endloop
  endfacet
  facet normal -0.669138 0.743138 0
    outer loop
      vertex 1.58702 -2.18435 -0.6
      vertex 2.00649 -1.80665 -2.5
      vertex 1.58702 -2.18435 -2.5
    endloop
  endfacet
  facet normal 0.309023 -0.951055 0
    outer loop
      vertex -1.09819 2.46657 -2.5
      vertex -0.561361 2.641 -0.6
      vertex -1.09819 2.46657 -0.6
    endloop
  endfacet
  facet normal 0.309023 -0.951055 0
    outer loop
      vertex -0.561361 2.641 -0.6
      vertex -1.09819 2.46657 -2.5
      vertex -0.561361 2.641 -2.5
    endloop
  endfacet
  facet normal -0.669138 -0.743138 0
    outer loop
      vertex 1.58702 2.18435 -2.5
      vertex 2.00649 1.80665 -0.6
      vertex 1.58702 2.18435 -0.6
    endloop
  endfacet
  facet normal -0.669138 -0.743138 -0
    outer loop
      vertex 2.00649 1.80665 -0.6
      vertex 1.58702 2.18435 -2.5
      vertex 2.00649 1.80665 -2.5
    endloop
  endfacet
  facet normal -0.309023 -0.951055 0
    outer loop
      vertex 0.561361 2.641 -2.5
      vertex 1.09819 2.46657 -0.6
      vertex 0.561361 2.641 -0.6
    endloop
  endfacet
  facet normal -0.309023 -0.951055 -0
    outer loop
      vertex 1.09819 2.46657 -0.6
      vertex 0.561361 2.641 -2.5
      vertex 1.09819 2.46657 -2.5
    endloop
  endfacet
  facet normal 0.809013 0.58779 0
    outer loop
      vertex -2.00649 -1.80665 -0.6
      vertex -2.33827 -1.35 -2.5
      vertex -2.33827 -1.35 -0.6
    endloop
  endfacet
  facet normal 0.809013 0.58779 0
    outer loop
      vertex -2.33827 -1.35 -2.5
      vertex -2.00649 -1.80665 -0.6
      vertex -2.00649 -1.80665 -2.5
    endloop
  endfacet
  facet normal -0.809013 -0.58779 0
    outer loop
      vertex 2.33827 1.35 -2.5
      vertex 2.00649 1.80665 -0.6
      vertex 2.00649 1.80665 -2.5
    endloop
  endfacet
  facet normal -0.809013 -0.58779 0
    outer loop
      vertex 2.00649 1.80665 -0.6
      vertex 2.33827 1.35 -2.5
      vertex 2.33827 1.35 -0.6
    endloop
  endfacet
  facet normal -0.499992 -0.86603 0
    outer loop
      vertex 1.09819 2.46657 -2.5
      vertex 1.58702 2.18435 -0.6
      vertex 1.09819 2.46657 -0.6
    endloop
  endfacet
  facet normal -0.499992 -0.86603 -0
    outer loop
      vertex 1.58702 2.18435 -0.6
      vertex 1.09819 2.46657 -2.5
      vertex 1.58702 2.18435 -2.5
    endloop
  endfacet
  facet normal 0.499992 0.86603 -0
    outer loop
      vertex -1.09819 -2.46657 -2.5
      vertex -1.58702 -2.18435 -0.6
      vertex -1.09819 -2.46657 -0.6
    endloop
  endfacet
  facet normal 0.499992 0.86603 0
    outer loop
      vertex -1.58702 -2.18435 -0.6
      vertex -1.09819 -2.46657 -2.5
      vertex -1.58702 -2.18435 -2.5
    endloop
  endfacet
  facet normal -1 0 0
    outer loop
      vertex 2.68521 -0.282227 -2.5
      vertex 2.68521 0.282227 -0.6
      vertex 2.68521 0.282227 -2.5
    endloop
  endfacet
  facet normal -1 -0 0
    outer loop
      vertex 2.68521 0.282227 -0.6
      vertex 2.68521 -0.282227 -2.5
      vertex 2.68521 -0.282227 -0.6
    endloop
  endfacet
  facet normal -0.913548 -0.406731 0
    outer loop
      vertex 2.56785 0.834346 -2.5
      vertex 2.33827 1.35 -0.6
      vertex 2.33827 1.35 -2.5
    endloop
  endfacet
  facet normal -0.913548 -0.406731 0
    outer loop
      vertex 2.33827 1.35 -0.6
      vertex 2.56785 0.834346 -2.5
      vertex 2.56785 0.834346 -0.6
    endloop
  endfacet
  facet normal 0.978146 -0.207918 0
    outer loop
      vertex -2.68521 0.282227 -0.6
      vertex -2.56785 0.834346 -2.5
      vertex -2.56785 0.834346 -0.6
    endloop
  endfacet
  facet normal 0.978146 -0.207918 0
    outer loop
      vertex -2.56785 0.834346 -2.5
      vertex -2.68521 0.282227 -0.6
      vertex -2.68521 0.282227 -2.5
    endloop
  endfacet
  facet normal 1 -0 0
    outer loop
      vertex -2.68521 -0.282227 -0.6
      vertex -2.68521 0.282227 -2.5
      vertex -2.68521 0.282227 -0.6
    endloop
  endfacet
  facet normal 1 0 0
    outer loop
      vertex -2.68521 0.282227 -2.5
      vertex -2.68521 -0.282227 -0.6
      vertex -2.68521 -0.282227 -2.5
    endloop
  endfacet
  facet normal -0.978146 -0.207918 0
    outer loop
      vertex 2.68521 0.282227 -2.5
      vertex 2.56785 0.834346 -0.6
      vertex 2.56785 0.834346 -2.5
    endloop
  endfacet
  facet normal -0.978146 -0.207918 0
    outer loop
      vertex 2.56785 0.834346 -0.6
      vertex 2.68521 0.282227 -2.5
      vertex 2.68521 0.282227 -0.6
    endloop
  endfacet
  facet normal 0.978146 0.207918 0
    outer loop
      vertex -2.56785 -0.834346 -0.6
      vertex -2.68521 -0.282227 -2.5
      vertex -2.68521 -0.282227 -0.6
    endloop
  endfacet
  facet normal 0.978146 0.207918 0
    outer loop
      vertex -2.68521 -0.282227 -2.5
      vertex -2.56785 -0.834346 -0.6
      vertex -2.56785 -0.834346 -2.5
    endloop
  endfacet
  facet normal 0.669138 0.743138 -0
    outer loop
      vertex -1.58702 -2.18435 -2.5
      vertex -2.00649 -1.80665 -0.6
      vertex -1.58702 -2.18435 -0.6
    endloop
  endfacet
  facet normal 0.669138 0.743138 0
    outer loop
      vertex -2.00649 -1.80665 -0.6
      vertex -1.58702 -2.18435 -2.5
      vertex -2.00649 -1.80665 -2.5
    endloop
  endfacet
  facet normal 0.913548 0.406731 0
    outer loop
      vertex -2.33827 -1.35 -0.6
      vertex -2.56785 -0.834346 -2.5
      vertex -2.56785 -0.834346 -0.6
    endloop
  endfacet
  facet normal 0.913548 0.406731 0
    outer loop
      vertex -2.56785 -0.834346 -2.5
      vertex -2.33827 -1.35 -0.6
      vertex -2.33827 -1.35 -2.5
    endloop
  endfacet
  facet normal 0.809013 -0.58779 0
    outer loop
      vertex -2.33827 1.35 -0.6
      vertex -2.00649 1.80665 -2.5
      vertex -2.00649 1.80665 -0.6
    endloop
  endfacet
  facet normal 0.809013 -0.58779 0
    outer loop
      vertex -2.00649 1.80665 -2.5
      vertex -2.33827 1.35 -0.6
      vertex -2.33827 1.35 -2.5
    endloop
  endfacet
  facet normal -0.104526 -0.994522 0
    outer loop
      vertex 0 2.7 -2.5
      vertex 0.561361 2.641 -0.6
      vertex 0 2.7 -0.6
    endloop
  endfacet
  facet normal -0.104526 -0.994522 -0
    outer loop
      vertex 0.561361 2.641 -0.6
      vertex 0 2.7 -2.5
      vertex 0.561361 2.641 -2.5
    endloop
  endfacet
  facet normal -0.978146 0.207918 0
    outer loop
      vertex 2.56785 -0.834346 -2.5
      vertex 2.68521 -0.282227 -0.6
      vertex 2.68521 -0.282227 -2.5
    endloop
  endfacet
  facet normal -0.978146 0.207918 0
    outer loop
      vertex 2.68521 -0.282227 -0.6
      vertex 2.56785 -0.834346 -2.5
      vertex 2.56785 -0.834346 -0.6
    endloop
  endfacet
  facet normal 0.499992 -0.86603 0
    outer loop
      vertex -1.58702 2.18435 -2.5
      vertex -1.09819 2.46657 -0.6
      vertex -1.58702 2.18435 -0.6
    endloop
  endfacet
  facet normal 0.499992 -0.86603 0
    outer loop
      vertex -1.09819 2.46657 -0.6
      vertex -1.58702 2.18435 -2.5
      vertex -1.09819 2.46657 -2.5
    endloop
  endfacet
  facet normal -0.913548 0.406731 0
    outer loop
      vertex 2.33827 -1.35 -2.5
      vertex 2.56785 -0.834346 -0.6
      vertex 2.56785 -0.834346 -2.5
    endloop
  endfacet
  facet normal -0.913548 0.406731 0
    outer loop
      vertex 2.56785 -0.834346 -0.6
      vertex 2.33827 -1.35 -2.5
      vertex 2.33827 -1.35 -0.6
    endloop
  endfacet
  facet normal 0.104526 -0.994522 0
    outer loop
      vertex -0.561361 2.641 -2.5
      vertex 0 2.7 -0.6
      vertex -0.561361 2.641 -0.6
    endloop
  endfacet
  facet normal 0.104526 -0.994522 0
    outer loop
      vertex 0 2.7 -0.6
      vertex -0.561361 2.641 -2.5
      vertex 0 2.7 -2.5
    endloop
  endfacet
  facet normal 0.669138 -0.743138 0
    outer loop
      vertex -2.00649 1.80665 -2.5
      vertex -1.58702 2.18435 -0.6
      vertex -2.00649 1.80665 -0.6
    endloop
  endfacet
  facet normal 0.669138 -0.743138 0
    outer loop
      vertex -1.58702 2.18435 -0.6
      vertex -2.00649 1.80665 -2.5
      vertex -1.58702 2.18435 -2.5
    endloop
  endfacet
  facet normal 0.913548 -0.406731 0
    outer loop
      vertex -2.56785 0.834346 -0.6
      vertex -2.33827 1.35 -2.5
      vertex -2.33827 1.35 -0.6
    endloop
  endfacet
  facet normal 0.913548 -0.406731 0
    outer loop
      vertex -2.33827 1.35 -2.5
      vertex -2.56785 0.834346 -0.6
      vertex -2.56785 0.834346 -2.5
    endloop
  endfacet
  facet normal -0.536362 0.595686 -0.597891
    outer loop
      vertex 1.33766 -1.20443 0.6
      vertex 2.00649 -1.80665 -0.6
      vertex 1.05801 -1.45623 0.6
    endloop
  endfacet
  facet normal 0.247706 -0.762344 -0.59789
    outer loop
      vertex -0.561361 2.641 -0.6
      vertex -0.732125 1.64438 0.6
      vertex -1.09819 2.46657 -0.6
    endloop
  endfacet
  facet normal -0.0837997 0.797186 -0.59789
    outer loop
      vertex 0 -1.8 0.6
      vertex 0.374241 -1.76066 0.6
      vertex 0 -2.7 -0.6
    endloop
  endfacet
  facet normal -0.0837855 0.797185 -0.597893
    outer loop
      vertex 0.374241 -1.76066 0.6
      vertex 0.561361 -2.641 -0.6
      vertex 0 -2.7 -0.6
    endloop
  endfacet
  facet normal 0.400788 -0.694185 -0.597893
    outer loop
      vertex -0.732125 1.64438 0.6
      vertex -1.05801 1.45623 0.6
      vertex -1.58702 2.18435 -0.6
    endloop
  endfacet
  facet normal -0.400782 0.69419 -0.597891
    outer loop
      vertex 1.58702 -2.18435 -0.6
      vertex 1.09819 -2.46657 -0.6
      vertex 0.732125 -1.64438 0.6
    endloop
  endfacet
  facet normal -0.400782 -0.69419 -0.597891
    outer loop
      vertex 1.09819 2.46657 -0.6
      vertex 1.58702 2.18435 -0.6
      vertex 0.732125 1.64438 0.6
    endloop
  endfacet
  facet normal 0.73228 0.326027 -0.59789
    outer loop
      vertex -1.7119 -0.556231 0.6
      vertex -2.33827 -1.35 -0.6
      vertex -2.56785 -0.834346 -0.6
    endloop
  endfacet
  facet normal -0.247706 0.762344 -0.59789
    outer loop
      vertex 0.732125 -1.64438 0.6
      vertex 1.09819 -2.46657 -0.6
      vertex 0.561361 -2.641 -0.6
    endloop
  endfacet
  facet normal -0.732284 0.326021 -0.597888
    outer loop
      vertex 1.7119 -0.556231 0.6
      vertex 2.33827 -1.35 -0.6
      vertex 1.55885 -0.9 0.6
    endloop
  endfacet
  facet normal 0.732284 0.326021 -0.597888
    outer loop
      vertex -1.7119 -0.556231 0.6
      vertex -1.55885 -0.9 0.6
      vertex -2.33827 -1.35 -0.6
    endloop
  endfacet
  facet normal 0.648481 0.471167 -0.597891
    outer loop
      vertex -1.55885 -0.9 0.6
      vertex -1.33766 -1.20443 0.6
      vertex -2.00649 -1.80665 -0.6
    endloop
  endfacet
  facet normal 0.648488 -0.47116 -0.597889
    outer loop
      vertex -2.00649 1.80665 -0.6
      vertex -1.55885 0.9 0.6
      vertex -2.33827 1.35 -0.6
    endloop
  endfacet
  facet normal 0.73228 -0.326027 -0.59789
    outer loop
      vertex -2.33827 1.35 -0.6
      vertex -1.7119 0.556231 0.6
      vertex -2.56785 0.834346 -0.6
    endloop
  endfacet
  facet normal -0.784061 -0.166661 -0.59789
    outer loop
      vertex 2.68521 0.282227 -0.6
      vertex 1.79014 0.18815 0.6
      vertex 1.7119 0.556231 0.6
    endloop
  endfacet
  facet normal -0.784061 -0.166662 -0.59789
    outer loop
      vertex 2.56785 0.834346 -0.6
      vertex 2.68521 0.282227 -0.6
      vertex 1.7119 0.556231 0.6
    endloop
  endfacet
  facet normal -0.73228 0.326027 -0.59789
    outer loop
      vertex 2.56785 -0.834346 -0.6
      vertex 2.33827 -1.35 -0.6
      vertex 1.7119 -0.556231 0.6
    endloop
  endfacet
  facet normal -0.400788 0.694185 -0.597893
    outer loop
      vertex 1.05801 -1.45623 0.6
      vertex 1.58702 -2.18435 -0.6
      vertex 0.732125 -1.64438 0.6
    endloop
  endfacet
  facet normal -0.247706 -0.762344 -0.59789
    outer loop
      vertex 1.09819 2.46657 -0.6
      vertex 0.732125 1.64438 0.6
      vertex 0.561361 2.641 -0.6
    endloop
  endfacet
  facet normal -0.0837997 -0.797186 -0.59789
    outer loop
      vertex 0 2.7 -0.6
      vertex 0.374241 1.76066 0.6
      vertex 0 1.8 0.6
    endloop
  endfacet
  facet normal -0.648481 0.471167 -0.597891
    outer loop
      vertex 1.55885 -0.9 0.6
      vertex 2.00649 -1.80665 -0.6
      vertex 1.33766 -1.20443 0.6
    endloop
  endfacet
  facet normal 0.536365 0.595682 -0.597892
    outer loop
      vertex -1.05801 -1.45623 0.6
      vertex -1.58702 -2.18435 -0.6
      vertex -2.00649 -1.80665 -0.6
    endloop
  endfacet
  facet normal 0.400788 0.694185 -0.597893
    outer loop
      vertex -1.05801 -1.45623 0.6
      vertex -0.732125 -1.64438 0.6
      vertex -1.58702 -2.18435 -0.6
    endloop
  endfacet
  facet normal 0.732284 -0.326021 -0.597888
    outer loop
      vertex -1.55885 0.9 0.6
      vertex -1.7119 0.556231 0.6
      vertex -2.33827 1.35 -0.6
    endloop
  endfacet
  facet normal 0.400782 -0.69419 -0.597891
    outer loop
      vertex -1.09819 2.46657 -0.6
      vertex -0.732125 1.64438 0.6
      vertex -1.58702 2.18435 -0.6
    endloop
  endfacet
  facet normal -0.536365 0.595682 -0.597892
    outer loop
      vertex 2.00649 -1.80665 -0.6
      vertex 1.58702 -2.18435 -0.6
      vertex 1.05801 -1.45623 0.6
    endloop
  endfacet
  facet normal 0.536362 0.595686 -0.597891
    outer loop
      vertex -1.33766 -1.20443 0.6
      vertex -1.05801 -1.45623 0.6
      vertex -2.00649 -1.80665 -0.6
    endloop
  endfacet
  facet normal -0.648488 0.47116 -0.597889
    outer loop
      vertex 2.33827 -1.35 -0.6
      vertex 2.00649 -1.80665 -0.6
      vertex 1.55885 -0.9 0.6
    endloop
  endfacet
  facet normal 0.536362 -0.595686 -0.597891
    outer loop
      vertex -1.05801 1.45623 0.6
      vertex -1.33766 1.20443 0.6
      vertex -2.00649 1.80665 -0.6
    endloop
  endfacet
  facet normal -0.784061 0.166662 -0.59789
    outer loop
      vertex 2.68521 -0.282227 -0.6
      vertex 2.56785 -0.834346 -0.6
      vertex 1.7119 -0.556231 0.6
    endloop
  endfacet
  facet normal 0.648481 -0.471167 -0.597891
    outer loop
      vertex -1.33766 1.20443 0.6
      vertex -1.55885 0.9 0.6
      vertex -2.00649 1.80665 -0.6
    endloop
  endfacet
  facet normal 0.0837855 -0.797185 -0.597893
    outer loop
      vertex 0 2.7 -0.6
      vertex -0.374241 1.76066 0.6
      vertex -0.561361 2.641 -0.6
    endloop
  endfacet
  facet normal 0.0837855 0.797185 -0.597893
    outer loop
      vertex -0.374241 -1.76066 0.6
      vertex 0 -2.7 -0.6
      vertex -0.561361 -2.641 -0.6
    endloop
  endfacet
  facet normal 0.0837997 0.797186 -0.59789
    outer loop
      vertex 0 -1.8 0.6
      vertex 0 -2.7 -0.6
      vertex -0.374241 -1.76066 0.6
    endloop
  endfacet
  facet normal 0.784061 -0.166661 -0.59789
    outer loop
      vertex -1.7119 0.556231 0.6
      vertex -1.79014 0.18815 0.6
      vertex -2.68521 0.282227 -0.6
    endloop
  endfacet
  facet normal 0.0837997 -0.797186 -0.59789
    outer loop
      vertex 0 2.7 -0.6
      vertex 0 1.8 0.6
      vertex -0.374241 1.76066 0.6
    endloop
  endfacet
  facet normal -0.536365 -0.595682 -0.597892
    outer loop
      vertex 1.58702 2.18435 -0.6
      vertex 2.00649 1.80665 -0.6
      vertex 1.05801 1.45623 0.6
    endloop
  endfacet
  facet normal 0.784061 -0.166662 -0.59789
    outer loop
      vertex -2.56785 0.834346 -0.6
      vertex -1.7119 0.556231 0.6
      vertex -2.68521 0.282227 -0.6
    endloop
  endfacet
  facet normal -0.0837855 -0.797185 -0.597893
    outer loop
      vertex 0.561361 2.641 -0.6
      vertex 0.374241 1.76066 0.6
      vertex 0 2.7 -0.6
    endloop
  endfacet
  facet normal -0.247694 0.762346 -0.597893
    outer loop
      vertex 0.732125 -1.64438 0.6
      vertex 0.561361 -2.641 -0.6
      vertex 0.374241 -1.76066 0.6
    endloop
  endfacet
  facet normal 0.400782 0.69419 -0.597891
    outer loop
      vertex -0.732125 -1.64438 0.6
      vertex -1.09819 -2.46657 -0.6
      vertex -1.58702 -2.18435 -0.6
    endloop
  endfacet
  facet normal 0.247706 0.762344 -0.59789
    outer loop
      vertex -0.732125 -1.64438 0.6
      vertex -0.561361 -2.641 -0.6
      vertex -1.09819 -2.46657 -0.6
    endloop
  endfacet
  facet normal 0.247694 -0.762346 -0.597893
    outer loop
      vertex -0.561361 2.641 -0.6
      vertex -0.374241 1.76066 0.6
      vertex -0.732125 1.64438 0.6
    endloop
  endfacet
  facet normal 0.536365 -0.595682 -0.597892
    outer loop
      vertex -1.58702 2.18435 -0.6
      vertex -1.05801 1.45623 0.6
      vertex -2.00649 1.80665 -0.6
    endloop
  endfacet
  facet normal -0.732284 -0.326021 -0.597888
    outer loop
      vertex 2.33827 1.35 -0.6
      vertex 1.7119 0.556231 0.6
      vertex 1.55885 0.9 0.6
    endloop
  endfacet
  facet normal -0.784061 0.166661 -0.59789
    outer loop
      vertex 1.79014 -0.18815 0.6
      vertex 2.68521 -0.282227 -0.6
      vertex 1.7119 -0.556231 0.6
    endloop
  endfacet
  facet normal 0.648488 0.47116 -0.597889
    outer loop
      vertex -1.55885 -0.9 0.6
      vertex -2.00649 -1.80665 -0.6
      vertex -2.33827 -1.35 -0.6
    endloop
  endfacet
  facet normal 0.784061 0.166662 -0.59789
    outer loop
      vertex -1.7119 -0.556231 0.6
      vertex -2.56785 -0.834346 -0.6
      vertex -2.68521 -0.282227 -0.6
    endloop
  endfacet
  facet normal 0.247694 0.762346 -0.597893
    outer loop
      vertex -0.374241 -1.76066 0.6
      vertex -0.561361 -2.641 -0.6
      vertex -0.732125 -1.64438 0.6
    endloop
  endfacet
  facet normal -0.801578 0 -0.59789
    outer loop
      vertex 2.68521 0.282227 -0.6
      vertex 1.79014 -0.18815 0.6
      vertex 1.79014 0.18815 0.6
    endloop
  endfacet
  facet normal -0.801578 0 -0.59789
    outer loop
      vertex 1.79014 -0.18815 0.6
      vertex 2.68521 0.282227 -0.6
      vertex 2.68521 -0.282227 -0.6
    endloop
  endfacet
  facet normal 0.784061 0.166661 -0.59789
    outer loop
      vertex -1.79014 -0.18815 0.6
      vertex -1.7119 -0.556231 0.6
      vertex -2.68521 -0.282227 -0.6
    endloop
  endfacet
  facet normal -0.73228 -0.326027 -0.59789
    outer loop
      vertex 2.33827 1.35 -0.6
      vertex 2.56785 0.834346 -0.6
      vertex 1.7119 0.556231 0.6
    endloop
  endfacet
  facet normal -0.648488 -0.47116 -0.597889
    outer loop
      vertex 2.00649 1.80665 -0.6
      vertex 2.33827 1.35 -0.6
      vertex 1.55885 0.9 0.6
    endloop
  endfacet
  facet normal 0.801578 0 -0.59789
    outer loop
      vertex -1.79014 -0.18815 0.6
      vertex -2.68521 0.282227 -0.6
      vertex -1.79014 0.18815 0.6
    endloop
  endfacet
  facet normal 0.801578 0 -0.59789
    outer loop
      vertex -2.68521 0.282227 -0.6
      vertex -1.79014 -0.18815 0.6
      vertex -2.68521 -0.282227 -0.6
    endloop
  endfacet
  facet normal -0.536362 -0.595686 -0.597891
    outer loop
      vertex 2.00649 1.80665 -0.6
      vertex 1.33766 1.20443 0.6
      vertex 1.05801 1.45623 0.6
    endloop
  endfacet
  facet normal -0.648481 -0.471167 -0.597891
    outer loop
      vertex 2.00649 1.80665 -0.6
      vertex 1.55885 0.9 0.6
      vertex 1.33766 1.20443 0.6
    endloop
  endfacet
  facet normal -0.247694 -0.762346 -0.597893
    outer loop
      vertex 0.561361 2.641 -0.6
      vertex 0.732125 1.64438 0.6
      vertex 0.374241 1.76066 0.6
    endloop
  endfacet
  facet normal -0.400788 -0.694185 -0.597893
    outer loop
      vertex 1.58702 2.18435 -0.6
      vertex 1.05801 1.45623 0.6
      vertex 0.732125 1.64438 0.6
    endloop
  endfacet
  facet normal 0 0 -1
    outer loop
      vertex 1.7119 -0.556231 0.6
      vertex 1.79014 0.18815 0.6
      vertex 1.79014 -0.18815 0.6
    endloop
  endfacet
  facet normal 0 0 -1
    outer loop
      vertex 1.7119 -0.556231 0.6
      vertex 1.7119 0.556231 0.6
      vertex 1.79014 0.18815 0.6
    endloop
  endfacet
  facet normal 0 0 -1
    outer loop
      vertex 1.55885 -0.9 0.6
      vertex 1.7119 0.556231 0.6
      vertex 1.7119 -0.556231 0.6
    endloop
  endfacet
  facet normal 0 0 -1
    outer loop
      vertex 1.55885 -0.9 0.6
      vertex 1.55885 0.9 0.6
      vertex 1.7119 0.556231 0.6
    endloop
  endfacet
  facet normal 0 0 -1
    outer loop
      vertex 1.33766 -1.20443 0.6
      vertex 1.55885 0.9 0.6
      vertex 1.55885 -0.9 0.6
    endloop
  endfacet
  facet normal 0 0 -1
    outer loop
      vertex 1.33766 -1.20443 0.6
      vertex 1.33766 1.20443 0.6
      vertex 1.55885 0.9 0.6
    endloop
  endfacet
  facet normal 0 0 -1
    outer loop
      vertex 1.05801 -1.45623 0.6
      vertex 1.33766 1.20443 0.6
      vertex 1.33766 -1.20443 0.6
    endloop
  endfacet
  facet normal 0 0 -1
    outer loop
      vertex 1.05801 -1.45623 0.6
      vertex 1.05801 1.45623 0.6
      vertex 1.33766 1.20443 0.6
    endloop
  endfacet
  facet normal 0 0 -1
    outer loop
      vertex 0.732125 -1.64438 0.6
      vertex 1.05801 1.45623 0.6
      vertex 1.05801 -1.45623 0.6
    endloop
  endfacet
  facet normal 0 0 -1
    outer loop
      vertex 0.732125 -1.64438 0.6
      vertex 0.732125 1.64438 0.6
      vertex 1.05801 1.45623 0.6
    endloop
  endfacet
  facet normal 0 0 -1
    outer loop
      vertex 0.374241 -1.76066 0.6
      vertex 0.732125 1.64438 0.6
      vertex 0.732125 -1.64438 0.6
    endloop
  endfacet
  facet normal 0 0 -1
    outer loop
      vertex 0.374241 -1.76066 0.6
      vertex 0.374241 1.76066 0.6
      vertex 0.732125 1.64438 0.6
    endloop
  endfacet
  facet normal 0 0 -1
    outer loop
      vertex 0 -1.8 0.6
      vertex 0.374241 1.76066 0.6
      vertex 0.374241 -1.76066 0.6
    endloop
  endfacet
  facet normal 0 0 -1
    outer loop
      vertex 0 -1.8 0.6
      vertex 0 1.8 0.6
      vertex 0.374241 1.76066 0.6
    endloop
  endfacet
  facet normal 0 0 -1
    outer loop
      vertex -0.374241 -1.76066 0.6
      vertex 0 1.8 0.6
      vertex 0 -1.8 0.6
    endloop
  endfacet
  facet normal 0 0 -1
    outer loop
      vertex -0.374241 -1.76066 0.6
      vertex -0.374241 1.76066 0.6
      vertex 0 1.8 0.6
    endloop
  endfacet
  facet normal 0 0 -1
    outer loop
      vertex -0.732125 -1.64438 0.6
      vertex -0.374241 1.76066 0.6
      vertex -0.374241 -1.76066 0.6
    endloop
  endfacet
  facet normal 0 0 -1
    outer loop
      vertex -0.732125 -1.64438 0.6
      vertex -0.732125 1.64438 0.6
      vertex -0.374241 1.76066 0.6
    endloop
  endfacet
  facet normal 0 0 -1
    outer loop
      vertex -1.05801 -1.45623 0.6
      vertex -0.732125 1.64438 0.6
      vertex -0.732125 -1.64438 0.6
    endloop
  endfacet
  facet normal 0 0 -1
    outer loop
      vertex -1.05801 -1.45623 0.6
      vertex -1.05801 1.45623 0.6
      vertex -0.732125 1.64438 0.6
    endloop
  endfacet
  facet normal 0 0 -1
    outer loop
      vertex -1.33766 -1.20443 0.6
      vertex -1.05801 1.45623 0.6
      vertex -1.05801 -1.45623 0.6
    endloop
  endfacet
  facet normal 0 0 -1
    outer loop
      vertex -1.33766 -1.20443 0.6
      vertex -1.33766 1.20443 0.6
      vertex -1.05801 1.45623 0.6
    endloop
  endfacet
  facet normal 0 0 -1
    outer loop
      vertex -1.55885 -0.9 0.6
      vertex -1.33766 1.20443 0.6
      vertex -1.33766 -1.20443 0.6
    endloop
  endfacet
  facet normal 0 0 -1
    outer loop
      vertex -1.55885 -0.9 0.6
      vertex -1.55885 0.9 0.6
      vertex -1.33766 1.20443 0.6
    endloop
  endfacet
  facet normal 0 0 -1
    outer loop
      vertex -1.7119 -0.556231 0.6
      vertex -1.55885 0.9 0.6
      vertex -1.55885 -0.9 0.6
    endloop
  endfacet
  facet normal 0 0 -1
    outer loop
      vertex -1.7119 -0.556231 0.6
      vertex -1.7119 0.556231 0.6
      vertex -1.55885 0.9 0.6
    endloop
  endfacet
  facet normal 0 0 -1
    outer loop
      vertex -1.79014 -0.18815 0.6
      vertex -1.7119 0.556231 0.6
      vertex -1.7119 -0.556231 0.6
    endloop
  endfacet
  facet normal 0 0 -1
    outer loop
      vertex -1.7119 0.556231 0.6
      vertex -1.79014 -0.18815 0.6
      vertex -1.79014 0.18815 0.6
    endloop
  endfacet
  facet normal 0.669126 -0.743149 0
    outer loop
      vertex -9.87806 2.14122 -2.5
      vertex -9.38091 2.58885 -0.6
      vertex -9.87806 2.14122 -0.6
    endloop
  endfacet
  facet normal 0.669126 -0.743149 0
    outer loop
      vertex -9.38091 2.58885 -0.6
      vertex -9.87806 2.14122 -2.5
      vertex -9.38091 2.58885 -2.5
    endloop
  endfacet
  facet normal -0.309021 0.951055 0
    outer loop
      vertex -6.19844 -2.92334 -2.5
      vertex -6.83468 -3.13007 -0.6
      vertex -6.19844 -2.92334 -0.6
    endloop
  endfacet
  facet normal -0.309021 0.951055 0
    outer loop
      vertex -6.83468 -3.13007 -0.6
      vertex -6.19844 -2.92334 -2.5
      vertex -6.83468 -3.13007 -2.5
    endloop
  endfacet
  facet normal -0.104531 0.994522 0
    outer loop
      vertex -6.83468 -3.13007 -2.5
      vertex -7.5 -3.2 -0.6
      vertex -6.83468 -3.13007 -0.6
    endloop
  endfacet
  facet normal -0.104531 0.994522 0
    outer loop
      vertex -7.5 -3.2 -0.6
      vertex -6.83468 -3.13007 -2.5
      vertex -7.5 -3.2 -2.5
    endloop
  endfacet
  facet normal -0.500002 0.866024 0
    outer loop
      vertex -5.61909 -2.58885 -2.5
      vertex -6.19844 -2.92334 -0.6
      vertex -5.61909 -2.58885 -0.6
    endloop
  endfacet
  facet normal -0.500002 0.866024 0
    outer loop
      vertex -6.19844 -2.92334 -0.6
      vertex -5.61909 -2.58885 -2.5
      vertex -6.19844 -2.92334 -2.5
    endloop
  endfacet
  facet normal 0.309021 0.951055 -0
    outer loop
      vertex -8.16532 -3.13007 -2.5
      vertex -8.80156 -2.92334 -0.6
      vertex -8.16532 -3.13007 -0.6
    endloop
  endfacet
  facet normal 0.309021 0.951055 0
    outer loop
      vertex -8.80156 -2.92334 -0.6
      vertex -8.16532 -3.13007 -2.5
      vertex -8.80156 -2.92334 -2.5
    endloop
  endfacet
  facet normal 0.809002 0.587805 0
    outer loop
      vertex -9.87806 -2.14122 -0.6
      vertex -10.2713 -1.6 -2.5
      vertex -10.2713 -1.6 -0.6
    endloop
  endfacet
  facet normal 0.809002 0.587805 0
    outer loop
      vertex -10.2713 -1.6 -2.5
      vertex -9.87806 -2.14122 -0.6
      vertex -9.87806 -2.14122 -2.5
    endloop
  endfacet
  facet normal 0.669126 0.743149 -0
    outer loop
      vertex -9.38091 -2.58885 -2.5
      vertex -9.87806 -2.14122 -0.6
      vertex -9.38091 -2.58885 -0.6
    endloop
  endfacet
  facet normal 0.669126 0.743149 0
    outer loop
      vertex -9.87806 -2.14122 -0.6
      vertex -9.38091 -2.58885 -2.5
      vertex -9.87806 -2.14122 -2.5
    endloop
  endfacet
  facet normal 0.104531 0.994522 -0
    outer loop
      vertex -7.5 -3.2 -2.5
      vertex -8.16532 -3.13007 -0.6
      vertex -7.5 -3.2 -0.6
    endloop
  endfacet
  facet normal 0.104531 0.994522 0
    outer loop
      vertex -8.16532 -3.13007 -0.6
      vertex -7.5 -3.2 -2.5
      vertex -8.16532 -3.13007 -2.5
    endloop
  endfacet
  facet normal 0.913546 -0.406736 0
    outer loop
      vertex -10.5434 0.988853 -0.6
      vertex -10.2713 1.6 -2.5
      vertex -10.2713 1.6 -0.6
    endloop
  endfacet
  facet normal 0.913546 -0.406736 0
    outer loop
      vertex -10.2713 1.6 -2.5
      vertex -10.5434 0.988853 -0.6
      vertex -10.5434 0.988853 -2.5
    endloop
  endfacet
  facet normal -0.913546 0.406736 0
    outer loop
      vertex -4.72872 -1.6 -2.5
      vertex -4.45662 -0.988853 -0.6
      vertex -4.45662 -0.988853 -2.5
    endloop
  endfacet
  facet normal -0.913546 0.406736 0
    outer loop
      vertex -4.45662 -0.988853 -0.6
      vertex -4.72872 -1.6 -2.5
      vertex -4.72872 -1.6 -0.6
    endloop
  endfacet
  facet normal -0.669126 0.743149 0
    outer loop
      vertex -5.12194 -2.14122 -2.5
      vertex -5.61909 -2.58885 -0.6
      vertex -5.12194 -2.14122 -0.6
    endloop
  endfacet
  facet normal -0.669126 0.743149 0
    outer loop
      vertex -5.61909 -2.58885 -0.6
      vertex -5.12194 -2.14122 -2.5
      vertex -5.61909 -2.58885 -2.5
    endloop
  endfacet
  facet normal 0.809002 -0.587805 0
    outer loop
      vertex -10.2713 1.6 -0.6
      vertex -9.87806 2.14122 -2.5
      vertex -9.87806 2.14122 -0.6
    endloop
  endfacet
  facet normal 0.809002 -0.587805 0
    outer loop
      vertex -9.87806 2.14122 -2.5
      vertex -10.2713 1.6 -0.6
      vertex -10.2713 1.6 -2.5
    endloop
  endfacet
  facet normal -0.669126 -0.743149 0
    outer loop
      vertex -5.61909 2.58885 -2.5
      vertex -5.12194 2.14122 -0.6
      vertex -5.61909 2.58885 -0.6
    endloop
  endfacet
  facet normal -0.669126 -0.743149 -0
    outer loop
      vertex -5.12194 2.14122 -0.6
      vertex -5.61909 2.58885 -2.5
      vertex -5.12194 2.14122 -2.5
    endloop
  endfacet
  facet normal -1 0 0
    outer loop
      vertex -4.31753 -0.334491 -2.5
      vertex -4.31753 0.334491 -0.6
      vertex -4.31753 0.334491 -2.5
    endloop
  endfacet
  facet normal -1 -0 0
    outer loop
      vertex -4.31753 0.334491 -0.6
      vertex -4.31753 -0.334491 -2.5
      vertex -4.31753 -0.334491 -0.6
    endloop
  endfacet
  facet normal 0.913546 0.406736 0
    outer loop
      vertex -10.2713 -1.6 -0.6
      vertex -10.5434 -0.988853 -2.5
      vertex -10.5434 -0.988853 -0.6
    endloop
  endfacet
  facet normal 0.913546 0.406736 0
    outer loop
      vertex -10.5434 -0.988853 -2.5
      vertex -10.2713 -1.6 -0.6
      vertex -10.2713 -1.6 -2.5
    endloop
  endfacet
  facet normal 0.978144 0.207928 0
    outer loop
      vertex -10.5434 -0.988853 -0.6
      vertex -10.6825 -0.334491 -2.5
      vertex -10.6825 -0.334491 -0.6
    endloop
  endfacet
  facet normal 0.978144 0.207928 0
    outer loop
      vertex -10.6825 -0.334491 -2.5
      vertex -10.5434 -0.988853 -0.6
      vertex -10.5434 -0.988853 -2.5
    endloop
  endfacet
  facet normal -0.309021 -0.951055 0
    outer loop
      vertex -6.83468 3.13007 -2.5
      vertex -6.19844 2.92334 -0.6
      vertex -6.83468 3.13007 -0.6
    endloop
  endfacet
  facet normal -0.309021 -0.951055 -0
    outer loop
      vertex -6.19844 2.92334 -0.6
      vertex -6.83468 3.13007 -2.5
      vertex -6.19844 2.92334 -2.5
    endloop
  endfacet
  facet normal 0.309021 -0.951055 0
    outer loop
      vertex -8.80156 2.92334 -2.5
      vertex -8.16532 3.13007 -0.6
      vertex -8.80156 2.92334 -0.6
    endloop
  endfacet
  facet normal 0.309021 -0.951055 0
    outer loop
      vertex -8.16532 3.13007 -0.6
      vertex -8.80156 2.92334 -2.5
      vertex -8.16532 3.13007 -2.5
    endloop
  endfacet
  facet normal -0.913546 -0.406736 0
    outer loop
      vertex -4.45662 0.988853 -2.5
      vertex -4.72872 1.6 -0.6
      vertex -4.72872 1.6 -2.5
    endloop
  endfacet
  facet normal -0.913546 -0.406736 0
    outer loop
      vertex -4.72872 1.6 -0.6
      vertex -4.45662 0.988853 -2.5
      vertex -4.45662 0.988853 -0.6
    endloop
  endfacet
  facet normal 0.978144 -0.207928 0
    outer loop
      vertex -10.6825 0.334491 -0.6
      vertex -10.5434 0.988853 -2.5
      vertex -10.5434 0.988853 -0.6
    endloop
  endfacet
  facet normal 0.978144 -0.207928 0
    outer loop
      vertex -10.5434 0.988853 -2.5
      vertex -10.6825 0.334491 -0.6
      vertex -10.6825 0.334491 -2.5
    endloop
  endfacet
  facet normal -0.978147 0.207913 0
    outer loop
      vertex -4.45662 -0.988853 -2.5
      vertex -4.31753 -0.334491 -0.6
      vertex -4.31753 -0.334491 -2.5
    endloop
  endfacet
  facet normal -0.978147 0.207913 0
    outer loop
      vertex -4.31753 -0.334491 -0.6
      vertex -4.45662 -0.988853 -2.5
      vertex -4.45662 -0.988853 -0.6
    endloop
  endfacet
  facet normal 0.104531 -0.994522 0
    outer loop
      vertex -8.16532 3.13007 -2.5
      vertex -7.5 3.2 -0.6
      vertex -8.16532 3.13007 -0.6
    endloop
  endfacet
  facet normal 0.104531 -0.994522 0
    outer loop
      vertex -7.5 3.2 -0.6
      vertex -8.16532 3.13007 -2.5
      vertex -7.5 3.2 -2.5
    endloop
  endfacet
  facet normal -0.104531 -0.994522 0
    outer loop
      vertex -7.5 3.2 -2.5
      vertex -6.83468 3.13007 -0.6
      vertex -7.5 3.2 -0.6
    endloop
  endfacet
  facet normal -0.104531 -0.994522 -0
    outer loop
      vertex -6.83468 3.13007 -0.6
      vertex -7.5 3.2 -2.5
      vertex -6.83468 3.13007 -2.5
    endloop
  endfacet
  facet normal 0.500002 -0.866024 0
    outer loop
      vertex -9.38091 2.58885 -2.5
      vertex -8.80156 2.92334 -0.6
      vertex -9.38091 2.58885 -0.6
    endloop
  endfacet
  facet normal 0.500002 -0.866024 0
    outer loop
      vertex -8.80156 2.92334 -0.6
      vertex -9.38091 2.58885 -2.5
      vertex -8.80156 2.92334 -2.5
    endloop
  endfacet
  facet normal -0.500002 -0.866024 0
    outer loop
      vertex -6.19844 2.92334 -2.5
      vertex -5.61909 2.58885 -0.6
      vertex -6.19844 2.92334 -0.6
    endloop
  endfacet
  facet normal -0.500002 -0.866024 -0
    outer loop
      vertex -5.61909 2.58885 -0.6
      vertex -6.19844 2.92334 -2.5
      vertex -5.61909 2.58885 -2.5
    endloop
  endfacet
  facet normal 0.500002 0.866024 -0
    outer loop
      vertex -8.80156 -2.92334 -2.5
      vertex -9.38091 -2.58885 -0.6
      vertex -8.80156 -2.92334 -0.6
    endloop
  endfacet
  facet normal 0.500002 0.866024 0
    outer loop
      vertex -9.38091 -2.58885 -0.6
      vertex -8.80156 -2.92334 -2.5
      vertex -9.38091 -2.58885 -2.5
    endloop
  endfacet
  facet normal -0.809017 0.587786 0
    outer loop
      vertex -5.12194 -2.14122 -2.5
      vertex -4.72872 -1.6 -0.6
      vertex -4.72872 -1.6 -2.5
    endloop
  endfacet
  facet normal -0.809017 0.587786 0
    outer loop
      vertex -4.72872 -1.6 -0.6
      vertex -5.12194 -2.14122 -2.5
      vertex -5.12194 -2.14122 -0.6
    endloop
  endfacet
  facet normal -0.809017 -0.587786 0
    outer loop
      vertex -4.72872 1.6 -2.5
      vertex -5.12194 2.14122 -0.6
      vertex -5.12194 2.14122 -2.5
    endloop
  endfacet
  facet normal -0.809017 -0.587786 0
    outer loop
      vertex -5.12194 2.14122 -0.6
      vertex -4.72872 1.6 -2.5
      vertex -4.72872 1.6 -0.6
    endloop
  endfacet
  facet normal -0.978147 -0.207913 0
    outer loop
      vertex -4.31753 0.334491 -2.5
      vertex -4.45662 0.988853 -0.6
      vertex -4.45662 0.988853 -2.5
    endloop
  endfacet
  facet normal -0.978147 -0.207913 0
    outer loop
      vertex -4.45662 0.988853 -0.6
      vertex -4.31753 0.334491 -2.5
      vertex -4.31753 0.334491 -0.6
    endloop
  endfacet
  facet normal 1 -0 0
    outer loop
      vertex -10.6825 -0.334491 -0.6
      vertex -10.6825 0.334491 -2.5
      vertex -10.6825 0.334491 -0.6
    endloop
  endfacet
  facet normal 1 0 0
    outer loop
      vertex -10.6825 0.334491 -2.5
      vertex -10.6825 -0.334491 -0.6
      vertex -10.6825 -0.334491 -2.5
    endloop
  endfacet
  facet normal -0.078318 0.745113 -0.662324
    outer loop
      vertex -7.5 -2.13333 0.6
      vertex -7.05646 -2.08671 0.6
      vertex -7.5 -3.2 -0.6
    endloop
  endfacet
  facet normal -0.0783168 0.745112 -0.662325
    outer loop
      vertex -7.05646 -2.08671 0.6
      vertex -6.83468 -3.13007 -0.6
      vertex -7.5 -3.2 -0.6
    endloop
  endfacet
  facet normal 0.374615 0.648839 -0.662323
    outer loop
      vertex -8.75394 -1.7259 0.6
      vertex -8.3677 -1.9489 0.6
      vertex -9.38091 -2.58885 -0.6
    endloop
  endfacet
  facet normal -0.374611 -0.648842 -0.662322
    outer loop
      vertex -6.19844 2.92334 -0.6
      vertex -5.61909 2.58885 -0.6
      vertex -6.6323 1.9489 0.6
    endloop
  endfacet
  facet normal -0.60613 0.44038 -0.662323
    outer loop
      vertex -4.72872 -1.6 -0.6
      vertex -5.12194 -2.14122 -0.6
      vertex -5.65248 -1.06667 0.6
    endloop
  endfacet
  facet normal -0.732846 0.155772 -0.662323
    outer loop
      vertex -4.31753 -0.334491 -0.6
      vertex -4.45662 -0.988853 -0.6
      vertex -5.47108 -0.659236 0.6
    endloop
  endfacet
  facet normal 0.501324 -0.556778 -0.662324
    outer loop
      vertex -8.75394 1.7259 0.6
      vertex -9.08537 1.42748 0.6
      vertex -9.87806 2.14122 -0.6
    endloop
  endfacet
  facet normal -0.501324 0.556778 -0.662324
    outer loop
      vertex -5.91463 -1.42748 0.6
      vertex -5.12194 -2.14122 -0.6
      vertex -6.24606 -1.7259 0.6
    endloop
  endfacet
  facet normal 0.231524 0.712546 -0.662325
    outer loop
      vertex -7.94354 -2.08671 0.6
      vertex -8.16532 -3.13007 -0.6
      vertex -8.80156 -2.92334 -0.6
    endloop
  endfacet
  facet normal -0.684445 0.304735 -0.662323
    outer loop
      vertex -4.45662 -0.988853 -0.6
      vertex -4.72872 -1.6 -0.6
      vertex -5.65248 -1.06667 0.6
    endloop
  endfacet
  facet normal 0.374611 -0.648842 -0.662322
    outer loop
      vertex -8.80156 2.92334 -0.6
      vertex -8.3677 1.9489 0.6
      vertex -9.38091 2.58885 -0.6
    endloop
  endfacet
  facet normal -0.374611 0.648842 -0.662322
    outer loop
      vertex -5.61909 -2.58885 -0.6
      vertex -6.19844 -2.92334 -0.6
      vertex -6.6323 -1.9489 0.6
    endloop
  endfacet
  facet normal 0.23151 -0.712555 -0.662321
    outer loop
      vertex -7.94354 2.08671 0.6
      vertex -8.3677 1.9489 0.6
      vertex -8.80156 2.92334 -0.6
    endloop
  endfacet
  facet normal -0.078318 -0.745113 -0.662324
    outer loop
      vertex -7.5 3.2 -0.6
      vertex -7.05646 2.08671 0.6
      vertex -7.5 2.13333 0.6
    endloop
  endfacet
  facet normal -0.501324 -0.556778 -0.662324
    outer loop
      vertex -5.12194 2.14122 -0.6
      vertex -5.91463 1.42748 0.6
      vertex -6.24606 1.7259 0.6
    endloop
  endfacet
  facet normal -0.0783168 -0.745112 -0.662325
    outer loop
      vertex -6.83468 3.13007 -0.6
      vertex -7.05646 2.08671 0.6
      vertex -7.5 3.2 -0.6
    endloop
  endfacet
  facet normal 0.68444 -0.304732 -0.662329
    outer loop
      vertex -10.2713 1.6 -0.6
      vertex -9.34752 1.06667 0.6
      vertex -10.5434 0.988853 -0.6
    endloop
  endfacet
  facet normal -0.501321 0.556781 -0.662323
    outer loop
      vertex -5.12194 -2.14122 -0.6
      vertex -5.61909 -2.58885 -0.6
      vertex -6.24606 -1.7259 0.6
    endloop
  endfacet
  facet normal -0.606124 0.440386 -0.662325
    outer loop
      vertex -5.65248 -1.06667 0.6
      vertex -5.12194 -2.14122 -0.6
      vertex -5.91463 -1.42748 0.6
    endloop
  endfacet
  facet normal 0.374615 -0.648839 -0.662323
    outer loop
      vertex -8.3677 1.9489 0.6
      vertex -8.75394 1.7259 0.6
      vertex -9.38091 2.58885 -0.6
    endloop
  endfacet
  facet normal -0.684446 0.304733 -0.662323
    outer loop
      vertex -5.47108 -0.659236 0.6
      vertex -4.45662 -0.988853 -0.6
      vertex -5.65248 -1.06667 0.6
    endloop
  endfacet
  facet normal -0.231524 -0.712546 -0.662325
    outer loop
      vertex -6.83468 3.13007 -0.6
      vertex -6.19844 2.92334 -0.6
      vertex -7.05646 2.08671 0.6
    endloop
  endfacet
  facet normal -0.374615 -0.648839 -0.662323
    outer loop
      vertex -5.61909 2.58885 -0.6
      vertex -6.24606 1.7259 0.6
      vertex -6.6323 1.9489 0.6
    endloop
  endfacet
  facet normal 0.231524 -0.712546 -0.662325
    outer loop
      vertex -8.16532 3.13007 -0.6
      vertex -7.94354 2.08671 0.6
      vertex -8.80156 2.92334 -0.6
    endloop
  endfacet
  facet normal 0.0783168 -0.745112 -0.662325
    outer loop
      vertex -7.5 3.2 -0.6
      vertex -7.94354 2.08671 0.6
      vertex -8.16532 3.13007 -0.6
    endloop
  endfacet
  facet normal -0.374615 0.648839 -0.662323
    outer loop
      vertex -6.24606 -1.7259 0.6
      vertex -5.61909 -2.58885 -0.6
      vertex -6.6323 -1.9489 0.6
    endloop
  endfacet
  facet normal -0.23151 0.712555 -0.662321
    outer loop
      vertex -6.6323 -1.9489 0.6
      vertex -6.19844 -2.92334 -0.6
      vertex -7.05646 -2.08671 0.6
    endloop
  endfacet
  facet normal -0.231524 0.712546 -0.662325
    outer loop
      vertex -6.19844 -2.92334 -0.6
      vertex -6.83468 -3.13007 -0.6
      vertex -7.05646 -2.08671 0.6
    endloop
  endfacet
  facet normal 0.732837 0.155776 -0.662332
    outer loop
      vertex -9.62165 -0.222994 0.6
      vertex -9.52892 -0.659236 0.6
      vertex -10.6825 -0.334491 -0.6
    endloop
  endfacet
  facet normal 0.606124 -0.440386 -0.662325
    outer loop
      vertex -9.08537 1.42748 0.6
      vertex -9.34752 1.06667 0.6
      vertex -9.87806 2.14122 -0.6
    endloop
  endfacet
  facet normal -0.501321 -0.556781 -0.662323
    outer loop
      vertex -5.61909 2.58885 -0.6
      vertex -5.12194 2.14122 -0.6
      vertex -6.24606 1.7259 0.6
    endloop
  endfacet
  facet normal 0.732837 0.155782 -0.662331
    outer loop
      vertex -9.52892 -0.659236 0.6
      vertex -10.5434 -0.988853 -0.6
      vertex -10.6825 -0.334491 -0.6
    endloop
  endfacet
  facet normal 0 0 -1
    outer loop
      vertex -5.47108 -0.659236 0.6
      vertex -5.37835 0.222994 0.6
      vertex -5.37835 -0.222994 0.6
    endloop
  endfacet
  facet normal 0 0 -1
    outer loop
      vertex -5.47108 -0.659236 0.6
      vertex -5.47108 0.659236 0.6
      vertex -5.37835 0.222994 0.6
    endloop
  endfacet
  facet normal 0 0 -1
    outer loop
      vertex -5.65248 -1.06667 0.6
      vertex -5.47108 0.659236 0.6
      vertex -5.47108 -0.659236 0.6
    endloop
  endfacet
  facet normal 0 0 -1
    outer loop
      vertex -5.65248 -1.06667 0.6
      vertex -5.65248 1.06667 0.6
      vertex -5.47108 0.659236 0.6
    endloop
  endfacet
  facet normal 0 0 -1
    outer loop
      vertex -5.91463 -1.42748 0.6
      vertex -5.65248 1.06667 0.6
      vertex -5.65248 -1.06667 0.6
    endloop
  endfacet
  facet normal 0 0 -1
    outer loop
      vertex -5.91463 -1.42748 0.6
      vertex -5.91463 1.42748 0.6
      vertex -5.65248 1.06667 0.6
    endloop
  endfacet
  facet normal 0 0 -1
    outer loop
      vertex -6.24606 -1.7259 0.6
      vertex -5.91463 1.42748 0.6
      vertex -5.91463 -1.42748 0.6
    endloop
  endfacet
  facet normal 0 0 -1
    outer loop
      vertex -6.24606 -1.7259 0.6
      vertex -6.24606 1.7259 0.6
      vertex -5.91463 1.42748 0.6
    endloop
  endfacet
  facet normal 0 0 -1
    outer loop
      vertex -6.6323 -1.9489 0.6
      vertex -6.24606 1.7259 0.6
      vertex -6.24606 -1.7259 0.6
    endloop
  endfacet
  facet normal 0 0 -1
    outer loop
      vertex -6.6323 -1.9489 0.6
      vertex -6.6323 1.9489 0.6
      vertex -6.24606 1.7259 0.6
    endloop
  endfacet
  facet normal 0 0 -1
    outer loop
      vertex -7.05646 -2.08671 0.6
      vertex -6.6323 1.9489 0.6
      vertex -6.6323 -1.9489 0.6
    endloop
  endfacet
  facet normal 0 0 -1
    outer loop
      vertex -7.05646 -2.08671 0.6
      vertex -7.05646 2.08671 0.6
      vertex -6.6323 1.9489 0.6
    endloop
  endfacet
  facet normal 0 0 -1
    outer loop
      vertex -7.5 -2.13333 0.6
      vertex -7.05646 2.08671 0.6
      vertex -7.05646 -2.08671 0.6
    endloop
  endfacet
  facet normal 0 0 -1
    outer loop
      vertex -7.5 -2.13333 0.6
      vertex -7.5 2.13333 0.6
      vertex -7.05646 2.08671 0.6
    endloop
  endfacet
  facet normal 0 0 -1
    outer loop
      vertex -7.94354 -2.08671 0.6
      vertex -7.5 2.13333 0.6
      vertex -7.5 -2.13333 0.6
    endloop
  endfacet
  facet normal 0 0 -1
    outer loop
      vertex -7.94354 -2.08671 0.6
      vertex -7.94354 2.08671 0.6
      vertex -7.5 2.13333 0.6
    endloop
  endfacet
  facet normal 0 0 -1
    outer loop
      vertex -8.3677 -1.9489 0.6
      vertex -7.94354 2.08671 0.6
      vertex -7.94354 -2.08671 0.6
    endloop
  endfacet
  facet normal 0 0 -1
    outer loop
      vertex -8.3677 -1.9489 0.6
      vertex -8.3677 1.9489 0.6
      vertex -7.94354 2.08671 0.6
    endloop
  endfacet
  facet normal 0 0 -1
    outer loop
      vertex -8.75394 -1.7259 0.6
      vertex -8.3677 1.9489 0.6
      vertex -8.3677 -1.9489 0.6
    endloop
  endfacet
  facet normal 0 0 -1
    outer loop
      vertex -8.75394 -1.7259 0.6
      vertex -8.75394 1.7259 0.6
      vertex -8.3677 1.9489 0.6
    endloop
  endfacet
  facet normal 0 0 -1
    outer loop
      vertex -9.08537 -1.42748 0.6
      vertex -8.75394 1.7259 0.6
      vertex -8.75394 -1.7259 0.6
    endloop
  endfacet
  facet normal 0 0 -1
    outer loop
      vertex -9.08537 -1.42748 0.6
      vertex -9.08537 1.42748 0.6
      vertex -8.75394 1.7259 0.6
    endloop
  endfacet
  facet normal 0 0 -1
    outer loop
      vertex -9.34752 -1.06667 0.6
      vertex -9.08537 1.42748 0.6
      vertex -9.08537 -1.42748 0.6
    endloop
  endfacet
  facet normal 0 0 -1
    outer loop
      vertex -9.34752 -1.06667 0.6
      vertex -9.34752 1.06667 0.6
      vertex -9.08537 1.42748 0.6
    endloop
  endfacet
  facet normal 0 0 -1
    outer loop
      vertex -9.52892 -0.659236 0.6
      vertex -9.34752 1.06667 0.6
      vertex -9.34752 -1.06667 0.6
    endloop
  endfacet
  facet normal 0 0 -1
    outer loop
      vertex -9.52892 -0.659236 0.6
      vertex -9.52892 0.659236 0.6
      vertex -9.34752 1.06667 0.6
    endloop
  endfacet
  facet normal 0 0 -1
    outer loop
      vertex -9.62165 -0.222994 0.6
      vertex -9.52892 0.659236 0.6
      vertex -9.52892 -0.659236 0.6
    endloop
  endfacet
  facet normal 0 0 -1
    outer loop
      vertex -9.52892 0.659236 0.6
      vertex -9.62165 -0.222994 0.6
      vertex -9.62165 0.222994 0.6
    endloop
  endfacet
  facet normal -0.732846 -0.155772 -0.662323
    outer loop
      vertex -4.45662 0.988853 -0.6
      vertex -4.31753 0.334491 -0.6
      vertex -5.47108 0.659236 0.6
    endloop
  endfacet
  facet normal -0.732846 -0.155778 -0.662322
    outer loop
      vertex -4.31753 0.334491 -0.6
      vertex -5.37835 0.222994 0.6
      vertex -5.47108 0.659236 0.6
    endloop
  endfacet
  facet normal -0.684445 -0.304735 -0.662323
    outer loop
      vertex -4.72872 1.6 -0.6
      vertex -4.45662 0.988853 -0.6
      vertex -5.65248 1.06667 0.6
    endloop
  endfacet
  facet normal 0.501321 -0.556781 -0.662323
    outer loop
      vertex -9.38091 2.58885 -0.6
      vertex -8.75394 1.7259 0.6
      vertex -9.87806 2.14122 -0.6
    endloop
  endfacet
  facet normal 0.606116 0.440392 -0.662327
    outer loop
      vertex -9.34752 -1.06667 0.6
      vertex -9.87806 -2.14122 -0.6
      vertex -10.2713 -1.6 -0.6
    endloop
  endfacet
  facet normal 0.684441 -0.30473 -0.66233
    outer loop
      vertex -9.34752 1.06667 0.6
      vertex -9.52892 0.659236 0.6
      vertex -10.5434 0.988853 -0.6
    endloop
  endfacet
  facet normal 0.606124 0.440386 -0.662325
    outer loop
      vertex -9.34752 -1.06667 0.6
      vertex -9.08537 -1.42748 0.6
      vertex -9.87806 -2.14122 -0.6
    endloop
  endfacet
  facet normal 0.0783168 0.745112 -0.662325
    outer loop
      vertex -7.94354 -2.08671 0.6
      vertex -7.5 -3.2 -0.6
      vertex -8.16532 -3.13007 -0.6
    endloop
  endfacet
  facet normal 0.078318 0.745113 -0.662324
    outer loop
      vertex -7.5 -2.13333 0.6
      vertex -7.5 -3.2 -0.6
      vertex -7.94354 -2.08671 0.6
    endloop
  endfacet
  facet normal 0.732837 -0.155776 -0.662332
    outer loop
      vertex -9.52892 0.659236 0.6
      vertex -9.62165 0.222994 0.6
      vertex -10.6825 0.334491 -0.6
    endloop
  endfacet
  facet normal 0.078318 -0.745113 -0.662324
    outer loop
      vertex -7.5 3.2 -0.6
      vertex -7.5 2.13333 0.6
      vertex -7.94354 2.08671 0.6
    endloop
  endfacet
  facet normal 0.501324 0.556778 -0.662324
    outer loop
      vertex -9.08537 -1.42748 0.6
      vertex -8.75394 -1.7259 0.6
      vertex -9.87806 -2.14122 -0.6
    endloop
  endfacet
  facet normal 0.501321 0.556781 -0.662323
    outer loop
      vertex -8.75394 -1.7259 0.6
      vertex -9.38091 -2.58885 -0.6
      vertex -9.87806 -2.14122 -0.6
    endloop
  endfacet
  facet normal 0.606116 -0.440392 -0.662327
    outer loop
      vertex -9.87806 2.14122 -0.6
      vertex -9.34752 1.06667 0.6
      vertex -10.2713 1.6 -0.6
    endloop
  endfacet
  facet normal 0.74921 0 -0.662333
    outer loop
      vertex -9.62165 -0.222994 0.6
      vertex -10.6825 0.334491 -0.6
      vertex -9.62165 0.222994 0.6
    endloop
  endfacet
  facet normal 0.74921 0 -0.662333
    outer loop
      vertex -10.6825 0.334491 -0.6
      vertex -9.62165 -0.222994 0.6
      vertex -10.6825 -0.334491 -0.6
    endloop
  endfacet
  facet normal -0.60613 -0.44038 -0.662323
    outer loop
      vertex -5.12194 2.14122 -0.6
      vertex -4.72872 1.6 -0.6
      vertex -5.65248 1.06667 0.6
    endloop
  endfacet
  facet normal -0.732846 0.155778 -0.662322
    outer loop
      vertex -5.37835 -0.222994 0.6
      vertex -4.31753 -0.334491 -0.6
      vertex -5.47108 -0.659236 0.6
    endloop
  endfacet
  facet normal -0.606124 -0.440386 -0.662325
    outer loop
      vertex -5.12194 2.14122 -0.6
      vertex -5.65248 1.06667 0.6
      vertex -5.91463 1.42748 0.6
    endloop
  endfacet
  facet normal -0.749219 0 -0.662322
    outer loop
      vertex -4.31753 0.334491 -0.6
      vertex -5.37835 -0.222994 0.6
      vertex -5.37835 0.222994 0.6
    endloop
  endfacet
  facet normal -0.749219 0 -0.662322
    outer loop
      vertex -5.37835 -0.222994 0.6
      vertex -4.31753 0.334491 -0.6
      vertex -4.31753 -0.334491 -0.6
    endloop
  endfacet
  facet normal -0.684446 -0.304733 -0.662323
    outer loop
      vertex -4.45662 0.988853 -0.6
      vertex -5.47108 0.659236 0.6
      vertex -5.65248 1.06667 0.6
    endloop
  endfacet
  facet normal 0.732837 -0.155782 -0.662331
    outer loop
      vertex -10.5434 0.988853 -0.6
      vertex -9.52892 0.659236 0.6
      vertex -10.6825 0.334491 -0.6
    endloop
  endfacet
  facet normal -0.23151 -0.712555 -0.662321
    outer loop
      vertex -6.19844 2.92334 -0.6
      vertex -6.6323 1.9489 0.6
      vertex -7.05646 2.08671 0.6
    endloop
  endfacet
  facet normal 0.684441 0.30473 -0.66233
    outer loop
      vertex -9.52892 -0.659236 0.6
      vertex -9.34752 -1.06667 0.6
      vertex -10.5434 -0.988853 -0.6
    endloop
  endfacet
  facet normal 0.374611 0.648842 -0.662322
    outer loop
      vertex -8.3677 -1.9489 0.6
      vertex -8.80156 -2.92334 -0.6
      vertex -9.38091 -2.58885 -0.6
    endloop
  endfacet
  facet normal 0.68444 0.304732 -0.662329
    outer loop
      vertex -9.34752 -1.06667 0.6
      vertex -10.2713 -1.6 -0.6
      vertex -10.5434 -0.988853 -0.6
    endloop
  endfacet
  facet normal 0.23151 0.712555 -0.662321
    outer loop
      vertex -8.3677 -1.9489 0.6
      vertex -7.94354 -2.08671 0.6
      vertex -8.80156 -2.92334 -0.6
    endloop
  endfacet
  facet normal 0.978148 -0.20791 0
    outer loop
      vertex 4.32027 0.386755 -0.6
      vertex 4.48109 1.14336 -2.5
      vertex 4.48109 1.14336 -0.6
    endloop
  endfacet
  facet normal 0.978148 -0.20791 0
    outer loop
      vertex 4.48109 1.14336 -2.5
      vertex 4.32027 0.386755 -0.6
      vertex 4.32027 0.386755 -2.5
    endloop
  endfacet
  facet normal -0.30902 0.951055 0
    outer loop
      vertex 9.50492 -3.38012 -2.5
      vertex 8.76927 -3.61915 -0.6
      vertex 9.50492 -3.38012 -0.6
    endloop
  endfacet
  facet normal -0.30902 0.951055 0
    outer loop
      vertex 8.76927 -3.61915 -0.6
      vertex 9.50492 -3.38012 -2.5
      vertex 8.76927 -3.61915 -2.5
    endloop
  endfacet
  facet normal -0.104524 0.994522 0
    outer loop
      vertex 8.76927 -3.61915 -2.5
      vertex 8 -3.7 -0.6
      vertex 8.76927 -3.61915 -0.6
    endloop
  endfacet
  facet normal -0.104524 0.994522 0
    outer loop
      vertex 8 -3.7 -0.6
      vertex 8.76927 -3.61915 -2.5
      vertex 8 -3.7 -2.5
    endloop
  endfacet
  facet normal -0.500004 0.866023 0
    outer loop
      vertex 10.1748 -2.99336 -2.5
      vertex 9.50492 -3.38012 -0.6
      vertex 10.1748 -2.99336 -0.6
    endloop
  endfacet
  facet normal -0.500004 0.866023 0
    outer loop
      vertex 9.50492 -3.38012 -0.6
      vertex 10.1748 -2.99336 -2.5
      vertex 9.50492 -3.38012 -2.5
    endloop
  endfacet
  facet normal 0.104524 0.994522 -0
    outer loop
      vertex 8 -3.7 -2.5
      vertex 7.23073 -3.61915 -0.6
      vertex 8 -3.7 -0.6
    endloop
  endfacet
  facet normal 0.104524 0.994522 0
    outer loop
      vertex 7.23073 -3.61915 -0.6
      vertex 8 -3.7 -2.5
      vertex 7.23073 -3.61915 -2.5
    endloop
  endfacet
  facet normal -0.66915 0.743127 0
    outer loop
      vertex 10.7496 -2.47578 -2.5
      vertex 10.1748 -2.99336 -0.6
      vertex 10.7496 -2.47578 -0.6
    endloop
  endfacet
  facet normal -0.66915 0.743127 0
    outer loop
      vertex 10.1748 -2.99336 -0.6
      vertex 10.7496 -2.47578 -2.5
      vertex 10.1748 -2.99336 -2.5
    endloop
  endfacet
  facet normal 0.30902 -0.951055 0
    outer loop
      vertex 6.49508 3.38012 -2.5
      vertex 7.23073 3.61915 -0.6
      vertex 6.49508 3.38012 -0.6
    endloop
  endfacet
  facet normal 0.30902 -0.951055 0
    outer loop
      vertex 7.23073 3.61915 -0.6
      vertex 6.49508 3.38012 -2.5
      vertex 7.23073 3.61915 -2.5
    endloop
  endfacet
  facet normal -0.66915 -0.743127 0
    outer loop
      vertex 10.1748 2.99336 -2.5
      vertex 10.7496 2.47578 -0.6
      vertex 10.1748 2.99336 -0.6
    endloop
  endfacet
  facet normal -0.66915 -0.743127 -0
    outer loop
      vertex 10.7496 2.47578 -0.6
      vertex 10.1748 2.99336 -2.5
      vertex 10.7496 2.47578 -2.5
    endloop
  endfacet
  facet normal -0.30902 -0.951055 0
    outer loop
      vertex 8.76927 3.61915 -2.5
      vertex 9.50492 3.38012 -0.6
      vertex 8.76927 3.61915 -0.6
    endloop
  endfacet
  facet normal -0.30902 -0.951055 -0
    outer loop
      vertex 9.50492 3.38012 -0.6
      vertex 8.76927 3.61915 -2.5
      vertex 9.50492 3.38012 -2.5
    endloop
  endfacet
  facet normal 0.809021 0.58778 0
    outer loop
      vertex 5.25036 -2.47578 -0.6
      vertex 4.79571 -1.85 -2.5
      vertex 4.79571 -1.85 -0.6
    endloop
  endfacet
  facet normal 0.809021 0.58778 0
    outer loop
      vertex 4.79571 -1.85 -2.5
      vertex 5.25036 -2.47578 -0.6
      vertex 5.25036 -2.47578 -2.5
    endloop
  endfacet
  facet normal 0.809021 -0.58778 0
    outer loop
      vertex 4.79571 1.85 -0.6
      vertex 5.25036 2.47578 -2.5
      vertex 5.25036 2.47578 -0.6
    endloop
  endfacet
  facet normal 0.809021 -0.58778 0
    outer loop
      vertex 5.25036 2.47578 -2.5
      vertex 4.79571 1.85 -0.6
      vertex 4.79571 1.85 -2.5
    endloop
  endfacet
  facet normal -0.80899 -0.587823 0
    outer loop
      vertex 11.2043 1.85 -2.5
      vertex 10.7496 2.47578 -0.6
      vertex 10.7496 2.47578 -2.5
    endloop
  endfacet
  facet normal -0.80899 -0.587823 0
    outer loop
      vertex 10.7496 2.47578 -0.6
      vertex 11.2043 1.85 -2.5
      vertex 11.2043 1.85 -0.6
    endloop
  endfacet
  facet normal -0.500004 -0.866023 0
    outer loop
      vertex 9.50492 3.38012 -2.5
      vertex 10.1748 2.99336 -0.6
      vertex 9.50492 3.38012 -0.6
    endloop
  endfacet
  facet normal -0.500004 -0.866023 -0
    outer loop
      vertex 10.1748 2.99336 -0.6
      vertex 9.50492 3.38012 -2.5
      vertex 10.1748 2.99336 -2.5
    endloop
  endfacet
  facet normal -0.913553 -0.406719 0
    outer loop
      vertex 11.5189 1.14336 -2.5
      vertex 11.2043 1.85 -0.6
      vertex 11.2043 1.85 -2.5
    endloop
  endfacet
  facet normal -0.913553 -0.406719 0
    outer loop
      vertex 11.2043 1.85 -0.6
      vertex 11.5189 1.14336 -2.5
      vertex 11.5189 1.14336 -0.6
    endloop
  endfacet
  facet normal -0.978153 -0.207885 0
    outer loop
      vertex 11.6797 0.386755 -2.5
      vertex 11.5189 1.14336 -0.6
      vertex 11.5189 1.14336 -2.5
    endloop
  endfacet
  facet normal -0.978153 -0.207885 0
    outer loop
      vertex 11.5189 1.14336 -0.6
      vertex 11.6797 0.386755 -2.5
      vertex 11.6797 0.386755 -0.6
    endloop
  endfacet
  facet normal 0.500004 0.866023 -0
    outer loop
      vertex 6.49508 -3.38012 -2.5
      vertex 5.8252 -2.99336 -0.6
      vertex 6.49508 -3.38012 -0.6
    endloop
  endfacet
  facet normal 0.500004 0.866023 0
    outer loop
      vertex 5.8252 -2.99336 -0.6
      vertex 6.49508 -3.38012 -2.5
      vertex 5.8252 -2.99336 -2.5
    endloop
  endfacet
  facet normal 0.669125 0.74315 -0
    outer loop
      vertex 5.8252 -2.99336 -2.5
      vertex 5.25036 -2.47578 -0.6
      vertex 5.8252 -2.99336 -0.6
    endloop
  endfacet
  facet normal 0.669125 0.74315 0
    outer loop
      vertex 5.25036 -2.47578 -0.6
      vertex 5.8252 -2.99336 -2.5
      vertex 5.25036 -2.47578 -2.5
    endloop
  endfacet
  facet normal 0.978148 0.20791 0
    outer loop
      vertex 4.48109 -1.14336 -0.6
      vertex 4.32027 -0.386755 -2.5
      vertex 4.32027 -0.386755 -0.6
    endloop
  endfacet
  facet normal 0.978148 0.20791 0
    outer loop
      vertex 4.32027 -0.386755 -2.5
      vertex 4.48109 -1.14336 -0.6
      vertex 4.48109 -1.14336 -2.5
    endloop
  endfacet
  facet normal -1 0 0
    outer loop
      vertex 11.6797 -0.386755 -2.5
      vertex 11.6797 0.386755 -0.6
      vertex 11.6797 0.386755 -2.5
    endloop
  endfacet
  facet normal -1 -0 0
    outer loop
      vertex 11.6797 0.386755 -0.6
      vertex 11.6797 -0.386755 -2.5
      vertex 11.6797 -0.386755 -0.6
    endloop
  endfacet
  facet normal 0.30902 0.951055 -0
    outer loop
      vertex 7.23073 -3.61915 -2.5
      vertex 6.49508 -3.38012 -0.6
      vertex 7.23073 -3.61915 -0.6
    endloop
  endfacet
  facet normal 0.30902 0.951055 0
    outer loop
      vertex 6.49508 -3.38012 -0.6
      vertex 7.23073 -3.61915 -2.5
      vertex 6.49508 -3.38012 -2.5
    endloop
  endfacet
  facet normal -0.80899 0.587823 0
    outer loop
      vertex 10.7496 -2.47578 -2.5
      vertex 11.2043 -1.85 -0.6
      vertex 11.2043 -1.85 -2.5
    endloop
  endfacet
  facet normal -0.80899 0.587823 0
    outer loop
      vertex 11.2043 -1.85 -0.6
      vertex 10.7496 -2.47578 -2.5
      vertex 10.7496 -2.47578 -0.6
    endloop
  endfacet
  facet normal -0.104524 -0.994522 0
    outer loop
      vertex 8 3.7 -2.5
      vertex 8.76927 3.61915 -0.6
      vertex 8 3.7 -0.6
    endloop
  endfacet
  facet normal -0.104524 -0.994522 -0
    outer loop
      vertex 8.76927 3.61915 -0.6
      vertex 8 3.7 -2.5
      vertex 8.76927 3.61915 -2.5
    endloop
  endfacet
  facet normal 0.500004 -0.866023 0
    outer loop
      vertex 5.8252 2.99336 -2.5
      vertex 6.49508 3.38012 -0.6
      vertex 5.8252 2.99336 -0.6
    endloop
  endfacet
  facet normal 0.500004 -0.866023 0
    outer loop
      vertex 6.49508 3.38012 -0.6
      vertex 5.8252 2.99336 -2.5
      vertex 6.49508 3.38012 -2.5
    endloop
  endfacet
  facet normal -0.913553 0.406719 0
    outer loop
      vertex 11.2043 -1.85 -2.5
      vertex 11.5189 -1.14336 -0.6
      vertex 11.5189 -1.14336 -2.5
    endloop
  endfacet
  facet normal -0.913553 0.406719 0
    outer loop
      vertex 11.5189 -1.14336 -0.6
      vertex 11.2043 -1.85 -2.5
      vertex 11.2043 -1.85 -0.6
    endloop
  endfacet
  facet normal 1 -0 0
    outer loop
      vertex 4.32027 -0.386755 -0.6
      vertex 4.32027 0.386755 -2.5
      vertex 4.32027 0.386755 -0.6
    endloop
  endfacet
  facet normal 1 0 0
    outer loop
      vertex 4.32027 0.386755 -2.5
      vertex 4.32027 -0.386755 -0.6
      vertex 4.32027 -0.386755 -2.5
    endloop
  endfacet
  facet normal 0.104524 -0.994522 0
    outer loop
      vertex 7.23073 3.61915 -2.5
      vertex 8 3.7 -0.6
      vertex 7.23073 3.61915 -0.6
    endloop
  endfacet
  facet normal 0.104524 -0.994522 0
    outer loop
      vertex 8 3.7 -0.6
      vertex 7.23073 3.61915 -2.5
      vertex 8 3.7 -2.5
    endloop
  endfacet
  facet normal 0.913544 0.406741 0
    outer loop
      vertex 4.79571 -1.85 -0.6
      vertex 4.48109 -1.14336 -2.5
      vertex 4.48109 -1.14336 -0.6
    endloop
  endfacet
  facet normal 0.913544 0.406741 0
    outer loop
      vertex 4.48109 -1.14336 -2.5
      vertex 4.79571 -1.85 -0.6
      vertex 4.79571 -1.85 -2.5
    endloop
  endfacet
  facet normal 0.669125 -0.74315 0
    outer loop
      vertex 5.25036 2.47578 -2.5
      vertex 5.8252 2.99336 -0.6
      vertex 5.25036 2.47578 -0.6
    endloop
  endfacet
  facet normal 0.669125 -0.74315 0
    outer loop
      vertex 5.8252 2.99336 -0.6
      vertex 5.25036 2.47578 -2.5
      vertex 5.8252 2.99336 -2.5
    endloop
  endfacet
  facet normal -0.978153 0.207885 0
    outer loop
      vertex 11.5189 -1.14336 -2.5
      vertex 11.6797 -0.386755 -0.6
      vertex 11.6797 -0.386755 -2.5
    endloop
  endfacet
  facet normal -0.978153 0.207885 0
    outer loop
      vertex 11.6797 -0.386755 -0.6
      vertex 11.5189 -1.14336 -2.5
      vertex 11.5189 -1.14336 -0.6
    endloop
  endfacet
  facet normal 0.913544 -0.406741 0
    outer loop
      vertex 4.48109 1.14336 -0.6
      vertex 4.79571 1.85 -2.5
      vertex 4.79571 1.85 -0.6
    endloop
  endfacet
  facet normal 0.913544 -0.406741 0
    outer loop
      vertex 4.79571 1.85 -2.5
      vertex 4.48109 1.14336 -0.6
      vertex 4.48109 1.14336 -2.5
    endloop
  endfacet
  facet normal -0.699343 0 -0.714787
    outer loop
      vertex 10.4532 -0.257836 0.6
      vertex 11.6797 0.386755 -0.6
      vertex 11.6797 -0.386755 -0.6
    endloop
  endfacet
  facet normal -0.699343 0 -0.714787
    outer loop
      vertex 11.6797 0.386755 -0.6
      vertex 10.4532 -0.257836 0.6
      vertex 10.4532 0.257836 0.6
    endloop
  endfacet
  facet normal 0.349663 0.605627 -0.714809
    outer loop
      vertex 6.55013 -1.99557 0.6
      vertex 6.49508 -3.38012 -0.6
      vertex 5.8252 -2.99336 -0.6
    endloop
  endfacet
  facet normal -0.0731088 0.69549 -0.714807
    outer loop
      vertex 8 -2.46667 0.6
      vertex 8.51285 -2.41276 0.6
      vertex 8 -3.7 -0.6
    endloop
  endfacet
  facet normal -0.0730955 0.695488 -0.71481
    outer loop
      vertex 8.51285 -2.41276 0.6
      vertex 8.76927 -3.61915 -0.6
      vertex 8 -3.7 -0.6
    endloop
  endfacet
  facet normal -0.467939 0.519704 -0.714801
    outer loop
      vertex 9.83309 -1.65052 0.6
      vertex 10.7496 -2.47578 -0.6
      vertex 9.44987 -1.99557 0.6
    endloop
  endfacet
  facet normal -0.684063 -0.145383 -0.714788
    outer loop
      vertex 11.5189 1.14336 -0.6
      vertex 11.6797 0.386755 -0.6
      vertex 10.4532 0.257836 0.6
    endloop
  endfacet
  facet normal -0.349663 0.605627 -0.714809
    outer loop
      vertex 10.1748 -2.99336 -0.6
      vertex 9.50492 -3.38012 -0.6
      vertex 9.44987 -1.99557 0.6
    endloop
  endfacet
  facet normal -0.349661 -0.605628 -0.714809
    outer loop
      vertex 9.50492 3.38012 -0.6
      vertex 9.44987 1.99557 0.6
      vertex 9.00328 2.25341 0.6
    endloop
  endfacet
  facet normal 0.216104 0.665091 -0.71481
    outer loop
      vertex 7.48715 -2.41276 0.6
      vertex 7.23073 -3.61915 -0.6
      vertex 6.49508 -3.38012 -0.6
    endloop
  endfacet
  facet normal -0.638859 -0.284423 -0.714817
    outer loop
      vertex 11.2043 1.85 -0.6
      vertex 11.5189 1.14336 -0.6
      vertex 10.3459 0.762241 0.6
    endloop
  endfacet
  facet normal -0.638884 -0.284392 -0.714807
    outer loop
      vertex 11.2043 1.85 -0.6
      vertex 10.3459 0.762241 0.6
      vertex 10.1362 1.23333 0.6
    endloop
  endfacet
  facet normal 0.565765 0.411047 -0.714807
    outer loop
      vertex 5.8638 -1.23333 0.6
      vertex 5.25036 -2.47578 -0.6
      vertex 4.79571 -1.85 -0.6
    endloop
  endfacet
  facet normal -0.216104 -0.665091 -0.71481
    outer loop
      vertex 8.76927 3.61915 -0.6
      vertex 9.50492 3.38012 -0.6
      vertex 8.51285 2.41276 0.6
    endloop
  endfacet
  facet normal 0.467934 -0.519698 -0.714809
    outer loop
      vertex 6.55013 1.99557 0.6
      vertex 6.16691 1.65052 0.6
      vertex 5.25036 2.47578 -0.6
    endloop
  endfacet
  facet normal 0.684038 -0.145395 -0.714809
    outer loop
      vertex 4.48109 1.14336 -0.6
      vertex 5.54685 0.257836 0.6
      vertex 4.32027 0.386755 -0.6
    endloop
  endfacet
  facet normal 0.349661 0.605628 -0.714809
    outer loop
      vertex 6.55013 -1.99557 0.6
      vertex 6.99672 -2.25341 0.6
      vertex 6.49508 -3.38012 -0.6
    endloop
  endfacet
  facet normal 0.638864 -0.284437 -0.714807
    outer loop
      vertex 5.8638 1.23333 0.6
      vertex 5.65406 0.762241 0.6
      vertex 4.79571 1.85 -0.6
    endloop
  endfacet
  facet normal 0.638864 0.284437 -0.714807
    outer loop
      vertex 5.65406 -0.762241 0.6
      vertex 5.8638 -1.23333 0.6
      vertex 4.79571 -1.85 -0.6
    endloop
  endfacet
  facet normal -0.349663 -0.605627 -0.714809
    outer loop
      vertex 9.50492 3.38012 -0.6
      vertex 10.1748 2.99336 -0.6
      vertex 9.44987 1.99557 0.6
    endloop
  endfacet
  facet normal -0.684001 0.145505 -0.714823
    outer loop
      vertex 10.4532 -0.257836 0.6
      vertex 11.5189 -1.14336 -0.6
      vertex 10.3459 -0.762241 0.6
    endloop
  endfacet
  facet normal -0.565744 0.411077 -0.714808
    outer loop
      vertex 11.2043 -1.85 -0.6
      vertex 10.7496 -2.47578 -0.6
      vertex 10.1362 -1.23333 0.6
    endloop
  endfacet
  facet normal -0.638859 0.284423 -0.714817
    outer loop
      vertex 11.5189 -1.14336 -0.6
      vertex 11.2043 -1.85 -0.6
      vertex 10.3459 -0.762241 0.6
    endloop
  endfacet
  facet normal -0.565766 -0.411058 -0.7148
    outer loop
      vertex 10.7496 2.47578 -0.6
      vertex 10.1362 1.23333 0.6
      vertex 9.83309 1.65052 0.6
    endloop
  endfacet
  facet normal -0.216101 0.665092 -0.714809
    outer loop
      vertex 9.00328 -2.25341 0.6
      vertex 9.50492 -3.38012 -0.6
      vertex 8.51285 -2.41276 0.6
    endloop
  endfacet
  facet normal 0.467933 -0.5197 -0.714808
    outer loop
      vertex 5.8252 2.99336 -0.6
      vertex 6.55013 1.99557 0.6
      vertex 5.25036 2.47578 -0.6
    endloop
  endfacet
  facet normal 0 0 -1
    outer loop
      vertex 10.3459 -0.762241 0.6
      vertex 10.4532 0.257836 0.6
      vertex 10.4532 -0.257836 0.6
    endloop
  endfacet
  facet normal 0 0 -1
    outer loop
      vertex 10.3459 -0.762241 0.6
      vertex 10.3459 0.762241 0.6
      vertex 10.4532 0.257836 0.6
    endloop
  endfacet
  facet normal 0 0 -1
    outer loop
      vertex 10.1362 -1.23333 0.6
      vertex 10.3459 0.762241 0.6
      vertex 10.3459 -0.762241 0.6
    endloop
  endfacet
  facet normal 0 0 -1
    outer loop
      vertex 10.1362 -1.23333 0.6
      vertex 10.1362 1.23333 0.6
      vertex 10.3459 0.762241 0.6
    endloop
  endfacet
  facet normal 0 0 -1
    outer loop
      vertex 9.83309 -1.65052 0.6
      vertex 10.1362 1.23333 0.6
      vertex 10.1362 -1.23333 0.6
    endloop
  endfacet
  facet normal 0 0 -1
    outer loop
      vertex 9.83309 -1.65052 0.6
      vertex 9.83309 1.65052 0.6
      vertex 10.1362 1.23333 0.6
    endloop
  endfacet
  facet normal 0 0 -1
    outer loop
      vertex 9.44987 -1.99557 0.6
      vertex 9.83309 1.65052 0.6
      vertex 9.83309 -1.65052 0.6
    endloop
  endfacet
  facet normal 0 0 -1
    outer loop
      vertex 9.44987 -1.99557 0.6
      vertex 9.44987 1.99557 0.6
      vertex 9.83309 1.65052 0.6
    endloop
  endfacet
  facet normal 0 0 -1
    outer loop
      vertex 9.00328 -2.25341 0.6
      vertex 9.44987 1.99557 0.6
      vertex 9.44987 -1.99557 0.6
    endloop
  endfacet
  facet normal 0 0 -1
    outer loop
      vertex 9.00328 -2.25341 0.6
      vertex 9.00328 2.25341 0.6
      vertex 9.44987 1.99557 0.6
    endloop
  endfacet
  facet normal 0 0 -1
    outer loop
      vertex 8.51285 -2.41276 0.6
      vertex 9.00328 2.25341 0.6
      vertex 9.00328 -2.25341 0.6
    endloop
  endfacet
  facet normal 0 0 -1
    outer loop
      vertex 8.51285 -2.41276 0.6
      vertex 8.51285 2.41276 0.6
      vertex 9.00328 2.25341 0.6
    endloop
  endfacet
  facet normal 0 0 -1
    outer loop
      vertex 8 -2.46667 0.6
      vertex 8.51285 2.41276 0.6
      vertex 8.51285 -2.41276 0.6
    endloop
  endfacet
  facet normal 0 0 -1
    outer loop
      vertex 8 -2.46667 0.6
      vertex 8 2.46667 0.6
      vertex 8.51285 2.41276 0.6
    endloop
  endfacet
  facet normal 0 0 -1
    outer loop
      vertex 7.48715 -2.41276 0.6
      vertex 8 2.46667 0.6
      vertex 8 -2.46667 0.6
    endloop
  endfacet
  facet normal 0 0 -1
    outer loop
      vertex 7.48715 -2.41276 0.6
      vertex 7.48715 2.41276 0.6
      vertex 8 2.46667 0.6
    endloop
  endfacet
  facet normal 0 0 -1
    outer loop
      vertex 6.99672 -2.25341 0.6
      vertex 7.48715 2.41276 0.6
      vertex 7.48715 -2.41276 0.6
    endloop
  endfacet
  facet normal 0 0 -1
    outer loop
      vertex 6.99672 -2.25341 0.6
      vertex 6.99672 2.25341 0.6
      vertex 7.48715 2.41276 0.6
    endloop
  endfacet
  facet normal 0 0 -1
    outer loop
      vertex 6.55013 -1.99557 0.6
      vertex 6.99672 2.25341 0.6
      vertex 6.99672 -2.25341 0.6
    endloop
  endfacet
  facet normal 0 0 -1
    outer loop
      vertex 6.55013 -1.99557 0.6
      vertex 6.55013 1.99557 0.6
      vertex 6.99672 2.25341 0.6
    endloop
  endfacet
  facet normal 0 0 -1
    outer loop
      vertex 6.16691 -1.65052 0.6
      vertex 6.55013 1.99557 0.6
      vertex 6.55013 -1.99557 0.6
    endloop
  endfacet
  facet normal 0 0 -1
    outer loop
      vertex 6.16691 -1.65052 0.6
      vertex 6.16691 1.65052 0.6
      vertex 6.55013 1.99557 0.6
    endloop
  endfacet
  facet normal 0 0 -1
    outer loop
      vertex 5.8638 -1.23333 0.6
      vertex 6.16691 1.65052 0.6
      vertex 6.16691 -1.65052 0.6
    endloop
  endfacet
  facet normal 0 0 -1
    outer loop
      vertex 5.8638 -1.23333 0.6
      vertex 5.8638 1.23333 0.6
      vertex 6.16691 1.65052 0.6
    endloop
  endfacet
  facet normal 0 0 -1
    outer loop
      vertex 5.65406 -0.762241 0.6
      vertex 5.8638 1.23333 0.6
      vertex 5.8638 -1.23333 0.6
    endloop
  endfacet
  facet normal 0 0 -1
    outer loop
      vertex 5.65406 -0.762241 0.6
      vertex 5.65406 0.762241 0.6
      vertex 5.8638 1.23333 0.6
    endloop
  endfacet
  facet normal 0 0 -1
    outer loop
      vertex 5.54685 -0.257836 0.6
      vertex 5.65406 0.762241 0.6
      vertex 5.65406 -0.762241 0.6
    endloop
  endfacet
  facet normal 0 0 -1
    outer loop
      vertex 5.65406 0.762241 0.6
      vertex 5.54685 -0.257836 0.6
      vertex 5.54685 0.257836 0.6
    endloop
  endfacet
  facet normal 0.467933 0.5197 -0.714808
    outer loop
      vertex 6.55013 -1.99557 0.6
      vertex 5.8252 -2.99336 -0.6
      vertex 5.25036 -2.47578 -0.6
    endloop
  endfacet
  facet normal -0.467951 0.519685 -0.714807
    outer loop
      vertex 10.7496 -2.47578 -0.6
      vertex 10.1748 -2.99336 -0.6
      vertex 9.44987 -1.99557 0.6
    endloop
  endfacet
  facet normal -0.216104 0.665091 -0.71481
    outer loop
      vertex 9.50492 -3.38012 -0.6
      vertex 8.76927 -3.61915 -0.6
      vertex 8.51285 -2.41276 0.6
    endloop
  endfacet
  facet normal 0.467934 0.519698 -0.714809
    outer loop
      vertex 6.16691 -1.65052 0.6
      vertex 6.55013 -1.99557 0.6
      vertex 5.25036 -2.47578 -0.6
    endloop
  endfacet
  facet normal 0.565765 -0.411047 -0.714807
    outer loop
      vertex 5.25036 2.47578 -0.6
      vertex 5.8638 1.23333 0.6
      vertex 4.79571 1.85 -0.6
    endloop
  endfacet
  facet normal 0.216104 -0.665091 -0.71481
    outer loop
      vertex 7.23073 3.61915 -0.6
      vertex 7.48715 2.41276 0.6
      vertex 6.49508 3.38012 -0.6
    endloop
  endfacet
  facet normal 0.0730955 -0.695488 -0.71481
    outer loop
      vertex 8 3.7 -0.6
      vertex 7.48715 2.41276 0.6
      vertex 7.23073 3.61915 -0.6
    endloop
  endfacet
  facet normal -0.349661 0.605628 -0.714809
    outer loop
      vertex 9.44987 -1.99557 0.6
      vertex 9.50492 -3.38012 -0.6
      vertex 9.00328 -2.25341 0.6
    endloop
  endfacet
  facet normal 0.63886 0.284442 -0.714808
    outer loop
      vertex 5.65406 -0.762241 0.6
      vertex 4.79571 -1.85 -0.6
      vertex 4.48109 -1.14336 -0.6
    endloop
  endfacet
  facet normal 0.0730955 0.695488 -0.71481
    outer loop
      vertex 7.48715 -2.41276 0.6
      vertex 8 -3.7 -0.6
      vertex 7.23073 -3.61915 -0.6
    endloop
  endfacet
  facet normal 0.0731088 0.69549 -0.714807
    outer loop
      vertex 8 -2.46667 0.6
      vertex 8 -3.7 -0.6
      vertex 7.48715 -2.41276 0.6
    endloop
  endfacet
  facet normal 0.349663 -0.605627 -0.714809
    outer loop
      vertex 6.49508 3.38012 -0.6
      vertex 6.55013 1.99557 0.6
      vertex 5.8252 2.99336 -0.6
    endloop
  endfacet
  facet normal -0.684063 0.145383 -0.714788
    outer loop
      vertex 11.6797 -0.386755 -0.6
      vertex 11.5189 -1.14336 -0.6
      vertex 10.4532 -0.257836 0.6
    endloop
  endfacet
  facet normal 0.63886 -0.284442 -0.714808
    outer loop
      vertex 4.79571 1.85 -0.6
      vertex 5.65406 0.762241 0.6
      vertex 4.48109 1.14336 -0.6
    endloop
  endfacet
  facet normal 0.349661 -0.605628 -0.714809
    outer loop
      vertex 6.99672 2.25341 0.6
      vertex 6.55013 1.99557 0.6
      vertex 6.49508 3.38012 -0.6
    endloop
  endfacet
  facet normal -0.467951 -0.519685 -0.714807
    outer loop
      vertex 10.1748 2.99336 -0.6
      vertex 10.7496 2.47578 -0.6
      vertex 9.44987 1.99557 0.6
    endloop
  endfacet
  facet normal 0.0731088 -0.69549 -0.714807
    outer loop
      vertex 8 3.7 -0.6
      vertex 8 2.46667 0.6
      vertex 7.48715 2.41276 0.6
    endloop
  endfacet
  facet normal 0.684038 0.145395 -0.714809
    outer loop
      vertex 5.54685 -0.257836 0.6
      vertex 4.48109 -1.14336 -0.6
      vertex 4.32027 -0.386755 -0.6
    endloop
  endfacet
  facet normal -0.565766 0.411058 -0.7148
    outer loop
      vertex 10.1362 -1.23333 0.6
      vertex 10.7496 -2.47578 -0.6
      vertex 9.83309 -1.65052 0.6
    endloop
  endfacet
  facet normal -0.216101 -0.665092 -0.714809
    outer loop
      vertex 9.50492 3.38012 -0.6
      vertex 9.00328 2.25341 0.6
      vertex 8.51285 2.41276 0.6
    endloop
  endfacet
  facet normal -0.638884 0.284392 -0.714807
    outer loop
      vertex 10.3459 -0.762241 0.6
      vertex 11.2043 -1.85 -0.6
      vertex 10.1362 -1.23333 0.6
    endloop
  endfacet
  facet normal 0.68404 -0.145391 -0.714808
    outer loop
      vertex 5.65406 0.762241 0.6
      vertex 5.54685 0.257836 0.6
      vertex 4.48109 1.14336 -0.6
    endloop
  endfacet
  facet normal 0.565759 -0.411053 -0.71481
    outer loop
      vertex 6.16691 1.65052 0.6
      vertex 5.8638 1.23333 0.6
      vertex 5.25036 2.47578 -0.6
    endloop
  endfacet
  facet normal 0.565759 0.411053 -0.71481
    outer loop
      vertex 5.8638 -1.23333 0.6
      vertex 6.16691 -1.65052 0.6
      vertex 5.25036 -2.47578 -0.6
    endloop
  endfacet
  facet normal 0.216101 -0.665092 -0.714809
    outer loop
      vertex 7.48715 2.41276 0.6
      vertex 6.99672 2.25341 0.6
      vertex 6.49508 3.38012 -0.6
    endloop
  endfacet
  facet normal 0.216101 0.665092 -0.714809
    outer loop
      vertex 6.99672 -2.25341 0.6
      vertex 7.48715 -2.41276 0.6
      vertex 6.49508 -3.38012 -0.6
    endloop
  endfacet
  facet normal 0.68404 0.145391 -0.714808
    outer loop
      vertex 5.54685 -0.257836 0.6
      vertex 5.65406 -0.762241 0.6
      vertex 4.48109 -1.14336 -0.6
    endloop
  endfacet
  facet normal -0.0730955 -0.695488 -0.71481
    outer loop
      vertex 8.76927 3.61915 -0.6
      vertex 8.51285 2.41276 0.6
      vertex 8 3.7 -0.6
    endloop
  endfacet
  facet normal -0.565744 -0.411077 -0.714808
    outer loop
      vertex 10.7496 2.47578 -0.6
      vertex 11.2043 1.85 -0.6
      vertex 10.1362 1.23333 0.6
    endloop
  endfacet
  facet normal -0.684001 -0.145505 -0.714823
    outer loop
      vertex 11.5189 1.14336 -0.6
      vertex 10.4532 0.257836 0.6
      vertex 10.3459 0.762241 0.6
    endloop
  endfacet
  facet normal -0.467939 -0.519704 -0.714801
    outer loop
      vertex 10.7496 2.47578 -0.6
      vertex 9.83309 1.65052 0.6
      vertex 9.44987 1.99557 0.6
    endloop
  endfacet
  facet normal -0.0731088 -0.69549 -0.714807
    outer loop
      vertex 8 3.7 -0.6
      vertex 8.51285 2.41276 0.6
      vertex 8 2.46667 0.6
    endloop
  endfacet
  facet normal 0.699319 0 -0.714809
    outer loop
      vertex 4.32027 -0.386755 -0.6
      vertex 5.54685 0.257836 0.6
      vertex 5.54685 -0.257836 0.6
    endloop
  endfacet
  facet normal 0.699319 0 -0.714809
    outer loop
      vertex 5.54685 0.257836 0.6
      vertex 4.32027 -0.386755 -0.6
      vertex 4.32027 0.386755 -0.6
    endloop
  endfacet
  facet normal -0.309019 0.951056 0
    outer loop
      vertex 1.70829 4.66311 -2.5
      vertex 0.873229 4.39178 -0.6
      vertex 1.70829 4.66311 -0.6
    endloop
  endfacet
  facet normal -0.309019 0.951056 0
    outer loop
      vertex 0.873229 4.39178 -0.6
      vertex 1.70829 4.66311 -2.5
      vertex 0.873229 4.39178 -2.5
    endloop
  endfacet
  facet normal -0.104528 0.994522 0
    outer loop
      vertex 0.873229 4.39178 -2.5
      vertex 0 4.3 -0.6
      vertex 0.873229 4.39178 -0.6
    endloop
  endfacet
  facet normal -0.104528 0.994522 0
    outer loop
      vertex 0 4.3 -0.6
      vertex 0.873229 4.39178 -2.5
      vertex 0 4.3 -2.5
    endloop
  endfacet
  facet normal -0.499998 0.866027 0
    outer loop
      vertex 2.4687 5.10213 -2.5
      vertex 1.70829 4.66311 -0.6
      vertex 2.4687 5.10213 -0.6
    endloop
  endfacet
  facet normal -0.499998 0.866027 0
    outer loop
      vertex 1.70829 4.66311 -0.6
      vertex 2.4687 5.10213 -2.5
      vertex 1.70829 4.66311 -2.5
    endloop
  endfacet
  facet normal 0.309019 0.951056 -0
    outer loop
      vertex -0.873229 4.39178 -2.5
      vertex -1.70829 4.66311 -0.6
      vertex -0.873229 4.39178 -0.6
    endloop
  endfacet
  facet normal 0.309019 0.951056 0
    outer loop
      vertex -1.70829 4.66311 -0.6
      vertex -0.873229 4.39178 -2.5
      vertex -1.70829 4.66311 -2.5
    endloop
  endfacet
  facet normal 0.104528 0.994522 -0
    outer loop
      vertex 0 4.3 -2.5
      vertex -0.873229 4.39178 -0.6
      vertex 0 4.3 -0.6
    endloop
  endfacet
  facet normal 0.104528 0.994522 0
    outer loop
      vertex -0.873229 4.39178 -0.6
      vertex 0 4.3 -2.5
      vertex -0.873229 4.39178 -2.5
    endloop
  endfacet
  facet normal -0.669129 0.743146 0
    outer loop
      vertex 3.12121 5.68965 -2.5
      vertex 2.4687 5.10213 -0.6
      vertex 3.12121 5.68965 -0.6
    endloop
  endfacet
  facet normal -0.669129 0.743146 0
    outer loop
      vertex 2.4687 5.10213 -0.6
      vertex 3.12121 5.68965 -2.5
      vertex 2.4687 5.10213 -2.5
    endloop
  endfacet
  facet normal 0.308988 -0.951066 0
    outer loop
      vertex -1.70829 12.3369 -2.5
      vertex -0.873229 12.6082 -0.6
      vertex -1.70829 12.3369 -0.6
    endloop
  endfacet
  facet normal 0.308988 -0.951066 0
    outer loop
      vertex -0.873229 12.6082 -0.6
      vertex -1.70829 12.3369 -2.5
      vertex -0.873229 12.6082 -2.5
    endloop
  endfacet
  facet normal -0.308988 -0.951066 0
    outer loop
      vertex 0.873229 12.6082 -2.5
      vertex 1.70829 12.3369 -0.6
      vertex 0.873229 12.6082 -0.6
    endloop
  endfacet
  facet normal -0.308988 -0.951066 -0
    outer loop
      vertex 1.70829 12.3369 -0.6
      vertex 0.873229 12.6082 -2.5
      vertex 1.70829 12.3369 -2.5
    endloop
  endfacet
  facet normal 0.809017 0.587786 0
    outer loop
      vertex -3.12121 5.68965 -0.6
      vertex -3.63731 6.4 -2.5
      vertex -3.63731 6.4 -0.6
    endloop
  endfacet
  facet normal 0.809017 0.587786 0
    outer loop
      vertex -3.63731 6.4 -2.5
      vertex -3.12121 5.68965 -0.6
      vertex -3.12121 5.68965 -2.5
    endloop
  endfacet
  facet normal -0.808997 -0.587813 0
    outer loop
      vertex 3.63731 10.6 -2.5
      vertex 3.12121 11.3103 -0.6
      vertex 3.12121 11.3103 -2.5
    endloop
  endfacet
  facet normal -0.808997 -0.587813 0
    outer loop
      vertex 3.12121 11.3103 -0.6
      vertex 3.63731 10.6 -2.5
      vertex 3.63731 10.6 -0.6
    endloop
  endfacet
  facet normal -0.49998 -0.866037 0
    outer loop
      vertex 1.70829 12.3369 -2.5
      vertex 2.4687 11.8979 -0.6
      vertex 1.70829 12.3369 -0.6
    endloop
  endfacet
  facet normal -0.49998 -0.866037 -0
    outer loop
      vertex 2.4687 11.8979 -0.6
      vertex 1.70829 12.3369 -2.5
      vertex 2.4687 11.8979 -2.5
    endloop
  endfacet
  facet normal 0.499998 0.866027 -0
    outer loop
      vertex -1.70829 4.66311 -2.5
      vertex -2.4687 5.10213 -0.6
      vertex -1.70829 4.66311 -0.6
    endloop
  endfacet
  facet normal 0.499998 0.866027 0
    outer loop
      vertex -2.4687 5.10213 -0.6
      vertex -1.70829 4.66311 -2.5
      vertex -2.4687 5.10213 -2.5
    endloop
  endfacet
  facet normal -1 0 0
    outer loop
      vertex 4.17699 8.06098 -2.5
      vertex 4.17699 8.93902 -0.6
      vertex 4.17699 8.93902 -2.5
    endloop
  endfacet
  facet normal -1 -0 0
    outer loop
      vertex 4.17699 8.93902 -0.6
      vertex 4.17699 8.06098 -2.5
      vertex 4.17699 8.06098 -0.6
    endloop
  endfacet
  facet normal -0.913546 -0.406735 0
    outer loop
      vertex 3.99444 9.79787 -2.5
      vertex 3.63731 10.6 -0.6
      vertex 3.63731 10.6 -2.5
    endloop
  endfacet
  facet normal -0.913546 -0.406735 0
    outer loop
      vertex 3.63731 10.6 -0.6
      vertex 3.99444 9.79787 -2.5
      vertex 3.99444 9.79787 -0.6
    endloop
  endfacet
  facet normal 0.978149 -0.207907 0
    outer loop
      vertex -4.17699 8.93902 -0.6
      vertex -3.99444 9.79787 -2.5
      vertex -3.99444 9.79787 -0.6
    endloop
  endfacet
  facet normal 0.978149 -0.207907 0
    outer loop
      vertex -3.99444 9.79787 -2.5
      vertex -4.17699 8.93902 -0.6
      vertex -4.17699 8.93902 -2.5
    endloop
  endfacet
  facet normal 0.913546 -0.406735 0
    outer loop
      vertex -3.99444 9.79787 -0.6
      vertex -3.63731 10.6 -2.5
      vertex -3.63731 10.6 -0.6
    endloop
  endfacet
  facet normal 0.913546 -0.406735 0
    outer loop
      vertex -3.63731 10.6 -2.5
      vertex -3.99444 9.79787 -0.6
      vertex -3.99444 9.79787 -2.5
    endloop
  endfacet
  facet normal -0.978149 -0.207907 0
    outer loop
      vertex 4.17699 8.93902 -2.5
      vertex 3.99444 9.79787 -0.6
      vertex 3.99444 9.79787 -2.5
    endloop
  endfacet
  facet normal -0.978149 -0.207907 0
    outer loop
      vertex 3.99444 9.79787 -0.6
      vertex 4.17699 8.93902 -2.5
      vertex 4.17699 8.93902 -0.6
    endloop
  endfacet
  facet normal 0.978149 0.207907 0
    outer loop
      vertex -3.99444 7.20213 -0.6
      vertex -4.17699 8.06098 -2.5
      vertex -4.17699 8.06098 -0.6
    endloop
  endfacet
  facet normal 0.978149 0.207907 0
    outer loop
      vertex -4.17699 8.06098 -2.5
      vertex -3.99444 7.20213 -0.6
      vertex -3.99444 7.20213 -2.5
    endloop
  endfacet
  facet normal 0.669129 0.743146 -0
    outer loop
      vertex -2.4687 5.10213 -2.5
      vertex -3.12121 5.68965 -0.6
      vertex -2.4687 5.10213 -0.6
    endloop
  endfacet
  facet normal 0.669129 0.743146 0
    outer loop
      vertex -3.12121 5.68965 -0.6
      vertex -2.4687 5.10213 -2.5
      vertex -3.12121 5.68965 -2.5
    endloop
  endfacet
  facet normal 0.913546 0.406735 0
    outer loop
      vertex -3.63731 6.4 -0.6
      vertex -3.99444 7.20213 -2.5
      vertex -3.99444 7.20213 -0.6
    endloop
  endfacet
  facet normal 0.913546 0.406735 0
    outer loop
      vertex -3.99444 7.20213 -2.5
      vertex -3.63731 6.4 -0.6
      vertex -3.63731 6.4 -2.5
    endloop
  endfacet
  facet normal 0.808997 -0.587813 0
    outer loop
      vertex -3.63731 10.6 -0.6
      vertex -3.12121 11.3103 -2.5
      vertex -3.12121 11.3103 -0.6
    endloop
  endfacet
  facet normal 0.808997 -0.587813 0
    outer loop
      vertex -3.12121 11.3103 -2.5
      vertex -3.63731 10.6 -0.6
      vertex -3.63731 10.6 -2.5
    endloop
  endfacet
  facet normal -0.809017 0.587786 0
    outer loop
      vertex 3.12121 5.68965 -2.5
      vertex 3.63731 6.4 -0.6
      vertex 3.63731 6.4 -2.5
    endloop
  endfacet
  facet normal -0.809017 0.587786 0
    outer loop
      vertex 3.63731 6.4 -0.6
      vertex 3.12121 5.68965 -2.5
      vertex 3.12121 5.68965 -0.6
    endloop
  endfacet
  facet normal -0.104551 -0.99452 0
    outer loop
      vertex 0 12.7 -2.5
      vertex 0.873229 12.6082 -0.6
      vertex 0 12.7 -0.6
    endloop
  endfacet
  facet normal -0.104551 -0.99452 -0
    outer loop
      vertex 0.873229 12.6082 -0.6
      vertex 0 12.7 -2.5
      vertex 0.873229 12.6082 -2.5
    endloop
  endfacet
  facet normal -0.978149 0.207907 0
    outer loop
      vertex 3.99444 7.20213 -2.5
      vertex 4.17699 8.06098 -0.6
      vertex 4.17699 8.06098 -2.5
    endloop
  endfacet
  facet normal -0.978149 0.207907 0
    outer loop
      vertex 4.17699 8.06098 -0.6
      vertex 3.99444 7.20213 -2.5
      vertex 3.99444 7.20213 -0.6
    endloop
  endfacet
  facet normal 0.49998 -0.866037 0
    outer loop
      vertex -2.4687 11.8979 -2.5
      vertex -1.70829 12.3369 -0.6
      vertex -2.4687 11.8979 -0.6
    endloop
  endfacet
  facet normal 0.49998 -0.866037 0
    outer loop
      vertex -1.70829 12.3369 -0.6
      vertex -2.4687 11.8979 -2.5
      vertex -1.70829 12.3369 -2.5
    endloop
  endfacet
  facet normal -0.913546 0.406735 0
    outer loop
      vertex 3.63731 6.4 -2.5
      vertex 3.99444 7.20213 -0.6
      vertex 3.99444 7.20213 -2.5
    endloop
  endfacet
  facet normal -0.913546 0.406735 0
    outer loop
      vertex 3.99444 7.20213 -0.6
      vertex 3.63731 6.4 -2.5
      vertex 3.63731 6.4 -0.6
    endloop
  endfacet
  facet normal 1 -0 0
    outer loop
      vertex -4.17699 8.06098 -0.6
      vertex -4.17699 8.93902 -2.5
      vertex -4.17699 8.93902 -0.6
    endloop
  endfacet
  facet normal 1 0 0
    outer loop
      vertex -4.17699 8.93902 -2.5
      vertex -4.17699 8.06098 -0.6
      vertex -4.17699 8.06098 -2.5
    endloop
  endfacet
  facet normal 0.104551 -0.99452 0
    outer loop
      vertex -0.873229 12.6082 -2.5
      vertex 0 12.7 -0.6
      vertex -0.873229 12.6082 -0.6
    endloop
  endfacet
  facet normal 0.104551 -0.99452 0
    outer loop
      vertex 0 12.7 -0.6
      vertex -0.873229 12.6082 -2.5
      vertex 0 12.7 -2.5
    endloop
  endfacet
  facet normal 0.669179 -0.743101 0
    outer loop
      vertex -3.12121 11.3103 -2.5
      vertex -2.4687 11.8979 -0.6
      vertex -3.12121 11.3103 -0.6
    endloop
  endfacet
  facet normal 0.669179 -0.743101 0
    outer loop
      vertex -2.4687 11.8979 -0.6
      vertex -3.12121 11.3103 -2.5
      vertex -2.4687 11.8979 -2.5
    endloop
  endfacet
  facet normal -0.669179 -0.743101 0
    outer loop
      vertex 2.4687 11.8979 -2.5
      vertex 3.12121 11.3103 -0.6
      vertex 2.4687 11.8979 -0.6
    endloop
  endfacet
  facet normal -0.669179 -0.743101 -0
    outer loop
      vertex 3.12121 11.3103 -0.6
      vertex 2.4687 11.8979 -2.5
      vertex 3.12121 11.3103 -2.5
    endloop
  endfacet
  facet normal -0.528188 -0.383728 -0.757476
    outer loop
      vertex 3.12121 11.3103 -0.6
      vertex 2.42487 9.9 0.6
      vertex 2.0808 10.3736 0.6
    endloop
  endfacet
  facet normal 0.326424 0.565387 -0.757486
    outer loop
      vertex -1.6458 6.23475 0.6
      vertex -1.70829 4.66311 -0.6
      vertex -2.4687 5.10213 -0.6
    endloop
  endfacet
  facet normal 0.528155 -0.383754 -0.757486
    outer loop
      vertex -3.12121 11.3103 -0.6
      vertex -2.42487 9.9 0.6
      vertex -3.63731 10.6 -0.6
    endloop
  endfacet
  facet normal -0.0682452 0.649274 -0.757486
    outer loop
      vertex 0 5.7 0.6
      vertex 0.582152 5.76119 0.6
      vertex 0 4.3 -0.6
    endloop
  endfacet
  facet normal -0.0682413 0.649273 -0.757487
    outer loop
      vertex 0.582152 5.76119 0.6
      vertex 0.873229 4.39178 -0.6
      vertex 0 4.3 -0.6
    endloop
  endfacet
  facet normal -0.436844 0.48516 -0.757487
    outer loop
      vertex 2.0808 6.62643 0.6
      vertex 3.12121 5.68965 -0.6
      vertex 1.6458 6.23475 0.6
    endloop
  endfacet
  facet normal -0.638585 -0.135732 -0.757487
    outer loop
      vertex 3.99444 9.79787 -0.6
      vertex 4.17699 8.93902 -0.6
      vertex 2.78466 8.79268 0.6
    endloop
  endfacet
  facet normal -0.326424 0.565387 -0.757486
    outer loop
      vertex 2.4687 5.10213 -0.6
      vertex 1.70829 4.66311 -0.6
      vertex 1.6458 6.23475 0.6
    endloop
  endfacet
  facet normal -0.596406 0.265541 -0.757488
    outer loop
      vertex 2.66296 7.63475 0.6
      vertex 3.63731 6.4 -0.6
      vertex 2.42487 7.1 0.6
    endloop
  endfacet
  facet normal 0.528166 0.383736 -0.757487
    outer loop
      vertex -2.42487 7.1 0.6
      vertex -3.12121 5.68965 -0.6
      vertex -3.63731 6.4 -0.6
    endloop
  endfacet
  facet normal 0.596409 0.265538 -0.757487
    outer loop
      vertex -2.66296 7.63475 0.6
      vertex -3.63731 6.4 -0.6
      vertex -3.99444 7.20213 -0.6
    endloop
  endfacet
  facet normal 0.436844 0.48516 -0.757487
    outer loop
      vertex -2.0808 6.62643 0.6
      vertex -1.6458 6.23475 0.6
      vertex -3.12121 5.68965 -0.6
    endloop
  endfacet
  facet normal 0.201744 0.620898 -0.757486
    outer loop
      vertex -1.13886 5.94207 0.6
      vertex -0.873229 4.39178 -0.6
      vertex -1.70829 4.66311 -0.6
    endloop
  endfacet
  facet normal -0.201757 -0.620896 -0.757484
    outer loop
      vertex 0.873229 12.6082 -0.6
      vertex 1.13886 11.0579 0.6
      vertex 0.582152 11.2388 0.6
    endloop
  endfacet
  facet normal -0.201744 0.620898 -0.757486
    outer loop
      vertex 1.13886 5.94207 0.6
      vertex 1.70829 4.66311 -0.6
      vertex 0.873229 4.39178 -0.6
    endloop
  endfacet
  facet normal -0.528155 -0.383754 -0.757486
    outer loop
      vertex 3.12121 11.3103 -0.6
      vertex 3.63731 10.6 -0.6
      vertex 2.42487 9.9 0.6
    endloop
  endfacet
  facet normal 0.528166 0.383736 -0.757488
    outer loop
      vertex -2.42487 7.1 0.6
      vertex -2.0808 6.62643 0.6
      vertex -3.12121 5.68965 -0.6
    endloop
  endfacet
  facet normal 0.596406 -0.265541 -0.757488
    outer loop
      vertex -2.42487 9.9 0.6
      vertex -2.66296 9.36525 0.6
      vertex -3.63731 10.6 -0.6
    endloop
  endfacet
  facet normal 0.436866 -0.485124 -0.757498
    outer loop
      vertex -2.4687 11.8979 -0.6
      vertex -1.6458 10.7652 0.6
      vertex -3.12121 11.3103 -0.6
    endloop
  endfacet
  facet normal 0.326404 -0.565378 -0.757501
    outer loop
      vertex -1.70829 12.3369 -0.6
      vertex -1.6458 10.7652 0.6
      vertex -2.4687 11.8979 -0.6
    endloop
  endfacet
  facet normal 0.596406 0.265541 -0.757488
    outer loop
      vertex -2.66296 7.63475 0.6
      vertex -2.42487 7.1 0.6
      vertex -3.63731 6.4 -0.6
    endloop
  endfacet
  facet normal 0.436842 0.485164 -0.757486
    outer loop
      vertex -1.6458 6.23475 0.6
      vertex -2.4687 5.10213 -0.6
      vertex -3.12121 5.68965 -0.6
    endloop
  endfacet
  facet normal -0.436842 0.485164 -0.757486
    outer loop
      vertex 3.12121 5.68965 -0.6
      vertex 2.4687 5.10213 -0.6
      vertex 1.6458 6.23475 0.6
    endloop
  endfacet
  facet normal -0.652851 0 -0.757486
    outer loop
      vertex 2.78466 8.20732 0.6
      vertex 4.17699 8.93902 -0.6
      vertex 4.17699 8.06098 -0.6
    endloop
  endfacet
  facet normal -0.652851 0 -0.757486
    outer loop
      vertex 4.17699 8.93902 -0.6
      vertex 2.78466 8.20732 0.6
      vertex 2.78466 8.79268 0.6
    endloop
  endfacet
  facet normal 0.638585 -0.135732 -0.757487
    outer loop
      vertex -3.99444 9.79787 -0.6
      vertex -2.78466 8.79268 0.6
      vertex -4.17699 8.93902 -0.6
    endloop
  endfacet
  facet normal -0.528166 0.383736 -0.757488
    outer loop
      vertex 2.42487 7.1 0.6
      vertex 3.12121 5.68965 -0.6
      vertex 2.0808 6.62643 0.6
    endloop
  endfacet
  facet normal -0.326404 -0.565378 -0.757501
    outer loop
      vertex 1.70829 12.3369 -0.6
      vertex 2.4687 11.8979 -0.6
      vertex 1.6458 10.7652 0.6
    endloop
  endfacet
  facet normal -0.326424 0.565387 -0.757486
    outer loop
      vertex 1.6458 6.23475 0.6
      vertex 1.70829 4.66311 -0.6
      vertex 1.13886 5.94207 0.6
    endloop
  endfacet
  facet normal -0.596409 0.265538 -0.757487
    outer loop
      vertex 3.99444 7.20213 -0.6
      vertex 3.63731 6.4 -0.6
      vertex 2.66296 7.63475 0.6
    endloop
  endfacet
  facet normal 0.0682562 -0.649274 -0.757486
    outer loop
      vertex 0 12.7 -0.6
      vertex -0.582152 11.2388 0.6
      vertex -0.873229 12.6082 -0.6
    endloop
  endfacet
  facet normal -0.638585 0.135732 -0.757486
    outer loop
      vertex 2.78466 8.20732 0.6
      vertex 3.99444 7.20213 -0.6
      vertex 2.66296 7.63475 0.6
    endloop
  endfacet
  facet normal 0.0682413 0.649273 -0.757487
    outer loop
      vertex -0.582152 5.76119 0.6
      vertex 0 4.3 -0.6
      vertex -0.873229 4.39178 -0.6
    endloop
  endfacet
  facet normal 0.0682452 0.649274 -0.757486
    outer loop
      vertex 0 5.7 0.6
      vertex 0 4.3 -0.6
      vertex -0.582152 5.76119 0.6
    endloop
  endfacet
  facet normal -0.638585 -0.135732 -0.757486
    outer loop
      vertex 3.99444 9.79787 -0.6
      vertex 2.78466 8.79268 0.6
      vertex 2.66296 9.36525 0.6
    endloop
  endfacet
  facet normal -0.436808 -0.485219 -0.75747
    outer loop
      vertex 3.12121 11.3103 -0.6
      vertex 2.0808 10.3736 0.6
      vertex 1.6458 10.7652 0.6
    endloop
  endfacet
  facet normal 0.0682563 -0.649274 -0.757486
    outer loop
      vertex 0 12.7 -0.6
      vertex 0 11.3 0.6
      vertex -0.582152 11.2388 0.6
    endloop
  endfacet
  facet normal -0.638585 0.135732 -0.757487
    outer loop
      vertex 4.17699 8.06098 -0.6
      vertex 3.99444 7.20213 -0.6
      vertex 2.78466 8.20732 0.6
    endloop
  endfacet
  facet normal 0.436808 -0.485219 -0.75747
    outer loop
      vertex -1.6458 10.7652 0.6
      vertex -2.0808 10.3736 0.6
      vertex -3.12121 11.3103 -0.6
    endloop
  endfacet
  facet normal -0.201736 0.620898 -0.757488
    outer loop
      vertex 1.13886 5.94207 0.6
      vertex 0.873229 4.39178 -0.6
      vertex 0.582152 5.76119 0.6
    endloop
  endfacet
  facet normal 0.201721 -0.620896 -0.757494
    outer loop
      vertex -0.873229 12.6082 -0.6
      vertex -1.13886 11.0579 0.6
      vertex -1.70829 12.3369 -0.6
    endloop
  endfacet
  facet normal 0.638585 0.135732 -0.757486
    outer loop
      vertex -2.78466 8.20732 0.6
      vertex -2.66296 7.63475 0.6
      vertex -3.99444 7.20213 -0.6
    endloop
  endfacet
  facet normal 0.326437 -0.56537 -0.757493
    outer loop
      vertex -1.13886 11.0579 0.6
      vertex -1.6458 10.7652 0.6
      vertex -1.70829 12.3369 -0.6
    endloop
  endfacet
  facet normal 0.596409 -0.265538 -0.757487
    outer loop
      vertex -3.63731 10.6 -0.6
      vertex -2.66296 9.36525 0.6
      vertex -3.99444 9.79787 -0.6
    endloop
  endfacet
  facet normal -0.596409 -0.265538 -0.757487
    outer loop
      vertex 3.63731 10.6 -0.6
      vertex 3.99444 9.79787 -0.6
      vertex 2.66296 9.36525 0.6
    endloop
  endfacet
  facet normal -0.0682562 -0.649274 -0.757486
    outer loop
      vertex 0.873229 12.6082 -0.6
      vertex 0.582152 11.2388 0.6
      vertex 0 12.7 -0.6
    endloop
  endfacet
  facet normal 0.326424 0.565387 -0.757486
    outer loop
      vertex -1.6458 6.23475 0.6
      vertex -1.13886 5.94207 0.6
      vertex -1.70829 4.66311 -0.6
    endloop
  endfacet
  facet normal -0.326437 -0.56537 -0.757493
    outer loop
      vertex 1.70829 12.3369 -0.6
      vertex 1.6458 10.7652 0.6
      vertex 1.13886 11.0579 0.6
    endloop
  endfacet
  facet normal 0.638585 -0.135732 -0.757486
    outer loop
      vertex -2.66296 9.36525 0.6
      vertex -2.78466 8.79268 0.6
      vertex -3.99444 9.79787 -0.6
    endloop
  endfacet
  facet normal 0.201736 0.620898 -0.757488
    outer loop
      vertex -0.582152 5.76119 0.6
      vertex -0.873229 4.39178 -0.6
      vertex -1.13886 5.94207 0.6
    endloop
  endfacet
  facet normal 0.528188 -0.383728 -0.757476
    outer loop
      vertex -2.0808 10.3736 0.6
      vertex -2.42487 9.9 0.6
      vertex -3.12121 11.3103 -0.6
    endloop
  endfacet
  facet normal -0.528166 0.383736 -0.757487
    outer loop
      vertex 3.63731 6.4 -0.6
      vertex 3.12121 5.68965 -0.6
      vertex 2.42487 7.1 0.6
    endloop
  endfacet
  facet normal -0.0682563 -0.649274 -0.757486
    outer loop
      vertex 0 12.7 -0.6
      vertex 0.582152 11.2388 0.6
      vertex 0 11.3 0.6
    endloop
  endfacet
  facet normal -0.201721 -0.620896 -0.757494
    outer loop
      vertex 1.70829 12.3369 -0.6
      vertex 1.13886 11.0579 0.6
      vertex 0.873229 12.6082 -0.6
    endloop
  endfacet
  facet normal -0.436866 -0.485124 -0.757498
    outer loop
      vertex 2.4687 11.8979 -0.6
      vertex 3.12121 11.3103 -0.6
      vertex 1.6458 10.7652 0.6
    endloop
  endfacet
  facet normal 0.201757 -0.620896 -0.757484
    outer loop
      vertex -0.873229 12.6082 -0.6
      vertex -0.582152 11.2388 0.6
      vertex -1.13886 11.0579 0.6
    endloop
  endfacet
  facet normal 0.652851 0 -0.757486
    outer loop
      vertex -4.17699 8.06098 -0.6
      vertex -2.78466 8.79268 0.6
      vertex -2.78466 8.20732 0.6
    endloop
  endfacet
  facet normal 0.652851 0 -0.757486
    outer loop
      vertex -2.78466 8.79268 0.6
      vertex -4.17699 8.06098 -0.6
      vertex -4.17699 8.93902 -0.6
    endloop
  endfacet
  facet normal 0.638585 0.135732 -0.757487
    outer loop
      vertex -2.78466 8.20732 0.6
      vertex -3.99444 7.20213 -0.6
      vertex -4.17699 8.06098 -0.6
    endloop
  endfacet
  facet normal -0.596406 -0.265541 -0.757488
    outer loop
      vertex 3.63731 10.6 -0.6
      vertex 2.66296 9.36525 0.6
      vertex 2.42487 9.9 0.6
    endloop
  endfacet
  facet normal 0 0 -1
    outer loop
      vertex 2.66296 7.63475 0.6
      vertex 2.78466 8.79268 0.6
      vertex 2.78466 8.20732 0.6
    endloop
  endfacet
  facet normal 0 0 -1
    outer loop
      vertex 2.66296 7.63475 0.6
      vertex 2.66296 9.36525 0.6
      vertex 2.78466 8.79268 0.6
    endloop
  endfacet
  facet normal 0 0 -1
    outer loop
      vertex 2.42487 7.1 0.6
      vertex 2.66296 9.36525 0.6
      vertex 2.66296 7.63475 0.6
    endloop
  endfacet
  facet normal 0 0 -1
    outer loop
      vertex 2.42487 7.1 0.6
      vertex 2.42487 9.9 0.6
      vertex 2.66296 9.36525 0.6
    endloop
  endfacet
  facet normal 0 0 -1
    outer loop
      vertex 2.0808 6.62643 0.6
      vertex 2.42487 9.9 0.6
      vertex 2.42487 7.1 0.6
    endloop
  endfacet
  facet normal 0 0 -1
    outer loop
      vertex 2.0808 6.62643 0.6
      vertex 2.0808 10.3736 0.6
      vertex 2.42487 9.9 0.6
    endloop
  endfacet
  facet normal 0 0 -1
    outer loop
      vertex 1.6458 6.23475 0.6
      vertex 2.0808 10.3736 0.6
      vertex 2.0808 6.62643 0.6
    endloop
  endfacet
  facet normal 0 0 -1
    outer loop
      vertex 1.6458 6.23475 0.6
      vertex 1.6458 10.7652 0.6
      vertex 2.0808 10.3736 0.6
    endloop
  endfacet
  facet normal 0 0 -1
    outer loop
      vertex 1.13886 5.94207 0.6
      vertex 1.6458 10.7652 0.6
      vertex 1.6458 6.23475 0.6
    endloop
  endfacet
  facet normal 0 0 -1
    outer loop
      vertex 1.13886 5.94207 0.6
      vertex 1.13886 11.0579 0.6
      vertex 1.6458 10.7652 0.6
    endloop
  endfacet
  facet normal 0 0 -1
    outer loop
      vertex 0.582152 5.76119 0.6
      vertex 1.13886 11.0579 0.6
      vertex 1.13886 5.94207 0.6
    endloop
  endfacet
  facet normal 0 0 -1
    outer loop
      vertex 0.582152 5.76119 0.6
      vertex 0.582152 11.2388 0.6
      vertex 1.13886 11.0579 0.6
    endloop
  endfacet
  facet normal 0 0 -1
    outer loop
      vertex 0 5.7 0.6
      vertex 0.582152 11.2388 0.6
      vertex 0.582152 5.76119 0.6
    endloop
  endfacet
  facet normal 0 0 -1
    outer loop
      vertex 0 5.7 0.6
      vertex 0 11.3 0.6
      vertex 0.582152 11.2388 0.6
    endloop
  endfacet
  facet normal 0 0 -1
    outer loop
      vertex -0.582152 5.76119 0.6
      vertex 0 11.3 0.6
      vertex 0 5.7 0.6
    endloop
  endfacet
  facet normal 0 0 -1
    outer loop
      vertex -0.582152 5.76119 0.6
      vertex -0.582152 11.2388 0.6
      vertex 0 11.3 0.6
    endloop
  endfacet
  facet normal 0 0 -1
    outer loop
      vertex -1.13886 5.94207 0.6
      vertex -0.582152 11.2388 0.6
      vertex -0.582152 5.76119 0.6
    endloop
  endfacet
  facet normal 0 0 -1
    outer loop
      vertex -1.13886 5.94207 0.6
      vertex -1.13886 11.0579 0.6
      vertex -0.582152 11.2388 0.6
    endloop
  endfacet
  facet normal 0 0 -1
    outer loop
      vertex -1.6458 6.23475 0.6
      vertex -1.13886 11.0579 0.6
      vertex -1.13886 5.94207 0.6
    endloop
  endfacet
  facet normal 0 0 -1
    outer loop
      vertex -1.6458 6.23475 0.6
      vertex -1.6458 10.7652 0.6
      vertex -1.13886 11.0579 0.6
    endloop
  endfacet
  facet normal 0 0 -1
    outer loop
      vertex -2.0808 6.62643 0.6
      vertex -1.6458 10.7652 0.6
      vertex -1.6458 6.23475 0.6
    endloop
  endfacet
  facet normal 0 0 -1
    outer loop
      vertex -2.0808 6.62643 0.6
      vertex -2.0808 10.3736 0.6
      vertex -1.6458 10.7652 0.6
    endloop
  endfacet
  facet normal 0 0 -1
    outer loop
      vertex -2.42487 7.1 0.6
      vertex -2.0808 10.3736 0.6
      vertex -2.0808 6.62643 0.6
    endloop
  endfacet
  facet normal 0 0 -1
    outer loop
      vertex -2.42487 7.1 0.6
      vertex -2.42487 9.9 0.6
      vertex -2.0808 10.3736 0.6
    endloop
  endfacet
  facet normal 0 0 -1
    outer loop
      vertex -2.66296 7.63475 0.6
      vertex -2.42487 9.9 0.6
      vertex -2.42487 7.1 0.6
    endloop
  endfacet
  facet normal 0 0 -1
    outer loop
      vertex -2.66296 7.63475 0.6
      vertex -2.66296 9.36525 0.6
      vertex -2.42487 9.9 0.6
    endloop
  endfacet
  facet normal 0 0 -1
    outer loop
      vertex -2.78466 8.20732 0.6
      vertex -2.66296 9.36525 0.6
      vertex -2.66296 7.63475 0.6
    endloop
  endfacet
  facet normal 0 0 -1
    outer loop
      vertex -2.66296 9.36525 0.6
      vertex -2.78466 8.20732 0.6
      vertex -2.78466 8.79268 0.6
    endloop
  endfacet
  facet normal 0.913548 -0.406731 0
    outer loop
      vertex -4.46996 -7.54762 -0.6
      vertex -4.07032 -6.65 -2.5
      vertex -4.07032 -6.65 -0.6
    endloop
  endfacet
  facet normal 0.913548 -0.406731 0
    outer loop
      vertex -4.07032 -6.65 -2.5
      vertex -4.46996 -7.54762 -0.6
      vertex -4.46996 -7.54762 -2.5
    endloop
  endfacet
  facet normal 0.309017 -0.951056 0
    outer loop
      vertex -1.91166 -4.70634 -2.5
      vertex -0.977184 -4.40271 -0.6
      vertex -1.91166 -4.70634 -0.6
    endloop
  endfacet
  facet normal 0.309017 -0.951056 0
    outer loop
      vertex -0.977184 -4.40271 -0.6
      vertex -1.91166 -4.70634 -2.5
      vertex -0.977184 -4.40271 -2.5
    endloop
  endfacet
  facet normal -0.30899 0.951065 0
    outer loop
      vertex 1.91166 -13.2937 -2.5
      vertex 0.977184 -13.5973 -0.6
      vertex 1.91166 -13.2937 -0.6
    endloop
  endfacet
  facet normal -0.30899 0.951065 0
    outer loop
      vertex 0.977184 -13.5973 -0.6
      vertex 1.91166 -13.2937 -2.5
      vertex 0.977184 -13.5973 -2.5
    endloop
  endfacet
  facet normal -0.104522 0.994523 0
    outer loop
      vertex 0.977184 -13.5973 -2.5
      vertex 0 -13.7 -0.6
      vertex 0.977184 -13.5973 -0.6
    endloop
  endfacet
  facet normal -0.104522 0.994523 0
    outer loop
      vertex 0 -13.7 -0.6
      vertex 0.977184 -13.5973 -2.5
      vertex 0 -13.7 -2.5
    endloop
  endfacet
  facet normal -0.500012 0.866019 0
    outer loop
      vertex 2.76259 -12.8024 -2.5
      vertex 1.91166 -13.2937 -0.6
      vertex 2.76259 -12.8024 -0.6
    endloop
  endfacet
  facet normal -0.500012 0.866019 0
    outer loop
      vertex 1.91166 -13.2937 -0.6
      vertex 2.76259 -12.8024 -2.5
      vertex 1.91166 -13.2937 -2.5
    endloop
  endfacet
  facet normal 0.809012 0.587793 0
    outer loop
      vertex -3.49278 -12.1449 -0.6
      vertex -4.07032 -11.35 -2.5
      vertex -4.07032 -11.35 -0.6
    endloop
  endfacet
  facet normal 0.809012 0.587793 0
    outer loop
      vertex -4.07032 -11.35 -2.5
      vertex -3.49278 -12.1449 -0.6
      vertex -3.49278 -12.1449 -2.5
    endloop
  endfacet
  facet normal -0.913544 0.406739 0
    outer loop
      vertex 4.07032 -11.35 -2.5
      vertex 4.46996 -10.4524 -0.6
      vertex 4.46996 -10.4524 -2.5
    endloop
  endfacet
  facet normal -0.913544 0.406739 0
    outer loop
      vertex 4.46996 -10.4524 -0.6
      vertex 4.07032 -11.35 -2.5
      vertex 4.07032 -11.35 -0.6
    endloop
  endfacet
  facet normal 0.104522 0.994523 -0
    outer loop
      vertex 0 -13.7 -2.5
      vertex -0.977184 -13.5973 -0.6
      vertex 0 -13.7 -0.6
    endloop
  endfacet
  facet normal 0.104522 0.994523 0
    outer loop
      vertex -0.977184 -13.5973 -0.6
      vertex 0 -13.7 -2.5
      vertex -0.977184 -13.5973 -2.5
    endloop
  endfacet
  facet normal -0.66915 0.743128 0
    outer loop
      vertex 3.49278 -12.1449 -2.5
      vertex 2.76259 -12.8024 -0.6
      vertex 3.49278 -12.1449 -0.6
    endloop
  endfacet
  facet normal -0.66915 0.743128 0
    outer loop
      vertex 2.76259 -12.8024 -0.6
      vertex 3.49278 -12.1449 -2.5
      vertex 2.76259 -12.8024 -2.5
    endloop
  endfacet
  facet normal -0.499996 -0.866027 0
    outer loop
      vertex 1.91166 -4.70634 -2.5
      vertex 2.76259 -5.19762 -0.6
      vertex 1.91166 -4.70634 -0.6
    endloop
  endfacet
  facet normal -0.499996 -0.866027 -0
    outer loop
      vertex 2.76259 -5.19762 -0.6
      vertex 1.91166 -4.70634 -2.5
      vertex 2.76259 -5.19762 -2.5
    endloop
  endfacet
  facet normal 0.66915 0.743128 -0
    outer loop
      vertex -2.76259 -12.8024 -2.5
      vertex -3.49278 -12.1449 -0.6
      vertex -2.76259 -12.8024 -0.6
    endloop
  endfacet
  facet normal 0.66915 0.743128 0
    outer loop
      vertex -3.49278 -12.1449 -0.6
      vertex -2.76259 -12.8024 -2.5
      vertex -3.49278 -12.1449 -2.5
    endloop
  endfacet
  facet normal -0.669133 -0.743143 0
    outer loop
      vertex 2.76259 -5.19762 -2.5
      vertex 3.49278 -5.85509 -0.6
      vertex 2.76259 -5.19762 -0.6
    endloop
  endfacet
  facet normal -0.669133 -0.743143 -0
    outer loop
      vertex 3.49278 -5.85509 -0.6
      vertex 2.76259 -5.19762 -2.5
      vertex 3.49278 -5.85509 -2.5
    endloop
  endfacet
  facet normal 0.500012 0.866019 -0
    outer loop
      vertex -1.91166 -13.2937 -2.5
      vertex -2.76259 -12.8024 -0.6
      vertex -1.91166 -13.2937 -0.6
    endloop
  endfacet
  facet normal 0.500012 0.866019 0
    outer loop
      vertex -2.76259 -12.8024 -0.6
      vertex -1.91166 -13.2937 -2.5
      vertex -2.76259 -12.8024 -2.5
    endloop
  endfacet
  facet normal -0.809015 -0.587788 0
    outer loop
      vertex 4.07032 -6.65 -2.5
      vertex 3.49278 -5.85509 -0.6
      vertex 3.49278 -5.85509 -2.5
    endloop
  endfacet
  facet normal -0.809015 -0.587788 0
    outer loop
      vertex 3.49278 -5.85509 -0.6
      vertex 4.07032 -6.65 -2.5
      vertex 4.07032 -6.65 -0.6
    endloop
  endfacet
  facet normal 0.30899 0.951065 -0
    outer loop
      vertex -0.977184 -13.5973 -2.5
      vertex -1.91166 -13.2937 -0.6
      vertex -0.977184 -13.5973 -0.6
    endloop
  endfacet
  facet normal 0.30899 0.951065 0
    outer loop
      vertex -1.91166 -13.2937 -0.6
      vertex -0.977184 -13.5973 -2.5
      vertex -1.91166 -13.2937 -2.5
    endloop
  endfacet
  facet normal -1 0 0
    outer loop
      vertex 4.67425 -9.49128 -2.5
      vertex 4.67425 -8.50872 -0.6
      vertex 4.67425 -8.50872 -2.5
    endloop
  endfacet
  facet normal -1 -0 0
    outer loop
      vertex 4.67425 -8.50872 -0.6
      vertex 4.67425 -9.49128 -2.5
      vertex 4.67425 -9.49128 -0.6
    endloop
  endfacet
  facet normal 0.809015 -0.587788 0
    outer loop
      vertex -4.07032 -6.65 -0.6
      vertex -3.49278 -5.85509 -2.5
      vertex -3.49278 -5.85509 -0.6
    endloop
  endfacet
  facet normal 0.809015 -0.587788 0
    outer loop
      vertex -3.49278 -5.85509 -2.5
      vertex -4.07032 -6.65 -0.6
      vertex -4.07032 -6.65 -2.5
    endloop
  endfacet
  facet normal 0.499996 -0.866027 0
    outer loop
      vertex -2.76259 -5.19762 -2.5
      vertex -1.91166 -4.70634 -0.6
      vertex -2.76259 -5.19762 -0.6
    endloop
  endfacet
  facet normal 0.499996 -0.866027 0
    outer loop
      vertex -1.91166 -4.70634 -0.6
      vertex -2.76259 -5.19762 -2.5
      vertex -1.91166 -4.70634 -2.5
    endloop
  endfacet
  facet normal -0.913548 -0.406731 0
    outer loop
      vertex 4.46996 -7.54762 -2.5
      vertex 4.07032 -6.65 -0.6
      vertex 4.07032 -6.65 -2.5
    endloop
  endfacet
  facet normal -0.913548 -0.406731 0
    outer loop
      vertex 4.07032 -6.65 -0.6
      vertex 4.46996 -7.54762 -2.5
      vertex 4.46996 -7.54762 -0.6
    endloop
  endfacet
  facet normal 0.104532 -0.994521 0
    outer loop
      vertex -0.977184 -4.40271 -2.5
      vertex 0 -4.3 -0.6
      vertex -0.977184 -4.40271 -0.6
    endloop
  endfacet
  facet normal 0.104532 -0.994521 0
    outer loop
      vertex 0 -4.3 -0.6
      vertex -0.977184 -4.40271 -2.5
      vertex 0 -4.3 -2.5
    endloop
  endfacet
  facet normal 0.669133 -0.743143 0
    outer loop
      vertex -3.49278 -5.85509 -2.5
      vertex -2.76259 -5.19762 -0.6
      vertex -3.49278 -5.85509 -0.6
    endloop
  endfacet
  facet normal 0.669133 -0.743143 0
    outer loop
      vertex -2.76259 -5.19762 -0.6
      vertex -3.49278 -5.85509 -2.5
      vertex -2.76259 -5.19762 -2.5
    endloop
  endfacet
  facet normal 0.978148 0.207909 0
    outer loop
      vertex -4.46996 -10.4524 -0.6
      vertex -4.67425 -9.49128 -2.5
      vertex -4.67425 -9.49128 -0.6
    endloop
  endfacet
  facet normal 0.978148 0.207909 0
    outer loop
      vertex -4.67425 -9.49128 -2.5
      vertex -4.46996 -10.4524 -0.6
      vertex -4.46996 -10.4524 -2.5
    endloop
  endfacet
  facet normal -0.104532 -0.994521 0
    outer loop
      vertex 0 -4.3 -2.5
      vertex 0.977184 -4.40271 -0.6
      vertex 0 -4.3 -0.6
    endloop
  endfacet
  facet normal -0.104532 -0.994521 -0
    outer loop
      vertex 0.977184 -4.40271 -0.6
      vertex 0 -4.3 -2.5
      vertex 0.977184 -4.40271 -2.5
    endloop
  endfacet
  facet normal -0.978148 0.207909 0
    outer loop
      vertex 4.46996 -10.4524 -2.5
      vertex 4.67425 -9.49128 -0.6
      vertex 4.67425 -9.49128 -2.5
    endloop
  endfacet
  facet normal -0.978148 0.207909 0
    outer loop
      vertex 4.67425 -9.49128 -0.6
      vertex 4.46996 -10.4524 -2.5
      vertex 4.46996 -10.4524 -0.6
    endloop
  endfacet
  facet normal -0.809012 0.587793 0
    outer loop
      vertex 3.49278 -12.1449 -2.5
      vertex 4.07032 -11.35 -0.6
      vertex 4.07032 -11.35 -2.5
    endloop
  endfacet
  facet normal -0.809012 0.587793 0
    outer loop
      vertex 4.07032 -11.35 -0.6
      vertex 3.49278 -12.1449 -2.5
      vertex 3.49278 -12.1449 -0.6
    endloop
  endfacet
  facet normal -0.978147 -0.207914 0
    outer loop
      vertex 4.67425 -8.50872 -2.5
      vertex 4.46996 -7.54762 -0.6
      vertex 4.46996 -7.54762 -2.5
    endloop
  endfacet
  facet normal -0.978147 -0.207914 0
    outer loop
      vertex 4.46996 -7.54762 -0.6
      vertex 4.67425 -8.50872 -2.5
      vertex 4.67425 -8.50872 -0.6
    endloop
  endfacet
  facet normal 0.913544 0.406739 0
    outer loop
      vertex -4.07032 -11.35 -0.6
      vertex -4.46996 -10.4524 -2.5
      vertex -4.46996 -10.4524 -0.6
    endloop
  endfacet
  facet normal 0.913544 0.406739 0
    outer loop
      vertex -4.46996 -10.4524 -2.5
      vertex -4.07032 -11.35 -0.6
      vertex -4.07032 -11.35 -2.5
    endloop
  endfacet
  facet normal 1 -0 0
    outer loop
      vertex -4.67425 -9.49128 -0.6
      vertex -4.67425 -8.50872 -2.5
      vertex -4.67425 -8.50872 -0.6
    endloop
  endfacet
  facet normal 1 0 0
    outer loop
      vertex -4.67425 -8.50872 -2.5
      vertex -4.67425 -9.49128 -0.6
      vertex -4.67425 -9.49128 -2.5
    endloop
  endfacet
  facet normal 0.978147 -0.207914 0
    outer loop
      vertex -4.67425 -8.50872 -0.6
      vertex -4.46996 -7.54762 -2.5
      vertex -4.46996 -7.54762 -0.6
    endloop
  endfacet
  facet normal 0.978147 -0.207914 0
    outer loop
      vertex -4.46996 -7.54762 -2.5
      vertex -4.67425 -8.50872 -0.6
      vertex -4.67425 -8.50872 -2.5
    endloop
  endfacet
  facet normal -0.309017 -0.951056 0
    outer loop
      vertex 0.977184 -4.40271 -2.5
      vertex 1.91166 -4.70634 -0.6
      vertex 0.977184 -4.40271 -0.6
    endloop
  endfacet
  facet normal -0.309017 -0.951056 -0
    outer loop
      vertex 1.91166 -4.70634 -0.6
      vertex 0.977184 -4.40271 -2.5
      vertex 1.91166 -4.70634 -2.5
    endloop
  endfacet
  facet normal -0.0637805 -0.606838 -0.792262
    outer loop
      vertex 0 -4.3 -0.6
      vertex 0.651456 -5.93514 0.6
      vertex 0 -5.86667 0.6
    endloop
  endfacet
  facet normal -0.305094 0.528421 -0.792268
    outer loop
      vertex 1.91166 -13.2937 -0.6
      vertex 1.84173 -11.5349 0.6
      vertex 2.76259 -12.8024 -0.6
    endloop
  endfacet
  facet normal -0.305064 0.528427 -0.792276
    outer loop
      vertex 1.84173 -11.5349 0.6
      vertex 1.91166 -13.2937 -0.6
      vertex 1.27444 -11.8624 0.6
    endloop
  endfacet
  facet normal 0.493646 -0.35866 -0.792261
    outer loop
      vertex -2.32852 -6.90339 0.6
      vertex -2.71355 -7.43333 0.6
      vertex -4.07032 -6.65 -0.6
    endloop
  endfacet
  facet normal -0.0637148 0.606833 -0.792271
    outer loop
      vertex 0 -12.1333 0.6
      vertex 0.651456 -12.0649 0.6
      vertex 0 -13.7 -0.6
    endloop
  endfacet
  facet normal -0.0637784 0.606847 -0.792256
    outer loop
      vertex 0.651456 -12.0649 0.6
      vertex 0.977184 -13.5973 -0.6
      vertex 0 -13.7 -0.6
    endloop
  endfacet
  facet normal 0.493644 0.35866 -0.792261
    outer loop
      vertex -2.32852 -11.0966 0.6
      vertex -3.49278 -12.1449 -0.6
      vertex -4.07032 -11.35 -0.6
    endloop
  endfacet
  facet normal -0.493646 -0.35866 -0.792261
    outer loop
      vertex 4.07032 -6.65 -0.6
      vertex 2.71355 -7.43333 0.6
      vertex 2.32852 -6.90339 0.6
    endloop
  endfacet
  facet normal -0.557428 0.248184 -0.792262
    outer loop
      vertex 4.46996 -10.4524 -0.6
      vertex 4.07032 -11.35 -0.6
      vertex 2.97998 -9.96825 0.6
    endloop
  endfacet
  facet normal 0.596849 -0.126865 -0.79226
    outer loop
      vertex -4.46996 -7.54762 -0.6
      vertex -2.97998 -8.03175 0.6
      vertex -4.67425 -8.50872 -0.6
    endloop
  endfacet
  facet normal -0.188557 -0.580317 -0.792261
    outer loop
      vertex 1.91166 -4.70634 -0.6
      vertex 1.27444 -6.13756 0.6
      vertex 0.651456 -5.93514 0.6
    endloop
  endfacet
  facet normal 0.596849 0.126863 -0.792261
    outer loop
      vertex -2.97998 -9.96825 0.6
      vertex -4.46996 -10.4524 -0.6
      vertex -4.67425 -9.49128 -0.6
    endloop
  endfacet
  facet normal -0.493637 0.358681 -0.792256
    outer loop
      vertex 2.71355 -10.5667 0.6
      vertex 4.07032 -11.35 -0.6
      vertex 2.32852 -11.0966 0.6
    endloop
  endfacet
  facet normal 0.408293 -0.453453 -0.792261
    outer loop
      vertex -1.84173 -6.46508 0.6
      vertex -2.32852 -6.90339 0.6
      vertex -2.76259 -5.19762 -0.6
    endloop
  endfacet
  facet normal 0.188557 -0.580317 -0.792261
    outer loop
      vertex -0.651456 -5.93514 0.6
      vertex -1.27444 -6.13756 0.6
      vertex -1.91166 -4.70634 -0.6
    endloop
  endfacet
  facet normal 0.408282 0.453451 -0.792267
    outer loop
      vertex -2.32852 -11.0966 0.6
      vertex -1.84173 -11.5349 0.6
      vertex -2.76259 -12.8024 -0.6
    endloop
  endfacet
  facet normal 0.596849 -0.126863 -0.792261
    outer loop
      vertex -2.97998 -8.03175 0.6
      vertex -3.11617 -8.67248 0.6
      vertex -4.67425 -8.50872 -0.6
    endloop
  endfacet
  facet normal -0.408282 0.453451 -0.792267
    outer loop
      vertex 2.32852 -11.0966 0.6
      vertex 2.76259 -12.8024 -0.6
      vertex 1.84173 -11.5349 0.6
    endloop
  endfacet
  facet normal 0.557439 0.248172 -0.792258
    outer loop
      vertex -2.97998 -9.96825 0.6
      vertex -2.71355 -10.5667 0.6
      vertex -4.07032 -11.35 -0.6
    endloop
  endfacet
  facet normal -0.596849 -0.126863 -0.792261
    outer loop
      vertex 4.67425 -8.50872 -0.6
      vertex 3.11617 -8.67248 0.6
      vertex 2.97998 -8.03175 0.6
    endloop
  endfacet
  facet normal -0.408303 0.453443 -0.792262
    outer loop
      vertex 3.49278 -12.1449 -0.6
      vertex 2.76259 -12.8024 -0.6
      vertex 2.32852 -11.0966 0.6
    endloop
  endfacet
  facet normal 0.305087 -0.528435 -0.792262
    outer loop
      vertex -1.84173 -6.46508 0.6
      vertex -1.91166 -4.70634 -0.6
      vertex -1.27444 -6.13756 0.6
    endloop
  endfacet
  facet normal 0.305089 -0.528434 -0.792261
    outer loop
      vertex -1.91166 -4.70634 -0.6
      vertex -1.84173 -6.46508 0.6
      vertex -2.76259 -5.19762 -0.6
    endloop
  endfacet
  facet normal 0.188557 -0.580317 -0.792261
    outer loop
      vertex -0.977184 -4.40271 -0.6
      vertex -0.651456 -5.93514 0.6
      vertex -1.91166 -4.70634 -0.6
    endloop
  endfacet
  facet normal 0.0637837 -0.606839 -0.792262
    outer loop
      vertex 0 -4.3 -0.6
      vertex -0.651456 -5.93514 0.6
      vertex -0.977184 -4.40271 -0.6
    endloop
  endfacet
  facet normal 0.557431 -0.248181 -0.792261
    outer loop
      vertex -2.71355 -7.43333 0.6
      vertex -2.97998 -8.03175 0.6
      vertex -4.07032 -6.65 -0.6
    endloop
  endfacet
  facet normal -0.305089 -0.528434 -0.792261
    outer loop
      vertex 1.84173 -6.46508 0.6
      vertex 1.91166 -4.70634 -0.6
      vertex 2.76259 -5.19762 -0.6
    endloop
  endfacet
  facet normal -0.305087 -0.528435 -0.792262
    outer loop
      vertex 1.91166 -4.70634 -0.6
      vertex 1.84173 -6.46508 0.6
      vertex 1.27444 -6.13756 0.6
    endloop
  endfacet
  facet normal -0.188617 0.580273 -0.792279
    outer loop
      vertex 1.27444 -11.8624 0.6
      vertex 1.91166 -13.2937 -0.6
      vertex 0.651456 -12.0649 0.6
    endloop
  endfacet
  facet normal -0.188542 0.580328 -0.792257
    outer loop
      vertex 1.91166 -13.2937 -0.6
      vertex 0.977184 -13.5973 -0.6
      vertex 0.651456 -12.0649 0.6
    endloop
  endfacet
  facet normal 0.305064 0.528427 -0.792276
    outer loop
      vertex -1.91166 -13.2937 -0.6
      vertex -1.84173 -11.5349 0.6
      vertex -1.27444 -11.8624 0.6
    endloop
  endfacet
  facet normal 0.305094 0.528421 -0.792268
    outer loop
      vertex -1.84173 -11.5349 0.6
      vertex -1.91166 -13.2937 -0.6
      vertex -2.76259 -12.8024 -0.6
    endloop
  endfacet
  facet normal 0.493637 0.358681 -0.792256
    outer loop
      vertex -2.71355 -10.5667 0.6
      vertex -2.32852 -11.0966 0.6
      vertex -4.07032 -11.35 -0.6
    endloop
  endfacet
  facet normal -0.596849 -0.126865 -0.79226
    outer loop
      vertex 4.46996 -7.54762 -0.6
      vertex 4.67425 -8.50872 -0.6
      vertex 2.97998 -8.03175 0.6
    endloop
  endfacet
  facet normal -0.493646 -0.358658 -0.792261
    outer loop
      vertex 3.49278 -5.85509 -0.6
      vertex 4.07032 -6.65 -0.6
      vertex 2.32852 -6.90339 0.6
    endloop
  endfacet
  facet normal 0.557431 -0.24818 -0.792261
    outer loop
      vertex -4.07032 -6.65 -0.6
      vertex -2.97998 -8.03175 0.6
      vertex -4.46996 -7.54762 -0.6
    endloop
  endfacet
  facet normal 0.188542 0.580328 -0.792257
    outer loop
      vertex -0.651456 -12.0649 0.6
      vertex -0.977184 -13.5973 -0.6
      vertex -1.91166 -13.2937 -0.6
    endloop
  endfacet
  facet normal 0.408293 -0.453452 -0.792261
    outer loop
      vertex -2.76259 -5.19762 -0.6
      vertex -2.32852 -6.90339 0.6
      vertex -3.49278 -5.85509 -0.6
    endloop
  endfacet
  facet normal -0.557431 -0.24818 -0.792261
    outer loop
      vertex 4.07032 -6.65 -0.6
      vertex 4.46996 -7.54762 -0.6
      vertex 2.97998 -8.03175 0.6
    endloop
  endfacet
  facet normal -0.557439 0.248172 -0.792258
    outer loop
      vertex 2.97998 -9.96825 0.6
      vertex 4.07032 -11.35 -0.6
      vertex 2.71355 -10.5667 0.6
    endloop
  endfacet
  facet normal 0.493646 -0.358658 -0.792261
    outer loop
      vertex -3.49278 -5.85509 -0.6
      vertex -2.32852 -6.90339 0.6
      vertex -4.07032 -6.65 -0.6
    endloop
  endfacet
  facet normal -0.408293 -0.453453 -0.792261
    outer loop
      vertex 2.76259 -5.19762 -0.6
      vertex 2.32852 -6.90339 0.6
      vertex 1.84173 -6.46508 0.6
    endloop
  endfacet
  facet normal 0.0637784 0.606847 -0.792256
    outer loop
      vertex -0.651456 -12.0649 0.6
      vertex 0 -13.7 -0.6
      vertex -0.977184 -13.5973 -0.6
    endloop
  endfacet
  facet normal 0.0637148 0.606833 -0.792271
    outer loop
      vertex 0 -12.1333 0.6
      vertex 0 -13.7 -0.6
      vertex -0.651456 -12.0649 0.6
    endloop
  endfacet
  facet normal -0.493644 0.35866 -0.792261
    outer loop
      vertex 4.07032 -11.35 -0.6
      vertex 3.49278 -12.1449 -0.6
      vertex 2.32852 -11.0966 0.6
    endloop
  endfacet
  facet normal -0.596849 0.126863 -0.792261
    outer loop
      vertex 3.11617 -9.32752 0.6
      vertex 4.67425 -9.49128 -0.6
      vertex 2.97998 -9.96825 0.6
    endloop
  endfacet
  facet normal 0.0637805 -0.606838 -0.792262
    outer loop
      vertex 0 -4.3 -0.6
      vertex 0 -5.86667 0.6
      vertex -0.651456 -5.93514 0.6
    endloop
  endfacet
  facet normal -0.557431 -0.248181 -0.792261
    outer loop
      vertex 4.07032 -6.65 -0.6
      vertex 2.97998 -8.03175 0.6
      vertex 2.71355 -7.43333 0.6
    endloop
  endfacet
  facet normal 0.408303 0.453443 -0.792262
    outer loop
      vertex -2.32852 -11.0966 0.6
      vertex -2.76259 -12.8024 -0.6
      vertex -3.49278 -12.1449 -0.6
    endloop
  endfacet
  facet normal -0.0637837 -0.606839 -0.792262
    outer loop
      vertex 0.977184 -4.40271 -0.6
      vertex 0.651456 -5.93514 0.6
      vertex 0 -4.3 -0.6
    endloop
  endfacet
  facet normal -0.188557 -0.580317 -0.792261
    outer loop
      vertex 0.977184 -4.40271 -0.6
      vertex 1.91166 -4.70634 -0.6
      vertex 0.651456 -5.93514 0.6
    endloop
  endfacet
  facet normal -0.610182 0 -0.792261
    outer loop
      vertex 3.11617 -9.32752 0.6
      vertex 4.67425 -8.50872 -0.6
      vertex 4.67425 -9.49128 -0.6
    endloop
  endfacet
  facet normal -0.610182 0 -0.792261
    outer loop
      vertex 4.67425 -8.50872 -0.6
      vertex 3.11617 -9.32752 0.6
      vertex 3.11617 -8.67248 0.6
    endloop
  endfacet
  facet normal 0.557428 0.248184 -0.792262
    outer loop
      vertex -2.97998 -9.96825 0.6
      vertex -4.07032 -11.35 -0.6
      vertex -4.46996 -10.4524 -0.6
    endloop
  endfacet
  facet normal 0.188617 0.580273 -0.792279
    outer loop
      vertex -1.27444 -11.8624 0.6
      vertex -0.651456 -12.0649 0.6
      vertex -1.91166 -13.2937 -0.6
    endloop
  endfacet
  facet normal -0.596849 0.126863 -0.792261
    outer loop
      vertex 4.67425 -9.49128 -0.6
      vertex 4.46996 -10.4524 -0.6
      vertex 2.97998 -9.96825 0.6
    endloop
  endfacet
  facet normal -0.408293 -0.453452 -0.792261
    outer loop
      vertex 2.76259 -5.19762 -0.6
      vertex 3.49278 -5.85509 -0.6
      vertex 2.32852 -6.90339 0.6
    endloop
  endfacet
  facet normal 0.596849 0.126863 -0.792261
    outer loop
      vertex -3.11617 -9.32752 0.6
      vertex -2.97998 -9.96825 0.6
      vertex -4.67425 -9.49128 -0.6
    endloop
  endfacet
  facet normal 0.610182 0 -0.792261
    outer loop
      vertex -4.67425 -9.49128 -0.6
      vertex -3.11617 -8.67248 0.6
      vertex -3.11617 -9.32752 0.6
    endloop
  endfacet
  facet normal 0.610182 0 -0.792261
    outer loop
      vertex -3.11617 -8.67248 0.6
      vertex -4.67425 -9.49128 -0.6
      vertex -4.67425 -8.50872 -0.6
    endloop
  endfacet
  facet normal 0 0 -1
    outer loop
      vertex 2.97998 -9.96825 0.6
      vertex 3.11617 -8.67248 0.6
      vertex 3.11617 -9.32752 0.6
    endloop
  endfacet
  facet normal 0 0 -1
    outer loop
      vertex 2.97998 -9.96825 0.6
      vertex 2.97998 -8.03175 0.6
      vertex 3.11617 -8.67248 0.6
    endloop
  endfacet
  facet normal 0 0 -1
    outer loop
      vertex 2.71355 -10.5667 0.6
      vertex 2.97998 -8.03175 0.6
      vertex 2.97998 -9.96825 0.6
    endloop
  endfacet
  facet normal 0 0 -1
    outer loop
      vertex 2.71355 -10.5667 0.6
      vertex 2.71355 -7.43333 0.6
      vertex 2.97998 -8.03175 0.6
    endloop
  endfacet
  facet normal 0 0 -1
    outer loop
      vertex 2.32852 -11.0966 0.6
      vertex 2.71355 -7.43333 0.6
      vertex 2.71355 -10.5667 0.6
    endloop
  endfacet
  facet normal 0 0 -1
    outer loop
      vertex 2.32852 -11.0966 0.6
      vertex 2.32852 -6.90339 0.6
      vertex 2.71355 -7.43333 0.6
    endloop
  endfacet
  facet normal 0 0 -1
    outer loop
      vertex 1.84173 -11.5349 0.6
      vertex 2.32852 -6.90339 0.6
      vertex 2.32852 -11.0966 0.6
    endloop
  endfacet
  facet normal 0 0 -1
    outer loop
      vertex 1.84173 -11.5349 0.6
      vertex 1.84173 -6.46508 0.6
      vertex 2.32852 -6.90339 0.6
    endloop
  endfacet
  facet normal 0 0 -1
    outer loop
      vertex 1.27444 -11.8624 0.6
      vertex 1.84173 -6.46508 0.6
      vertex 1.84173 -11.5349 0.6
    endloop
  endfacet
  facet normal 0 0 -1
    outer loop
      vertex 1.27444 -11.8624 0.6
      vertex 1.27444 -6.13756 0.6
      vertex 1.84173 -6.46508 0.6
    endloop
  endfacet
  facet normal 0 0 -1
    outer loop
      vertex 0.651456 -12.0649 0.6
      vertex 1.27444 -6.13756 0.6
      vertex 1.27444 -11.8624 0.6
    endloop
  endfacet
  facet normal 0 0 -1
    outer loop
      vertex 0.651456 -12.0649 0.6
      vertex 0.651456 -5.93514 0.6
      vertex 1.27444 -6.13756 0.6
    endloop
  endfacet
  facet normal 0 0 -1
    outer loop
      vertex 0 -12.1333 0.6
      vertex 0.651456 -5.93514 0.6
      vertex 0.651456 -12.0649 0.6
    endloop
  endfacet
  facet normal 0 0 -1
    outer loop
      vertex 0 -12.1333 0.6
      vertex 0 -5.86667 0.6
      vertex 0.651456 -5.93514 0.6
    endloop
  endfacet
  facet normal 0 0 -1
    outer loop
      vertex -0.651456 -12.0649 0.6
      vertex 0 -5.86667 0.6
      vertex 0 -12.1333 0.6
    endloop
  endfacet
  facet normal 0 0 -1
    outer loop
      vertex -0.651456 -12.0649 0.6
      vertex -0.651456 -5.93514 0.6
      vertex 0 -5.86667 0.6
    endloop
  endfacet
  facet normal 0 0 -1
    outer loop
      vertex -1.27444 -11.8624 0.6
      vertex -0.651456 -5.93514 0.6
      vertex -0.651456 -12.0649 0.6
    endloop
  endfacet
  facet normal 0 0 -1
    outer loop
      vertex -1.27444 -11.8624 0.6
      vertex -1.27444 -6.13756 0.6
      vertex -0.651456 -5.93514 0.6
    endloop
  endfacet
  facet normal 0 0 -1
    outer loop
      vertex -1.84173 -11.5349 0.6
      vertex -1.27444 -6.13756 0.6
      vertex -1.27444 -11.8624 0.6
    endloop
  endfacet
  facet normal 0 0 -1
    outer loop
      vertex -1.84173 -11.5349 0.6
      vertex -1.84173 -6.46508 0.6
      vertex -1.27444 -6.13756 0.6
    endloop
  endfacet
  facet normal 0 0 -1
    outer loop
      vertex -2.32852 -11.0966 0.6
      vertex -1.84173 -6.46508 0.6
      vertex -1.84173 -11.5349 0.6
    endloop
  endfacet
  facet normal 0 0 -1
    outer loop
      vertex -2.32852 -11.0966 0.6
      vertex -2.32852 -6.90339 0.6
      vertex -1.84173 -6.46508 0.6
    endloop
  endfacet
  facet normal 0 0 -1
    outer loop
      vertex -2.71355 -10.5667 0.6
      vertex -2.32852 -6.90339 0.6
      vertex -2.32852 -11.0966 0.6
    endloop
  endfacet
  facet normal 0 0 -1
    outer loop
      vertex -2.71355 -10.5667 0.6
      vertex -2.71355 -7.43333 0.6
      vertex -2.32852 -6.90339 0.6
    endloop
  endfacet
  facet normal 0 0 -1
    outer loop
      vertex -2.97998 -9.96825 0.6
      vertex -2.71355 -7.43333 0.6
      vertex -2.71355 -10.5667 0.6
    endloop
  endfacet
  facet normal 0 0 -1
    outer loop
      vertex -2.97998 -9.96825 0.6
      vertex -2.97998 -8.03175 0.6
      vertex -2.71355 -7.43333 0.6
    endloop
  endfacet
  facet normal 0 0 -1
    outer loop
      vertex -3.11617 -9.32752 0.6
      vertex -2.97998 -8.03175 0.6
      vertex -2.97998 -9.96825 0.6
    endloop
  endfacet
  facet normal 0 0 -1
    outer loop
      vertex -2.97998 -8.03175 0.6
      vertex -3.11617 -9.32752 0.6
      vertex -3.11617 -8.67248 0.6
    endloop
  endfacet
endsolid OpenSCAD_Model
