solid OpenSCAD_Model
  facet normal 0.951078 -0.308952 0
    outer loop
      vertex -3.30994 22.8975 3.2
      vertex -3.19043 23.2654 2.5
      vertex -3.19043 23.2654 3.2
    endloop
  endfacet
  facet normal 0.951078 -0.308952 0
    outer loop
      vertex -3.19043 23.2654 2.5
      vertex -3.30994 22.8975 3.2
      vertex -3.30994 22.8975 2.5
    endloop
  endfacet
  facet normal 0.951078 0.308952 0
    outer loop
      vertex -3.19043 24.0346 3.2
      vertex -3.30994 24.4025 2.5
      vertex -3.30994 24.4025 3.2
    endloop
  endfacet
  facet normal 0.951078 0.308952 0
    outer loop
      vertex -3.30994 24.4025 2.5
      vertex -3.19043 24.0346 3.2
      vertex -3.19043 24.0346 2.5
    endloop
  endfacet
  facet normal 0.99452 0.104546 0
    outer loop
      vertex -3.15 23.65 3.2
      vertex -3.19043 24.0346 2.5
      vertex -3.19043 24.0346 3.2
    endloop
  endfacet
  facet normal 0.99452 0.104546 0
    outer loop
      vertex -3.19043 24.0346 2.5
      vertex -3.15 23.65 3.2
      vertex -3.15 23.65 2.5
    endloop
  endfacet
  facet normal 0.865997 0.500049 0
    outer loop
      vertex -3.30994 24.4025 3.2
      vertex -3.50332 24.7374 2.5
      vertex -3.50332 24.7374 3.2
    endloop
  endfacet
  facet normal 0.865997 0.500049 0
    outer loop
      vertex -3.50332 24.7374 2.5
      vertex -3.30994 24.4025 3.2
      vertex -3.30994 24.4025 2.5
    endloop
  endfacet
  facet normal -0.865997 0.500049 0
    outer loop
      vertex -6.69006 24.4025 2.5
      vertex -6.49668 24.7374 3.2
      vertex -6.49668 24.7374 2.5
    endloop
  endfacet
  facet normal -0.865997 0.500049 0
    outer loop
      vertex -6.49668 24.7374 3.2
      vertex -6.69006 24.4025 2.5
      vertex -6.69006 24.4025 3.2
    endloop
  endfacet
  facet normal -0.951078 -0.308952 0
    outer loop
      vertex -6.69006 22.8975 2.5
      vertex -6.80957 23.2654 3.2
      vertex -6.80957 23.2654 2.5
    endloop
  endfacet
  facet normal -0.951078 -0.308952 0
    outer loop
      vertex -6.80957 23.2654 3.2
      vertex -6.69006 22.8975 2.5
      vertex -6.69006 22.8975 3.2
    endloop
  endfacet
  facet normal 0.587738 0.809051 -0
    outer loop
      vertex -3.76211 25.0248 2.5
      vertex -4.075 25.2521 3.2
      vertex -3.76211 25.0248 3.2
    endloop
  endfacet
  facet normal 0.587738 0.809051 0
    outer loop
      vertex -4.075 25.2521 3.2
      vertex -3.76211 25.0248 2.5
      vertex -4.075 25.2521 2.5
    endloop
  endfacet
  facet normal 0.99452 -0.104546 0
    outer loop
      vertex -3.19043 23.2654 3.2
      vertex -3.15 23.65 2.5
      vertex -3.15 23.65 3.2
    endloop
  endfacet
  facet normal 0.99452 -0.104546 0
    outer loop
      vertex -3.15 23.65 2.5
      vertex -3.19043 23.2654 3.2
      vertex -3.19043 23.2654 2.5
    endloop
  endfacet
  facet normal 0.743127 0.66915 0
    outer loop
      vertex -3.50332 24.7374 3.2
      vertex -3.76211 25.0248 2.5
      vertex -3.76211 25.0248 3.2
    endloop
  endfacet
  facet normal 0.743127 0.66915 0
    outer loop
      vertex -3.76211 25.0248 2.5
      vertex -3.50332 24.7374 3.2
      vertex -3.50332 24.7374 2.5
    endloop
  endfacet
  facet normal -0.207887 0.978153 0
    outer loop
      vertex -5.19338 25.4899 2.5
      vertex -5.57168 25.4095 3.2
      vertex -5.19338 25.4899 3.2
    endloop
  endfacet
  facet normal -0.207887 0.978153 0
    outer loop
      vertex -5.57168 25.4095 3.2
      vertex -5.19338 25.4899 2.5
      vertex -5.57168 25.4095 2.5
    endloop
  endfacet
  facet normal -0.743127 0.66915 0
    outer loop
      vertex -6.49668 24.7374 2.5
      vertex -6.23789 25.0248 3.2
      vertex -6.23789 25.0248 2.5
    endloop
  endfacet
  facet normal -0.743127 0.66915 0
    outer loop
      vertex -6.23789 25.0248 3.2
      vertex -6.49668 24.7374 2.5
      vertex -6.49668 24.7374 3.2
    endloop
  endfacet
  facet normal -0.951078 0.308952 0
    outer loop
      vertex -6.80957 24.0346 2.5
      vertex -6.69006 24.4025 3.2
      vertex -6.69006 24.4025 2.5
    endloop
  endfacet
  facet normal -0.951078 0.308952 0
    outer loop
      vertex -6.69006 24.4025 3.2
      vertex -6.80957 24.0346 2.5
      vertex -6.80957 24.0346 3.2
    endloop
  endfacet
  facet normal -0.587738 0.809051 0
    outer loop
      vertex -5.925 25.2521 2.5
      vertex -6.23789 25.0248 3.2
      vertex -5.925 25.2521 3.2
    endloop
  endfacet
  facet normal -0.587738 0.809051 0
    outer loop
      vertex -6.23789 25.0248 3.2
      vertex -5.925 25.2521 2.5
      vertex -6.23789 25.0248 2.5
    endloop
  endfacet
  facet normal -0.406935 -0.913457 0
    outer loop
      vertex -5.925 22.0479 2.5
      vertex -5.57168 21.8905 3.2
      vertex -5.925 22.0479 3.2
    endloop
  endfacet
  facet normal -0.406935 -0.913457 -0
    outer loop
      vertex -5.57168 21.8905 3.2
      vertex -5.925 22.0479 2.5
      vertex -5.57168 21.8905 2.5
    endloop
  endfacet
  facet normal -0.406935 0.913457 0
    outer loop
      vertex -5.57168 25.4095 2.5
      vertex -5.925 25.2521 3.2
      vertex -5.57168 25.4095 3.2
    endloop
  endfacet
  facet normal -0.406935 0.913457 0
    outer loop
      vertex -5.925 25.2521 3.2
      vertex -5.57168 25.4095 2.5
      vertex -5.925 25.2521 2.5
    endloop
  endfacet
  facet normal 0.207887 0.978153 -0
    outer loop
      vertex -4.42832 25.4095 2.5
      vertex -4.80662 25.4899 3.2
      vertex -4.42832 25.4095 3.2
    endloop
  endfacet
  facet normal 0.207887 0.978153 0
    outer loop
      vertex -4.80662 25.4899 3.2
      vertex -4.42832 25.4095 2.5
      vertex -4.80662 25.4899 2.5
    endloop
  endfacet
  facet normal -0.99452 0.104546 0
    outer loop
      vertex -6.85 23.65 2.5
      vertex -6.80957 24.0346 3.2
      vertex -6.80957 24.0346 2.5
    endloop
  endfacet
  facet normal -0.99452 0.104546 0
    outer loop
      vertex -6.80957 24.0346 3.2
      vertex -6.85 23.65 2.5
      vertex -6.85 23.65 3.2
    endloop
  endfacet
  facet normal -0.99452 -0.104546 0
    outer loop
      vertex -6.80957 23.2654 2.5
      vertex -6.85 23.65 3.2
      vertex -6.85 23.65 2.5
    endloop
  endfacet
  facet normal -0.99452 -0.104546 0
    outer loop
      vertex -6.85 23.65 3.2
      vertex -6.80957 23.2654 2.5
      vertex -6.80957 23.2654 3.2
    endloop
  endfacet
  facet normal -0.743127 -0.66915 0
    outer loop
      vertex -6.23789 22.2752 2.5
      vertex -6.49668 22.5626 3.2
      vertex -6.49668 22.5626 2.5
    endloop
  endfacet
  facet normal -0.743127 -0.66915 0
    outer loop
      vertex -6.49668 22.5626 3.2
      vertex -6.23789 22.2752 2.5
      vertex -6.23789 22.2752 3.2
    endloop
  endfacet
  facet normal 0.743127 -0.66915 0
    outer loop
      vertex -3.76211 22.2752 3.2
      vertex -3.50332 22.5626 2.5
      vertex -3.50332 22.5626 3.2
    endloop
  endfacet
  facet normal 0.743127 -0.66915 0
    outer loop
      vertex -3.50332 22.5626 2.5
      vertex -3.76211 22.2752 3.2
      vertex -3.76211 22.2752 2.5
    endloop
  endfacet
  facet normal 0 1 -0
    outer loop
      vertex -4.80662 25.4899 2.5
      vertex -5.19338 25.4899 3.2
      vertex -4.80662 25.4899 3.2
    endloop
  endfacet
  facet normal 0 1 0
    outer loop
      vertex -5.19338 25.4899 3.2
      vertex -4.80662 25.4899 2.5
      vertex -5.19338 25.4899 2.5
    endloop
  endfacet
  facet normal 0.865997 -0.500049 0
    outer loop
      vertex -3.50332 22.5626 3.2
      vertex -3.30994 22.8975 2.5
      vertex -3.30994 22.8975 3.2
    endloop
  endfacet
  facet normal 0.865997 -0.500049 0
    outer loop
      vertex -3.30994 22.8975 2.5
      vertex -3.50332 22.5626 3.2
      vertex -3.50332 22.5626 2.5
    endloop
  endfacet
  facet normal 0.406935 0.913457 -0
    outer loop
      vertex -4.075 25.2521 2.5
      vertex -4.42832 25.4095 3.2
      vertex -4.075 25.2521 3.2
    endloop
  endfacet
  facet normal 0.406935 0.913457 0
    outer loop
      vertex -4.42832 25.4095 3.2
      vertex -4.075 25.2521 2.5
      vertex -4.42832 25.4095 2.5
    endloop
  endfacet
  facet normal -0.207887 -0.978153 0
    outer loop
      vertex -5.57168 21.8905 2.5
      vertex -5.19338 21.8101 3.2
      vertex -5.57168 21.8905 3.2
    endloop
  endfacet
  facet normal -0.207887 -0.978153 -0
    outer loop
      vertex -5.19338 21.8101 3.2
      vertex -5.57168 21.8905 2.5
      vertex -5.19338 21.8101 2.5
    endloop
  endfacet
  facet normal -0.865997 -0.500049 0
    outer loop
      vertex -6.49668 22.5626 2.5
      vertex -6.69006 22.8975 3.2
      vertex -6.69006 22.8975 2.5
    endloop
  endfacet
  facet normal -0.865997 -0.500049 0
    outer loop
      vertex -6.69006 22.8975 3.2
      vertex -6.49668 22.5626 2.5
      vertex -6.49668 22.5626 3.2
    endloop
  endfacet
  facet normal -0.587738 -0.809051 0
    outer loop
      vertex -6.23789 22.2752 2.5
      vertex -5.925 22.0479 3.2
      vertex -6.23789 22.2752 3.2
    endloop
  endfacet
  facet normal -0.587738 -0.809051 -0
    outer loop
      vertex -5.925 22.0479 3.2
      vertex -6.23789 22.2752 2.5
      vertex -5.925 22.0479 2.5
    endloop
  endfacet
  facet normal 0 -1 0
    outer loop
      vertex -5.19338 21.8101 2.5
      vertex -4.80662 21.8101 3.2
      vertex -5.19338 21.8101 3.2
    endloop
  endfacet
  facet normal 0 -1 -0
    outer loop
      vertex -4.80662 21.8101 3.2
      vertex -5.19338 21.8101 2.5
      vertex -4.80662 21.8101 2.5
    endloop
  endfacet
  facet normal 0 0 -1
    outer loop
      vertex -3.19043 23.2654 2.5
      vertex -3.19043 24.0346 2.5
      vertex -3.15 23.65 2.5
    endloop
  endfacet
  facet normal 0 0 -1
    outer loop
      vertex -3.30994 22.8975 2.5
      vertex -3.19043 24.0346 2.5
      vertex -3.19043 23.2654 2.5
    endloop
  endfacet
  facet normal 0 0 -1
    outer loop
      vertex -3.30994 22.8975 2.5
      vertex -3.30994 24.4025 2.5
      vertex -3.19043 24.0346 2.5
    endloop
  endfacet
  facet normal 0 0 -1
    outer loop
      vertex -3.50332 22.5626 2.5
      vertex -3.30994 24.4025 2.5
      vertex -3.30994 22.8975 2.5
    endloop
  endfacet
  facet normal 0 0 -1
    outer loop
      vertex -3.50332 22.5626 2.5
      vertex -3.50332 24.7374 2.5
      vertex -3.30994 24.4025 2.5
    endloop
  endfacet
  facet normal 0 0 -1
    outer loop
      vertex -3.76211 22.2752 2.5
      vertex -3.50332 24.7374 2.5
      vertex -3.50332 22.5626 2.5
    endloop
  endfacet
  facet normal 0 0 -1
    outer loop
      vertex -3.76211 22.2752 2.5
      vertex -3.76211 25.0248 2.5
      vertex -3.50332 24.7374 2.5
    endloop
  endfacet
  facet normal 0 0 -1
    outer loop
      vertex -4.075 22.0479 2.5
      vertex -3.76211 25.0248 2.5
      vertex -3.76211 22.2752 2.5
    endloop
  endfacet
  facet normal 0 0 -1
    outer loop
      vertex -4.075 22.0479 2.5
      vertex -4.075 25.2521 2.5
      vertex -3.76211 25.0248 2.5
    endloop
  endfacet
  facet normal 0 0 -1
    outer loop
      vertex -4.42832 21.8905 2.5
      vertex -4.075 25.2521 2.5
      vertex -4.075 22.0479 2.5
    endloop
  endfacet
  facet normal 0 0 -1
    outer loop
      vertex -4.42832 21.8905 2.5
      vertex -4.42832 25.4095 2.5
      vertex -4.075 25.2521 2.5
    endloop
  endfacet
  facet normal 0 0 -1
    outer loop
      vertex -4.80662 21.8101 2.5
      vertex -4.42832 25.4095 2.5
      vertex -4.42832 21.8905 2.5
    endloop
  endfacet
  facet normal 0 0 -1
    outer loop
      vertex -4.80662 21.8101 2.5
      vertex -4.80662 25.4899 2.5
      vertex -4.42832 25.4095 2.5
    endloop
  endfacet
  facet normal 0 0 -1
    outer loop
      vertex -5.19338 21.8101 2.5
      vertex -4.80662 25.4899 2.5
      vertex -4.80662 21.8101 2.5
    endloop
  endfacet
  facet normal 0 0 -1
    outer loop
      vertex -5.19338 21.8101 2.5
      vertex -5.19338 25.4899 2.5
      vertex -4.80662 25.4899 2.5
    endloop
  endfacet
  facet normal 0 0 -1
    outer loop
      vertex -5.57168 21.8905 2.5
      vertex -5.19338 25.4899 2.5
      vertex -5.19338 21.8101 2.5
    endloop
  endfacet
  facet normal 0 0 -1
    outer loop
      vertex -5.57168 21.8905 2.5
      vertex -5.57168 25.4095 2.5
      vertex -5.19338 25.4899 2.5
    endloop
  endfacet
  facet normal 0 0 -1
    outer loop
      vertex -5.925 22.0479 2.5
      vertex -5.57168 25.4095 2.5
      vertex -5.57168 21.8905 2.5
    endloop
  endfacet
  facet normal 0 0 -1
    outer loop
      vertex -5.925 22.0479 2.5
      vertex -5.925 25.2521 2.5
      vertex -5.57168 25.4095 2.5
    endloop
  endfacet
  facet normal 0 0 -1
    outer loop
      vertex -6.23789 22.2752 2.5
      vertex -5.925 25.2521 2.5
      vertex -5.925 22.0479 2.5
    endloop
  endfacet
  facet normal 0 0 -1
    outer loop
      vertex -6.23789 22.2752 2.5
      vertex -6.23789 25.0248 2.5
      vertex -5.925 25.2521 2.5
    endloop
  endfacet
  facet normal 0 0 -1
    outer loop
      vertex -6.49668 22.5626 2.5
      vertex -6.23789 25.0248 2.5
      vertex -6.23789 22.2752 2.5
    endloop
  endfacet
  facet normal 0 0 -1
    outer loop
      vertex -6.49668 22.5626 2.5
      vertex -6.49668 24.7374 2.5
      vertex -6.23789 25.0248 2.5
    endloop
  endfacet
  facet normal 0 0 -1
    outer loop
      vertex -6.69006 22.8975 2.5
      vertex -6.49668 24.7374 2.5
      vertex -6.49668 22.5626 2.5
    endloop
  endfacet
  facet normal 0 0 -1
    outer loop
      vertex -6.69006 22.8975 2.5
      vertex -6.69006 24.4025 2.5
      vertex -6.49668 24.7374 2.5
    endloop
  endfacet
  facet normal 0 0 -1
    outer loop
      vertex -6.80957 23.2654 2.5
      vertex -6.69006 24.4025 2.5
      vertex -6.69006 22.8975 2.5
    endloop
  endfacet
  facet normal 0 0 -1
    outer loop
      vertex -6.80957 23.2654 2.5
      vertex -6.80957 24.0346 2.5
      vertex -6.69006 24.4025 2.5
    endloop
  endfacet
  facet normal 0 -0 -1
    outer loop
      vertex -6.80957 24.0346 2.5
      vertex -6.80957 23.2654 2.5
      vertex -6.85 23.65 2.5
    endloop
  endfacet
  facet normal 0 0 1
    outer loop
      vertex -3.19043 24.0346 3.2
      vertex -3.19043 23.2654 3.2
      vertex -3.15 23.65 3.2
    endloop
  endfacet
  facet normal 0 0 1
    outer loop
      vertex -3.30994 24.4025 3.2
      vertex -3.19043 23.2654 3.2
      vertex -3.19043 24.0346 3.2
    endloop
  endfacet
  facet normal 0 0 1
    outer loop
      vertex -3.30994 24.4025 3.2
      vertex -3.30994 22.8975 3.2
      vertex -3.19043 23.2654 3.2
    endloop
  endfacet
  facet normal 0 0 1
    outer loop
      vertex -3.50332 24.7374 3.2
      vertex -3.30994 22.8975 3.2
      vertex -3.30994 24.4025 3.2
    endloop
  endfacet
  facet normal 0 0 1
    outer loop
      vertex -3.50332 24.7374 3.2
      vertex -3.50332 22.5626 3.2
      vertex -3.30994 22.8975 3.2
    endloop
  endfacet
  facet normal 0 0 1
    outer loop
      vertex -3.76211 25.0248 3.2
      vertex -3.50332 22.5626 3.2
      vertex -3.50332 24.7374 3.2
    endloop
  endfacet
  facet normal 0 0 1
    outer loop
      vertex -3.76211 25.0248 3.2
      vertex -3.76211 22.2752 3.2
      vertex -3.50332 22.5626 3.2
    endloop
  endfacet
  facet normal 0 0 1
    outer loop
      vertex -4.075 25.2521 3.2
      vertex -3.76211 22.2752 3.2
      vertex -3.76211 25.0248 3.2
    endloop
  endfacet
  facet normal 0 0 1
    outer loop
      vertex -4.075 25.2521 3.2
      vertex -4.075 22.0479 3.2
      vertex -3.76211 22.2752 3.2
    endloop
  endfacet
  facet normal 0 0 1
    outer loop
      vertex -4.42832 25.4095 3.2
      vertex -4.075 22.0479 3.2
      vertex -4.075 25.2521 3.2
    endloop
  endfacet
  facet normal 0 0 1
    outer loop
      vertex -4.42832 25.4095 3.2
      vertex -4.42832 21.8905 3.2
      vertex -4.075 22.0479 3.2
    endloop
  endfacet
  facet normal 0 0 1
    outer loop
      vertex -4.80662 25.4899 3.2
      vertex -4.42832 21.8905 3.2
      vertex -4.42832 25.4095 3.2
    endloop
  endfacet
  facet normal 0 0 1
    outer loop
      vertex -4.80662 25.4899 3.2
      vertex -4.80662 21.8101 3.2
      vertex -4.42832 21.8905 3.2
    endloop
  endfacet
  facet normal -0 0 1
    outer loop
      vertex -5.19338 25.4899 3.2
      vertex -4.80662 21.8101 3.2
      vertex -4.80662 25.4899 3.2
    endloop
  endfacet
  facet normal 0 0 1
    outer loop
      vertex -5.19338 25.4899 3.2
      vertex -5.19338 21.8101 3.2
      vertex -4.80662 21.8101 3.2
    endloop
  endfacet
  facet normal -0 0 1
    outer loop
      vertex -5.57168 25.4095 3.2
      vertex -5.19338 21.8101 3.2
      vertex -5.19338 25.4899 3.2
    endloop
  endfacet
  facet normal 0 0 1
    outer loop
      vertex -5.57168 25.4095 3.2
      vertex -5.57168 21.8905 3.2
      vertex -5.19338 21.8101 3.2
    endloop
  endfacet
  facet normal -0 0 1
    outer loop
      vertex -5.925 25.2521 3.2
      vertex -5.57168 21.8905 3.2
      vertex -5.57168 25.4095 3.2
    endloop
  endfacet
  facet normal 0 0 1
    outer loop
      vertex -5.925 25.2521 3.2
      vertex -5.925 22.0479 3.2
      vertex -5.57168 21.8905 3.2
    endloop
  endfacet
  facet normal -0 0 1
    outer loop
      vertex -6.23789 25.0248 3.2
      vertex -5.925 22.0479 3.2
      vertex -5.925 25.2521 3.2
    endloop
  endfacet
  facet normal 0 0 1
    outer loop
      vertex -6.23789 25.0248 3.2
      vertex -6.23789 22.2752 3.2
      vertex -5.925 22.0479 3.2
    endloop
  endfacet
  facet normal -0 0 1
    outer loop
      vertex -6.49668 24.7374 3.2
      vertex -6.23789 22.2752 3.2
      vertex -6.23789 25.0248 3.2
    endloop
  endfacet
  facet normal 0 0 1
    outer loop
      vertex -6.49668 24.7374 3.2
      vertex -6.49668 22.5626 3.2
      vertex -6.23789 22.2752 3.2
    endloop
  endfacet
  facet normal -0 0 1
    outer loop
      vertex -6.69006 24.4025 3.2
      vertex -6.49668 22.5626 3.2
      vertex -6.49668 24.7374 3.2
    endloop
  endfacet
  facet normal 0 0 1
    outer loop
      vertex -6.69006 24.4025 3.2
      vertex -6.69006 22.8975 3.2
      vertex -6.49668 22.5626 3.2
    endloop
  endfacet
  facet normal -0 0 1
    outer loop
      vertex -6.80957 24.0346 3.2
      vertex -6.69006 22.8975 3.2
      vertex -6.69006 24.4025 3.2
    endloop
  endfacet
  facet normal 0 0 1
    outer loop
      vertex -6.80957 24.0346 3.2
      vertex -6.80957 23.2654 3.2
      vertex -6.69006 22.8975 3.2
    endloop
  endfacet
  facet normal 0 -0 1
    outer loop
      vertex -6.80957 23.2654 3.2
      vertex -6.80957 24.0346 3.2
      vertex -6.85 23.65 3.2
    endloop
  endfacet
  facet normal 0.587738 -0.809051 0
    outer loop
      vertex -4.075 22.0479 2.5
      vertex -3.76211 22.2752 3.2
      vertex -4.075 22.0479 3.2
    endloop
  endfacet
  facet normal 0.587738 -0.809051 0
    outer loop
      vertex -3.76211 22.2752 3.2
      vertex -4.075 22.0479 2.5
      vertex -3.76211 22.2752 2.5
    endloop
  endfacet
  facet normal 0.207887 -0.978153 0
    outer loop
      vertex -4.80662 21.8101 2.5
      vertex -4.42832 21.8905 3.2
      vertex -4.80662 21.8101 3.2
    endloop
  endfacet
  facet normal 0.207887 -0.978153 0
    outer loop
      vertex -4.42832 21.8905 3.2
      vertex -4.80662 21.8101 2.5
      vertex -4.42832 21.8905 2.5
    endloop
  endfacet
  facet normal 0.406935 -0.913457 0
    outer loop
      vertex -4.42832 21.8905 2.5
      vertex -4.075 22.0479 3.2
      vertex -4.42832 21.8905 3.2
    endloop
  endfacet
  facet normal 0.406935 -0.913457 0
    outer loop
      vertex -4.075 22.0479 3.2
      vertex -4.42832 21.8905 2.5
      vertex -4.075 22.0479 2.5
    endloop
  endfacet
  facet normal -0.743127 -0.66915 0
    outer loop
      vertex -1.23789 22.2752 2.5
      vertex -1.49668 22.5626 3.2
      vertex -1.49668 22.5626 2.5
    endloop
  endfacet
  facet normal -0.743127 -0.66915 0
    outer loop
      vertex -1.49668 22.5626 3.2
      vertex -1.23789 22.2752 2.5
      vertex -1.23789 22.2752 3.2
    endloop
  endfacet
  facet normal 0.951078 0.308952 0
    outer loop
      vertex 1.80957 24.0346 3.2
      vertex 1.69006 24.4025 2.5
      vertex 1.69006 24.4025 3.2
    endloop
  endfacet
  facet normal 0.951078 0.308952 0
    outer loop
      vertex 1.69006 24.4025 2.5
      vertex 1.80957 24.0346 3.2
      vertex 1.80957 24.0346 2.5
    endloop
  endfacet
  facet normal 0.99452 0.104546 0
    outer loop
      vertex 1.85 23.65 3.2
      vertex 1.80957 24.0346 2.5
      vertex 1.80957 24.0346 3.2
    endloop
  endfacet
  facet normal 0.99452 0.104546 0
    outer loop
      vertex 1.80957 24.0346 2.5
      vertex 1.85 23.65 3.2
      vertex 1.85 23.65 2.5
    endloop
  endfacet
  facet normal 0.865997 0.500049 0
    outer loop
      vertex 1.69006 24.4025 3.2
      vertex 1.49668 24.7374 2.5
      vertex 1.49668 24.7374 3.2
    endloop
  endfacet
  facet normal 0.865997 0.500049 0
    outer loop
      vertex 1.49668 24.7374 2.5
      vertex 1.69006 24.4025 3.2
      vertex 1.69006 24.4025 2.5
    endloop
  endfacet
  facet normal 0.951078 -0.308952 0
    outer loop
      vertex 1.69006 22.8975 3.2
      vertex 1.80957 23.2654 2.5
      vertex 1.80957 23.2654 3.2
    endloop
  endfacet
  facet normal 0.951078 -0.308952 0
    outer loop
      vertex 1.80957 23.2654 2.5
      vertex 1.69006 22.8975 3.2
      vertex 1.69006 22.8975 2.5
    endloop
  endfacet
  facet normal 0.587737 0.809052 -0
    outer loop
      vertex 1.23789 25.0248 2.5
      vertex 0.924999 25.2521 3.2
      vertex 1.23789 25.0248 3.2
    endloop
  endfacet
  facet normal 0.587737 0.809052 0
    outer loop
      vertex 0.924999 25.2521 3.2
      vertex 1.23789 25.0248 2.5
      vertex 0.924999 25.2521 2.5
    endloop
  endfacet
  facet normal -0.951078 -0.308952 0
    outer loop
      vertex -1.69006 22.8975 2.5
      vertex -1.80957 23.2654 3.2
      vertex -1.80957 23.2654 2.5
    endloop
  endfacet
  facet normal -0.951078 -0.308952 0
    outer loop
      vertex -1.80957 23.2654 3.2
      vertex -1.69006 22.8975 2.5
      vertex -1.69006 22.8975 3.2
    endloop
  endfacet
  facet normal 0.207884 0.978153 -0
    outer loop
      vertex 0.571681 25.4095 2.5
      vertex 0.193377 25.4899 3.2
      vertex 0.571681 25.4095 3.2
    endloop
  endfacet
  facet normal 0.207884 0.978153 0
    outer loop
      vertex 0.193377 25.4899 3.2
      vertex 0.571681 25.4095 2.5
      vertex 0.193377 25.4899 2.5
    endloop
  endfacet
  facet normal 0.99452 -0.104546 0
    outer loop
      vertex 1.80957 23.2654 3.2
      vertex 1.85 23.65 2.5
      vertex 1.85 23.65 3.2
    endloop
  endfacet
  facet normal 0.99452 -0.104546 0
    outer loop
      vertex 1.85 23.65 2.5
      vertex 1.80957 23.2654 3.2
      vertex 1.80957 23.2654 2.5
    endloop
  endfacet
  facet normal 0.743127 0.66915 0
    outer loop
      vertex 1.49668 24.7374 3.2
      vertex 1.23789 25.0248 2.5
      vertex 1.23789 25.0248 3.2
    endloop
  endfacet
  facet normal 0.743127 0.66915 0
    outer loop
      vertex 1.23789 25.0248 2.5
      vertex 1.49668 24.7374 3.2
      vertex 1.49668 24.7374 2.5
    endloop
  endfacet
  facet normal -0.207884 0.978153 0
    outer loop
      vertex -0.193377 25.4899 2.5
      vertex -0.571681 25.4095 3.2
      vertex -0.193377 25.4899 3.2
    endloop
  endfacet
  facet normal -0.207884 0.978153 0
    outer loop
      vertex -0.571681 25.4095 3.2
      vertex -0.193377 25.4899 2.5
      vertex -0.571681 25.4095 2.5
    endloop
  endfacet
  facet normal 0 0 1
    outer loop
      vertex 1.80957 24.0346 3.2
      vertex 1.80957 23.2654 3.2
      vertex 1.85 23.65 3.2
    endloop
  endfacet
  facet normal 0 0 1
    outer loop
      vertex 1.69006 24.4025 3.2
      vertex 1.80957 23.2654 3.2
      vertex 1.80957 24.0346 3.2
    endloop
  endfacet
  facet normal 0 0 1
    outer loop
      vertex 1.69006 24.4025 3.2
      vertex 1.69006 22.8975 3.2
      vertex 1.80957 23.2654 3.2
    endloop
  endfacet
  facet normal 0 0 1
    outer loop
      vertex 1.49668 24.7374 3.2
      vertex 1.69006 22.8975 3.2
      vertex 1.69006 24.4025 3.2
    endloop
  endfacet
  facet normal 0 0 1
    outer loop
      vertex 1.49668 24.7374 3.2
      vertex 1.49668 22.5626 3.2
      vertex 1.69006 22.8975 3.2
    endloop
  endfacet
  facet normal 0 0 1
    outer loop
      vertex 1.23789 25.0248 3.2
      vertex 1.49668 22.5626 3.2
      vertex 1.49668 24.7374 3.2
    endloop
  endfacet
  facet normal 0 0 1
    outer loop
      vertex 1.23789 25.0248 3.2
      vertex 1.23789 22.2752 3.2
      vertex 1.49668 22.5626 3.2
    endloop
  endfacet
  facet normal 0 0 1
    outer loop
      vertex 0.924999 25.2521 3.2
      vertex 1.23789 22.2752 3.2
      vertex 1.23789 25.0248 3.2
    endloop
  endfacet
  facet normal 0 0 1
    outer loop
      vertex 0.924999 25.2521 3.2
      vertex 0.924999 22.0479 3.2
      vertex 1.23789 22.2752 3.2
    endloop
  endfacet
  facet normal 0 0 1
    outer loop
      vertex 0.571681 25.4095 3.2
      vertex 0.924999 22.0479 3.2
      vertex 0.924999 25.2521 3.2
    endloop
  endfacet
  facet normal 0 0 1
    outer loop
      vertex 0.571681 25.4095 3.2
      vertex 0.571681 21.8905 3.2
      vertex 0.924999 22.0479 3.2
    endloop
  endfacet
  facet normal 0 0 1
    outer loop
      vertex 0.193377 25.4899 3.2
      vertex 0.571681 21.8905 3.2
      vertex 0.571681 25.4095 3.2
    endloop
  endfacet
  facet normal 0 0 1
    outer loop
      vertex 0.193377 25.4899 3.2
      vertex 0.193377 21.8101 3.2
      vertex 0.571681 21.8905 3.2
    endloop
  endfacet
  facet normal -0 0 1
    outer loop
      vertex -0.193377 25.4899 3.2
      vertex 0.193377 21.8101 3.2
      vertex 0.193377 25.4899 3.2
    endloop
  endfacet
  facet normal 0 0 1
    outer loop
      vertex -0.193377 25.4899 3.2
      vertex -0.193377 21.8101 3.2
      vertex 0.193377 21.8101 3.2
    endloop
  endfacet
  facet normal -0 0 1
    outer loop
      vertex -0.571681 25.4095 3.2
      vertex -0.193377 21.8101 3.2
      vertex -0.193377 25.4899 3.2
    endloop
  endfacet
  facet normal 0 0 1
    outer loop
      vertex -0.571681 25.4095 3.2
      vertex -0.571681 21.8905 3.2
      vertex -0.193377 21.8101 3.2
    endloop
  endfacet
  facet normal -0 0 1
    outer loop
      vertex -0.924999 25.2521 3.2
      vertex -0.571681 21.8905 3.2
      vertex -0.571681 25.4095 3.2
    endloop
  endfacet
  facet normal 0 0 1
    outer loop
      vertex -0.924999 25.2521 3.2
      vertex -0.924999 22.0479 3.2
      vertex -0.571681 21.8905 3.2
    endloop
  endfacet
  facet normal -0 0 1
    outer loop
      vertex -1.23789 25.0248 3.2
      vertex -0.924999 22.0479 3.2
      vertex -0.924999 25.2521 3.2
    endloop
  endfacet
  facet normal 0 0 1
    outer loop
      vertex -1.23789 25.0248 3.2
      vertex -1.23789 22.2752 3.2
      vertex -0.924999 22.0479 3.2
    endloop
  endfacet
  facet normal -0 0 1
    outer loop
      vertex -1.49668 24.7374 3.2
      vertex -1.23789 22.2752 3.2
      vertex -1.23789 25.0248 3.2
    endloop
  endfacet
  facet normal 0 0 1
    outer loop
      vertex -1.49668 24.7374 3.2
      vertex -1.49668 22.5626 3.2
      vertex -1.23789 22.2752 3.2
    endloop
  endfacet
  facet normal -0 0 1
    outer loop
      vertex -1.69006 24.4025 3.2
      vertex -1.49668 22.5626 3.2
      vertex -1.49668 24.7374 3.2
    endloop
  endfacet
  facet normal 0 0 1
    outer loop
      vertex -1.69006 24.4025 3.2
      vertex -1.69006 22.8975 3.2
      vertex -1.49668 22.5626 3.2
    endloop
  endfacet
  facet normal -0 0 1
    outer loop
      vertex -1.80957 24.0346 3.2
      vertex -1.69006 22.8975 3.2
      vertex -1.69006 24.4025 3.2
    endloop
  endfacet
  facet normal 0 0 1
    outer loop
      vertex -1.80957 24.0346 3.2
      vertex -1.80957 23.2654 3.2
      vertex -1.69006 22.8975 3.2
    endloop
  endfacet
  facet normal 0 -0 1
    outer loop
      vertex -1.80957 23.2654 3.2
      vertex -1.80957 24.0346 3.2
      vertex -1.85 23.65 3.2
    endloop
  endfacet
  facet normal -0.951078 0.308952 0
    outer loop
      vertex -1.80957 24.0346 2.5
      vertex -1.69006 24.4025 3.2
      vertex -1.69006 24.4025 2.5
    endloop
  endfacet
  facet normal -0.951078 0.308952 0
    outer loop
      vertex -1.69006 24.4025 3.2
      vertex -1.80957 24.0346 2.5
      vertex -1.80957 24.0346 3.2
    endloop
  endfacet
  facet normal -0.743127 0.66915 0
    outer loop
      vertex -1.49668 24.7374 2.5
      vertex -1.23789 25.0248 3.2
      vertex -1.23789 25.0248 2.5
    endloop
  endfacet
  facet normal -0.743127 0.66915 0
    outer loop
      vertex -1.23789 25.0248 3.2
      vertex -1.49668 24.7374 2.5
      vertex -1.49668 24.7374 3.2
    endloop
  endfacet
  facet normal -0.99452 0.104546 0
    outer loop
      vertex -1.85 23.65 2.5
      vertex -1.80957 24.0346 3.2
      vertex -1.80957 24.0346 2.5
    endloop
  endfacet
  facet normal -0.99452 0.104546 0
    outer loop
      vertex -1.80957 24.0346 3.2
      vertex -1.85 23.65 2.5
      vertex -1.85 23.65 3.2
    endloop
  endfacet
  facet normal -0.587737 0.809052 0
    outer loop
      vertex -0.924999 25.2521 2.5
      vertex -1.23789 25.0248 3.2
      vertex -0.924999 25.2521 3.2
    endloop
  endfacet
  facet normal -0.587737 0.809052 0
    outer loop
      vertex -1.23789 25.0248 3.2
      vertex -0.924999 25.2521 2.5
      vertex -1.23789 25.0248 2.5
    endloop
  endfacet
  facet normal -0.406937 -0.913456 0
    outer loop
      vertex -0.924999 22.0479 2.5
      vertex -0.571681 21.8905 3.2
      vertex -0.924999 22.0479 3.2
    endloop
  endfacet
  facet normal -0.406937 -0.913456 -0
    outer loop
      vertex -0.571681 21.8905 3.2
      vertex -0.924999 22.0479 2.5
      vertex -0.571681 21.8905 2.5
    endloop
  endfacet
  facet normal -0.406937 0.913456 0
    outer loop
      vertex -0.571681 25.4095 2.5
      vertex -0.924999 25.2521 3.2
      vertex -0.571681 25.4095 3.2
    endloop
  endfacet
  facet normal -0.406937 0.913456 0
    outer loop
      vertex -0.924999 25.2521 3.2
      vertex -0.571681 25.4095 2.5
      vertex -0.924999 25.2521 2.5
    endloop
  endfacet
  facet normal 0.207884 -0.978153 0
    outer loop
      vertex 0.193377 21.8101 2.5
      vertex 0.571681 21.8905 3.2
      vertex 0.193377 21.8101 3.2
    endloop
  endfacet
  facet normal 0.207884 -0.978153 0
    outer loop
      vertex 0.571681 21.8905 3.2
      vertex 0.193377 21.8101 2.5
      vertex 0.571681 21.8905 2.5
    endloop
  endfacet
  facet normal 0 1 -0
    outer loop
      vertex 0.193377 25.4899 2.5
      vertex -0.193377 25.4899 3.2
      vertex 0.193377 25.4899 3.2
    endloop
  endfacet
  facet normal 0 1 0
    outer loop
      vertex -0.193377 25.4899 3.2
      vertex 0.193377 25.4899 2.5
      vertex -0.193377 25.4899 2.5
    endloop
  endfacet
  facet normal -0.865997 -0.500049 0
    outer loop
      vertex -1.49668 22.5626 2.5
      vertex -1.69006 22.8975 3.2
      vertex -1.69006 22.8975 2.5
    endloop
  endfacet
  facet normal -0.865997 -0.500049 0
    outer loop
      vertex -1.69006 22.8975 3.2
      vertex -1.49668 22.5626 2.5
      vertex -1.49668 22.5626 3.2
    endloop
  endfacet
  facet normal -0.99452 -0.104546 0
    outer loop
      vertex -1.80957 23.2654 2.5
      vertex -1.85 23.65 3.2
      vertex -1.85 23.65 2.5
    endloop
  endfacet
  facet normal -0.99452 -0.104546 0
    outer loop
      vertex -1.85 23.65 3.2
      vertex -1.80957 23.2654 2.5
      vertex -1.80957 23.2654 3.2
    endloop
  endfacet
  facet normal 0.865997 -0.500049 0
    outer loop
      vertex 1.49668 22.5626 3.2
      vertex 1.69006 22.8975 2.5
      vertex 1.69006 22.8975 3.2
    endloop
  endfacet
  facet normal 0.865997 -0.500049 0
    outer loop
      vertex 1.69006 22.8975 2.5
      vertex 1.49668 22.5626 3.2
      vertex 1.49668 22.5626 2.5
    endloop
  endfacet
  facet normal 0.743127 -0.66915 0
    outer loop
      vertex 1.23789 22.2752 3.2
      vertex 1.49668 22.5626 2.5
      vertex 1.49668 22.5626 3.2
    endloop
  endfacet
  facet normal 0.743127 -0.66915 0
    outer loop
      vertex 1.49668 22.5626 2.5
      vertex 1.23789 22.2752 3.2
      vertex 1.23789 22.2752 2.5
    endloop
  endfacet
  facet normal 0.406937 -0.913456 0
    outer loop
      vertex 0.571681 21.8905 2.5
      vertex 0.924999 22.0479 3.2
      vertex 0.571681 21.8905 3.2
    endloop
  endfacet
  facet normal 0.406937 -0.913456 0
    outer loop
      vertex 0.924999 22.0479 3.2
      vertex 0.571681 21.8905 2.5
      vertex 0.924999 22.0479 2.5
    endloop
  endfacet
  facet normal -0.865997 0.500049 0
    outer loop
      vertex -1.69006 24.4025 2.5
      vertex -1.49668 24.7374 3.2
      vertex -1.49668 24.7374 2.5
    endloop
  endfacet
  facet normal -0.865997 0.500049 0
    outer loop
      vertex -1.49668 24.7374 3.2
      vertex -1.69006 24.4025 2.5
      vertex -1.69006 24.4025 3.2
    endloop
  endfacet
  facet normal -0.207884 -0.978153 0
    outer loop
      vertex -0.571681 21.8905 2.5
      vertex -0.193377 21.8101 3.2
      vertex -0.571681 21.8905 3.2
    endloop
  endfacet
  facet normal -0.207884 -0.978153 -0
    outer loop
      vertex -0.193377 21.8101 3.2
      vertex -0.571681 21.8905 2.5
      vertex -0.193377 21.8101 2.5
    endloop
  endfacet
  facet normal 0.406937 0.913456 -0
    outer loop
      vertex 0.924999 25.2521 2.5
      vertex 0.571681 25.4095 3.2
      vertex 0.924999 25.2521 3.2
    endloop
  endfacet
  facet normal 0.406937 0.913456 0
    outer loop
      vertex 0.571681 25.4095 3.2
      vertex 0.924999 25.2521 2.5
      vertex 0.571681 25.4095 2.5
    endloop
  endfacet
  facet normal -0.587737 -0.809052 0
    outer loop
      vertex -1.23789 22.2752 2.5
      vertex -0.924999 22.0479 3.2
      vertex -1.23789 22.2752 3.2
    endloop
  endfacet
  facet normal -0.587737 -0.809052 -0
    outer loop
      vertex -0.924999 22.0479 3.2
      vertex -1.23789 22.2752 2.5
      vertex -0.924999 22.0479 2.5
    endloop
  endfacet
  facet normal 0 -1 0
    outer loop
      vertex -0.193377 21.8101 2.5
      vertex 0.193377 21.8101 3.2
      vertex -0.193377 21.8101 3.2
    endloop
  endfacet
  facet normal 0 -1 -0
    outer loop
      vertex 0.193377 21.8101 3.2
      vertex -0.193377 21.8101 2.5
      vertex 0.193377 21.8101 2.5
    endloop
  endfacet
  facet normal 0.587737 -0.809052 0
    outer loop
      vertex 0.924999 22.0479 2.5
      vertex 1.23789 22.2752 3.2
      vertex 0.924999 22.0479 3.2
    endloop
  endfacet
  facet normal 0.587737 -0.809052 0
    outer loop
      vertex 1.23789 22.2752 3.2
      vertex 0.924999 22.0479 2.5
      vertex 1.23789 22.2752 2.5
    endloop
  endfacet
  facet normal 0 0 -1
    outer loop
      vertex 1.80957 23.2654 2.5
      vertex 1.80957 24.0346 2.5
      vertex 1.85 23.65 2.5
    endloop
  endfacet
  facet normal 0 0 -1
    outer loop
      vertex 1.69006 22.8975 2.5
      vertex 1.80957 24.0346 2.5
      vertex 1.80957 23.2654 2.5
    endloop
  endfacet
  facet normal 0 0 -1
    outer loop
      vertex 1.69006 22.8975 2.5
      vertex 1.69006 24.4025 2.5
      vertex 1.80957 24.0346 2.5
    endloop
  endfacet
  facet normal 0 0 -1
    outer loop
      vertex 1.49668 22.5626 2.5
      vertex 1.69006 24.4025 2.5
      vertex 1.69006 22.8975 2.5
    endloop
  endfacet
  facet normal 0 0 -1
    outer loop
      vertex 1.49668 22.5626 2.5
      vertex 1.49668 24.7374 2.5
      vertex 1.69006 24.4025 2.5
    endloop
  endfacet
  facet normal 0 0 -1
    outer loop
      vertex 1.23789 22.2752 2.5
      vertex 1.49668 24.7374 2.5
      vertex 1.49668 22.5626 2.5
    endloop
  endfacet
  facet normal 0 0 -1
    outer loop
      vertex 1.23789 22.2752 2.5
      vertex 1.23789 25.0248 2.5
      vertex 1.49668 24.7374 2.5
    endloop
  endfacet
  facet normal 0 0 -1
    outer loop
      vertex 0.924999 22.0479 2.5
      vertex 1.23789 25.0248 2.5
      vertex 1.23789 22.2752 2.5
    endloop
  endfacet
  facet normal 0 0 -1
    outer loop
      vertex 0.924999 22.0479 2.5
      vertex 0.924999 25.2521 2.5
      vertex 1.23789 25.0248 2.5
    endloop
  endfacet
  facet normal 0 0 -1
    outer loop
      vertex 0.571681 21.8905 2.5
      vertex 0.924999 25.2521 2.5
      vertex 0.924999 22.0479 2.5
    endloop
  endfacet
  facet normal 0 0 -1
    outer loop
      vertex 0.571681 21.8905 2.5
      vertex 0.571681 25.4095 2.5
      vertex 0.924999 25.2521 2.5
    endloop
  endfacet
  facet normal 0 0 -1
    outer loop
      vertex 0.193377 21.8101 2.5
      vertex 0.571681 25.4095 2.5
      vertex 0.571681 21.8905 2.5
    endloop
  endfacet
  facet normal 0 0 -1
    outer loop
      vertex 0.193377 21.8101 2.5
      vertex 0.193377 25.4899 2.5
      vertex 0.571681 25.4095 2.5
    endloop
  endfacet
  facet normal 0 0 -1
    outer loop
      vertex -0.193377 21.8101 2.5
      vertex 0.193377 25.4899 2.5
      vertex 0.193377 21.8101 2.5
    endloop
  endfacet
  facet normal 0 0 -1
    outer loop
      vertex -0.193377 21.8101 2.5
      vertex -0.193377 25.4899 2.5
      vertex 0.193377 25.4899 2.5
    endloop
  endfacet
  facet normal 0 0 -1
    outer loop
      vertex -0.571681 21.8905 2.5
      vertex -0.193377 25.4899 2.5
      vertex -0.193377 21.8101 2.5
    endloop
  endfacet
  facet normal 0 0 -1
    outer loop
      vertex -0.571681 21.8905 2.5
      vertex -0.571681 25.4095 2.5
      vertex -0.193377 25.4899 2.5
    endloop
  endfacet
  facet normal 0 0 -1
    outer loop
      vertex -0.924999 22.0479 2.5
      vertex -0.571681 25.4095 2.5
      vertex -0.571681 21.8905 2.5
    endloop
  endfacet
  facet normal 0 0 -1
    outer loop
      vertex -0.924999 22.0479 2.5
      vertex -0.924999 25.2521 2.5
      vertex -0.571681 25.4095 2.5
    endloop
  endfacet
  facet normal 0 0 -1
    outer loop
      vertex -1.23789 22.2752 2.5
      vertex -0.924999 25.2521 2.5
      vertex -0.924999 22.0479 2.5
    endloop
  endfacet
  facet normal 0 0 -1
    outer loop
      vertex -1.23789 22.2752 2.5
      vertex -1.23789 25.0248 2.5
      vertex -0.924999 25.2521 2.5
    endloop
  endfacet
  facet normal 0 0 -1
    outer loop
      vertex -1.49668 22.5626 2.5
      vertex -1.23789 25.0248 2.5
      vertex -1.23789 22.2752 2.5
    endloop
  endfacet
  facet normal 0 0 -1
    outer loop
      vertex -1.49668 22.5626 2.5
      vertex -1.49668 24.7374 2.5
      vertex -1.23789 25.0248 2.5
    endloop
  endfacet
  facet normal 0 0 -1
    outer loop
      vertex -1.69006 22.8975 2.5
      vertex -1.49668 24.7374 2.5
      vertex -1.49668 22.5626 2.5
    endloop
  endfacet
  facet normal 0 0 -1
    outer loop
      vertex -1.69006 22.8975 2.5
      vertex -1.69006 24.4025 2.5
      vertex -1.49668 24.7374 2.5
    endloop
  endfacet
  facet normal 0 0 -1
    outer loop
      vertex -1.80957 23.2654 2.5
      vertex -1.69006 24.4025 2.5
      vertex -1.69006 22.8975 2.5
    endloop
  endfacet
  facet normal 0 0 -1
    outer loop
      vertex -1.80957 23.2654 2.5
      vertex -1.80957 24.0346 2.5
      vertex -1.69006 24.4025 2.5
    endloop
  endfacet
  facet normal 0 -0 -1
    outer loop
      vertex -1.80957 24.0346 2.5
      vertex -1.80957 23.2654 2.5
      vertex -1.85 23.65 2.5
    endloop
  endfacet
  facet normal 0.951078 -0.308952 0
    outer loop
      vertex 6.69006 22.8975 3.2
      vertex 6.80957 23.2654 2.5
      vertex 6.80957 23.2654 3.2
    endloop
  endfacet
  facet normal 0.951078 -0.308952 0
    outer loop
      vertex 6.80957 23.2654 2.5
      vertex 6.69006 22.8975 3.2
      vertex 6.69006 22.8975 2.5
    endloop
  endfacet
  facet normal 0.951078 0.308952 0
    outer loop
      vertex 6.80957 24.0346 3.2
      vertex 6.69006 24.4025 2.5
      vertex 6.69006 24.4025 3.2
    endloop
  endfacet
  facet normal 0.951078 0.308952 0
    outer loop
      vertex 6.69006 24.4025 2.5
      vertex 6.80957 24.0346 3.2
      vertex 6.80957 24.0346 2.5
    endloop
  endfacet
  facet normal 0.99452 0.104546 0
    outer loop
      vertex 6.85 23.65 3.2
      vertex 6.80957 24.0346 2.5
      vertex 6.80957 24.0346 3.2
    endloop
  endfacet
  facet normal 0.99452 0.104546 0
    outer loop
      vertex 6.80957 24.0346 2.5
      vertex 6.85 23.65 3.2
      vertex 6.85 23.65 2.5
    endloop
  endfacet
  facet normal 0.865997 0.500049 0
    outer loop
      vertex 6.69006 24.4025 3.2
      vertex 6.49668 24.7374 2.5
      vertex 6.49668 24.7374 3.2
    endloop
  endfacet
  facet normal 0.865997 0.500049 0
    outer loop
      vertex 6.49668 24.7374 2.5
      vertex 6.69006 24.4025 3.2
      vertex 6.69006 24.4025 2.5
    endloop
  endfacet
  facet normal -0.865997 0.500049 0
    outer loop
      vertex 3.30994 24.4025 2.5
      vertex 3.50332 24.7374 3.2
      vertex 3.50332 24.7374 2.5
    endloop
  endfacet
  facet normal -0.865997 0.500049 0
    outer loop
      vertex 3.50332 24.7374 3.2
      vertex 3.30994 24.4025 2.5
      vertex 3.30994 24.4025 3.2
    endloop
  endfacet
  facet normal -0.951078 -0.308952 0
    outer loop
      vertex 3.30994 22.8975 2.5
      vertex 3.19043 23.2654 3.2
      vertex 3.19043 23.2654 2.5
    endloop
  endfacet
  facet normal -0.951078 -0.308952 0
    outer loop
      vertex 3.19043 23.2654 3.2
      vertex 3.30994 22.8975 2.5
      vertex 3.30994 22.8975 3.2
    endloop
  endfacet
  facet normal 0.99452 -0.104546 0
    outer loop
      vertex 6.80957 23.2654 3.2
      vertex 6.85 23.65 2.5
      vertex 6.85 23.65 3.2
    endloop
  endfacet
  facet normal 0.99452 -0.104546 0
    outer loop
      vertex 6.85 23.65 2.5
      vertex 6.80957 23.2654 3.2
      vertex 6.80957 23.2654 2.5
    endloop
  endfacet
  facet normal 0.743127 0.66915 0
    outer loop
      vertex 6.49668 24.7374 3.2
      vertex 6.23789 25.0248 2.5
      vertex 6.23789 25.0248 3.2
    endloop
  endfacet
  facet normal 0.743127 0.66915 0
    outer loop
      vertex 6.23789 25.0248 2.5
      vertex 6.49668 24.7374 3.2
      vertex 6.49668 24.7374 2.5
    endloop
  endfacet
  facet normal -0.207887 0.978153 0
    outer loop
      vertex 4.80662 25.4899 2.5
      vertex 4.42832 25.4095 3.2
      vertex 4.80662 25.4899 3.2
    endloop
  endfacet
  facet normal -0.207887 0.978153 0
    outer loop
      vertex 4.42832 25.4095 3.2
      vertex 4.80662 25.4899 2.5
      vertex 4.42832 25.4095 2.5
    endloop
  endfacet
  facet normal -0.743127 0.66915 0
    outer loop
      vertex 3.50332 24.7374 2.5
      vertex 3.76211 25.0248 3.2
      vertex 3.76211 25.0248 2.5
    endloop
  endfacet
  facet normal -0.743127 0.66915 0
    outer loop
      vertex 3.76211 25.0248 3.2
      vertex 3.50332 24.7374 2.5
      vertex 3.50332 24.7374 3.2
    endloop
  endfacet
  facet normal -0.951078 0.308952 0
    outer loop
      vertex 3.19043 24.0346 2.5
      vertex 3.30994 24.4025 3.2
      vertex 3.30994 24.4025 2.5
    endloop
  endfacet
  facet normal -0.951078 0.308952 0
    outer loop
      vertex 3.30994 24.4025 3.2
      vertex 3.19043 24.0346 2.5
      vertex 3.19043 24.0346 3.2
    endloop
  endfacet
  facet normal -0.587738 0.809051 0
    outer loop
      vertex 4.075 25.2521 2.5
      vertex 3.76211 25.0248 3.2
      vertex 4.075 25.2521 3.2
    endloop
  endfacet
  facet normal -0.587738 0.809051 0
    outer loop
      vertex 3.76211 25.0248 3.2
      vertex 4.075 25.2521 2.5
      vertex 3.76211 25.0248 2.5
    endloop
  endfacet
  facet normal -0.406935 -0.913457 0
    outer loop
      vertex 4.075 22.0479 2.5
      vertex 4.42832 21.8905 3.2
      vertex 4.075 22.0479 3.2
    endloop
  endfacet
  facet normal -0.406935 -0.913457 -0
    outer loop
      vertex 4.42832 21.8905 3.2
      vertex 4.075 22.0479 2.5
      vertex 4.42832 21.8905 2.5
    endloop
  endfacet
  facet normal -0.406935 0.913457 0
    outer loop
      vertex 4.42832 25.4095 2.5
      vertex 4.075 25.2521 3.2
      vertex 4.42832 25.4095 3.2
    endloop
  endfacet
  facet normal -0.406935 0.913457 0
    outer loop
      vertex 4.075 25.2521 3.2
      vertex 4.42832 25.4095 2.5
      vertex 4.075 25.2521 2.5
    endloop
  endfacet
  facet normal 0.207887 0.978153 -0
    outer loop
      vertex 5.57168 25.4095 2.5
      vertex 5.19338 25.4899 3.2
      vertex 5.57168 25.4095 3.2
    endloop
  endfacet
  facet normal 0.207887 0.978153 0
    outer loop
      vertex 5.19338 25.4899 3.2
      vertex 5.57168 25.4095 2.5
      vertex 5.19338 25.4899 2.5
    endloop
  endfacet
  facet normal -0.99452 0.104546 0
    outer loop
      vertex 3.15 23.65 2.5
      vertex 3.19043 24.0346 3.2
      vertex 3.19043 24.0346 2.5
    endloop
  endfacet
  facet normal -0.99452 0.104546 0
    outer loop
      vertex 3.19043 24.0346 3.2
      vertex 3.15 23.65 2.5
      vertex 3.15 23.65 3.2
    endloop
  endfacet
  facet normal -0.99452 -0.104546 0
    outer loop
      vertex 3.19043 23.2654 2.5
      vertex 3.15 23.65 3.2
      vertex 3.15 23.65 2.5
    endloop
  endfacet
  facet normal -0.99452 -0.104546 0
    outer loop
      vertex 3.15 23.65 3.2
      vertex 3.19043 23.2654 2.5
      vertex 3.19043 23.2654 3.2
    endloop
  endfacet
  facet normal -0.743127 -0.66915 0
    outer loop
      vertex 3.76211 22.2752 2.5
      vertex 3.50332 22.5626 3.2
      vertex 3.50332 22.5626 2.5
    endloop
  endfacet
  facet normal -0.743127 -0.66915 0
    outer loop
      vertex 3.50332 22.5626 3.2
      vertex 3.76211 22.2752 2.5
      vertex 3.76211 22.2752 3.2
    endloop
  endfacet
  facet normal 0 1 -0
    outer loop
      vertex 5.19338 25.4899 2.5
      vertex 4.80662 25.4899 3.2
      vertex 5.19338 25.4899 3.2
    endloop
  endfacet
  facet normal 0 1 0
    outer loop
      vertex 4.80662 25.4899 3.2
      vertex 5.19338 25.4899 2.5
      vertex 4.80662 25.4899 2.5
    endloop
  endfacet
  facet normal 0.865997 -0.500049 0
    outer loop
      vertex 6.49668 22.5626 3.2
      vertex 6.69006 22.8975 2.5
      vertex 6.69006 22.8975 3.2
    endloop
  endfacet
  facet normal 0.865997 -0.500049 0
    outer loop
      vertex 6.69006 22.8975 2.5
      vertex 6.49668 22.5626 3.2
      vertex 6.49668 22.5626 2.5
    endloop
  endfacet
  facet normal 0.587738 0.809051 -0
    outer loop
      vertex 6.23789 25.0248 2.5
      vertex 5.925 25.2521 3.2
      vertex 6.23789 25.0248 3.2
    endloop
  endfacet
  facet normal 0.587738 0.809051 0
    outer loop
      vertex 5.925 25.2521 3.2
      vertex 6.23789 25.0248 2.5
      vertex 5.925 25.2521 2.5
    endloop
  endfacet
  facet normal 0.406935 0.913457 -0
    outer loop
      vertex 5.925 25.2521 2.5
      vertex 5.57168 25.4095 3.2
      vertex 5.925 25.2521 3.2
    endloop
  endfacet
  facet normal 0.406935 0.913457 0
    outer loop
      vertex 5.57168 25.4095 3.2
      vertex 5.925 25.2521 2.5
      vertex 5.57168 25.4095 2.5
    endloop
  endfacet
  facet normal -0.207887 -0.978153 0
    outer loop
      vertex 4.42832 21.8905 2.5
      vertex 4.80662 21.8101 3.2
      vertex 4.42832 21.8905 3.2
    endloop
  endfacet
  facet normal -0.207887 -0.978153 -0
    outer loop
      vertex 4.80662 21.8101 3.2
      vertex 4.42832 21.8905 2.5
      vertex 4.80662 21.8101 2.5
    endloop
  endfacet
  facet normal -0.865997 -0.500049 0
    outer loop
      vertex 3.50332 22.5626 2.5
      vertex 3.30994 22.8975 3.2
      vertex 3.30994 22.8975 2.5
    endloop
  endfacet
  facet normal -0.865997 -0.500049 0
    outer loop
      vertex 3.30994 22.8975 3.2
      vertex 3.50332 22.5626 2.5
      vertex 3.50332 22.5626 3.2
    endloop
  endfacet
  facet normal -0.587738 -0.809051 0
    outer loop
      vertex 3.76211 22.2752 2.5
      vertex 4.075 22.0479 3.2
      vertex 3.76211 22.2752 3.2
    endloop
  endfacet
  facet normal -0.587738 -0.809051 -0
    outer loop
      vertex 4.075 22.0479 3.2
      vertex 3.76211 22.2752 2.5
      vertex 4.075 22.0479 2.5
    endloop
  endfacet
  facet normal 0 -1 0
    outer loop
      vertex 4.80662 21.8101 2.5
      vertex 5.19338 21.8101 3.2
      vertex 4.80662 21.8101 3.2
    endloop
  endfacet
  facet normal 0 -1 -0
    outer loop
      vertex 5.19338 21.8101 3.2
      vertex 4.80662 21.8101 2.5
      vertex 5.19338 21.8101 2.5
    endloop
  endfacet
  facet normal 0 0 -1
    outer loop
      vertex 6.80957 23.2654 2.5
      vertex 6.80957 24.0346 2.5
      vertex 6.85 23.65 2.5
    endloop
  endfacet
  facet normal 0 0 -1
    outer loop
      vertex 6.69006 22.8975 2.5
      vertex 6.80957 24.0346 2.5
      vertex 6.80957 23.2654 2.5
    endloop
  endfacet
  facet normal 0 0 -1
    outer loop
      vertex 6.69006 22.8975 2.5
      vertex 6.69006 24.4025 2.5
      vertex 6.80957 24.0346 2.5
    endloop
  endfacet
  facet normal 0 0 -1
    outer loop
      vertex 6.49668 22.5626 2.5
      vertex 6.69006 24.4025 2.5
      vertex 6.69006 22.8975 2.5
    endloop
  endfacet
  facet normal 0 0 -1
    outer loop
      vertex 6.49668 22.5626 2.5
      vertex 6.49668 24.7374 2.5
      vertex 6.69006 24.4025 2.5
    endloop
  endfacet
  facet normal 0 0 -1
    outer loop
      vertex 6.23789 22.2752 2.5
      vertex 6.49668 24.7374 2.5
      vertex 6.49668 22.5626 2.5
    endloop
  endfacet
  facet normal 0 0 -1
    outer loop
      vertex 6.23789 22.2752 2.5
      vertex 6.23789 25.0248 2.5
      vertex 6.49668 24.7374 2.5
    endloop
  endfacet
  facet normal 0 0 -1
    outer loop
      vertex 5.925 22.0479 2.5
      vertex 6.23789 25.0248 2.5
      vertex 6.23789 22.2752 2.5
    endloop
  endfacet
  facet normal 0 0 -1
    outer loop
      vertex 5.925 22.0479 2.5
      vertex 5.925 25.2521 2.5
      vertex 6.23789 25.0248 2.5
    endloop
  endfacet
  facet normal 0 0 -1
    outer loop
      vertex 5.57168 21.8905 2.5
      vertex 5.925 25.2521 2.5
      vertex 5.925 22.0479 2.5
    endloop
  endfacet
  facet normal 0 0 -1
    outer loop
      vertex 5.57168 21.8905 2.5
      vertex 5.57168 25.4095 2.5
      vertex 5.925 25.2521 2.5
    endloop
  endfacet
  facet normal 0 0 -1
    outer loop
      vertex 5.19338 21.8101 2.5
      vertex 5.57168 25.4095 2.5
      vertex 5.57168 21.8905 2.5
    endloop
  endfacet
  facet normal 0 0 -1
    outer loop
      vertex 5.19338 21.8101 2.5
      vertex 5.19338 25.4899 2.5
      vertex 5.57168 25.4095 2.5
    endloop
  endfacet
  facet normal 0 0 -1
    outer loop
      vertex 4.80662 21.8101 2.5
      vertex 5.19338 25.4899 2.5
      vertex 5.19338 21.8101 2.5
    endloop
  endfacet
  facet normal 0 0 -1
    outer loop
      vertex 4.80662 21.8101 2.5
      vertex 4.80662 25.4899 2.5
      vertex 5.19338 25.4899 2.5
    endloop
  endfacet
  facet normal 0 0 -1
    outer loop
      vertex 4.42832 21.8905 2.5
      vertex 4.80662 25.4899 2.5
      vertex 4.80662 21.8101 2.5
    endloop
  endfacet
  facet normal 0 0 -1
    outer loop
      vertex 4.42832 21.8905 2.5
      vertex 4.42832 25.4095 2.5
      vertex 4.80662 25.4899 2.5
    endloop
  endfacet
  facet normal 0 0 -1
    outer loop
      vertex 4.075 22.0479 2.5
      vertex 4.42832 25.4095 2.5
      vertex 4.42832 21.8905 2.5
    endloop
  endfacet
  facet normal 0 0 -1
    outer loop
      vertex 4.075 22.0479 2.5
      vertex 4.075 25.2521 2.5
      vertex 4.42832 25.4095 2.5
    endloop
  endfacet
  facet normal 0 0 -1
    outer loop
      vertex 3.76211 22.2752 2.5
      vertex 4.075 25.2521 2.5
      vertex 4.075 22.0479 2.5
    endloop
  endfacet
  facet normal 0 0 -1
    outer loop
      vertex 3.76211 22.2752 2.5
      vertex 3.76211 25.0248 2.5
      vertex 4.075 25.2521 2.5
    endloop
  endfacet
  facet normal 0 0 -1
    outer loop
      vertex 3.50332 22.5626 2.5
      vertex 3.76211 25.0248 2.5
      vertex 3.76211 22.2752 2.5
    endloop
  endfacet
  facet normal 0 0 -1
    outer loop
      vertex 3.50332 22.5626 2.5
      vertex 3.50332 24.7374 2.5
      vertex 3.76211 25.0248 2.5
    endloop
  endfacet
  facet normal 0 0 -1
    outer loop
      vertex 3.30994 22.8975 2.5
      vertex 3.50332 24.7374 2.5
      vertex 3.50332 22.5626 2.5
    endloop
  endfacet
  facet normal 0 0 -1
    outer loop
      vertex 3.30994 22.8975 2.5
      vertex 3.30994 24.4025 2.5
      vertex 3.50332 24.7374 2.5
    endloop
  endfacet
  facet normal 0 0 -1
    outer loop
      vertex 3.19043 23.2654 2.5
      vertex 3.30994 24.4025 2.5
      vertex 3.30994 22.8975 2.5
    endloop
  endfacet
  facet normal 0 0 -1
    outer loop
      vertex 3.19043 23.2654 2.5
      vertex 3.19043 24.0346 2.5
      vertex 3.30994 24.4025 2.5
    endloop
  endfacet
  facet normal 0 -0 -1
    outer loop
      vertex 3.19043 24.0346 2.5
      vertex 3.19043 23.2654 2.5
      vertex 3.15 23.65 2.5
    endloop
  endfacet
  facet normal 0 0 1
    outer loop
      vertex 6.80957 24.0346 3.2
      vertex 6.80957 23.2654 3.2
      vertex 6.85 23.65 3.2
    endloop
  endfacet
  facet normal 0 0 1
    outer loop
      vertex 6.69006 24.4025 3.2
      vertex 6.80957 23.2654 3.2
      vertex 6.80957 24.0346 3.2
    endloop
  endfacet
  facet normal 0 0 1
    outer loop
      vertex 6.69006 24.4025 3.2
      vertex 6.69006 22.8975 3.2
      vertex 6.80957 23.2654 3.2
    endloop
  endfacet
  facet normal 0 0 1
    outer loop
      vertex 6.49668 24.7374 3.2
      vertex 6.69006 22.8975 3.2
      vertex 6.69006 24.4025 3.2
    endloop
  endfacet
  facet normal 0 0 1
    outer loop
      vertex 6.49668 24.7374 3.2
      vertex 6.49668 22.5626 3.2
      vertex 6.69006 22.8975 3.2
    endloop
  endfacet
  facet normal 0 0 1
    outer loop
      vertex 6.23789 25.0248 3.2
      vertex 6.49668 22.5626 3.2
      vertex 6.49668 24.7374 3.2
    endloop
  endfacet
  facet normal 0 0 1
    outer loop
      vertex 6.23789 25.0248 3.2
      vertex 6.23789 22.2752 3.2
      vertex 6.49668 22.5626 3.2
    endloop
  endfacet
  facet normal 0 0 1
    outer loop
      vertex 5.925 25.2521 3.2
      vertex 6.23789 22.2752 3.2
      vertex 6.23789 25.0248 3.2
    endloop
  endfacet
  facet normal 0 0 1
    outer loop
      vertex 5.925 25.2521 3.2
      vertex 5.925 22.0479 3.2
      vertex 6.23789 22.2752 3.2
    endloop
  endfacet
  facet normal 0 0 1
    outer loop
      vertex 5.57168 25.4095 3.2
      vertex 5.925 22.0479 3.2
      vertex 5.925 25.2521 3.2
    endloop
  endfacet
  facet normal 0 0 1
    outer loop
      vertex 5.57168 25.4095 3.2
      vertex 5.57168 21.8905 3.2
      vertex 5.925 22.0479 3.2
    endloop
  endfacet
  facet normal 0 0 1
    outer loop
      vertex 5.19338 25.4899 3.2
      vertex 5.57168 21.8905 3.2
      vertex 5.57168 25.4095 3.2
    endloop
  endfacet
  facet normal 0 0 1
    outer loop
      vertex 5.19338 25.4899 3.2
      vertex 5.19338 21.8101 3.2
      vertex 5.57168 21.8905 3.2
    endloop
  endfacet
  facet normal -0 0 1
    outer loop
      vertex 4.80662 25.4899 3.2
      vertex 5.19338 21.8101 3.2
      vertex 5.19338 25.4899 3.2
    endloop
  endfacet
  facet normal 0 0 1
    outer loop
      vertex 4.80662 25.4899 3.2
      vertex 4.80662 21.8101 3.2
      vertex 5.19338 21.8101 3.2
    endloop
  endfacet
  facet normal -0 0 1
    outer loop
      vertex 4.42832 25.4095 3.2
      vertex 4.80662 21.8101 3.2
      vertex 4.80662 25.4899 3.2
    endloop
  endfacet
  facet normal 0 0 1
    outer loop
      vertex 4.42832 25.4095 3.2
      vertex 4.42832 21.8905 3.2
      vertex 4.80662 21.8101 3.2
    endloop
  endfacet
  facet normal -0 0 1
    outer loop
      vertex 4.075 25.2521 3.2
      vertex 4.42832 21.8905 3.2
      vertex 4.42832 25.4095 3.2
    endloop
  endfacet
  facet normal 0 0 1
    outer loop
      vertex 4.075 25.2521 3.2
      vertex 4.075 22.0479 3.2
      vertex 4.42832 21.8905 3.2
    endloop
  endfacet
  facet normal -0 0 1
    outer loop
      vertex 3.76211 25.0248 3.2
      vertex 4.075 22.0479 3.2
      vertex 4.075 25.2521 3.2
    endloop
  endfacet
  facet normal 0 0 1
    outer loop
      vertex 3.76211 25.0248 3.2
      vertex 3.76211 22.2752 3.2
      vertex 4.075 22.0479 3.2
    endloop
  endfacet
  facet normal -0 0 1
    outer loop
      vertex 3.50332 24.7374 3.2
      vertex 3.76211 22.2752 3.2
      vertex 3.76211 25.0248 3.2
    endloop
  endfacet
  facet normal 0 0 1
    outer loop
      vertex 3.50332 24.7374 3.2
      vertex 3.50332 22.5626 3.2
      vertex 3.76211 22.2752 3.2
    endloop
  endfacet
  facet normal -0 0 1
    outer loop
      vertex 3.30994 24.4025 3.2
      vertex 3.50332 22.5626 3.2
      vertex 3.50332 24.7374 3.2
    endloop
  endfacet
  facet normal 0 0 1
    outer loop
      vertex 3.30994 24.4025 3.2
      vertex 3.30994 22.8975 3.2
      vertex 3.50332 22.5626 3.2
    endloop
  endfacet
  facet normal -0 0 1
    outer loop
      vertex 3.19043 24.0346 3.2
      vertex 3.30994 22.8975 3.2
      vertex 3.30994 24.4025 3.2
    endloop
  endfacet
  facet normal 0 0 1
    outer loop
      vertex 3.19043 24.0346 3.2
      vertex 3.19043 23.2654 3.2
      vertex 3.30994 22.8975 3.2
    endloop
  endfacet
  facet normal 0 -0 1
    outer loop
      vertex 3.19043 23.2654 3.2
      vertex 3.19043 24.0346 3.2
      vertex 3.15 23.65 3.2
    endloop
  endfacet
  facet normal 0.207887 -0.978153 0
    outer loop
      vertex 5.19338 21.8101 2.5
      vertex 5.57168 21.8905 3.2
      vertex 5.19338 21.8101 3.2
    endloop
  endfacet
  facet normal 0.207887 -0.978153 0
    outer loop
      vertex 5.57168 21.8905 3.2
      vertex 5.19338 21.8101 2.5
      vertex 5.57168 21.8905 2.5
    endloop
  endfacet
  facet normal 0.587738 -0.809051 0
    outer loop
      vertex 5.925 22.0479 2.5
      vertex 6.23789 22.2752 3.2
      vertex 5.925 22.0479 3.2
    endloop
  endfacet
  facet normal 0.587738 -0.809051 0
    outer loop
      vertex 6.23789 22.2752 3.2
      vertex 5.925 22.0479 2.5
      vertex 6.23789 22.2752 2.5
    endloop
  endfacet
  facet normal 0.743127 -0.66915 0
    outer loop
      vertex 6.23789 22.2752 3.2
      vertex 6.49668 22.5626 2.5
      vertex 6.49668 22.5626 3.2
    endloop
  endfacet
  facet normal 0.743127 -0.66915 0
    outer loop
      vertex 6.49668 22.5626 2.5
      vertex 6.23789 22.2752 3.2
      vertex 6.23789 22.2752 2.5
    endloop
  endfacet
  facet normal 0.406935 -0.913457 0
    outer loop
      vertex 5.57168 21.8905 2.5
      vertex 5.925 22.0479 3.2
      vertex 5.57168 21.8905 3.2
    endloop
  endfacet
  facet normal 0.406935 -0.913457 0
    outer loop
      vertex 5.925 22.0479 3.2
      vertex 5.57168 21.8905 2.5
      vertex 5.925 22.0479 2.5
    endloop
  endfacet
  facet normal -0 0 1
    outer loop
      vertex -9 8.91 2.5
      vertex 9 8.9 2.5
      vertex 9 8.91 2.5
    endloop
  endfacet
  facet normal 0 0 1
    outer loop
      vertex 9 8.9 2.5
      vertex -9 8.91 2.5
      vertex -9 8.9 2.5
    endloop
  endfacet
  facet normal 0 0 -1
    outer loop
      vertex 4.17699 8.9 -2.5
      vertex 9 8.91 -2.5
      vertex 9 8.9 -2.5
    endloop
  endfacet
  facet normal -0 0 -1
    outer loop
      vertex 9 8.91 -2.5
      vertex 4.17699 8.9 -2.5
      vertex 4.17699 8.91 -2.5
    endloop
  endfacet
  facet normal 0 0 -1
    outer loop
      vertex -9 8.9 -2.5
      vertex -4.17699 8.91 -2.5
      vertex -4.17699 8.9 -2.5
    endloop
  endfacet
  facet normal -0 0 -1
    outer loop
      vertex -4.17699 8.91 -2.5
      vertex -9 8.9 -2.5
      vertex -9 8.91 -2.5
    endloop
  endfacet
  facet normal 0 0 1
    outer loop
      vertex 8.41014 25.4445 2.5
      vertex 7.97487 25.9749 2.5
      vertex 9 8.91 2.5
    endloop
  endfacet
  facet normal -0 0 1
    outer loop
      vertex -8.41014 25.4445 2.5
      vertex -9 8.91 2.5
      vertex -7.97487 25.9749 2.5
    endloop
  endfacet
  facet normal -0 0 1
    outer loop
      vertex -5.5 27 2.5
      vertex 9 8.91 2.5
      vertex 5.5 27 2.5
    endloop
  endfacet
  facet normal 0 0 1
    outer loop
      vertex 9 8.91 2.5
      vertex -5.5 27 2.5
      vertex -9 8.91 2.5
    endloop
  endfacet
  facet normal 0.995185 0.0980172 0
    outer loop
      vertex 9 23.5 2.5
      vertex 8.93275 24.1828 -2.5
      vertex 8.93275 24.1828 2.5
    endloop
  endfacet
  facet normal 0.995185 0.0980172 0
    outer loop
      vertex 8.93275 24.1828 -2.5
      vertex 9 23.5 2.5
      vertex 9 23.5 -2.5
    endloop
  endfacet
  facet normal 0 0 -1
    outer loop
      vertex -8.41014 25.4445 -2.5
      vertex -9 8.91 -2.5
      vertex -8.73358 24.8394 -2.5
    endloop
  endfacet
  facet normal 0 0 1
    outer loop
      vertex 6.18282 26.9327 2.5
      vertex 5.5 27 2.5
      vertex 9 8.91 2.5
    endloop
  endfacet
  facet normal 0.290193 0.956968 -0
    outer loop
      vertex 6.83939 26.7336 -2.5
      vertex 6.18282 26.9327 2.5
      vertex 6.83939 26.7336 2.5
    endloop
  endfacet
  facet normal 0.290193 0.956968 0
    outer loop
      vertex 6.18282 26.9327 2.5
      vertex 6.83939 26.7336 -2.5
      vertex 6.18282 26.9327 -2.5
    endloop
  endfacet
  facet normal 0 0 -1
    outer loop
      vertex -5.5 27 -2.5
      vertex -9 8.91 -2.5
      vertex -6.18282 26.9327 -2.5
    endloop
  endfacet
  facet normal -0 0 1
    outer loop
      vertex -6.18282 26.9327 2.5
      vertex -9 8.91 2.5
      vertex -5.5 27 2.5
    endloop
  endfacet
  facet normal 0 1 -0
    outer loop
      vertex 5.5 27 -2.5
      vertex -5.5 27 2.5
      vertex 5.5 27 2.5
    endloop
  endfacet
  facet normal 0 1 0
    outer loop
      vertex -5.5 27 2.5
      vertex 5.5 27 -2.5
      vertex -5.5 27 -2.5
    endloop
  endfacet
  facet normal -0.881917 0.471405 0
    outer loop
      vertex -8.73358 24.8394 -2.5
      vertex -8.41014 25.4445 2.5
      vertex -8.41014 25.4445 -2.5
    endloop
  endfacet
  facet normal -0.881917 0.471405 0
    outer loop
      vertex -8.41014 25.4445 2.5
      vertex -8.73358 24.8394 -2.5
      vertex -8.73358 24.8394 2.5
    endloop
  endfacet
  facet normal -0 0 1
    outer loop
      vertex -8.93275 24.1828 2.5
      vertex -9 8.91 2.5
      vertex -8.73358 24.8394 2.5
    endloop
  endfacet
  facet normal 0 0 -1
    outer loop
      vertex 9 8.91 -2.5
      vertex 8.93275 24.1828 -2.5
      vertex 9 23.5 -2.5
    endloop
  endfacet
  facet normal -0.0980866 0.995178 0
    outer loop
      vertex -5.5 27 -2.5
      vertex -6.18282 26.9327 2.5
      vertex -5.5 27 2.5
    endloop
  endfacet
  facet normal -0.0980866 0.995178 0
    outer loop
      vertex -6.18282 26.9327 2.5
      vertex -5.5 27 -2.5
      vertex -6.18282 26.9327 -2.5
    endloop
  endfacet
  facet normal 0 0 1
    outer loop
      vertex 7.4445 26.4101 2.5
      vertex 6.83939 26.7336 2.5
      vertex 9 8.91 2.5
    endloop
  endfacet
  facet normal 0 0 -1
    outer loop
      vertex 9 8.91 -2.5
      vertex 8.73358 24.8394 -2.5
      vertex 8.93275 24.1828 -2.5
    endloop
  endfacet
  facet normal 0 0 1
    outer loop
      vertex 9 23.5 2.5
      vertex 8.93275 24.1828 2.5
      vertex 9 8.91 2.5
    endloop
  endfacet
  facet normal 0 0 -1
    outer loop
      vertex -9 8.91 -2.5
      vertex -4.17699 8.93902 -2.5
      vertex -4.17699 8.91 -2.5
    endloop
  endfacet
  facet normal -0 0 -1
    outer loop
      vertex -4.17699 8.93902 -2.5
      vertex -9 8.91 -2.5
      vertex -5.5 27 -2.5
    endloop
  endfacet
  facet normal 0 0 -1
    outer loop
      vertex 4.17699 8.93902 -2.5
      vertex 9 8.91 -2.5
      vertex 4.17699 8.91 -2.5
    endloop
  endfacet
  facet normal 0 0 -1
    outer loop
      vertex 3.99444 9.79787 -2.5
      vertex 9 8.91 -2.5
      vertex 4.17699 8.93902 -2.5
    endloop
  endfacet
  facet normal 0 0 -1
    outer loop
      vertex 3.63731 10.6 -2.5
      vertex 9 8.91 -2.5
      vertex 3.99444 9.79787 -2.5
    endloop
  endfacet
  facet normal 0 0 -1
    outer loop
      vertex 3.12121 11.3103 -2.5
      vertex 9 8.91 -2.5
      vertex 3.63731 10.6 -2.5
    endloop
  endfacet
  facet normal 0 0 -1
    outer loop
      vertex 9 8.91 -2.5
      vertex 3.12121 11.3103 -2.5
      vertex 5.5 27 -2.5
    endloop
  endfacet
  facet normal 0 0 -1
    outer loop
      vertex 2.4687 11.8979 -2.5
      vertex 5.5 27 -2.5
      vertex 3.12121 11.3103 -2.5
    endloop
  endfacet
  facet normal 0 0 -1
    outer loop
      vertex 1.70829 12.3369 -2.5
      vertex 5.5 27 -2.5
      vertex 2.4687 11.8979 -2.5
    endloop
  endfacet
  facet normal 0 0 -1
    outer loop
      vertex 0.873229 12.6082 -2.5
      vertex 5.5 27 -2.5
      vertex 1.70829 12.3369 -2.5
    endloop
  endfacet
  facet normal 0 0 -1
    outer loop
      vertex 0 12.7 -2.5
      vertex 5.5 27 -2.5
      vertex 0.873229 12.6082 -2.5
    endloop
  endfacet
  facet normal 0 0 -1
    outer loop
      vertex -5.5 27 -2.5
      vertex 0 12.7 -2.5
      vertex -0.873229 12.6082 -2.5
    endloop
  endfacet
  facet normal 0 0 -1
    outer loop
      vertex -5.5 27 -2.5
      vertex -0.873229 12.6082 -2.5
      vertex -1.70829 12.3369 -2.5
    endloop
  endfacet
  facet normal 0 0 -1
    outer loop
      vertex -5.5 27 -2.5
      vertex -1.70829 12.3369 -2.5
      vertex -2.4687 11.8979 -2.5
    endloop
  endfacet
  facet normal 0 0 -1
    outer loop
      vertex -5.5 27 -2.5
      vertex -2.4687 11.8979 -2.5
      vertex -3.12121 11.3103 -2.5
    endloop
  endfacet
  facet normal 0 0 -1
    outer loop
      vertex -5.5 27 -2.5
      vertex -3.12121 11.3103 -2.5
      vertex -3.63731 10.6 -2.5
    endloop
  endfacet
  facet normal 0 0 -1
    outer loop
      vertex 0 12.7 -2.5
      vertex -5.5 27 -2.5
      vertex 5.5 27 -2.5
    endloop
  endfacet
  facet normal 0 0 -1
    outer loop
      vertex -3.99444 9.79787 -2.5
      vertex -5.5 27 -2.5
      vertex -3.63731 10.6 -2.5
    endloop
  endfacet
  facet normal 0 0 -1
    outer loop
      vertex -5.5 27 -2.5
      vertex -3.99444 9.79787 -2.5
      vertex -4.17699 8.93902 -2.5
    endloop
  endfacet
  facet normal -0.634338 0.773056 0
    outer loop
      vertex -7.4445 26.4101 -2.5
      vertex -7.97487 25.9749 2.5
      vertex -7.4445 26.4101 2.5
    endloop
  endfacet
  facet normal -0.634338 0.773056 0
    outer loop
      vertex -7.97487 25.9749 2.5
      vertex -7.4445 26.4101 -2.5
      vertex -7.97487 25.9749 -2.5
    endloop
  endfacet
  facet normal -0.471467 0.881884 0
    outer loop
      vertex -6.83939 26.7336 -2.5
      vertex -7.4445 26.4101 2.5
      vertex -6.83939 26.7336 2.5
    endloop
  endfacet
  facet normal -0.471467 0.881884 0
    outer loop
      vertex -7.4445 26.4101 2.5
      vertex -6.83939 26.7336 -2.5
      vertex -7.4445 26.4101 -2.5
    endloop
  endfacet
  facet normal -0.773023 0.634378 0
    outer loop
      vertex -8.41014 25.4445 -2.5
      vertex -7.97487 25.9749 2.5
      vertex -7.97487 25.9749 -2.5
    endloop
  endfacet
  facet normal -0.773023 0.634378 0
    outer loop
      vertex -7.97487 25.9749 2.5
      vertex -8.41014 25.4445 -2.5
      vertex -8.41014 25.4445 2.5
    endloop
  endfacet
  facet normal 0 0 -1
    outer loop
      vertex 9 8.91 -2.5
      vertex 7.4445 26.4101 -2.5
      vertex 7.97487 25.9749 -2.5
    endloop
  endfacet
  facet normal 0 0 1
    outer loop
      vertex 6.83939 26.7336 2.5
      vertex 6.18282 26.9327 2.5
      vertex 9 8.91 2.5
    endloop
  endfacet
  facet normal 0 0 1
    outer loop
      vertex 8.73358 24.8394 2.5
      vertex 8.41014 25.4445 2.5
      vertex 9 8.91 2.5
    endloop
  endfacet
  facet normal 0 0 1
    outer loop
      vertex 8.93275 24.1828 2.5
      vertex 8.73358 24.8394 2.5
      vertex 9 8.91 2.5
    endloop
  endfacet
  facet normal 0.773023 0.634378 0
    outer loop
      vertex 8.41014 25.4445 2.5
      vertex 7.97487 25.9749 -2.5
      vertex 7.97487 25.9749 2.5
    endloop
  endfacet
  facet normal 0.773023 0.634378 0
    outer loop
      vertex 7.97487 25.9749 -2.5
      vertex 8.41014 25.4445 2.5
      vertex 8.41014 25.4445 -2.5
    endloop
  endfacet
  facet normal -1 0 0
    outer loop
      vertex -9 23.5 -2.5
      vertex -9 12.2132 -2.5
      vertex -9 23.5 2.5
    endloop
  endfacet
  facet normal 0 0 0
    outer loop
      vertex -9 8.91 -2.5
      vertex -9 12.2132 -2.5
      vertex -9 23.5 -2.5
    endloop
  endfacet
  facet normal -0 0 0
    outer loop
      vertex -9 8.91 -2.5
      vertex -9 8.9 -2.5
      vertex -9 12.2132 -2.5
    endloop
  endfacet
  facet normal -1 0 0
    outer loop
      vertex -9 12.2132 2.5
      vertex -9 23.5 2.5
      vertex -9 12.2132 -2.5
    endloop
  endfacet
  facet normal -0 0 0
    outer loop
      vertex -9 12.2132 2.5
      vertex -9 8.91 2.5
      vertex -9 23.5 2.5
    endloop
  endfacet
  facet normal 0 0 0
    outer loop
      vertex -9 8.9 2.5
      vertex -9 8.91 2.5
      vertex -9 12.2132 2.5
    endloop
  endfacet
  facet normal -0 0 1
    outer loop
      vertex -7.97487 25.9749 2.5
      vertex -9 8.91 2.5
      vertex -7.4445 26.4101 2.5
    endloop
  endfacet
  facet normal -0.290193 0.956968 0
    outer loop
      vertex -6.18282 26.9327 -2.5
      vertex -6.83939 26.7336 2.5
      vertex -6.18282 26.9327 2.5
    endloop
  endfacet
  facet normal -0.290193 0.956968 0
    outer loop
      vertex -6.83939 26.7336 2.5
      vertex -6.18282 26.9327 -2.5
      vertex -6.83939 26.7336 -2.5
    endloop
  endfacet
  facet normal -0 0 1
    outer loop
      vertex -9 23.5 2.5
      vertex -9 8.91 2.5
      vertex -8.93275 24.1828 2.5
    endloop
  endfacet
  facet normal 0 0 -1
    outer loop
      vertex -6.83939 26.7336 -2.5
      vertex -9 8.91 -2.5
      vertex -7.4445 26.4101 -2.5
    endloop
  endfacet
  facet normal 1 0 0
    outer loop
      vertex 9 23.5 2.5
      vertex 9 12.2132 2.5
      vertex 9 23.5 -2.5
    endloop
  endfacet
  facet normal 0 0 0
    outer loop
      vertex 9 8.91 2.5
      vertex 9 12.2132 2.5
      vertex 9 23.5 2.5
    endloop
  endfacet
  facet normal -0 0 0
    outer loop
      vertex 9 8.91 2.5
      vertex 9 8.9 2.5
      vertex 9 12.2132 2.5
    endloop
  endfacet
  facet normal 1 0 0
    outer loop
      vertex 9 12.2132 -2.5
      vertex 9 23.5 -2.5
      vertex 9 12.2132 2.5
    endloop
  endfacet
  facet normal -0 0 0
    outer loop
      vertex 9 12.2132 -2.5
      vertex 9 8.91 -2.5
      vertex 9 23.5 -2.5
    endloop
  endfacet
  facet normal 0 0 0
    outer loop
      vertex 9 8.9 -2.5
      vertex 9 8.91 -2.5
      vertex 9 12.2132 -2.5
    endloop
  endfacet
  facet normal 0 0 -1
    outer loop
      vertex 9 8.91 -2.5
      vertex 6.18282 26.9327 -2.5
      vertex 6.83939 26.7336 -2.5
    endloop
  endfacet
  facet normal 0 0 1
    outer loop
      vertex 7.97487 25.9749 2.5
      vertex 7.4445 26.4101 2.5
      vertex 9 8.91 2.5
    endloop
  endfacet
  facet normal 0.471467 0.881884 -0
    outer loop
      vertex 7.4445 26.4101 -2.5
      vertex 6.83939 26.7336 2.5
      vertex 7.4445 26.4101 2.5
    endloop
  endfacet
  facet normal 0.471467 0.881884 0
    outer loop
      vertex 6.83939 26.7336 2.5
      vertex 7.4445 26.4101 -2.5
      vertex 6.83939 26.7336 -2.5
    endloop
  endfacet
  facet normal 0 0 -1
    outer loop
      vertex 9 8.91 -2.5
      vertex 6.83939 26.7336 -2.5
      vertex 7.4445 26.4101 -2.5
    endloop
  endfacet
  facet normal 0.881917 0.471405 0
    outer loop
      vertex 8.73358 24.8394 2.5
      vertex 8.41014 25.4445 -2.5
      vertex 8.41014 25.4445 2.5
    endloop
  endfacet
  facet normal 0.881917 0.471405 0
    outer loop
      vertex 8.41014 25.4445 -2.5
      vertex 8.73358 24.8394 2.5
      vertex 8.73358 24.8394 -2.5
    endloop
  endfacet
  facet normal 0.956943 0.290275 0
    outer loop
      vertex 8.93275 24.1828 2.5
      vertex 8.73358 24.8394 -2.5
      vertex 8.73358 24.8394 2.5
    endloop
  endfacet
  facet normal 0.956943 0.290275 0
    outer loop
      vertex 8.73358 24.8394 -2.5
      vertex 8.93275 24.1828 2.5
      vertex 8.93275 24.1828 -2.5
    endloop
  endfacet
  facet normal -0 0 1
    outer loop
      vertex -7.4445 26.4101 2.5
      vertex -9 8.91 2.5
      vertex -6.83939 26.7336 2.5
    endloop
  endfacet
  facet normal -0 0 1
    outer loop
      vertex -6.83939 26.7336 2.5
      vertex -9 8.91 2.5
      vertex -6.18282 26.9327 2.5
    endloop
  endfacet
  facet normal -0 0 1
    outer loop
      vertex -8.73358 24.8394 2.5
      vertex -9 8.91 2.5
      vertex -8.41014 25.4445 2.5
    endloop
  endfacet
  facet normal 0 0 -1
    outer loop
      vertex -8.73358 24.8394 -2.5
      vertex -9 8.91 -2.5
      vertex -8.93275 24.1828 -2.5
    endloop
  endfacet
  facet normal 0 0 -1
    outer loop
      vertex -8.93275 24.1828 -2.5
      vertex -9 8.91 -2.5
      vertex -9 23.5 -2.5
    endloop
  endfacet
  facet normal 0 0 -1
    outer loop
      vertex -6.18282 26.9327 -2.5
      vertex -9 8.91 -2.5
      vertex -6.83939 26.7336 -2.5
    endloop
  endfacet
  facet normal 0 0 -1
    outer loop
      vertex 9 8.91 -2.5
      vertex 8.41014 25.4445 -2.5
      vertex 8.73358 24.8394 -2.5
    endloop
  endfacet
  facet normal 0 0 -1
    outer loop
      vertex 9 8.91 -2.5
      vertex 7.97487 25.9749 -2.5
      vertex 8.41014 25.4445 -2.5
    endloop
  endfacet
  facet normal 0.634338 0.773056 -0
    outer loop
      vertex 7.97487 25.9749 -2.5
      vertex 7.4445 26.4101 2.5
      vertex 7.97487 25.9749 2.5
    endloop
  endfacet
  facet normal 0.634338 0.773056 0
    outer loop
      vertex 7.4445 26.4101 2.5
      vertex 7.97487 25.9749 -2.5
      vertex 7.4445 26.4101 -2.5
    endloop
  endfacet
  facet normal 0 0 -1
    outer loop
      vertex 9 8.91 -2.5
      vertex 5.5 27 -2.5
      vertex 6.18282 26.9327 -2.5
    endloop
  endfacet
  facet normal 0.0980866 0.995178 -0
    outer loop
      vertex 6.18282 26.9327 -2.5
      vertex 5.5 27 2.5
      vertex 6.18282 26.9327 2.5
    endloop
  endfacet
  facet normal 0.0980866 0.995178 0
    outer loop
      vertex 5.5 27 2.5
      vertex 6.18282 26.9327 -2.5
      vertex 5.5 27 -2.5
    endloop
  endfacet
  facet normal -0.956943 0.290275 0
    outer loop
      vertex -8.93275 24.1828 -2.5
      vertex -8.73358 24.8394 2.5
      vertex -8.73358 24.8394 -2.5
    endloop
  endfacet
  facet normal -0.956943 0.290275 0
    outer loop
      vertex -8.73358 24.8394 2.5
      vertex -8.93275 24.1828 -2.5
      vertex -8.93275 24.1828 2.5
    endloop
  endfacet
  facet normal -0.995185 0.0980172 0
    outer loop
      vertex -9 23.5 -2.5
      vertex -8.93275 24.1828 2.5
      vertex -8.93275 24.1828 -2.5
    endloop
  endfacet
  facet normal -0.995185 0.0980172 0
    outer loop
      vertex -8.93275 24.1828 2.5
      vertex -9 23.5 -2.5
      vertex -9 23.5 2.5
    endloop
  endfacet
  facet normal 0 0 -1
    outer loop
      vertex -7.4445 26.4101 -2.5
      vertex -9 8.91 -2.5
      vertex -7.97487 25.9749 -2.5
    endloop
  endfacet
  facet normal 0 0 -1
    outer loop
      vertex -7.97487 25.9749 -2.5
      vertex -9 8.91 -2.5
      vertex -8.41014 25.4445 -2.5
    endloop
  endfacet
  facet normal 0 0 -1
    outer loop
      vertex 2.09671 -4.06271 2.5
      vertex 2.09671 -3.93729 2.5
      vertex 2.09999 -4 2.5
    endloop
  endfacet
  facet normal 0 0 -1
    outer loop
      vertex 2.09671 -4.06271 2.5
      vertex 2.09636 -3.93416 2.5
      vertex 2.09671 -3.93729 2.5
    endloop
  endfacet
  facet normal 0 0 -1
    outer loop
      vertex 0.896698 -4 2.5
      vertex 2.09671 -4.06271 2.5
      vertex 2.06392 -4.37457 2.5
    endloop
  endfacet
  facet normal 0 0 -1
    outer loop
      vertex 2.09671 -4.06271 2.5
      vertex 0.896698 -4 2.5
      vertex 2.09636 -3.93416 2.5
    endloop
  endfacet
  facet normal 0 0 -1
    outer loop
      vertex 0.877106 -4.18645 2.5
      vertex 2.06392 -4.37457 2.5
      vertex 2.05409 -4.4366 2.5
    endloop
  endfacet
  facet normal -0 0 -1
    outer loop
      vertex 2.09636 -3.93416 2.5
      vertex 0.896698 -4 2.5
      vertex 2.06392 -3.62543 2.5
    endloop
  endfacet
  facet normal 0 0 -1
    outer loop
      vertex 0.877106 -4.18645 2.5
      vertex 2.05409 -4.4366 2.5
      vertex 2.03784 -4.49727 2.5
    endloop
  endfacet
  facet normal 0 0 -1
    outer loop
      vertex 0.877106 -3.81355 2.5
      vertex 2.06392 -3.62543 2.5
      vertex 0.896698 -4 2.5
    endloop
  endfacet
  facet normal 0 0 -1
    outer loop
      vertex 0.877106 -4.18645 2.5
      vertex 2.03784 -4.49727 2.5
      vertex 1.94095 -4.7955 2.5
    endloop
  endfacet
  facet normal -0 0 -1
    outer loop
      vertex 2.06392 -3.62543 2.5
      vertex 0.877106 -3.81355 2.5
      vertex 2.05409 -3.5634 2.5
    endloop
  endfacet
  facet normal 0 0 -1
    outer loop
      vertex 0.819183 -4.36472 2.5
      vertex 1.94095 -4.7955 2.5
      vertex 1.91844 -4.85413 2.5
    endloop
  endfacet
  facet normal -0 0 -1
    outer loop
      vertex 2.05409 -3.5634 2.5
      vertex 0.877106 -3.81355 2.5
      vertex 2.03784 -3.50273 2.5
    endloop
  endfacet
  facet normal 0 0 -1
    outer loop
      vertex 0.819183 -4.36472 2.5
      vertex 1.91844 -4.85413 2.5
      vertex 1.88992 -4.91008 2.5
    endloop
  endfacet
  facet normal -0 0 -1
    outer loop
      vertex 2.03784 -3.50273 2.5
      vertex 0.877106 -3.81355 2.5
      vertex 1.94095 -3.2045 2.5
    endloop
  endfacet
  facet normal 0 0 -1
    outer loop
      vertex 0.819183 -4.36472 2.5
      vertex 1.88992 -4.91008 2.5
      vertex 1.73312 -5.18166 2.5
    endloop
  endfacet
  facet normal 0 0 -1
    outer loop
      vertex 0.819168 -3.63527 2.5
      vertex 1.94095 -3.2045 2.5
      vertex 0.877106 -3.81355 2.5
    endloop
  endfacet
  facet normal 0 0 -1
    outer loop
      vertex 0.725449 -4.52707 2.5
      vertex 1.73312 -5.18166 2.5
      vertex 1.69891 -5.23433 2.5
    endloop
  endfacet
  facet normal -0 0 -1
    outer loop
      vertex 1.94095 -3.2045 2.5
      vertex 0.819168 -3.63527 2.5
      vertex 1.91844 -3.14587 2.5
    endloop
  endfacet
  facet normal 0 0 -1
    outer loop
      vertex 0.725449 -4.52707 2.5
      vertex 1.69891 -5.23433 2.5
      vertex 1.65939 -5.28314 2.5
    endloop
  endfacet
  facet normal -0 0 -1
    outer loop
      vertex 1.91844 -3.14587 2.5
      vertex 0.819168 -3.63527 2.5
      vertex 1.88991 -3.0899 2.5
    endloop
  endfacet
  facet normal 0 0 -1
    outer loop
      vertex 0.725449 -4.52707 2.5
      vertex 1.65939 -5.28314 2.5
      vertex 1.45117 -5.51437 2.5
    endloop
  endfacet
  facet normal 0 0 -1
    outer loop
      vertex 0.599991 -4.6664 2.5
      vertex 1.45117 -5.51437 2.5
      vertex 1.44957 -5.51619 2.5
    endloop
  endfacet
  facet normal -0 0 -1
    outer loop
      vertex 1.88991 -3.0899 2.5
      vertex 0.819168 -3.63527 2.5
      vertex 1.73312 -2.81834 2.5
    endloop
  endfacet
  facet normal 0 0 -1
    outer loop
      vertex 0.599991 -4.6664 2.5
      vertex 1.44957 -5.51619 2.5
      vertex 1.40517 -5.56059 2.5
    endloop
  endfacet
  facet normal 0 0 -1
    outer loop
      vertex 0.725433 -3.47292 2.5
      vertex 1.73312 -2.81834 2.5
      vertex 0.819168 -3.63527 2.5
    endloop
  endfacet
  facet normal 0 0 -1
    outer loop
      vertex 0.599991 -4.6664 2.5
      vertex 1.40517 -5.56059 2.5
      vertex 1.35635 -5.60011 2.5
    endloop
  endfacet
  facet normal -0 0 -1
    outer loop
      vertex 1.73312 -2.81834 2.5
      vertex 0.725433 -3.47292 2.5
      vertex 1.69891 -2.76567 2.5
    endloop
  endfacet
  facet normal 0 0 -1
    outer loop
      vertex 0.599991 -4.6664 2.5
      vertex 1.35635 -5.60011 2.5
      vertex 1.10266 -5.78442 2.5
    endloop
  endfacet
  facet normal -0 0 -1
    outer loop
      vertex 1.69891 -2.76567 2.5
      vertex 0.725433 -3.47292 2.5
      vertex 1.65939 -2.71686 2.5
    endloop
  endfacet
  facet normal 0 0 -1
    outer loop
      vertex 0.448349 -4.77657 2.5
      vertex 1.10266 -5.78442 2.5
      vertex 1.04999 -5.81863 2.5
    endloop
  endfacet
  facet normal -0 0 -1
    outer loop
      vertex 1.65939 -2.71686 2.5
      vertex 0.725433 -3.47292 2.5
      vertex 1.44957 -2.48381 2.5
    endloop
  endfacet
  facet normal 0 0 -1
    outer loop
      vertex 0.448349 -4.77657 2.5
      vertex 1.04999 -5.81863 2.5
      vertex 0.994034 -5.84715 2.5
    endloop
  endfacet
  facet normal 0 0 -1
    outer loop
      vertex 0.600037 -3.33363 2.5
      vertex 1.44957 -2.48381 2.5
      vertex 0.725433 -3.47292 2.5
    endloop
  endfacet
  facet normal -0 0 -1
    outer loop
      vertex 1.44957 -2.48381 2.5
      vertex 0.600037 -3.33363 2.5
      vertex 1.40517 -2.43941 2.5
    endloop
  endfacet
  facet normal 0 0 -1
    outer loop
      vertex 2.06392 -4.37457 2.5
      vertex 0.877106 -4.18645 2.5
      vertex 0.896698 -4 2.5
    endloop
  endfacet
  facet normal 0 0 -1
    outer loop
      vertex 1.94095 -4.7955 2.5
      vertex 0.819183 -4.36472 2.5
      vertex 0.877106 -4.18645 2.5
    endloop
  endfacet
  facet normal 0 0 -1
    outer loop
      vertex 1.73312 -5.18166 2.5
      vertex 0.725449 -4.52707 2.5
      vertex 0.819183 -4.36472 2.5
    endloop
  endfacet
  facet normal 0 0 -1
    outer loop
      vertex 0.448349 -4.77657 2.5
      vertex 0.994034 -5.84715 2.5
      vertex 0.707581 -5.97469 2.5
    endloop
  endfacet
  facet normal 0 0 -1
    outer loop
      vertex 0.277115 -4.85281 2.5
      vertex 0.707581 -5.97469 2.5
      vertex 0.648926 -5.99721 2.5
    endloop
  endfacet
  facet normal 0 0 -1
    outer loop
      vertex 1.45117 -5.51437 2.5
      vertex 0.599991 -4.6664 2.5
      vertex 0.725449 -4.52707 2.5
    endloop
  endfacet
  facet normal 0 0 -1
    outer loop
      vertex 0.277115 -4.85281 2.5
      vertex 0.648926 -5.99721 2.5
      vertex 0.588257 -6.01346 2.5
    endloop
  endfacet
  facet normal 0 0 -1
    outer loop
      vertex 0.277115 -4.85281 2.5
      vertex 0.588257 -6.01346 2.5
      vertex 0.586212 -6.01387 2.5
    endloop
  endfacet
  facet normal 0 0 -1
    outer loop
      vertex 1.10266 -5.78442 2.5
      vertex 0.448349 -4.77657 2.5
      vertex 0.599991 -4.6664 2.5
    endloop
  endfacet
  facet normal 0 0 -1
    outer loop
      vertex 0.277115 -4.85281 2.5
      vertex 0.586212 -6.01387 2.5
      vertex 0.281525 -6.07866 2.5
    endloop
  endfacet
  facet normal 0 0 -1
    outer loop
      vertex 0.707581 -5.97469 2.5
      vertex 0.277115 -4.85281 2.5
      vertex 0.448349 -4.77657 2.5
    endloop
  endfacet
  facet normal 0 0 -1
    outer loop
      vertex 0.0937347 -4.89178 2.5
      vertex 0.281525 -6.07866 2.5
      vertex 0.219498 -6.08849 2.5
    endloop
  endfacet
  facet normal 0 0 -1
    outer loop
      vertex 0.0937347 -4.89178 2.5
      vertex 0.219498 -6.08849 2.5
      vertex 0.156784 -6.09177 2.5
    endloop
  endfacet
  facet normal 0 0 -1
    outer loop
      vertex 0.281525 -6.07866 2.5
      vertex 0.0937347 -4.89178 2.5
      vertex 0.277115 -4.85281 2.5
    endloop
  endfacet
  facet normal 0 0 -1
    outer loop
      vertex 0.156784 -6.09177 2.5
      vertex -0.0937805 -4.89178 2.5
      vertex 0.0937347 -4.89178 2.5
    endloop
  endfacet
  facet normal 0 0 -1
    outer loop
      vertex -0.156784 -6.09177 2.5
      vertex -0.0937805 -4.89178 2.5
      vertex 0.156784 -6.09177 2.5
    endloop
  endfacet
  facet normal 0 0 -1
    outer loop
      vertex -0.219498 -6.08849 2.5
      vertex -0.0937805 -4.89178 2.5
      vertex -0.156784 -6.09177 2.5
    endloop
  endfacet
  facet normal 0 0 -1
    outer loop
      vertex -0.283066 -6.07831 2.5
      vertex -0.0937805 -4.89178 2.5
      vertex -0.219498 -6.08849 2.5
    endloop
  endfacet
  facet normal 0 0 -1
    outer loop
      vertex -0.283066 -6.07831 2.5
      vertex -0.219498 -6.08849 2.5
      vertex -0.281525 -6.07866 2.5
    endloop
  endfacet
  facet normal -0 0 -1
    outer loop
      vertex -0.0937805 -4.89178 2.5
      vertex -0.283066 -6.07831 2.5
      vertex -0.2771 -4.85281 2.5
    endloop
  endfacet
  facet normal 0 0 -1
    outer loop
      vertex -0.587891 -6.01353 2.5
      vertex -0.2771 -4.85281 2.5
      vertex -0.283066 -6.07831 2.5
    endloop
  endfacet
  facet normal 0 0 -1
    outer loop
      vertex -0.70755 -5.9747 2.5
      vertex -0.2771 -4.85281 2.5
      vertex -0.587891 -6.01353 2.5
    endloop
  endfacet
  facet normal -0 0 -1
    outer loop
      vertex -0.2771 -4.85281 2.5
      vertex -0.70755 -5.9747 2.5
      vertex -0.448425 -4.77652 2.5
    endloop
  endfacet
  facet normal 0 0 -1
    outer loop
      vertex -0.70755 -5.9747 2.5
      vertex -0.587891 -6.01353 2.5
      vertex -0.648926 -5.99721 2.5
    endloop
  endfacet
  facet normal 0 0 -1
    outer loop
      vertex -0.994034 -5.84715 2.5
      vertex -0.448425 -4.77652 2.5
      vertex -0.70755 -5.9747 2.5
    endloop
  endfacet
  facet normal 0 0 -1
    outer loop
      vertex -1.10266 -5.78442 2.5
      vertex -0.448425 -4.77652 2.5
      vertex -0.994034 -5.84715 2.5
    endloop
  endfacet
  facet normal -0 0 -1
    outer loop
      vertex -0.448425 -4.77652 2.5
      vertex -1.10266 -5.78442 2.5
      vertex -0.600037 -4.66637 2.5
    endloop
  endfacet
  facet normal 0 0 -1
    outer loop
      vertex -1.35635 -5.60011 2.5
      vertex -0.600037 -4.66637 2.5
      vertex -1.10266 -5.78442 2.5
    endloop
  endfacet
  facet normal 0 0 -1
    outer loop
      vertex -1.44957 -5.51619 2.5
      vertex -0.600037 -4.66637 2.5
      vertex -1.35635 -5.60011 2.5
    endloop
  endfacet
  facet normal -0 0 -1
    outer loop
      vertex -0.600037 -4.66637 2.5
      vertex -1.44957 -5.51619 2.5
      vertex -0.725433 -4.52708 2.5
    endloop
  endfacet
  facet normal -0 0 -1
    outer loop
      vertex 1.40517 -2.43941 2.5
      vertex 0.600037 -3.33363 2.5
      vertex 1.35635 -2.39989 2.5
    endloop
  endfacet
  facet normal -0 0 -1
    outer loop
      vertex 1.35635 -2.39989 2.5
      vertex 0.600037 -3.33363 2.5
      vertex 1.10266 -2.21558 2.5
    endloop
  endfacet
  facet normal 0 0 -1
    outer loop
      vertex 0.448425 -3.22348 2.5
      vertex 1.10266 -2.21558 2.5
      vertex 0.600037 -3.33363 2.5
    endloop
  endfacet
  facet normal -0 0 -1
    outer loop
      vertex 1.10266 -2.21558 2.5
      vertex 0.448425 -3.22348 2.5
      vertex 1.04999 -2.18137 2.5
    endloop
  endfacet
  facet normal -0 0 -1
    outer loop
      vertex 1.04999 -2.18137 2.5
      vertex 0.448425 -3.22348 2.5
      vertex 0.994034 -2.15285 2.5
    endloop
  endfacet
  facet normal -0 0 -1
    outer loop
      vertex 0.994034 -2.15285 2.5
      vertex 0.448425 -3.22348 2.5
      vertex 0.70755 -2.0253 2.5
    endloop
  endfacet
  facet normal 0 0 -1
    outer loop
      vertex 0.2771 -3.14719 2.5
      vertex 0.70755 -2.0253 2.5
      vertex 0.448425 -3.22348 2.5
    endloop
  endfacet
  facet normal 0 0 -1
    outer loop
      vertex 0.70755 -2.0253 2.5
      vertex 0.599991 -1.9897 2.5
      vertex 0.648926 -2.00279 2.5
    endloop
  endfacet
  facet normal 0 -0 -1
    outer loop
      vertex 0.599991 -1.9897 2.5
      vertex 0.70755 -2.0253 2.5
      vertex 0.2771 -3.14719 2.5
    endloop
  endfacet
  facet normal 0 0 -1
    outer loop
      vertex 3.07954 2.34471 2.5
      vertex 3.09261 2.59386 2.5
      vertex 3.09917 2.46861 2.5
    endloop
  endfacet
  facet normal 0 0 -1
    outer loop
      vertex 3.07954 2.34471 2.5
      vertex 3.06013 2.71501 2.5
      vertex 3.09261 2.59386 2.5
    endloop
  endfacet
  facet normal 0 0 -1
    outer loop
      vertex 3.03459 2.22762 2.5
      vertex 3.06013 2.71501 2.5
      vertex 3.07954 2.34471 2.5
    endloop
  endfacet
  facet normal 0 0 -1
    outer loop
      vertex 3.03459 2.22762 2.5
      vertex 3.00319 2.82678 2.5
      vertex 3.06013 2.71501 2.5
    endloop
  endfacet
  facet normal 0 0 -1
    outer loop
      vertex 2.96628 2.12242 2.5
      vertex 3.00319 2.82678 2.5
      vertex 3.03459 2.22762 2.5
    endloop
  endfacet
  facet normal 0 0 -1
    outer loop
      vertex 2.96628 2.12242 2.5
      vertex 2.92424 2.92427 2.5
      vertex 3.00319 2.82678 2.5
    endloop
  endfacet
  facet normal 0 0 -1
    outer loop
      vertex 2.87758 2.03372 2.5
      vertex 2.92424 2.92427 2.5
      vertex 2.96628 2.12242 2.5
    endloop
  endfacet
  facet normal 0 0 -1
    outer loop
      vertex 2.77238 1.96541 2.5
      vertex 2.92424 2.92427 2.5
      vertex 2.87758 2.03372 2.5
    endloop
  endfacet
  facet normal 0 0 -1
    outer loop
      vertex 2.65529 1.92046 2.5
      vertex 2.92424 2.92427 2.5
      vertex 2.77238 1.96541 2.5
    endloop
  endfacet
  facet normal 0 0 -1
    outer loop
      vertex 2.53139 1.90083 2.5
      vertex 2.92424 2.92427 2.5
      vertex 2.65529 1.92046 2.5
    endloop
  endfacet
  facet normal 0 0 -1
    outer loop
      vertex 2.40614 1.90739 2.5
      vertex 2.92424 2.92427 2.5
      vertex 2.53139 1.90083 2.5
    endloop
  endfacet
  facet normal 0 0 -1
    outer loop
      vertex 2.28499 1.93987 2.5
      vertex 2.92424 2.92427 2.5
      vertex 2.40614 1.90739 2.5
    endloop
  endfacet
  facet normal 0 0 -1
    outer loop
      vertex 2.17322 1.99681 2.5
      vertex 2.92424 2.92427 2.5
      vertex 2.28499 1.93987 2.5
    endloop
  endfacet
  facet normal 0 0 -1
    outer loop
      vertex 2.07574 2.07574 2.5
      vertex 2.92424 2.92427 2.5
      vertex 2.17322 1.99681 2.5
    endloop
  endfacet
  facet normal 0 0 -1
    outer loop
      vertex 0.599991 3.5515 2.5
      vertex 2.92424 2.92427 2.5
      vertex 2.07574 2.07574 2.5
    endloop
  endfacet
  facet normal 0 0 -1
    outer loop
      vertex 0.599991 3.5515 2.5
      vertex 0.424255 5.42426 2.5
      vertex 2.92424 2.92427 2.5
    endloop
  endfacet
  facet normal 0 0 -1
    outer loop
      vertex 0.599991 -1.9897 2.5
      vertex -0.599991 -1.98969 2.5
      vertex 0.599991 3.5515 2.5
    endloop
  endfacet
  facet normal 0 0 -1
    outer loop
      vertex 0.599991 3.5515 2.5
      vertex -0.599991 3.55151 2.5
      vertex 0.424255 5.42426 2.5
    endloop
  endfacet
  facet normal 0 -0 -1
    outer loop
      vertex -0.424255 5.42426 2.5
      vertex 0.424255 5.42426 2.5
      vertex -0.599991 3.55151 2.5
    endloop
  endfacet
  facet normal 0 -0 -1
    outer loop
      vertex -0.408081 5.43716 2.5
      vertex 0.424255 5.42426 2.5
      vertex -0.424255 5.42426 2.5
    endloop
  endfacet
  facet normal 0 0 -1
    outer loop
      vertex 0.424255 5.42426 2.5
      vertex 0.321564 5.50615 2.5
      vertex 0.324371 5.50475 2.5
    endloop
  endfacet
  facet normal 0 0 -1
    outer loop
      vertex 0.0937805 -3.10822 2.5
      vertex 0.599991 -1.9897 2.5
      vertex 0.2771 -3.14719 2.5
    endloop
  endfacet
  facet normal 0 -0 -1
    outer loop
      vertex 0.282318 5.5258 2.5
      vertex 0.424255 5.42426 2.5
      vertex -0.408081 5.43716 2.5
    endloop
  endfacet
  facet normal 0 0 -1
    outer loop
      vertex 0.424255 5.42426 2.5
      vertex 0.282318 5.5258 2.5
      vertex 0.321564 5.50615 2.5
    endloop
  endfacet
  facet normal 0 0 -1
    outer loop
      vertex 0.321564 5.50615 2.5
      vertex 0.282318 5.5258 2.5
      vertex 0.319214 5.50803 2.5
    endloop
  endfacet
  facet normal 0 0 -1
    outer loop
      vertex 0.282318 5.5258 2.5
      vertex 0.203598 5.56372 2.5
      vertex 0.209671 5.56216 2.5
    endloop
  endfacet
  facet normal -0 0 -1
    outer loop
      vertex 0.599991 -1.9897 2.5
      vertex 0.0937805 -3.10822 2.5
      vertex -0.599991 -1.98969 2.5
    endloop
  endfacet
  facet normal 0 -0 -1
    outer loop
      vertex -0.35231 5.48163 2.5
      vertex 0.282318 5.5258 2.5
      vertex -0.408081 5.43716 2.5
    endloop
  endfacet
  facet normal 0 0 -1
    outer loop
      vertex 0.282318 5.5258 2.5
      vertex 0.152756 5.57669 2.5
      vertex 0.203598 5.56372 2.5
    endloop
  endfacet
  facet normal 0 0 -1
    outer loop
      vertex 0.203598 5.56372 2.5
      vertex 0.152756 5.57669 2.5
      vertex 0.198166 5.56633 2.5
    endloop
  endfacet
  facet normal 0 0 -1
    outer loop
      vertex 0.152756 5.57669 2.5
      vertex 0.0759125 5.59422 2.5
      vertex 0.0853882 5.59389 2.5
    endloop
  endfacet
  facet normal -0 0 -1
    outer loop
      vertex 0.282318 5.5258 2.5
      vertex -0.35231 5.48163 2.5
      vertex 0.152756 5.57669 2.5
    endloop
  endfacet
  facet normal 0 0 -1
    outer loop
      vertex 0.152756 5.57669 2.5
      vertex 0.0200043 5.59622 2.5
      vertex 0.0759125 5.59422 2.5
    endloop
  endfacet
  facet normal 0 0 -1
    outer loop
      vertex 0.0759125 5.59422 2.5
      vertex 0.0200043 5.59622 2.5
      vertex 0.0671692 5.59622 2.5
    endloop
  endfacet
  facet normal 0 0 -1
    outer loop
      vertex -0.599991 -1.98969 2.5
      vertex 0.0937805 -3.10822 2.5
      vertex -0.0937347 -3.10822 2.5
    endloop
  endfacet
  facet normal 0 0 -1
    outer loop
      vertex 0.0200043 5.59622 2.5
      vertex -0.0552368 5.59622 2.5
      vertex -0.0428009 5.59846 2.5
    endloop
  endfacet
  facet normal -0 0 -1
    outer loop
      vertex 0.152756 5.57669 2.5
      vertex -0.35231 5.48163 2.5
      vertex 0.0200043 5.59622 2.5
    endloop
  endfacet
  facet normal -0 0 -1
    outer loop
      vertex 0.0200043 5.59622 2.5
      vertex -0.11232 5.58592 2.5
      vertex -0.0552368 5.59622 2.5
    endloop
  endfacet
  facet normal -0 0 -1
    outer loop
      vertex -0.0552368 5.59622 2.5
      vertex -0.11232 5.58592 2.5
      vertex -0.0671692 5.59622 2.5
    endloop
  endfacet
  facet normal 0 0 -1
    outer loop
      vertex -0.11232 5.58592 2.5
      vertex -0.183578 5.56966 2.5
      vertex -0.169037 5.57568 2.5
    endloop
  endfacet
  facet normal 0 0 -1
    outer loop
      vertex -0.599991 -1.98969 2.5
      vertex -0.0937347 -3.10822 2.5
      vertex -0.277115 -3.14719 2.5
    endloop
  endfacet
  facet normal 0 0 -1
    outer loop
      vertex 0.0200043 5.59622 2.5
      vertex -0.35231 5.48163 2.5
      vertex -0.11232 5.58592 2.5
    endloop
  endfacet
  facet normal 0 0 -1
    outer loop
      vertex -0.11232 5.58592 2.5
      vertex -0.238403 5.54695 2.5
      vertex -0.183578 5.56966 2.5
    endloop
  endfacet
  facet normal 0 0 -1
    outer loop
      vertex -0.238403 5.54695 2.5
      vertex -0.303116 5.51578 2.5
      vertex -0.287537 5.5266 2.5
    endloop
  endfacet
  facet normal 0 0 -1
    outer loop
      vertex -0.11232 5.58592 2.5
      vertex -0.35231 5.48163 2.5
      vertex -0.238403 5.54695 2.5
    endloop
  endfacet
  facet normal 0 0 -1
    outer loop
      vertex -0.303116 5.51578 2.5
      vertex -0.35231 5.48163 2.5
      vertex -0.319214 5.50803 2.5
    endloop
  endfacet
  facet normal 0 0 -1
    outer loop
      vertex -0.238403 5.54695 2.5
      vertex -0.35231 5.48163 2.5
      vertex -0.303116 5.51578 2.5
    endloop
  endfacet
  facet normal 0 0 -1
    outer loop
      vertex -0.35231 5.48163 2.5
      vertex -0.408081 5.43716 2.5
      vertex -0.392914 5.45345 2.5
    endloop
  endfacet
  facet normal 0 0 -1
    outer loop
      vertex -0.707581 -2.02531 2.5
      vertex -0.277115 -3.14719 2.5
      vertex -0.448349 -3.22343 2.5
    endloop
  endfacet
  facet normal 0 0 -1
    outer loop
      vertex -1.10266 -2.21558 2.5
      vertex -0.448349 -3.22343 2.5
      vertex -0.599991 -3.3336 2.5
    endloop
  endfacet
  facet normal -0 0 -1
    outer loop
      vertex 0.599991 3.5515 2.5
      vertex -0.599991 -1.98969 2.5
      vertex -0.599991 3.55151 2.5
    endloop
  endfacet
  facet normal 0 0 -1
    outer loop
      vertex -0.183578 5.56966 2.5
      vertex -0.238403 5.54695 2.5
      vertex -0.198166 5.56633 2.5
    endloop
  endfacet
  facet normal 0 0 -1
    outer loop
      vertex -2.92426 2.92426 2.5
      vertex -0.599991 3.55151 2.5
      vertex -2.07573 2.07573 2.5
    endloop
  endfacet
  facet normal 0 0 -1
    outer loop
      vertex -2.92426 2.92426 2.5
      vertex -2.07573 2.07573 2.5
      vertex -2.1732 1.9968 2.5
    endloop
  endfacet
  facet normal 0 0 -1
    outer loop
      vertex -2.92426 2.92426 2.5
      vertex -2.1732 1.9968 2.5
      vertex -2.28497 1.93985 2.5
    endloop
  endfacet
  facet normal 0 0 -1
    outer loop
      vertex -2.92426 2.92426 2.5
      vertex -2.28497 1.93985 2.5
      vertex -2.40613 1.90739 2.5
    endloop
  endfacet
  facet normal 0 0 -1
    outer loop
      vertex -2.92426 2.92426 2.5
      vertex -2.40613 1.90739 2.5
      vertex -2.53139 1.90082 2.5
    endloop
  endfacet
  facet normal 0 0 -1
    outer loop
      vertex -2.92426 2.92426 2.5
      vertex -2.53139 1.90082 2.5
      vertex -2.65529 1.92046 2.5
    endloop
  endfacet
  facet normal 0 0 -1
    outer loop
      vertex -2.92426 2.92426 2.5
      vertex -2.65529 1.92046 2.5
      vertex -2.77238 1.96539 2.5
    endloop
  endfacet
  facet normal 0 0 -1
    outer loop
      vertex -2.92426 2.92426 2.5
      vertex -2.77238 1.96539 2.5
      vertex -2.87758 2.03371 2.5
    endloop
  endfacet
  facet normal -0 0 -1
    outer loop
      vertex -0.599991 3.55151 2.5
      vertex -2.92426 2.92426 2.5
      vertex -0.424255 5.42426 2.5
    endloop
  endfacet
  facet normal 0 0 -1
    outer loop
      vertex -2.96628 2.12241 2.5
      vertex -2.92426 2.92426 2.5
      vertex -2.87758 2.03371 2.5
    endloop
  endfacet
  facet normal 0 0 -1
    outer loop
      vertex -2.96628 2.12241 2.5
      vertex -3.00319 2.82678 2.5
      vertex -2.92426 2.92426 2.5
    endloop
  endfacet
  facet normal 0 0 -1
    outer loop
      vertex -3.03459 2.2276 2.5
      vertex -3.00319 2.82678 2.5
      vertex -2.96628 2.12241 2.5
    endloop
  endfacet
  facet normal 0 0 -1
    outer loop
      vertex -3.03459 2.2276 2.5
      vertex -3.06013 2.71501 2.5
      vertex -3.00319 2.82678 2.5
    endloop
  endfacet
  facet normal 0 0 -1
    outer loop
      vertex -3.07953 2.3447 2.5
      vertex -3.06013 2.71501 2.5
      vertex -3.03459 2.2276 2.5
    endloop
  endfacet
  facet normal 0 0 -1
    outer loop
      vertex -3.07953 2.3447 2.5
      vertex -3.09259 2.59386 2.5
      vertex -3.06013 2.71501 2.5
    endloop
  endfacet
  facet normal 0 -0 -1
    outer loop
      vertex -3.09259 2.59386 2.5
      vertex -3.07953 2.3447 2.5
      vertex -3.09917 2.4686 2.5
    endloop
  endfacet
  facet normal 0 0 -1
    outer loop
      vertex -0.277115 -3.14719 2.5
      vertex -0.707581 -2.02531 2.5
      vertex -0.599991 -1.98969 2.5
    endloop
  endfacet
  facet normal 0 0 -1
    outer loop
      vertex -0.599991 -1.98969 2.5
      vertex -0.707581 -2.02531 2.5
      vertex -0.648926 -2.00279 2.5
    endloop
  endfacet
  facet normal 0 0 -1
    outer loop
      vertex -1.45117 -2.48563 2.5
      vertex -0.599991 -3.3336 2.5
      vertex -0.725449 -3.47293 2.5
    endloop
  endfacet
  facet normal 0 0 -1
    outer loop
      vertex -1.73312 -2.81834 2.5
      vertex -0.725449 -3.47293 2.5
      vertex -0.819183 -3.63528 2.5
    endloop
  endfacet
  facet normal 0 0 -1
    outer loop
      vertex -1.94095 -3.2045 2.5
      vertex -0.819183 -3.63528 2.5
      vertex -0.877121 -3.81363 2.5
    endloop
  endfacet
  facet normal 0 0 -1
    outer loop
      vertex -2.06392 -3.62543 2.5
      vertex -0.877121 -3.81363 2.5
      vertex -0.896713 -3.99992 2.5
    endloop
  endfacet
  facet normal 0 0 -1
    outer loop
      vertex -0.448349 -3.22343 2.5
      vertex -0.994034 -2.15285 2.5
      vertex -0.707581 -2.02531 2.5
    endloop
  endfacet
  facet normal 0 0 -1
    outer loop
      vertex -1.65939 -5.28314 2.5
      vertex -0.725433 -4.52708 2.5
      vertex -1.44957 -5.51619 2.5
    endloop
  endfacet
  facet normal 0 0 -1
    outer loop
      vertex -1.10266 -5.78442 2.5
      vertex -0.994034 -5.84715 2.5
      vertex -1.04999 -5.81863 2.5
    endloop
  endfacet
  facet normal 0 0 -1
    outer loop
      vertex -1.73312 -5.18166 2.5
      vertex -0.725433 -4.52708 2.5
      vertex -1.65939 -5.28314 2.5
    endloop
  endfacet
  facet normal 0 0 -1
    outer loop
      vertex -0.448349 -3.22343 2.5
      vertex -1.10266 -2.21558 2.5
      vertex -0.994034 -2.15285 2.5
    endloop
  endfacet
  facet normal 0 0 -1
    outer loop
      vertex -0.994034 -2.15285 2.5
      vertex -1.10266 -2.21558 2.5
      vertex -1.04999 -2.18137 2.5
    endloop
  endfacet
  facet normal -0 0 -1
    outer loop
      vertex -0.725433 -4.52708 2.5
      vertex -1.73312 -5.18166 2.5
      vertex -0.819168 -4.36473 2.5
    endloop
  endfacet
  facet normal 0 0 -1
    outer loop
      vertex -0.599991 -3.3336 2.5
      vertex -1.35635 -2.39989 2.5
      vertex -1.10266 -2.21558 2.5
    endloop
  endfacet
  facet normal 0 0 -1
    outer loop
      vertex -1.44957 -5.51619 2.5
      vertex -1.35635 -5.60011 2.5
      vertex -1.40517 -5.56059 2.5
    endloop
  endfacet
  facet normal 0 0 -1
    outer loop
      vertex -1.88992 -4.91008 2.5
      vertex -0.819168 -4.36473 2.5
      vertex -1.73312 -5.18166 2.5
    endloop
  endfacet
  facet normal 0 0 -1
    outer loop
      vertex -0.599991 -3.3336 2.5
      vertex -1.45117 -2.48563 2.5
      vertex -1.35635 -2.39989 2.5
    endloop
  endfacet
  facet normal 0 0 -1
    outer loop
      vertex -1.35635 -2.39989 2.5
      vertex -1.45117 -2.48563 2.5
      vertex -1.40517 -2.43941 2.5
    endloop
  endfacet
  facet normal 0 0 -1
    outer loop
      vertex -1.40517 -2.43941 2.5
      vertex -1.45117 -2.48563 2.5
      vertex -1.44957 -2.48381 2.5
    endloop
  endfacet
  facet normal 0 0 -1
    outer loop
      vertex -1.94095 -4.7955 2.5
      vertex -0.819168 -4.36473 2.5
      vertex -1.88992 -4.91008 2.5
    endloop
  endfacet
  facet normal 0 0 -1
    outer loop
      vertex -0.725449 -3.47293 2.5
      vertex -1.65939 -2.71686 2.5
      vertex -1.45117 -2.48563 2.5
    endloop
  endfacet
  facet normal 0 0 -1
    outer loop
      vertex -1.73312 -5.18166 2.5
      vertex -1.65939 -5.28314 2.5
      vertex -1.69891 -5.23433 2.5
    endloop
  endfacet
  facet normal -0 0 -1
    outer loop
      vertex -0.819168 -4.36473 2.5
      vertex -1.94095 -4.7955 2.5
      vertex -0.877106 -4.18645 2.5
    endloop
  endfacet
  facet normal 0 0 -1
    outer loop
      vertex -0.725449 -3.47293 2.5
      vertex -1.73312 -2.81834 2.5
      vertex -1.65939 -2.71686 2.5
    endloop
  endfacet
  facet normal 0 0 -1
    outer loop
      vertex -1.65939 -2.71686 2.5
      vertex -1.73312 -2.81834 2.5
      vertex -1.69891 -2.76567 2.5
    endloop
  endfacet
  facet normal 0 0 -1
    outer loop
      vertex -2.03784 -4.49727 2.5
      vertex -0.877106 -4.18645 2.5
      vertex -1.94095 -4.7955 2.5
    endloop
  endfacet
  facet normal 0 0 -1
    outer loop
      vertex -0.819183 -3.63528 2.5
      vertex -1.88992 -3.08992 2.5
      vertex -1.73312 -2.81834 2.5
    endloop
  endfacet
  facet normal 0 0 -1
    outer loop
      vertex -1.94095 -4.7955 2.5
      vertex -1.88992 -4.91008 2.5
      vertex -1.91844 -4.85413 2.5
    endloop
  endfacet
  facet normal 0 0 -1
    outer loop
      vertex -2.06392 -4.37457 2.5
      vertex -0.877106 -4.18645 2.5
      vertex -2.03784 -4.49727 2.5
    endloop
  endfacet
  facet normal 0 0 -1
    outer loop
      vertex -0.819183 -3.63528 2.5
      vertex -1.94095 -3.2045 2.5
      vertex -1.88992 -3.08992 2.5
    endloop
  endfacet
  facet normal 0 0 -1
    outer loop
      vertex -1.88992 -3.08992 2.5
      vertex -1.94095 -3.2045 2.5
      vertex -1.91844 -3.14587 2.5
    endloop
  endfacet
  facet normal -0 0 -1
    outer loop
      vertex -0.877106 -4.18645 2.5
      vertex -2.06392 -4.37457 2.5
      vertex -0.896713 -3.99992 2.5
    endloop
  endfacet
  facet normal 0 0 -1
    outer loop
      vertex -0.877121 -3.81363 2.5
      vertex -2.03784 -3.50273 2.5
      vertex -1.94095 -3.2045 2.5
    endloop
  endfacet
  facet normal 0 0 -1
    outer loop
      vertex -2.06392 -4.37457 2.5
      vertex -2.03784 -4.49727 2.5
      vertex -2.05409 -4.4366 2.5
    endloop
  endfacet
  facet normal 0 0 -1
    outer loop
      vertex -2.09636 -4.06584 2.5
      vertex -0.896713 -3.99992 2.5
      vertex -2.06392 -4.37457 2.5
    endloop
  endfacet
  facet normal 0 0 -1
    outer loop
      vertex -0.877121 -3.81363 2.5
      vertex -2.06392 -3.62543 2.5
      vertex -2.03784 -3.50273 2.5
    endloop
  endfacet
  facet normal 0 0 -1
    outer loop
      vertex -2.03784 -3.50273 2.5
      vertex -2.06392 -3.62543 2.5
      vertex -2.05409 -3.5634 2.5
    endloop
  endfacet
  facet normal 0 0 -1
    outer loop
      vertex -2.09671 -3.93729 2.5
      vertex -0.896713 -3.99992 2.5
      vertex -2.09636 -4.06584 2.5
    endloop
  endfacet
  facet normal 0 0 -1
    outer loop
      vertex -2.09671 -3.93729 2.5
      vertex -2.09636 -4.06584 2.5
      vertex -2.09671 -4.06271 2.5
    endloop
  endfacet
  facet normal 0 0 -1
    outer loop
      vertex -0.896713 -3.99992 2.5
      vertex -2.09671 -3.93729 2.5
      vertex -2.06392 -3.62543 2.5
    endloop
  endfacet
  facet normal 0 -0 -1
    outer loop
      vertex -2.09671 -3.93729 2.5
      vertex -2.09671 -4.06271 2.5
      vertex -2.09999 -4 2.5
    endloop
  endfacet
  facet normal 0 0 1
    outer loop
      vertex 3.09261 2.59386 3.2
      vertex 3.07954 2.34471 3.2
      vertex 3.09917 2.46861 3.2
    endloop
  endfacet
  facet normal 0 0 1
    outer loop
      vertex 3.06013 2.71501 3.2
      vertex 3.07954 2.34471 3.2
      vertex 3.09261 2.59386 3.2
    endloop
  endfacet
  facet normal 0 0 1
    outer loop
      vertex 3.06013 2.71501 3.2
      vertex 3.03459 2.22762 3.2
      vertex 3.07954 2.34471 3.2
    endloop
  endfacet
  facet normal 0 0 1
    outer loop
      vertex 3.00319 2.82678 3.2
      vertex 3.03459 2.22762 3.2
      vertex 3.06013 2.71501 3.2
    endloop
  endfacet
  facet normal 0 0 1
    outer loop
      vertex 3.00319 2.82678 3.2
      vertex 2.96628 2.12242 3.2
      vertex 3.03459 2.22762 3.2
    endloop
  endfacet
  facet normal 0 0 1
    outer loop
      vertex 2.92424 2.92427 3.2
      vertex 2.96628 2.12242 3.2
      vertex 3.00319 2.82678 3.2
    endloop
  endfacet
  facet normal 0 0 1
    outer loop
      vertex 2.92424 2.92427 3.2
      vertex 2.87758 2.03372 3.2
      vertex 2.96628 2.12242 3.2
    endloop
  endfacet
  facet normal 0 0 1
    outer loop
      vertex 2.92424 2.92427 3.2
      vertex 2.77238 1.96541 3.2
      vertex 2.87758 2.03372 3.2
    endloop
  endfacet
  facet normal 0 0 1
    outer loop
      vertex 2.92424 2.92427 3.2
      vertex 2.65529 1.92046 3.2
      vertex 2.77238 1.96541 3.2
    endloop
  endfacet
  facet normal 0 0 1
    outer loop
      vertex 2.92424 2.92427 3.2
      vertex 2.53139 1.90083 3.2
      vertex 2.65529 1.92046 3.2
    endloop
  endfacet
  facet normal 0 0 1
    outer loop
      vertex 2.92424 2.92427 3.2
      vertex 2.40614 1.90739 3.2
      vertex 2.53139 1.90083 3.2
    endloop
  endfacet
  facet normal 0 0 1
    outer loop
      vertex 2.92424 2.92427 3.2
      vertex 2.28499 1.93987 3.2
      vertex 2.40614 1.90739 3.2
    endloop
  endfacet
  facet normal 0 0 1
    outer loop
      vertex 2.92424 2.92427 3.2
      vertex 2.17322 1.99681 3.2
      vertex 2.28499 1.93987 3.2
    endloop
  endfacet
  facet normal 0 0 1
    outer loop
      vertex 2.92424 2.92427 3.2
      vertex 2.07574 2.07574 3.2
      vertex 2.17322 1.99681 3.2
    endloop
  endfacet
  facet normal 0 0 1
    outer loop
      vertex 2.92424 2.92427 3.2
      vertex 0.599991 3.5515 3.2
      vertex 2.07574 2.07574 3.2
    endloop
  endfacet
  facet normal -0 0 1
    outer loop
      vertex -0.599991 -1.98969 3.2
      vertex 0.599991 -1.9897 3.2
      vertex 0.599991 3.5515 3.2
    endloop
  endfacet
  facet normal 0 0 1
    outer loop
      vertex 0.424255 5.42426 3.2
      vertex 0.599991 3.5515 3.2
      vertex 2.92424 2.92427 3.2
    endloop
  endfacet
  facet normal -0 0 1
    outer loop
      vertex -0.599991 3.55151 3.2
      vertex 0.599991 3.5515 3.2
      vertex 0.424255 5.42426 3.2
    endloop
  endfacet
  facet normal 0 0 1
    outer loop
      vertex 0.321564 5.50615 3.2
      vertex 0.424255 5.42426 3.2
      vertex 0.324371 5.50475 3.2
    endloop
  endfacet
  facet normal 0 0 1
    outer loop
      vertex 0.282318 5.5258 3.2
      vertex 0.424255 5.42426 3.2
      vertex 0.321564 5.50615 3.2
    endloop
  endfacet
  facet normal 0 0 1
    outer loop
      vertex 0.282318 5.5258 3.2
      vertex 0.321564 5.50615 3.2
      vertex 0.319214 5.50803 3.2
    endloop
  endfacet
  facet normal 0 0 1
    outer loop
      vertex 0.424255 5.42426 3.2
      vertex 0.282318 5.5258 3.2
      vertex -0.408081 5.43716 3.2
    endloop
  endfacet
  facet normal 0 0 1
    outer loop
      vertex -0.599991 -1.98969 3.2
      vertex 0.599991 3.5515 3.2
      vertex -0.599991 3.55151 3.2
    endloop
  endfacet
  facet normal 0 0 1
    outer loop
      vertex 0.203598 5.56372 3.2
      vertex 0.282318 5.5258 3.2
      vertex 0.209671 5.56216 3.2
    endloop
  endfacet
  facet normal 0 0 1
    outer loop
      vertex 0.152756 5.57669 3.2
      vertex 0.282318 5.5258 3.2
      vertex 0.203598 5.56372 3.2
    endloop
  endfacet
  facet normal 0 0 1
    outer loop
      vertex 0.152756 5.57669 3.2
      vertex 0.203598 5.56372 3.2
      vertex 0.198166 5.56633 3.2
    endloop
  endfacet
  facet normal 0 0 1
    outer loop
      vertex -0.35231 5.48163 3.2
      vertex 0.282318 5.5258 3.2
      vertex 0.152756 5.57669 3.2
    endloop
  endfacet
  facet normal 0 -0 1
    outer loop
      vertex 0.0937805 -3.10822 3.2
      vertex 0.599991 -1.9897 3.2
      vertex -0.599991 -1.98969 3.2
    endloop
  endfacet
  facet normal 0 0 1
    outer loop
      vertex 0.0759125 5.59422 3.2
      vertex 0.152756 5.57669 3.2
      vertex 0.0853882 5.59389 3.2
    endloop
  endfacet
  facet normal 0 0 1
    outer loop
      vertex 0.0200043 5.59622 3.2
      vertex 0.152756 5.57669 3.2
      vertex 0.0759125 5.59422 3.2
    endloop
  endfacet
  facet normal -0 0 1
    outer loop
      vertex 0.0200043 5.59622 3.2
      vertex 0.0759125 5.59422 3.2
      vertex 0.0671692 5.59622 3.2
    endloop
  endfacet
  facet normal 0 0 1
    outer loop
      vertex -0.35231 5.48163 3.2
      vertex 0.152756 5.57669 3.2
      vertex 0.0200043 5.59622 3.2
    endloop
  endfacet
  facet normal 0 0 1
    outer loop
      vertex -0.0552368 5.59622 3.2
      vertex 0.0200043 5.59622 3.2
      vertex -0.0428009 5.59846 3.2
    endloop
  endfacet
  facet normal 0 0 1
    outer loop
      vertex -0.11232 5.58592 3.2
      vertex 0.0200043 5.59622 3.2
      vertex -0.0552368 5.59622 3.2
    endloop
  endfacet
  facet normal 0 0 1
    outer loop
      vertex -0.11232 5.58592 3.2
      vertex -0.0552368 5.59622 3.2
      vertex -0.0671692 5.59622 3.2
    endloop
  endfacet
  facet normal 0 0 1
    outer loop
      vertex 0.599991 -1.9897 3.2
      vertex 0.2771 -3.14719 3.2
      vertex 0.448425 -3.22348 3.2
    endloop
  endfacet
  facet normal 0 0 1
    outer loop
      vertex -0.35231 5.48163 3.2
      vertex 0.0200043 5.59622 3.2
      vertex -0.11232 5.58592 3.2
    endloop
  endfacet
  facet normal 0 0 1
    outer loop
      vertex -0.183578 5.56966 3.2
      vertex -0.11232 5.58592 3.2
      vertex -0.169037 5.57568 3.2
    endloop
  endfacet
  facet normal 0 0 1
    outer loop
      vertex -0.238403 5.54695 3.2
      vertex -0.11232 5.58592 3.2
      vertex -0.183578 5.56966 3.2
    endloop
  endfacet
  facet normal 0 0 1
    outer loop
      vertex -0.238403 5.54695 3.2
      vertex -0.183578 5.56966 3.2
      vertex -0.198166 5.56633 3.2
    endloop
  endfacet
  facet normal 0 0 1
    outer loop
      vertex -0.35231 5.48163 3.2
      vertex -0.11232 5.58592 3.2
      vertex -0.238403 5.54695 3.2
    endloop
  endfacet
  facet normal 0 0 1
    outer loop
      vertex 0.599991 -1.9897 3.2
      vertex 0.0937805 -3.10822 3.2
      vertex 0.2771 -3.14719 3.2
    endloop
  endfacet
  facet normal 0 0 1
    outer loop
      vertex -0.303116 5.51578 3.2
      vertex -0.238403 5.54695 3.2
      vertex -0.287537 5.5266 3.2
    endloop
  endfacet
  facet normal 0 0 1
    outer loop
      vertex -0.35231 5.48163 3.2
      vertex -0.238403 5.54695 3.2
      vertex -0.303116 5.51578 3.2
    endloop
  endfacet
  facet normal 0 0 1
    outer loop
      vertex -0.35231 5.48163 3.2
      vertex -0.303116 5.51578 3.2
      vertex -0.319214 5.50803 3.2
    endloop
  endfacet
  facet normal 0 0 1
    outer loop
      vertex 0.282318 5.5258 3.2
      vertex -0.35231 5.48163 3.2
      vertex -0.408081 5.43716 3.2
    endloop
  endfacet
  facet normal 0 0 1
    outer loop
      vertex -0.408081 5.43716 3.2
      vertex -0.35231 5.48163 3.2
      vertex -0.392914 5.45345 3.2
    endloop
  endfacet
  facet normal 0 0 1
    outer loop
      vertex 0.424255 5.42426 3.2
      vertex -0.408081 5.43716 3.2
      vertex -0.424255 5.42426 3.2
    endloop
  endfacet
  facet normal 0 0 1
    outer loop
      vertex 0.424255 5.42426 3.2
      vertex -0.424255 5.42426 3.2
      vertex -0.599991 3.55151 3.2
    endloop
  endfacet
  facet normal 0 0 1
    outer loop
      vertex 0.0937805 -3.10822 3.2
      vertex -0.599991 -1.98969 3.2
      vertex -0.0937347 -3.10822 3.2
    endloop
  endfacet
  facet normal 0 0 1
    outer loop
      vertex -0.0937347 -3.10822 3.2
      vertex -0.599991 -1.98969 3.2
      vertex -0.277115 -3.14719 3.2
    endloop
  endfacet
  facet normal 0 0 1
    outer loop
      vertex -2.92426 2.92426 3.2
      vertex -0.599991 3.55151 3.2
      vertex -0.424255 5.42426 3.2
    endloop
  endfacet
  facet normal 0 0 1
    outer loop
      vertex -0.599991 3.55151 3.2
      vertex -2.92426 2.92426 3.2
      vertex -2.07573 2.07573 3.2
    endloop
  endfacet
  facet normal 0 0 1
    outer loop
      vertex -2.07573 2.07573 3.2
      vertex -2.92426 2.92426 3.2
      vertex -2.1732 1.9968 3.2
    endloop
  endfacet
  facet normal 0 0 1
    outer loop
      vertex -2.1732 1.9968 3.2
      vertex -2.92426 2.92426 3.2
      vertex -2.28497 1.93985 3.2
    endloop
  endfacet
  facet normal 0 0 1
    outer loop
      vertex -2.28497 1.93985 3.2
      vertex -2.92426 2.92426 3.2
      vertex -2.40613 1.90739 3.2
    endloop
  endfacet
  facet normal 0 0 1
    outer loop
      vertex -2.40613 1.90739 3.2
      vertex -2.92426 2.92426 3.2
      vertex -2.53139 1.90082 3.2
    endloop
  endfacet
  facet normal 0 0 1
    outer loop
      vertex -2.53139 1.90082 3.2
      vertex -2.92426 2.92426 3.2
      vertex -2.65529 1.92046 3.2
    endloop
  endfacet
  facet normal 0 0 1
    outer loop
      vertex -2.65529 1.92046 3.2
      vertex -2.92426 2.92426 3.2
      vertex -2.77238 1.96539 3.2
    endloop
  endfacet
  facet normal 0 0 1
    outer loop
      vertex -2.77238 1.96539 3.2
      vertex -2.92426 2.92426 3.2
      vertex -2.87758 2.03371 3.2
    endloop
  endfacet
  facet normal 0 0 1
    outer loop
      vertex -2.92426 2.92426 3.2
      vertex -2.96628 2.12241 3.2
      vertex -2.87758 2.03371 3.2
    endloop
  endfacet
  facet normal -0 0 1
    outer loop
      vertex -3.00319 2.82678 3.2
      vertex -2.96628 2.12241 3.2
      vertex -2.92426 2.92426 3.2
    endloop
  endfacet
  facet normal 0 0 1
    outer loop
      vertex -3.00319 2.82678 3.2
      vertex -3.03459 2.2276 3.2
      vertex -2.96628 2.12241 3.2
    endloop
  endfacet
  facet normal -0 0 1
    outer loop
      vertex -3.06013 2.71501 3.2
      vertex -3.03459 2.2276 3.2
      vertex -3.00319 2.82678 3.2
    endloop
  endfacet
  facet normal 0 0 1
    outer loop
      vertex -3.06013 2.71501 3.2
      vertex -3.07953 2.3447 3.2
      vertex -3.03459 2.2276 3.2
    endloop
  endfacet
  facet normal -0 0 1
    outer loop
      vertex -3.09259 2.59386 3.2
      vertex -3.07953 2.3447 3.2
      vertex -3.06013 2.71501 3.2
    endloop
  endfacet
  facet normal 0 0 1
    outer loop
      vertex -3.07953 2.3447 3.2
      vertex -3.09259 2.59386 3.2
      vertex -3.09917 2.4686 3.2
    endloop
  endfacet
  facet normal 0 0 1
    outer loop
      vertex 2.09671 -3.93729 3.2
      vertex 2.09671 -4.06271 3.2
      vertex 2.09999 -4 3.2
    endloop
  endfacet
  facet normal 0 0 1
    outer loop
      vertex 2.09636 -3.93416 3.2
      vertex 2.09671 -4.06271 3.2
      vertex 2.09671 -3.93729 3.2
    endloop
  endfacet
  facet normal 0 0 1
    outer loop
      vertex 0.896698 -4 3.2
      vertex 2.09636 -3.93416 3.2
      vertex 2.06392 -3.62543 3.2
    endloop
  endfacet
  facet normal 0 0 1
    outer loop
      vertex 2.09636 -3.93416 3.2
      vertex 0.896698 -4 3.2
      vertex 2.09671 -4.06271 3.2
    endloop
  endfacet
  facet normal 0 0 1
    outer loop
      vertex 0.877106 -3.81355 3.2
      vertex 2.06392 -3.62543 3.2
      vertex 2.05409 -3.5634 3.2
    endloop
  endfacet
  facet normal 0 0 1
    outer loop
      vertex 2.09671 -4.06271 3.2
      vertex 0.896698 -4 3.2
      vertex 2.06392 -4.37457 3.2
    endloop
  endfacet
  facet normal 0 0 1
    outer loop
      vertex 0.877106 -3.81355 3.2
      vertex 2.05409 -3.5634 3.2
      vertex 2.03784 -3.50273 3.2
    endloop
  endfacet
  facet normal -0 0 1
    outer loop
      vertex 0.877106 -4.18645 3.2
      vertex 2.06392 -4.37457 3.2
      vertex 0.896698 -4 3.2
    endloop
  endfacet
  facet normal 0 0 1
    outer loop
      vertex 0.877106 -3.81355 3.2
      vertex 2.03784 -3.50273 3.2
      vertex 1.94095 -3.2045 3.2
    endloop
  endfacet
  facet normal 0 0 1
    outer loop
      vertex 2.06392 -4.37457 3.2
      vertex 0.877106 -4.18645 3.2
      vertex 2.05409 -4.4366 3.2
    endloop
  endfacet
  facet normal 0 0 1
    outer loop
      vertex 0.819168 -3.63527 3.2
      vertex 1.94095 -3.2045 3.2
      vertex 1.91844 -3.14587 3.2
    endloop
  endfacet
  facet normal 0 0 1
    outer loop
      vertex 2.05409 -4.4366 3.2
      vertex 0.877106 -4.18645 3.2
      vertex 2.03784 -4.49727 3.2
    endloop
  endfacet
  facet normal 0 0 1
    outer loop
      vertex 2.03784 -4.49727 3.2
      vertex 0.877106 -4.18645 3.2
      vertex 1.94095 -4.7955 3.2
    endloop
  endfacet
  facet normal 0 0 1
    outer loop
      vertex 0.819168 -3.63527 3.2
      vertex 1.91844 -3.14587 3.2
      vertex 1.88991 -3.0899 3.2
    endloop
  endfacet
  facet normal 0 0 1
    outer loop
      vertex 0.819168 -3.63527 3.2
      vertex 1.88991 -3.0899 3.2
      vertex 1.73312 -2.81834 3.2
    endloop
  endfacet
  facet normal -0 0 1
    outer loop
      vertex 0.819183 -4.36472 3.2
      vertex 1.94095 -4.7955 3.2
      vertex 0.877106 -4.18645 3.2
    endloop
  endfacet
  facet normal 0 0 1
    outer loop
      vertex 0.725433 -3.47292 3.2
      vertex 1.73312 -2.81834 3.2
      vertex 1.69891 -2.76567 3.2
    endloop
  endfacet
  facet normal 0 0 1
    outer loop
      vertex 1.94095 -4.7955 3.2
      vertex 0.819183 -4.36472 3.2
      vertex 1.91844 -4.85413 3.2
    endloop
  endfacet
  facet normal 0 0 1
    outer loop
      vertex 0.725433 -3.47292 3.2
      vertex 1.69891 -2.76567 3.2
      vertex 1.65939 -2.71686 3.2
    endloop
  endfacet
  facet normal 0 0 1
    outer loop
      vertex 1.91844 -4.85413 3.2
      vertex 0.819183 -4.36472 3.2
      vertex 1.88992 -4.91008 3.2
    endloop
  endfacet
  facet normal 0 0 1
    outer loop
      vertex 1.88992 -4.91008 3.2
      vertex 0.819183 -4.36472 3.2
      vertex 1.73312 -5.18166 3.2
    endloop
  endfacet
  facet normal 0 0 1
    outer loop
      vertex 0.725433 -3.47292 3.2
      vertex 1.65939 -2.71686 3.2
      vertex 1.44957 -2.48381 3.2
    endloop
  endfacet
  facet normal -0 0 1
    outer loop
      vertex 0.725449 -4.52707 3.2
      vertex 1.73312 -5.18166 3.2
      vertex 0.819183 -4.36472 3.2
    endloop
  endfacet
  facet normal 0 0 1
    outer loop
      vertex 0.600037 -3.33363 3.2
      vertex 1.44957 -2.48381 3.2
      vertex 1.40517 -2.43941 3.2
    endloop
  endfacet
  facet normal 0 0 1
    outer loop
      vertex 1.73312 -5.18166 3.2
      vertex 0.725449 -4.52707 3.2
      vertex 1.69891 -5.23433 3.2
    endloop
  endfacet
  facet normal 0 0 1
    outer loop
      vertex 0.600037 -3.33363 3.2
      vertex 1.40517 -2.43941 3.2
      vertex 1.35635 -2.39989 3.2
    endloop
  endfacet
  facet normal 0 0 1
    outer loop
      vertex 1.69891 -5.23433 3.2
      vertex 0.725449 -4.52707 3.2
      vertex 1.65939 -5.28314 3.2
    endloop
  endfacet
  facet normal 0 0 1
    outer loop
      vertex 0.600037 -3.33363 3.2
      vertex 1.35635 -2.39989 3.2
      vertex 1.10266 -2.21558 3.2
    endloop
  endfacet
  facet normal 0 0 1
    outer loop
      vertex 1.65939 -5.28314 3.2
      vertex 0.725449 -4.52707 3.2
      vertex 1.45117 -5.51437 3.2
    endloop
  endfacet
  facet normal 0 0 1
    outer loop
      vertex 0.448425 -3.22348 3.2
      vertex 1.10266 -2.21558 3.2
      vertex 1.04999 -2.18137 3.2
    endloop
  endfacet
  facet normal -0 0 1
    outer loop
      vertex 0.599991 -4.6664 3.2
      vertex 1.45117 -5.51437 3.2
      vertex 0.725449 -4.52707 3.2
    endloop
  endfacet
  facet normal 0 0 1
    outer loop
      vertex 0.448425 -3.22348 3.2
      vertex 1.04999 -2.18137 3.2
      vertex 0.994034 -2.15285 3.2
    endloop
  endfacet
  facet normal 0 0 1
    outer loop
      vertex 1.45117 -5.51437 3.2
      vertex 0.599991 -4.6664 3.2
      vertex 1.44957 -5.51619 3.2
    endloop
  endfacet
  facet normal 0 0 1
    outer loop
      vertex 1.44957 -5.51619 3.2
      vertex 0.599991 -4.6664 3.2
      vertex 1.40517 -5.56059 3.2
    endloop
  endfacet
  facet normal 0 0 1
    outer loop
      vertex 2.06392 -3.62543 3.2
      vertex 0.877106 -3.81355 3.2
      vertex 0.896698 -4 3.2
    endloop
  endfacet
  facet normal 0 0 1
    outer loop
      vertex 1.94095 -3.2045 3.2
      vertex 0.819168 -3.63527 3.2
      vertex 0.877106 -3.81355 3.2
    endloop
  endfacet
  facet normal 0 0 1
    outer loop
      vertex 1.73312 -2.81834 3.2
      vertex 0.725433 -3.47292 3.2
      vertex 0.819168 -3.63527 3.2
    endloop
  endfacet
  facet normal 0 0 1
    outer loop
      vertex 0.448425 -3.22348 3.2
      vertex 0.994034 -2.15285 3.2
      vertex 0.70755 -2.0253 3.2
    endloop
  endfacet
  facet normal 0 0 1
    outer loop
      vertex 0.599991 -1.9897 3.2
      vertex 0.70755 -2.0253 3.2
      vertex 0.648926 -2.00279 3.2
    endloop
  endfacet
  facet normal 0 0 1
    outer loop
      vertex 1.44957 -2.48381 3.2
      vertex 0.600037 -3.33363 3.2
      vertex 0.725433 -3.47292 3.2
    endloop
  endfacet
  facet normal 0 0 1
    outer loop
      vertex 0.70755 -2.0253 3.2
      vertex 0.599991 -1.9897 3.2
      vertex 0.448425 -3.22348 3.2
    endloop
  endfacet
  facet normal 0 0 1
    outer loop
      vertex 1.10266 -2.21558 3.2
      vertex 0.448425 -3.22348 3.2
      vertex 0.600037 -3.33363 3.2
    endloop
  endfacet
  facet normal 0 0 1
    outer loop
      vertex 1.40517 -5.56059 3.2
      vertex 0.599991 -4.6664 3.2
      vertex 1.35635 -5.60011 3.2
    endloop
  endfacet
  facet normal 0 0 1
    outer loop
      vertex 1.35635 -5.60011 3.2
      vertex 0.599991 -4.6664 3.2
      vertex 1.10266 -5.78442 3.2
    endloop
  endfacet
  facet normal -0 0 1
    outer loop
      vertex 0.448349 -4.77657 3.2
      vertex 1.10266 -5.78442 3.2
      vertex 0.599991 -4.6664 3.2
    endloop
  endfacet
  facet normal 0 0 1
    outer loop
      vertex 1.10266 -5.78442 3.2
      vertex 0.448349 -4.77657 3.2
      vertex 1.04999 -5.81863 3.2
    endloop
  endfacet
  facet normal 0 0 1
    outer loop
      vertex 1.04999 -5.81863 3.2
      vertex 0.448349 -4.77657 3.2
      vertex 0.994034 -5.84715 3.2
    endloop
  endfacet
  facet normal 0 0 1
    outer loop
      vertex 0.994034 -5.84715 3.2
      vertex 0.448349 -4.77657 3.2
      vertex 0.707581 -5.97469 3.2
    endloop
  endfacet
  facet normal -0 0 1
    outer loop
      vertex 0.277115 -4.85281 3.2
      vertex 0.707581 -5.97469 3.2
      vertex 0.448349 -4.77657 3.2
    endloop
  endfacet
  facet normal 0 0 1
    outer loop
      vertex 0.707581 -5.97469 3.2
      vertex 0.277115 -4.85281 3.2
      vertex 0.648926 -5.99721 3.2
    endloop
  endfacet
  facet normal 0 0 1
    outer loop
      vertex 0.648926 -5.99721 3.2
      vertex 0.277115 -4.85281 3.2
      vertex 0.588257 -6.01346 3.2
    endloop
  endfacet
  facet normal 0 0 1
    outer loop
      vertex 0.588257 -6.01346 3.2
      vertex 0.277115 -4.85281 3.2
      vertex 0.586212 -6.01387 3.2
    endloop
  endfacet
  facet normal 0 0 1
    outer loop
      vertex 0.586212 -6.01387 3.2
      vertex 0.277115 -4.85281 3.2
      vertex 0.281525 -6.07866 3.2
    endloop
  endfacet
  facet normal -0 0 1
    outer loop
      vertex 0.0937347 -4.89178 3.2
      vertex 0.281525 -6.07866 3.2
      vertex 0.277115 -4.85281 3.2
    endloop
  endfacet
  facet normal 0 0 1
    outer loop
      vertex 0.281525 -6.07866 3.2
      vertex 0.0937347 -4.89178 3.2
      vertex 0.219498 -6.08849 3.2
    endloop
  endfacet
  facet normal 0 0 1
    outer loop
      vertex 0.219498 -6.08849 3.2
      vertex 0.0937347 -4.89178 3.2
      vertex 0.156784 -6.09177 3.2
    endloop
  endfacet
  facet normal -0 0 1
    outer loop
      vertex -0.0937805 -4.89178 3.2
      vertex 0.156784 -6.09177 3.2
      vertex 0.0937347 -4.89178 3.2
    endloop
  endfacet
  facet normal 0 0 1
    outer loop
      vertex -0.0937805 -4.89178 3.2
      vertex -0.156784 -6.09177 3.2
      vertex 0.156784 -6.09177 3.2
    endloop
  endfacet
  facet normal 0 0 1
    outer loop
      vertex -0.0937805 -4.89178 3.2
      vertex -0.219498 -6.08849 3.2
      vertex -0.156784 -6.09177 3.2
    endloop
  endfacet
  facet normal 0 0 1
    outer loop
      vertex -0.283066 -6.07831 3.2
      vertex -0.0937805 -4.89178 3.2
      vertex -0.2771 -4.85281 3.2
    endloop
  endfacet
  facet normal 0 0 1
    outer loop
      vertex -0.0937805 -4.89178 3.2
      vertex -0.283066 -6.07831 3.2
      vertex -0.219498 -6.08849 3.2
    endloop
  endfacet
  facet normal 0 0 1
    outer loop
      vertex -0.219498 -6.08849 3.2
      vertex -0.283066 -6.07831 3.2
      vertex -0.281525 -6.07866 3.2
    endloop
  endfacet
  facet normal 0 0 1
    outer loop
      vertex -0.70755 -5.9747 3.2
      vertex -0.2771 -4.85281 3.2
      vertex -0.448425 -4.77652 3.2
    endloop
  endfacet
  facet normal 0 0 1
    outer loop
      vertex -0.2771 -4.85281 3.2
      vertex -0.587891 -6.01353 3.2
      vertex -0.283066 -6.07831 3.2
    endloop
  endfacet
  facet normal 0 0 1
    outer loop
      vertex -1.10266 -5.78442 3.2
      vertex -0.448425 -4.77652 3.2
      vertex -0.600037 -4.66637 3.2
    endloop
  endfacet
  facet normal 0 0 1
    outer loop
      vertex -0.2771 -4.85281 3.2
      vertex -0.70755 -5.9747 3.2
      vertex -0.587891 -6.01353 3.2
    endloop
  endfacet
  facet normal 0 0 1
    outer loop
      vertex -0.587891 -6.01353 3.2
      vertex -0.70755 -5.9747 3.2
      vertex -0.648926 -5.99721 3.2
    endloop
  endfacet
  facet normal 0 0 1
    outer loop
      vertex -1.44957 -5.51619 3.2
      vertex -0.600037 -4.66637 3.2
      vertex -0.725433 -4.52708 3.2
    endloop
  endfacet
  facet normal 0 0 1
    outer loop
      vertex -1.73312 -5.18166 3.2
      vertex -0.725433 -4.52708 3.2
      vertex -0.819168 -4.36473 3.2
    endloop
  endfacet
  facet normal 0 0 1
    outer loop
      vertex -1.94095 -4.7955 3.2
      vertex -0.819168 -4.36473 3.2
      vertex -0.877106 -4.18645 3.2
    endloop
  endfacet
  facet normal 0 0 1
    outer loop
      vertex -2.06392 -4.37457 3.2
      vertex -0.877106 -4.18645 3.2
      vertex -0.896713 -3.99992 3.2
    endloop
  endfacet
  facet normal 0 0 1
    outer loop
      vertex -0.448425 -4.77652 3.2
      vertex -0.994034 -5.84715 3.2
      vertex -0.70755 -5.9747 3.2
    endloop
  endfacet
  facet normal -0 0 1
    outer loop
      vertex -1.65939 -2.71686 3.2
      vertex -0.725449 -3.47293 3.2
      vertex -1.45117 -2.48563 3.2
    endloop
  endfacet
  facet normal 0 0 1
    outer loop
      vertex -1.10266 -2.21558 3.2
      vertex -0.994034 -2.15285 3.2
      vertex -1.04999 -2.18137 3.2
    endloop
  endfacet
  facet normal -0 0 1
    outer loop
      vertex -1.73312 -2.81834 3.2
      vertex -0.725449 -3.47293 3.2
      vertex -1.65939 -2.71686 3.2
    endloop
  endfacet
  facet normal 0 0 1
    outer loop
      vertex -0.448425 -4.77652 3.2
      vertex -1.10266 -5.78442 3.2
      vertex -0.994034 -5.84715 3.2
    endloop
  endfacet
  facet normal 0 0 1
    outer loop
      vertex -0.994034 -5.84715 3.2
      vertex -1.10266 -5.78442 3.2
      vertex -1.04999 -5.81863 3.2
    endloop
  endfacet
  facet normal 0 0 1
    outer loop
      vertex -0.725449 -3.47293 3.2
      vertex -1.73312 -2.81834 3.2
      vertex -0.819183 -3.63528 3.2
    endloop
  endfacet
  facet normal 0 0 1
    outer loop
      vertex -0.600037 -4.66637 3.2
      vertex -1.35635 -5.60011 3.2
      vertex -1.10266 -5.78442 3.2
    endloop
  endfacet
  facet normal 0 0 1
    outer loop
      vertex -1.45117 -2.48563 3.2
      vertex -1.35635 -2.39989 3.2
      vertex -1.40517 -2.43941 3.2
    endloop
  endfacet
  facet normal -0 0 1
    outer loop
      vertex -1.88992 -3.08992 3.2
      vertex -0.819183 -3.63528 3.2
      vertex -1.73312 -2.81834 3.2
    endloop
  endfacet
  facet normal 0 0 1
    outer loop
      vertex -1.45117 -2.48563 3.2
      vertex -1.40517 -2.43941 3.2
      vertex -1.44957 -2.48381 3.2
    endloop
  endfacet
  facet normal 0 0 1
    outer loop
      vertex -0.600037 -4.66637 3.2
      vertex -1.44957 -5.51619 3.2
      vertex -1.35635 -5.60011 3.2
    endloop
  endfacet
  facet normal 0 0 1
    outer loop
      vertex -1.35635 -5.60011 3.2
      vertex -1.44957 -5.51619 3.2
      vertex -1.40517 -5.56059 3.2
    endloop
  endfacet
  facet normal -0 0 1
    outer loop
      vertex -1.94095 -3.2045 3.2
      vertex -0.819183 -3.63528 3.2
      vertex -1.88992 -3.08992 3.2
    endloop
  endfacet
  facet normal 0 0 1
    outer loop
      vertex -0.725433 -4.52708 3.2
      vertex -1.65939 -5.28314 3.2
      vertex -1.44957 -5.51619 3.2
    endloop
  endfacet
  facet normal 0 0 1
    outer loop
      vertex -1.73312 -2.81834 3.2
      vertex -1.65939 -2.71686 3.2
      vertex -1.69891 -2.76567 3.2
    endloop
  endfacet
  facet normal 0 0 1
    outer loop
      vertex -0.819183 -3.63528 3.2
      vertex -1.94095 -3.2045 3.2
      vertex -0.877121 -3.81363 3.2
    endloop
  endfacet
  facet normal 0 0 1
    outer loop
      vertex -0.725433 -4.52708 3.2
      vertex -1.73312 -5.18166 3.2
      vertex -1.65939 -5.28314 3.2
    endloop
  endfacet
  facet normal 0 0 1
    outer loop
      vertex -1.65939 -5.28314 3.2
      vertex -1.73312 -5.18166 3.2
      vertex -1.69891 -5.23433 3.2
    endloop
  endfacet
  facet normal -0 0 1
    outer loop
      vertex -2.03784 -3.50273 3.2
      vertex -0.877121 -3.81363 3.2
      vertex -1.94095 -3.2045 3.2
    endloop
  endfacet
  facet normal 0 0 1
    outer loop
      vertex -0.819168 -4.36473 3.2
      vertex -1.88992 -4.91008 3.2
      vertex -1.73312 -5.18166 3.2
    endloop
  endfacet
  facet normal 0 0 1
    outer loop
      vertex -1.94095 -3.2045 3.2
      vertex -1.88992 -3.08992 3.2
      vertex -1.91844 -3.14587 3.2
    endloop
  endfacet
  facet normal -0 0 1
    outer loop
      vertex -2.06392 -3.62543 3.2
      vertex -0.877121 -3.81363 3.2
      vertex -2.03784 -3.50273 3.2
    endloop
  endfacet
  facet normal 0 0 1
    outer loop
      vertex -0.819168 -4.36473 3.2
      vertex -1.94095 -4.7955 3.2
      vertex -1.88992 -4.91008 3.2
    endloop
  endfacet
  facet normal 0 0 1
    outer loop
      vertex -1.88992 -4.91008 3.2
      vertex -1.94095 -4.7955 3.2
      vertex -1.91844 -4.85413 3.2
    endloop
  endfacet
  facet normal 0 0 1
    outer loop
      vertex -0.877121 -3.81363 3.2
      vertex -2.06392 -3.62543 3.2
      vertex -0.896713 -3.99992 3.2
    endloop
  endfacet
  facet normal 0 0 1
    outer loop
      vertex -0.877106 -4.18645 3.2
      vertex -2.03784 -4.49727 3.2
      vertex -1.94095 -4.7955 3.2
    endloop
  endfacet
  facet normal 0 0 1
    outer loop
      vertex -2.06392 -3.62543 3.2
      vertex -2.03784 -3.50273 3.2
      vertex -2.05409 -3.5634 3.2
    endloop
  endfacet
  facet normal -0 0 1
    outer loop
      vertex -2.09671 -3.93729 3.2
      vertex -0.896713 -3.99992 3.2
      vertex -2.06392 -3.62543 3.2
    endloop
  endfacet
  facet normal 0 0 1
    outer loop
      vertex -0.877106 -4.18645 3.2
      vertex -2.06392 -4.37457 3.2
      vertex -2.03784 -4.49727 3.2
    endloop
  endfacet
  facet normal 0 0 1
    outer loop
      vertex -2.03784 -4.49727 3.2
      vertex -2.06392 -4.37457 3.2
      vertex -2.05409 -4.4366 3.2
    endloop
  endfacet
  facet normal 0 0 1
    outer loop
      vertex -0.896713 -3.99992 3.2
      vertex -2.09636 -4.06584 3.2
      vertex -2.06392 -4.37457 3.2
    endloop
  endfacet
  facet normal 0 0 1
    outer loop
      vertex -0.896713 -3.99992 3.2
      vertex -2.09671 -3.93729 3.2
      vertex -2.09636 -4.06584 3.2
    endloop
  endfacet
  facet normal 0 0 1
    outer loop
      vertex -2.09671 -3.93729 3.2
      vertex -2.09671 -4.06271 3.2
      vertex -2.09636 -4.06584 3.2
    endloop
  endfacet
  facet normal 0 -0 1
    outer loop
      vertex -2.09671 -4.06271 3.2
      vertex -2.09671 -3.93729 3.2
      vertex -2.09999 -4 3.2
    endloop
  endfacet
  facet normal -0 0 1
    outer loop
      vertex -0.707581 -2.02531 3.2
      vertex -0.277115 -3.14719 3.2
      vertex -0.599991 -1.98969 3.2
    endloop
  endfacet
  facet normal 0 0 1
    outer loop
      vertex -0.277115 -3.14719 3.2
      vertex -0.707581 -2.02531 3.2
      vertex -0.448349 -3.22343 3.2
    endloop
  endfacet
  facet normal 0 0 1
    outer loop
      vertex -0.707581 -2.02531 3.2
      vertex -0.599991 -1.98969 3.2
      vertex -0.648926 -2.00279 3.2
    endloop
  endfacet
  facet normal -0 0 1
    outer loop
      vertex -0.994034 -2.15285 3.2
      vertex -0.448349 -3.22343 3.2
      vertex -0.707581 -2.02531 3.2
    endloop
  endfacet
  facet normal -0 0 1
    outer loop
      vertex -1.10266 -2.21558 3.2
      vertex -0.448349 -3.22343 3.2
      vertex -0.994034 -2.15285 3.2
    endloop
  endfacet
  facet normal 0 0 1
    outer loop
      vertex -0.448349 -3.22343 3.2
      vertex -1.10266 -2.21558 3.2
      vertex -0.599991 -3.3336 3.2
    endloop
  endfacet
  facet normal -0 0 1
    outer loop
      vertex -1.35635 -2.39989 3.2
      vertex -0.599991 -3.3336 3.2
      vertex -1.10266 -2.21558 3.2
    endloop
  endfacet
  facet normal -0 0 1
    outer loop
      vertex -1.45117 -2.48563 3.2
      vertex -0.599991 -3.3336 3.2
      vertex -1.35635 -2.39989 3.2
    endloop
  endfacet
  facet normal 0 0 1
    outer loop
      vertex -0.599991 -3.3336 3.2
      vertex -1.45117 -2.48563 3.2
      vertex -0.725449 -3.47293 3.2
    endloop
  endfacet
  facet normal 0.156526 -0.987674 0
    outer loop
      vertex 0.219498 -6.08849 2.5
      vertex 0.281525 -6.07866 3.2
      vertex 0.219498 -6.08849 3.2
    endloop
  endfacet
  facet normal 0.156526 -0.987674 0
    outer loop
      vertex 0.281525 -6.07866 3.2
      vertex 0.219498 -6.08849 2.5
      vertex 0.281525 -6.07866 2.5
    endloop
  endfacet
  facet normal 0.207994 -0.97813 0
    outer loop
      vertex 0.281525 -6.07866 2.5
      vertex 0.586212 -6.01387 3.2
      vertex 0.281525 -6.07866 3.2
    endloop
  endfacet
  facet normal 0.207994 -0.97813 0
    outer loop
      vertex 0.586212 -6.01387 3.2
      vertex 0.281525 -6.07866 2.5
      vertex 0.586212 -6.01387 2.5
    endloop
  endfacet
  facet normal 0.196577 -0.980488 0
    outer loop
      vertex 0.586212 -6.01387 2.5
      vertex 0.588257 -6.01346 3.2
      vertex 0.586212 -6.01387 3.2
    endloop
  endfacet
  facet normal 0.196577 -0.980488 0
    outer loop
      vertex 0.588257 -6.01346 3.2
      vertex 0.586212 -6.01387 2.5
      vertex 0.588257 -6.01346 2.5
    endloop
  endfacet
  facet normal 0.258727 -0.965951 0
    outer loop
      vertex 0.588257 -6.01346 2.5
      vertex 0.648926 -5.99721 3.2
      vertex 0.588257 -6.01346 3.2
    endloop
  endfacet
  facet normal 0.258727 -0.965951 0
    outer loop
      vertex 0.648926 -5.99721 3.2
      vertex 0.588257 -6.01346 2.5
      vertex 0.648926 -5.99721 2.5
    endloop
  endfacet
  facet normal 0.35843 -0.933557 0
    outer loop
      vertex 0.648926 -5.99721 2.5
      vertex 0.707581 -5.97469 3.2
      vertex 0.648926 -5.99721 3.2
    endloop
  endfacet
  facet normal 0.35843 -0.933557 0
    outer loop
      vertex 0.707581 -5.97469 3.2
      vertex 0.648926 -5.99721 2.5
      vertex 0.707581 -5.97469 2.5
    endloop
  endfacet
  facet normal 0.406744 -0.913542 0
    outer loop
      vertex 0.707581 -5.97469 2.5
      vertex 0.994034 -5.84715 3.2
      vertex 0.707581 -5.97469 3.2
    endloop
  endfacet
  facet normal 0.406744 -0.913542 0
    outer loop
      vertex 0.994034 -5.84715 3.2
      vertex 0.707581 -5.97469 2.5
      vertex 0.994034 -5.84715 2.5
    endloop
  endfacet
  facet normal 0.454104 -0.890949 0
    outer loop
      vertex 0.994034 -5.84715 2.5
      vertex 1.04999 -5.81863 3.2
      vertex 0.994034 -5.84715 3.2
    endloop
  endfacet
  facet normal 0.454104 -0.890949 0
    outer loop
      vertex 1.04999 -5.81863 3.2
      vertex 0.994034 -5.84715 2.5
      vertex 1.04999 -5.81863 2.5
    endloop
  endfacet
  facet normal 0.544703 -0.838629 0
    outer loop
      vertex 1.04999 -5.81863 2.5
      vertex 1.10266 -5.78442 3.2
      vertex 1.04999 -5.81863 3.2
    endloop
  endfacet
  facet normal 0.544703 -0.838629 0
    outer loop
      vertex 1.10266 -5.78442 3.2
      vertex 1.04999 -5.81863 2.5
      vertex 1.10266 -5.78442 2.5
    endloop
  endfacet
  facet normal 0.587772 -0.809027 0
    outer loop
      vertex 1.10266 -5.78442 2.5
      vertex 1.35635 -5.60011 3.2
      vertex 1.10266 -5.78442 3.2
    endloop
  endfacet
  facet normal 0.587772 -0.809027 0
    outer loop
      vertex 1.35635 -5.60011 3.2
      vertex 1.10266 -5.78442 2.5
      vertex 1.35635 -5.60011 2.5
    endloop
  endfacet
  facet normal 0.629189 -0.777252 0
    outer loop
      vertex 1.35635 -5.60011 2.5
      vertex 1.40517 -5.56059 3.2
      vertex 1.35635 -5.60011 3.2
    endloop
  endfacet
  facet normal 0.629189 -0.777252 0
    outer loop
      vertex 1.40517 -5.56059 3.2
      vertex 1.35635 -5.60011 2.5
      vertex 1.40517 -5.56059 2.5
    endloop
  endfacet
  facet normal 0.707107 -0.707107 0
    outer loop
      vertex 1.40517 -5.56059 3.2
      vertex 1.44957 -5.51619 2.5
      vertex 1.44957 -5.51619 3.2
    endloop
  endfacet
  facet normal 0.707107 -0.707107 0
    outer loop
      vertex 1.44957 -5.51619 2.5
      vertex 1.40517 -5.56059 3.2
      vertex 1.40517 -5.56059 2.5
    endloop
  endfacet
  facet normal 0.751041 -0.660256 0
    outer loop
      vertex 1.44957 -5.51619 3.2
      vertex 1.45117 -5.51437 2.5
      vertex 1.45117 -5.51437 3.2
    endloop
  endfacet
  facet normal 0.751041 -0.660256 0
    outer loop
      vertex 1.45117 -5.51437 2.5
      vertex 1.44957 -5.51619 3.2
      vertex 1.44957 -5.51619 2.5
    endloop
  endfacet
  facet normal 0.743114 -0.669165 0
    outer loop
      vertex 1.45117 -5.51437 3.2
      vertex 1.65939 -5.28314 2.5
      vertex 1.65939 -5.28314 3.2
    endloop
  endfacet
  facet normal 0.743114 -0.669165 0
    outer loop
      vertex 1.65939 -5.28314 2.5
      vertex 1.45117 -5.51437 3.2
      vertex 1.45117 -5.51437 2.5
    endloop
  endfacet
  facet normal 0.777189 -0.629267 0
    outer loop
      vertex 1.65939 -5.28314 3.2
      vertex 1.69891 -5.23433 2.5
      vertex 1.69891 -5.23433 3.2
    endloop
  endfacet
  facet normal 0.777189 -0.629267 0
    outer loop
      vertex 1.69891 -5.23433 2.5
      vertex 1.65939 -5.28314 3.2
      vertex 1.65939 -5.28314 2.5
    endloop
  endfacet
  facet normal 0.838629 -0.544703 0
    outer loop
      vertex 1.69891 -5.23433 3.2
      vertex 1.73312 -5.18166 2.5
      vertex 1.73312 -5.18166 3.2
    endloop
  endfacet
  facet normal 0.838629 -0.544703 0
    outer loop
      vertex 1.73312 -5.18166 2.5
      vertex 1.69891 -5.23433 3.2
      vertex 1.69891 -5.23433 2.5
    endloop
  endfacet
  facet normal 0.866021 -0.500008 0
    outer loop
      vertex 1.73312 -5.18166 3.2
      vertex 1.88992 -4.91008 2.5
      vertex 1.88992 -4.91008 3.2
    endloop
  endfacet
  facet normal 0.866021 -0.500008 0
    outer loop
      vertex 1.88992 -4.91008 2.5
      vertex 1.73312 -5.18166 3.2
      vertex 1.73312 -5.18166 2.5
    endloop
  endfacet
  facet normal 0.890929 -0.454143 0
    outer loop
      vertex 1.88992 -4.91008 3.2
      vertex 1.91844 -4.85413 2.5
      vertex 1.91844 -4.85413 3.2
    endloop
  endfacet
  facet normal 0.890929 -0.454143 0
    outer loop
      vertex 1.91844 -4.85413 2.5
      vertex 1.88992 -4.91008 3.2
      vertex 1.88992 -4.91008 2.5
    endloop
  endfacet
  facet normal 0.933559 -0.358424 0
    outer loop
      vertex 1.91844 -4.85413 3.2
      vertex 1.94095 -4.7955 2.5
      vertex 1.94095 -4.7955 3.2
    endloop
  endfacet
  facet normal 0.933559 -0.358424 0
    outer loop
      vertex 1.94095 -4.7955 2.5
      vertex 1.91844 -4.85413 3.2
      vertex 1.91844 -4.85413 2.5
    endloop
  endfacet
  facet normal 0.951067 -0.308986 0
    outer loop
      vertex 1.94095 -4.7955 3.2
      vertex 2.03784 -4.49727 2.5
      vertex 2.03784 -4.49727 3.2
    endloop
  endfacet
  facet normal 0.951067 -0.308986 0
    outer loop
      vertex 2.03784 -4.49727 2.5
      vertex 1.94095 -4.7955 3.2
      vertex 1.94095 -4.7955 2.5
    endloop
  endfacet
  facet normal 0.965952 -0.258723 0
    outer loop
      vertex 2.03784 -4.49727 3.2
      vertex 2.05409 -4.4366 2.5
      vertex 2.05409 -4.4366 3.2
    endloop
  endfacet
  facet normal 0.965952 -0.258723 0
    outer loop
      vertex 2.05409 -4.4366 2.5
      vertex 2.03784 -4.49727 3.2
      vertex 2.03784 -4.49727 2.5
    endloop
  endfacet
  facet normal 0.987675 -0.156519 0
    outer loop
      vertex 2.05409 -4.4366 3.2
      vertex 2.06392 -4.37457 2.5
      vertex 2.06392 -4.37457 3.2
    endloop
  endfacet
  facet normal 0.987675 -0.156519 0
    outer loop
      vertex 2.06392 -4.37457 2.5
      vertex 2.05409 -4.4366 3.2
      vertex 2.05409 -4.4366 2.5
    endloop
  endfacet
  facet normal 0.994518 -0.104567 0
    outer loop
      vertex 2.06392 -4.37457 3.2
      vertex 2.09671 -4.06271 2.5
      vertex 2.09671 -4.06271 3.2
    endloop
  endfacet
  facet normal 0.994518 -0.104567 0
    outer loop
      vertex 2.09671 -4.06271 2.5
      vertex 2.06392 -4.37457 3.2
      vertex 2.06392 -4.37457 2.5
    endloop
  endfacet
  facet normal 0.998635 -0.0522329 0
    outer loop
      vertex 2.09671 -4.06271 3.2
      vertex 2.09999 -4 2.5
      vertex 2.09999 -4 3.2
    endloop
  endfacet
  facet normal 0.998635 -0.0522329 0
    outer loop
      vertex 2.09999 -4 2.5
      vertex 2.09671 -4.06271 3.2
      vertex 2.09671 -4.06271 2.5
    endloop
  endfacet
  facet normal 0.998635 0.0522329 0
    outer loop
      vertex 2.09999 -4 3.2
      vertex 2.09671 -3.93729 2.5
      vertex 2.09671 -3.93729 3.2
    endloop
  endfacet
  facet normal 0.998635 0.0522329 0
    outer loop
      vertex 2.09671 -3.93729 2.5
      vertex 2.09999 -4 3.2
      vertex 2.09999 -4 2.5
    endloop
  endfacet
  facet normal 0.993806 0.111128 0
    outer loop
      vertex 2.09671 -3.93729 3.2
      vertex 2.09636 -3.93416 2.5
      vertex 2.09636 -3.93416 3.2
    endloop
  endfacet
  facet normal 0.993806 0.111128 0
    outer loop
      vertex 2.09636 -3.93416 2.5
      vertex 2.09671 -3.93729 3.2
      vertex 2.09671 -3.93729 2.5
    endloop
  endfacet
  facet normal 0.994525 0.1045 0
    outer loop
      vertex 2.09636 -3.93416 3.2
      vertex 2.06392 -3.62543 2.5
      vertex 2.06392 -3.62543 3.2
    endloop
  endfacet
  facet normal 0.994525 0.1045 0
    outer loop
      vertex 2.06392 -3.62543 2.5
      vertex 2.09636 -3.93416 3.2
      vertex 2.09636 -3.93416 2.5
    endloop
  endfacet
  facet normal 0.987675 0.156519 0
    outer loop
      vertex 2.06392 -3.62543 3.2
      vertex 2.05409 -3.5634 2.5
      vertex 2.05409 -3.5634 3.2
    endloop
  endfacet
  facet normal 0.987675 0.156519 0
    outer loop
      vertex 2.05409 -3.5634 2.5
      vertex 2.06392 -3.62543 3.2
      vertex 2.06392 -3.62543 2.5
    endloop
  endfacet
  facet normal 0.965952 0.258723 0
    outer loop
      vertex 2.05409 -3.5634 3.2
      vertex 2.03784 -3.50273 2.5
      vertex 2.03784 -3.50273 3.2
    endloop
  endfacet
  facet normal 0.965952 0.258723 0
    outer loop
      vertex 2.03784 -3.50273 2.5
      vertex 2.05409 -3.5634 3.2
      vertex 2.05409 -3.5634 2.5
    endloop
  endfacet
  facet normal 0.951067 0.308986 0
    outer loop
      vertex 2.03784 -3.50273 3.2
      vertex 1.94095 -3.2045 2.5
      vertex 1.94095 -3.2045 3.2
    endloop
  endfacet
  facet normal 0.951067 0.308986 0
    outer loop
      vertex 1.94095 -3.2045 2.5
      vertex 2.03784 -3.50273 3.2
      vertex 2.03784 -3.50273 2.5
    endloop
  endfacet
  facet normal 0.933559 0.358424 0
    outer loop
      vertex 1.94095 -3.2045 3.2
      vertex 1.91844 -3.14587 2.5
      vertex 1.91844 -3.14587 3.2
    endloop
  endfacet
  facet normal 0.933559 0.358424 0
    outer loop
      vertex 1.91844 -3.14587 2.5
      vertex 1.94095 -3.2045 3.2
      vertex 1.94095 -3.2045 2.5
    endloop
  endfacet
  facet normal 0.89093 0.45414 0
    outer loop
      vertex 1.91844 -3.14587 3.2
      vertex 1.88991 -3.0899 2.5
      vertex 1.88991 -3.0899 3.2
    endloop
  endfacet
  facet normal 0.89093 0.45414 0
    outer loop
      vertex 1.88991 -3.0899 2.5
      vertex 1.91844 -3.14587 3.2
      vertex 1.91844 -3.14587 2.5
    endloop
  endfacet
  facet normal 0.866019 0.500011 0
    outer loop
      vertex 1.88991 -3.0899 3.2
      vertex 1.73312 -2.81834 2.5
      vertex 1.73312 -2.81834 3.2
    endloop
  endfacet
  facet normal 0.866019 0.500011 0
    outer loop
      vertex 1.73312 -2.81834 2.5
      vertex 1.88991 -3.0899 3.2
      vertex 1.88991 -3.0899 2.5
    endloop
  endfacet
  facet normal 0.838629 0.544703 0
    outer loop
      vertex 1.73312 -2.81834 3.2
      vertex 1.69891 -2.76567 2.5
      vertex 1.69891 -2.76567 3.2
    endloop
  endfacet
  facet normal 0.838629 0.544703 0
    outer loop
      vertex 1.69891 -2.76567 2.5
      vertex 1.73312 -2.81834 3.2
      vertex 1.73312 -2.81834 2.5
    endloop
  endfacet
  facet normal 0.777189 0.629267 0
    outer loop
      vertex 1.69891 -2.76567 3.2
      vertex 1.65939 -2.71686 2.5
      vertex 1.65939 -2.71686 3.2
    endloop
  endfacet
  facet normal 0.777189 0.629267 0
    outer loop
      vertex 1.65939 -2.71686 2.5
      vertex 1.69891 -2.76567 3.2
      vertex 1.69891 -2.76567 2.5
    endloop
  endfacet
  facet normal 0.743175 0.669097 0
    outer loop
      vertex 1.65939 -2.71686 3.2
      vertex 1.44957 -2.48381 2.5
      vertex 1.44957 -2.48381 3.2
    endloop
  endfacet
  facet normal 0.743175 0.669097 0
    outer loop
      vertex 1.44957 -2.48381 2.5
      vertex 1.65939 -2.71686 3.2
      vertex 1.65939 -2.71686 2.5
    endloop
  endfacet
  facet normal 0.707107 0.707107 0
    outer loop
      vertex 1.44957 -2.48381 3.2
      vertex 1.40517 -2.43941 2.5
      vertex 1.40517 -2.43941 3.2
    endloop
  endfacet
  facet normal 0.707107 0.707107 0
    outer loop
      vertex 1.40517 -2.43941 2.5
      vertex 1.44957 -2.48381 3.2
      vertex 1.44957 -2.48381 2.5
    endloop
  endfacet
  facet normal 0.629189 0.777252 -0
    outer loop
      vertex 1.40517 -2.43941 2.5
      vertex 1.35635 -2.39989 3.2
      vertex 1.40517 -2.43941 3.2
    endloop
  endfacet
  facet normal 0.629189 0.777252 0
    outer loop
      vertex 1.35635 -2.39989 3.2
      vertex 1.40517 -2.43941 2.5
      vertex 1.35635 -2.39989 2.5
    endloop
  endfacet
  facet normal 0.587772 0.809027 -0
    outer loop
      vertex 1.35635 -2.39989 2.5
      vertex 1.10266 -2.21558 3.2
      vertex 1.35635 -2.39989 3.2
    endloop
  endfacet
  facet normal 0.587772 0.809027 0
    outer loop
      vertex 1.10266 -2.21558 3.2
      vertex 1.35635 -2.39989 2.5
      vertex 1.10266 -2.21558 2.5
    endloop
  endfacet
  facet normal 0.544703 0.838629 -0
    outer loop
      vertex 1.10266 -2.21558 2.5
      vertex 1.04999 -2.18137 3.2
      vertex 1.10266 -2.21558 3.2
    endloop
  endfacet
  facet normal 0.544703 0.838629 0
    outer loop
      vertex 1.04999 -2.18137 3.2
      vertex 1.10266 -2.21558 2.5
      vertex 1.04999 -2.18137 2.5
    endloop
  endfacet
  facet normal 0.454104 0.890949 -0
    outer loop
      vertex 1.04999 -2.18137 2.5
      vertex 0.994034 -2.15285 3.2
      vertex 1.04999 -2.18137 3.2
    endloop
  endfacet
  facet normal 0.454104 0.890949 0
    outer loop
      vertex 0.994034 -2.15285 3.2
      vertex 1.04999 -2.18137 2.5
      vertex 0.994034 -2.15285 2.5
    endloop
  endfacet
  facet normal 0.406734 0.913547 -0
    outer loop
      vertex 0.994034 -2.15285 2.5
      vertex 0.70755 -2.0253 3.2
      vertex 0.994034 -2.15285 3.2
    endloop
  endfacet
  facet normal 0.406734 0.913547 0
    outer loop
      vertex 0.70755 -2.0253 3.2
      vertex 0.994034 -2.15285 2.5
      vertex 0.70755 -2.0253 2.5
    endloop
  endfacet
  facet normal 0.358456 0.933547 -0
    outer loop
      vertex 0.70755 -2.0253 2.5
      vertex 0.648926 -2.00279 3.2
      vertex 0.70755 -2.0253 3.2
    endloop
  endfacet
  facet normal 0.358456 0.933547 0
    outer loop
      vertex 0.648926 -2.00279 3.2
      vertex 0.70755 -2.0253 2.5
      vertex 0.648926 -2.00279 2.5
    endloop
  endfacet
  facet normal 0.258412 0.966035 -0
    outer loop
      vertex 0.648926 -2.00279 2.5
      vertex 0.599991 -1.9897 3.2
      vertex 0.648926 -2.00279 3.2
    endloop
  endfacet
  facet normal 0.258412 0.966035 0
    outer loop
      vertex 0.599991 -1.9897 3.2
      vertex 0.648926 -2.00279 2.5
      vertex 0.599991 -1.9897 2.5
    endloop
  endfacet
  facet normal 1 -0 0
    outer loop
      vertex 0.599991 -1.9897 3.2
      vertex 0.599991 3.5515 2.5
      vertex 0.599991 3.5515 3.2
    endloop
  endfacet
  facet normal 1 0 0
    outer loop
      vertex 0.599991 3.5515 2.5
      vertex 0.599991 -1.9897 3.2
      vertex 0.599991 -1.9897 2.5
    endloop
  endfacet
  facet normal -0.707109 -0.707104 0
    outer loop
      vertex 2.07574 2.07574 2.5
      vertex 0.599991 3.5515 3.2
      vertex 0.599991 3.5515 2.5
    endloop
  endfacet
  facet normal -0.707109 -0.707104 0
    outer loop
      vertex 0.599991 3.5515 3.2
      vertex 2.07574 2.07574 2.5
      vertex 2.07574 2.07574 3.2
    endloop
  endfacet
  facet normal -0.629283 -0.777176 0
    outer loop
      vertex 2.07574 2.07574 2.5
      vertex 2.17322 1.99681 3.2
      vertex 2.07574 2.07574 3.2
    endloop
  endfacet
  facet normal -0.629283 -0.777176 -0
    outer loop
      vertex 2.17322 1.99681 3.2
      vertex 2.07574 2.07574 2.5
      vertex 2.17322 1.99681 2.5
    endloop
  endfacet
  facet normal -0.453929 -0.891038 0
    outer loop
      vertex 2.17322 1.99681 2.5
      vertex 2.28499 1.93987 3.2
      vertex 2.17322 1.99681 3.2
    endloop
  endfacet
  facet normal -0.453929 -0.891038 -0
    outer loop
      vertex 2.28499 1.93987 3.2
      vertex 2.17322 1.99681 2.5
      vertex 2.28499 1.93987 2.5
    endloop
  endfacet
  facet normal -0.258953 -0.96589 0
    outer loop
      vertex 2.28499 1.93987 2.5
      vertex 2.40614 1.90739 3.2
      vertex 2.28499 1.93987 3.2
    endloop
  endfacet
  facet normal -0.258953 -0.96589 -0
    outer loop
      vertex 2.40614 1.90739 3.2
      vertex 2.28499 1.93987 2.5
      vertex 2.40614 1.90739 2.5
    endloop
  endfacet
  facet normal -0.0523036 -0.998631 0
    outer loop
      vertex 2.40614 1.90739 2.5
      vertex 2.53139 1.90083 3.2
      vertex 2.40614 1.90739 3.2
    endloop
  endfacet
  facet normal -0.0523036 -0.998631 -0
    outer loop
      vertex 2.53139 1.90083 3.2
      vertex 2.40614 1.90739 2.5
      vertex 2.53139 1.90083 2.5
    endloop
  endfacet
  facet normal 0.156482 -0.987681 0
    outer loop
      vertex 2.53139 1.90083 2.5
      vertex 2.65529 1.92046 3.2
      vertex 2.53139 1.90083 3.2
    endloop
  endfacet
  facet normal 0.156482 -0.987681 0
    outer loop
      vertex 2.65529 1.92046 3.2
      vertex 2.53139 1.90083 2.5
      vertex 2.65529 1.92046 2.5
    endloop
  endfacet
  facet normal 0.358391 -0.933571 0
    outer loop
      vertex 2.65529 1.92046 2.5
      vertex 2.77238 1.96541 3.2
      vertex 2.65529 1.92046 3.2
    endloop
  endfacet
  facet normal 0.358391 -0.933571 0
    outer loop
      vertex 2.77238 1.96541 3.2
      vertex 2.65529 1.92046 2.5
      vertex 2.77238 1.96541 2.5
    endloop
  endfacet
  facet normal 0.544596 -0.838699 0
    outer loop
      vertex 2.77238 1.96541 2.5
      vertex 2.87758 2.03372 3.2
      vertex 2.77238 1.96541 3.2
    endloop
  endfacet
  facet normal 0.544596 -0.838699 0
    outer loop
      vertex 2.87758 2.03372 3.2
      vertex 2.77238 1.96541 2.5
      vertex 2.87758 2.03372 2.5
    endloop
  endfacet
  facet normal 0.707107 -0.707107 0
    outer loop
      vertex 2.87758 2.03372 3.2
      vertex 2.96628 2.12242 2.5
      vertex 2.96628 2.12242 3.2
    endloop
  endfacet
  facet normal 0.707107 -0.707107 0
    outer loop
      vertex 2.96628 2.12242 2.5
      vertex 2.87758 2.03372 3.2
      vertex 2.87758 2.03372 2.5
    endloop
  endfacet
  facet normal 0.838699 -0.544596 0
    outer loop
      vertex 2.96628 2.12242 3.2
      vertex 3.03459 2.22762 2.5
      vertex 3.03459 2.22762 3.2
    endloop
  endfacet
  facet normal 0.838699 -0.544596 0
    outer loop
      vertex 3.03459 2.22762 2.5
      vertex 2.96628 2.12242 3.2
      vertex 2.96628 2.12242 2.5
    endloop
  endfacet
  facet normal 0.933571 -0.358391 0
    outer loop
      vertex 3.03459 2.22762 3.2
      vertex 3.07954 2.34471 2.5
      vertex 3.07954 2.34471 3.2
    endloop
  endfacet
  facet normal 0.933571 -0.358391 0
    outer loop
      vertex 3.07954 2.34471 2.5
      vertex 3.03459 2.22762 3.2
      vertex 3.03459 2.22762 2.5
    endloop
  endfacet
  facet normal 0.987681 -0.156482 0
    outer loop
      vertex 3.07954 2.34471 3.2
      vertex 3.09917 2.46861 2.5
      vertex 3.09917 2.46861 3.2
    endloop
  endfacet
  facet normal 0.987681 -0.156482 0
    outer loop
      vertex 3.09917 2.46861 2.5
      vertex 3.07954 2.34471 3.2
      vertex 3.07954 2.34471 2.5
    endloop
  endfacet
  facet normal 0.998631 0.0523036 0
    outer loop
      vertex 3.09917 2.46861 3.2
      vertex 3.09261 2.59386 2.5
      vertex 3.09261 2.59386 3.2
    endloop
  endfacet
  facet normal 0.998631 0.0523036 0
    outer loop
      vertex 3.09261 2.59386 2.5
      vertex 3.09917 2.46861 3.2
      vertex 3.09917 2.46861 2.5
    endloop
  endfacet
  facet normal 0.96589 0.258953 0
    outer loop
      vertex 3.09261 2.59386 3.2
      vertex 3.06013 2.71501 2.5
      vertex 3.06013 2.71501 3.2
    endloop
  endfacet
  facet normal 0.96589 0.258953 0
    outer loop
      vertex 3.06013 2.71501 2.5
      vertex 3.09261 2.59386 3.2
      vertex 3.09261 2.59386 2.5
    endloop
  endfacet
  facet normal 0.891038 0.453929 0
    outer loop
      vertex 3.06013 2.71501 3.2
      vertex 3.00319 2.82678 2.5
      vertex 3.00319 2.82678 3.2
    endloop
  endfacet
  facet normal 0.891038 0.453929 0
    outer loop
      vertex 3.00319 2.82678 2.5
      vertex 3.06013 2.71501 3.2
      vertex 3.06013 2.71501 2.5
    endloop
  endfacet
  facet normal 0.77713 0.62934 0
    outer loop
      vertex 3.00319 2.82678 3.2
      vertex 2.92424 2.92427 2.5
      vertex 2.92424 2.92427 3.2
    endloop
  endfacet
  facet normal 0.77713 0.62934 0
    outer loop
      vertex 2.92424 2.92427 2.5
      vertex 3.00319 2.82678 3.2
      vertex 3.00319 2.82678 2.5
    endloop
  endfacet
  facet normal 0.707107 0.707106 0
    outer loop
      vertex 2.92424 2.92427 3.2
      vertex 0.424255 5.42426 2.5
      vertex 0.424255 5.42426 3.2
    endloop
  endfacet
  facet normal 0.707107 0.707106 0
    outer loop
      vertex 0.424255 5.42426 2.5
      vertex 2.92424 2.92427 3.2
      vertex 2.92424 2.92427 2.5
    endloop
  endfacet
  facet normal 0.627461 0.778648 -0
    outer loop
      vertex 0.424255 5.42426 2.5
      vertex 0.324371 5.50475 3.2
      vertex 0.424255 5.42426 3.2
    endloop
  endfacet
  facet normal 0.627461 0.778648 0
    outer loop
      vertex 0.324371 5.50475 3.2
      vertex 0.424255 5.42426 2.5
      vertex 0.324371 5.50475 2.5
    endloop
  endfacet
  facet normal 0.446321 0.894873 -0
    outer loop
      vertex 0.324371 5.50475 2.5
      vertex 0.321564 5.50615 3.2
      vertex 0.324371 5.50475 3.2
    endloop
  endfacet
  facet normal 0.446321 0.894873 0
    outer loop
      vertex 0.321564 5.50615 3.2
      vertex 0.324371 5.50475 2.5
      vertex 0.321564 5.50615 2.5
    endloop
  endfacet
  facet normal 0.624695 0.780869 -0
    outer loop
      vertex 0.321564 5.50615 2.5
      vertex 0.319214 5.50803 3.2
      vertex 0.321564 5.50615 3.2
    endloop
  endfacet
  facet normal 0.624695 0.780869 0
    outer loop
      vertex 0.319214 5.50803 3.2
      vertex 0.321564 5.50615 2.5
      vertex 0.319214 5.50803 2.5
    endloop
  endfacet
  facet normal 0.43392 0.900951 -0
    outer loop
      vertex 0.319214 5.50803 2.5
      vertex 0.282318 5.5258 3.2
      vertex 0.319214 5.50803 3.2
    endloop
  endfacet
  facet normal 0.43392 0.900951 0
    outer loop
      vertex 0.282318 5.5258 3.2
      vertex 0.319214 5.50803 2.5
      vertex 0.282318 5.5258 2.5
    endloop
  endfacet
  facet normal 0.447573 0.894247 -0
    outer loop
      vertex 0.282318 5.5258 2.5
      vertex 0.209671 5.56216 3.2
      vertex 0.282318 5.5258 3.2
    endloop
  endfacet
  facet normal 0.447573 0.894247 0
    outer loop
      vertex 0.209671 5.56216 3.2
      vertex 0.282318 5.5258 2.5
      vertex 0.209671 5.56216 2.5
    endloop
  endfacet
  facet normal 0.248797 0.968556 -0
    outer loop
      vertex 0.209671 5.56216 2.5
      vertex 0.203598 5.56372 3.2
      vertex 0.209671 5.56216 3.2
    endloop
  endfacet
  facet normal 0.248797 0.968556 0
    outer loop
      vertex 0.203598 5.56372 3.2
      vertex 0.209671 5.56216 2.5
      vertex 0.203598 5.56372 2.5
    endloop
  endfacet
  facet normal 0.433087 0.901352 -0
    outer loop
      vertex 0.203598 5.56372 2.5
      vertex 0.198166 5.56633 3.2
      vertex 0.203598 5.56372 3.2
    endloop
  endfacet
  facet normal 0.433087 0.901352 0
    outer loop
      vertex 0.198166 5.56633 3.2
      vertex 0.203598 5.56372 2.5
      vertex 0.198166 5.56633 2.5
    endloop
  endfacet
  facet normal 0.222428 0.974949 -0
    outer loop
      vertex 0.198166 5.56633 2.5
      vertex 0.152756 5.57669 3.2
      vertex 0.198166 5.56633 3.2
    endloop
  endfacet
  facet normal 0.222428 0.974949 0
    outer loop
      vertex 0.152756 5.57669 3.2
      vertex 0.198166 5.56633 2.5
      vertex 0.152756 5.57669 2.5
    endloop
  endfacet
  facet normal 0.247379 0.968919 -0
    outer loop
      vertex 0.152756 5.57669 2.5
      vertex 0.0853882 5.59389 3.2
      vertex 0.152756 5.57669 3.2
    endloop
  endfacet
  facet normal 0.247379 0.968919 0
    outer loop
      vertex 0.0853882 5.59389 3.2
      vertex 0.152756 5.57669 2.5
      vertex 0.0853882 5.59389 2.5
    endloop
  endfacet
  facet normal 0.0348048 0.999394 -0
    outer loop
      vertex 0.0853882 5.59389 2.5
      vertex 0.0759125 5.59422 3.2
      vertex 0.0853882 5.59389 3.2
    endloop
  endfacet
  facet normal 0.0348048 0.999394 0
    outer loop
      vertex 0.0759125 5.59422 3.2
      vertex 0.0853882 5.59389 2.5
      vertex 0.0759125 5.59422 2.5
    endloop
  endfacet
  facet normal 0.222987 0.974821 -0
    outer loop
      vertex 0.0759125 5.59422 2.5
      vertex 0.0671692 5.59622 3.2
      vertex 0.0759125 5.59422 3.2
    endloop
  endfacet
  facet normal 0.222987 0.974821 0
    outer loop
      vertex 0.0671692 5.59622 3.2
      vertex 0.0759125 5.59422 2.5
      vertex 0.0671692 5.59622 2.5
    endloop
  endfacet
  facet normal 0 1 -0
    outer loop
      vertex 0.0671692 5.59622 2.5
      vertex 0.0200043 5.59622 3.2
      vertex 0.0671692 5.59622 3.2
    endloop
  endfacet
  facet normal 0 1 0
    outer loop
      vertex 0.0200043 5.59622 3.2
      vertex 0.0671692 5.59622 2.5
      vertex 0.0200043 5.59622 2.5
    endloop
  endfacet
  facet normal 0.0356432 0.999365 -0
    outer loop
      vertex 0.0200043 5.59622 2.5
      vertex -0.0428009 5.59846 3.2
      vertex 0.0200043 5.59622 3.2
    endloop
  endfacet
  facet normal 0.0356432 0.999365 0
    outer loop
      vertex -0.0428009 5.59846 3.2
      vertex 0.0200043 5.59622 2.5
      vertex -0.0428009 5.59846 2.5
    endloop
  endfacet
  facet normal -0.177271 0.984162 0
    outer loop
      vertex -0.0428009 5.59846 2.5
      vertex -0.0552368 5.59622 3.2
      vertex -0.0428009 5.59846 3.2
    endloop
  endfacet
  facet normal -0.177271 0.984162 0
    outer loop
      vertex -0.0552368 5.59622 3.2
      vertex -0.0428009 5.59846 2.5
      vertex -0.0552368 5.59622 2.5
    endloop
  endfacet
  facet normal 0 1 -0
    outer loop
      vertex -0.0552368 5.59622 2.5
      vertex -0.0671692 5.59622 3.2
      vertex -0.0552368 5.59622 3.2
    endloop
  endfacet
  facet normal 0 1 0
    outer loop
      vertex -0.0671692 5.59622 3.2
      vertex -0.0552368 5.59622 2.5
      vertex -0.0671692 5.59622 2.5
    endloop
  endfacet
  facet normal -0.222411 0.974953 0
    outer loop
      vertex -0.0671692 5.59622 2.5
      vertex -0.11232 5.58592 3.2
      vertex -0.0671692 5.59622 3.2
    endloop
  endfacet
  facet normal -0.222411 0.974953 0
    outer loop
      vertex -0.11232 5.58592 3.2
      vertex -0.0671692 5.59622 2.5
      vertex -0.11232 5.58592 2.5
    endloop
  endfacet
  facet normal -0.177673 0.98409 0
    outer loop
      vertex -0.11232 5.58592 2.5
      vertex -0.169037 5.57568 3.2
      vertex -0.11232 5.58592 3.2
    endloop
  endfacet
  facet normal -0.177673 0.98409 0
    outer loop
      vertex -0.169037 5.57568 3.2
      vertex -0.11232 5.58592 2.5
      vertex -0.169037 5.57568 2.5
    endloop
  endfacet
  facet normal -0.382516 0.923949 0
    outer loop
      vertex -0.169037 5.57568 2.5
      vertex -0.183578 5.56966 3.2
      vertex -0.169037 5.57568 3.2
    endloop
  endfacet
  facet normal -0.382516 0.923949 0
    outer loop
      vertex -0.183578 5.56966 3.2
      vertex -0.169037 5.57568 2.5
      vertex -0.183578 5.56966 2.5
    endloop
  endfacet
  facet normal -0.222545 0.974922 0
    outer loop
      vertex -0.183578 5.56966 2.5
      vertex -0.198166 5.56633 3.2
      vertex -0.183578 5.56966 3.2
    endloop
  endfacet
  facet normal -0.222545 0.974922 0
    outer loop
      vertex -0.198166 5.56633 3.2
      vertex -0.183578 5.56966 2.5
      vertex -0.198166 5.56633 2.5
    endloop
  endfacet
  facet normal -0.433936 0.900944 0
    outer loop
      vertex -0.198166 5.56633 2.5
      vertex -0.238403 5.54695 3.2
      vertex -0.198166 5.56633 3.2
    endloop
  endfacet
  facet normal -0.433936 0.900944 0
    outer loop
      vertex -0.238403 5.54695 3.2
      vertex -0.198166 5.56633 2.5
      vertex -0.238403 5.54695 2.5
    endloop
  endfacet
  facet normal -0.382652 0.923893 0
    outer loop
      vertex -0.238403 5.54695 2.5
      vertex -0.287537 5.5266 3.2
      vertex -0.238403 5.54695 3.2
    endloop
  endfacet
  facet normal -0.382652 0.923893 0
    outer loop
      vertex -0.287537 5.5266 3.2
      vertex -0.238403 5.54695 2.5
      vertex -0.287537 5.5266 2.5
    endloop
  endfacet
  facet normal -0.57044 0.821339 0
    outer loop
      vertex -0.287537 5.5266 2.5
      vertex -0.303116 5.51578 3.2
      vertex -0.287537 5.5266 3.2
    endloop
  endfacet
  facet normal -0.57044 0.821339 0
    outer loop
      vertex -0.303116 5.51578 3.2
      vertex -0.287537 5.5266 2.5
      vertex -0.303116 5.51578 2.5
    endloop
  endfacet
  facet normal -0.433775 0.901021 0
    outer loop
      vertex -0.303116 5.51578 2.5
      vertex -0.319214 5.50803 3.2
      vertex -0.303116 5.51578 3.2
    endloop
  endfacet
  facet normal -0.433775 0.901021 0
    outer loop
      vertex -0.319214 5.50803 3.2
      vertex -0.303116 5.51578 2.5
      vertex -0.319214 5.50803 2.5
    endloop
  endfacet
  facet normal -0.623588 0.781753 0
    outer loop
      vertex -0.319214 5.50803 2.5
      vertex -0.35231 5.48163 3.2
      vertex -0.319214 5.50803 3.2
    endloop
  endfacet
  facet normal -0.623588 0.781753 0
    outer loop
      vertex -0.35231 5.48163 3.2
      vertex -0.319214 5.50803 2.5
      vertex -0.35231 5.48163 2.5
    endloop
  endfacet
  facet normal -0.570161 0.821533 0
    outer loop
      vertex -0.35231 5.48163 2.5
      vertex -0.392914 5.45345 3.2
      vertex -0.35231 5.48163 3.2
    endloop
  endfacet
  facet normal -0.570161 0.821533 0
    outer loop
      vertex -0.392914 5.45345 3.2
      vertex -0.35231 5.48163 2.5
      vertex -0.392914 5.45345 2.5
    endloop
  endfacet
  facet normal -0.731884 0.681429 0
    outer loop
      vertex -0.408081 5.43716 2.5
      vertex -0.392914 5.45345 3.2
      vertex -0.392914 5.45345 2.5
    endloop
  endfacet
  facet normal -0.731884 0.681429 0
    outer loop
      vertex -0.392914 5.45345 3.2
      vertex -0.408081 5.43716 2.5
      vertex -0.408081 5.43716 3.2
    endloop
  endfacet
  facet normal -0.623539 0.781792 0
    outer loop
      vertex -0.408081 5.43716 2.5
      vertex -0.424255 5.42426 3.2
      vertex -0.408081 5.43716 3.2
    endloop
  endfacet
  facet normal -0.623539 0.781792 0
    outer loop
      vertex -0.424255 5.42426 3.2
      vertex -0.408081 5.43716 2.5
      vertex -0.424255 5.42426 2.5
    endloop
  endfacet
  facet normal -0.707106 0.707107 0
    outer loop
      vertex -2.92426 2.92426 2.5
      vertex -0.424255 5.42426 3.2
      vertex -0.424255 5.42426 2.5
    endloop
  endfacet
  facet normal -0.707106 0.707107 0
    outer loop
      vertex -0.424255 5.42426 3.2
      vertex -2.92426 2.92426 2.5
      vertex -2.92426 2.92426 3.2
    endloop
  endfacet
  facet normal -0.777176 0.629283 0
    outer loop
      vertex -3.00319 2.82678 2.5
      vertex -2.92426 2.92426 3.2
      vertex -2.92426 2.92426 2.5
    endloop
  endfacet
  facet normal -0.777176 0.629283 0
    outer loop
      vertex -2.92426 2.92426 3.2
      vertex -3.00319 2.82678 2.5
      vertex -3.00319 2.82678 3.2
    endloop
  endfacet
  facet normal -0.891038 0.453929 0
    outer loop
      vertex -3.06013 2.71501 2.5
      vertex -3.00319 2.82678 3.2
      vertex -3.00319 2.82678 2.5
    endloop
  endfacet
  facet normal -0.891038 0.453929 0
    outer loop
      vertex -3.00319 2.82678 3.2
      vertex -3.06013 2.71501 2.5
      vertex -3.06013 2.71501 3.2
    endloop
  endfacet
  facet normal -0.96593 0.258804 0
    outer loop
      vertex -3.09259 2.59386 2.5
      vertex -3.06013 2.71501 3.2
      vertex -3.06013 2.71501 2.5
    endloop
  endfacet
  facet normal -0.96593 0.258804 0
    outer loop
      vertex -3.06013 2.71501 3.2
      vertex -3.09259 2.59386 2.5
      vertex -3.09259 2.59386 3.2
    endloop
  endfacet
  facet normal -0.998623 0.0524584 0
    outer loop
      vertex -3.09917 2.4686 2.5
      vertex -3.09259 2.59386 3.2
      vertex -3.09259 2.59386 2.5
    endloop
  endfacet
  facet normal -0.998623 0.0524584 0
    outer loop
      vertex -3.09259 2.59386 3.2
      vertex -3.09917 2.4686 2.5
      vertex -3.09917 2.4686 3.2
    endloop
  endfacet
  facet normal -0.987668 -0.15656 0
    outer loop
      vertex -3.07953 2.3447 2.5
      vertex -3.09917 2.4686 3.2
      vertex -3.09917 2.4686 2.5
    endloop
  endfacet
  facet normal -0.987668 -0.15656 0
    outer loop
      vertex -3.09917 2.4686 3.2
      vertex -3.07953 2.3447 2.5
      vertex -3.07953 2.3447 3.2
    endloop
  endfacet
  facet normal -0.933608 -0.358295 0
    outer loop
      vertex -3.03459 2.2276 2.5
      vertex -3.07953 2.3447 3.2
      vertex -3.07953 2.3447 2.5
    endloop
  endfacet
  facet normal -0.933608 -0.358295 0
    outer loop
      vertex -3.07953 2.3447 3.2
      vertex -3.03459 2.2276 2.5
      vertex -3.03459 2.2276 3.2
    endloop
  endfacet
  facet normal -0.838675 -0.544632 0
    outer loop
      vertex -2.96628 2.12241 2.5
      vertex -3.03459 2.2276 3.2
      vertex -3.03459 2.2276 2.5
    endloop
  endfacet
  facet normal -0.838675 -0.544632 0
    outer loop
      vertex -3.03459 2.2276 3.2
      vertex -2.96628 2.12241 2.5
      vertex -2.96628 2.12241 3.2
    endloop
  endfacet
  facet normal -0.707107 -0.707107 0
    outer loop
      vertex -2.87758 2.03371 2.5
      vertex -2.96628 2.12241 3.2
      vertex -2.96628 2.12241 2.5
    endloop
  endfacet
  facet normal -0.707107 -0.707107 0
    outer loop
      vertex -2.96628 2.12241 3.2
      vertex -2.87758 2.03371 2.5
      vertex -2.87758 2.03371 3.2
    endloop
  endfacet
  facet normal -0.544652 -0.838662 0
    outer loop
      vertex -2.87758 2.03371 2.5
      vertex -2.77238 1.96539 3.2
      vertex -2.87758 2.03371 3.2
    endloop
  endfacet
  facet normal -0.544652 -0.838662 -0
    outer loop
      vertex -2.77238 1.96539 3.2
      vertex -2.87758 2.03371 2.5
      vertex -2.77238 1.96539 2.5
    endloop
  endfacet
  facet normal -0.358252 -0.933625 0
    outer loop
      vertex -2.77238 1.96539 2.5
      vertex -2.65529 1.92046 3.2
      vertex -2.77238 1.96539 3.2
    endloop
  endfacet
  facet normal -0.358252 -0.933625 -0
    outer loop
      vertex -2.65529 1.92046 3.2
      vertex -2.77238 1.96539 2.5
      vertex -2.65529 1.92046 2.5
    endloop
  endfacet
  facet normal -0.15656 -0.987668 0
    outer loop
      vertex -2.65529 1.92046 2.5
      vertex -2.53139 1.90082 3.2
      vertex -2.65529 1.92046 3.2
    endloop
  endfacet
  facet normal -0.15656 -0.987668 -0
    outer loop
      vertex -2.53139 1.90082 3.2
      vertex -2.65529 1.92046 2.5
      vertex -2.53139 1.90082 2.5
    endloop
  endfacet
  facet normal 0.0523789 -0.998627 0
    outer loop
      vertex -2.53139 1.90082 2.5
      vertex -2.40613 1.90739 3.2
      vertex -2.53139 1.90082 3.2
    endloop
  endfacet
  facet normal 0.0523789 -0.998627 0
    outer loop
      vertex -2.40613 1.90739 3.2
      vertex -2.53139 1.90082 2.5
      vertex -2.40613 1.90739 2.5
    endloop
  endfacet
  facet normal 0.258784 -0.965935 0
    outer loop
      vertex -2.40613 1.90739 2.5
      vertex -2.28497 1.93985 3.2
      vertex -2.40613 1.90739 3.2
    endloop
  endfacet
  facet normal 0.258784 -0.965935 0
    outer loop
      vertex -2.28497 1.93985 3.2
      vertex -2.40613 1.90739 2.5
      vertex -2.28497 1.93985 2.5
    endloop
  endfacet
  facet normal 0.453993 -0.891005 0
    outer loop
      vertex -2.28497 1.93985 2.5
      vertex -2.1732 1.9968 3.2
      vertex -2.28497 1.93985 3.2
    endloop
  endfacet
  facet normal 0.453993 -0.891005 0
    outer loop
      vertex -2.1732 1.9968 3.2
      vertex -2.28497 1.93985 2.5
      vertex -2.1732 1.9968 2.5
    endloop
  endfacet
  facet normal 0.629322 -0.777145 0
    outer loop
      vertex -2.1732 1.9968 2.5
      vertex -2.07573 2.07573 3.2
      vertex -2.1732 1.9968 3.2
    endloop
  endfacet
  facet normal 0.629322 -0.777145 0
    outer loop
      vertex -2.07573 2.07573 3.2
      vertex -2.1732 1.9968 2.5
      vertex -2.07573 2.07573 2.5
    endloop
  endfacet
  facet normal 0.707117 -0.707097 0
    outer loop
      vertex -2.07573 2.07573 3.2
      vertex -0.599991 3.55151 2.5
      vertex -0.599991 3.55151 3.2
    endloop
  endfacet
  facet normal 0.707117 -0.707097 0
    outer loop
      vertex -0.599991 3.55151 2.5
      vertex -2.07573 2.07573 3.2
      vertex -2.07573 2.07573 2.5
    endloop
  endfacet
  facet normal -1 0 0
    outer loop
      vertex -0.599991 -1.98969 2.5
      vertex -0.599991 3.55151 3.2
      vertex -0.599991 3.55151 2.5
    endloop
  endfacet
  facet normal -1 -0 0
    outer loop
      vertex -0.599991 3.55151 3.2
      vertex -0.599991 -1.98969 2.5
      vertex -0.599991 -1.98969 3.2
    endloop
  endfacet
  facet normal -0.258596 0.965985 0
    outer loop
      vertex -0.599991 -1.98969 2.5
      vertex -0.648926 -2.00279 3.2
      vertex -0.599991 -1.98969 3.2
    endloop
  endfacet
  facet normal -0.258596 0.965985 0
    outer loop
      vertex -0.648926 -2.00279 3.2
      vertex -0.599991 -1.98969 2.5
      vertex -0.648926 -2.00279 2.5
    endloop
  endfacet
  facet normal -0.35843 0.933557 0
    outer loop
      vertex -0.648926 -2.00279 2.5
      vertex -0.707581 -2.02531 3.2
      vertex -0.648926 -2.00279 3.2
    endloop
  endfacet
  facet normal -0.35843 0.933557 0
    outer loop
      vertex -0.707581 -2.02531 3.2
      vertex -0.648926 -2.00279 2.5
      vertex -0.707581 -2.02531 2.5
    endloop
  endfacet
  facet normal -0.406744 0.913542 0
    outer loop
      vertex -0.707581 -2.02531 2.5
      vertex -0.994034 -2.15285 3.2
      vertex -0.707581 -2.02531 3.2
    endloop
  endfacet
  facet normal -0.406744 0.913542 0
    outer loop
      vertex -0.994034 -2.15285 3.2
      vertex -0.707581 -2.02531 2.5
      vertex -0.994034 -2.15285 2.5
    endloop
  endfacet
  facet normal -0.454104 0.890949 0
    outer loop
      vertex -0.994034 -2.15285 2.5
      vertex -1.04999 -2.18137 3.2
      vertex -0.994034 -2.15285 3.2
    endloop
  endfacet
  facet normal -0.454104 0.890949 0
    outer loop
      vertex -1.04999 -2.18137 3.2
      vertex -0.994034 -2.15285 2.5
      vertex -1.04999 -2.18137 2.5
    endloop
  endfacet
  facet normal -0.544703 0.838629 0
    outer loop
      vertex -1.04999 -2.18137 2.5
      vertex -1.10266 -2.21558 3.2
      vertex -1.04999 -2.18137 3.2
    endloop
  endfacet
  facet normal -0.544703 0.838629 0
    outer loop
      vertex -1.10266 -2.21558 3.2
      vertex -1.04999 -2.18137 2.5
      vertex -1.10266 -2.21558 2.5
    endloop
  endfacet
  facet normal -0.587772 0.809027 0
    outer loop
      vertex -1.10266 -2.21558 2.5
      vertex -1.35635 -2.39989 3.2
      vertex -1.10266 -2.21558 3.2
    endloop
  endfacet
  facet normal -0.587772 0.809027 0
    outer loop
      vertex -1.35635 -2.39989 3.2
      vertex -1.10266 -2.21558 2.5
      vertex -1.35635 -2.39989 2.5
    endloop
  endfacet
  facet normal -0.629189 0.777252 0
    outer loop
      vertex -1.35635 -2.39989 2.5
      vertex -1.40517 -2.43941 3.2
      vertex -1.35635 -2.39989 3.2
    endloop
  endfacet
  facet normal -0.629189 0.777252 0
    outer loop
      vertex -1.40517 -2.43941 3.2
      vertex -1.35635 -2.39989 2.5
      vertex -1.40517 -2.43941 2.5
    endloop
  endfacet
  facet normal -0.707107 0.707107 0
    outer loop
      vertex -1.44957 -2.48381 2.5
      vertex -1.40517 -2.43941 3.2
      vertex -1.40517 -2.43941 2.5
    endloop
  endfacet
  facet normal -0.707107 0.707107 0
    outer loop
      vertex -1.40517 -2.43941 3.2
      vertex -1.44957 -2.48381 2.5
      vertex -1.44957 -2.48381 3.2
    endloop
  endfacet
  facet normal -0.751041 0.660256 0
    outer loop
      vertex -1.45117 -2.48563 2.5
      vertex -1.44957 -2.48381 3.2
      vertex -1.44957 -2.48381 2.5
    endloop
  endfacet
  facet normal -0.751041 0.660256 0
    outer loop
      vertex -1.44957 -2.48381 3.2
      vertex -1.45117 -2.48563 2.5
      vertex -1.45117 -2.48563 3.2
    endloop
  endfacet
  facet normal -0.743114 0.669165 0
    outer loop
      vertex -1.65939 -2.71686 2.5
      vertex -1.45117 -2.48563 3.2
      vertex -1.45117 -2.48563 2.5
    endloop
  endfacet
  facet normal -0.743114 0.669165 0
    outer loop
      vertex -1.45117 -2.48563 3.2
      vertex -1.65939 -2.71686 2.5
      vertex -1.65939 -2.71686 3.2
    endloop
  endfacet
  facet normal -0.777189 0.629267 0
    outer loop
      vertex -1.69891 -2.76567 2.5
      vertex -1.65939 -2.71686 3.2
      vertex -1.65939 -2.71686 2.5
    endloop
  endfacet
  facet normal -0.777189 0.629267 0
    outer loop
      vertex -1.65939 -2.71686 3.2
      vertex -1.69891 -2.76567 2.5
      vertex -1.69891 -2.76567 3.2
    endloop
  endfacet
  facet normal -0.838629 0.544703 0
    outer loop
      vertex -1.73312 -2.81834 2.5
      vertex -1.69891 -2.76567 3.2
      vertex -1.69891 -2.76567 2.5
    endloop
  endfacet
  facet normal -0.838629 0.544703 0
    outer loop
      vertex -1.69891 -2.76567 3.2
      vertex -1.73312 -2.81834 2.5
      vertex -1.73312 -2.81834 3.2
    endloop
  endfacet
  facet normal -0.866021 0.500008 0
    outer loop
      vertex -1.88992 -3.08992 2.5
      vertex -1.73312 -2.81834 3.2
      vertex -1.73312 -2.81834 2.5
    endloop
  endfacet
  facet normal -0.866021 0.500008 0
    outer loop
      vertex -1.73312 -2.81834 3.2
      vertex -1.88992 -3.08992 2.5
      vertex -1.88992 -3.08992 3.2
    endloop
  endfacet
  facet normal -0.890929 0.454143 0
    outer loop
      vertex -1.91844 -3.14587 2.5
      vertex -1.88992 -3.08992 3.2
      vertex -1.88992 -3.08992 2.5
    endloop
  endfacet
  facet normal -0.890929 0.454143 0
    outer loop
      vertex -1.88992 -3.08992 3.2
      vertex -1.91844 -3.14587 2.5
      vertex -1.91844 -3.14587 3.2
    endloop
  endfacet
  facet normal -0.933559 0.358424 0
    outer loop
      vertex -1.94095 -3.2045 2.5
      vertex -1.91844 -3.14587 3.2
      vertex -1.91844 -3.14587 2.5
    endloop
  endfacet
  facet normal -0.933559 0.358424 0
    outer loop
      vertex -1.91844 -3.14587 3.2
      vertex -1.94095 -3.2045 2.5
      vertex -1.94095 -3.2045 3.2
    endloop
  endfacet
  facet normal -0.951067 0.308986 0
    outer loop
      vertex -2.03784 -3.50273 2.5
      vertex -1.94095 -3.2045 3.2
      vertex -1.94095 -3.2045 2.5
    endloop
  endfacet
  facet normal -0.951067 0.308986 0
    outer loop
      vertex -1.94095 -3.2045 3.2
      vertex -2.03784 -3.50273 2.5
      vertex -2.03784 -3.50273 3.2
    endloop
  endfacet
  facet normal -0.965952 0.258723 0
    outer loop
      vertex -2.05409 -3.5634 2.5
      vertex -2.03784 -3.50273 3.2
      vertex -2.03784 -3.50273 2.5
    endloop
  endfacet
  facet normal -0.965952 0.258723 0
    outer loop
      vertex -2.03784 -3.50273 3.2
      vertex -2.05409 -3.5634 2.5
      vertex -2.05409 -3.5634 3.2
    endloop
  endfacet
  facet normal -0.987675 0.156519 0
    outer loop
      vertex -2.06392 -3.62543 2.5
      vertex -2.05409 -3.5634 3.2
      vertex -2.05409 -3.5634 2.5
    endloop
  endfacet
  facet normal -0.987675 0.156519 0
    outer loop
      vertex -2.05409 -3.5634 3.2
      vertex -2.06392 -3.62543 2.5
      vertex -2.06392 -3.62543 3.2
    endloop
  endfacet
  facet normal -0.994518 0.104567 0
    outer loop
      vertex -2.09671 -3.93729 2.5
      vertex -2.06392 -3.62543 3.2
      vertex -2.06392 -3.62543 2.5
    endloop
  endfacet
  facet normal -0.994518 0.104567 0
    outer loop
      vertex -2.06392 -3.62543 3.2
      vertex -2.09671 -3.93729 2.5
      vertex -2.09671 -3.93729 3.2
    endloop
  endfacet
  facet normal -0.998635 0.0522329 0
    outer loop
      vertex -2.09999 -4 2.5
      vertex -2.09671 -3.93729 3.2
      vertex -2.09671 -3.93729 2.5
    endloop
  endfacet
  facet normal -0.998635 0.0522329 0
    outer loop
      vertex -2.09671 -3.93729 3.2
      vertex -2.09999 -4 2.5
      vertex -2.09999 -4 3.2
    endloop
  endfacet
  facet normal -0.998635 -0.0522329 0
    outer loop
      vertex -2.09671 -4.06271 2.5
      vertex -2.09999 -4 3.2
      vertex -2.09999 -4 2.5
    endloop
  endfacet
  facet normal -0.998635 -0.0522329 0
    outer loop
      vertex -2.09999 -4 3.2
      vertex -2.09671 -4.06271 2.5
      vertex -2.09671 -4.06271 3.2
    endloop
  endfacet
  facet normal -0.993806 -0.111128 0
    outer loop
      vertex -2.09636 -4.06584 2.5
      vertex -2.09671 -4.06271 3.2
      vertex -2.09671 -4.06271 2.5
    endloop
  endfacet
  facet normal -0.993806 -0.111128 0
    outer loop
      vertex -2.09671 -4.06271 3.2
      vertex -2.09636 -4.06584 2.5
      vertex -2.09636 -4.06584 3.2
    endloop
  endfacet
  facet normal -0.994525 -0.1045 0
    outer loop
      vertex -2.06392 -4.37457 2.5
      vertex -2.09636 -4.06584 3.2
      vertex -2.09636 -4.06584 2.5
    endloop
  endfacet
  facet normal -0.994525 -0.1045 0
    outer loop
      vertex -2.09636 -4.06584 3.2
      vertex -2.06392 -4.37457 2.5
      vertex -2.06392 -4.37457 3.2
    endloop
  endfacet
  facet normal -0.987675 -0.156519 0
    outer loop
      vertex -2.05409 -4.4366 2.5
      vertex -2.06392 -4.37457 3.2
      vertex -2.06392 -4.37457 2.5
    endloop
  endfacet
  facet normal -0.987675 -0.156519 0
    outer loop
      vertex -2.06392 -4.37457 3.2
      vertex -2.05409 -4.4366 2.5
      vertex -2.05409 -4.4366 3.2
    endloop
  endfacet
  facet normal -0.965952 -0.258723 0
    outer loop
      vertex -2.03784 -4.49727 2.5
      vertex -2.05409 -4.4366 3.2
      vertex -2.05409 -4.4366 2.5
    endloop
  endfacet
  facet normal -0.965952 -0.258723 0
    outer loop
      vertex -2.05409 -4.4366 3.2
      vertex -2.03784 -4.49727 2.5
      vertex -2.03784 -4.49727 3.2
    endloop
  endfacet
  facet normal -0.951067 -0.308986 0
    outer loop
      vertex -1.94095 -4.7955 2.5
      vertex -2.03784 -4.49727 3.2
      vertex -2.03784 -4.49727 2.5
    endloop
  endfacet
  facet normal -0.951067 -0.308986 0
    outer loop
      vertex -2.03784 -4.49727 3.2
      vertex -1.94095 -4.7955 2.5
      vertex -1.94095 -4.7955 3.2
    endloop
  endfacet
  facet normal -0.933559 -0.358424 0
    outer loop
      vertex -1.91844 -4.85413 2.5
      vertex -1.94095 -4.7955 3.2
      vertex -1.94095 -4.7955 2.5
    endloop
  endfacet
  facet normal -0.933559 -0.358424 0
    outer loop
      vertex -1.94095 -4.7955 3.2
      vertex -1.91844 -4.85413 2.5
      vertex -1.91844 -4.85413 3.2
    endloop
  endfacet
  facet normal -0.890929 -0.454143 0
    outer loop
      vertex -1.88992 -4.91008 2.5
      vertex -1.91844 -4.85413 3.2
      vertex -1.91844 -4.85413 2.5
    endloop
  endfacet
  facet normal -0.890929 -0.454143 0
    outer loop
      vertex -1.91844 -4.85413 3.2
      vertex -1.88992 -4.91008 2.5
      vertex -1.88992 -4.91008 3.2
    endloop
  endfacet
  facet normal -0.866021 -0.500008 0
    outer loop
      vertex -1.73312 -5.18166 2.5
      vertex -1.88992 -4.91008 3.2
      vertex -1.88992 -4.91008 2.5
    endloop
  endfacet
  facet normal -0.866021 -0.500008 0
    outer loop
      vertex -1.88992 -4.91008 3.2
      vertex -1.73312 -5.18166 2.5
      vertex -1.73312 -5.18166 3.2
    endloop
  endfacet
  facet normal -0.838629 -0.544703 0
    outer loop
      vertex -1.69891 -5.23433 2.5
      vertex -1.73312 -5.18166 3.2
      vertex -1.73312 -5.18166 2.5
    endloop
  endfacet
  facet normal -0.838629 -0.544703 0
    outer loop
      vertex -1.73312 -5.18166 3.2
      vertex -1.69891 -5.23433 2.5
      vertex -1.69891 -5.23433 3.2
    endloop
  endfacet
  facet normal -0.777189 -0.629267 0
    outer loop
      vertex -1.65939 -5.28314 2.5
      vertex -1.69891 -5.23433 3.2
      vertex -1.69891 -5.23433 2.5
    endloop
  endfacet
  facet normal -0.777189 -0.629267 0
    outer loop
      vertex -1.69891 -5.23433 3.2
      vertex -1.65939 -5.28314 2.5
      vertex -1.65939 -5.28314 3.2
    endloop
  endfacet
  facet normal -0.743175 -0.669097 0
    outer loop
      vertex -1.44957 -5.51619 2.5
      vertex -1.65939 -5.28314 3.2
      vertex -1.65939 -5.28314 2.5
    endloop
  endfacet
  facet normal -0.743175 -0.669097 0
    outer loop
      vertex -1.65939 -5.28314 3.2
      vertex -1.44957 -5.51619 2.5
      vertex -1.44957 -5.51619 3.2
    endloop
  endfacet
  facet normal -0.707107 -0.707107 0
    outer loop
      vertex -1.40517 -5.56059 2.5
      vertex -1.44957 -5.51619 3.2
      vertex -1.44957 -5.51619 2.5
    endloop
  endfacet
  facet normal -0.707107 -0.707107 0
    outer loop
      vertex -1.44957 -5.51619 3.2
      vertex -1.40517 -5.56059 2.5
      vertex -1.40517 -5.56059 3.2
    endloop
  endfacet
  facet normal -0.629189 -0.777252 0
    outer loop
      vertex -1.40517 -5.56059 2.5
      vertex -1.35635 -5.60011 3.2
      vertex -1.40517 -5.56059 3.2
    endloop
  endfacet
  facet normal -0.629189 -0.777252 -0
    outer loop
      vertex -1.35635 -5.60011 3.2
      vertex -1.40517 -5.56059 2.5
      vertex -1.35635 -5.60011 2.5
    endloop
  endfacet
  facet normal -0.587772 -0.809027 0
    outer loop
      vertex -1.35635 -5.60011 2.5
      vertex -1.10266 -5.78442 3.2
      vertex -1.35635 -5.60011 3.2
    endloop
  endfacet
  facet normal -0.587772 -0.809027 -0
    outer loop
      vertex -1.10266 -5.78442 3.2
      vertex -1.35635 -5.60011 2.5
      vertex -1.10266 -5.78442 2.5
    endloop
  endfacet
  facet normal -0.544703 -0.838629 0
    outer loop
      vertex -1.10266 -5.78442 2.5
      vertex -1.04999 -5.81863 3.2
      vertex -1.10266 -5.78442 3.2
    endloop
  endfacet
  facet normal -0.544703 -0.838629 -0
    outer loop
      vertex -1.04999 -5.81863 3.2
      vertex -1.10266 -5.78442 2.5
      vertex -1.04999 -5.81863 2.5
    endloop
  endfacet
  facet normal -0.454104 -0.890949 0
    outer loop
      vertex -1.04999 -5.81863 2.5
      vertex -0.994034 -5.84715 3.2
      vertex -1.04999 -5.81863 3.2
    endloop
  endfacet
  facet normal -0.454104 -0.890949 -0
    outer loop
      vertex -0.994034 -5.84715 3.2
      vertex -1.04999 -5.81863 2.5
      vertex -0.994034 -5.84715 2.5
    endloop
  endfacet
  facet normal -0.406734 -0.913547 0
    outer loop
      vertex -0.994034 -5.84715 2.5
      vertex -0.70755 -5.9747 3.2
      vertex -0.994034 -5.84715 3.2
    endloop
  endfacet
  facet normal -0.406734 -0.913547 -0
    outer loop
      vertex -0.70755 -5.9747 3.2
      vertex -0.994034 -5.84715 2.5
      vertex -0.70755 -5.9747 2.5
    endloop
  endfacet
  facet normal -0.358456 -0.933547 0
    outer loop
      vertex -0.70755 -5.9747 2.5
      vertex -0.648926 -5.99721 3.2
      vertex -0.70755 -5.9747 3.2
    endloop
  endfacet
  facet normal -0.358456 -0.933547 -0
    outer loop
      vertex -0.648926 -5.99721 3.2
      vertex -0.70755 -5.9747 2.5
      vertex -0.648926 -5.99721 2.5
    endloop
  endfacet
  facet normal -0.258313 -0.966061 0
    outer loop
      vertex -0.648926 -5.99721 2.5
      vertex -0.587891 -6.01353 3.2
      vertex -0.648926 -5.99721 3.2
    endloop
  endfacet
  facet normal -0.258313 -0.966061 -0
    outer loop
      vertex -0.587891 -6.01353 3.2
      vertex -0.648926 -5.99721 2.5
      vertex -0.587891 -6.01353 2.5
    endloop
  endfacet
  facet normal -0.207873 -0.978156 0
    outer loop
      vertex -0.587891 -6.01353 2.5
      vertex -0.283066 -6.07831 3.2
      vertex -0.587891 -6.01353 3.2
    endloop
  endfacet
  facet normal -0.207873 -0.978156 -0
    outer loop
      vertex -0.283066 -6.07831 3.2
      vertex -0.587891 -6.01353 2.5
      vertex -0.283066 -6.07831 2.5
    endloop
  endfacet
  facet normal -0.221484 -0.975164 0
    outer loop
      vertex -0.283066 -6.07831 2.5
      vertex -0.281525 -6.07866 3.2
      vertex -0.283066 -6.07831 3.2
    endloop
  endfacet
  facet normal -0.221484 -0.975164 -0
    outer loop
      vertex -0.281525 -6.07866 3.2
      vertex -0.283066 -6.07831 2.5
      vertex -0.281525 -6.07866 2.5
    endloop
  endfacet
  facet normal -0.156526 -0.987674 0
    outer loop
      vertex -0.281525 -6.07866 2.5
      vertex -0.219498 -6.08849 3.2
      vertex -0.281525 -6.07866 3.2
    endloop
  endfacet
  facet normal -0.156526 -0.987674 -0
    outer loop
      vertex -0.219498 -6.08849 3.2
      vertex -0.281525 -6.07866 2.5
      vertex -0.219498 -6.08849 2.5
    endloop
  endfacet
  facet normal -0.0522295 -0.998635 0
    outer loop
      vertex -0.219498 -6.08849 2.5
      vertex -0.156784 -6.09177 3.2
      vertex -0.219498 -6.08849 3.2
    endloop
  endfacet
  facet normal -0.0522295 -0.998635 -0
    outer loop
      vertex -0.156784 -6.09177 3.2
      vertex -0.219498 -6.08849 2.5
      vertex -0.156784 -6.09177 2.5
    endloop
  endfacet
  facet normal 0 -1 0
    outer loop
      vertex -0.156784 -6.09177 2.5
      vertex 0.156784 -6.09177 3.2
      vertex -0.156784 -6.09177 3.2
    endloop
  endfacet
  facet normal 0 -1 -0
    outer loop
      vertex 0.156784 -6.09177 3.2
      vertex -0.156784 -6.09177 2.5
      vertex 0.156784 -6.09177 2.5
    endloop
  endfacet
  facet normal 0.0522295 -0.998635 0
    outer loop
      vertex 0.156784 -6.09177 2.5
      vertex 0.219498 -6.08849 3.2
      vertex 0.156784 -6.09177 3.2
    endloop
  endfacet
  facet normal 0.0522295 -0.998635 0
    outer loop
      vertex 0.219498 -6.08849 3.2
      vertex 0.156784 -6.09177 2.5
      vertex 0.219498 -6.08849 2.5
    endloop
  endfacet
  facet normal 0.207933 0.978143 -0
    outer loop
      vertex -0.0937805 -4.89178 2.5
      vertex -0.2771 -4.85281 3.2
      vertex -0.0937805 -4.89178 3.2
    endloop
  endfacet
  facet normal 0.207933 0.978143 0
    outer loop
      vertex -0.2771 -4.85281 3.2
      vertex -0.0937805 -4.89178 2.5
      vertex -0.2771 -4.85281 2.5
    endloop
  endfacet
  facet normal 0.406786 0.913523 -0
    outer loop
      vertex -0.2771 -4.85281 2.5
      vertex -0.448425 -4.77652 3.2
      vertex -0.2771 -4.85281 3.2
    endloop
  endfacet
  facet normal 0.406786 0.913523 0
    outer loop
      vertex -0.448425 -4.77652 3.2
      vertex -0.2771 -4.85281 2.5
      vertex -0.448425 -4.77652 2.5
    endloop
  endfacet
  facet normal 0.587776 0.809024 -0
    outer loop
      vertex -0.448425 -4.77652 2.5
      vertex -0.600037 -4.66637 3.2
      vertex -0.448425 -4.77652 3.2
    endloop
  endfacet
  facet normal 0.587776 0.809024 0
    outer loop
      vertex -0.600037 -4.66637 3.2
      vertex -0.448425 -4.77652 2.5
      vertex -0.600037 -4.66637 2.5
    endloop
  endfacet
  facet normal 0.743201 0.669068 0
    outer loop
      vertex -0.600037 -4.66637 3.2
      vertex -0.725433 -4.52708 2.5
      vertex -0.725433 -4.52708 3.2
    endloop
  endfacet
  facet normal 0.743201 0.669068 0
    outer loop
      vertex -0.725433 -4.52708 2.5
      vertex -0.600037 -4.66637 3.2
      vertex -0.600037 -4.66637 2.5
    endloop
  endfacet
  facet normal 0.86602 0.500009 0
    outer loop
      vertex -0.725433 -4.52708 3.2
      vertex -0.819168 -4.36473 2.5
      vertex -0.819168 -4.36473 3.2
    endloop
  endfacet
  facet normal 0.86602 0.500009 0
    outer loop
      vertex -0.819168 -4.36473 2.5
      vertex -0.725433 -4.52708 3.2
      vertex -0.725433 -4.52708 2.5
    endloop
  endfacet
  facet normal 0.951039 0.309072 0
    outer loop
      vertex -0.819168 -4.36473 3.2
      vertex -0.877106 -4.18645 2.5
      vertex -0.877106 -4.18645 3.2
    endloop
  endfacet
  facet normal 0.951039 0.309072 0
    outer loop
      vertex -0.877106 -4.18645 2.5
      vertex -0.819168 -4.36473 3.2
      vertex -0.819168 -4.36473 2.5
    endloop
  endfacet
  facet normal 0.994521 0.104539 0
    outer loop
      vertex -0.877106 -4.18645 3.2
      vertex -0.896713 -3.99992 2.5
      vertex -0.896713 -3.99992 3.2
    endloop
  endfacet
  facet normal 0.994521 0.104539 0
    outer loop
      vertex -0.896713 -3.99992 2.5
      vertex -0.877106 -4.18645 3.2
      vertex -0.877106 -4.18645 2.5
    endloop
  endfacet
  facet normal 0.994515 -0.104593 0
    outer loop
      vertex -0.896713 -3.99992 3.2
      vertex -0.877121 -3.81363 2.5
      vertex -0.877121 -3.81363 3.2
    endloop
  endfacet
  facet normal 0.994515 -0.104593 0
    outer loop
      vertex -0.877121 -3.81363 2.5
      vertex -0.896713 -3.99992 3.2
      vertex -0.896713 -3.99992 2.5
    endloop
  endfacet
  facet normal 0.951074 -0.308962 0
    outer loop
      vertex -0.877121 -3.81363 3.2
      vertex -0.819183 -3.63528 2.5
      vertex -0.819183 -3.63528 3.2
    endloop
  endfacet
  facet normal 0.951074 -0.308962 0
    outer loop
      vertex -0.819183 -3.63528 2.5
      vertex -0.877121 -3.81363 3.2
      vertex -0.877121 -3.81363 2.5
    endloop
  endfacet
  facet normal 0.866023 -0.500005 0
    outer loop
      vertex -0.819183 -3.63528 3.2
      vertex -0.725449 -3.47293 2.5
      vertex -0.725449 -3.47293 3.2
    endloop
  endfacet
  facet normal 0.866023 -0.500005 0
    outer loop
      vertex -0.725449 -3.47293 2.5
      vertex -0.819183 -3.63528 3.2
      vertex -0.819183 -3.63528 2.5
    endloop
  endfacet
  facet normal 0.743132 -0.669144 0
    outer loop
      vertex -0.725449 -3.47293 3.2
      vertex -0.599991 -3.3336 2.5
      vertex -0.599991 -3.3336 3.2
    endloop
  endfacet
  facet normal 0.743132 -0.669144 0
    outer loop
      vertex -0.599991 -3.3336 2.5
      vertex -0.725449 -3.47293 3.2
      vertex -0.725449 -3.47293 2.5
    endloop
  endfacet
  facet normal 0.58777 -0.809028 0
    outer loop
      vertex -0.599991 -3.3336 2.5
      vertex -0.448349 -3.22343 3.2
      vertex -0.599991 -3.3336 3.2
    endloop
  endfacet
  facet normal 0.58777 -0.809028 0
    outer loop
      vertex -0.448349 -3.22343 3.2
      vertex -0.599991 -3.3336 2.5
      vertex -0.448349 -3.22343 2.5
    endloop
  endfacet
  facet normal 0.406744 -0.913542 0
    outer loop
      vertex -0.448349 -3.22343 2.5
      vertex -0.277115 -3.14719 3.2
      vertex -0.448349 -3.22343 3.2
    endloop
  endfacet
  facet normal 0.406744 -0.913542 0
    outer loop
      vertex -0.277115 -3.14719 3.2
      vertex -0.448349 -3.22343 2.5
      vertex -0.277115 -3.14719 2.5
    endloop
  endfacet
  facet normal 0.207867 -0.978157 0
    outer loop
      vertex -0.277115 -3.14719 2.5
      vertex -0.0937347 -3.10822 3.2
      vertex -0.277115 -3.14719 3.2
    endloop
  endfacet
  facet normal 0.207867 -0.978157 0
    outer loop
      vertex -0.0937347 -3.10822 3.2
      vertex -0.277115 -3.14719 2.5
      vertex -0.0937347 -3.10822 2.5
    endloop
  endfacet
  facet normal 0 -1 0
    outer loop
      vertex -0.0937347 -3.10822 2.5
      vertex 0.0937805 -3.10822 3.2
      vertex -0.0937347 -3.10822 3.2
    endloop
  endfacet
  facet normal 0 -1 -0
    outer loop
      vertex 0.0937805 -3.10822 3.2
      vertex -0.0937347 -3.10822 2.5
      vertex 0.0937805 -3.10822 2.5
    endloop
  endfacet
  facet normal -0.207933 -0.978143 0
    outer loop
      vertex 0.0937805 -3.10822 2.5
      vertex 0.2771 -3.14719 3.2
      vertex 0.0937805 -3.10822 3.2
    endloop
  endfacet
  facet normal -0.207933 -0.978143 -0
    outer loop
      vertex 0.2771 -3.14719 3.2
      vertex 0.0937805 -3.10822 2.5
      vertex 0.2771 -3.14719 2.5
    endloop
  endfacet
  facet normal -0.406786 -0.913523 0
    outer loop
      vertex 0.2771 -3.14719 2.5
      vertex 0.448425 -3.22348 3.2
      vertex 0.2771 -3.14719 3.2
    endloop
  endfacet
  facet normal -0.406786 -0.913523 -0
    outer loop
      vertex 0.448425 -3.22348 3.2
      vertex 0.2771 -3.14719 2.5
      vertex 0.448425 -3.22348 2.5
    endloop
  endfacet
  facet normal -0.587776 -0.809024 0
    outer loop
      vertex 0.448425 -3.22348 2.5
      vertex 0.600037 -3.33363 3.2
      vertex 0.448425 -3.22348 3.2
    endloop
  endfacet
  facet normal -0.587776 -0.809024 -0
    outer loop
      vertex 0.600037 -3.33363 3.2
      vertex 0.448425 -3.22348 2.5
      vertex 0.600037 -3.33363 2.5
    endloop
  endfacet
  facet normal -0.743201 -0.669068 0
    outer loop
      vertex 0.725433 -3.47292 2.5
      vertex 0.600037 -3.33363 3.2
      vertex 0.600037 -3.33363 2.5
    endloop
  endfacet
  facet normal -0.743201 -0.669068 0
    outer loop
      vertex 0.600037 -3.33363 3.2
      vertex 0.725433 -3.47292 2.5
      vertex 0.725433 -3.47292 3.2
    endloop
  endfacet
  facet normal -0.86602 -0.500009 0
    outer loop
      vertex 0.819168 -3.63527 2.5
      vertex 0.725433 -3.47292 3.2
      vertex 0.725433 -3.47292 2.5
    endloop
  endfacet
  facet normal -0.86602 -0.500009 0
    outer loop
      vertex 0.725433 -3.47292 3.2
      vertex 0.819168 -3.63527 2.5
      vertex 0.819168 -3.63527 3.2
    endloop
  endfacet
  facet normal -0.951039 -0.309072 0
    outer loop
      vertex 0.877106 -3.81355 2.5
      vertex 0.819168 -3.63527 3.2
      vertex 0.819168 -3.63527 2.5
    endloop
  endfacet
  facet normal -0.951039 -0.309072 0
    outer loop
      vertex 0.819168 -3.63527 3.2
      vertex 0.877106 -3.81355 2.5
      vertex 0.877106 -3.81355 3.2
    endloop
  endfacet
  facet normal -0.994524 -0.104504 0
    outer loop
      vertex 0.896698 -4 2.5
      vertex 0.877106 -3.81355 3.2
      vertex 0.877106 -3.81355 2.5
    endloop
  endfacet
  facet normal -0.994524 -0.104504 0
    outer loop
      vertex 0.877106 -3.81355 3.2
      vertex 0.896698 -4 2.5
      vertex 0.896698 -4 3.2
    endloop
  endfacet
  facet normal -0.994524 0.104504 0
    outer loop
      vertex 0.877106 -4.18645 2.5
      vertex 0.896698 -4 3.2
      vertex 0.896698 -4 2.5
    endloop
  endfacet
  facet normal -0.994524 0.104504 0
    outer loop
      vertex 0.896698 -4 3.2
      vertex 0.877106 -4.18645 2.5
      vertex 0.877106 -4.18645 3.2
    endloop
  endfacet
  facet normal -0.951057 0.309015 0
    outer loop
      vertex 0.819183 -4.36472 2.5
      vertex 0.877106 -4.18645 3.2
      vertex 0.877106 -4.18645 2.5
    endloop
  endfacet
  facet normal -0.951057 0.309015 0
    outer loop
      vertex 0.877106 -4.18645 3.2
      vertex 0.819183 -4.36472 2.5
      vertex 0.819183 -4.36472 3.2
    endloop
  endfacet
  facet normal -0.866023 0.500005 0
    outer loop
      vertex 0.725449 -4.52707 2.5
      vertex 0.819183 -4.36472 3.2
      vertex 0.819183 -4.36472 2.5
    endloop
  endfacet
  facet normal -0.866023 0.500005 0
    outer loop
      vertex 0.819183 -4.36472 3.2
      vertex 0.725449 -4.52707 2.5
      vertex 0.725449 -4.52707 3.2
    endloop
  endfacet
  facet normal -0.743132 0.669144 0
    outer loop
      vertex 0.599991 -4.6664 2.5
      vertex 0.725449 -4.52707 3.2
      vertex 0.725449 -4.52707 2.5
    endloop
  endfacet
  facet normal -0.743132 0.669144 0
    outer loop
      vertex 0.725449 -4.52707 3.2
      vertex 0.599991 -4.6664 2.5
      vertex 0.599991 -4.6664 3.2
    endloop
  endfacet
  facet normal -0.58777 0.809028 0
    outer loop
      vertex 0.599991 -4.6664 2.5
      vertex 0.448349 -4.77657 3.2
      vertex 0.599991 -4.6664 3.2
    endloop
  endfacet
  facet normal -0.58777 0.809028 0
    outer loop
      vertex 0.448349 -4.77657 3.2
      vertex 0.599991 -4.6664 2.5
      vertex 0.448349 -4.77657 2.5
    endloop
  endfacet
  facet normal -0.406744 0.913542 0
    outer loop
      vertex 0.448349 -4.77657 2.5
      vertex 0.277115 -4.85281 3.2
      vertex 0.448349 -4.77657 3.2
    endloop
  endfacet
  facet normal -0.406744 0.913542 0
    outer loop
      vertex 0.277115 -4.85281 3.2
      vertex 0.448349 -4.77657 2.5
      vertex 0.277115 -4.85281 2.5
    endloop
  endfacet
  facet normal -0.207867 0.978157 0
    outer loop
      vertex 0.277115 -4.85281 2.5
      vertex 0.0937347 -4.89178 3.2
      vertex 0.277115 -4.85281 3.2
    endloop
  endfacet
  facet normal -0.207867 0.978157 0
    outer loop
      vertex 0.0937347 -4.89178 3.2
      vertex 0.277115 -4.85281 2.5
      vertex 0.0937347 -4.89178 2.5
    endloop
  endfacet
  facet normal 0 1 -0
    outer loop
      vertex 0.0937347 -4.89178 2.5
      vertex -0.0937805 -4.89178 3.2
      vertex 0.0937347 -4.89178 3.2
    endloop
  endfacet
  facet normal 0 1 0
    outer loop
      vertex -0.0937805 -4.89178 3.2
      vertex 0.0937347 -4.89178 2.5
      vertex -0.0937805 -4.89178 2.5
    endloop
  endfacet
  facet normal 0 0 -1
    outer loop
      vertex 20.0825 -0.198168 2.5
      vertex 20.1124 0.0671699 2.5
      vertex 20.1124 -0.0671821 2.5
    endloop
  endfacet
  facet normal 0 0 -1
    outer loop
      vertex 20.0825 -0.198168 2.5
      vertex 20.0825 0.198156 2.5
      vertex 20.1124 0.0671699 2.5
    endloop
  endfacet
  facet normal 0 0 -1
    outer loop
      vertex 20.0242 -0.319227 2.5
      vertex 20.0825 0.198156 2.5
      vertex 20.0825 -0.198168 2.5
    endloop
  endfacet
  facet normal 0 0 -1
    outer loop
      vertex 20.0242 -0.319227 2.5
      vertex 20.0242 0.319215 2.5
      vertex 20.0825 0.198156 2.5
    endloop
  endfacet
  facet normal 0 0 -1
    outer loop
      vertex 19.9404 -0.424264 2.5
      vertex 20.0242 0.319215 2.5
      vertex 20.0242 -0.319227 2.5
    endloop
  endfacet
  facet normal 0 0 -1
    outer loop
      vertex 19.9404 -0.424264 2.5
      vertex 19.9404 0.424252 2.5
      vertex 20.0242 0.319215 2.5
    endloop
  endfacet
  facet normal 0 0 -1
    outer loop
      vertex 19.9404 -0.424264 2.5
      vertex 18.6676 -6.06915e-06 2.5
      vertex 19.9404 0.424252 2.5
    endloop
  endfacet
  facet normal 0 0 -1
    outer loop
      vertex 0.424258 -19.9404 2.5
      vertex 18.6676 -6.06915e-06 2.5
      vertex 19.9404 -0.424264 2.5
    endloop
  endfacet
  facet normal 0 0 -1
    outer loop
      vertex -0.424258 -19.9404 2.5
      vertex 0.424258 -19.9404 2.5
      vertex 0.319221 -20.0242 2.5
    endloop
  endfacet
  facet normal 0 0 -1
    outer loop
      vertex -0.424258 -19.9404 2.5
      vertex 0.319221 -20.0242 2.5
      vertex 0.198162 -20.0825 2.5
    endloop
  endfacet
  facet normal 0 0 -1
    outer loop
      vertex -0.424258 -19.9404 2.5
      vertex 0.198162 -20.0825 2.5
      vertex 0.067176 -20.1124 2.5
    endloop
  endfacet
  facet normal 0 0 -1
    outer loop
      vertex 0.424258 -19.9404 2.5
      vertex 0 -18.6676 2.5
      vertex 18.6676 -6.06915e-06 2.5
    endloop
  endfacet
  facet normal 0 0 -1
    outer loop
      vertex -0.424258 -19.9404 2.5
      vertex 0.067176 -20.1124 2.5
      vertex -0.067176 -20.1124 2.5
    endloop
  endfacet
  facet normal 0 0 -1
    outer loop
      vertex -0.424258 -19.9404 2.5
      vertex -0.067176 -20.1124 2.5
      vertex -0.198162 -20.0825 2.5
    endloop
  endfacet
  facet normal 0 0 -1
    outer loop
      vertex -0.424258 -19.9404 2.5
      vertex -0.198162 -20.0825 2.5
      vertex -0.319221 -20.0242 2.5
    endloop
  endfacet
  facet normal 0 0 -1
    outer loop
      vertex 0.424258 -19.9404 2.5
      vertex -0.424258 -19.9404 2.5
      vertex 0 -18.6676 2.5
    endloop
  endfacet
  facet normal 0 0 -1
    outer loop
      vertex -0.424258 -19.9404 2.5
      vertex -18.6676 -6.06915e-06 2.5
      vertex 0 -18.6676 2.5
    endloop
  endfacet
  facet normal 0 -0 -1
    outer loop
      vertex -18.6676 -6.06915e-06 2.5
      vertex -0.424258 -19.9404 2.5
      vertex -19.9404 -0.424264 2.5
    endloop
  endfacet
  facet normal 0 0 -1
    outer loop
      vertex 18.6676 -6.06915e-06 2.5
      vertex 0.424258 19.9404 2.5
      vertex 19.9404 0.424252 2.5
    endloop
  endfacet
  facet normal 0 0 -1
    outer loop
      vertex 0 18.6676 2.5
      vertex 0.424258 19.9404 2.5
      vertex 18.6676 -6.06915e-06 2.5
    endloop
  endfacet
  facet normal 0 0 -1
    outer loop
      vertex -0.424258 19.9404 2.5
      vertex 0.424258 19.9404 2.5
      vertex 0 18.6676 2.5
    endloop
  endfacet
  facet normal 0 0 -1
    outer loop
      vertex 0.424258 19.9404 2.5
      vertex -0.424258 19.9404 2.5
      vertex 0.319221 20.0242 2.5
    endloop
  endfacet
  facet normal -0 0 -1
    outer loop
      vertex 0.319221 20.0242 2.5
      vertex -0.424258 19.9404 2.5
      vertex 0.198162 20.0825 2.5
    endloop
  endfacet
  facet normal -0 0 -1
    outer loop
      vertex 0.198162 20.0825 2.5
      vertex -0.424258 19.9404 2.5
      vertex 0.067176 20.1123 2.5
    endloop
  endfacet
  facet normal -0 0 -1
    outer loop
      vertex 0.067176 20.1123 2.5
      vertex -0.424258 19.9404 2.5
      vertex -0.067176 20.1123 2.5
    endloop
  endfacet
  facet normal 0 0 -1
    outer loop
      vertex -0.067176 20.1123 2.5
      vertex -0.424258 19.9404 2.5
      vertex -0.198162 20.0825 2.5
    endloop
  endfacet
  facet normal 0 0 -1
    outer loop
      vertex -0.198162 20.0825 2.5
      vertex -0.424258 19.9404 2.5
      vertex -0.319221 20.0242 2.5
    endloop
  endfacet
  facet normal 0 0 -1
    outer loop
      vertex -18.6676 -6.06915e-06 2.5
      vertex -0.424258 19.9404 2.5
      vertex 0 18.6676 2.5
    endloop
  endfacet
  facet normal 0 0 -1
    outer loop
      vertex -19.9404 0.424252 2.5
      vertex -18.6676 -6.06915e-06 2.5
      vertex -19.9404 -0.424264 2.5
    endloop
  endfacet
  facet normal 0 0 -1
    outer loop
      vertex -18.6676 -6.06915e-06 2.5
      vertex -19.9404 0.424252 2.5
      vertex -0.424258 19.9404 2.5
    endloop
  endfacet
  facet normal 0 0 -1
    outer loop
      vertex -20.0242 -0.319227 2.5
      vertex -19.9404 0.424252 2.5
      vertex -19.9404 -0.424264 2.5
    endloop
  endfacet
  facet normal 0 0 -1
    outer loop
      vertex -20.0242 -0.319227 2.5
      vertex -20.0242 0.319215 2.5
      vertex -19.9404 0.424252 2.5
    endloop
  endfacet
  facet normal 0 0 -1
    outer loop
      vertex -20.0825 -0.198168 2.5
      vertex -20.0242 0.319215 2.5
      vertex -20.0242 -0.319227 2.5
    endloop
  endfacet
  facet normal 0 0 -1
    outer loop
      vertex -20.0825 -0.198168 2.5
      vertex -20.0825 0.198156 2.5
      vertex -20.0242 0.319215 2.5
    endloop
  endfacet
  facet normal 0 0 -1
    outer loop
      vertex -20.1124 -0.0671821 2.5
      vertex -20.0825 0.198156 2.5
      vertex -20.0825 -0.198168 2.5
    endloop
  endfacet
  facet normal 0 0 -1
    outer loop
      vertex -20.0825 0.198156 2.5
      vertex -20.1124 -0.0671821 2.5
      vertex -20.1124 0.0671699 2.5
    endloop
  endfacet
  facet normal 0 0 1
    outer loop
      vertex 20.0825 0.198156 3.2
      vertex 20.1124 -0.0671821 3.2
      vertex 20.1124 0.0671699 3.2
    endloop
  endfacet
  facet normal 0 0 1
    outer loop
      vertex 20.0825 0.198156 3.2
      vertex 20.0825 -0.198168 3.2
      vertex 20.1124 -0.0671821 3.2
    endloop
  endfacet
  facet normal 0 0 1
    outer loop
      vertex 20.0242 0.319215 3.2
      vertex 20.0825 -0.198168 3.2
      vertex 20.0825 0.198156 3.2
    endloop
  endfacet
  facet normal 0 0 1
    outer loop
      vertex 20.0242 0.319215 3.2
      vertex 20.0242 -0.319227 3.2
      vertex 20.0825 -0.198168 3.2
    endloop
  endfacet
  facet normal 0 0 1
    outer loop
      vertex 19.9404 0.424252 3.2
      vertex 20.0242 -0.319227 3.2
      vertex 20.0242 0.319215 3.2
    endloop
  endfacet
  facet normal 0 0 1
    outer loop
      vertex 19.9404 0.424252 3.2
      vertex 19.9404 -0.424264 3.2
      vertex 20.0242 -0.319227 3.2
    endloop
  endfacet
  facet normal 0 0 1
    outer loop
      vertex 19.9404 0.424252 3.2
      vertex 18.6676 -6.06915e-06 3.2
      vertex 19.9404 -0.424264 3.2
    endloop
  endfacet
  facet normal 0 0 1
    outer loop
      vertex 0.424258 19.9404 3.2
      vertex 18.6676 -6.06915e-06 3.2
      vertex 19.9404 0.424252 3.2
    endloop
  endfacet
  facet normal 0 0 1
    outer loop
      vertex -0.424258 19.9404 3.2
      vertex 0.424258 19.9404 3.2
      vertex 0.319221 20.0242 3.2
    endloop
  endfacet
  facet normal 0 0 1
    outer loop
      vertex -0.424258 19.9404 3.2
      vertex 0.319221 20.0242 3.2
      vertex 0.198162 20.0825 3.2
    endloop
  endfacet
  facet normal 0 0 1
    outer loop
      vertex -0.424258 19.9404 3.2
      vertex 0.198162 20.0825 3.2
      vertex 0.067176 20.1123 3.2
    endloop
  endfacet
  facet normal 0 0 1
    outer loop
      vertex 0.424258 19.9404 3.2
      vertex 0 18.6676 3.2
      vertex 18.6676 -6.06915e-06 3.2
    endloop
  endfacet
  facet normal 0 0 1
    outer loop
      vertex -0.424258 19.9404 3.2
      vertex 0.067176 20.1123 3.2
      vertex -0.067176 20.1123 3.2
    endloop
  endfacet
  facet normal 0 0 1
    outer loop
      vertex -0.424258 19.9404 3.2
      vertex -0.067176 20.1123 3.2
      vertex -0.198162 20.0825 3.2
    endloop
  endfacet
  facet normal 0 0 1
    outer loop
      vertex -0.424258 19.9404 3.2
      vertex -0.198162 20.0825 3.2
      vertex -0.319221 20.0242 3.2
    endloop
  endfacet
  facet normal 0 0 1
    outer loop
      vertex 0.424258 19.9404 3.2
      vertex -0.424258 19.9404 3.2
      vertex 0 18.6676 3.2
    endloop
  endfacet
  facet normal 0 0 1
    outer loop
      vertex -0.424258 19.9404 3.2
      vertex -18.6676 -6.06915e-06 3.2
      vertex 0 18.6676 3.2
    endloop
  endfacet
  facet normal 0 -0 1
    outer loop
      vertex -18.6676 -6.06915e-06 3.2
      vertex -0.424258 19.9404 3.2
      vertex -19.9404 0.424252 3.2
    endloop
  endfacet
  facet normal 0 0 1
    outer loop
      vertex 18.6676 -6.06915e-06 3.2
      vertex 0.424258 -19.9404 3.2
      vertex 19.9404 -0.424264 3.2
    endloop
  endfacet
  facet normal -0 0 1
    outer loop
      vertex 0 -18.6676 3.2
      vertex 0.424258 -19.9404 3.2
      vertex 18.6676 -6.06915e-06 3.2
    endloop
  endfacet
  facet normal 0 0 1
    outer loop
      vertex -0.424258 -19.9404 3.2
      vertex 0.424258 -19.9404 3.2
      vertex 0 -18.6676 3.2
    endloop
  endfacet
  facet normal 0 0 1
    outer loop
      vertex 0.424258 -19.9404 3.2
      vertex -0.424258 -19.9404 3.2
      vertex 0.319221 -20.0242 3.2
    endloop
  endfacet
  facet normal 0 0 1
    outer loop
      vertex 0.319221 -20.0242 3.2
      vertex -0.424258 -19.9404 3.2
      vertex 0.198162 -20.0825 3.2
    endloop
  endfacet
  facet normal 0 0 1
    outer loop
      vertex 0.198162 -20.0825 3.2
      vertex -0.424258 -19.9404 3.2
      vertex 0.067176 -20.1124 3.2
    endloop
  endfacet
  facet normal 0 0 1
    outer loop
      vertex 0.067176 -20.1124 3.2
      vertex -0.424258 -19.9404 3.2
      vertex -0.067176 -20.1124 3.2
    endloop
  endfacet
  facet normal 0 0 1
    outer loop
      vertex -0.067176 -20.1124 3.2
      vertex -0.424258 -19.9404 3.2
      vertex -0.198162 -20.0825 3.2
    endloop
  endfacet
  facet normal 0 0 1
    outer loop
      vertex -0.198162 -20.0825 3.2
      vertex -0.424258 -19.9404 3.2
      vertex -0.319221 -20.0242 3.2
    endloop
  endfacet
  facet normal 0 0 1
    outer loop
      vertex -18.6676 -6.06915e-06 3.2
      vertex -0.424258 -19.9404 3.2
      vertex 0 -18.6676 3.2
    endloop
  endfacet
  facet normal 0 0 1
    outer loop
      vertex -19.9404 -0.424264 3.2
      vertex -18.6676 -6.06915e-06 3.2
      vertex -19.9404 0.424252 3.2
    endloop
  endfacet
  facet normal 0 0 1
    outer loop
      vertex -18.6676 -6.06915e-06 3.2
      vertex -19.9404 -0.424264 3.2
      vertex -0.424258 -19.9404 3.2
    endloop
  endfacet
  facet normal -0 0 1
    outer loop
      vertex -20.0242 0.319215 3.2
      vertex -19.9404 -0.424264 3.2
      vertex -19.9404 0.424252 3.2
    endloop
  endfacet
  facet normal 0 0 1
    outer loop
      vertex -20.0242 0.319215 3.2
      vertex -20.0242 -0.319227 3.2
      vertex -19.9404 -0.424264 3.2
    endloop
  endfacet
  facet normal -0 0 1
    outer loop
      vertex -20.0825 0.198156 3.2
      vertex -20.0242 -0.319227 3.2
      vertex -20.0242 0.319215 3.2
    endloop
  endfacet
  facet normal 0 0 1
    outer loop
      vertex -20.0825 0.198156 3.2
      vertex -20.0825 -0.198168 3.2
      vertex -20.0242 -0.319227 3.2
    endloop
  endfacet
  facet normal -0 0 1
    outer loop
      vertex -20.1124 0.0671699 3.2
      vertex -20.0825 -0.198168 3.2
      vertex -20.0825 0.198156 3.2
    endloop
  endfacet
  facet normal 0 0 1
    outer loop
      vertex -20.0825 -0.198168 3.2
      vertex -20.1124 0.0671699 3.2
      vertex -20.1124 -0.0671821 3.2
    endloop
  endfacet
  facet normal 0.900966 -0.43389 0
    outer loop
      vertex 20.0242 -0.319227 3.2
      vertex 20.0825 -0.198168 2.5
      vertex 20.0825 -0.198168 3.2
    endloop
  endfacet
  facet normal 0.900966 -0.43389 0
    outer loop
      vertex 20.0825 -0.198168 2.5
      vertex 20.0242 -0.319227 3.2
      vertex 20.0242 -0.319227 2.5
    endloop
  endfacet
  facet normal 0.974923 -0.222544 0
    outer loop
      vertex 20.0825 -0.198168 3.2
      vertex 20.1124 -0.0671821 2.5
      vertex 20.1124 -0.0671821 3.2
    endloop
  endfacet
  facet normal 0.974923 -0.222544 0
    outer loop
      vertex 20.1124 -0.0671821 2.5
      vertex 20.0825 -0.198168 3.2
      vertex 20.0825 -0.198168 2.5
    endloop
  endfacet
  facet normal 1 -0 0
    outer loop
      vertex 20.1124 -0.0671821 3.2
      vertex 20.1124 0.0671699 2.5
      vertex 20.1124 0.0671699 3.2
    endloop
  endfacet
  facet normal 1 0 0
    outer loop
      vertex 20.1124 0.0671699 2.5
      vertex 20.1124 -0.0671821 3.2
      vertex 20.1124 -0.0671821 2.5
    endloop
  endfacet
  facet normal 0.974923 0.222544 0
    outer loop
      vertex 20.1124 0.0671699 3.2
      vertex 20.0825 0.198156 2.5
      vertex 20.0825 0.198156 3.2
    endloop
  endfacet
  facet normal 0.974923 0.222544 0
    outer loop
      vertex 20.0825 0.198156 2.5
      vertex 20.1124 0.0671699 3.2
      vertex 20.1124 0.0671699 2.5
    endloop
  endfacet
  facet normal 0.900966 0.43389 0
    outer loop
      vertex 20.0825 0.198156 3.2
      vertex 20.0242 0.319215 2.5
      vertex 20.0242 0.319215 3.2
    endloop
  endfacet
  facet normal 0.900966 0.43389 0
    outer loop
      vertex 20.0242 0.319215 2.5
      vertex 20.0825 0.198156 3.2
      vertex 20.0825 0.198156 2.5
    endloop
  endfacet
  facet normal 0.781702 0.623653 0
    outer loop
      vertex 20.0242 0.319215 3.2
      vertex 19.9404 0.424252 2.5
      vertex 19.9404 0.424252 3.2
    endloop
  endfacet
  facet normal 0.781702 0.623653 0
    outer loop
      vertex 19.9404 0.424252 2.5
      vertex 20.0242 0.319215 3.2
      vertex 20.0242 0.319215 2.5
    endloop
  endfacet
  facet normal 0.707107 0.707107 0
    outer loop
      vertex 19.9404 0.424252 3.2
      vertex 0.424258 19.9404 2.5
      vertex 0.424258 19.9404 3.2
    endloop
  endfacet
  facet normal 0.707107 0.707107 0
    outer loop
      vertex 0.424258 19.9404 2.5
      vertex 19.9404 0.424252 3.2
      vertex 19.9404 0.424252 2.5
    endloop
  endfacet
  facet normal 0.623653 0.781702 -0
    outer loop
      vertex 0.424258 19.9404 2.5
      vertex 0.319221 20.0242 3.2
      vertex 0.424258 19.9404 3.2
    endloop
  endfacet
  facet normal 0.623653 0.781702 0
    outer loop
      vertex 0.319221 20.0242 3.2
      vertex 0.424258 19.9404 2.5
      vertex 0.319221 20.0242 2.5
    endloop
  endfacet
  facet normal 0.43389 0.900966 -0
    outer loop
      vertex 0.319221 20.0242 2.5
      vertex 0.198162 20.0825 3.2
      vertex 0.319221 20.0242 3.2
    endloop
  endfacet
  facet normal 0.43389 0.900966 0
    outer loop
      vertex 0.198162 20.0825 3.2
      vertex 0.319221 20.0242 2.5
      vertex 0.198162 20.0825 2.5
    endloop
  endfacet
  facet normal 0.221837 0.975084 -0
    outer loop
      vertex 0.198162 20.0825 2.5
      vertex 0.067176 20.1123 3.2
      vertex 0.198162 20.0825 3.2
    endloop
  endfacet
  facet normal 0.221837 0.975084 0
    outer loop
      vertex 0.067176 20.1123 3.2
      vertex 0.198162 20.0825 2.5
      vertex 0.067176 20.1123 2.5
    endloop
  endfacet
  facet normal 0 1 -0
    outer loop
      vertex 0.067176 20.1123 2.5
      vertex -0.067176 20.1123 3.2
      vertex 0.067176 20.1123 3.2
    endloop
  endfacet
  facet normal 0 1 0
    outer loop
      vertex -0.067176 20.1123 3.2
      vertex 0.067176 20.1123 2.5
      vertex -0.067176 20.1123 2.5
    endloop
  endfacet
  facet normal -0.221837 0.975084 0
    outer loop
      vertex -0.067176 20.1123 2.5
      vertex -0.198162 20.0825 3.2
      vertex -0.067176 20.1123 3.2
    endloop
  endfacet
  facet normal -0.221837 0.975084 0
    outer loop
      vertex -0.198162 20.0825 3.2
      vertex -0.067176 20.1123 2.5
      vertex -0.198162 20.0825 2.5
    endloop
  endfacet
  facet normal -0.43389 0.900966 0
    outer loop
      vertex -0.198162 20.0825 2.5
      vertex -0.319221 20.0242 3.2
      vertex -0.198162 20.0825 3.2
    endloop
  endfacet
  facet normal -0.43389 0.900966 0
    outer loop
      vertex -0.319221 20.0242 3.2
      vertex -0.198162 20.0825 2.5
      vertex -0.319221 20.0242 2.5
    endloop
  endfacet
  facet normal -0.623653 0.781702 0
    outer loop
      vertex -0.319221 20.0242 2.5
      vertex -0.424258 19.9404 3.2
      vertex -0.319221 20.0242 3.2
    endloop
  endfacet
  facet normal -0.623653 0.781702 0
    outer loop
      vertex -0.424258 19.9404 3.2
      vertex -0.319221 20.0242 2.5
      vertex -0.424258 19.9404 2.5
    endloop
  endfacet
  facet normal -0.707107 0.707107 0
    outer loop
      vertex -19.9404 0.424252 2.5
      vertex -0.424258 19.9404 3.2
      vertex -0.424258 19.9404 2.5
    endloop
  endfacet
  facet normal -0.707107 0.707107 0
    outer loop
      vertex -0.424258 19.9404 3.2
      vertex -19.9404 0.424252 2.5
      vertex -19.9404 0.424252 3.2
    endloop
  endfacet
  facet normal -0.781702 0.623653 0
    outer loop
      vertex -20.0242 0.319215 2.5
      vertex -19.9404 0.424252 3.2
      vertex -19.9404 0.424252 2.5
    endloop
  endfacet
  facet normal -0.781702 0.623653 0
    outer loop
      vertex -19.9404 0.424252 3.2
      vertex -20.0242 0.319215 2.5
      vertex -20.0242 0.319215 3.2
    endloop
  endfacet
  facet normal -0.900966 0.43389 0
    outer loop
      vertex -20.0825 0.198156 2.5
      vertex -20.0242 0.319215 3.2
      vertex -20.0242 0.319215 2.5
    endloop
  endfacet
  facet normal -0.900966 0.43389 0
    outer loop
      vertex -20.0242 0.319215 3.2
      vertex -20.0825 0.198156 2.5
      vertex -20.0825 0.198156 3.2
    endloop
  endfacet
  facet normal -0.974923 0.222544 0
    outer loop
      vertex -20.1124 0.0671699 2.5
      vertex -20.0825 0.198156 3.2
      vertex -20.0825 0.198156 2.5
    endloop
  endfacet
  facet normal -0.974923 0.222544 0
    outer loop
      vertex -20.0825 0.198156 3.2
      vertex -20.1124 0.0671699 2.5
      vertex -20.1124 0.0671699 3.2
    endloop
  endfacet
  facet normal -1 0 0
    outer loop
      vertex -20.1124 -0.0671821 2.5
      vertex -20.1124 0.0671699 3.2
      vertex -20.1124 0.0671699 2.5
    endloop
  endfacet
  facet normal -1 -0 0
    outer loop
      vertex -20.1124 0.0671699 3.2
      vertex -20.1124 -0.0671821 2.5
      vertex -20.1124 -0.0671821 3.2
    endloop
  endfacet
  facet normal -0.974923 -0.222544 0
    outer loop
      vertex -20.0825 -0.198168 2.5
      vertex -20.1124 -0.0671821 3.2
      vertex -20.1124 -0.0671821 2.5
    endloop
  endfacet
  facet normal -0.974923 -0.222544 0
    outer loop
      vertex -20.1124 -0.0671821 3.2
      vertex -20.0825 -0.198168 2.5
      vertex -20.0825 -0.198168 3.2
    endloop
  endfacet
  facet normal -0.900966 -0.43389 0
    outer loop
      vertex -20.0242 -0.319227 2.5
      vertex -20.0825 -0.198168 3.2
      vertex -20.0825 -0.198168 2.5
    endloop
  endfacet
  facet normal -0.900966 -0.43389 0
    outer loop
      vertex -20.0825 -0.198168 3.2
      vertex -20.0242 -0.319227 2.5
      vertex -20.0242 -0.319227 3.2
    endloop
  endfacet
  facet normal -0.781702 -0.623653 0
    outer loop
      vertex -19.9404 -0.424264 2.5
      vertex -20.0242 -0.319227 3.2
      vertex -20.0242 -0.319227 2.5
    endloop
  endfacet
  facet normal -0.781702 -0.623653 0
    outer loop
      vertex -20.0242 -0.319227 3.2
      vertex -19.9404 -0.424264 2.5
      vertex -19.9404 -0.424264 3.2
    endloop
  endfacet
  facet normal -0.707107 -0.707107 0
    outer loop
      vertex -0.424258 -19.9404 2.5
      vertex -19.9404 -0.424264 3.2
      vertex -19.9404 -0.424264 2.5
    endloop
  endfacet
  facet normal -0.707107 -0.707107 0
    outer loop
      vertex -19.9404 -0.424264 3.2
      vertex -0.424258 -19.9404 2.5
      vertex -0.424258 -19.9404 3.2
    endloop
  endfacet
  facet normal -0.623653 -0.781702 0
    outer loop
      vertex -0.424258 -19.9404 2.5
      vertex -0.319221 -20.0242 3.2
      vertex -0.424258 -19.9404 3.2
    endloop
  endfacet
  facet normal -0.623653 -0.781702 -0
    outer loop
      vertex -0.319221 -20.0242 3.2
      vertex -0.424258 -19.9404 2.5
      vertex -0.319221 -20.0242 2.5
    endloop
  endfacet
  facet normal -0.43389 -0.900966 0
    outer loop
      vertex -0.319221 -20.0242 2.5
      vertex -0.198162 -20.0825 3.2
      vertex -0.319221 -20.0242 3.2
    endloop
  endfacet
  facet normal -0.43389 -0.900966 -0
    outer loop
      vertex -0.198162 -20.0825 3.2
      vertex -0.319221 -20.0242 2.5
      vertex -0.198162 -20.0825 2.5
    endloop
  endfacet
  facet normal -0.222544 -0.974923 0
    outer loop
      vertex -0.198162 -20.0825 2.5
      vertex -0.067176 -20.1124 3.2
      vertex -0.198162 -20.0825 3.2
    endloop
  endfacet
  facet normal -0.222544 -0.974923 -0
    outer loop
      vertex -0.067176 -20.1124 3.2
      vertex -0.198162 -20.0825 2.5
      vertex -0.067176 -20.1124 2.5
    endloop
  endfacet
  facet normal 0 -1 0
    outer loop
      vertex -0.067176 -20.1124 2.5
      vertex 0.067176 -20.1124 3.2
      vertex -0.067176 -20.1124 3.2
    endloop
  endfacet
  facet normal 0 -1 -0
    outer loop
      vertex 0.067176 -20.1124 3.2
      vertex -0.067176 -20.1124 2.5
      vertex 0.067176 -20.1124 2.5
    endloop
  endfacet
  facet normal 0.222544 -0.974923 0
    outer loop
      vertex 0.067176 -20.1124 2.5
      vertex 0.198162 -20.0825 3.2
      vertex 0.067176 -20.1124 3.2
    endloop
  endfacet
  facet normal 0.222544 -0.974923 0
    outer loop
      vertex 0.198162 -20.0825 3.2
      vertex 0.067176 -20.1124 2.5
      vertex 0.198162 -20.0825 2.5
    endloop
  endfacet
  facet normal 0.43389 -0.900966 0
    outer loop
      vertex 0.198162 -20.0825 2.5
      vertex 0.319221 -20.0242 3.2
      vertex 0.198162 -20.0825 3.2
    endloop
  endfacet
  facet normal 0.43389 -0.900966 0
    outer loop
      vertex 0.319221 -20.0242 3.2
      vertex 0.198162 -20.0825 2.5
      vertex 0.319221 -20.0242 2.5
    endloop
  endfacet
  facet normal 0.623653 -0.781702 0
    outer loop
      vertex 0.319221 -20.0242 2.5
      vertex 0.424258 -19.9404 3.2
      vertex 0.319221 -20.0242 3.2
    endloop
  endfacet
  facet normal 0.623653 -0.781702 0
    outer loop
      vertex 0.424258 -19.9404 3.2
      vertex 0.319221 -20.0242 2.5
      vertex 0.424258 -19.9404 2.5
    endloop
  endfacet
  facet normal 0.707107 -0.707107 0
    outer loop
      vertex 0.424258 -19.9404 3.2
      vertex 19.9404 -0.424264 2.5
      vertex 19.9404 -0.424264 3.2
    endloop
  endfacet
  facet normal 0.707107 -0.707107 0
    outer loop
      vertex 19.9404 -0.424264 2.5
      vertex 0.424258 -19.9404 3.2
      vertex 0.424258 -19.9404 2.5
    endloop
  endfacet
  facet normal 0.781702 -0.623653 0
    outer loop
      vertex 19.9404 -0.424264 3.2
      vertex 20.0242 -0.319227 2.5
      vertex 20.0242 -0.319227 3.2
    endloop
  endfacet
  facet normal 0.781702 -0.623653 0
    outer loop
      vertex 20.0242 -0.319227 2.5
      vertex 19.9404 -0.424264 3.2
      vertex 19.9404 -0.424264 2.5
    endloop
  endfacet
  facet normal 0.707107 0.707107 0
    outer loop
      vertex 0 -18.6676 3.2
      vertex -18.6676 -6.06915e-06 2.5
      vertex -18.6676 -6.06915e-06 3.2
    endloop
  endfacet
  facet normal 0.707107 0.707107 0
    outer loop
      vertex -18.6676 -6.06915e-06 2.5
      vertex 0 -18.6676 3.2
      vertex 0 -18.6676 2.5
    endloop
  endfacet
  facet normal 0.707107 -0.707107 0
    outer loop
      vertex -18.6676 -6.06915e-06 3.2
      vertex 0 18.6676 2.5
      vertex 0 18.6676 3.2
    endloop
  endfacet
  facet normal 0.707107 -0.707107 0
    outer loop
      vertex 0 18.6676 2.5
      vertex -18.6676 -6.06915e-06 3.2
      vertex -18.6676 -6.06915e-06 2.5
    endloop
  endfacet
  facet normal -0.707107 -0.707107 0
    outer loop
      vertex 18.6676 -6.06915e-06 2.5
      vertex 0 18.6676 3.2
      vertex 0 18.6676 2.5
    endloop
  endfacet
  facet normal -0.707107 -0.707107 0
    outer loop
      vertex 0 18.6676 3.2
      vertex 18.6676 -6.06915e-06 2.5
      vertex 18.6676 -6.06915e-06 3.2
    endloop
  endfacet
  facet normal -0.707107 0.707107 0
    outer loop
      vertex 0 -18.6676 2.5
      vertex 18.6676 -6.06915e-06 3.2
      vertex 18.6676 -6.06915e-06 2.5
    endloop
  endfacet
  facet normal -0.707107 0.707107 0
    outer loop
      vertex 18.6676 -6.06915e-06 3.2
      vertex 0 -18.6676 2.5
      vertex 0 -18.6676 3.2
    endloop
  endfacet
  facet normal 0.772918 -0.634505 0
    outer loop
      vertex 20.5061 -0.707107 2.5
      vertex 20.6305 -0.55557 -2.5
      vertex 20.6305 -0.55557 2.5
    endloop
  endfacet
  facet normal 0.772918 -0.634505 0
    outer loop
      vertex 20.6305 -0.55557 -2.5
      vertex 20.5061 -0.707107 2.5
      vertex 20.5061 -0.707107 -2.5
    endloop
  endfacet
  facet normal -0.707107 -0.707107 0
    outer loop
      vertex -0.707107 -20.5061 -2.5
      vertex -20.5061 -0.707107 2.5
      vertex -20.5061 -0.707107 -2.5
    endloop
  endfacet
  facet normal -0.707107 -0.707107 0
    outer loop
      vertex -20.5061 -0.707107 2.5
      vertex -0.707107 -20.5061 -2.5
      vertex -0.707107 -20.5061 2.5
    endloop
  endfacet
  facet normal 0.707107 0.707107 0
    outer loop
      vertex 20.5061 0.707107 2.5
      vertex 9 12.2132 -2.5
      vertex 9 12.2132 2.5
    endloop
  endfacet
  facet normal 0.707107 0.707107 0
    outer loop
      vertex 9 12.2132 -2.5
      vertex 20.5061 0.707107 2.5
      vertex 20.5061 0.707107 -2.5
    endloop
  endfacet
  facet normal 0.634505 -0.772918 0
    outer loop
      vertex 0.55557 -20.6305 -2.5
      vertex 0.707107 -20.5061 2.5
      vertex 0.55557 -20.6305 2.5
    endloop
  endfacet
  facet normal 0.634505 -0.772918 0
    outer loop
      vertex 0.707107 -20.5061 2.5
      vertex 0.55557 -20.6305 -2.5
      vertex 0.707107 -20.5061 -2.5
    endloop
  endfacet
  facet normal 0.995192 0.0979424 0
    outer loop
      vertex 20.799 0 2.5
      vertex 20.7798 0.195091 -2.5
      vertex 20.7798 0.195091 2.5
    endloop
  endfacet
  facet normal 0.995192 0.0979424 0
    outer loop
      vertex 20.7798 0.195091 -2.5
      vertex 20.799 0 2.5
      vertex 20.799 0 -2.5
    endloop
  endfacet
  facet normal 0.956948 0.290259 0
    outer loop
      vertex 20.7798 0.195091 2.5
      vertex 20.7229 0.382683 -2.5
      vertex 20.7229 0.382683 2.5
    endloop
  endfacet
  facet normal 0.956948 0.290259 0
    outer loop
      vertex 20.7229 0.382683 -2.5
      vertex 20.7798 0.195091 2.5
      vertex 20.7798 0.195091 -2.5
    endloop
  endfacet
  facet normal 0.881943 0.471357 0
    outer loop
      vertex 20.7229 0.382683 2.5
      vertex 20.6305 0.55557 -2.5
      vertex 20.6305 0.55557 2.5
    endloop
  endfacet
  facet normal 0.881943 0.471357 0
    outer loop
      vertex 20.6305 0.55557 -2.5
      vertex 20.7229 0.382683 2.5
      vertex 20.7229 0.382683 -2.5
    endloop
  endfacet
  facet normal -0.772918 -0.634505 0
    outer loop
      vertex -20.5061 -0.707107 -2.5
      vertex -20.6305 -0.55557 2.5
      vertex -20.6305 -0.55557 -2.5
    endloop
  endfacet
  facet normal -0.772918 -0.634505 0
    outer loop
      vertex -20.6305 -0.55557 2.5
      vertex -20.5061 -0.707107 -2.5
      vertex -20.5061 -0.707107 2.5
    endloop
  endfacet
  facet normal -0.881943 -0.471357 0
    outer loop
      vertex -20.6305 -0.55557 -2.5
      vertex -20.7229 -0.382683 2.5
      vertex -20.7229 -0.382683 -2.5
    endloop
  endfacet
  facet normal -0.881943 -0.471357 0
    outer loop
      vertex -20.7229 -0.382683 2.5
      vertex -20.6305 -0.55557 -2.5
      vertex -20.6305 -0.55557 2.5
    endloop
  endfacet
  facet normal 0.772918 0.634505 0
    outer loop
      vertex 20.6305 0.55557 2.5
      vertex 20.5061 0.707107 -2.5
      vertex 20.5061 0.707107 2.5
    endloop
  endfacet
  facet normal 0.772918 0.634505 0
    outer loop
      vertex 20.5061 0.707107 -2.5
      vertex 20.6305 0.55557 2.5
      vertex 20.6305 0.55557 -2.5
    endloop
  endfacet
  facet normal 0.707107 -0.707107 0
    outer loop
      vertex 0.707107 -20.5061 2.5
      vertex 20.5061 -0.707107 -2.5
      vertex 20.5061 -0.707107 2.5
    endloop
  endfacet
  facet normal 0.707107 -0.707107 0
    outer loop
      vertex 20.5061 -0.707107 -2.5
      vertex 0.707107 -20.5061 2.5
      vertex 0.707107 -20.5061 -2.5
    endloop
  endfacet
  facet normal -0.707107 0.707107 0
    outer loop
      vertex -20.5061 0.707107 -2.5
      vertex -9 12.2132 2.5
      vertex -9 12.2132 -2.5
    endloop
  endfacet
  facet normal -0.707107 0.707107 0
    outer loop
      vertex -9 12.2132 2.5
      vertex -20.5061 0.707107 -2.5
      vertex -20.5061 0.707107 2.5
    endloop
  endfacet
  facet normal -0.290259 -0.956948 0
    outer loop
      vertex -0.382683 -20.7229 -2.5
      vertex -0.195091 -20.7798 2.5
      vertex -0.382683 -20.7229 2.5
    endloop
  endfacet
  facet normal -0.290259 -0.956948 -0
    outer loop
      vertex -0.195091 -20.7798 2.5
      vertex -0.382683 -20.7229 -2.5
      vertex -0.195091 -20.7798 -2.5
    endloop
  endfacet
  facet normal 0.471357 -0.881943 0
    outer loop
      vertex 0.382683 -20.7229 -2.5
      vertex 0.55557 -20.6305 2.5
      vertex 0.382683 -20.7229 2.5
    endloop
  endfacet
  facet normal 0.471357 -0.881943 0
    outer loop
      vertex 0.55557 -20.6305 2.5
      vertex 0.382683 -20.7229 -2.5
      vertex 0.55557 -20.6305 -2.5
    endloop
  endfacet
  facet normal 0.881943 -0.471357 0
    outer loop
      vertex 20.6305 -0.55557 2.5
      vertex 20.7229 -0.382683 -2.5
      vertex 20.7229 -0.382683 2.5
    endloop
  endfacet
  facet normal 0.881943 -0.471357 0
    outer loop
      vertex 20.7229 -0.382683 -2.5
      vertex 20.6305 -0.55557 2.5
      vertex 20.6305 -0.55557 -2.5
    endloop
  endfacet
  facet normal -0.995192 0.0979424 0
    outer loop
      vertex -20.799 0 -2.5
      vertex -20.7798 0.195091 2.5
      vertex -20.7798 0.195091 -2.5
    endloop
  endfacet
  facet normal -0.995192 0.0979424 0
    outer loop
      vertex -20.7798 0.195091 2.5
      vertex -20.799 0 -2.5
      vertex -20.799 0 2.5
    endloop
  endfacet
  facet normal 0.0979424 -0.995192 0
    outer loop
      vertex 0 -20.799 -2.5
      vertex 0.195091 -20.7798 2.5
      vertex 0 -20.799 2.5
    endloop
  endfacet
  facet normal 0.0979424 -0.995192 0
    outer loop
      vertex 0.195091 -20.7798 2.5
      vertex 0 -20.799 -2.5
      vertex 0.195091 -20.7798 -2.5
    endloop
  endfacet
  facet normal -0.772918 0.634505 0
    outer loop
      vertex -20.6305 0.55557 -2.5
      vertex -20.5061 0.707107 2.5
      vertex -20.5061 0.707107 -2.5
    endloop
  endfacet
  facet normal -0.772918 0.634505 0
    outer loop
      vertex -20.5061 0.707107 2.5
      vertex -20.6305 0.55557 -2.5
      vertex -20.6305 0.55557 2.5
    endloop
  endfacet
  facet normal 0.956948 -0.290259 0
    outer loop
      vertex 20.7229 -0.382683 2.5
      vertex 20.7798 -0.195091 -2.5
      vertex 20.7798 -0.195091 2.5
    endloop
  endfacet
  facet normal 0.956948 -0.290259 0
    outer loop
      vertex 20.7798 -0.195091 -2.5
      vertex 20.7229 -0.382683 2.5
      vertex 20.7229 -0.382683 -2.5
    endloop
  endfacet
  facet normal -0.634505 -0.772918 0
    outer loop
      vertex -0.707107 -20.5061 -2.5
      vertex -0.55557 -20.6305 2.5
      vertex -0.707107 -20.5061 2.5
    endloop
  endfacet
  facet normal -0.634505 -0.772918 -0
    outer loop
      vertex -0.55557 -20.6305 2.5
      vertex -0.707107 -20.5061 -2.5
      vertex -0.55557 -20.6305 -2.5
    endloop
  endfacet
  facet normal -0.956948 -0.290259 0
    outer loop
      vertex -20.7229 -0.382683 -2.5
      vertex -20.7798 -0.195091 2.5
      vertex -20.7798 -0.195091 -2.5
    endloop
  endfacet
  facet normal -0.956948 -0.290259 0
    outer loop
      vertex -20.7798 -0.195091 2.5
      vertex -20.7229 -0.382683 -2.5
      vertex -20.7229 -0.382683 2.5
    endloop
  endfacet
  facet normal 0.995192 -0.0979424 0
    outer loop
      vertex 20.7798 -0.195091 2.5
      vertex 20.799 0 -2.5
      vertex 20.799 0 2.5
    endloop
  endfacet
  facet normal 0.995192 -0.0979424 0
    outer loop
      vertex 20.799 0 -2.5
      vertex 20.7798 -0.195091 2.5
      vertex 20.7798 -0.195091 -2.5
    endloop
  endfacet
  facet normal 0.290259 -0.956948 0
    outer loop
      vertex 0.195091 -20.7798 -2.5
      vertex 0.382683 -20.7229 2.5
      vertex 0.195091 -20.7798 2.5
    endloop
  endfacet
  facet normal 0.290259 -0.956948 0
    outer loop
      vertex 0.382683 -20.7229 2.5
      vertex 0.195091 -20.7798 -2.5
      vertex 0.382683 -20.7229 -2.5
    endloop
  endfacet
  facet normal -0.0979424 -0.995192 0
    outer loop
      vertex -0.195091 -20.7798 -2.5
      vertex 0 -20.799 2.5
      vertex -0.195091 -20.7798 2.5
    endloop
  endfacet
  facet normal -0.0979424 -0.995192 -0
    outer loop
      vertex 0 -20.799 2.5
      vertex -0.195091 -20.7798 -2.5
      vertex 0 -20.799 -2.5
    endloop
  endfacet
  facet normal -0.471357 -0.881943 0
    outer loop
      vertex -0.55557 -20.6305 -2.5
      vertex -0.382683 -20.7229 2.5
      vertex -0.55557 -20.6305 2.5
    endloop
  endfacet
  facet normal -0.471357 -0.881943 -0
    outer loop
      vertex -0.382683 -20.7229 2.5
      vertex -0.55557 -20.6305 -2.5
      vertex -0.382683 -20.7229 -2.5
    endloop
  endfacet
  facet normal -0.995192 -0.0979424 0
    outer loop
      vertex -20.7798 -0.195091 -2.5
      vertex -20.799 0 2.5
      vertex -20.799 0 -2.5
    endloop
  endfacet
  facet normal -0.995192 -0.0979424 0
    outer loop
      vertex -20.799 0 2.5
      vertex -20.7798 -0.195091 -2.5
      vertex -20.7798 -0.195091 2.5
    endloop
  endfacet
  facet normal -0.956948 0.290259 0
    outer loop
      vertex -20.7798 0.195091 -2.5
      vertex -20.7229 0.382683 2.5
      vertex -20.7229 0.382683 -2.5
    endloop
  endfacet
  facet normal -0.956948 0.290259 0
    outer loop
      vertex -20.7229 0.382683 2.5
      vertex -20.7798 0.195091 -2.5
      vertex -20.7798 0.195091 2.5
    endloop
  endfacet
  facet normal 0 0 1
    outer loop
      vertex -9 12.2132 2.5
      vertex -20.5061 0.707107 2.5
      vertex -9 8.9 2.5
    endloop
  endfacet
  facet normal 0 0 1
    outer loop
      vertex 20.7798 0.195091 2.5
      vertex 20.7798 -0.195091 2.5
      vertex 20.799 0 2.5
    endloop
  endfacet
  facet normal 0 0 1
    outer loop
      vertex 20.7229 0.382683 2.5
      vertex 20.7798 -0.195091 2.5
      vertex 20.7798 0.195091 2.5
    endloop
  endfacet
  facet normal 0 0 1
    outer loop
      vertex 20.7229 0.382683 2.5
      vertex 20.7229 -0.382683 2.5
      vertex 20.7798 -0.195091 2.5
    endloop
  endfacet
  facet normal 0 0 1
    outer loop
      vertex 20.6305 0.55557 2.5
      vertex 20.7229 -0.382683 2.5
      vertex 20.7229 0.382683 2.5
    endloop
  endfacet
  facet normal 0 0 1
    outer loop
      vertex 20.6305 0.55557 2.5
      vertex 20.6305 -0.55557 2.5
      vertex 20.7229 -0.382683 2.5
    endloop
  endfacet
  facet normal 0 0 1
    outer loop
      vertex 20.5061 0.707107 2.5
      vertex 20.6305 -0.55557 2.5
      vertex 20.6305 0.55557 2.5
    endloop
  endfacet
  facet normal 0 0 1
    outer loop
      vertex 20.5061 0.707107 2.5
      vertex 20.5061 -0.707107 2.5
      vertex 20.6305 -0.55557 2.5
    endloop
  endfacet
  facet normal -0 0 1
    outer loop
      vertex 9 8.9 2.5
      vertex 20.5061 0.707107 2.5
      vertex 9 12.2132 2.5
    endloop
  endfacet
  facet normal 0 0 1
    outer loop
      vertex 20.5061 0.707107 2.5
      vertex 9 8.9 2.5
      vertex 20.5061 -0.707107 2.5
    endloop
  endfacet
  facet normal 0 0 1
    outer loop
      vertex 9 8.9 2.5
      vertex 0.707107 -20.5061 2.5
      vertex 20.5061 -0.707107 2.5
    endloop
  endfacet
  facet normal 0 0 1
    outer loop
      vertex -0.707107 -20.5061 2.5
      vertex 0.707107 -20.5061 2.5
      vertex 9 8.9 2.5
    endloop
  endfacet
  facet normal 0 0 1
    outer loop
      vertex 0.707107 -20.5061 2.5
      vertex -0.707107 -20.5061 2.5
      vertex 0.55557 -20.6305 2.5
    endloop
  endfacet
  facet normal 0 0 1
    outer loop
      vertex 0.55557 -20.6305 2.5
      vertex -0.707107 -20.5061 2.5
      vertex 0.382683 -20.7229 2.5
    endloop
  endfacet
  facet normal 0 0 1
    outer loop
      vertex 0.382683 -20.7229 2.5
      vertex -0.707107 -20.5061 2.5
      vertex 0.195091 -20.7798 2.5
    endloop
  endfacet
  facet normal 0 0 1
    outer loop
      vertex 0.195091 -20.7798 2.5
      vertex -0.707107 -20.5061 2.5
      vertex 0 -20.799 2.5
    endloop
  endfacet
  facet normal 0 0 1
    outer loop
      vertex 0 -20.799 2.5
      vertex -0.707107 -20.5061 2.5
      vertex -0.195091 -20.7798 2.5
    endloop
  endfacet
  facet normal 0 0 1
    outer loop
      vertex -0.195091 -20.7798 2.5
      vertex -0.707107 -20.5061 2.5
      vertex -0.382683 -20.7229 2.5
    endloop
  endfacet
  facet normal 0 0 1
    outer loop
      vertex -0.382683 -20.7229 2.5
      vertex -0.707107 -20.5061 2.5
      vertex -0.55557 -20.6305 2.5
    endloop
  endfacet
  facet normal -0 0 1
    outer loop
      vertex -9 8.9 2.5
      vertex -0.707107 -20.5061 2.5
      vertex 9 8.9 2.5
    endloop
  endfacet
  facet normal 0 0 1
    outer loop
      vertex -20.5061 -0.707107 2.5
      vertex -9 8.9 2.5
      vertex -20.5061 0.707107 2.5
    endloop
  endfacet
  facet normal 0 0 1
    outer loop
      vertex -9 8.9 2.5
      vertex -20.5061 -0.707107 2.5
      vertex -0.707107 -20.5061 2.5
    endloop
  endfacet
  facet normal -0 0 1
    outer loop
      vertex -20.6305 0.55557 2.5
      vertex -20.5061 -0.707107 2.5
      vertex -20.5061 0.707107 2.5
    endloop
  endfacet
  facet normal 0 0 1
    outer loop
      vertex -20.6305 0.55557 2.5
      vertex -20.6305 -0.55557 2.5
      vertex -20.5061 -0.707107 2.5
    endloop
  endfacet
  facet normal -0 0 1
    outer loop
      vertex -20.7229 0.382683 2.5
      vertex -20.6305 -0.55557 2.5
      vertex -20.6305 0.55557 2.5
    endloop
  endfacet
  facet normal 0 0 1
    outer loop
      vertex -20.7229 0.382683 2.5
      vertex -20.7229 -0.382683 2.5
      vertex -20.6305 -0.55557 2.5
    endloop
  endfacet
  facet normal -0 0 1
    outer loop
      vertex -20.7798 0.195091 2.5
      vertex -20.7229 -0.382683 2.5
      vertex -20.7229 0.382683 2.5
    endloop
  endfacet
  facet normal 0 0 1
    outer loop
      vertex -20.7798 0.195091 2.5
      vertex -20.7798 -0.195091 2.5
      vertex -20.7229 -0.382683 2.5
    endloop
  endfacet
  facet normal 0 -0 1
    outer loop
      vertex -20.7798 -0.195091 2.5
      vertex -20.7798 0.195091 2.5
      vertex -20.799 0 2.5
    endloop
  endfacet
  facet normal -0.881943 0.471357 0
    outer loop
      vertex -20.7229 0.382683 -2.5
      vertex -20.6305 0.55557 2.5
      vertex -20.6305 0.55557 -2.5
    endloop
  endfacet
  facet normal -0.881943 0.471357 0
    outer loop
      vertex -20.6305 0.55557 2.5
      vertex -20.7229 0.382683 -2.5
      vertex -20.7229 0.382683 2.5
    endloop
  endfacet
  facet normal -0 0 -1
    outer loop
      vertex -2.4687 5.10213 -2.5
      vertex -5.61909 2.58885 -2.5
      vertex -3.12121 5.68965 -2.5
    endloop
  endfacet
  facet normal 0 0 -1
    outer loop
      vertex -6.19844 2.92334 -2.5
      vertex -3.12121 5.68965 -2.5
      vertex -5.61909 2.58885 -2.5
    endloop
  endfacet
  facet normal -0 0 -1
    outer loop
      vertex -3.12121 5.68965 -2.5
      vertex -6.19844 2.92334 -2.5
      vertex -3.63731 6.4 -2.5
    endloop
  endfacet
  facet normal 0 0 -1
    outer loop
      vertex -6.83468 3.13007 -2.5
      vertex -3.63731 6.4 -2.5
      vertex -6.19844 2.92334 -2.5
    endloop
  endfacet
  facet normal -0 0 -1
    outer loop
      vertex -3.63731 6.4 -2.5
      vertex -6.83468 3.13007 -2.5
      vertex -3.99444 7.20213 -2.5
    endloop
  endfacet
  facet normal 0 0 -1
    outer loop
      vertex -7.5 3.2 -2.5
      vertex -3.99444 7.20213 -2.5
      vertex -6.83468 3.13007 -2.5
    endloop
  endfacet
  facet normal 0 0 -1
    outer loop
      vertex -9 8.9 -2.5
      vertex -3.99444 7.20213 -2.5
      vertex -7.5 3.2 -2.5
    endloop
  endfacet
  facet normal 0 0 -1
    outer loop
      vertex -3.99444 7.20213 -2.5
      vertex -9 8.9 -2.5
      vertex -4.17699 8.06098 -2.5
    endloop
  endfacet
  facet normal 0 0 -1
    outer loop
      vertex -9 8.9 -2.5
      vertex -7.5 3.2 -2.5
      vertex -8.16532 3.13007 -2.5
    endloop
  endfacet
  facet normal 0 0 -1
    outer loop
      vertex -9 8.9 -2.5
      vertex -8.16532 3.13007 -2.5
      vertex -8.80156 2.92334 -2.5
    endloop
  endfacet
  facet normal 0 0 -1
    outer loop
      vertex -4.17699 8.06098 -2.5
      vertex -9 8.9 -2.5
      vertex -4.17699 8.9 -2.5
    endloop
  endfacet
  facet normal 0 0 -1
    outer loop
      vertex -9.38091 2.58885 -2.5
      vertex -9 8.9 -2.5
      vertex -8.80156 2.92334 -2.5
    endloop
  endfacet
  facet normal 0 0 -1
    outer loop
      vertex -9.87806 2.14122 -2.5
      vertex -9 8.9 -2.5
      vertex -9.38091 2.58885 -2.5
    endloop
  endfacet
  facet normal 0 0 -1
    outer loop
      vertex -20.5061 0.707107 -2.5
      vertex -9 8.9 -2.5
      vertex -9.87806 2.14122 -2.5
    endloop
  endfacet
  facet normal 0 0 -1
    outer loop
      vertex -20.5061 0.707107 -2.5
      vertex -9.87806 2.14122 -2.5
      vertex -10.2713 1.6 -2.5
    endloop
  endfacet
  facet normal 0 0 -1
    outer loop
      vertex -20.5061 0.707107 -2.5
      vertex -10.2713 1.6 -2.5
      vertex -10.5434 0.988853 -2.5
    endloop
  endfacet
  facet normal 0 0 -1
    outer loop
      vertex -20.5061 0.707107 -2.5
      vertex -10.5434 0.988853 -2.5
      vertex -10.6825 0.334491 -2.5
    endloop
  endfacet
  facet normal 0 0 -1
    outer loop
      vertex -20.5061 0.707107 -2.5
      vertex -10.6825 0.334491 -2.5
      vertex -20.5061 -0.707107 -2.5
    endloop
  endfacet
  facet normal -0 0 -1
    outer loop
      vertex -9 8.9 -2.5
      vertex -20.5061 0.707107 -2.5
      vertex -9 12.2132 -2.5
    endloop
  endfacet
  facet normal 0 0 -1
    outer loop
      vertex -20.6305 -0.55557 -2.5
      vertex -20.5061 0.707107 -2.5
      vertex -20.5061 -0.707107 -2.5
    endloop
  endfacet
  facet normal 0 0 -1
    outer loop
      vertex -20.6305 -0.55557 -2.5
      vertex -20.6305 0.55557 -2.5
      vertex -20.5061 0.707107 -2.5
    endloop
  endfacet
  facet normal 0 0 -1
    outer loop
      vertex -20.7229 -0.382683 -2.5
      vertex -20.6305 0.55557 -2.5
      vertex -20.6305 -0.55557 -2.5
    endloop
  endfacet
  facet normal 0 0 -1
    outer loop
      vertex -20.7229 -0.382683 -2.5
      vertex -20.7229 0.382683 -2.5
      vertex -20.6305 0.55557 -2.5
    endloop
  endfacet
  facet normal 0 0 -1
    outer loop
      vertex -20.7798 -0.195091 -2.5
      vertex -20.7229 0.382683 -2.5
      vertex -20.7229 -0.382683 -2.5
    endloop
  endfacet
  facet normal 0 0 -1
    outer loop
      vertex -20.7798 -0.195091 -2.5
      vertex -20.7798 0.195091 -2.5
      vertex -20.7229 0.382683 -2.5
    endloop
  endfacet
  facet normal 0 -0 -1
    outer loop
      vertex -20.7798 0.195091 -2.5
      vertex -20.7798 -0.195091 -2.5
      vertex -20.799 0 -2.5
    endloop
  endfacet
  facet normal -0 0 -1
    outer loop
      vertex 4.32027 -0.386755 -2.5
      vertex 2.56785 -0.834346 -2.5
      vertex 2.68521 -0.282227 -2.5
    endloop
  endfacet
  facet normal 0 0 -1
    outer loop
      vertex 4.79571 -1.85 -2.5
      vertex 2.33827 -1.35 -2.5
      vertex 2.56785 -0.834346 -2.5
    endloop
  endfacet
  facet normal 0 0 -1
    outer loop
      vertex 4.79571 -1.85 -2.5
      vertex 2.00649 -1.80665 -2.5
      vertex 2.33827 -1.35 -2.5
    endloop
  endfacet
  facet normal 0 0 -1
    outer loop
      vertex 1.91166 -4.70634 -2.5
      vertex 2.00649 -1.80665 -2.5
      vertex 2.76259 -5.19762 -2.5
    endloop
  endfacet
  facet normal 0 0 -1
    outer loop
      vertex 1.91166 -4.70634 -2.5
      vertex 1.58702 -2.18435 -2.5
      vertex 2.00649 -1.80665 -2.5
    endloop
  endfacet
  facet normal 0 0 -1
    outer loop
      vertex 1.91166 -4.70634 -2.5
      vertex 1.09819 -2.46657 -2.5
      vertex 1.58702 -2.18435 -2.5
    endloop
  endfacet
  facet normal 0 0 -1
    outer loop
      vertex 0.977184 -4.40271 -2.5
      vertex 1.09819 -2.46657 -2.5
      vertex 1.91166 -4.70634 -2.5
    endloop
  endfacet
  facet normal 0 0 -1
    outer loop
      vertex 0.977184 -4.40271 -2.5
      vertex 0.561361 -2.641 -2.5
      vertex 1.09819 -2.46657 -2.5
    endloop
  endfacet
  facet normal 0 0 -1
    outer loop
      vertex 0 -4.3 -2.5
      vertex 0.561361 -2.641 -2.5
      vertex 0.977184 -4.40271 -2.5
    endloop
  endfacet
  facet normal 0 0 -1
    outer loop
      vertex 0 -4.3 -2.5
      vertex 0 -2.7 -2.5
      vertex 0.561361 -2.641 -2.5
    endloop
  endfacet
  facet normal 0 0 -1
    outer loop
      vertex 0 -4.3 -2.5
      vertex -0.561361 -2.641 -2.5
      vertex 0 -2.7 -2.5
    endloop
  endfacet
  facet normal 0 0 -1
    outer loop
      vertex -0.977184 -4.40271 -2.5
      vertex -0.561361 -2.641 -2.5
      vertex 0 -4.3 -2.5
    endloop
  endfacet
  facet normal 0 0 -1
    outer loop
      vertex -0.977184 -4.40271 -2.5
      vertex -1.09819 -2.46657 -2.5
      vertex -0.561361 -2.641 -2.5
    endloop
  endfacet
  facet normal 0 0 -1
    outer loop
      vertex -1.91166 -4.70634 -2.5
      vertex -1.09819 -2.46657 -2.5
      vertex -0.977184 -4.40271 -2.5
    endloop
  endfacet
  facet normal -0 0 -1
    outer loop
      vertex -1.09819 -2.46657 -2.5
      vertex -1.91166 -4.70634 -2.5
      vertex -1.58702 -2.18435 -2.5
    endloop
  endfacet
  facet normal 0 0 -1
    outer loop
      vertex -1.91166 -4.70634 -2.5
      vertex -2.00649 -1.80665 -2.5
      vertex -1.58702 -2.18435 -2.5
    endloop
  endfacet
  facet normal 0 0 -1
    outer loop
      vertex -2.76259 -5.19762 -2.5
      vertex -2.00649 -1.80665 -2.5
      vertex -1.91166 -4.70634 -2.5
    endloop
  endfacet
  facet normal 0 0 -1
    outer loop
      vertex -2.00649 -1.80665 -2.5
      vertex -4.72872 -1.6 -2.5
      vertex -2.33827 -1.35 -2.5
    endloop
  endfacet
  facet normal 0 -0 -1
    outer loop
      vertex -4.45662 -0.988853 -2.5
      vertex -2.33827 -1.35 -2.5
      vertex -4.72872 -1.6 -2.5
    endloop
  endfacet
  facet normal 0 0 -1
    outer loop
      vertex -2.33827 -1.35 -2.5
      vertex -4.45662 -0.988853 -2.5
      vertex -2.56785 -0.834346 -2.5
    endloop
  endfacet
  facet normal -0 0 -1
    outer loop
      vertex -2.00649 -1.80665 -2.5
      vertex -2.76259 -5.19762 -2.5
      vertex -4.72872 -1.6 -2.5
    endloop
  endfacet
  facet normal 0 0 -1
    outer loop
      vertex 8.76927 3.61915 -2.5
      vertex 9 8.9 -2.5
      vertex 9.50492 3.38012 -2.5
    endloop
  endfacet
  facet normal 0 0 -1
    outer loop
      vertex 8 3.7 -2.5
      vertex 9 8.9 -2.5
      vertex 8.76927 3.61915 -2.5
    endloop
  endfacet
  facet normal 0 0 -1
    outer loop
      vertex 7.23073 3.61915 -2.5
      vertex 9 8.9 -2.5
      vertex 8 3.7 -2.5
    endloop
  endfacet
  facet normal 0 0 -1
    outer loop
      vertex 3.99444 7.20213 -2.5
      vertex 7.23073 3.61915 -2.5
      vertex 6.49508 3.38012 -2.5
    endloop
  endfacet
  facet normal 0 0 -1
    outer loop
      vertex 3.99444 7.20213 -2.5
      vertex 6.49508 3.38012 -2.5
      vertex 5.8252 2.99336 -2.5
    endloop
  endfacet
  facet normal 0 0 -1
    outer loop
      vertex 3.99444 7.20213 -2.5
      vertex 5.8252 2.99336 -2.5
      vertex 5.25036 2.47578 -2.5
    endloop
  endfacet
  facet normal 0 0 -1
    outer loop
      vertex 3.99444 7.20213 -2.5
      vertex 5.25036 2.47578 -2.5
      vertex 4.79571 1.85 -2.5
    endloop
  endfacet
  facet normal 0 0 -1
    outer loop
      vertex 2.56785 0.834346 -2.5
      vertex 4.48109 1.14336 -2.5
      vertex 4.32027 0.386755 -2.5
    endloop
  endfacet
  facet normal 0 0 -1
    outer loop
      vertex 3.99444 7.20213 -2.5
      vertex 4.79571 1.85 -2.5
      vertex 4.48109 1.14336 -2.5
    endloop
  endfacet
  facet normal 0 0 -1
    outer loop
      vertex 7.23073 3.61915 -2.5
      vertex 3.99444 7.20213 -2.5
      vertex 9 8.9 -2.5
    endloop
  endfacet
  facet normal -0 0 -1
    outer loop
      vertex 9 8.9 -2.5
      vertex 4.17699 8.06098 -2.5
      vertex 4.17699 8.9 -2.5
    endloop
  endfacet
  facet normal 0 0 -1
    outer loop
      vertex 20.7798 -0.195091 -2.5
      vertex 20.7798 0.195091 -2.5
      vertex 20.799 0 -2.5
    endloop
  endfacet
  facet normal 0 0 -1
    outer loop
      vertex 20.7229 -0.382683 -2.5
      vertex 20.7798 0.195091 -2.5
      vertex 20.7798 -0.195091 -2.5
    endloop
  endfacet
  facet normal 0 0 -1
    outer loop
      vertex 20.7229 -0.382683 -2.5
      vertex 20.7229 0.382683 -2.5
      vertex 20.7798 0.195091 -2.5
    endloop
  endfacet
  facet normal 0 0 -1
    outer loop
      vertex 20.6305 -0.55557 -2.5
      vertex 20.7229 0.382683 -2.5
      vertex 20.7229 -0.382683 -2.5
    endloop
  endfacet
  facet normal 0 0 -1
    outer loop
      vertex 20.6305 -0.55557 -2.5
      vertex 20.6305 0.55557 -2.5
      vertex 20.7229 0.382683 -2.5
    endloop
  endfacet
  facet normal 0 0 -1
    outer loop
      vertex 20.5061 -0.707107 -2.5
      vertex 20.6305 0.55557 -2.5
      vertex 20.6305 -0.55557 -2.5
    endloop
  endfacet
  facet normal 0 0 -1
    outer loop
      vertex 20.5061 -0.707107 -2.5
      vertex 20.5061 0.707107 -2.5
      vertex 20.6305 0.55557 -2.5
    endloop
  endfacet
  facet normal 0 0 -1
    outer loop
      vertex 20.5061 -0.707107 -2.5
      vertex 11.6797 -0.386755 -2.5
      vertex 20.5061 0.707107 -2.5
    endloop
  endfacet
  facet normal -0 0 -1
    outer loop
      vertex 20.5061 -0.707107 -2.5
      vertex 11.5189 -1.14336 -2.5
      vertex 11.6797 -0.386755 -2.5
    endloop
  endfacet
  facet normal 0 0 -1
    outer loop
      vertex 20.5061 -0.707107 -2.5
      vertex 11.2043 -1.85 -2.5
      vertex 11.5189 -1.14336 -2.5
    endloop
  endfacet
  facet normal 0 0 -1
    outer loop
      vertex 20.5061 -0.707107 -2.5
      vertex 10.7496 -2.47578 -2.5
      vertex 11.2043 -1.85 -2.5
    endloop
  endfacet
  facet normal 0 0 -1
    outer loop
      vertex 20.5061 -0.707107 -2.5
      vertex 10.1748 -2.99336 -2.5
      vertex 10.7496 -2.47578 -2.5
    endloop
  endfacet
  facet normal 0 0 -1
    outer loop
      vertex 4.46996 -10.4524 -2.5
      vertex 10.1748 -2.99336 -2.5
      vertex 20.5061 -0.707107 -2.5
    endloop
  endfacet
  facet normal 0 0 -1
    outer loop
      vertex 10.1748 -2.99336 -2.5
      vertex 4.46996 -10.4524 -2.5
      vertex 9.50492 -3.38012 -2.5
    endloop
  endfacet
  facet normal -0 0 -1
    outer loop
      vertex 7.23073 -3.61915 -2.5
      vertex 4.07032 -6.65 -2.5
      vertex 6.49508 -3.38012 -2.5
    endloop
  endfacet
  facet normal 0 0 -1
    outer loop
      vertex 4.07032 -6.65 -2.5
      vertex 7.23073 -3.61915 -2.5
      vertex 4.46996 -7.54762 -2.5
    endloop
  endfacet
  facet normal -0 0 -1
    outer loop
      vertex 8 -3.7 -2.5
      vertex 4.46996 -7.54762 -2.5
      vertex 7.23073 -3.61915 -2.5
    endloop
  endfacet
  facet normal 0 0 -1
    outer loop
      vertex 4.46996 -7.54762 -2.5
      vertex 8 -3.7 -2.5
      vertex 4.67425 -8.50872 -2.5
    endloop
  endfacet
  facet normal 0 0 -1
    outer loop
      vertex 8.76927 -3.61915 -2.5
      vertex 4.67425 -8.50872 -2.5
      vertex 8 -3.7 -2.5
    endloop
  endfacet
  facet normal 0 0 -1
    outer loop
      vertex 4.67425 -8.50872 -2.5
      vertex 8.76927 -3.61915 -2.5
      vertex 4.67425 -9.49128 -2.5
    endloop
  endfacet
  facet normal 0 -0 -1
    outer loop
      vertex 4.67425 -9.49128 -2.5
      vertex 9.50492 -3.38012 -2.5
      vertex 4.46996 -10.4524 -2.5
    endloop
  endfacet
  facet normal 0 0 -1
    outer loop
      vertex 9.50492 -3.38012 -2.5
      vertex 4.67425 -9.49128 -2.5
      vertex 8.76927 -3.61915 -2.5
    endloop
  endfacet
  facet normal 0 0 -1
    outer loop
      vertex 20.5061 -0.707107 -2.5
      vertex 4.07032 -11.35 -2.5
      vertex 4.46996 -10.4524 -2.5
    endloop
  endfacet
  facet normal 0 0 -1
    outer loop
      vertex 0.707107 -20.5061 -2.5
      vertex 4.07032 -11.35 -2.5
      vertex 20.5061 -0.707107 -2.5
    endloop
  endfacet
  facet normal 0 0 -1
    outer loop
      vertex 4.07032 -11.35 -2.5
      vertex 0.707107 -20.5061 -2.5
      vertex 3.49278 -12.1449 -2.5
    endloop
  endfacet
  facet normal 0 0 -1
    outer loop
      vertex 3.49278 -12.1449 -2.5
      vertex 0.707107 -20.5061 -2.5
      vertex 2.76259 -12.8024 -2.5
    endloop
  endfacet
  facet normal 0 0 -1
    outer loop
      vertex 0.707107 -20.5061 -2.5
      vertex 1.91166 -13.2937 -2.5
      vertex 2.76259 -12.8024 -2.5
    endloop
  endfacet
  facet normal 0 0 -1
    outer loop
      vertex 0.707107 -20.5061 -2.5
      vertex 0.977184 -13.5973 -2.5
      vertex 1.91166 -13.2937 -2.5
    endloop
  endfacet
  facet normal 0 0 -1
    outer loop
      vertex -0.707107 -20.5061 -2.5
      vertex 0.707107 -20.5061 -2.5
      vertex 0.55557 -20.6305 -2.5
    endloop
  endfacet
  facet normal 0 0 -1
    outer loop
      vertex -0.707107 -20.5061 -2.5
      vertex 0.55557 -20.6305 -2.5
      vertex 0.382683 -20.7229 -2.5
    endloop
  endfacet
  facet normal 0 0 -1
    outer loop
      vertex -0.707107 -20.5061 -2.5
      vertex 0.382683 -20.7229 -2.5
      vertex 0.195091 -20.7798 -2.5
    endloop
  endfacet
  facet normal 0 0 -1
    outer loop
      vertex -0.707107 -20.5061 -2.5
      vertex 0.195091 -20.7798 -2.5
      vertex 0 -20.799 -2.5
    endloop
  endfacet
  facet normal 0 0 -1
    outer loop
      vertex 0.707107 -20.5061 -2.5
      vertex -0.707107 -20.5061 -2.5
      vertex 0 -13.7 -2.5
    endloop
  endfacet
  facet normal 0 0 -1
    outer loop
      vertex -0.707107 -20.5061 -2.5
      vertex 0 -20.799 -2.5
      vertex -0.195091 -20.7798 -2.5
    endloop
  endfacet
  facet normal 0 0 -1
    outer loop
      vertex -0.707107 -20.5061 -2.5
      vertex -0.195091 -20.7798 -2.5
      vertex -0.382683 -20.7229 -2.5
    endloop
  endfacet
  facet normal 0 0 -1
    outer loop
      vertex -0.707107 -20.5061 -2.5
      vertex -0.382683 -20.7229 -2.5
      vertex -0.55557 -20.6305 -2.5
    endloop
  endfacet
  facet normal 0 0 -1
    outer loop
      vertex 0.707107 -20.5061 -2.5
      vertex 0 -13.7 -2.5
      vertex 0.977184 -13.5973 -2.5
    endloop
  endfacet
  facet normal 0 0 -1
    outer loop
      vertex -0.707107 -20.5061 -2.5
      vertex -0.977184 -13.5973 -2.5
      vertex 0 -13.7 -2.5
    endloop
  endfacet
  facet normal 0 0 -1
    outer loop
      vertex -0.707107 -20.5061 -2.5
      vertex -1.91166 -13.2937 -2.5
      vertex -0.977184 -13.5973 -2.5
    endloop
  endfacet
  facet normal 0 0 -1
    outer loop
      vertex -0.707107 -20.5061 -2.5
      vertex -2.76259 -12.8024 -2.5
      vertex -1.91166 -13.2937 -2.5
    endloop
  endfacet
  facet normal 0 0 -1
    outer loop
      vertex -0.707107 -20.5061 -2.5
      vertex -3.49278 -12.1449 -2.5
      vertex -2.76259 -12.8024 -2.5
    endloop
  endfacet
  facet normal 0 0 -1
    outer loop
      vertex -0.707107 -20.5061 -2.5
      vertex -4.07032 -11.35 -2.5
      vertex -3.49278 -12.1449 -2.5
    endloop
  endfacet
  facet normal 0 0 -1
    outer loop
      vertex -20.5061 -0.707107 -2.5
      vertex -4.07032 -11.35 -2.5
      vertex -0.707107 -20.5061 -2.5
    endloop
  endfacet
  facet normal 0 0 -1
    outer loop
      vertex -8.80156 -2.92334 -2.5
      vertex -4.67425 -8.50872 -2.5
      vertex -4.67425 -9.49128 -2.5
    endloop
  endfacet
  facet normal 0 0 -1
    outer loop
      vertex -4.67425 -8.50872 -2.5
      vertex -5.12194 -2.14122 -2.5
      vertex -4.72872 -1.6 -2.5
    endloop
  endfacet
  facet normal 0 0 -1
    outer loop
      vertex -4.67425 -8.50872 -2.5
      vertex -5.61909 -2.58885 -2.5
      vertex -5.12194 -2.14122 -2.5
    endloop
  endfacet
  facet normal 0 0 -1
    outer loop
      vertex -4.67425 -8.50872 -2.5
      vertex -6.19844 -2.92334 -2.5
      vertex -5.61909 -2.58885 -2.5
    endloop
  endfacet
  facet normal 0 0 -1
    outer loop
      vertex -9.38091 -2.58885 -2.5
      vertex -4.67425 -9.49128 -2.5
      vertex -4.46996 -10.4524 -2.5
    endloop
  endfacet
  facet normal 0 0 -1
    outer loop
      vertex -4.67425 -8.50872 -2.5
      vertex -6.83468 -3.13007 -2.5
      vertex -6.19844 -2.92334 -2.5
    endloop
  endfacet
  facet normal 0 0 -1
    outer loop
      vertex -4.67425 -8.50872 -2.5
      vertex -7.5 -3.2 -2.5
      vertex -6.83468 -3.13007 -2.5
    endloop
  endfacet
  facet normal 0 0 -1
    outer loop
      vertex -4.07032 -11.35 -2.5
      vertex -20.5061 -0.707107 -2.5
      vertex -4.46996 -10.4524 -2.5
    endloop
  endfacet
  facet normal 0 0 -1
    outer loop
      vertex -4.67425 -8.50872 -2.5
      vertex -8.16532 -3.13007 -2.5
      vertex -7.5 -3.2 -2.5
    endloop
  endfacet
  facet normal 0 0 -1
    outer loop
      vertex -4.67425 -8.50872 -2.5
      vertex -8.80156 -2.92334 -2.5
      vertex -8.16532 -3.13007 -2.5
    endloop
  endfacet
  facet normal 0 0 -1
    outer loop
      vertex -4.67425 -9.49128 -2.5
      vertex -9.38091 -2.58885 -2.5
      vertex -8.80156 -2.92334 -2.5
    endloop
  endfacet
  facet normal 0 0 -1
    outer loop
      vertex -4.46996 -10.4524 -2.5
      vertex -20.5061 -0.707107 -2.5
      vertex -9.38091 -2.58885 -2.5
    endloop
  endfacet
  facet normal 0 0 -1
    outer loop
      vertex -9.38091 -2.58885 -2.5
      vertex -20.5061 -0.707107 -2.5
      vertex -9.87806 -2.14122 -2.5
    endloop
  endfacet
  facet normal -0 0 -1
    outer loop
      vertex -10.6825 -0.334491 -2.5
      vertex -20.5061 -0.707107 -2.5
      vertex -10.6825 0.334491 -2.5
    endloop
  endfacet
  facet normal 0 0 -1
    outer loop
      vertex -10.5434 -0.988853 -2.5
      vertex -20.5061 -0.707107 -2.5
      vertex -10.6825 -0.334491 -2.5
    endloop
  endfacet
  facet normal 0 0 -1
    outer loop
      vertex -10.2713 -1.6 -2.5
      vertex -20.5061 -0.707107 -2.5
      vertex -10.5434 -0.988853 -2.5
    endloop
  endfacet
  facet normal 0 0 -1
    outer loop
      vertex -9.87806 -2.14122 -2.5
      vertex -20.5061 -0.707107 -2.5
      vertex -10.2713 -1.6 -2.5
    endloop
  endfacet
  facet normal 0 0 -1
    outer loop
      vertex 11.6797 0.386755 -2.5
      vertex 20.5061 0.707107 -2.5
      vertex 11.6797 -0.386755 -2.5
    endloop
  endfacet
  facet normal 0 0 -1
    outer loop
      vertex 11.5189 1.14336 -2.5
      vertex 20.5061 0.707107 -2.5
      vertex 11.6797 0.386755 -2.5
    endloop
  endfacet
  facet normal 0 0 -1
    outer loop
      vertex 11.2043 1.85 -2.5
      vertex 20.5061 0.707107 -2.5
      vertex 11.5189 1.14336 -2.5
    endloop
  endfacet
  facet normal 0 0 -1
    outer loop
      vertex 10.7496 2.47578 -2.5
      vertex 20.5061 0.707107 -2.5
      vertex 11.2043 1.85 -2.5
    endloop
  endfacet
  facet normal 0 0 -1
    outer loop
      vertex 9 8.9 -2.5
      vertex 10.7496 2.47578 -2.5
      vertex 10.1748 2.99336 -2.5
    endloop
  endfacet
  facet normal 0 0 -1
    outer loop
      vertex 9 8.9 -2.5
      vertex 10.1748 2.99336 -2.5
      vertex 9.50492 3.38012 -2.5
    endloop
  endfacet
  facet normal 0 0 -1
    outer loop
      vertex 10.7496 2.47578 -2.5
      vertex 9 8.9 -2.5
      vertex 20.5061 0.707107 -2.5
    endloop
  endfacet
  facet normal 0 0 -1
    outer loop
      vertex 20.5061 0.707107 -2.5
      vertex 9 8.9 -2.5
      vertex 9 12.2132 -2.5
    endloop
  endfacet
  facet normal 0 0 -1
    outer loop
      vertex 3.49278 -5.85509 -2.5
      vertex 6.49508 -3.38012 -2.5
      vertex 4.07032 -6.65 -2.5
    endloop
  endfacet
  facet normal -0 0 -1
    outer loop
      vertex 6.49508 -3.38012 -2.5
      vertex 3.49278 -5.85509 -2.5
      vertex 5.8252 -2.99336 -2.5
    endloop
  endfacet
  facet normal 0 0 -1
    outer loop
      vertex 2.76259 -5.19762 -2.5
      vertex 5.8252 -2.99336 -2.5
      vertex 3.49278 -5.85509 -2.5
    endloop
  endfacet
  facet normal -0 0 -1
    outer loop
      vertex 5.8252 -2.99336 -2.5
      vertex 2.76259 -5.19762 -2.5
      vertex 5.25036 -2.47578 -2.5
    endloop
  endfacet
  facet normal 0 0 -1
    outer loop
      vertex 2.68521 0.282227 -2.5
      vertex 4.32027 0.386755 -2.5
      vertex 4.32027 -0.386755 -2.5
    endloop
  endfacet
  facet normal -0 0 -1
    outer loop
      vertex 5.25036 -2.47578 -2.5
      vertex 2.76259 -5.19762 -2.5
      vertex 4.79571 -1.85 -2.5
    endloop
  endfacet
  facet normal 0 0 -1
    outer loop
      vertex 2.00649 -1.80665 -2.5
      vertex 4.79571 -1.85 -2.5
      vertex 2.76259 -5.19762 -2.5
    endloop
  endfacet
  facet normal 0 0 -1
    outer loop
      vertex 9 8.9 -2.5
      vertex 3.99444 7.20213 -2.5
      vertex 4.17699 8.06098 -2.5
    endloop
  endfacet
  facet normal -0 0 -1
    outer loop
      vertex 4.32027 0.386755 -2.5
      vertex 2.68521 0.282227 -2.5
      vertex 2.56785 0.834346 -2.5
    endloop
  endfacet
  facet normal 0 0 -1
    outer loop
      vertex 2.56785 -0.834346 -2.5
      vertex 4.48109 -1.14336 -2.5
      vertex 4.79571 -1.85 -2.5
    endloop
  endfacet
  facet normal 0 0 -1
    outer loop
      vertex 4.48109 1.14336 -2.5
      vertex 3.63731 6.4 -2.5
      vertex 3.99444 7.20213 -2.5
    endloop
  endfacet
  facet normal 0 0 -1
    outer loop
      vertex 2.56785 -0.834346 -2.5
      vertex 4.32027 -0.386755 -2.5
      vertex 4.48109 -1.14336 -2.5
    endloop
  endfacet
  facet normal 0 0 -1
    outer loop
      vertex 4.32027 -0.386755 -2.5
      vertex 2.68521 -0.282227 -2.5
      vertex 2.68521 0.282227 -2.5
    endloop
  endfacet
  facet normal -0 0 -1
    outer loop
      vertex 4.48109 1.14336 -2.5
      vertex 2.56785 0.834346 -2.5
      vertex 2.33827 1.35 -2.5
    endloop
  endfacet
  facet normal 0 0 -1
    outer loop
      vertex 4.48109 1.14336 -2.5
      vertex 3.12121 5.68965 -2.5
      vertex 3.63731 6.4 -2.5
    endloop
  endfacet
  facet normal 0 0 -1
    outer loop
      vertex 2.00649 1.80665 -2.5
      vertex 4.48109 1.14336 -2.5
      vertex 2.33827 1.35 -2.5
    endloop
  endfacet
  facet normal 0 0 -1
    outer loop
      vertex 4.48109 1.14336 -2.5
      vertex 2.4687 5.10213 -2.5
      vertex 3.12121 5.68965 -2.5
    endloop
  endfacet
  facet normal 0 0 -1
    outer loop
      vertex 4.48109 1.14336 -2.5
      vertex 2.00649 1.80665 -2.5
      vertex 2.4687 5.10213 -2.5
    endloop
  endfacet
  facet normal 0 0 -1
    outer loop
      vertex 1.58702 2.18435 -2.5
      vertex 2.4687 5.10213 -2.5
      vertex 2.00649 1.80665 -2.5
    endloop
  endfacet
  facet normal 0 0 -1
    outer loop
      vertex 2.4687 5.10213 -2.5
      vertex 1.58702 2.18435 -2.5
      vertex 1.70829 4.66311 -2.5
    endloop
  endfacet
  facet normal 0 0 -1
    outer loop
      vertex 1.09819 2.46657 -2.5
      vertex 1.70829 4.66311 -2.5
      vertex 1.58702 2.18435 -2.5
    endloop
  endfacet
  facet normal 0 0 -1
    outer loop
      vertex 1.09819 2.46657 -2.5
      vertex 0.873229 4.39178 -2.5
      vertex 1.70829 4.66311 -2.5
    endloop
  endfacet
  facet normal 0 0 -1
    outer loop
      vertex 0.561361 2.641 -2.5
      vertex 0.873229 4.39178 -2.5
      vertex 1.09819 2.46657 -2.5
    endloop
  endfacet
  facet normal 0 0 -1
    outer loop
      vertex 0 4.3 -2.5
      vertex 0.561361 2.641 -2.5
      vertex 0 2.7 -2.5
    endloop
  endfacet
  facet normal 0 0 -1
    outer loop
      vertex 0.561361 2.641 -2.5
      vertex 0 4.3 -2.5
      vertex 0.873229 4.39178 -2.5
    endloop
  endfacet
  facet normal 0 0 -1
    outer loop
      vertex -0.561361 2.641 -2.5
      vertex 0 4.3 -2.5
      vertex 0 2.7 -2.5
    endloop
  endfacet
  facet normal 0 0 -1
    outer loop
      vertex -0.561361 2.641 -2.5
      vertex -0.873229 4.39178 -2.5
      vertex 0 4.3 -2.5
    endloop
  endfacet
  facet normal 0 0 -1
    outer loop
      vertex -1.09819 2.46657 -2.5
      vertex -0.873229 4.39178 -2.5
      vertex -0.561361 2.641 -2.5
    endloop
  endfacet
  facet normal 0 0 -1
    outer loop
      vertex -1.70829 4.66311 -2.5
      vertex -1.09819 2.46657 -2.5
      vertex -1.58702 2.18435 -2.5
    endloop
  endfacet
  facet normal 0 0 -1
    outer loop
      vertex -1.09819 2.46657 -2.5
      vertex -1.70829 4.66311 -2.5
      vertex -0.873229 4.39178 -2.5
    endloop
  endfacet
  facet normal 0 0 -1
    outer loop
      vertex -2.4687 5.10213 -2.5
      vertex -1.58702 2.18435 -2.5
      vertex -2.00649 1.80665 -2.5
    endloop
  endfacet
  facet normal 0 0 -1
    outer loop
      vertex -4.72872 1.6 -2.5
      vertex -2.33827 1.35 -2.5
      vertex -4.45662 0.988853 -2.5
    endloop
  endfacet
  facet normal 0 0 -1
    outer loop
      vertex -1.58702 2.18435 -2.5
      vertex -2.4687 5.10213 -2.5
      vertex -1.70829 4.66311 -2.5
    endloop
  endfacet
  facet normal 0 0 -1
    outer loop
      vertex -2.68521 0.282227 -2.5
      vertex -4.31753 0.334491 -2.5
      vertex -2.56785 0.834346 -2.5
    endloop
  endfacet
  facet normal 0 0 -1
    outer loop
      vertex -4.31753 0.334491 -2.5
      vertex -2.68521 0.282227 -2.5
      vertex -4.31753 -0.334491 -2.5
    endloop
  endfacet
  facet normal 0 0 -1
    outer loop
      vertex -4.45662 0.988853 -2.5
      vertex -2.56785 0.834346 -2.5
      vertex -4.31753 0.334491 -2.5
    endloop
  endfacet
  facet normal 0 -0 -1
    outer loop
      vertex -4.31753 -0.334491 -2.5
      vertex -2.56785 -0.834346 -2.5
      vertex -4.45662 -0.988853 -2.5
    endloop
  endfacet
  facet normal 0 0 -1
    outer loop
      vertex -4.72872 -1.6 -2.5
      vertex -2.76259 -5.19762 -2.5
      vertex -3.49278 -5.85509 -2.5
    endloop
  endfacet
  facet normal 0 0 -1
    outer loop
      vertex -2.56785 0.834346 -2.5
      vertex -4.45662 0.988853 -2.5
      vertex -2.33827 1.35 -2.5
    endloop
  endfacet
  facet normal 0 0 -1
    outer loop
      vertex -2.33827 1.35 -2.5
      vertex -4.72872 1.6 -2.5
      vertex -2.00649 1.80665 -2.5
    endloop
  endfacet
  facet normal 0 0 -1
    outer loop
      vertex -4.72872 -1.6 -2.5
      vertex -3.49278 -5.85509 -2.5
      vertex -4.07032 -6.65 -2.5
    endloop
  endfacet
  facet normal 0 0 -1
    outer loop
      vertex -5.12194 2.14122 -2.5
      vertex -2.00649 1.80665 -2.5
      vertex -4.72872 1.6 -2.5
    endloop
  endfacet
  facet normal 0 0 -1
    outer loop
      vertex -5.61909 2.58885 -2.5
      vertex -2.4687 5.10213 -2.5
      vertex -5.12194 2.14122 -2.5
    endloop
  endfacet
  facet normal 0 0 -1
    outer loop
      vertex -2.00649 1.80665 -2.5
      vertex -5.12194 2.14122 -2.5
      vertex -2.4687 5.10213 -2.5
    endloop
  endfacet
  facet normal -0 0 -1
    outer loop
      vertex -2.68521 -0.282227 -2.5
      vertex -4.31753 -0.334491 -2.5
      vertex -2.68521 0.282227 -2.5
    endloop
  endfacet
  facet normal 0 0 -1
    outer loop
      vertex -4.72872 -1.6 -2.5
      vertex -4.07032 -6.65 -2.5
      vertex -4.46996 -7.54762 -2.5
    endloop
  endfacet
  facet normal 0 0 -1
    outer loop
      vertex -4.72872 -1.6 -2.5
      vertex -4.46996 -7.54762 -2.5
      vertex -4.67425 -8.50872 -2.5
    endloop
  endfacet
  facet normal 0 0 -1
    outer loop
      vertex -2.56785 -0.834346 -2.5
      vertex -4.31753 -0.334491 -2.5
      vertex -2.68521 -0.282227 -2.5
    endloop
  endfacet
  facet normal -0.309023 0.951055 0
    outer loop
      vertex 1.09819 -2.46657 -2.5
      vertex 0.561361 -2.641 -0.6
      vertex 1.09819 -2.46657 -0.6
    endloop
  endfacet
  facet normal -0.309023 0.951055 0
    outer loop
      vertex 0.561361 -2.641 -0.6
      vertex 1.09819 -2.46657 -2.5
      vertex 0.561361 -2.641 -2.5
    endloop
  endfacet
  facet normal -0.104526 0.994522 0
    outer loop
      vertex 0.561361 -2.641 -2.5
      vertex 0 -2.7 -0.6
      vertex 0.561361 -2.641 -0.6
    endloop
  endfacet
  facet normal -0.104526 0.994522 0
    outer loop
      vertex 0 -2.7 -0.6
      vertex 0.561361 -2.641 -2.5
      vertex 0 -2.7 -2.5
    endloop
  endfacet
  facet normal -0.499992 0.86603 0
    outer loop
      vertex 1.58702 -2.18435 -2.5
      vertex 1.09819 -2.46657 -0.6
      vertex 1.58702 -2.18435 -0.6
    endloop
  endfacet
  facet normal -0.499992 0.86603 0
    outer loop
      vertex 1.09819 -2.46657 -0.6
      vertex 1.58702 -2.18435 -2.5
      vertex 1.09819 -2.46657 -2.5
    endloop
  endfacet
  facet normal -0.809013 0.58779 0
    outer loop
      vertex 2.00649 -1.80665 -2.5
      vertex 2.33827 -1.35 -0.6
      vertex 2.33827 -1.35 -2.5
    endloop
  endfacet
  facet normal -0.809013 0.58779 0
    outer loop
      vertex 2.33827 -1.35 -0.6
      vertex 2.00649 -1.80665 -2.5
      vertex 2.00649 -1.80665 -0.6
    endloop
  endfacet
  facet normal 0.309023 0.951055 -0
    outer loop
      vertex -0.561361 -2.641 -2.5
      vertex -1.09819 -2.46657 -0.6
      vertex -0.561361 -2.641 -0.6
    endloop
  endfacet
  facet normal 0.309023 0.951055 0
    outer loop
      vertex -1.09819 -2.46657 -0.6
      vertex -0.561361 -2.641 -2.5
      vertex -1.09819 -2.46657 -2.5
    endloop
  endfacet
  facet normal 0.104526 0.994522 -0
    outer loop
      vertex 0 -2.7 -2.5
      vertex -0.561361 -2.641 -0.6
      vertex 0 -2.7 -0.6
    endloop
  endfacet
  facet normal 0.104526 0.994522 0
    outer loop
      vertex -0.561361 -2.641 -0.6
      vertex 0 -2.7 -2.5
      vertex -0.561361 -2.641 -2.5
    endloop
  endfacet
  facet normal -0.669138 0.743138 0
    outer loop
      vertex 2.00649 -1.80665 -2.5
      vertex 1.58702 -2.18435 -0.6
      vertex 2.00649 -1.80665 -0.6
    endloop
  endfacet
  facet normal -0.669138 0.743138 0
    outer loop
      vertex 1.58702 -2.18435 -0.6
      vertex 2.00649 -1.80665 -2.5
      vertex 1.58702 -2.18435 -2.5
    endloop
  endfacet
  facet normal 0.309023 -0.951055 0
    outer loop
      vertex -1.09819 2.46657 -2.5
      vertex -0.561361 2.641 -0.6
      vertex -1.09819 2.46657 -0.6
    endloop
  endfacet
  facet normal 0.309023 -0.951055 0
    outer loop
      vertex -0.561361 2.641 -0.6
      vertex -1.09819 2.46657 -2.5
      vertex -0.561361 2.641 -2.5
    endloop
  endfacet
  facet normal -0.669138 -0.743138 0
    outer loop
      vertex 1.58702 2.18435 -2.5
      vertex 2.00649 1.80665 -0.6
      vertex 1.58702 2.18435 -0.6
    endloop
  endfacet
  facet normal -0.669138 -0.743138 -0
    outer loop
      vertex 2.00649 1.80665 -0.6
      vertex 1.58702 2.18435 -2.5
      vertex 2.00649 1.80665 -2.5
    endloop
  endfacet
  facet normal -0.309023 -0.951055 0
    outer loop
      vertex 0.561361 2.641 -2.5
      vertex 1.09819 2.46657 -0.6
      vertex 0.561361 2.641 -0.6
    endloop
  endfacet
  facet normal -0.309023 -0.951055 -0
    outer loop
      vertex 1.09819 2.46657 -0.6
      vertex 0.561361 2.641 -2.5
      vertex 1.09819 2.46657 -2.5
    endloop
  endfacet
  facet normal 0.809013 0.58779 0
    outer loop
      vertex -2.00649 -1.80665 -0.6
      vertex -2.33827 -1.35 -2.5
      vertex -2.33827 -1.35 -0.6
    endloop
  endfacet
  facet normal 0.809013 0.58779 0
    outer loop
      vertex -2.33827 -1.35 -2.5
      vertex -2.00649 -1.80665 -0.6
      vertex -2.00649 -1.80665 -2.5
    endloop
  endfacet
  facet normal -0.809013 -0.58779 0
    outer loop
      vertex 2.33827 1.35 -2.5
      vertex 2.00649 1.80665 -0.6
      vertex 2.00649 1.80665 -2.5
    endloop
  endfacet
  facet normal -0.809013 -0.58779 0
    outer loop
      vertex 2.00649 1.80665 -0.6
      vertex 2.33827 1.35 -2.5
      vertex 2.33827 1.35 -0.6
    endloop
  endfacet
  facet normal -0.499992 -0.86603 0
    outer loop
      vertex 1.09819 2.46657 -2.5
      vertex 1.58702 2.18435 -0.6
      vertex 1.09819 2.46657 -0.6
    endloop
  endfacet
  facet normal -0.499992 -0.86603 -0
    outer loop
      vertex 1.58702 2.18435 -0.6
      vertex 1.09819 2.46657 -2.5
      vertex 1.58702 2.18435 -2.5
    endloop
  endfacet
  facet normal 0.499992 0.86603 -0
    outer loop
      vertex -1.09819 -2.46657 -2.5
      vertex -1.58702 -2.18435 -0.6
      vertex -1.09819 -2.46657 -0.6
    endloop
  endfacet
  facet normal 0.499992 0.86603 0
    outer loop
      vertex -1.58702 -2.18435 -0.6
      vertex -1.09819 -2.46657 -2.5
      vertex -1.58702 -2.18435 -2.5
    endloop
  endfacet
  facet normal -1 0 0
    outer loop
      vertex 2.68521 -0.282227 -2.5
      vertex 2.68521 0.282227 -0.6
      vertex 2.68521 0.282227 -2.5
    endloop
  endfacet
  facet normal -1 -0 0
    outer loop
      vertex 2.68521 0.282227 -0.6
      vertex 2.68521 -0.282227 -2.5
      vertex 2.68521 -0.282227 -0.6
    endloop
  endfacet
  facet normal -0.913548 -0.406731 0
    outer loop
      vertex 2.56785 0.834346 -2.5
      vertex 2.33827 1.35 -0.6
      vertex 2.33827 1.35 -2.5
    endloop
  endfacet
  facet normal -0.913548 -0.406731 0
    outer loop
      vertex 2.33827 1.35 -0.6
      vertex 2.56785 0.834346 -2.5
      vertex 2.56785 0.834346 -0.6
    endloop
  endfacet
  facet normal 0.978146 -0.207918 0
    outer loop
      vertex -2.68521 0.282227 -0.6
      vertex -2.56785 0.834346 -2.5
      vertex -2.56785 0.834346 -0.6
    endloop
  endfacet
  facet normal 0.978146 -0.207918 0
    outer loop
      vertex -2.56785 0.834346 -2.5
      vertex -2.68521 0.282227 -0.6
      vertex -2.68521 0.282227 -2.5
    endloop
  endfacet
  facet normal 1 -0 0
    outer loop
      vertex -2.68521 -0.282227 -0.6
      vertex -2.68521 0.282227 -2.5
      vertex -2.68521 0.282227 -0.6
    endloop
  endfacet
  facet normal 1 0 0
    outer loop
      vertex -2.68521 0.282227 -2.5
      vertex -2.68521 -0.282227 -0.6
      vertex -2.68521 -0.282227 -2.5
    endloop
  endfacet
  facet normal -0.978146 -0.207918 0
    outer loop
      vertex 2.68521 0.282227 -2.5
      vertex 2.56785 0.834346 -0.6
      vertex 2.56785 0.834346 -2.5
    endloop
  endfacet
  facet normal -0.978146 -0.207918 0
    outer loop
      vertex 2.56785 0.834346 -0.6
      vertex 2.68521 0.282227 -2.5
      vertex 2.68521 0.282227 -0.6
    endloop
  endfacet
  facet normal 0.978146 0.207918 0
    outer loop
      vertex -2.56785 -0.834346 -0.6
      vertex -2.68521 -0.282227 -2.5
      vertex -2.68521 -0.282227 -0.6
    endloop
  endfacet
  facet normal 0.978146 0.207918 0
    outer loop
      vertex -2.68521 -0.282227 -2.5
      vertex -2.56785 -0.834346 -0.6
      vertex -2.56785 -0.834346 -2.5
    endloop
  endfacet
  facet normal 0.669138 0.743138 -0
    outer loop
      vertex -1.58702 -2.18435 -2.5
      vertex -2.00649 -1.80665 -0.6
      vertex -1.58702 -2.18435 -0.6
    endloop
  endfacet
  facet normal 0.669138 0.743138 0
    outer loop
      vertex -2.00649 -1.80665 -0.6
      vertex -1.58702 -2.18435 -2.5
      vertex -2.00649 -1.80665 -2.5
    endloop
  endfacet
  facet normal 0.913548 0.406731 0
    outer loop
      vertex -2.33827 -1.35 -0.6
      vertex -2.56785 -0.834346 -2.5
      vertex -2.56785 -0.834346 -0.6
    endloop
  endfacet
  facet normal 0.913548 0.406731 0
    outer loop
      vertex -2.56785 -0.834346 -2.5
      vertex -2.33827 -1.35 -0.6
      vertex -2.33827 -1.35 -2.5
    endloop
  endfacet
  facet normal 0.809013 -0.58779 0
    outer loop
      vertex -2.33827 1.35 -0.6
      vertex -2.00649 1.80665 -2.5
      vertex -2.00649 1.80665 -0.6
    endloop
  endfacet
  facet normal 0.809013 -0.58779 0
    outer loop
      vertex -2.00649 1.80665 -2.5
      vertex -2.33827 1.35 -0.6
      vertex -2.33827 1.35 -2.5
    endloop
  endfacet
  facet normal -0.104526 -0.994522 0
    outer loop
      vertex 0 2.7 -2.5
      vertex 0.561361 2.641 -0.6
      vertex 0 2.7 -0.6
    endloop
  endfacet
  facet normal -0.104526 -0.994522 -0
    outer loop
      vertex 0.561361 2.641 -0.6
      vertex 0 2.7 -2.5
      vertex 0.561361 2.641 -2.5
    endloop
  endfacet
  facet normal -0.978146 0.207918 0
    outer loop
      vertex 2.56785 -0.834346 -2.5
      vertex 2.68521 -0.282227 -0.6
      vertex 2.68521 -0.282227 -2.5
    endloop
  endfacet
  facet normal -0.978146 0.207918 0
    outer loop
      vertex 2.68521 -0.282227 -0.6
      vertex 2.56785 -0.834346 -2.5
      vertex 2.56785 -0.834346 -0.6
    endloop
  endfacet
  facet normal 0.499992 -0.86603 0
    outer loop
      vertex -1.58702 2.18435 -2.5
      vertex -1.09819 2.46657 -0.6
      vertex -1.58702 2.18435 -0.6
    endloop
  endfacet
  facet normal 0.499992 -0.86603 0
    outer loop
      vertex -1.09819 2.46657 -0.6
      vertex -1.58702 2.18435 -2.5
      vertex -1.09819 2.46657 -2.5
    endloop
  endfacet
  facet normal -0.913548 0.406731 0
    outer loop
      vertex 2.33827 -1.35 -2.5
      vertex 2.56785 -0.834346 -0.6
      vertex 2.56785 -0.834346 -2.5
    endloop
  endfacet
  facet normal -0.913548 0.406731 0
    outer loop
      vertex 2.56785 -0.834346 -0.6
      vertex 2.33827 -1.35 -2.5
      vertex 2.33827 -1.35 -0.6
    endloop
  endfacet
  facet normal 0.104526 -0.994522 0
    outer loop
      vertex -0.561361 2.641 -2.5
      vertex 0 2.7 -0.6
      vertex -0.561361 2.641 -0.6
    endloop
  endfacet
  facet normal 0.104526 -0.994522 0
    outer loop
      vertex 0 2.7 -0.6
      vertex -0.561361 2.641 -2.5
      vertex 0 2.7 -2.5
    endloop
  endfacet
  facet normal 0.669138 -0.743138 0
    outer loop
      vertex -2.00649 1.80665 -2.5
      vertex -1.58702 2.18435 -0.6
      vertex -2.00649 1.80665 -0.6
    endloop
  endfacet
  facet normal 0.669138 -0.743138 0
    outer loop
      vertex -1.58702 2.18435 -0.6
      vertex -2.00649 1.80665 -2.5
      vertex -1.58702 2.18435 -2.5
    endloop
  endfacet
  facet normal 0.913548 -0.406731 0
    outer loop
      vertex -2.56785 0.834346 -0.6
      vertex -2.33827 1.35 -2.5
      vertex -2.33827 1.35 -0.6
    endloop
  endfacet
  facet normal 0.913548 -0.406731 0
    outer loop
      vertex -2.33827 1.35 -2.5
      vertex -2.56785 0.834346 -0.6
      vertex -2.56785 0.834346 -2.5
    endloop
  endfacet
  facet normal -0.536362 0.595686 -0.597891
    outer loop
      vertex 1.33766 -1.20443 0.6
      vertex 2.00649 -1.80665 -0.6
      vertex 1.05801 -1.45623 0.6
    endloop
  endfacet
  facet normal 0.247706 -0.762344 -0.59789
    outer loop
      vertex -0.561361 2.641 -0.6
      vertex -0.732125 1.64438 0.6
      vertex -1.09819 2.46657 -0.6
    endloop
  endfacet
  facet normal -0.648481 -0.471167 -0.597891
    outer loop
      vertex 2.00649 1.80665 -0.6
      vertex 1.55885 0.9 0.6
      vertex 1.33766 1.20443 0.6
    endloop
  endfacet
  facet normal -0.0837997 0.797186 -0.59789
    outer loop
      vertex 0 -1.8 0.6
      vertex 0.374241 -1.76066 0.6
      vertex 0 -2.7 -0.6
    endloop
  endfacet
  facet normal -0.0837855 0.797185 -0.597893
    outer loop
      vertex 0.374241 -1.76066 0.6
      vertex 0.561361 -2.641 -0.6
      vertex 0 -2.7 -0.6
    endloop
  endfacet
  facet normal -0.400782 0.69419 -0.597891
    outer loop
      vertex 1.58702 -2.18435 -0.6
      vertex 1.09819 -2.46657 -0.6
      vertex 0.732125 -1.64438 0.6
    endloop
  endfacet
  facet normal 0.247694 -0.762346 -0.597893
    outer loop
      vertex -0.561361 2.641 -0.6
      vertex -0.374241 1.76066 0.6
      vertex -0.732125 1.64438 0.6
    endloop
  endfacet
  facet normal 0.73228 0.326027 -0.59789
    outer loop
      vertex -1.7119 -0.556231 0.6
      vertex -2.33827 -1.35 -0.6
      vertex -2.56785 -0.834346 -0.6
    endloop
  endfacet
  facet normal -0.247706 0.762344 -0.59789
    outer loop
      vertex 0.732125 -1.64438 0.6
      vertex 1.09819 -2.46657 -0.6
      vertex 0.561361 -2.641 -0.6
    endloop
  endfacet
  facet normal -0.732284 0.326021 -0.597888
    outer loop
      vertex 1.7119 -0.556231 0.6
      vertex 2.33827 -1.35 -0.6
      vertex 1.55885 -0.9 0.6
    endloop
  endfacet
  facet normal 0.732284 0.326021 -0.597888
    outer loop
      vertex -1.7119 -0.556231 0.6
      vertex -1.55885 -0.9 0.6
      vertex -2.33827 -1.35 -0.6
    endloop
  endfacet
  facet normal 0.648481 0.471167 -0.597891
    outer loop
      vertex -1.55885 -0.9 0.6
      vertex -1.33766 -1.20443 0.6
      vertex -2.00649 -1.80665 -0.6
    endloop
  endfacet
  facet normal 0.784061 0.166661 -0.59789
    outer loop
      vertex -1.79014 -0.18815 0.6
      vertex -1.7119 -0.556231 0.6
      vertex -2.68521 -0.282227 -0.6
    endloop
  endfacet
  facet normal 0.648481 -0.471167 -0.597891
    outer loop
      vertex -1.33766 1.20443 0.6
      vertex -1.55885 0.9 0.6
      vertex -2.00649 1.80665 -0.6
    endloop
  endfacet
  facet normal -0.784061 -0.166662 -0.59789
    outer loop
      vertex 2.56785 0.834346 -0.6
      vertex 2.68521 0.282227 -0.6
      vertex 1.7119 0.556231 0.6
    endloop
  endfacet
  facet normal -0.73228 0.326027 -0.59789
    outer loop
      vertex 2.56785 -0.834346 -0.6
      vertex 2.33827 -1.35 -0.6
      vertex 1.7119 -0.556231 0.6
    endloop
  endfacet
  facet normal -0.400788 0.694185 -0.597893
    outer loop
      vertex 1.05801 -1.45623 0.6
      vertex 1.58702 -2.18435 -0.6
      vertex 0.732125 -1.64438 0.6
    endloop
  endfacet
  facet normal -0.400782 -0.69419 -0.597891
    outer loop
      vertex 1.09819 2.46657 -0.6
      vertex 1.58702 2.18435 -0.6
      vertex 0.732125 1.64438 0.6
    endloop
  endfacet
  facet normal -0.648481 0.471167 -0.597891
    outer loop
      vertex 1.55885 -0.9 0.6
      vertex 2.00649 -1.80665 -0.6
      vertex 1.33766 -1.20443 0.6
    endloop
  endfacet
  facet normal -0.0837855 -0.797185 -0.597893
    outer loop
      vertex 0.561361 2.641 -0.6
      vertex 0.374241 1.76066 0.6
      vertex 0 2.7 -0.6
    endloop
  endfacet
  facet normal 0.536365 0.595682 -0.597892
    outer loop
      vertex -1.05801 -1.45623 0.6
      vertex -1.58702 -2.18435 -0.6
      vertex -2.00649 -1.80665 -0.6
    endloop
  endfacet
  facet normal 0.400788 0.694185 -0.597893
    outer loop
      vertex -1.05801 -1.45623 0.6
      vertex -0.732125 -1.64438 0.6
      vertex -1.58702 -2.18435 -0.6
    endloop
  endfacet
  facet normal -0.648488 -0.47116 -0.597889
    outer loop
      vertex 2.00649 1.80665 -0.6
      vertex 2.33827 1.35 -0.6
      vertex 1.55885 0.9 0.6
    endloop
  endfacet
  facet normal 0.536365 -0.595682 -0.597892
    outer loop
      vertex -1.58702 2.18435 -0.6
      vertex -1.05801 1.45623 0.6
      vertex -2.00649 1.80665 -0.6
    endloop
  endfacet
  facet normal 0.400782 -0.69419 -0.597891
    outer loop
      vertex -1.09819 2.46657 -0.6
      vertex -0.732125 1.64438 0.6
      vertex -1.58702 2.18435 -0.6
    endloop
  endfacet
  facet normal -0.536365 0.595682 -0.597892
    outer loop
      vertex 2.00649 -1.80665 -0.6
      vertex 1.58702 -2.18435 -0.6
      vertex 1.05801 -1.45623 0.6
    endloop
  endfacet
  facet normal -0.400788 -0.694185 -0.597893
    outer loop
      vertex 1.58702 2.18435 -0.6
      vertex 1.05801 1.45623 0.6
      vertex 0.732125 1.64438 0.6
    endloop
  endfacet
  facet normal 0.536362 0.595686 -0.597891
    outer loop
      vertex -1.33766 -1.20443 0.6
      vertex -1.05801 -1.45623 0.6
      vertex -2.00649 -1.80665 -0.6
    endloop
  endfacet
  facet normal -0.648488 0.47116 -0.597889
    outer loop
      vertex 2.33827 -1.35 -0.6
      vertex 2.00649 -1.80665 -0.6
      vertex 1.55885 -0.9 0.6
    endloop
  endfacet
  facet normal -0.247706 -0.762344 -0.59789
    outer loop
      vertex 1.09819 2.46657 -0.6
      vertex 0.732125 1.64438 0.6
      vertex 0.561361 2.641 -0.6
    endloop
  endfacet
  facet normal -0.784061 0.166662 -0.59789
    outer loop
      vertex 2.68521 -0.282227 -0.6
      vertex 2.56785 -0.834346 -0.6
      vertex 1.7119 -0.556231 0.6
    endloop
  endfacet
  facet normal 0.784061 -0.166662 -0.59789
    outer loop
      vertex -2.56785 0.834346 -0.6
      vertex -1.7119 0.556231 0.6
      vertex -2.68521 0.282227 -0.6
    endloop
  endfacet
  facet normal 0.0837855 0.797185 -0.597893
    outer loop
      vertex -0.374241 -1.76066 0.6
      vertex 0 -2.7 -0.6
      vertex -0.561361 -2.641 -0.6
    endloop
  endfacet
  facet normal 0.0837997 0.797186 -0.59789
    outer loop
      vertex 0 -1.8 0.6
      vertex 0 -2.7 -0.6
      vertex -0.374241 -1.76066 0.6
    endloop
  endfacet
  facet normal 0.400788 -0.694185 -0.597893
    outer loop
      vertex -0.732125 1.64438 0.6
      vertex -1.05801 1.45623 0.6
      vertex -1.58702 2.18435 -0.6
    endloop
  endfacet
  facet normal -0.73228 -0.326027 -0.59789
    outer loop
      vertex 2.33827 1.35 -0.6
      vertex 2.56785 0.834346 -0.6
      vertex 1.7119 0.556231 0.6
    endloop
  endfacet
  facet normal 0.73228 -0.326027 -0.59789
    outer loop
      vertex -2.33827 1.35 -0.6
      vertex -1.7119 0.556231 0.6
      vertex -2.56785 0.834346 -0.6
    endloop
  endfacet
  facet normal -0.536365 -0.595682 -0.597892
    outer loop
      vertex 1.58702 2.18435 -0.6
      vertex 2.00649 1.80665 -0.6
      vertex 1.05801 1.45623 0.6
    endloop
  endfacet
  facet normal -0.0837997 -0.797186 -0.59789
    outer loop
      vertex 0 2.7 -0.6
      vertex 0.374241 1.76066 0.6
      vertex 0 1.8 0.6
    endloop
  endfacet
  facet normal 0.0837997 -0.797186 -0.59789
    outer loop
      vertex 0 2.7 -0.6
      vertex 0 1.8 0.6
      vertex -0.374241 1.76066 0.6
    endloop
  endfacet
  facet normal -0.247694 0.762346 -0.597893
    outer loop
      vertex 0.732125 -1.64438 0.6
      vertex 0.561361 -2.641 -0.6
      vertex 0.374241 -1.76066 0.6
    endloop
  endfacet
  facet normal 0.400782 0.69419 -0.597891
    outer loop
      vertex -0.732125 -1.64438 0.6
      vertex -1.09819 -2.46657 -0.6
      vertex -1.58702 -2.18435 -0.6
    endloop
  endfacet
  facet normal 0.247706 0.762344 -0.59789
    outer loop
      vertex -0.732125 -1.64438 0.6
      vertex -0.561361 -2.641 -0.6
      vertex -1.09819 -2.46657 -0.6
    endloop
  endfacet
  facet normal 0.784061 -0.166661 -0.59789
    outer loop
      vertex -1.7119 0.556231 0.6
      vertex -1.79014 0.18815 0.6
      vertex -2.68521 0.282227 -0.6
    endloop
  endfacet
  facet normal 0.536362 -0.595686 -0.597891
    outer loop
      vertex -1.05801 1.45623 0.6
      vertex -1.33766 1.20443 0.6
      vertex -2.00649 1.80665 -0.6
    endloop
  endfacet
  facet normal -0.732284 -0.326021 -0.597888
    outer loop
      vertex 2.33827 1.35 -0.6
      vertex 1.7119 0.556231 0.6
      vertex 1.55885 0.9 0.6
    endloop
  endfacet
  facet normal 0.0837855 -0.797185 -0.597893
    outer loop
      vertex 0 2.7 -0.6
      vertex -0.374241 1.76066 0.6
      vertex -0.561361 2.641 -0.6
    endloop
  endfacet
  facet normal 0.648488 0.47116 -0.597889
    outer loop
      vertex -1.55885 -0.9 0.6
      vertex -2.00649 -1.80665 -0.6
      vertex -2.33827 -1.35 -0.6
    endloop
  endfacet
  facet normal -0.247694 -0.762346 -0.597893
    outer loop
      vertex 0.561361 2.641 -0.6
      vertex 0.732125 1.64438 0.6
      vertex 0.374241 1.76066 0.6
    endloop
  endfacet
  facet normal 0.784061 0.166662 -0.59789
    outer loop
      vertex -1.7119 -0.556231 0.6
      vertex -2.56785 -0.834346 -0.6
      vertex -2.68521 -0.282227 -0.6
    endloop
  endfacet
  facet normal 0.732284 -0.326021 -0.597888
    outer loop
      vertex -1.55885 0.9 0.6
      vertex -1.7119 0.556231 0.6
      vertex -2.33827 1.35 -0.6
    endloop
  endfacet
  facet normal 0.247694 0.762346 -0.597893
    outer loop
      vertex -0.374241 -1.76066 0.6
      vertex -0.561361 -2.641 -0.6
      vertex -0.732125 -1.64438 0.6
    endloop
  endfacet
  facet normal -0.784061 -0.166661 -0.59789
    outer loop
      vertex 2.68521 0.282227 -0.6
      vertex 1.79014 0.18815 0.6
      vertex 1.7119 0.556231 0.6
    endloop
  endfacet
  facet normal -0.801578 0 -0.59789
    outer loop
      vertex 2.68521 0.282227 -0.6
      vertex 1.79014 -0.18815 0.6
      vertex 1.79014 0.18815 0.6
    endloop
  endfacet
  facet normal -0.801578 0 -0.59789
    outer loop
      vertex 1.79014 -0.18815 0.6
      vertex 2.68521 0.282227 -0.6
      vertex 2.68521 -0.282227 -0.6
    endloop
  endfacet
  facet normal -0.784061 0.166661 -0.59789
    outer loop
      vertex 1.79014 -0.18815 0.6
      vertex 2.68521 -0.282227 -0.6
      vertex 1.7119 -0.556231 0.6
    endloop
  endfacet
  facet normal 0.801578 0 -0.59789
    outer loop
      vertex -1.79014 -0.18815 0.6
      vertex -2.68521 0.282227 -0.6
      vertex -1.79014 0.18815 0.6
    endloop
  endfacet
  facet normal 0.801578 0 -0.59789
    outer loop
      vertex -2.68521 0.282227 -0.6
      vertex -1.79014 -0.18815 0.6
      vertex -2.68521 -0.282227 -0.6
    endloop
  endfacet
  facet normal 0.648488 -0.47116 -0.597889
    outer loop
      vertex -2.00649 1.80665 -0.6
      vertex -1.55885 0.9 0.6
      vertex -2.33827 1.35 -0.6
    endloop
  endfacet
  facet normal -0.536362 -0.595686 -0.597891
    outer loop
      vertex 2.00649 1.80665 -0.6
      vertex 1.33766 1.20443 0.6
      vertex 1.05801 1.45623 0.6
    endloop
  endfacet
  facet normal 0 0 -1
    outer loop
      vertex 1.7119 -0.556231 0.6
      vertex 1.79014 0.18815 0.6
      vertex 1.79014 -0.18815 0.6
    endloop
  endfacet
  facet normal 0 0 -1
    outer loop
      vertex 1.7119 -0.556231 0.6
      vertex 1.7119 0.556231 0.6
      vertex 1.79014 0.18815 0.6
    endloop
  endfacet
  facet normal 0 0 -1
    outer loop
      vertex 1.55885 -0.9 0.6
      vertex 1.7119 0.556231 0.6
      vertex 1.7119 -0.556231 0.6
    endloop
  endfacet
  facet normal 0 0 -1
    outer loop
      vertex 1.55885 -0.9 0.6
      vertex 1.55885 0.9 0.6
      vertex 1.7119 0.556231 0.6
    endloop
  endfacet
  facet normal 0 0 -1
    outer loop
      vertex 1.33766 -1.20443 0.6
      vertex 1.55885 0.9 0.6
      vertex 1.55885 -0.9 0.6
    endloop
  endfacet
  facet normal 0 0 -1
    outer loop
      vertex 1.33766 -1.20443 0.6
      vertex 1.33766 1.20443 0.6
      vertex 1.55885 0.9 0.6
    endloop
  endfacet
  facet normal 0 0 -1
    outer loop
      vertex 1.05801 -1.45623 0.6
      vertex 1.33766 1.20443 0.6
      vertex 1.33766 -1.20443 0.6
    endloop
  endfacet
  facet normal 0 0 -1
    outer loop
      vertex 1.05801 -1.45623 0.6
      vertex 1.05801 1.45623 0.6
      vertex 1.33766 1.20443 0.6
    endloop
  endfacet
  facet normal 0 0 -1
    outer loop
      vertex 0.732125 -1.64438 0.6
      vertex 1.05801 1.45623 0.6
      vertex 1.05801 -1.45623 0.6
    endloop
  endfacet
  facet normal 0 0 -1
    outer loop
      vertex 0.732125 -1.64438 0.6
      vertex 0.732125 1.64438 0.6
      vertex 1.05801 1.45623 0.6
    endloop
  endfacet
  facet normal 0 0 -1
    outer loop
      vertex 0.374241 -1.76066 0.6
      vertex 0.732125 1.64438 0.6
      vertex 0.732125 -1.64438 0.6
    endloop
  endfacet
  facet normal 0 0 -1
    outer loop
      vertex 0.374241 -1.76066 0.6
      vertex 0.374241 1.76066 0.6
      vertex 0.732125 1.64438 0.6
    endloop
  endfacet
  facet normal 0 0 -1
    outer loop
      vertex 0 -1.8 0.6
      vertex 0.374241 1.76066 0.6
      vertex 0.374241 -1.76066 0.6
    endloop
  endfacet
  facet normal 0 0 -1
    outer loop
      vertex 0 -1.8 0.6
      vertex 0 1.8 0.6
      vertex 0.374241 1.76066 0.6
    endloop
  endfacet
  facet normal 0 0 -1
    outer loop
      vertex -0.374241 -1.76066 0.6
      vertex 0 1.8 0.6
      vertex 0 -1.8 0.6
    endloop
  endfacet
  facet normal 0 0 -1
    outer loop
      vertex -0.374241 -1.76066 0.6
      vertex -0.374241 1.76066 0.6
      vertex 0 1.8 0.6
    endloop
  endfacet
  facet normal 0 0 -1
    outer loop
      vertex -0.732125 -1.64438 0.6
      vertex -0.374241 1.76066 0.6
      vertex -0.374241 -1.76066 0.6
    endloop
  endfacet
  facet normal 0 0 -1
    outer loop
      vertex -0.732125 -1.64438 0.6
      vertex -0.732125 1.64438 0.6
      vertex -0.374241 1.76066 0.6
    endloop
  endfacet
  facet normal 0 0 -1
    outer loop
      vertex -1.05801 -1.45623 0.6
      vertex -0.732125 1.64438 0.6
      vertex -0.732125 -1.64438 0.6
    endloop
  endfacet
  facet normal 0 0 -1
    outer loop
      vertex -1.05801 -1.45623 0.6
      vertex -1.05801 1.45623 0.6
      vertex -0.732125 1.64438 0.6
    endloop
  endfacet
  facet normal 0 0 -1
    outer loop
      vertex -1.33766 -1.20443 0.6
      vertex -1.05801 1.45623 0.6
      vertex -1.05801 -1.45623 0.6
    endloop
  endfacet
  facet normal 0 0 -1
    outer loop
      vertex -1.33766 -1.20443 0.6
      vertex -1.33766 1.20443 0.6
      vertex -1.05801 1.45623 0.6
    endloop
  endfacet
  facet normal 0 0 -1
    outer loop
      vertex -1.55885 -0.9 0.6
      vertex -1.33766 1.20443 0.6
      vertex -1.33766 -1.20443 0.6
    endloop
  endfacet
  facet normal 0 0 -1
    outer loop
      vertex -1.55885 -0.9 0.6
      vertex -1.55885 0.9 0.6
      vertex -1.33766 1.20443 0.6
    endloop
  endfacet
  facet normal 0 0 -1
    outer loop
      vertex -1.7119 -0.556231 0.6
      vertex -1.55885 0.9 0.6
      vertex -1.55885 -0.9 0.6
    endloop
  endfacet
  facet normal 0 0 -1
    outer loop
      vertex -1.7119 -0.556231 0.6
      vertex -1.7119 0.556231 0.6
      vertex -1.55885 0.9 0.6
    endloop
  endfacet
  facet normal 0 0 -1
    outer loop
      vertex -1.79014 -0.18815 0.6
      vertex -1.7119 0.556231 0.6
      vertex -1.7119 -0.556231 0.6
    endloop
  endfacet
  facet normal 0 0 -1
    outer loop
      vertex -1.7119 0.556231 0.6
      vertex -1.79014 -0.18815 0.6
      vertex -1.79014 0.18815 0.6
    endloop
  endfacet
  facet normal 0.669126 -0.743149 0
    outer loop
      vertex -9.87806 2.14122 -2.5
      vertex -9.38091 2.58885 -0.6
      vertex -9.87806 2.14122 -0.6
    endloop
  endfacet
  facet normal 0.669126 -0.743149 0
    outer loop
      vertex -9.38091 2.58885 -0.6
      vertex -9.87806 2.14122 -2.5
      vertex -9.38091 2.58885 -2.5
    endloop
  endfacet
  facet normal -0.309021 0.951055 0
    outer loop
      vertex -6.19844 -2.92334 -2.5
      vertex -6.83468 -3.13007 -0.6
      vertex -6.19844 -2.92334 -0.6
    endloop
  endfacet
  facet normal -0.309021 0.951055 0
    outer loop
      vertex -6.83468 -3.13007 -0.6
      vertex -6.19844 -2.92334 -2.5
      vertex -6.83468 -3.13007 -2.5
    endloop
  endfacet
  facet normal -0.104531 0.994522 0
    outer loop
      vertex -6.83468 -3.13007 -2.5
      vertex -7.5 -3.2 -0.6
      vertex -6.83468 -3.13007 -0.6
    endloop
  endfacet
  facet normal -0.104531 0.994522 0
    outer loop
      vertex -7.5 -3.2 -0.6
      vertex -6.83468 -3.13007 -2.5
      vertex -7.5 -3.2 -2.5
    endloop
  endfacet
  facet normal -0.500002 0.866024 0
    outer loop
      vertex -5.61909 -2.58885 -2.5
      vertex -6.19844 -2.92334 -0.6
      vertex -5.61909 -2.58885 -0.6
    endloop
  endfacet
  facet normal -0.500002 0.866024 0
    outer loop
      vertex -6.19844 -2.92334 -0.6
      vertex -5.61909 -2.58885 -2.5
      vertex -6.19844 -2.92334 -2.5
    endloop
  endfacet
  facet normal 0.309021 0.951055 -0
    outer loop
      vertex -8.16532 -3.13007 -2.5
      vertex -8.80156 -2.92334 -0.6
      vertex -8.16532 -3.13007 -0.6
    endloop
  endfacet
  facet normal 0.309021 0.951055 0
    outer loop
      vertex -8.80156 -2.92334 -0.6
      vertex -8.16532 -3.13007 -2.5
      vertex -8.80156 -2.92334 -2.5
    endloop
  endfacet
  facet normal 0.809002 0.587805 0
    outer loop
      vertex -9.87806 -2.14122 -0.6
      vertex -10.2713 -1.6 -2.5
      vertex -10.2713 -1.6 -0.6
    endloop
  endfacet
  facet normal 0.809002 0.587805 0
    outer loop
      vertex -10.2713 -1.6 -2.5
      vertex -9.87806 -2.14122 -0.6
      vertex -9.87806 -2.14122 -2.5
    endloop
  endfacet
  facet normal 0.669126 0.743149 -0
    outer loop
      vertex -9.38091 -2.58885 -2.5
      vertex -9.87806 -2.14122 -0.6
      vertex -9.38091 -2.58885 -0.6
    endloop
  endfacet
  facet normal 0.669126 0.743149 0
    outer loop
      vertex -9.87806 -2.14122 -0.6
      vertex -9.38091 -2.58885 -2.5
      vertex -9.87806 -2.14122 -2.5
    endloop
  endfacet
  facet normal 0.104531 0.994522 -0
    outer loop
      vertex -7.5 -3.2 -2.5
      vertex -8.16532 -3.13007 -0.6
      vertex -7.5 -3.2 -0.6
    endloop
  endfacet
  facet normal 0.104531 0.994522 0
    outer loop
      vertex -8.16532 -3.13007 -0.6
      vertex -7.5 -3.2 -2.5
      vertex -8.16532 -3.13007 -2.5
    endloop
  endfacet
  facet normal 0.913546 -0.406736 0
    outer loop
      vertex -10.5434 0.988853 -0.6
      vertex -10.2713 1.6 -2.5
      vertex -10.2713 1.6 -0.6
    endloop
  endfacet
  facet normal 0.913546 -0.406736 0
    outer loop
      vertex -10.2713 1.6 -2.5
      vertex -10.5434 0.988853 -0.6
      vertex -10.5434 0.988853 -2.5
    endloop
  endfacet
  facet normal -0.913546 0.406736 0
    outer loop
      vertex -4.72872 -1.6 -2.5
      vertex -4.45662 -0.988853 -0.6
      vertex -4.45662 -0.988853 -2.5
    endloop
  endfacet
  facet normal -0.913546 0.406736 0
    outer loop
      vertex -4.45662 -0.988853 -0.6
      vertex -4.72872 -1.6 -2.5
      vertex -4.72872 -1.6 -0.6
    endloop
  endfacet
  facet normal -0.669126 0.743149 0
    outer loop
      vertex -5.12194 -2.14122 -2.5
      vertex -5.61909 -2.58885 -0.6
      vertex -5.12194 -2.14122 -0.6
    endloop
  endfacet
  facet normal -0.669126 0.743149 0
    outer loop
      vertex -5.61909 -2.58885 -0.6
      vertex -5.12194 -2.14122 -2.5
      vertex -5.61909 -2.58885 -2.5
    endloop
  endfacet
  facet normal 0.809002 -0.587805 0
    outer loop
      vertex -10.2713 1.6 -0.6
      vertex -9.87806 2.14122 -2.5
      vertex -9.87806 2.14122 -0.6
    endloop
  endfacet
  facet normal 0.809002 -0.587805 0
    outer loop
      vertex -9.87806 2.14122 -2.5
      vertex -10.2713 1.6 -0.6
      vertex -10.2713 1.6 -2.5
    endloop
  endfacet
  facet normal -0.669126 -0.743149 0
    outer loop
      vertex -5.61909 2.58885 -2.5
      vertex -5.12194 2.14122 -0.6
      vertex -5.61909 2.58885 -0.6
    endloop
  endfacet
  facet normal -0.669126 -0.743149 -0
    outer loop
      vertex -5.12194 2.14122 -0.6
      vertex -5.61909 2.58885 -2.5
      vertex -5.12194 2.14122 -2.5
    endloop
  endfacet
  facet normal -1 0 0
    outer loop
      vertex -4.31753 -0.334491 -2.5
      vertex -4.31753 0.334491 -0.6
      vertex -4.31753 0.334491 -2.5
    endloop
  endfacet
  facet normal -1 -0 0
    outer loop
      vertex -4.31753 0.334491 -0.6
      vertex -4.31753 -0.334491 -2.5
      vertex -4.31753 -0.334491 -0.6
    endloop
  endfacet
  facet normal 0.913546 0.406736 0
    outer loop
      vertex -10.2713 -1.6 -0.6
      vertex -10.5434 -0.988853 -2.5
      vertex -10.5434 -0.988853 -0.6
    endloop
  endfacet
  facet normal 0.913546 0.406736 0
    outer loop
      vertex -10.5434 -0.988853 -2.5
      vertex -10.2713 -1.6 -0.6
      vertex -10.2713 -1.6 -2.5
    endloop
  endfacet
  facet normal 0.978144 0.207928 0
    outer loop
      vertex -10.5434 -0.988853 -0.6
      vertex -10.6825 -0.334491 -2.5
      vertex -10.6825 -0.334491 -0.6
    endloop
  endfacet
  facet normal 0.978144 0.207928 0
    outer loop
      vertex -10.6825 -0.334491 -2.5
      vertex -10.5434 -0.988853 -0.6
      vertex -10.5434 -0.988853 -2.5
    endloop
  endfacet
  facet normal -0.309021 -0.951055 0
    outer loop
      vertex -6.83468 3.13007 -2.5
      vertex -6.19844 2.92334 -0.6
      vertex -6.83468 3.13007 -0.6
    endloop
  endfacet
  facet normal -0.309021 -0.951055 -0
    outer loop
      vertex -6.19844 2.92334 -0.6
      vertex -6.83468 3.13007 -2.5
      vertex -6.19844 2.92334 -2.5
    endloop
  endfacet
  facet normal 0.309021 -0.951055 0
    outer loop
      vertex -8.80156 2.92334 -2.5
      vertex -8.16532 3.13007 -0.6
      vertex -8.80156 2.92334 -0.6
    endloop
  endfacet
  facet normal 0.309021 -0.951055 0
    outer loop
      vertex -8.16532 3.13007 -0.6
      vertex -8.80156 2.92334 -2.5
      vertex -8.16532 3.13007 -2.5
    endloop
  endfacet
  facet normal -0.913546 -0.406736 0
    outer loop
      vertex -4.45662 0.988853 -2.5
      vertex -4.72872 1.6 -0.6
      vertex -4.72872 1.6 -2.5
    endloop
  endfacet
  facet normal -0.913546 -0.406736 0
    outer loop
      vertex -4.72872 1.6 -0.6
      vertex -4.45662 0.988853 -2.5
      vertex -4.45662 0.988853 -0.6
    endloop
  endfacet
  facet normal 0.978144 -0.207928 0
    outer loop
      vertex -10.6825 0.334491 -0.6
      vertex -10.5434 0.988853 -2.5
      vertex -10.5434 0.988853 -0.6
    endloop
  endfacet
  facet normal 0.978144 -0.207928 0
    outer loop
      vertex -10.5434 0.988853 -2.5
      vertex -10.6825 0.334491 -0.6
      vertex -10.6825 0.334491 -2.5
    endloop
  endfacet
  facet normal -0.978147 0.207913 0
    outer loop
      vertex -4.45662 -0.988853 -2.5
      vertex -4.31753 -0.334491 -0.6
      vertex -4.31753 -0.334491 -2.5
    endloop
  endfacet
  facet normal -0.978147 0.207913 0
    outer loop
      vertex -4.31753 -0.334491 -0.6
      vertex -4.45662 -0.988853 -2.5
      vertex -4.45662 -0.988853 -0.6
    endloop
  endfacet
  facet normal 0.104531 -0.994522 0
    outer loop
      vertex -8.16532 3.13007 -2.5
      vertex -7.5 3.2 -0.6
      vertex -8.16532 3.13007 -0.6
    endloop
  endfacet
  facet normal 0.104531 -0.994522 0
    outer loop
      vertex -7.5 3.2 -0.6
      vertex -8.16532 3.13007 -2.5
      vertex -7.5 3.2 -2.5
    endloop
  endfacet
  facet normal -0.104531 -0.994522 0
    outer loop
      vertex -7.5 3.2 -2.5
      vertex -6.83468 3.13007 -0.6
      vertex -7.5 3.2 -0.6
    endloop
  endfacet
  facet normal -0.104531 -0.994522 -0
    outer loop
      vertex -6.83468 3.13007 -0.6
      vertex -7.5 3.2 -2.5
      vertex -6.83468 3.13007 -2.5
    endloop
  endfacet
  facet normal 0.500002 -0.866024 0
    outer loop
      vertex -9.38091 2.58885 -2.5
      vertex -8.80156 2.92334 -0.6
      vertex -9.38091 2.58885 -0.6
    endloop
  endfacet
  facet normal 0.500002 -0.866024 0
    outer loop
      vertex -8.80156 2.92334 -0.6
      vertex -9.38091 2.58885 -2.5
      vertex -8.80156 2.92334 -2.5
    endloop
  endfacet
  facet normal -0.500002 -0.866024 0
    outer loop
      vertex -6.19844 2.92334 -2.5
      vertex -5.61909 2.58885 -0.6
      vertex -6.19844 2.92334 -0.6
    endloop
  endfacet
  facet normal -0.500002 -0.866024 -0
    outer loop
      vertex -5.61909 2.58885 -0.6
      vertex -6.19844 2.92334 -2.5
      vertex -5.61909 2.58885 -2.5
    endloop
  endfacet
  facet normal 0.500002 0.866024 -0
    outer loop
      vertex -8.80156 -2.92334 -2.5
      vertex -9.38091 -2.58885 -0.6
      vertex -8.80156 -2.92334 -0.6
    endloop
  endfacet
  facet normal 0.500002 0.866024 0
    outer loop
      vertex -9.38091 -2.58885 -0.6
      vertex -8.80156 -2.92334 -2.5
      vertex -9.38091 -2.58885 -2.5
    endloop
  endfacet
  facet normal -0.809017 0.587786 0
    outer loop
      vertex -5.12194 -2.14122 -2.5
      vertex -4.72872 -1.6 -0.6
      vertex -4.72872 -1.6 -2.5
    endloop
  endfacet
  facet normal -0.809017 0.587786 0
    outer loop
      vertex -4.72872 -1.6 -0.6
      vertex -5.12194 -2.14122 -2.5
      vertex -5.12194 -2.14122 -0.6
    endloop
  endfacet
  facet normal -0.809017 -0.587786 0
    outer loop
      vertex -4.72872 1.6 -2.5
      vertex -5.12194 2.14122 -0.6
      vertex -5.12194 2.14122 -2.5
    endloop
  endfacet
  facet normal -0.809017 -0.587786 0
    outer loop
      vertex -5.12194 2.14122 -0.6
      vertex -4.72872 1.6 -2.5
      vertex -4.72872 1.6 -0.6
    endloop
  endfacet
  facet normal -0.978147 -0.207913 0
    outer loop
      vertex -4.31753 0.334491 -2.5
      vertex -4.45662 0.988853 -0.6
      vertex -4.45662 0.988853 -2.5
    endloop
  endfacet
  facet normal -0.978147 -0.207913 0
    outer loop
      vertex -4.45662 0.988853 -0.6
      vertex -4.31753 0.334491 -2.5
      vertex -4.31753 0.334491 -0.6
    endloop
  endfacet
  facet normal 1 -0 0
    outer loop
      vertex -10.6825 -0.334491 -0.6
      vertex -10.6825 0.334491 -2.5
      vertex -10.6825 0.334491 -0.6
    endloop
  endfacet
  facet normal 1 0 0
    outer loop
      vertex -10.6825 0.334491 -2.5
      vertex -10.6825 -0.334491 -0.6
      vertex -10.6825 -0.334491 -2.5
    endloop
  endfacet
  facet normal -0.078318 0.745113 -0.662324
    outer loop
      vertex -7.5 -2.13333 0.6
      vertex -7.05646 -2.08671 0.6
      vertex -7.5 -3.2 -0.6
    endloop
  endfacet
  facet normal -0.0783168 0.745112 -0.662325
    outer loop
      vertex -7.05646 -2.08671 0.6
      vertex -6.83468 -3.13007 -0.6
      vertex -7.5 -3.2 -0.6
    endloop
  endfacet
  facet normal 0.374615 0.648839 -0.662323
    outer loop
      vertex -8.75394 -1.7259 0.6
      vertex -8.3677 -1.9489 0.6
      vertex -9.38091 -2.58885 -0.6
    endloop
  endfacet
  facet normal -0.374611 -0.648842 -0.662322
    outer loop
      vertex -6.19844 2.92334 -0.6
      vertex -5.61909 2.58885 -0.6
      vertex -6.6323 1.9489 0.6
    endloop
  endfacet
  facet normal -0.60613 0.44038 -0.662323
    outer loop
      vertex -4.72872 -1.6 -0.6
      vertex -5.12194 -2.14122 -0.6
      vertex -5.65248 -1.06667 0.6
    endloop
  endfacet
  facet normal -0.732846 0.155772 -0.662323
    outer loop
      vertex -4.31753 -0.334491 -0.6
      vertex -4.45662 -0.988853 -0.6
      vertex -5.47108 -0.659236 0.6
    endloop
  endfacet
  facet normal 0.501324 -0.556778 -0.662324
    outer loop
      vertex -8.75394 1.7259 0.6
      vertex -9.08537 1.42748 0.6
      vertex -9.87806 2.14122 -0.6
    endloop
  endfacet
  facet normal -0.501324 0.556778 -0.662324
    outer loop
      vertex -5.91463 -1.42748 0.6
      vertex -5.12194 -2.14122 -0.6
      vertex -6.24606 -1.7259 0.6
    endloop
  endfacet
  facet normal 0.231524 0.712546 -0.662325
    outer loop
      vertex -7.94354 -2.08671 0.6
      vertex -8.16532 -3.13007 -0.6
      vertex -8.80156 -2.92334 -0.6
    endloop
  endfacet
  facet normal -0.684445 0.304735 -0.662323
    outer loop
      vertex -4.45662 -0.988853 -0.6
      vertex -4.72872 -1.6 -0.6
      vertex -5.65248 -1.06667 0.6
    endloop
  endfacet
  facet normal 0.374611 -0.648842 -0.662322
    outer loop
      vertex -8.80156 2.92334 -0.6
      vertex -8.3677 1.9489 0.6
      vertex -9.38091 2.58885 -0.6
    endloop
  endfacet
  facet normal -0.374611 0.648842 -0.662322
    outer loop
      vertex -5.61909 -2.58885 -0.6
      vertex -6.19844 -2.92334 -0.6
      vertex -6.6323 -1.9489 0.6
    endloop
  endfacet
  facet normal 0.23151 -0.712555 -0.662321
    outer loop
      vertex -7.94354 2.08671 0.6
      vertex -8.3677 1.9489 0.6
      vertex -8.80156 2.92334 -0.6
    endloop
  endfacet
  facet normal -0.078318 -0.745113 -0.662324
    outer loop
      vertex -7.5 3.2 -0.6
      vertex -7.05646 2.08671 0.6
      vertex -7.5 2.13333 0.6
    endloop
  endfacet
  facet normal -0.501324 -0.556778 -0.662324
    outer loop
      vertex -5.12194 2.14122 -0.6
      vertex -5.91463 1.42748 0.6
      vertex -6.24606 1.7259 0.6
    endloop
  endfacet
  facet normal -0.0783168 -0.745112 -0.662325
    outer loop
      vertex -6.83468 3.13007 -0.6
      vertex -7.05646 2.08671 0.6
      vertex -7.5 3.2 -0.6
    endloop
  endfacet
  facet normal 0.68444 -0.304732 -0.662329
    outer loop
      vertex -10.2713 1.6 -0.6
      vertex -9.34752 1.06667 0.6
      vertex -10.5434 0.988853 -0.6
    endloop
  endfacet
  facet normal -0.501321 0.556781 -0.662323
    outer loop
      vertex -5.12194 -2.14122 -0.6
      vertex -5.61909 -2.58885 -0.6
      vertex -6.24606 -1.7259 0.6
    endloop
  endfacet
  facet normal -0.606124 0.440386 -0.662325
    outer loop
      vertex -5.65248 -1.06667 0.6
      vertex -5.12194 -2.14122 -0.6
      vertex -5.91463 -1.42748 0.6
    endloop
  endfacet
  facet normal 0.374615 -0.648839 -0.662323
    outer loop
      vertex -8.3677 1.9489 0.6
      vertex -8.75394 1.7259 0.6
      vertex -9.38091 2.58885 -0.6
    endloop
  endfacet
  facet normal -0.684446 0.304733 -0.662323
    outer loop
      vertex -5.47108 -0.659236 0.6
      vertex -4.45662 -0.988853 -0.6
      vertex -5.65248 -1.06667 0.6
    endloop
  endfacet
  facet normal -0.231524 -0.712546 -0.662325
    outer loop
      vertex -6.83468 3.13007 -0.6
      vertex -6.19844 2.92334 -0.6
      vertex -7.05646 2.08671 0.6
    endloop
  endfacet
  facet normal -0.374615 -0.648839 -0.662323
    outer loop
      vertex -5.61909 2.58885 -0.6
      vertex -6.24606 1.7259 0.6
      vertex -6.6323 1.9489 0.6
    endloop
  endfacet
  facet normal 0.231524 -0.712546 -0.662325
    outer loop
      vertex -8.16532 3.13007 -0.6
      vertex -7.94354 2.08671 0.6
      vertex -8.80156 2.92334 -0.6
    endloop
  endfacet
  facet normal 0.0783168 -0.745112 -0.662325
    outer loop
      vertex -7.5 3.2 -0.6
      vertex -7.94354 2.08671 0.6
      vertex -8.16532 3.13007 -0.6
    endloop
  endfacet
  facet normal -0.374615 0.648839 -0.662323
    outer loop
      vertex -6.24606 -1.7259 0.6
      vertex -5.61909 -2.58885 -0.6
      vertex -6.6323 -1.9489 0.6
    endloop
  endfacet
  facet normal -0.23151 0.712555 -0.662321
    outer loop
      vertex -6.6323 -1.9489 0.6
      vertex -6.19844 -2.92334 -0.6
      vertex -7.05646 -2.08671 0.6
    endloop
  endfacet
  facet normal -0.231524 0.712546 -0.662325
    outer loop
      vertex -6.19844 -2.92334 -0.6
      vertex -6.83468 -3.13007 -0.6
      vertex -7.05646 -2.08671 0.6
    endloop
  endfacet
  facet normal 0.732837 0.155776 -0.662332
    outer loop
      vertex -9.62165 -0.222994 0.6
      vertex -9.52892 -0.659236 0.6
      vertex -10.6825 -0.334491 -0.6
    endloop
  endfacet
  facet normal 0.606124 -0.440386 -0.662325
    outer loop
      vertex -9.08537 1.42748 0.6
      vertex -9.34752 1.06667 0.6
      vertex -9.87806 2.14122 -0.6
    endloop
  endfacet
  facet normal -0.501321 -0.556781 -0.662323
    outer loop
      vertex -5.61909 2.58885 -0.6
      vertex -5.12194 2.14122 -0.6
      vertex -6.24606 1.7259 0.6
    endloop
  endfacet
  facet normal 0.732837 0.155782 -0.662331
    outer loop
      vertex -9.52892 -0.659236 0.6
      vertex -10.5434 -0.988853 -0.6
      vertex -10.6825 -0.334491 -0.6
    endloop
  endfacet
  facet normal -0.732846 -0.155772 -0.662323
    outer loop
      vertex -4.45662 0.988853 -0.6
      vertex -4.31753 0.334491 -0.6
      vertex -5.47108 0.659236 0.6
    endloop
  endfacet
  facet normal -0.732846 -0.155778 -0.662322
    outer loop
      vertex -4.31753 0.334491 -0.6
      vertex -5.37835 0.222994 0.6
      vertex -5.47108 0.659236 0.6
    endloop
  endfacet
  facet normal -0.684445 -0.304735 -0.662323
    outer loop
      vertex -4.72872 1.6 -0.6
      vertex -4.45662 0.988853 -0.6
      vertex -5.65248 1.06667 0.6
    endloop
  endfacet
  facet normal 0.501321 -0.556781 -0.662323
    outer loop
      vertex -9.38091 2.58885 -0.6
      vertex -8.75394 1.7259 0.6
      vertex -9.87806 2.14122 -0.6
    endloop
  endfacet
  facet normal 0.606116 0.440392 -0.662327
    outer loop
      vertex -9.34752 -1.06667 0.6
      vertex -9.87806 -2.14122 -0.6
      vertex -10.2713 -1.6 -0.6
    endloop
  endfacet
  facet normal 0.684441 -0.30473 -0.66233
    outer loop
      vertex -9.34752 1.06667 0.6
      vertex -9.52892 0.659236 0.6
      vertex -10.5434 0.988853 -0.6
    endloop
  endfacet
  facet normal 0.606124 0.440386 -0.662325
    outer loop
      vertex -9.34752 -1.06667 0.6
      vertex -9.08537 -1.42748 0.6
      vertex -9.87806 -2.14122 -0.6
    endloop
  endfacet
  facet normal 0.0783168 0.745112 -0.662325
    outer loop
      vertex -7.94354 -2.08671 0.6
      vertex -7.5 -3.2 -0.6
      vertex -8.16532 -3.13007 -0.6
    endloop
  endfacet
  facet normal 0.078318 0.745113 -0.662324
    outer loop
      vertex -7.5 -2.13333 0.6
      vertex -7.5 -3.2 -0.6
      vertex -7.94354 -2.08671 0.6
    endloop
  endfacet
  facet normal 0.732837 -0.155776 -0.662332
    outer loop
      vertex -9.52892 0.659236 0.6
      vertex -9.62165 0.222994 0.6
      vertex -10.6825 0.334491 -0.6
    endloop
  endfacet
  facet normal 0.078318 -0.745113 -0.662324
    outer loop
      vertex -7.5 3.2 -0.6
      vertex -7.5 2.13333 0.6
      vertex -7.94354 2.08671 0.6
    endloop
  endfacet
  facet normal 0.501324 0.556778 -0.662324
    outer loop
      vertex -9.08537 -1.42748 0.6
      vertex -8.75394 -1.7259 0.6
      vertex -9.87806 -2.14122 -0.6
    endloop
  endfacet
  facet normal 0.501321 0.556781 -0.662323
    outer loop
      vertex -8.75394 -1.7259 0.6
      vertex -9.38091 -2.58885 -0.6
      vertex -9.87806 -2.14122 -0.6
    endloop
  endfacet
  facet normal 0.606116 -0.440392 -0.662327
    outer loop
      vertex -9.87806 2.14122 -0.6
      vertex -9.34752 1.06667 0.6
      vertex -10.2713 1.6 -0.6
    endloop
  endfacet
  facet normal 0.74921 0 -0.662333
    outer loop
      vertex -9.62165 -0.222994 0.6
      vertex -10.6825 0.334491 -0.6
      vertex -9.62165 0.222994 0.6
    endloop
  endfacet
  facet normal 0.74921 0 -0.662333
    outer loop
      vertex -10.6825 0.334491 -0.6
      vertex -9.62165 -0.222994 0.6
      vertex -10.6825 -0.334491 -0.6
    endloop
  endfacet
  facet normal 0 0 -1
    outer loop
      vertex -5.47108 -0.659236 0.6
      vertex -5.37835 0.222994 0.6
      vertex -5.37835 -0.222994 0.6
    endloop
  endfacet
  facet normal 0 0 -1
    outer loop
      vertex -5.47108 -0.659236 0.6
      vertex -5.47108 0.659236 0.6
      vertex -5.37835 0.222994 0.6
    endloop
  endfacet
  facet normal 0 0 -1
    outer loop
      vertex -5.65248 -1.06667 0.6
      vertex -5.47108 0.659236 0.6
      vertex -5.47108 -0.659236 0.6
    endloop
  endfacet
  facet normal 0 0 -1
    outer loop
      vertex -5.65248 -1.06667 0.6
      vertex -5.65248 1.06667 0.6
      vertex -5.47108 0.659236 0.6
    endloop
  endfacet
  facet normal 0 0 -1
    outer loop
      vertex -5.91463 -1.42748 0.6
      vertex -5.65248 1.06667 0.6
      vertex -5.65248 -1.06667 0.6
    endloop
  endfacet
  facet normal 0 0 -1
    outer loop
      vertex -5.91463 -1.42748 0.6
      vertex -5.91463 1.42748 0.6
      vertex -5.65248 1.06667 0.6
    endloop
  endfacet
  facet normal 0 0 -1
    outer loop
      vertex -6.24606 -1.7259 0.6
      vertex -5.91463 1.42748 0.6
      vertex -5.91463 -1.42748 0.6
    endloop
  endfacet
  facet normal 0 0 -1
    outer loop
      vertex -6.24606 -1.7259 0.6
      vertex -6.24606 1.7259 0.6
      vertex -5.91463 1.42748 0.6
    endloop
  endfacet
  facet normal 0 0 -1
    outer loop
      vertex -6.6323 -1.9489 0.6
      vertex -6.24606 1.7259 0.6
      vertex -6.24606 -1.7259 0.6
    endloop
  endfacet
  facet normal 0 0 -1
    outer loop
      vertex -6.6323 -1.9489 0.6
      vertex -6.6323 1.9489 0.6
      vertex -6.24606 1.7259 0.6
    endloop
  endfacet
  facet normal 0 0 -1
    outer loop
      vertex -7.05646 -2.08671 0.6
      vertex -6.6323 1.9489 0.6
      vertex -6.6323 -1.9489 0.6
    endloop
  endfacet
  facet normal 0 0 -1
    outer loop
      vertex -7.05646 -2.08671 0.6
      vertex -7.05646 2.08671 0.6
      vertex -6.6323 1.9489 0.6
    endloop
  endfacet
  facet normal 0 0 -1
    outer loop
      vertex -7.5 -2.13333 0.6
      vertex -7.05646 2.08671 0.6
      vertex -7.05646 -2.08671 0.6
    endloop
  endfacet
  facet normal 0 0 -1
    outer loop
      vertex -7.5 -2.13333 0.6
      vertex -7.5 2.13333 0.6
      vertex -7.05646 2.08671 0.6
    endloop
  endfacet
  facet normal 0 0 -1
    outer loop
      vertex -7.94354 -2.08671 0.6
      vertex -7.5 2.13333 0.6
      vertex -7.5 -2.13333 0.6
    endloop
  endfacet
  facet normal 0 0 -1
    outer loop
      vertex -7.94354 -2.08671 0.6
      vertex -7.94354 2.08671 0.6
      vertex -7.5 2.13333 0.6
    endloop
  endfacet
  facet normal 0 0 -1
    outer loop
      vertex -8.3677 -1.9489 0.6
      vertex -7.94354 2.08671 0.6
      vertex -7.94354 -2.08671 0.6
    endloop
  endfacet
  facet normal 0 0 -1
    outer loop
      vertex -8.3677 -1.9489 0.6
      vertex -8.3677 1.9489 0.6
      vertex -7.94354 2.08671 0.6
    endloop
  endfacet
  facet normal 0 0 -1
    outer loop
      vertex -8.75394 -1.7259 0.6
      vertex -8.3677 1.9489 0.6
      vertex -8.3677 -1.9489 0.6
    endloop
  endfacet
  facet normal 0 0 -1
    outer loop
      vertex -8.75394 -1.7259 0.6
      vertex -8.75394 1.7259 0.6
      vertex -8.3677 1.9489 0.6
    endloop
  endfacet
  facet normal 0 0 -1
    outer loop
      vertex -9.08537 -1.42748 0.6
      vertex -8.75394 1.7259 0.6
      vertex -8.75394 -1.7259 0.6
    endloop
  endfacet
  facet normal 0 0 -1
    outer loop
      vertex -9.08537 -1.42748 0.6
      vertex -9.08537 1.42748 0.6
      vertex -8.75394 1.7259 0.6
    endloop
  endfacet
  facet normal 0 0 -1
    outer loop
      vertex -9.34752 -1.06667 0.6
      vertex -9.08537 1.42748 0.6
      vertex -9.08537 -1.42748 0.6
    endloop
  endfacet
  facet normal 0 0 -1
    outer loop
      vertex -9.34752 -1.06667 0.6
      vertex -9.34752 1.06667 0.6
      vertex -9.08537 1.42748 0.6
    endloop
  endfacet
  facet normal 0 0 -1
    outer loop
      vertex -9.52892 -0.659236 0.6
      vertex -9.34752 1.06667 0.6
      vertex -9.34752 -1.06667 0.6
    endloop
  endfacet
  facet normal 0 0 -1
    outer loop
      vertex -9.52892 -0.659236 0.6
      vertex -9.52892 0.659236 0.6
      vertex -9.34752 1.06667 0.6
    endloop
  endfacet
  facet normal 0 0 -1
    outer loop
      vertex -9.62165 -0.222994 0.6
      vertex -9.52892 0.659236 0.6
      vertex -9.52892 -0.659236 0.6
    endloop
  endfacet
  facet normal 0 0 -1
    outer loop
      vertex -9.52892 0.659236 0.6
      vertex -9.62165 -0.222994 0.6
      vertex -9.62165 0.222994 0.6
    endloop
  endfacet
  facet normal -0.60613 -0.44038 -0.662323
    outer loop
      vertex -5.12194 2.14122 -0.6
      vertex -4.72872 1.6 -0.6
      vertex -5.65248 1.06667 0.6
    endloop
  endfacet
  facet normal -0.732846 0.155778 -0.662322
    outer loop
      vertex -5.37835 -0.222994 0.6
      vertex -4.31753 -0.334491 -0.6
      vertex -5.47108 -0.659236 0.6
    endloop
  endfacet
  facet normal -0.606124 -0.440386 -0.662325
    outer loop
      vertex -5.12194 2.14122 -0.6
      vertex -5.65248 1.06667 0.6
      vertex -5.91463 1.42748 0.6
    endloop
  endfacet
  facet normal -0.749219 0 -0.662322
    outer loop
      vertex -4.31753 0.334491 -0.6
      vertex -5.37835 -0.222994 0.6
      vertex -5.37835 0.222994 0.6
    endloop
  endfacet
  facet normal -0.749219 0 -0.662322
    outer loop
      vertex -5.37835 -0.222994 0.6
      vertex -4.31753 0.334491 -0.6
      vertex -4.31753 -0.334491 -0.6
    endloop
  endfacet
  facet normal -0.684446 -0.304733 -0.662323
    outer loop
      vertex -4.45662 0.988853 -0.6
      vertex -5.47108 0.659236 0.6
      vertex -5.65248 1.06667 0.6
    endloop
  endfacet
  facet normal 0.732837 -0.155782 -0.662331
    outer loop
      vertex -10.5434 0.988853 -0.6
      vertex -9.52892 0.659236 0.6
      vertex -10.6825 0.334491 -0.6
    endloop
  endfacet
  facet normal -0.23151 -0.712555 -0.662321
    outer loop
      vertex -6.19844 2.92334 -0.6
      vertex -6.6323 1.9489 0.6
      vertex -7.05646 2.08671 0.6
    endloop
  endfacet
  facet normal 0.684441 0.30473 -0.66233
    outer loop
      vertex -9.52892 -0.659236 0.6
      vertex -9.34752 -1.06667 0.6
      vertex -10.5434 -0.988853 -0.6
    endloop
  endfacet
  facet normal 0.374611 0.648842 -0.662322
    outer loop
      vertex -8.3677 -1.9489 0.6
      vertex -8.80156 -2.92334 -0.6
      vertex -9.38091 -2.58885 -0.6
    endloop
  endfacet
  facet normal 0.68444 0.304732 -0.662329
    outer loop
      vertex -9.34752 -1.06667 0.6
      vertex -10.2713 -1.6 -0.6
      vertex -10.5434 -0.988853 -0.6
    endloop
  endfacet
  facet normal 0.23151 0.712555 -0.662321
    outer loop
      vertex -8.3677 -1.9489 0.6
      vertex -7.94354 -2.08671 0.6
      vertex -8.80156 -2.92334 -0.6
    endloop
  endfacet
  facet normal 0.978148 -0.20791 0
    outer loop
      vertex 4.32027 0.386755 -0.6
      vertex 4.48109 1.14336 -2.5
      vertex 4.48109 1.14336 -0.6
    endloop
  endfacet
  facet normal 0.978148 -0.20791 0
    outer loop
      vertex 4.48109 1.14336 -2.5
      vertex 4.32027 0.386755 -0.6
      vertex 4.32027 0.386755 -2.5
    endloop
  endfacet
  facet normal -0.30902 0.951055 0
    outer loop
      vertex 9.50492 -3.38012 -2.5
      vertex 8.76927 -3.61915 -0.6
      vertex 9.50492 -3.38012 -0.6
    endloop
  endfacet
  facet normal -0.30902 0.951055 0
    outer loop
      vertex 8.76927 -3.61915 -0.6
      vertex 9.50492 -3.38012 -2.5
      vertex 8.76927 -3.61915 -2.5
    endloop
  endfacet
  facet normal -0.104524 0.994522 0
    outer loop
      vertex 8.76927 -3.61915 -2.5
      vertex 8 -3.7 -0.6
      vertex 8.76927 -3.61915 -0.6
    endloop
  endfacet
  facet normal -0.104524 0.994522 0
    outer loop
      vertex 8 -3.7 -0.6
      vertex 8.76927 -3.61915 -2.5
      vertex 8 -3.7 -2.5
    endloop
  endfacet
  facet normal -0.500004 0.866023 0
    outer loop
      vertex 10.1748 -2.99336 -2.5
      vertex 9.50492 -3.38012 -0.6
      vertex 10.1748 -2.99336 -0.6
    endloop
  endfacet
  facet normal -0.500004 0.866023 0
    outer loop
      vertex 9.50492 -3.38012 -0.6
      vertex 10.1748 -2.99336 -2.5
      vertex 9.50492 -3.38012 -2.5
    endloop
  endfacet
  facet normal 0.104524 0.994522 -0
    outer loop
      vertex 8 -3.7 -2.5
      vertex 7.23073 -3.61915 -0.6
      vertex 8 -3.7 -0.6
    endloop
  endfacet
  facet normal 0.104524 0.994522 0
    outer loop
      vertex 7.23073 -3.61915 -0.6
      vertex 8 -3.7 -2.5
      vertex 7.23073 -3.61915 -2.5
    endloop
  endfacet
  facet normal -0.66915 0.743127 0
    outer loop
      vertex 10.7496 -2.47578 -2.5
      vertex 10.1748 -2.99336 -0.6
      vertex 10.7496 -2.47578 -0.6
    endloop
  endfacet
  facet normal -0.66915 0.743127 0
    outer loop
      vertex 10.1748 -2.99336 -0.6
      vertex 10.7496 -2.47578 -2.5
      vertex 10.1748 -2.99336 -2.5
    endloop
  endfacet
  facet normal 0.30902 -0.951055 0
    outer loop
      vertex 6.49508 3.38012 -2.5
      vertex 7.23073 3.61915 -0.6
      vertex 6.49508 3.38012 -0.6
    endloop
  endfacet
  facet normal 0.30902 -0.951055 0
    outer loop
      vertex 7.23073 3.61915 -0.6
      vertex 6.49508 3.38012 -2.5
      vertex 7.23073 3.61915 -2.5
    endloop
  endfacet
  facet normal -0.30902 -0.951055 0
    outer loop
      vertex 8.76927 3.61915 -2.5
      vertex 9.50492 3.38012 -0.6
      vertex 8.76927 3.61915 -0.6
    endloop
  endfacet
  facet normal -0.30902 -0.951055 -0
    outer loop
      vertex 9.50492 3.38012 -0.6
      vertex 8.76927 3.61915 -2.5
      vertex 9.50492 3.38012 -2.5
    endloop
  endfacet
  facet normal 0.809021 0.58778 0
    outer loop
      vertex 5.25036 -2.47578 -0.6
      vertex 4.79571 -1.85 -2.5
      vertex 4.79571 -1.85 -0.6
    endloop
  endfacet
  facet normal 0.809021 0.58778 0
    outer loop
      vertex 4.79571 -1.85 -2.5
      vertex 5.25036 -2.47578 -0.6
      vertex 5.25036 -2.47578 -2.5
    endloop
  endfacet
  facet normal 0.809021 -0.58778 0
    outer loop
      vertex 4.79571 1.85 -0.6
      vertex 5.25036 2.47578 -2.5
      vertex 5.25036 2.47578 -0.6
    endloop
  endfacet
  facet normal 0.809021 -0.58778 0
    outer loop
      vertex 5.25036 2.47578 -2.5
      vertex 4.79571 1.85 -0.6
      vertex 4.79571 1.85 -2.5
    endloop
  endfacet
  facet normal -0.80899 -0.587823 0
    outer loop
      vertex 11.2043 1.85 -2.5
      vertex 10.7496 2.47578 -0.6
      vertex 10.7496 2.47578 -2.5
    endloop
  endfacet
  facet normal -0.80899 -0.587823 0
    outer loop
      vertex 10.7496 2.47578 -0.6
      vertex 11.2043 1.85 -2.5
      vertex 11.2043 1.85 -0.6
    endloop
  endfacet
  facet normal -0.500004 -0.866023 0
    outer loop
      vertex 9.50492 3.38012 -2.5
      vertex 10.1748 2.99336 -0.6
      vertex 9.50492 3.38012 -0.6
    endloop
  endfacet
  facet normal -0.500004 -0.866023 -0
    outer loop
      vertex 10.1748 2.99336 -0.6
      vertex 9.50492 3.38012 -2.5
      vertex 10.1748 2.99336 -2.5
    endloop
  endfacet
  facet normal -0.913553 -0.406719 0
    outer loop
      vertex 11.5189 1.14336 -2.5
      vertex 11.2043 1.85 -0.6
      vertex 11.2043 1.85 -2.5
    endloop
  endfacet
  facet normal -0.913553 -0.406719 0
    outer loop
      vertex 11.2043 1.85 -0.6
      vertex 11.5189 1.14336 -2.5
      vertex 11.5189 1.14336 -0.6
    endloop
  endfacet
  facet normal 0.913544 -0.406741 0
    outer loop
      vertex 4.48109 1.14336 -0.6
      vertex 4.79571 1.85 -2.5
      vertex 4.79571 1.85 -0.6
    endloop
  endfacet
  facet normal 0.913544 -0.406741 0
    outer loop
      vertex 4.79571 1.85 -2.5
      vertex 4.48109 1.14336 -0.6
      vertex 4.48109 1.14336 -2.5
    endloop
  endfacet
  facet normal -0.978153 -0.207885 0
    outer loop
      vertex 11.6797 0.386755 -2.5
      vertex 11.5189 1.14336 -0.6
      vertex 11.5189 1.14336 -2.5
    endloop
  endfacet
  facet normal -0.978153 -0.207885 0
    outer loop
      vertex 11.5189 1.14336 -0.6
      vertex 11.6797 0.386755 -2.5
      vertex 11.6797 0.386755 -0.6
    endloop
  endfacet
  facet normal 0.500004 0.866023 -0
    outer loop
      vertex 6.49508 -3.38012 -2.5
      vertex 5.8252 -2.99336 -0.6
      vertex 6.49508 -3.38012 -0.6
    endloop
  endfacet
  facet normal 0.500004 0.866023 0
    outer loop
      vertex 5.8252 -2.99336 -0.6
      vertex 6.49508 -3.38012 -2.5
      vertex 5.8252 -2.99336 -2.5
    endloop
  endfacet
  facet normal 0.669125 0.74315 -0
    outer loop
      vertex 5.8252 -2.99336 -2.5
      vertex 5.25036 -2.47578 -0.6
      vertex 5.8252 -2.99336 -0.6
    endloop
  endfacet
  facet normal 0.669125 0.74315 0
    outer loop
      vertex 5.25036 -2.47578 -0.6
      vertex 5.8252 -2.99336 -2.5
      vertex 5.25036 -2.47578 -2.5
    endloop
  endfacet
  facet normal 0.978148 0.20791 0
    outer loop
      vertex 4.48109 -1.14336 -0.6
      vertex 4.32027 -0.386755 -2.5
      vertex 4.32027 -0.386755 -0.6
    endloop
  endfacet
  facet normal 0.978148 0.20791 0
    outer loop
      vertex 4.32027 -0.386755 -2.5
      vertex 4.48109 -1.14336 -0.6
      vertex 4.48109 -1.14336 -2.5
    endloop
  endfacet
  facet normal -1 0 0
    outer loop
      vertex 11.6797 -0.386755 -2.5
      vertex 11.6797 0.386755 -0.6
      vertex 11.6797 0.386755 -2.5
    endloop
  endfacet
  facet normal -1 -0 0
    outer loop
      vertex 11.6797 0.386755 -0.6
      vertex 11.6797 -0.386755 -2.5
      vertex 11.6797 -0.386755 -0.6
    endloop
  endfacet
  facet normal 0.30902 0.951055 -0
    outer loop
      vertex 7.23073 -3.61915 -2.5
      vertex 6.49508 -3.38012 -0.6
      vertex 7.23073 -3.61915 -0.6
    endloop
  endfacet
  facet normal 0.30902 0.951055 0
    outer loop
      vertex 6.49508 -3.38012 -0.6
      vertex 7.23073 -3.61915 -2.5
      vertex 6.49508 -3.38012 -2.5
    endloop
  endfacet
  facet normal -0.80899 0.587823 0
    outer loop
      vertex 10.7496 -2.47578 -2.5
      vertex 11.2043 -1.85 -0.6
      vertex 11.2043 -1.85 -2.5
    endloop
  endfacet
  facet normal -0.80899 0.587823 0
    outer loop
      vertex 11.2043 -1.85 -0.6
      vertex 10.7496 -2.47578 -2.5
      vertex 10.7496 -2.47578 -0.6
    endloop
  endfacet
  facet normal -0.104524 -0.994522 0
    outer loop
      vertex 8 3.7 -2.5
      vertex 8.76927 3.61915 -0.6
      vertex 8 3.7 -0.6
    endloop
  endfacet
  facet normal -0.104524 -0.994522 -0
    outer loop
      vertex 8.76927 3.61915 -0.6
      vertex 8 3.7 -2.5
      vertex 8.76927 3.61915 -2.5
    endloop
  endfacet
  facet normal 0.500004 -0.866023 0
    outer loop
      vertex 5.8252 2.99336 -2.5
      vertex 6.49508 3.38012 -0.6
      vertex 5.8252 2.99336 -0.6
    endloop
  endfacet
  facet normal 0.500004 -0.866023 0
    outer loop
      vertex 6.49508 3.38012 -0.6
      vertex 5.8252 2.99336 -2.5
      vertex 6.49508 3.38012 -2.5
    endloop
  endfacet
  facet normal -0.913553 0.406719 0
    outer loop
      vertex 11.2043 -1.85 -2.5
      vertex 11.5189 -1.14336 -0.6
      vertex 11.5189 -1.14336 -2.5
    endloop
  endfacet
  facet normal -0.913553 0.406719 0
    outer loop
      vertex 11.5189 -1.14336 -0.6
      vertex 11.2043 -1.85 -2.5
      vertex 11.2043 -1.85 -0.6
    endloop
  endfacet
  facet normal 1 -0 0
    outer loop
      vertex 4.32027 -0.386755 -0.6
      vertex 4.32027 0.386755 -2.5
      vertex 4.32027 0.386755 -0.6
    endloop
  endfacet
  facet normal 1 0 0
    outer loop
      vertex 4.32027 0.386755 -2.5
      vertex 4.32027 -0.386755 -0.6
      vertex 4.32027 -0.386755 -2.5
    endloop
  endfacet
  facet normal 0.104524 -0.994522 0
    outer loop
      vertex 7.23073 3.61915 -2.5
      vertex 8 3.7 -0.6
      vertex 7.23073 3.61915 -0.6
    endloop
  endfacet
  facet normal 0.104524 -0.994522 0
    outer loop
      vertex 8 3.7 -0.6
      vertex 7.23073 3.61915 -2.5
      vertex 8 3.7 -2.5
    endloop
  endfacet
  facet normal 0.913544 0.406741 0
    outer loop
      vertex 4.79571 -1.85 -0.6
      vertex 4.48109 -1.14336 -2.5
      vertex 4.48109 -1.14336 -0.6
    endloop
  endfacet
  facet normal 0.913544 0.406741 0
    outer loop
      vertex 4.48109 -1.14336 -2.5
      vertex 4.79571 -1.85 -0.6
      vertex 4.79571 -1.85 -2.5
    endloop
  endfacet
  facet normal 0.669125 -0.74315 0
    outer loop
      vertex 5.25036 2.47578 -2.5
      vertex 5.8252 2.99336 -0.6
      vertex 5.25036 2.47578 -0.6
    endloop
  endfacet
  facet normal 0.669125 -0.74315 0
    outer loop
      vertex 5.8252 2.99336 -0.6
      vertex 5.25036 2.47578 -2.5
      vertex 5.8252 2.99336 -2.5
    endloop
  endfacet
  facet normal -0.978153 0.207885 0
    outer loop
      vertex 11.5189 -1.14336 -2.5
      vertex 11.6797 -0.386755 -0.6
      vertex 11.6797 -0.386755 -2.5
    endloop
  endfacet
  facet normal -0.978153 0.207885 0
    outer loop
      vertex 11.6797 -0.386755 -0.6
      vertex 11.5189 -1.14336 -2.5
      vertex 11.5189 -1.14336 -0.6
    endloop
  endfacet
  facet normal -0.66915 -0.743127 0
    outer loop
      vertex 10.1748 2.99336 -2.5
      vertex 10.7496 2.47578 -0.6
      vertex 10.1748 2.99336 -0.6
    endloop
  endfacet
  facet normal -0.66915 -0.743127 -0
    outer loop
      vertex 10.7496 2.47578 -0.6
      vertex 10.1748 2.99336 -2.5
      vertex 10.7496 2.47578 -2.5
    endloop
  endfacet
  facet normal 0.349663 0.605627 -0.714809
    outer loop
      vertex 6.55013 -1.99557 0.6
      vertex 6.49508 -3.38012 -0.6
      vertex 5.8252 -2.99336 -0.6
    endloop
  endfacet
  facet normal -0.0731088 0.69549 -0.714807
    outer loop
      vertex 8 -2.46667 0.6
      vertex 8.51285 -2.41276 0.6
      vertex 8 -3.7 -0.6
    endloop
  endfacet
  facet normal -0.0730955 0.695488 -0.71481
    outer loop
      vertex 8.51285 -2.41276 0.6
      vertex 8.76927 -3.61915 -0.6
      vertex 8 -3.7 -0.6
    endloop
  endfacet
  facet normal -0.467939 0.519704 -0.714801
    outer loop
      vertex 9.83309 -1.65052 0.6
      vertex 10.7496 -2.47578 -0.6
      vertex 9.44987 -1.99557 0.6
    endloop
  endfacet
  facet normal -0.684063 -0.145383 -0.714788
    outer loop
      vertex 11.5189 1.14336 -0.6
      vertex 11.6797 0.386755 -0.6
      vertex 10.4532 0.257836 0.6
    endloop
  endfacet
  facet normal -0.349663 0.605627 -0.714809
    outer loop
      vertex 10.1748 -2.99336 -0.6
      vertex 9.50492 -3.38012 -0.6
      vertex 9.44987 -1.99557 0.6
    endloop
  endfacet
  facet normal -0.349661 -0.605628 -0.714809
    outer loop
      vertex 9.50492 3.38012 -0.6
      vertex 9.44987 1.99557 0.6
      vertex 9.00328 2.25341 0.6
    endloop
  endfacet
  facet normal 0.216104 0.665091 -0.71481
    outer loop
      vertex 7.48715 -2.41276 0.6
      vertex 7.23073 -3.61915 -0.6
      vertex 6.49508 -3.38012 -0.6
    endloop
  endfacet
  facet normal -0.638859 -0.284423 -0.714817
    outer loop
      vertex 11.2043 1.85 -0.6
      vertex 11.5189 1.14336 -0.6
      vertex 10.3459 0.762241 0.6
    endloop
  endfacet
  facet normal -0.638884 -0.284392 -0.714807
    outer loop
      vertex 11.2043 1.85 -0.6
      vertex 10.3459 0.762241 0.6
      vertex 10.1362 1.23333 0.6
    endloop
  endfacet
  facet normal 0.565765 0.411047 -0.714807
    outer loop
      vertex 5.8638 -1.23333 0.6
      vertex 5.25036 -2.47578 -0.6
      vertex 4.79571 -1.85 -0.6
    endloop
  endfacet
  facet normal -0.216104 -0.665091 -0.71481
    outer loop
      vertex 8.76927 3.61915 -0.6
      vertex 9.50492 3.38012 -0.6
      vertex 8.51285 2.41276 0.6
    endloop
  endfacet
  facet normal 0.467934 -0.519698 -0.714809
    outer loop
      vertex 6.55013 1.99557 0.6
      vertex 6.16691 1.65052 0.6
      vertex 5.25036 2.47578 -0.6
    endloop
  endfacet
  facet normal 0.684038 -0.145395 -0.714809
    outer loop
      vertex 4.48109 1.14336 -0.6
      vertex 5.54685 0.257836 0.6
      vertex 4.32027 0.386755 -0.6
    endloop
  endfacet
  facet normal 0.349661 0.605628 -0.714809
    outer loop
      vertex 6.55013 -1.99557 0.6
      vertex 6.99672 -2.25341 0.6
      vertex 6.49508 -3.38012 -0.6
    endloop
  endfacet
  facet normal 0.638864 -0.284437 -0.714807
    outer loop
      vertex 5.8638 1.23333 0.6
      vertex 5.65406 0.762241 0.6
      vertex 4.79571 1.85 -0.6
    endloop
  endfacet
  facet normal 0.638864 0.284437 -0.714807
    outer loop
      vertex 5.65406 -0.762241 0.6
      vertex 5.8638 -1.23333 0.6
      vertex 4.79571 -1.85 -0.6
    endloop
  endfacet
  facet normal -0.349663 -0.605627 -0.714809
    outer loop
      vertex 9.50492 3.38012 -0.6
      vertex 10.1748 2.99336 -0.6
      vertex 9.44987 1.99557 0.6
    endloop
  endfacet
  facet normal -0.684001 0.145505 -0.714823
    outer loop
      vertex 10.4532 -0.257836 0.6
      vertex 11.5189 -1.14336 -0.6
      vertex 10.3459 -0.762241 0.6
    endloop
  endfacet
  facet normal -0.565744 0.411077 -0.714808
    outer loop
      vertex 11.2043 -1.85 -0.6
      vertex 10.7496 -2.47578 -0.6
      vertex 10.1362 -1.23333 0.6
    endloop
  endfacet
  facet normal -0.638859 0.284423 -0.714817
    outer loop
      vertex 11.5189 -1.14336 -0.6
      vertex 11.2043 -1.85 -0.6
      vertex 10.3459 -0.762241 0.6
    endloop
  endfacet
  facet normal -0.565766 -0.411058 -0.7148
    outer loop
      vertex 10.7496 2.47578 -0.6
      vertex 10.1362 1.23333 0.6
      vertex 9.83309 1.65052 0.6
    endloop
  endfacet
  facet normal -0.216101 0.665092 -0.714809
    outer loop
      vertex 9.00328 -2.25341 0.6
      vertex 9.50492 -3.38012 -0.6
      vertex 8.51285 -2.41276 0.6
    endloop
  endfacet
  facet normal 0.467933 -0.5197 -0.714808
    outer loop
      vertex 5.8252 2.99336 -0.6
      vertex 6.55013 1.99557 0.6
      vertex 5.25036 2.47578 -0.6
    endloop
  endfacet
  facet normal 0 0 -1
    outer loop
      vertex 10.3459 -0.762241 0.6
      vertex 10.4532 0.257836 0.6
      vertex 10.4532 -0.257836 0.6
    endloop
  endfacet
  facet normal 0 0 -1
    outer loop
      vertex 10.3459 -0.762241 0.6
      vertex 10.3459 0.762241 0.6
      vertex 10.4532 0.257836 0.6
    endloop
  endfacet
  facet normal 0 0 -1
    outer loop
      vertex 10.1362 -1.23333 0.6
      vertex 10.3459 0.762241 0.6
      vertex 10.3459 -0.762241 0.6
    endloop
  endfacet
  facet normal 0 0 -1
    outer loop
      vertex 10.1362 -1.23333 0.6
      vertex 10.1362 1.23333 0.6
      vertex 10.3459 0.762241 0.6
    endloop
  endfacet
  facet normal 0 0 -1
    outer loop
      vertex 9.83309 -1.65052 0.6
      vertex 10.1362 1.23333 0.6
      vertex 10.1362 -1.23333 0.6
    endloop
  endfacet
  facet normal 0 0 -1
    outer loop
      vertex 9.83309 -1.65052 0.6
      vertex 9.83309 1.65052 0.6
      vertex 10.1362 1.23333 0.6
    endloop
  endfacet
  facet normal 0 0 -1
    outer loop
      vertex 9.44987 -1.99557 0.6
      vertex 9.83309 1.65052 0.6
      vertex 9.83309 -1.65052 0.6
    endloop
  endfacet
  facet normal 0 0 -1
    outer loop
      vertex 9.44987 -1.99557 0.6
      vertex 9.44987 1.99557 0.6
      vertex 9.83309 1.65052 0.6
    endloop
  endfacet
  facet normal 0 0 -1
    outer loop
      vertex 9.00328 -2.25341 0.6
      vertex 9.44987 1.99557 0.6
      vertex 9.44987 -1.99557 0.6
    endloop
  endfacet
  facet normal 0 0 -1
    outer loop
      vertex 9.00328 -2.25341 0.6
      vertex 9.00328 2.25341 0.6
      vertex 9.44987 1.99557 0.6
    endloop
  endfacet
  facet normal 0 0 -1
    outer loop
      vertex 8.51285 -2.41276 0.6
      vertex 9.00328 2.25341 0.6
      vertex 9.00328 -2.25341 0.6
    endloop
  endfacet
  facet normal 0 0 -1
    outer loop
      vertex 8.51285 -2.41276 0.6
      vertex 8.51285 2.41276 0.6
      vertex 9.00328 2.25341 0.6
    endloop
  endfacet
  facet normal 0 0 -1
    outer loop
      vertex 8 -2.46667 0.6
      vertex 8.51285 2.41276 0.6
      vertex 8.51285 -2.41276 0.6
    endloop
  endfacet
  facet normal 0 0 -1
    outer loop
      vertex 8 -2.46667 0.6
      vertex 8 2.46667 0.6
      vertex 8.51285 2.41276 0.6
    endloop
  endfacet
  facet normal 0 0 -1
    outer loop
      vertex 7.48715 -2.41276 0.6
      vertex 8 2.46667 0.6
      vertex 8 -2.46667 0.6
    endloop
  endfacet
  facet normal 0 0 -1
    outer loop
      vertex 7.48715 -2.41276 0.6
      vertex 7.48715 2.41276 0.6
      vertex 8 2.46667 0.6
    endloop
  endfacet
  facet normal 0 0 -1
    outer loop
      vertex 6.99672 -2.25341 0.6
      vertex 7.48715 2.41276 0.6
      vertex 7.48715 -2.41276 0.6
    endloop
  endfacet
  facet normal 0 0 -1
    outer loop
      vertex 6.99672 -2.25341 0.6
      vertex 6.99672 2.25341 0.6
      vertex 7.48715 2.41276 0.6
    endloop
  endfacet
  facet normal 0 0 -1
    outer loop
      vertex 6.55013 -1.99557 0.6
      vertex 6.99672 2.25341 0.6
      vertex 6.99672 -2.25341 0.6
    endloop
  endfacet
  facet normal 0 0 -1
    outer loop
      vertex 6.55013 -1.99557 0.6
      vertex 6.55013 1.99557 0.6
      vertex 6.99672 2.25341 0.6
    endloop
  endfacet
  facet normal 0 0 -1
    outer loop
      vertex 6.16691 -1.65052 0.6
      vertex 6.55013 1.99557 0.6
      vertex 6.55013 -1.99557 0.6
    endloop
  endfacet
  facet normal 0 0 -1
    outer loop
      vertex 6.16691 -1.65052 0.6
      vertex 6.16691 1.65052 0.6
      vertex 6.55013 1.99557 0.6
    endloop
  endfacet
  facet normal 0 0 -1
    outer loop
      vertex 5.8638 -1.23333 0.6
      vertex 6.16691 1.65052 0.6
      vertex 6.16691 -1.65052 0.6
    endloop
  endfacet
  facet normal 0 0 -1
    outer loop
      vertex 5.8638 -1.23333 0.6
      vertex 5.8638 1.23333 0.6
      vertex 6.16691 1.65052 0.6
    endloop
  endfacet
  facet normal 0 0 -1
    outer loop
      vertex 5.65406 -0.762241 0.6
      vertex 5.8638 1.23333 0.6
      vertex 5.8638 -1.23333 0.6
    endloop
  endfacet
  facet normal 0 0 -1
    outer loop
      vertex 5.65406 -0.762241 0.6
      vertex 5.65406 0.762241 0.6
      vertex 5.8638 1.23333 0.6
    endloop
  endfacet
  facet normal 0 0 -1
    outer loop
      vertex 5.54685 -0.257836 0.6
      vertex 5.65406 0.762241 0.6
      vertex 5.65406 -0.762241 0.6
    endloop
  endfacet
  facet normal 0 0 -1
    outer loop
      vertex 5.65406 0.762241 0.6
      vertex 5.54685 -0.257836 0.6
      vertex 5.54685 0.257836 0.6
    endloop
  endfacet
  facet normal 0.467933 0.5197 -0.714808
    outer loop
      vertex 6.55013 -1.99557 0.6
      vertex 5.8252 -2.99336 -0.6
      vertex 5.25036 -2.47578 -0.6
    endloop
  endfacet
  facet normal -0.467951 0.519685 -0.714807
    outer loop
      vertex 10.7496 -2.47578 -0.6
      vertex 10.1748 -2.99336 -0.6
      vertex 9.44987 -1.99557 0.6
    endloop
  endfacet
  facet normal -0.216104 0.665091 -0.71481
    outer loop
      vertex 9.50492 -3.38012 -0.6
      vertex 8.76927 -3.61915 -0.6
      vertex 8.51285 -2.41276 0.6
    endloop
  endfacet
  facet normal 0.467934 0.519698 -0.714809
    outer loop
      vertex 6.16691 -1.65052 0.6
      vertex 6.55013 -1.99557 0.6
      vertex 5.25036 -2.47578 -0.6
    endloop
  endfacet
  facet normal 0.565765 -0.411047 -0.714807
    outer loop
      vertex 5.25036 2.47578 -0.6
      vertex 5.8638 1.23333 0.6
      vertex 4.79571 1.85 -0.6
    endloop
  endfacet
  facet normal -0.699343 0 -0.714787
    outer loop
      vertex 10.4532 -0.257836 0.6
      vertex 11.6797 0.386755 -0.6
      vertex 11.6797 -0.386755 -0.6
    endloop
  endfacet
  facet normal -0.699343 0 -0.714787
    outer loop
      vertex 11.6797 0.386755 -0.6
      vertex 10.4532 -0.257836 0.6
      vertex 10.4532 0.257836 0.6
    endloop
  endfacet
  facet normal 0.216104 -0.665091 -0.71481
    outer loop
      vertex 7.23073 3.61915 -0.6
      vertex 7.48715 2.41276 0.6
      vertex 6.49508 3.38012 -0.6
    endloop
  endfacet
  facet normal 0.0730955 -0.695488 -0.71481
    outer loop
      vertex 8 3.7 -0.6
      vertex 7.48715 2.41276 0.6
      vertex 7.23073 3.61915 -0.6
    endloop
  endfacet
  facet normal -0.349661 0.605628 -0.714809
    outer loop
      vertex 9.44987 -1.99557 0.6
      vertex 9.50492 -3.38012 -0.6
      vertex 9.00328 -2.25341 0.6
    endloop
  endfacet
  facet normal 0.63886 0.284442 -0.714808
    outer loop
      vertex 5.65406 -0.762241 0.6
      vertex 4.79571 -1.85 -0.6
      vertex 4.48109 -1.14336 -0.6
    endloop
  endfacet
  facet normal 0.0730955 0.695488 -0.71481
    outer loop
      vertex 7.48715 -2.41276 0.6
      vertex 8 -3.7 -0.6
      vertex 7.23073 -3.61915 -0.6
    endloop
  endfacet
  facet normal 0.0731088 0.69549 -0.714807
    outer loop
      vertex 8 -2.46667 0.6
      vertex 8 -3.7 -0.6
      vertex 7.48715 -2.41276 0.6
    endloop
  endfacet
  facet normal 0.349663 -0.605627 -0.714809
    outer loop
      vertex 6.49508 3.38012 -0.6
      vertex 6.55013 1.99557 0.6
      vertex 5.8252 2.99336 -0.6
    endloop
  endfacet
  facet normal -0.684063 0.145383 -0.714788
    outer loop
      vertex 11.6797 -0.386755 -0.6
      vertex 11.5189 -1.14336 -0.6
      vertex 10.4532 -0.257836 0.6
    endloop
  endfacet
  facet normal 0.63886 -0.284442 -0.714808
    outer loop
      vertex 4.79571 1.85 -0.6
      vertex 5.65406 0.762241 0.6
      vertex 4.48109 1.14336 -0.6
    endloop
  endfacet
  facet normal 0.349661 -0.605628 -0.714809
    outer loop
      vertex 6.99672 2.25341 0.6
      vertex 6.55013 1.99557 0.6
      vertex 6.49508 3.38012 -0.6
    endloop
  endfacet
  facet normal -0.467951 -0.519685 -0.714807
    outer loop
      vertex 10.1748 2.99336 -0.6
      vertex 10.7496 2.47578 -0.6
      vertex 9.44987 1.99557 0.6
    endloop
  endfacet
  facet normal 0.0731088 -0.69549 -0.714807
    outer loop
      vertex 8 3.7 -0.6
      vertex 8 2.46667 0.6
      vertex 7.48715 2.41276 0.6
    endloop
  endfacet
  facet normal 0.684038 0.145395 -0.714809
    outer loop
      vertex 5.54685 -0.257836 0.6
      vertex 4.48109 -1.14336 -0.6
      vertex 4.32027 -0.386755 -0.6
    endloop
  endfacet
  facet normal -0.565766 0.411058 -0.7148
    outer loop
      vertex 10.1362 -1.23333 0.6
      vertex 10.7496 -2.47578 -0.6
      vertex 9.83309 -1.65052 0.6
    endloop
  endfacet
  facet normal -0.216101 -0.665092 -0.714809
    outer loop
      vertex 9.50492 3.38012 -0.6
      vertex 9.00328 2.25341 0.6
      vertex 8.51285 2.41276 0.6
    endloop
  endfacet
  facet normal -0.638884 0.284392 -0.714807
    outer loop
      vertex 10.3459 -0.762241 0.6
      vertex 11.2043 -1.85 -0.6
      vertex 10.1362 -1.23333 0.6
    endloop
  endfacet
  facet normal 0.68404 -0.145391 -0.714808
    outer loop
      vertex 5.65406 0.762241 0.6
      vertex 5.54685 0.257836 0.6
      vertex 4.48109 1.14336 -0.6
    endloop
  endfacet
  facet normal 0.565759 -0.411053 -0.71481
    outer loop
      vertex 6.16691 1.65052 0.6
      vertex 5.8638 1.23333 0.6
      vertex 5.25036 2.47578 -0.6
    endloop
  endfacet
  facet normal 0.565759 0.411053 -0.71481
    outer loop
      vertex 5.8638 -1.23333 0.6
      vertex 6.16691 -1.65052 0.6
      vertex 5.25036 -2.47578 -0.6
    endloop
  endfacet
  facet normal 0.216101 -0.665092 -0.714809
    outer loop
      vertex 7.48715 2.41276 0.6
      vertex 6.99672 2.25341 0.6
      vertex 6.49508 3.38012 -0.6
    endloop
  endfacet
  facet normal 0.216101 0.665092 -0.714809
    outer loop
      vertex 6.99672 -2.25341 0.6
      vertex 7.48715 -2.41276 0.6
      vertex 6.49508 -3.38012 -0.6
    endloop
  endfacet
  facet normal 0.68404 0.145391 -0.714808
    outer loop
      vertex 5.54685 -0.257836 0.6
      vertex 5.65406 -0.762241 0.6
      vertex 4.48109 -1.14336 -0.6
    endloop
  endfacet
  facet normal -0.0730955 -0.695488 -0.71481
    outer loop
      vertex 8.76927 3.61915 -0.6
      vertex 8.51285 2.41276 0.6
      vertex 8 3.7 -0.6
    endloop
  endfacet
  facet normal -0.565744 -0.411077 -0.714808
    outer loop
      vertex 10.7496 2.47578 -0.6
      vertex 11.2043 1.85 -0.6
      vertex 10.1362 1.23333 0.6
    endloop
  endfacet
  facet normal -0.684001 -0.145505 -0.714823
    outer loop
      vertex 11.5189 1.14336 -0.6
      vertex 10.4532 0.257836 0.6
      vertex 10.3459 0.762241 0.6
    endloop
  endfacet
  facet normal -0.467939 -0.519704 -0.714801
    outer loop
      vertex 10.7496 2.47578 -0.6
      vertex 9.83309 1.65052 0.6
      vertex 9.44987 1.99557 0.6
    endloop
  endfacet
  facet normal -0.0731088 -0.69549 -0.714807
    outer loop
      vertex 8 3.7 -0.6
      vertex 8.51285 2.41276 0.6
      vertex 8 2.46667 0.6
    endloop
  endfacet
  facet normal 0.699319 0 -0.714809
    outer loop
      vertex 4.32027 -0.386755 -0.6
      vertex 5.54685 0.257836 0.6
      vertex 5.54685 -0.257836 0.6
    endloop
  endfacet
  facet normal 0.699319 0 -0.714809
    outer loop
      vertex 5.54685 0.257836 0.6
      vertex 4.32027 -0.386755 -0.6
      vertex 4.32027 0.386755 -0.6
    endloop
  endfacet
  facet normal -0.309019 0.951056 0
    outer loop
      vertex 1.70829 4.66311 -2.5
      vertex 0.873229 4.39178 -0.6
      vertex 1.70829 4.66311 -0.6
    endloop
  endfacet
  facet normal -0.309019 0.951056 0
    outer loop
      vertex 0.873229 4.39178 -0.6
      vertex 1.70829 4.66311 -2.5
      vertex 0.873229 4.39178 -2.5
    endloop
  endfacet
  facet normal -0.104528 0.994522 0
    outer loop
      vertex 0.873229 4.39178 -2.5
      vertex 0 4.3 -0.6
      vertex 0.873229 4.39178 -0.6
    endloop
  endfacet
  facet normal -0.104528 0.994522 0
    outer loop
      vertex 0 4.3 -0.6
      vertex 0.873229 4.39178 -2.5
      vertex 0 4.3 -2.5
    endloop
  endfacet
  facet normal -0.499998 0.866027 0
    outer loop
      vertex 2.4687 5.10213 -2.5
      vertex 1.70829 4.66311 -0.6
      vertex 2.4687 5.10213 -0.6
    endloop
  endfacet
  facet normal -0.499998 0.866027 0
    outer loop
      vertex 1.70829 4.66311 -0.6
      vertex 2.4687 5.10213 -2.5
      vertex 1.70829 4.66311 -2.5
    endloop
  endfacet
  facet normal -0.809017 0.587786 0
    outer loop
      vertex 3.12121 5.68965 -2.5
      vertex 3.63731 6.4 -0.6
      vertex 3.63731 6.4 -2.5
    endloop
  endfacet
  facet normal -0.809017 0.587786 0
    outer loop
      vertex 3.63731 6.4 -0.6
      vertex 3.12121 5.68965 -2.5
      vertex 3.12121 5.68965 -0.6
    endloop
  endfacet
  facet normal 0.309019 0.951056 -0
    outer loop
      vertex -0.873229 4.39178 -2.5
      vertex -1.70829 4.66311 -0.6
      vertex -0.873229 4.39178 -0.6
    endloop
  endfacet
  facet normal 0.309019 0.951056 0
    outer loop
      vertex -1.70829 4.66311 -0.6
      vertex -0.873229 4.39178 -2.5
      vertex -1.70829 4.66311 -2.5
    endloop
  endfacet
  facet normal 0.104528 0.994522 -0
    outer loop
      vertex 0 4.3 -2.5
      vertex -0.873229 4.39178 -0.6
      vertex 0 4.3 -0.6
    endloop
  endfacet
  facet normal 0.104528 0.994522 0
    outer loop
      vertex -0.873229 4.39178 -0.6
      vertex 0 4.3 -2.5
      vertex -0.873229 4.39178 -2.5
    endloop
  endfacet
  facet normal -0.669129 0.743146 0
    outer loop
      vertex 3.12121 5.68965 -2.5
      vertex 2.4687 5.10213 -0.6
      vertex 3.12121 5.68965 -0.6
    endloop
  endfacet
  facet normal -0.669129 0.743146 0
    outer loop
      vertex 2.4687 5.10213 -0.6
      vertex 3.12121 5.68965 -2.5
      vertex 2.4687 5.10213 -2.5
    endloop
  endfacet
  facet normal 0.308988 -0.951066 0
    outer loop
      vertex -1.70829 12.3369 -2.5
      vertex -0.873229 12.6082 -0.6
      vertex -1.70829 12.3369 -0.6
    endloop
  endfacet
  facet normal 0.308988 -0.951066 0
    outer loop
      vertex -0.873229 12.6082 -0.6
      vertex -1.70829 12.3369 -2.5
      vertex -0.873229 12.6082 -2.5
    endloop
  endfacet
  facet normal -0.669179 -0.743101 0
    outer loop
      vertex 2.4687 11.8979 -2.5
      vertex 3.12121 11.3103 -0.6
      vertex 2.4687 11.8979 -0.6
    endloop
  endfacet
  facet normal -0.669179 -0.743101 -0
    outer loop
      vertex 3.12121 11.3103 -0.6
      vertex 2.4687 11.8979 -2.5
      vertex 3.12121 11.3103 -2.5
    endloop
  endfacet
  facet normal -0.308988 -0.951066 0
    outer loop
      vertex 0.873229 12.6082 -2.5
      vertex 1.70829 12.3369 -0.6
      vertex 0.873229 12.6082 -0.6
    endloop
  endfacet
  facet normal -0.308988 -0.951066 -0
    outer loop
      vertex 1.70829 12.3369 -0.6
      vertex 0.873229 12.6082 -2.5
      vertex 1.70829 12.3369 -2.5
    endloop
  endfacet
  facet normal 0.809017 0.587786 0
    outer loop
      vertex -3.12121 5.68965 -0.6
      vertex -3.63731 6.4 -2.5
      vertex -3.63731 6.4 -0.6
    endloop
  endfacet
  facet normal 0.809017 0.587786 0
    outer loop
      vertex -3.63731 6.4 -2.5
      vertex -3.12121 5.68965 -0.6
      vertex -3.12121 5.68965 -2.5
    endloop
  endfacet
  facet normal -0.808997 -0.587813 0
    outer loop
      vertex 3.63731 10.6 -2.5
      vertex 3.12121 11.3103 -0.6
      vertex 3.12121 11.3103 -2.5
    endloop
  endfacet
  facet normal -0.808997 -0.587813 0
    outer loop
      vertex 3.12121 11.3103 -0.6
      vertex 3.63731 10.6 -2.5
      vertex 3.63731 10.6 -0.6
    endloop
  endfacet
  facet normal -0.49998 -0.866037 0
    outer loop
      vertex 1.70829 12.3369 -2.5
      vertex 2.4687 11.8979 -0.6
      vertex 1.70829 12.3369 -0.6
    endloop
  endfacet
  facet normal -0.49998 -0.866037 -0
    outer loop
      vertex 2.4687 11.8979 -0.6
      vertex 1.70829 12.3369 -2.5
      vertex 2.4687 11.8979 -2.5
    endloop
  endfacet
  facet normal 0.499998 0.866027 -0
    outer loop
      vertex -1.70829 4.66311 -2.5
      vertex -2.4687 5.10213 -0.6
      vertex -1.70829 4.66311 -0.6
    endloop
  endfacet
  facet normal 0.499998 0.866027 0
    outer loop
      vertex -2.4687 5.10213 -0.6
      vertex -1.70829 4.66311 -2.5
      vertex -2.4687 5.10213 -2.5
    endloop
  endfacet
  facet normal -1 0 0
    outer loop
      vertex 4.17699 8.91 -2.5
      vertex 4.17699 8.93902 -0.6
      vertex 4.17699 8.93902 -2.5
    endloop
  endfacet
  facet normal -1 0 0
    outer loop
      vertex 4.17699 8.91 -2.5
      vertex 4.17699 8.9 -2.5
      vertex 4.17699 8.93902 -0.6
    endloop
  endfacet
  facet normal -1 0 0
    outer loop
      vertex 4.17699 8.06098 -0.6
      vertex 4.17699 8.9 -2.5
      vertex 4.17699 8.06098 -2.5
    endloop
  endfacet
  facet normal -1 0 0
    outer loop
      vertex 4.17699 8.9 -2.5
      vertex 4.17699 8.06098 -0.6
      vertex 4.17699 8.93902 -0.6
    endloop
  endfacet
  facet normal -0.913546 -0.406735 0
    outer loop
      vertex 3.99444 9.79787 -2.5
      vertex 3.63731 10.6 -0.6
      vertex 3.63731 10.6 -2.5
    endloop
  endfacet
  facet normal -0.913546 -0.406735 0
    outer loop
      vertex 3.63731 10.6 -0.6
      vertex 3.99444 9.79787 -2.5
      vertex 3.99444 9.79787 -0.6
    endloop
  endfacet
  facet normal 0.978149 -0.207907 0
    outer loop
      vertex -4.17699 8.93902 -0.6
      vertex -3.99444 9.79787 -2.5
      vertex -3.99444 9.79787 -0.6
    endloop
  endfacet
  facet normal 0.978149 -0.207907 0
    outer loop
      vertex -3.99444 9.79787 -2.5
      vertex -4.17699 8.93902 -0.6
      vertex -4.17699 8.93902 -2.5
    endloop
  endfacet
  facet normal 0.913546 -0.406735 0
    outer loop
      vertex -3.99444 9.79787 -0.6
      vertex -3.63731 10.6 -2.5
      vertex -3.63731 10.6 -0.6
    endloop
  endfacet
  facet normal 0.913546 -0.406735 0
    outer loop
      vertex -3.63731 10.6 -2.5
      vertex -3.99444 9.79787 -0.6
      vertex -3.99444 9.79787 -2.5
    endloop
  endfacet
  facet normal -0.978149 -0.207907 0
    outer loop
      vertex 4.17699 8.93902 -2.5
      vertex 3.99444 9.79787 -0.6
      vertex 3.99444 9.79787 -2.5
    endloop
  endfacet
  facet normal -0.978149 -0.207907 0
    outer loop
      vertex 3.99444 9.79787 -0.6
      vertex 4.17699 8.93902 -2.5
      vertex 4.17699 8.93902 -0.6
    endloop
  endfacet
  facet normal 0.978149 0.207907 0
    outer loop
      vertex -3.99444 7.20213 -0.6
      vertex -4.17699 8.06098 -2.5
      vertex -4.17699 8.06098 -0.6
    endloop
  endfacet
  facet normal 0.978149 0.207907 0
    outer loop
      vertex -4.17699 8.06098 -2.5
      vertex -3.99444 7.20213 -0.6
      vertex -3.99444 7.20213 -2.5
    endloop
  endfacet
  facet normal 0.669129 0.743146 -0
    outer loop
      vertex -2.4687 5.10213 -2.5
      vertex -3.12121 5.68965 -0.6
      vertex -2.4687 5.10213 -0.6
    endloop
  endfacet
  facet normal 0.669129 0.743146 0
    outer loop
      vertex -3.12121 5.68965 -0.6
      vertex -2.4687 5.10213 -2.5
      vertex -3.12121 5.68965 -2.5
    endloop
  endfacet
  facet normal 0.913546 0.406735 0
    outer loop
      vertex -3.63731 6.4 -0.6
      vertex -3.99444 7.20213 -2.5
      vertex -3.99444 7.20213 -0.6
    endloop
  endfacet
  facet normal 0.913546 0.406735 0
    outer loop
      vertex -3.99444 7.20213 -2.5
      vertex -3.63731 6.4 -0.6
      vertex -3.63731 6.4 -2.5
    endloop
  endfacet
  facet normal 0.808997 -0.587813 0
    outer loop
      vertex -3.63731 10.6 -0.6
      vertex -3.12121 11.3103 -2.5
      vertex -3.12121 11.3103 -0.6
    endloop
  endfacet
  facet normal 0.808997 -0.587813 0
    outer loop
      vertex -3.12121 11.3103 -2.5
      vertex -3.63731 10.6 -0.6
      vertex -3.63731 10.6 -2.5
    endloop
  endfacet
  facet normal -0.104551 -0.99452 0
    outer loop
      vertex 0 12.7 -2.5
      vertex 0.873229 12.6082 -0.6
      vertex 0 12.7 -0.6
    endloop
  endfacet
  facet normal -0.104551 -0.99452 -0
    outer loop
      vertex 0.873229 12.6082 -0.6
      vertex 0 12.7 -2.5
      vertex 0.873229 12.6082 -2.5
    endloop
  endfacet
  facet normal -0.978149 0.207907 0
    outer loop
      vertex 3.99444 7.20213 -2.5
      vertex 4.17699 8.06098 -0.6
      vertex 4.17699 8.06098 -2.5
    endloop
  endfacet
  facet normal -0.978149 0.207907 0
    outer loop
      vertex 4.17699 8.06098 -0.6
      vertex 3.99444 7.20213 -2.5
      vertex 3.99444 7.20213 -0.6
    endloop
  endfacet
  facet normal 0.49998 -0.866037 0
    outer loop
      vertex -2.4687 11.8979 -2.5
      vertex -1.70829 12.3369 -0.6
      vertex -2.4687 11.8979 -0.6
    endloop
  endfacet
  facet normal 0.49998 -0.866037 0
    outer loop
      vertex -1.70829 12.3369 -0.6
      vertex -2.4687 11.8979 -2.5
      vertex -1.70829 12.3369 -2.5
    endloop
  endfacet
  facet normal -0.913546 0.406735 0
    outer loop
      vertex 3.63731 6.4 -2.5
      vertex 3.99444 7.20213 -0.6
      vertex 3.99444 7.20213 -2.5
    endloop
  endfacet
  facet normal -0.913546 0.406735 0
    outer loop
      vertex 3.99444 7.20213 -0.6
      vertex 3.63731 6.4 -2.5
      vertex 3.63731 6.4 -0.6
    endloop
  endfacet
  facet normal 1 0 0
    outer loop
      vertex -4.17699 8.93902 -0.6
      vertex -4.17699 8.91 -2.5
      vertex -4.17699 8.93902 -2.5
    endloop
  endfacet
  facet normal 1 0 0
    outer loop
      vertex -4.17699 8.93902 -0.6
      vertex -4.17699 8.9 -2.5
      vertex -4.17699 8.91 -2.5
    endloop
  endfacet
  facet normal 1 -0 0
    outer loop
      vertex -4.17699 8.06098 -0.6
      vertex -4.17699 8.9 -2.5
      vertex -4.17699 8.93902 -0.6
    endloop
  endfacet
  facet normal 1 0 0
    outer loop
      vertex -4.17699 8.9 -2.5
      vertex -4.17699 8.06098 -0.6
      vertex -4.17699 8.06098 -2.5
    endloop
  endfacet
  facet normal 0.104551 -0.99452 0
    outer loop
      vertex -0.873229 12.6082 -2.5
      vertex 0 12.7 -0.6
      vertex -0.873229 12.6082 -0.6
    endloop
  endfacet
  facet normal 0.104551 -0.99452 0
    outer loop
      vertex 0 12.7 -0.6
      vertex -0.873229 12.6082 -2.5
      vertex 0 12.7 -2.5
    endloop
  endfacet
  facet normal 0.669179 -0.743101 0
    outer loop
      vertex -3.12121 11.3103 -2.5
      vertex -2.4687 11.8979 -0.6
      vertex -3.12121 11.3103 -0.6
    endloop
  endfacet
  facet normal 0.669179 -0.743101 0
    outer loop
      vertex -2.4687 11.8979 -0.6
      vertex -3.12121 11.3103 -2.5
      vertex -2.4687 11.8979 -2.5
    endloop
  endfacet
  facet normal -0.528188 -0.383728 -0.757476
    outer loop
      vertex 3.12121 11.3103 -0.6
      vertex 2.42487 9.9 0.6
      vertex 2.0808 10.3736 0.6
    endloop
  endfacet
  facet normal 0.326424 0.565387 -0.757486
    outer loop
      vertex -1.6458 6.23475 0.6
      vertex -1.70829 4.66311 -0.6
      vertex -2.4687 5.10213 -0.6
    endloop
  endfacet
  facet normal 0.528155 -0.383754 -0.757486
    outer loop
      vertex -3.12121 11.3103 -0.6
      vertex -2.42487 9.9 0.6
      vertex -3.63731 10.6 -0.6
    endloop
  endfacet
  facet normal -0.0682452 0.649274 -0.757486
    outer loop
      vertex 0 5.7 0.6
      vertex 0.582152 5.76119 0.6
      vertex 0 4.3 -0.6
    endloop
  endfacet
  facet normal -0.0682413 0.649273 -0.757487
    outer loop
      vertex 0.582152 5.76119 0.6
      vertex 0.873229 4.39178 -0.6
      vertex 0 4.3 -0.6
    endloop
  endfacet
  facet normal -0.436844 0.48516 -0.757487
    outer loop
      vertex 2.0808 6.62643 0.6
      vertex 3.12121 5.68965 -0.6
      vertex 1.6458 6.23475 0.6
    endloop
  endfacet
  facet normal -0.638585 -0.135732 -0.757487
    outer loop
      vertex 3.99444 9.79787 -0.6
      vertex 4.17699 8.93902 -0.6
      vertex 2.78466 8.79268 0.6
    endloop
  endfacet
  facet normal -0.326424 0.565387 -0.757486
    outer loop
      vertex 2.4687 5.10213 -0.6
      vertex 1.70829 4.66311 -0.6
      vertex 1.6458 6.23475 0.6
    endloop
  endfacet
  facet normal -0.596406 0.265541 -0.757488
    outer loop
      vertex 2.66296 7.63475 0.6
      vertex 3.63731 6.4 -0.6
      vertex 2.42487 7.1 0.6
    endloop
  endfacet
  facet normal 0.528166 0.383736 -0.757487
    outer loop
      vertex -2.42487 7.1 0.6
      vertex -3.12121 5.68965 -0.6
      vertex -3.63731 6.4 -0.6
    endloop
  endfacet
  facet normal 0.596409 0.265538 -0.757487
    outer loop
      vertex -2.66296 7.63475 0.6
      vertex -3.63731 6.4 -0.6
      vertex -3.99444 7.20213 -0.6
    endloop
  endfacet
  facet normal 0.436844 0.48516 -0.757487
    outer loop
      vertex -2.0808 6.62643 0.6
      vertex -1.6458 6.23475 0.6
      vertex -3.12121 5.68965 -0.6
    endloop
  endfacet
  facet normal 0.201744 0.620898 -0.757486
    outer loop
      vertex -1.13886 5.94207 0.6
      vertex -0.873229 4.39178 -0.6
      vertex -1.70829 4.66311 -0.6
    endloop
  endfacet
  facet normal -0.201757 -0.620896 -0.757484
    outer loop
      vertex 0.873229 12.6082 -0.6
      vertex 1.13886 11.0579 0.6
      vertex 0.582152 11.2388 0.6
    endloop
  endfacet
  facet normal -0.201744 0.620898 -0.757486
    outer loop
      vertex 1.13886 5.94207 0.6
      vertex 1.70829 4.66311 -0.6
      vertex 0.873229 4.39178 -0.6
    endloop
  endfacet
  facet normal -0.528155 -0.383754 -0.757486
    outer loop
      vertex 3.12121 11.3103 -0.6
      vertex 3.63731 10.6 -0.6
      vertex 2.42487 9.9 0.6
    endloop
  endfacet
  facet normal 0.528166 0.383736 -0.757488
    outer loop
      vertex -2.42487 7.1 0.6
      vertex -2.0808 6.62643 0.6
      vertex -3.12121 5.68965 -0.6
    endloop
  endfacet
  facet normal 0.596406 -0.265541 -0.757488
    outer loop
      vertex -2.42487 9.9 0.6
      vertex -2.66296 9.36525 0.6
      vertex -3.63731 10.6 -0.6
    endloop
  endfacet
  facet normal 0.436866 -0.485124 -0.757498
    outer loop
      vertex -2.4687 11.8979 -0.6
      vertex -1.6458 10.7652 0.6
      vertex -3.12121 11.3103 -0.6
    endloop
  endfacet
  facet normal 0.326404 -0.565378 -0.757501
    outer loop
      vertex -1.70829 12.3369 -0.6
      vertex -1.6458 10.7652 0.6
      vertex -2.4687 11.8979 -0.6
    endloop
  endfacet
  facet normal 0.596406 0.265541 -0.757488
    outer loop
      vertex -2.66296 7.63475 0.6
      vertex -2.42487 7.1 0.6
      vertex -3.63731 6.4 -0.6
    endloop
  endfacet
  facet normal 0.436842 0.485164 -0.757486
    outer loop
      vertex -1.6458 6.23475 0.6
      vertex -2.4687 5.10213 -0.6
      vertex -3.12121 5.68965 -0.6
    endloop
  endfacet
  facet normal -0.436842 0.485164 -0.757486
    outer loop
      vertex 3.12121 5.68965 -0.6
      vertex 2.4687 5.10213 -0.6
      vertex 1.6458 6.23475 0.6
    endloop
  endfacet
  facet normal -0.652851 0 -0.757486
    outer loop
      vertex 2.78466 8.20732 0.6
      vertex 4.17699 8.93902 -0.6
      vertex 4.17699 8.06098 -0.6
    endloop
  endfacet
  facet normal -0.652851 0 -0.757486
    outer loop
      vertex 4.17699 8.93902 -0.6
      vertex 2.78466 8.20732 0.6
      vertex 2.78466 8.79268 0.6
    endloop
  endfacet
  facet normal 0.638585 -0.135732 -0.757487
    outer loop
      vertex -3.99444 9.79787 -0.6
      vertex -2.78466 8.79268 0.6
      vertex -4.17699 8.93902 -0.6
    endloop
  endfacet
  facet normal -0.528166 0.383736 -0.757488
    outer loop
      vertex 2.42487 7.1 0.6
      vertex 3.12121 5.68965 -0.6
      vertex 2.0808 6.62643 0.6
    endloop
  endfacet
  facet normal -0.326404 -0.565378 -0.757501
    outer loop
      vertex 1.70829 12.3369 -0.6
      vertex 2.4687 11.8979 -0.6
      vertex 1.6458 10.7652 0.6
    endloop
  endfacet
  facet normal -0.326424 0.565387 -0.757486
    outer loop
      vertex 1.6458 6.23475 0.6
      vertex 1.70829 4.66311 -0.6
      vertex 1.13886 5.94207 0.6
    endloop
  endfacet
  facet normal -0.596409 0.265538 -0.757487
    outer loop
      vertex 3.99444 7.20213 -0.6
      vertex 3.63731 6.4 -0.6
      vertex 2.66296 7.63475 0.6
    endloop
  endfacet
  facet normal 0.0682562 -0.649274 -0.757486
    outer loop
      vertex 0 12.7 -0.6
      vertex -0.582152 11.2388 0.6
      vertex -0.873229 12.6082 -0.6
    endloop
  endfacet
  facet normal -0.638585 0.135732 -0.757486
    outer loop
      vertex 2.78466 8.20732 0.6
      vertex 3.99444 7.20213 -0.6
      vertex 2.66296 7.63475 0.6
    endloop
  endfacet
  facet normal 0.0682413 0.649273 -0.757487
    outer loop
      vertex -0.582152 5.76119 0.6
      vertex 0 4.3 -0.6
      vertex -0.873229 4.39178 -0.6
    endloop
  endfacet
  facet normal 0.0682452 0.649274 -0.757486
    outer loop
      vertex 0 5.7 0.6
      vertex 0 4.3 -0.6
      vertex -0.582152 5.76119 0.6
    endloop
  endfacet
  facet normal -0.638585 -0.135732 -0.757486
    outer loop
      vertex 3.99444 9.79787 -0.6
      vertex 2.78466 8.79268 0.6
      vertex 2.66296 9.36525 0.6
    endloop
  endfacet
  facet normal -0.436808 -0.485219 -0.75747
    outer loop
      vertex 3.12121 11.3103 -0.6
      vertex 2.0808 10.3736 0.6
      vertex 1.6458 10.7652 0.6
    endloop
  endfacet
  facet normal 0.0682563 -0.649274 -0.757486
    outer loop
      vertex 0 12.7 -0.6
      vertex 0 11.3 0.6
      vertex -0.582152 11.2388 0.6
    endloop
  endfacet
  facet normal -0.638585 0.135732 -0.757487
    outer loop
      vertex 4.17699 8.06098 -0.6
      vertex 3.99444 7.20213 -0.6
      vertex 2.78466 8.20732 0.6
    endloop
  endfacet
  facet normal 0.436808 -0.485219 -0.75747
    outer loop
      vertex -1.6458 10.7652 0.6
      vertex -2.0808 10.3736 0.6
      vertex -3.12121 11.3103 -0.6
    endloop
  endfacet
  facet normal -0.201736 0.620898 -0.757488
    outer loop
      vertex 1.13886 5.94207 0.6
      vertex 0.873229 4.39178 -0.6
      vertex 0.582152 5.76119 0.6
    endloop
  endfacet
  facet normal 0.201721 -0.620896 -0.757494
    outer loop
      vertex -0.873229 12.6082 -0.6
      vertex -1.13886 11.0579 0.6
      vertex -1.70829 12.3369 -0.6
    endloop
  endfacet
  facet normal 0.638585 0.135732 -0.757486
    outer loop
      vertex -2.78466 8.20732 0.6
      vertex -2.66296 7.63475 0.6
      vertex -3.99444 7.20213 -0.6
    endloop
  endfacet
  facet normal 0.326437 -0.56537 -0.757493
    outer loop
      vertex -1.13886 11.0579 0.6
      vertex -1.6458 10.7652 0.6
      vertex -1.70829 12.3369 -0.6
    endloop
  endfacet
  facet normal 0.596409 -0.265538 -0.757487
    outer loop
      vertex -3.63731 10.6 -0.6
      vertex -2.66296 9.36525 0.6
      vertex -3.99444 9.79787 -0.6
    endloop
  endfacet
  facet normal -0.596409 -0.265538 -0.757487
    outer loop
      vertex 3.63731 10.6 -0.6
      vertex 3.99444 9.79787 -0.6
      vertex 2.66296 9.36525 0.6
    endloop
  endfacet
  facet normal -0.0682562 -0.649274 -0.757486
    outer loop
      vertex 0.873229 12.6082 -0.6
      vertex 0.582152 11.2388 0.6
      vertex 0 12.7 -0.6
    endloop
  endfacet
  facet normal 0.326424 0.565387 -0.757486
    outer loop
      vertex -1.6458 6.23475 0.6
      vertex -1.13886 5.94207 0.6
      vertex -1.70829 4.66311 -0.6
    endloop
  endfacet
  facet normal -0.326437 -0.56537 -0.757493
    outer loop
      vertex 1.70829 12.3369 -0.6
      vertex 1.6458 10.7652 0.6
      vertex 1.13886 11.0579 0.6
    endloop
  endfacet
  facet normal 0.638585 -0.135732 -0.757486
    outer loop
      vertex -2.66296 9.36525 0.6
      vertex -2.78466 8.79268 0.6
      vertex -3.99444 9.79787 -0.6
    endloop
  endfacet
  facet normal 0.201736 0.620898 -0.757488
    outer loop
      vertex -0.582152 5.76119 0.6
      vertex -0.873229 4.39178 -0.6
      vertex -1.13886 5.94207 0.6
    endloop
  endfacet
  facet normal 0.528188 -0.383728 -0.757476
    outer loop
      vertex -2.0808 10.3736 0.6
      vertex -2.42487 9.9 0.6
      vertex -3.12121 11.3103 -0.6
    endloop
  endfacet
  facet normal -0.528166 0.383736 -0.757487
    outer loop
      vertex 3.63731 6.4 -0.6
      vertex 3.12121 5.68965 -0.6
      vertex 2.42487 7.1 0.6
    endloop
  endfacet
  facet normal -0.0682563 -0.649274 -0.757486
    outer loop
      vertex 0 12.7 -0.6
      vertex 0.582152 11.2388 0.6
      vertex 0 11.3 0.6
    endloop
  endfacet
  facet normal -0.201721 -0.620896 -0.757494
    outer loop
      vertex 1.70829 12.3369 -0.6
      vertex 1.13886 11.0579 0.6
      vertex 0.873229 12.6082 -0.6
    endloop
  endfacet
  facet normal -0.436866 -0.485124 -0.757498
    outer loop
      vertex 2.4687 11.8979 -0.6
      vertex 3.12121 11.3103 -0.6
      vertex 1.6458 10.7652 0.6
    endloop
  endfacet
  facet normal 0.652851 0 -0.757486
    outer loop
      vertex -4.17699 8.06098 -0.6
      vertex -2.78466 8.79268 0.6
      vertex -2.78466 8.20732 0.6
    endloop
  endfacet
  facet normal 0.652851 0 -0.757486
    outer loop
      vertex -2.78466 8.79268 0.6
      vertex -4.17699 8.06098 -0.6
      vertex -4.17699 8.93902 -0.6
    endloop
  endfacet
  facet normal 0.201757 -0.620896 -0.757484
    outer loop
      vertex -0.873229 12.6082 -0.6
      vertex -0.582152 11.2388 0.6
      vertex -1.13886 11.0579 0.6
    endloop
  endfacet
  facet normal 0.638585 0.135732 -0.757487
    outer loop
      vertex -2.78466 8.20732 0.6
      vertex -3.99444 7.20213 -0.6
      vertex -4.17699 8.06098 -0.6
    endloop
  endfacet
  facet normal -0.596406 -0.265541 -0.757488
    outer loop
      vertex 3.63731 10.6 -0.6
      vertex 2.66296 9.36525 0.6
      vertex 2.42487 9.9 0.6
    endloop
  endfacet
  facet normal 0 0 -1
    outer loop
      vertex 2.66296 7.63475 0.6
      vertex 2.78466 8.79268 0.6
      vertex 2.78466 8.20732 0.6
    endloop
  endfacet
  facet normal 0 0 -1
    outer loop
      vertex 2.66296 7.63475 0.6
      vertex 2.66296 9.36525 0.6
      vertex 2.78466 8.79268 0.6
    endloop
  endfacet
  facet normal 0 0 -1
    outer loop
      vertex 2.42487 7.1 0.6
      vertex 2.66296 9.36525 0.6
      vertex 2.66296 7.63475 0.6
    endloop
  endfacet
  facet normal 0 0 -1
    outer loop
      vertex 2.42487 7.1 0.6
      vertex 2.42487 9.9 0.6
      vertex 2.66296 9.36525 0.6
    endloop
  endfacet
  facet normal 0 0 -1
    outer loop
      vertex 2.0808 6.62643 0.6
      vertex 2.42487 9.9 0.6
      vertex 2.42487 7.1 0.6
    endloop
  endfacet
  facet normal 0 0 -1
    outer loop
      vertex 2.0808 6.62643 0.6
      vertex 2.0808 10.3736 0.6
      vertex 2.42487 9.9 0.6
    endloop
  endfacet
  facet normal 0 0 -1
    outer loop
      vertex 1.6458 6.23475 0.6
      vertex 2.0808 10.3736 0.6
      vertex 2.0808 6.62643 0.6
    endloop
  endfacet
  facet normal 0 0 -1
    outer loop
      vertex 1.6458 6.23475 0.6
      vertex 1.6458 10.7652 0.6
      vertex 2.0808 10.3736 0.6
    endloop
  endfacet
  facet normal 0 0 -1
    outer loop
      vertex 1.13886 5.94207 0.6
      vertex 1.6458 10.7652 0.6
      vertex 1.6458 6.23475 0.6
    endloop
  endfacet
  facet normal 0 0 -1
    outer loop
      vertex 1.13886 5.94207 0.6
      vertex 1.13886 11.0579 0.6
      vertex 1.6458 10.7652 0.6
    endloop
  endfacet
  facet normal 0 0 -1
    outer loop
      vertex 0.582152 5.76119 0.6
      vertex 1.13886 11.0579 0.6
      vertex 1.13886 5.94207 0.6
    endloop
  endfacet
  facet normal 0 0 -1
    outer loop
      vertex 0.582152 5.76119 0.6
      vertex 0.582152 11.2388 0.6
      vertex 1.13886 11.0579 0.6
    endloop
  endfacet
  facet normal 0 0 -1
    outer loop
      vertex 0 5.7 0.6
      vertex 0.582152 11.2388 0.6
      vertex 0.582152 5.76119 0.6
    endloop
  endfacet
  facet normal 0 0 -1
    outer loop
      vertex 0 5.7 0.6
      vertex 0 11.3 0.6
      vertex 0.582152 11.2388 0.6
    endloop
  endfacet
  facet normal 0 0 -1
    outer loop
      vertex -0.582152 5.76119 0.6
      vertex 0 11.3 0.6
      vertex 0 5.7 0.6
    endloop
  endfacet
  facet normal 0 0 -1
    outer loop
      vertex -0.582152 5.76119 0.6
      vertex -0.582152 11.2388 0.6
      vertex 0 11.3 0.6
    endloop
  endfacet
  facet normal 0 0 -1
    outer loop
      vertex -1.13886 5.94207 0.6
      vertex -0.582152 11.2388 0.6
      vertex -0.582152 5.76119 0.6
    endloop
  endfacet
  facet normal 0 0 -1
    outer loop
      vertex -1.13886 5.94207 0.6
      vertex -1.13886 11.0579 0.6
      vertex -0.582152 11.2388 0.6
    endloop
  endfacet
  facet normal 0 0 -1
    outer loop
      vertex -1.6458 6.23475 0.6
      vertex -1.13886 11.0579 0.6
      vertex -1.13886 5.94207 0.6
    endloop
  endfacet
  facet normal 0 0 -1
    outer loop
      vertex -1.6458 6.23475 0.6
      vertex -1.6458 10.7652 0.6
      vertex -1.13886 11.0579 0.6
    endloop
  endfacet
  facet normal 0 0 -1
    outer loop
      vertex -2.0808 6.62643 0.6
      vertex -1.6458 10.7652 0.6
      vertex -1.6458 6.23475 0.6
    endloop
  endfacet
  facet normal 0 0 -1
    outer loop
      vertex -2.0808 6.62643 0.6
      vertex -2.0808 10.3736 0.6
      vertex -1.6458 10.7652 0.6
    endloop
  endfacet
  facet normal 0 0 -1
    outer loop
      vertex -2.42487 7.1 0.6
      vertex -2.0808 10.3736 0.6
      vertex -2.0808 6.62643 0.6
    endloop
  endfacet
  facet normal 0 0 -1
    outer loop
      vertex -2.42487 7.1 0.6
      vertex -2.42487 9.9 0.6
      vertex -2.0808 10.3736 0.6
    endloop
  endfacet
  facet normal 0 0 -1
    outer loop
      vertex -2.66296 7.63475 0.6
      vertex -2.42487 9.9 0.6
      vertex -2.42487 7.1 0.6
    endloop
  endfacet
  facet normal 0 0 -1
    outer loop
      vertex -2.66296 7.63475 0.6
      vertex -2.66296 9.36525 0.6
      vertex -2.42487 9.9 0.6
    endloop
  endfacet
  facet normal 0 0 -1
    outer loop
      vertex -2.78466 8.20732 0.6
      vertex -2.66296 9.36525 0.6
      vertex -2.66296 7.63475 0.6
    endloop
  endfacet
  facet normal 0 0 -1
    outer loop
      vertex -2.66296 9.36525 0.6
      vertex -2.78466 8.20732 0.6
      vertex -2.78466 8.79268 0.6
    endloop
  endfacet
  facet normal -0.978147 -0.207914 0
    outer loop
      vertex 4.67425 -8.50872 -2.5
      vertex 4.46996 -7.54762 -0.6
      vertex 4.46996 -7.54762 -2.5
    endloop
  endfacet
  facet normal -0.978147 -0.207914 0
    outer loop
      vertex 4.46996 -7.54762 -0.6
      vertex 4.67425 -8.50872 -2.5
      vertex 4.67425 -8.50872 -0.6
    endloop
  endfacet
  facet normal -0.809012 0.587793 0
    outer loop
      vertex 3.49278 -12.1449 -2.5
      vertex 4.07032 -11.35 -0.6
      vertex 4.07032 -11.35 -2.5
    endloop
  endfacet
  facet normal -0.809012 0.587793 0
    outer loop
      vertex 4.07032 -11.35 -0.6
      vertex 3.49278 -12.1449 -2.5
      vertex 3.49278 -12.1449 -0.6
    endloop
  endfacet
  facet normal -0.978148 0.207909 0
    outer loop
      vertex 4.46996 -10.4524 -2.5
      vertex 4.67425 -9.49128 -0.6
      vertex 4.67425 -9.49128 -2.5
    endloop
  endfacet
  facet normal -0.978148 0.207909 0
    outer loop
      vertex 4.67425 -9.49128 -0.6
      vertex 4.46996 -10.4524 -2.5
      vertex 4.46996 -10.4524 -0.6
    endloop
  endfacet
  facet normal 1 -0 0
    outer loop
      vertex -4.67425 -9.49128 -0.6
      vertex -4.67425 -8.50872 -2.5
      vertex -4.67425 -8.50872 -0.6
    endloop
  endfacet
  facet normal 1 0 0
    outer loop
      vertex -4.67425 -8.50872 -2.5
      vertex -4.67425 -9.49128 -0.6
      vertex -4.67425 -9.49128 -2.5
    endloop
  endfacet
  facet normal 0.104522 0.994523 -0
    outer loop
      vertex 0 -13.7 -2.5
      vertex -0.977184 -13.5973 -0.6
      vertex 0 -13.7 -0.6
    endloop
  endfacet
  facet normal 0.104522 0.994523 0
    outer loop
      vertex -0.977184 -13.5973 -0.6
      vertex 0 -13.7 -2.5
      vertex -0.977184 -13.5973 -2.5
    endloop
  endfacet
  facet normal -0.500012 0.866019 0
    outer loop
      vertex 2.76259 -12.8024 -2.5
      vertex 1.91166 -13.2937 -0.6
      vertex 2.76259 -12.8024 -0.6
    endloop
  endfacet
  facet normal -0.500012 0.866019 0
    outer loop
      vertex 1.91166 -13.2937 -0.6
      vertex 2.76259 -12.8024 -2.5
      vertex 1.91166 -13.2937 -2.5
    endloop
  endfacet
  facet normal -1 0 0
    outer loop
      vertex 4.67425 -9.49128 -2.5
      vertex 4.67425 -8.50872 -0.6
      vertex 4.67425 -8.50872 -2.5
    endloop
  endfacet
  facet normal -1 -0 0
    outer loop
      vertex 4.67425 -8.50872 -0.6
      vertex 4.67425 -9.49128 -2.5
      vertex 4.67425 -9.49128 -0.6
    endloop
  endfacet
  facet normal -0.104522 0.994523 0
    outer loop
      vertex 0.977184 -13.5973 -2.5
      vertex 0 -13.7 -0.6
      vertex 0.977184 -13.5973 -0.6
    endloop
  endfacet
  facet normal -0.104522 0.994523 0
    outer loop
      vertex 0 -13.7 -0.6
      vertex 0.977184 -13.5973 -2.5
      vertex 0 -13.7 -2.5
    endloop
  endfacet
  facet normal 0.809012 0.587793 0
    outer loop
      vertex -3.49278 -12.1449 -0.6
      vertex -4.07032 -11.35 -2.5
      vertex -4.07032 -11.35 -0.6
    endloop
  endfacet
  facet normal 0.809012 0.587793 0
    outer loop
      vertex -4.07032 -11.35 -2.5
      vertex -3.49278 -12.1449 -0.6
      vertex -3.49278 -12.1449 -2.5
    endloop
  endfacet
  facet normal 0.669133 -0.743143 0
    outer loop
      vertex -3.49278 -5.85509 -2.5
      vertex -2.76259 -5.19762 -0.6
      vertex -3.49278 -5.85509 -0.6
    endloop
  endfacet
  facet normal 0.669133 -0.743143 0
    outer loop
      vertex -2.76259 -5.19762 -0.6
      vertex -3.49278 -5.85509 -2.5
      vertex -2.76259 -5.19762 -2.5
    endloop
  endfacet
  facet normal -0.30899 0.951065 0
    outer loop
      vertex 1.91166 -13.2937 -2.5
      vertex 0.977184 -13.5973 -0.6
      vertex 1.91166 -13.2937 -0.6
    endloop
  endfacet
  facet normal -0.30899 0.951065 0
    outer loop
      vertex 0.977184 -13.5973 -0.6
      vertex 1.91166 -13.2937 -2.5
      vertex 0.977184 -13.5973 -2.5
    endloop
  endfacet
  facet normal 0.30899 0.951065 -0
    outer loop
      vertex -0.977184 -13.5973 -2.5
      vertex -1.91166 -13.2937 -0.6
      vertex -0.977184 -13.5973 -0.6
    endloop
  endfacet
  facet normal 0.30899 0.951065 0
    outer loop
      vertex -1.91166 -13.2937 -0.6
      vertex -0.977184 -13.5973 -2.5
      vertex -1.91166 -13.2937 -2.5
    endloop
  endfacet
  facet normal 0.809015 -0.587788 0
    outer loop
      vertex -4.07032 -6.65 -0.6
      vertex -3.49278 -5.85509 -2.5
      vertex -3.49278 -5.85509 -0.6
    endloop
  endfacet
  facet normal 0.809015 -0.587788 0
    outer loop
      vertex -3.49278 -5.85509 -2.5
      vertex -4.07032 -6.65 -0.6
      vertex -4.07032 -6.65 -2.5
    endloop
  endfacet
  facet normal -0.913548 -0.406731 0
    outer loop
      vertex 4.46996 -7.54762 -2.5
      vertex 4.07032 -6.65 -0.6
      vertex 4.07032 -6.65 -2.5
    endloop
  endfacet
  facet normal -0.913548 -0.406731 0
    outer loop
      vertex 4.07032 -6.65 -0.6
      vertex 4.46996 -7.54762 -2.5
      vertex 4.46996 -7.54762 -0.6
    endloop
  endfacet
  facet normal -0.913544 0.406739 0
    outer loop
      vertex 4.07032 -11.35 -2.5
      vertex 4.46996 -10.4524 -0.6
      vertex 4.46996 -10.4524 -2.5
    endloop
  endfacet
  facet normal -0.913544 0.406739 0
    outer loop
      vertex 4.46996 -10.4524 -0.6
      vertex 4.07032 -11.35 -2.5
      vertex 4.07032 -11.35 -0.6
    endloop
  endfacet
  facet normal 0.499996 -0.866027 0
    outer loop
      vertex -2.76259 -5.19762 -2.5
      vertex -1.91166 -4.70634 -0.6
      vertex -2.76259 -5.19762 -0.6
    endloop
  endfacet
  facet normal 0.499996 -0.866027 0
    outer loop
      vertex -1.91166 -4.70634 -0.6
      vertex -2.76259 -5.19762 -2.5
      vertex -1.91166 -4.70634 -2.5
    endloop
  endfacet
  facet normal -0.499996 -0.866027 0
    outer loop
      vertex 1.91166 -4.70634 -2.5
      vertex 2.76259 -5.19762 -0.6
      vertex 1.91166 -4.70634 -0.6
    endloop
  endfacet
  facet normal -0.499996 -0.866027 -0
    outer loop
      vertex 2.76259 -5.19762 -0.6
      vertex 1.91166 -4.70634 -2.5
      vertex 2.76259 -5.19762 -2.5
    endloop
  endfacet
  facet normal 0.500012 0.866019 -0
    outer loop
      vertex -1.91166 -13.2937 -2.5
      vertex -2.76259 -12.8024 -0.6
      vertex -1.91166 -13.2937 -0.6
    endloop
  endfacet
  facet normal 0.500012 0.866019 0
    outer loop
      vertex -2.76259 -12.8024 -0.6
      vertex -1.91166 -13.2937 -2.5
      vertex -2.76259 -12.8024 -2.5
    endloop
  endfacet
  facet normal -0.309017 -0.951056 0
    outer loop
      vertex 0.977184 -4.40271 -2.5
      vertex 1.91166 -4.70634 -0.6
      vertex 0.977184 -4.40271 -0.6
    endloop
  endfacet
  facet normal -0.309017 -0.951056 -0
    outer loop
      vertex 1.91166 -4.70634 -0.6
      vertex 0.977184 -4.40271 -2.5
      vertex 1.91166 -4.70634 -2.5
    endloop
  endfacet
  facet normal -0.104532 -0.994521 0
    outer loop
      vertex 0 -4.3 -2.5
      vertex 0.977184 -4.40271 -0.6
      vertex 0 -4.3 -0.6
    endloop
  endfacet
  facet normal -0.104532 -0.994521 -0
    outer loop
      vertex 0.977184 -4.40271 -0.6
      vertex 0 -4.3 -2.5
      vertex 0.977184 -4.40271 -2.5
    endloop
  endfacet
  facet normal 0.913548 -0.406731 0
    outer loop
      vertex -4.46996 -7.54762 -0.6
      vertex -4.07032 -6.65 -2.5
      vertex -4.07032 -6.65 -0.6
    endloop
  endfacet
  facet normal 0.913548 -0.406731 0
    outer loop
      vertex -4.07032 -6.65 -2.5
      vertex -4.46996 -7.54762 -0.6
      vertex -4.46996 -7.54762 -2.5
    endloop
  endfacet
  facet normal 0.913544 0.406739 0
    outer loop
      vertex -4.07032 -11.35 -0.6
      vertex -4.46996 -10.4524 -2.5
      vertex -4.46996 -10.4524 -0.6
    endloop
  endfacet
  facet normal 0.913544 0.406739 0
    outer loop
      vertex -4.46996 -10.4524 -2.5
      vertex -4.07032 -11.35 -0.6
      vertex -4.07032 -11.35 -2.5
    endloop
  endfacet
  facet normal 0.309017 -0.951056 0
    outer loop
      vertex -1.91166 -4.70634 -2.5
      vertex -0.977184 -4.40271 -0.6
      vertex -1.91166 -4.70634 -0.6
    endloop
  endfacet
  facet normal 0.309017 -0.951056 0
    outer loop
      vertex -0.977184 -4.40271 -0.6
      vertex -1.91166 -4.70634 -2.5
      vertex -0.977184 -4.40271 -2.5
    endloop
  endfacet
  facet normal -0.66915 0.743128 0
    outer loop
      vertex 3.49278 -12.1449 -2.5
      vertex 2.76259 -12.8024 -0.6
      vertex 3.49278 -12.1449 -0.6
    endloop
  endfacet
  facet normal -0.66915 0.743128 0
    outer loop
      vertex 2.76259 -12.8024 -0.6
      vertex 3.49278 -12.1449 -2.5
      vertex 2.76259 -12.8024 -2.5
    endloop
  endfacet
  facet normal 0.66915 0.743128 -0
    outer loop
      vertex -2.76259 -12.8024 -2.5
      vertex -3.49278 -12.1449 -0.6
      vertex -2.76259 -12.8024 -0.6
    endloop
  endfacet
  facet normal 0.66915 0.743128 0
    outer loop
      vertex -3.49278 -12.1449 -0.6
      vertex -2.76259 -12.8024 -2.5
      vertex -3.49278 -12.1449 -2.5
    endloop
  endfacet
  facet normal -0.669133 -0.743143 0
    outer loop
      vertex 2.76259 -5.19762 -2.5
      vertex 3.49278 -5.85509 -0.6
      vertex 2.76259 -5.19762 -0.6
    endloop
  endfacet
  facet normal -0.669133 -0.743143 -0
    outer loop
      vertex 3.49278 -5.85509 -0.6
      vertex 2.76259 -5.19762 -2.5
      vertex 3.49278 -5.85509 -2.5
    endloop
  endfacet
  facet normal -0.809015 -0.587788 0
    outer loop
      vertex 4.07032 -6.65 -2.5
      vertex 3.49278 -5.85509 -0.6
      vertex 3.49278 -5.85509 -2.5
    endloop
  endfacet
  facet normal -0.809015 -0.587788 0
    outer loop
      vertex 3.49278 -5.85509 -0.6
      vertex 4.07032 -6.65 -2.5
      vertex 4.07032 -6.65 -0.6
    endloop
  endfacet
  facet normal 0.104532 -0.994521 0
    outer loop
      vertex -0.977184 -4.40271 -2.5
      vertex 0 -4.3 -0.6
      vertex -0.977184 -4.40271 -0.6
    endloop
  endfacet
  facet normal 0.104532 -0.994521 0
    outer loop
      vertex 0 -4.3 -0.6
      vertex -0.977184 -4.40271 -2.5
      vertex 0 -4.3 -2.5
    endloop
  endfacet
  facet normal 0.978148 0.207909 0
    outer loop
      vertex -4.46996 -10.4524 -0.6
      vertex -4.67425 -9.49128 -2.5
      vertex -4.67425 -9.49128 -0.6
    endloop
  endfacet
  facet normal 0.978148 0.207909 0
    outer loop
      vertex -4.67425 -9.49128 -2.5
      vertex -4.46996 -10.4524 -0.6
      vertex -4.46996 -10.4524 -2.5
    endloop
  endfacet
  facet normal 0.978147 -0.207914 0
    outer loop
      vertex -4.67425 -8.50872 -0.6
      vertex -4.46996 -7.54762 -2.5
      vertex -4.46996 -7.54762 -0.6
    endloop
  endfacet
  facet normal 0.978147 -0.207914 0
    outer loop
      vertex -4.46996 -7.54762 -2.5
      vertex -4.67425 -8.50872 -0.6
      vertex -4.67425 -8.50872 -2.5
    endloop
  endfacet
  facet normal -0.0637805 -0.606838 -0.792262
    outer loop
      vertex 0 -4.3 -0.6
      vertex 0.651456 -5.93514 0.6
      vertex 0 -5.86667 0.6
    endloop
  endfacet
  facet normal -0.305094 0.528421 -0.792268
    outer loop
      vertex 1.91166 -13.2937 -0.6
      vertex 1.84173 -11.5349 0.6
      vertex 2.76259 -12.8024 -0.6
    endloop
  endfacet
  facet normal -0.305064 0.528427 -0.792276
    outer loop
      vertex 1.84173 -11.5349 0.6
      vertex 1.91166 -13.2937 -0.6
      vertex 1.27444 -11.8624 0.6
    endloop
  endfacet
  facet normal 0.493646 -0.35866 -0.792261
    outer loop
      vertex -2.32852 -6.90339 0.6
      vertex -2.71355 -7.43333 0.6
      vertex -4.07032 -6.65 -0.6
    endloop
  endfacet
  facet normal -0.0637148 0.606833 -0.792271
    outer loop
      vertex 0 -12.1333 0.6
      vertex 0.651456 -12.0649 0.6
      vertex 0 -13.7 -0.6
    endloop
  endfacet
  facet normal -0.0637784 0.606847 -0.792256
    outer loop
      vertex 0.651456 -12.0649 0.6
      vertex 0.977184 -13.5973 -0.6
      vertex 0 -13.7 -0.6
    endloop
  endfacet
  facet normal 0.493644 0.35866 -0.792261
    outer loop
      vertex -2.32852 -11.0966 0.6
      vertex -3.49278 -12.1449 -0.6
      vertex -4.07032 -11.35 -0.6
    endloop
  endfacet
  facet normal -0.493646 -0.35866 -0.792261
    outer loop
      vertex 4.07032 -6.65 -0.6
      vertex 2.71355 -7.43333 0.6
      vertex 2.32852 -6.90339 0.6
    endloop
  endfacet
  facet normal -0.557428 0.248184 -0.792262
    outer loop
      vertex 4.46996 -10.4524 -0.6
      vertex 4.07032 -11.35 -0.6
      vertex 2.97998 -9.96825 0.6
    endloop
  endfacet
  facet normal 0.596849 -0.126865 -0.79226
    outer loop
      vertex -4.46996 -7.54762 -0.6
      vertex -2.97998 -8.03175 0.6
      vertex -4.67425 -8.50872 -0.6
    endloop
  endfacet
  facet normal -0.188557 -0.580317 -0.792261
    outer loop
      vertex 1.91166 -4.70634 -0.6
      vertex 1.27444 -6.13756 0.6
      vertex 0.651456 -5.93514 0.6
    endloop
  endfacet
  facet normal 0.596849 0.126863 -0.792261
    outer loop
      vertex -2.97998 -9.96825 0.6
      vertex -4.46996 -10.4524 -0.6
      vertex -4.67425 -9.49128 -0.6
    endloop
  endfacet
  facet normal -0.493637 0.358681 -0.792256
    outer loop
      vertex 2.71355 -10.5667 0.6
      vertex 4.07032 -11.35 -0.6
      vertex 2.32852 -11.0966 0.6
    endloop
  endfacet
  facet normal 0.408293 -0.453453 -0.792261
    outer loop
      vertex -1.84173 -6.46508 0.6
      vertex -2.32852 -6.90339 0.6
      vertex -2.76259 -5.19762 -0.6
    endloop
  endfacet
  facet normal 0.188557 -0.580317 -0.792261
    outer loop
      vertex -0.651456 -5.93514 0.6
      vertex -1.27444 -6.13756 0.6
      vertex -1.91166 -4.70634 -0.6
    endloop
  endfacet
  facet normal 0.408282 0.453451 -0.792267
    outer loop
      vertex -2.32852 -11.0966 0.6
      vertex -1.84173 -11.5349 0.6
      vertex -2.76259 -12.8024 -0.6
    endloop
  endfacet
  facet normal 0.596849 -0.126863 -0.792261
    outer loop
      vertex -2.97998 -8.03175 0.6
      vertex -3.11617 -8.67248 0.6
      vertex -4.67425 -8.50872 -0.6
    endloop
  endfacet
  facet normal -0.408282 0.453451 -0.792267
    outer loop
      vertex 2.32852 -11.0966 0.6
      vertex 2.76259 -12.8024 -0.6
      vertex 1.84173 -11.5349 0.6
    endloop
  endfacet
  facet normal 0.557439 0.248172 -0.792258
    outer loop
      vertex -2.97998 -9.96825 0.6
      vertex -2.71355 -10.5667 0.6
      vertex -4.07032 -11.35 -0.6
    endloop
  endfacet
  facet normal -0.596849 -0.126863 -0.792261
    outer loop
      vertex 4.67425 -8.50872 -0.6
      vertex 3.11617 -8.67248 0.6
      vertex 2.97998 -8.03175 0.6
    endloop
  endfacet
  facet normal -0.408303 0.453443 -0.792262
    outer loop
      vertex 3.49278 -12.1449 -0.6
      vertex 2.76259 -12.8024 -0.6
      vertex 2.32852 -11.0966 0.6
    endloop
  endfacet
  facet normal 0.305087 -0.528435 -0.792262
    outer loop
      vertex -1.84173 -6.46508 0.6
      vertex -1.91166 -4.70634 -0.6
      vertex -1.27444 -6.13756 0.6
    endloop
  endfacet
  facet normal 0.305089 -0.528434 -0.792261
    outer loop
      vertex -1.91166 -4.70634 -0.6
      vertex -1.84173 -6.46508 0.6
      vertex -2.76259 -5.19762 -0.6
    endloop
  endfacet
  facet normal 0.188557 -0.580317 -0.792261
    outer loop
      vertex -0.977184 -4.40271 -0.6
      vertex -0.651456 -5.93514 0.6
      vertex -1.91166 -4.70634 -0.6
    endloop
  endfacet
  facet normal 0.0637837 -0.606839 -0.792262
    outer loop
      vertex 0 -4.3 -0.6
      vertex -0.651456 -5.93514 0.6
      vertex -0.977184 -4.40271 -0.6
    endloop
  endfacet
  facet normal 0.557431 -0.248181 -0.792261
    outer loop
      vertex -2.71355 -7.43333 0.6
      vertex -2.97998 -8.03175 0.6
      vertex -4.07032 -6.65 -0.6
    endloop
  endfacet
  facet normal -0.305089 -0.528434 -0.792261
    outer loop
      vertex 1.84173 -6.46508 0.6
      vertex 1.91166 -4.70634 -0.6
      vertex 2.76259 -5.19762 -0.6
    endloop
  endfacet
  facet normal -0.305087 -0.528435 -0.792262
    outer loop
      vertex 1.91166 -4.70634 -0.6
      vertex 1.84173 -6.46508 0.6
      vertex 1.27444 -6.13756 0.6
    endloop
  endfacet
  facet normal -0.188617 0.580273 -0.792279
    outer loop
      vertex 1.27444 -11.8624 0.6
      vertex 1.91166 -13.2937 -0.6
      vertex 0.651456 -12.0649 0.6
    endloop
  endfacet
  facet normal -0.188542 0.580328 -0.792257
    outer loop
      vertex 1.91166 -13.2937 -0.6
      vertex 0.977184 -13.5973 -0.6
      vertex 0.651456 -12.0649 0.6
    endloop
  endfacet
  facet normal 0.305064 0.528427 -0.792276
    outer loop
      vertex -1.91166 -13.2937 -0.6
      vertex -1.84173 -11.5349 0.6
      vertex -1.27444 -11.8624 0.6
    endloop
  endfacet
  facet normal 0.305094 0.528421 -0.792268
    outer loop
      vertex -1.84173 -11.5349 0.6
      vertex -1.91166 -13.2937 -0.6
      vertex -2.76259 -12.8024 -0.6
    endloop
  endfacet
  facet normal 0.493637 0.358681 -0.792256
    outer loop
      vertex -2.71355 -10.5667 0.6
      vertex -2.32852 -11.0966 0.6
      vertex -4.07032 -11.35 -0.6
    endloop
  endfacet
  facet normal -0.596849 -0.126865 -0.79226
    outer loop
      vertex 4.46996 -7.54762 -0.6
      vertex 4.67425 -8.50872 -0.6
      vertex 2.97998 -8.03175 0.6
    endloop
  endfacet
  facet normal -0.493646 -0.358658 -0.792261
    outer loop
      vertex 3.49278 -5.85509 -0.6
      vertex 4.07032 -6.65 -0.6
      vertex 2.32852 -6.90339 0.6
    endloop
  endfacet
  facet normal 0.557431 -0.24818 -0.792261
    outer loop
      vertex -4.07032 -6.65 -0.6
      vertex -2.97998 -8.03175 0.6
      vertex -4.46996 -7.54762 -0.6
    endloop
  endfacet
  facet normal 0.188542 0.580328 -0.792257
    outer loop
      vertex -0.651456 -12.0649 0.6
      vertex -0.977184 -13.5973 -0.6
      vertex -1.91166 -13.2937 -0.6
    endloop
  endfacet
  facet normal 0.408293 -0.453452 -0.792261
    outer loop
      vertex -2.76259 -5.19762 -0.6
      vertex -2.32852 -6.90339 0.6
      vertex -3.49278 -5.85509 -0.6
    endloop
  endfacet
  facet normal -0.557431 -0.24818 -0.792261
    outer loop
      vertex 4.07032 -6.65 -0.6
      vertex 4.46996 -7.54762 -0.6
      vertex 2.97998 -8.03175 0.6
    endloop
  endfacet
  facet normal -0.557439 0.248172 -0.792258
    outer loop
      vertex 2.97998 -9.96825 0.6
      vertex 4.07032 -11.35 -0.6
      vertex 2.71355 -10.5667 0.6
    endloop
  endfacet
  facet normal 0.493646 -0.358658 -0.792261
    outer loop
      vertex -3.49278 -5.85509 -0.6
      vertex -2.32852 -6.90339 0.6
      vertex -4.07032 -6.65 -0.6
    endloop
  endfacet
  facet normal -0.408293 -0.453453 -0.792261
    outer loop
      vertex 2.76259 -5.19762 -0.6
      vertex 2.32852 -6.90339 0.6
      vertex 1.84173 -6.46508 0.6
    endloop
  endfacet
  facet normal 0.0637784 0.606847 -0.792256
    outer loop
      vertex -0.651456 -12.0649 0.6
      vertex 0 -13.7 -0.6
      vertex -0.977184 -13.5973 -0.6
    endloop
  endfacet
  facet normal 0.0637148 0.606833 -0.792271
    outer loop
      vertex 0 -12.1333 0.6
      vertex 0 -13.7 -0.6
      vertex -0.651456 -12.0649 0.6
    endloop
  endfacet
  facet normal -0.493644 0.35866 -0.792261
    outer loop
      vertex 4.07032 -11.35 -0.6
      vertex 3.49278 -12.1449 -0.6
      vertex 2.32852 -11.0966 0.6
    endloop
  endfacet
  facet normal -0.596849 0.126863 -0.792261
    outer loop
      vertex 3.11617 -9.32752 0.6
      vertex 4.67425 -9.49128 -0.6
      vertex 2.97998 -9.96825 0.6
    endloop
  endfacet
  facet normal 0.0637805 -0.606838 -0.792262
    outer loop
      vertex 0 -4.3 -0.6
      vertex 0 -5.86667 0.6
      vertex -0.651456 -5.93514 0.6
    endloop
  endfacet
  facet normal -0.557431 -0.248181 -0.792261
    outer loop
      vertex 4.07032 -6.65 -0.6
      vertex 2.97998 -8.03175 0.6
      vertex 2.71355 -7.43333 0.6
    endloop
  endfacet
  facet normal 0.408303 0.453443 -0.792262
    outer loop
      vertex -2.32852 -11.0966 0.6
      vertex -2.76259 -12.8024 -0.6
      vertex -3.49278 -12.1449 -0.6
    endloop
  endfacet
  facet normal -0.0637837 -0.606839 -0.792262
    outer loop
      vertex 0.977184 -4.40271 -0.6
      vertex 0.651456 -5.93514 0.6
      vertex 0 -4.3 -0.6
    endloop
  endfacet
  facet normal -0.188557 -0.580317 -0.792261
    outer loop
      vertex 0.977184 -4.40271 -0.6
      vertex 1.91166 -4.70634 -0.6
      vertex 0.651456 -5.93514 0.6
    endloop
  endfacet
  facet normal -0.610182 0 -0.792261
    outer loop
      vertex 3.11617 -9.32752 0.6
      vertex 4.67425 -8.50872 -0.6
      vertex 4.67425 -9.49128 -0.6
    endloop
  endfacet
  facet normal -0.610182 0 -0.792261
    outer loop
      vertex 4.67425 -8.50872 -0.6
      vertex 3.11617 -9.32752 0.6
      vertex 3.11617 -8.67248 0.6
    endloop
  endfacet
  facet normal 0.557428 0.248184 -0.792262
    outer loop
      vertex -2.97998 -9.96825 0.6
      vertex -4.07032 -11.35 -0.6
      vertex -4.46996 -10.4524 -0.6
    endloop
  endfacet
  facet normal 0.188617 0.580273 -0.792279
    outer loop
      vertex -1.27444 -11.8624 0.6
      vertex -0.651456 -12.0649 0.6
      vertex -1.91166 -13.2937 -0.6
    endloop
  endfacet
  facet normal -0.596849 0.126863 -0.792261
    outer loop
      vertex 4.67425 -9.49128 -0.6
      vertex 4.46996 -10.4524 -0.6
      vertex 2.97998 -9.96825 0.6
    endloop
  endfacet
  facet normal -0.408293 -0.453452 -0.792261
    outer loop
      vertex 2.76259 -5.19762 -0.6
      vertex 3.49278 -5.85509 -0.6
      vertex 2.32852 -6.90339 0.6
    endloop
  endfacet
  facet normal 0.596849 0.126863 -0.792261
    outer loop
      vertex -3.11617 -9.32752 0.6
      vertex -2.97998 -9.96825 0.6
      vertex -4.67425 -9.49128 -0.6
    endloop
  endfacet
  facet normal 0.610182 0 -0.792261
    outer loop
      vertex -4.67425 -9.49128 -0.6
      vertex -3.11617 -8.67248 0.6
      vertex -3.11617 -9.32752 0.6
    endloop
  endfacet
  facet normal 0.610182 0 -0.792261
    outer loop
      vertex -3.11617 -8.67248 0.6
      vertex -4.67425 -9.49128 -0.6
      vertex -4.67425 -8.50872 -0.6
    endloop
  endfacet
  facet normal 0 0 -1
    outer loop
      vertex 2.97998 -9.96825 0.6
      vertex 3.11617 -8.67248 0.6
      vertex 3.11617 -9.32752 0.6
    endloop
  endfacet
  facet normal 0 0 -1
    outer loop
      vertex 2.97998 -9.96825 0.6
      vertex 2.97998 -8.03175 0.6
      vertex 3.11617 -8.67248 0.6
    endloop
  endfacet
  facet normal 0 0 -1
    outer loop
      vertex 2.71355 -10.5667 0.6
      vertex 2.97998 -8.03175 0.6
      vertex 2.97998 -9.96825 0.6
    endloop
  endfacet
  facet normal 0 0 -1
    outer loop
      vertex 2.71355 -10.5667 0.6
      vertex 2.71355 -7.43333 0.6
      vertex 2.97998 -8.03175 0.6
    endloop
  endfacet
  facet normal 0 0 -1
    outer loop
      vertex 2.32852 -11.0966 0.6
      vertex 2.71355 -7.43333 0.6
      vertex 2.71355 -10.5667 0.6
    endloop
  endfacet
  facet normal 0 0 -1
    outer loop
      vertex 2.32852 -11.0966 0.6
      vertex 2.32852 -6.90339 0.6
      vertex 2.71355 -7.43333 0.6
    endloop
  endfacet
  facet normal 0 0 -1
    outer loop
      vertex 1.84173 -11.5349 0.6
      vertex 2.32852 -6.90339 0.6
      vertex 2.32852 -11.0966 0.6
    endloop
  endfacet
  facet normal 0 0 -1
    outer loop
      vertex 1.84173 -11.5349 0.6
      vertex 1.84173 -6.46508 0.6
      vertex 2.32852 -6.90339 0.6
    endloop
  endfacet
  facet normal 0 0 -1
    outer loop
      vertex 1.27444 -11.8624 0.6
      vertex 1.84173 -6.46508 0.6
      vertex 1.84173 -11.5349 0.6
    endloop
  endfacet
  facet normal 0 0 -1
    outer loop
      vertex 1.27444 -11.8624 0.6
      vertex 1.27444 -6.13756 0.6
      vertex 1.84173 -6.46508 0.6
    endloop
  endfacet
  facet normal 0 0 -1
    outer loop
      vertex 0.651456 -12.0649 0.6
      vertex 1.27444 -6.13756 0.6
      vertex 1.27444 -11.8624 0.6
    endloop
  endfacet
  facet normal 0 0 -1
    outer loop
      vertex 0.651456 -12.0649 0.6
      vertex 0.651456 -5.93514 0.6
      vertex 1.27444 -6.13756 0.6
    endloop
  endfacet
  facet normal 0 0 -1
    outer loop
      vertex 0 -12.1333 0.6
      vertex 0.651456 -5.93514 0.6
      vertex 0.651456 -12.0649 0.6
    endloop
  endfacet
  facet normal 0 0 -1
    outer loop
      vertex 0 -12.1333 0.6
      vertex 0 -5.86667 0.6
      vertex 0.651456 -5.93514 0.6
    endloop
  endfacet
  facet normal 0 0 -1
    outer loop
      vertex -0.651456 -12.0649 0.6
      vertex 0 -5.86667 0.6
      vertex 0 -12.1333 0.6
    endloop
  endfacet
  facet normal 0 0 -1
    outer loop
      vertex -0.651456 -12.0649 0.6
      vertex -0.651456 -5.93514 0.6
      vertex 0 -5.86667 0.6
    endloop
  endfacet
  facet normal 0 0 -1
    outer loop
      vertex -1.27444 -11.8624 0.6
      vertex -0.651456 -5.93514 0.6
      vertex -0.651456 -12.0649 0.6
    endloop
  endfacet
  facet normal 0 0 -1
    outer loop
      vertex -1.27444 -11.8624 0.6
      vertex -1.27444 -6.13756 0.6
      vertex -0.651456 -5.93514 0.6
    endloop
  endfacet
  facet normal 0 0 -1
    outer loop
      vertex -1.84173 -11.5349 0.6
      vertex -1.27444 -6.13756 0.6
      vertex -1.27444 -11.8624 0.6
    endloop
  endfacet
  facet normal 0 0 -1
    outer loop
      vertex -1.84173 -11.5349 0.6
      vertex -1.84173 -6.46508 0.6
      vertex -1.27444 -6.13756 0.6
    endloop
  endfacet
  facet normal 0 0 -1
    outer loop
      vertex -2.32852 -11.0966 0.6
      vertex -1.84173 -6.46508 0.6
      vertex -1.84173 -11.5349 0.6
    endloop
  endfacet
  facet normal 0 0 -1
    outer loop
      vertex -2.32852 -11.0966 0.6
      vertex -2.32852 -6.90339 0.6
      vertex -1.84173 -6.46508 0.6
    endloop
  endfacet
  facet normal 0 0 -1
    outer loop
      vertex -2.71355 -10.5667 0.6
      vertex -2.32852 -6.90339 0.6
      vertex -2.32852 -11.0966 0.6
    endloop
  endfacet
  facet normal 0 0 -1
    outer loop
      vertex -2.71355 -10.5667 0.6
      vertex -2.71355 -7.43333 0.6
      vertex -2.32852 -6.90339 0.6
    endloop
  endfacet
  facet normal 0 0 -1
    outer loop
      vertex -2.97998 -9.96825 0.6
      vertex -2.71355 -7.43333 0.6
      vertex -2.71355 -10.5667 0.6
    endloop
  endfacet
  facet normal 0 0 -1
    outer loop
      vertex -2.97998 -9.96825 0.6
      vertex -2.97998 -8.03175 0.6
      vertex -2.71355 -7.43333 0.6
    endloop
  endfacet
  facet normal 0 0 -1
    outer loop
      vertex -3.11617 -9.32752 0.6
      vertex -2.97998 -8.03175 0.6
      vertex -2.97998 -9.96825 0.6
    endloop
  endfacet
  facet normal 0 0 -1
    outer loop
      vertex -2.97998 -8.03175 0.6
      vertex -3.11617 -9.32752 0.6
      vertex -3.11617 -8.67248 0.6
    endloop
  endfacet
endsolid OpenSCAD_Model
