solid OpenSCAD_Model
  facet normal 0.951078 -0.308952 0
    outer loop
      vertex -3.30994 22.8975 3.2
      vertex -3.19043 23.2654 2.5
      vertex -3.19043 23.2654 3.2
    endloop
  endfacet
  facet normal 0.951078 -0.308952 0
    outer loop
      vertex -3.19043 23.2654 2.5
      vertex -3.30994 22.8975 3.2
      vertex -3.30994 22.8975 2.5
    endloop
  endfacet
  facet normal 0.951078 0.308952 0
    outer loop
      vertex -3.19043 24.0346 3.2
      vertex -3.30994 24.4025 2.5
      vertex -3.30994 24.4025 3.2
    endloop
  endfacet
  facet normal 0.951078 0.308952 0
    outer loop
      vertex -3.30994 24.4025 2.5
      vertex -3.19043 24.0346 3.2
      vertex -3.19043 24.0346 2.5
    endloop
  endfacet
  facet normal 0.99452 0.104546 0
    outer loop
      vertex -3.15 23.65 3.2
      vertex -3.19043 24.0346 2.5
      vertex -3.19043 24.0346 3.2
    endloop
  endfacet
  facet normal 0.99452 0.104546 0
    outer loop
      vertex -3.19043 24.0346 2.5
      vertex -3.15 23.65 3.2
      vertex -3.15 23.65 2.5
    endloop
  endfacet
  facet normal 0.865997 0.500049 0
    outer loop
      vertex -3.30994 24.4025 3.2
      vertex -3.50332 24.7374 2.5
      vertex -3.50332 24.7374 3.2
    endloop
  endfacet
  facet normal 0.865997 0.500049 0
    outer loop
      vertex -3.50332 24.7374 2.5
      vertex -3.30994 24.4025 3.2
      vertex -3.30994 24.4025 2.5
    endloop
  endfacet
  facet normal -0.865997 0.500049 0
    outer loop
      vertex -6.69006 24.4025 2.5
      vertex -6.49668 24.7374 3.2
      vertex -6.49668 24.7374 2.5
    endloop
  endfacet
  facet normal -0.865997 0.500049 0
    outer loop
      vertex -6.49668 24.7374 3.2
      vertex -6.69006 24.4025 2.5
      vertex -6.69006 24.4025 3.2
    endloop
  endfacet
  facet normal -0.951078 -0.308952 0
    outer loop
      vertex -6.69006 22.8975 2.5
      vertex -6.80957 23.2654 3.2
      vertex -6.80957 23.2654 2.5
    endloop
  endfacet
  facet normal -0.951078 -0.308952 0
    outer loop
      vertex -6.80957 23.2654 3.2
      vertex -6.69006 22.8975 2.5
      vertex -6.69006 22.8975 3.2
    endloop
  endfacet
  facet normal 0.587738 0.809051 -0
    outer loop
      vertex -3.76211 25.0248 2.5
      vertex -4.075 25.2521 3.2
      vertex -3.76211 25.0248 3.2
    endloop
  endfacet
  facet normal 0.587738 0.809051 0
    outer loop
      vertex -4.075 25.2521 3.2
      vertex -3.76211 25.0248 2.5
      vertex -4.075 25.2521 2.5
    endloop
  endfacet
  facet normal 0.99452 -0.104546 0
    outer loop
      vertex -3.19043 23.2654 3.2
      vertex -3.15 23.65 2.5
      vertex -3.15 23.65 3.2
    endloop
  endfacet
  facet normal 0.99452 -0.104546 0
    outer loop
      vertex -3.15 23.65 2.5
      vertex -3.19043 23.2654 3.2
      vertex -3.19043 23.2654 2.5
    endloop
  endfacet
  facet normal 0.743127 0.66915 0
    outer loop
      vertex -3.50332 24.7374 3.2
      vertex -3.76211 25.0248 2.5
      vertex -3.76211 25.0248 3.2
    endloop
  endfacet
  facet normal 0.743127 0.66915 0
    outer loop
      vertex -3.76211 25.0248 2.5
      vertex -3.50332 24.7374 3.2
      vertex -3.50332 24.7374 2.5
    endloop
  endfacet
  facet normal -0.207887 0.978153 0
    outer loop
      vertex -5.19338 25.4899 2.5
      vertex -5.57168 25.4095 3.2
      vertex -5.19338 25.4899 3.2
    endloop
  endfacet
  facet normal -0.207887 0.978153 0
    outer loop
      vertex -5.57168 25.4095 3.2
      vertex -5.19338 25.4899 2.5
      vertex -5.57168 25.4095 2.5
    endloop
  endfacet
  facet normal -0.743127 0.66915 0
    outer loop
      vertex -6.49668 24.7374 2.5
      vertex -6.23789 25.0248 3.2
      vertex -6.23789 25.0248 2.5
    endloop
  endfacet
  facet normal -0.743127 0.66915 0
    outer loop
      vertex -6.23789 25.0248 3.2
      vertex -6.49668 24.7374 2.5
      vertex -6.49668 24.7374 3.2
    endloop
  endfacet
  facet normal -0.951078 0.308952 0
    outer loop
      vertex -6.80957 24.0346 2.5
      vertex -6.69006 24.4025 3.2
      vertex -6.69006 24.4025 2.5
    endloop
  endfacet
  facet normal -0.951078 0.308952 0
    outer loop
      vertex -6.69006 24.4025 3.2
      vertex -6.80957 24.0346 2.5
      vertex -6.80957 24.0346 3.2
    endloop
  endfacet
  facet normal -0.587738 0.809051 0
    outer loop
      vertex -5.925 25.2521 2.5
      vertex -6.23789 25.0248 3.2
      vertex -5.925 25.2521 3.2
    endloop
  endfacet
  facet normal -0.587738 0.809051 0
    outer loop
      vertex -6.23789 25.0248 3.2
      vertex -5.925 25.2521 2.5
      vertex -6.23789 25.0248 2.5
    endloop
  endfacet
  facet normal -0.406935 -0.913457 0
    outer loop
      vertex -5.925 22.0479 2.5
      vertex -5.57168 21.8905 3.2
      vertex -5.925 22.0479 3.2
    endloop
  endfacet
  facet normal -0.406935 -0.913457 -0
    outer loop
      vertex -5.57168 21.8905 3.2
      vertex -5.925 22.0479 2.5
      vertex -5.57168 21.8905 2.5
    endloop
  endfacet
  facet normal -0.406935 0.913457 0
    outer loop
      vertex -5.57168 25.4095 2.5
      vertex -5.925 25.2521 3.2
      vertex -5.57168 25.4095 3.2
    endloop
  endfacet
  facet normal -0.406935 0.913457 0
    outer loop
      vertex -5.925 25.2521 3.2
      vertex -5.57168 25.4095 2.5
      vertex -5.925 25.2521 2.5
    endloop
  endfacet
  facet normal 0.207887 0.978153 -0
    outer loop
      vertex -4.42832 25.4095 2.5
      vertex -4.80662 25.4899 3.2
      vertex -4.42832 25.4095 3.2
    endloop
  endfacet
  facet normal 0.207887 0.978153 0
    outer loop
      vertex -4.80662 25.4899 3.2
      vertex -4.42832 25.4095 2.5
      vertex -4.80662 25.4899 2.5
    endloop
  endfacet
  facet normal -0.99452 0.104546 0
    outer loop
      vertex -6.85 23.65 2.5
      vertex -6.80957 24.0346 3.2
      vertex -6.80957 24.0346 2.5
    endloop
  endfacet
  facet normal -0.99452 0.104546 0
    outer loop
      vertex -6.80957 24.0346 3.2
      vertex -6.85 23.65 2.5
      vertex -6.85 23.65 3.2
    endloop
  endfacet
  facet normal -0.99452 -0.104546 0
    outer loop
      vertex -6.80957 23.2654 2.5
      vertex -6.85 23.65 3.2
      vertex -6.85 23.65 2.5
    endloop
  endfacet
  facet normal -0.99452 -0.104546 0
    outer loop
      vertex -6.85 23.65 3.2
      vertex -6.80957 23.2654 2.5
      vertex -6.80957 23.2654 3.2
    endloop
  endfacet
  facet normal -0.743127 -0.66915 0
    outer loop
      vertex -6.23789 22.2752 2.5
      vertex -6.49668 22.5626 3.2
      vertex -6.49668 22.5626 2.5
    endloop
  endfacet
  facet normal -0.743127 -0.66915 0
    outer loop
      vertex -6.49668 22.5626 3.2
      vertex -6.23789 22.2752 2.5
      vertex -6.23789 22.2752 3.2
    endloop
  endfacet
  facet normal 0 1 -0
    outer loop
      vertex -4.80662 25.4899 2.5
      vertex -5.19338 25.4899 3.2
      vertex -4.80662 25.4899 3.2
    endloop
  endfacet
  facet normal 0 1 0
    outer loop
      vertex -5.19338 25.4899 3.2
      vertex -4.80662 25.4899 2.5
      vertex -5.19338 25.4899 2.5
    endloop
  endfacet
  facet normal 0.865997 -0.500049 0
    outer loop
      vertex -3.50332 22.5626 3.2
      vertex -3.30994 22.8975 2.5
      vertex -3.30994 22.8975 3.2
    endloop
  endfacet
  facet normal 0.865997 -0.500049 0
    outer loop
      vertex -3.30994 22.8975 2.5
      vertex -3.50332 22.5626 3.2
      vertex -3.50332 22.5626 2.5
    endloop
  endfacet
  facet normal 0.406935 0.913457 -0
    outer loop
      vertex -4.075 25.2521 2.5
      vertex -4.42832 25.4095 3.2
      vertex -4.075 25.2521 3.2
    endloop
  endfacet
  facet normal 0.406935 0.913457 0
    outer loop
      vertex -4.42832 25.4095 3.2
      vertex -4.075 25.2521 2.5
      vertex -4.42832 25.4095 2.5
    endloop
  endfacet
  facet normal -0.207887 -0.978153 0
    outer loop
      vertex -5.57168 21.8905 2.5
      vertex -5.19338 21.8101 3.2
      vertex -5.57168 21.8905 3.2
    endloop
  endfacet
  facet normal -0.207887 -0.978153 -0
    outer loop
      vertex -5.19338 21.8101 3.2
      vertex -5.57168 21.8905 2.5
      vertex -5.19338 21.8101 2.5
    endloop
  endfacet
  facet normal -0.865997 -0.500049 0
    outer loop
      vertex -6.49668 22.5626 2.5
      vertex -6.69006 22.8975 3.2
      vertex -6.69006 22.8975 2.5
    endloop
  endfacet
  facet normal -0.865997 -0.500049 0
    outer loop
      vertex -6.69006 22.8975 3.2
      vertex -6.49668 22.5626 2.5
      vertex -6.49668 22.5626 3.2
    endloop
  endfacet
  facet normal -0.587738 -0.809051 0
    outer loop
      vertex -6.23789 22.2752 2.5
      vertex -5.925 22.0479 3.2
      vertex -6.23789 22.2752 3.2
    endloop
  endfacet
  facet normal -0.587738 -0.809051 -0
    outer loop
      vertex -5.925 22.0479 3.2
      vertex -6.23789 22.2752 2.5
      vertex -5.925 22.0479 2.5
    endloop
  endfacet
  facet normal 0 -1 0
    outer loop
      vertex -5.19338 21.8101 2.5
      vertex -4.80662 21.8101 3.2
      vertex -5.19338 21.8101 3.2
    endloop
  endfacet
  facet normal 0 -1 -0
    outer loop
      vertex -4.80662 21.8101 3.2
      vertex -5.19338 21.8101 2.5
      vertex -4.80662 21.8101 2.5
    endloop
  endfacet
  facet normal 0 0 1
    outer loop
      vertex -3.19043 24.0346 3.2
      vertex -3.19043 23.2654 3.2
      vertex -3.15 23.65 3.2
    endloop
  endfacet
  facet normal 0 0 1
    outer loop
      vertex -3.30994 24.4025 3.2
      vertex -3.19043 23.2654 3.2
      vertex -3.19043 24.0346 3.2
    endloop
  endfacet
  facet normal 0 0 1
    outer loop
      vertex -3.30994 24.4025 3.2
      vertex -3.30994 22.8975 3.2
      vertex -3.19043 23.2654 3.2
    endloop
  endfacet
  facet normal 0 0 1
    outer loop
      vertex -3.50332 24.7374 3.2
      vertex -3.30994 22.8975 3.2
      vertex -3.30994 24.4025 3.2
    endloop
  endfacet
  facet normal 0 0 1
    outer loop
      vertex -3.50332 24.7374 3.2
      vertex -3.50332 22.5626 3.2
      vertex -3.30994 22.8975 3.2
    endloop
  endfacet
  facet normal 0 0 1
    outer loop
      vertex -3.76211 25.0248 3.2
      vertex -3.50332 22.5626 3.2
      vertex -3.50332 24.7374 3.2
    endloop
  endfacet
  facet normal 0 0 1
    outer loop
      vertex -3.76211 25.0248 3.2
      vertex -3.76211 22.2752 3.2
      vertex -3.50332 22.5626 3.2
    endloop
  endfacet
  facet normal 0 0 1
    outer loop
      vertex -4.075 25.2521 3.2
      vertex -3.76211 22.2752 3.2
      vertex -3.76211 25.0248 3.2
    endloop
  endfacet
  facet normal 0 0 1
    outer loop
      vertex -4.075 25.2521 3.2
      vertex -4.075 22.0479 3.2
      vertex -3.76211 22.2752 3.2
    endloop
  endfacet
  facet normal 0 0 1
    outer loop
      vertex -4.42832 25.4095 3.2
      vertex -4.075 22.0479 3.2
      vertex -4.075 25.2521 3.2
    endloop
  endfacet
  facet normal 0 0 1
    outer loop
      vertex -4.42832 25.4095 3.2
      vertex -4.42832 21.8905 3.2
      vertex -4.075 22.0479 3.2
    endloop
  endfacet
  facet normal 0 0 1
    outer loop
      vertex -4.80662 25.4899 3.2
      vertex -4.42832 21.8905 3.2
      vertex -4.42832 25.4095 3.2
    endloop
  endfacet
  facet normal 0 0 1
    outer loop
      vertex -4.80662 25.4899 3.2
      vertex -4.80662 21.8101 3.2
      vertex -4.42832 21.8905 3.2
    endloop
  endfacet
  facet normal -0 0 1
    outer loop
      vertex -5.19338 25.4899 3.2
      vertex -4.80662 21.8101 3.2
      vertex -4.80662 25.4899 3.2
    endloop
  endfacet
  facet normal 0 0 1
    outer loop
      vertex -5.19338 25.4899 3.2
      vertex -5.19338 21.8101 3.2
      vertex -4.80662 21.8101 3.2
    endloop
  endfacet
  facet normal -0 0 1
    outer loop
      vertex -5.57168 25.4095 3.2
      vertex -5.19338 21.8101 3.2
      vertex -5.19338 25.4899 3.2
    endloop
  endfacet
  facet normal 0 0 1
    outer loop
      vertex -5.57168 25.4095 3.2
      vertex -5.57168 21.8905 3.2
      vertex -5.19338 21.8101 3.2
    endloop
  endfacet
  facet normal -0 0 1
    outer loop
      vertex -5.925 25.2521 3.2
      vertex -5.57168 21.8905 3.2
      vertex -5.57168 25.4095 3.2
    endloop
  endfacet
  facet normal 0 0 1
    outer loop
      vertex -5.925 25.2521 3.2
      vertex -5.925 22.0479 3.2
      vertex -5.57168 21.8905 3.2
    endloop
  endfacet
  facet normal -0 0 1
    outer loop
      vertex -6.23789 25.0248 3.2
      vertex -5.925 22.0479 3.2
      vertex -5.925 25.2521 3.2
    endloop
  endfacet
  facet normal 0 0 1
    outer loop
      vertex -6.23789 25.0248 3.2
      vertex -6.23789 22.2752 3.2
      vertex -5.925 22.0479 3.2
    endloop
  endfacet
  facet normal -0 0 1
    outer loop
      vertex -6.49668 24.7374 3.2
      vertex -6.23789 22.2752 3.2
      vertex -6.23789 25.0248 3.2
    endloop
  endfacet
  facet normal 0 0 1
    outer loop
      vertex -6.49668 24.7374 3.2
      vertex -6.49668 22.5626 3.2
      vertex -6.23789 22.2752 3.2
    endloop
  endfacet
  facet normal -0 0 1
    outer loop
      vertex -6.69006 24.4025 3.2
      vertex -6.49668 22.5626 3.2
      vertex -6.49668 24.7374 3.2
    endloop
  endfacet
  facet normal 0 0 1
    outer loop
      vertex -6.69006 24.4025 3.2
      vertex -6.69006 22.8975 3.2
      vertex -6.49668 22.5626 3.2
    endloop
  endfacet
  facet normal -0 0 1
    outer loop
      vertex -6.80957 24.0346 3.2
      vertex -6.69006 22.8975 3.2
      vertex -6.69006 24.4025 3.2
    endloop
  endfacet
  facet normal 0 0 1
    outer loop
      vertex -6.80957 24.0346 3.2
      vertex -6.80957 23.2654 3.2
      vertex -6.69006 22.8975 3.2
    endloop
  endfacet
  facet normal 0 -0 1
    outer loop
      vertex -6.80957 23.2654 3.2
      vertex -6.80957 24.0346 3.2
      vertex -6.85 23.65 3.2
    endloop
  endfacet
  facet normal 0.207887 -0.978153 0
    outer loop
      vertex -4.80662 21.8101 2.5
      vertex -4.42832 21.8905 3.2
      vertex -4.80662 21.8101 3.2
    endloop
  endfacet
  facet normal 0.207887 -0.978153 0
    outer loop
      vertex -4.42832 21.8905 3.2
      vertex -4.80662 21.8101 2.5
      vertex -4.42832 21.8905 2.5
    endloop
  endfacet
  facet normal 0.587738 -0.809051 0
    outer loop
      vertex -4.075 22.0479 2.5
      vertex -3.76211 22.2752 3.2
      vertex -4.075 22.0479 3.2
    endloop
  endfacet
  facet normal 0.587738 -0.809051 0
    outer loop
      vertex -3.76211 22.2752 3.2
      vertex -4.075 22.0479 2.5
      vertex -3.76211 22.2752 2.5
    endloop
  endfacet
  facet normal 0.743127 -0.66915 0
    outer loop
      vertex -3.76211 22.2752 3.2
      vertex -3.50332 22.5626 2.5
      vertex -3.50332 22.5626 3.2
    endloop
  endfacet
  facet normal 0.743127 -0.66915 0
    outer loop
      vertex -3.50332 22.5626 2.5
      vertex -3.76211 22.2752 3.2
      vertex -3.76211 22.2752 2.5
    endloop
  endfacet
  facet normal 0.406935 -0.913457 0
    outer loop
      vertex -4.42832 21.8905 2.5
      vertex -4.075 22.0479 3.2
      vertex -4.42832 21.8905 3.2
    endloop
  endfacet
  facet normal 0.406935 -0.913457 0
    outer loop
      vertex -4.075 22.0479 3.2
      vertex -4.42832 21.8905 2.5
      vertex -4.075 22.0479 2.5
    endloop
  endfacet
  facet normal 0 0 -1
    outer loop
      vertex -3.19043 23.2654 2.5
      vertex -3.19043 24.0346 2.5
      vertex -3.15 23.65 2.5
    endloop
  endfacet
  facet normal 0 0 -1
    outer loop
      vertex -3.30994 22.8975 2.5
      vertex -3.19043 24.0346 2.5
      vertex -3.19043 23.2654 2.5
    endloop
  endfacet
  facet normal 0 0 -1
    outer loop
      vertex -3.30994 22.8975 2.5
      vertex -3.30994 24.4025 2.5
      vertex -3.19043 24.0346 2.5
    endloop
  endfacet
  facet normal 0 0 -1
    outer loop
      vertex -3.50332 22.5626 2.5
      vertex -3.30994 24.4025 2.5
      vertex -3.30994 22.8975 2.5
    endloop
  endfacet
  facet normal 0 0 -1
    outer loop
      vertex -3.50332 22.5626 2.5
      vertex -3.50332 24.7374 2.5
      vertex -3.30994 24.4025 2.5
    endloop
  endfacet
  facet normal 0 0 -1
    outer loop
      vertex -3.76211 22.2752 2.5
      vertex -3.50332 24.7374 2.5
      vertex -3.50332 22.5626 2.5
    endloop
  endfacet
  facet normal 0 0 -1
    outer loop
      vertex -3.76211 22.2752 2.5
      vertex -3.76211 25.0248 2.5
      vertex -3.50332 24.7374 2.5
    endloop
  endfacet
  facet normal 0 0 -1
    outer loop
      vertex -4.075 22.0479 2.5
      vertex -3.76211 25.0248 2.5
      vertex -3.76211 22.2752 2.5
    endloop
  endfacet
  facet normal 0 0 -1
    outer loop
      vertex -4.075 22.0479 2.5
      vertex -4.075 25.2521 2.5
      vertex -3.76211 25.0248 2.5
    endloop
  endfacet
  facet normal 0 0 -1
    outer loop
      vertex -4.42832 21.8905 2.5
      vertex -4.075 25.2521 2.5
      vertex -4.075 22.0479 2.5
    endloop
  endfacet
  facet normal 0 0 -1
    outer loop
      vertex -4.42832 21.8905 2.5
      vertex -4.42832 25.4095 2.5
      vertex -4.075 25.2521 2.5
    endloop
  endfacet
  facet normal 0 0 -1
    outer loop
      vertex -4.80662 21.8101 2.5
      vertex -4.42832 25.4095 2.5
      vertex -4.42832 21.8905 2.5
    endloop
  endfacet
  facet normal 0 0 -1
    outer loop
      vertex -4.80662 21.8101 2.5
      vertex -4.80662 25.4899 2.5
      vertex -4.42832 25.4095 2.5
    endloop
  endfacet
  facet normal 0 0 -1
    outer loop
      vertex -5.19338 21.8101 2.5
      vertex -4.80662 25.4899 2.5
      vertex -4.80662 21.8101 2.5
    endloop
  endfacet
  facet normal 0 0 -1
    outer loop
      vertex -5.19338 21.8101 2.5
      vertex -5.19338 25.4899 2.5
      vertex -4.80662 25.4899 2.5
    endloop
  endfacet
  facet normal 0 0 -1
    outer loop
      vertex -5.57168 21.8905 2.5
      vertex -5.19338 25.4899 2.5
      vertex -5.19338 21.8101 2.5
    endloop
  endfacet
  facet normal 0 0 -1
    outer loop
      vertex -5.57168 21.8905 2.5
      vertex -5.57168 25.4095 2.5
      vertex -5.19338 25.4899 2.5
    endloop
  endfacet
  facet normal 0 0 -1
    outer loop
      vertex -5.925 22.0479 2.5
      vertex -5.57168 25.4095 2.5
      vertex -5.57168 21.8905 2.5
    endloop
  endfacet
  facet normal 0 0 -1
    outer loop
      vertex -5.925 22.0479 2.5
      vertex -5.925 25.2521 2.5
      vertex -5.57168 25.4095 2.5
    endloop
  endfacet
  facet normal 0 0 -1
    outer loop
      vertex -6.23789 22.2752 2.5
      vertex -5.925 25.2521 2.5
      vertex -5.925 22.0479 2.5
    endloop
  endfacet
  facet normal 0 0 -1
    outer loop
      vertex -6.23789 22.2752 2.5
      vertex -6.23789 25.0248 2.5
      vertex -5.925 25.2521 2.5
    endloop
  endfacet
  facet normal 0 0 -1
    outer loop
      vertex -6.49668 22.5626 2.5
      vertex -6.23789 25.0248 2.5
      vertex -6.23789 22.2752 2.5
    endloop
  endfacet
  facet normal 0 0 -1
    outer loop
      vertex -6.49668 22.5626 2.5
      vertex -6.49668 24.7374 2.5
      vertex -6.23789 25.0248 2.5
    endloop
  endfacet
  facet normal 0 0 -1
    outer loop
      vertex -6.69006 22.8975 2.5
      vertex -6.49668 24.7374 2.5
      vertex -6.49668 22.5626 2.5
    endloop
  endfacet
  facet normal 0 0 -1
    outer loop
      vertex -6.69006 22.8975 2.5
      vertex -6.69006 24.4025 2.5
      vertex -6.49668 24.7374 2.5
    endloop
  endfacet
  facet normal 0 0 -1
    outer loop
      vertex -6.80957 23.2654 2.5
      vertex -6.69006 24.4025 2.5
      vertex -6.69006 22.8975 2.5
    endloop
  endfacet
  facet normal 0 0 -1
    outer loop
      vertex -6.80957 23.2654 2.5
      vertex -6.80957 24.0346 2.5
      vertex -6.69006 24.4025 2.5
    endloop
  endfacet
  facet normal 0 -0 -1
    outer loop
      vertex -6.80957 24.0346 2.5
      vertex -6.80957 23.2654 2.5
      vertex -6.85 23.65 2.5
    endloop
  endfacet
  facet normal -0.743127 -0.66915 0
    outer loop
      vertex -1.23789 22.2752 2.5
      vertex -1.49668 22.5626 3.2
      vertex -1.49668 22.5626 2.5
    endloop
  endfacet
  facet normal -0.743127 -0.66915 0
    outer loop
      vertex -1.49668 22.5626 3.2
      vertex -1.23789 22.2752 2.5
      vertex -1.23789 22.2752 3.2
    endloop
  endfacet
  facet normal 0.951078 0.308952 0
    outer loop
      vertex 1.80957 24.0346 3.2
      vertex 1.69006 24.4025 2.5
      vertex 1.69006 24.4025 3.2
    endloop
  endfacet
  facet normal 0.951078 0.308952 0
    outer loop
      vertex 1.69006 24.4025 2.5
      vertex 1.80957 24.0346 3.2
      vertex 1.80957 24.0346 2.5
    endloop
  endfacet
  facet normal 0.99452 0.104546 0
    outer loop
      vertex 1.85 23.65 3.2
      vertex 1.80957 24.0346 2.5
      vertex 1.80957 24.0346 3.2
    endloop
  endfacet
  facet normal 0.99452 0.104546 0
    outer loop
      vertex 1.80957 24.0346 2.5
      vertex 1.85 23.65 3.2
      vertex 1.85 23.65 2.5
    endloop
  endfacet
  facet normal 0.865997 0.500049 0
    outer loop
      vertex 1.69006 24.4025 3.2
      vertex 1.49668 24.7374 2.5
      vertex 1.49668 24.7374 3.2
    endloop
  endfacet
  facet normal 0.865997 0.500049 0
    outer loop
      vertex 1.49668 24.7374 2.5
      vertex 1.69006 24.4025 3.2
      vertex 1.69006 24.4025 2.5
    endloop
  endfacet
  facet normal 0.951078 -0.308952 0
    outer loop
      vertex 1.69006 22.8975 3.2
      vertex 1.80957 23.2654 2.5
      vertex 1.80957 23.2654 3.2
    endloop
  endfacet
  facet normal 0.951078 -0.308952 0
    outer loop
      vertex 1.80957 23.2654 2.5
      vertex 1.69006 22.8975 3.2
      vertex 1.69006 22.8975 2.5
    endloop
  endfacet
  facet normal -0.951078 -0.308952 0
    outer loop
      vertex -1.69006 22.8975 2.5
      vertex -1.80957 23.2654 3.2
      vertex -1.80957 23.2654 2.5
    endloop
  endfacet
  facet normal -0.951078 -0.308952 0
    outer loop
      vertex -1.80957 23.2654 3.2
      vertex -1.69006 22.8975 2.5
      vertex -1.69006 22.8975 3.2
    endloop
  endfacet
  facet normal 0.207884 0.978153 -0
    outer loop
      vertex 0.571681 25.4095 2.5
      vertex 0.193377 25.4899 3.2
      vertex 0.571681 25.4095 3.2
    endloop
  endfacet
  facet normal 0.207884 0.978153 0
    outer loop
      vertex 0.193377 25.4899 3.2
      vertex 0.571681 25.4095 2.5
      vertex 0.193377 25.4899 2.5
    endloop
  endfacet
  facet normal 0.99452 -0.104546 0
    outer loop
      vertex 1.80957 23.2654 3.2
      vertex 1.85 23.65 2.5
      vertex 1.85 23.65 3.2
    endloop
  endfacet
  facet normal 0.99452 -0.104546 0
    outer loop
      vertex 1.85 23.65 2.5
      vertex 1.80957 23.2654 3.2
      vertex 1.80957 23.2654 2.5
    endloop
  endfacet
  facet normal 0.743127 0.66915 0
    outer loop
      vertex 1.49668 24.7374 3.2
      vertex 1.23789 25.0248 2.5
      vertex 1.23789 25.0248 3.2
    endloop
  endfacet
  facet normal 0.743127 0.66915 0
    outer loop
      vertex 1.23789 25.0248 2.5
      vertex 1.49668 24.7374 3.2
      vertex 1.49668 24.7374 2.5
    endloop
  endfacet
  facet normal -0.207884 0.978153 0
    outer loop
      vertex -0.193377 25.4899 2.5
      vertex -0.571681 25.4095 3.2
      vertex -0.193377 25.4899 3.2
    endloop
  endfacet
  facet normal -0.207884 0.978153 0
    outer loop
      vertex -0.571681 25.4095 3.2
      vertex -0.193377 25.4899 2.5
      vertex -0.571681 25.4095 2.5
    endloop
  endfacet
  facet normal 0 0 1
    outer loop
      vertex 1.80957 24.0346 3.2
      vertex 1.80957 23.2654 3.2
      vertex 1.85 23.65 3.2
    endloop
  endfacet
  facet normal 0 0 1
    outer loop
      vertex 1.69006 24.4025 3.2
      vertex 1.80957 23.2654 3.2
      vertex 1.80957 24.0346 3.2
    endloop
  endfacet
  facet normal 0 0 1
    outer loop
      vertex 1.69006 24.4025 3.2
      vertex 1.69006 22.8975 3.2
      vertex 1.80957 23.2654 3.2
    endloop
  endfacet
  facet normal 0 0 1
    outer loop
      vertex 1.49668 24.7374 3.2
      vertex 1.69006 22.8975 3.2
      vertex 1.69006 24.4025 3.2
    endloop
  endfacet
  facet normal 0 0 1
    outer loop
      vertex 1.49668 24.7374 3.2
      vertex 1.49668 22.5626 3.2
      vertex 1.69006 22.8975 3.2
    endloop
  endfacet
  facet normal 0 0 1
    outer loop
      vertex 1.23789 25.0248 3.2
      vertex 1.49668 22.5626 3.2
      vertex 1.49668 24.7374 3.2
    endloop
  endfacet
  facet normal 0 0 1
    outer loop
      vertex 1.23789 25.0248 3.2
      vertex 1.23789 22.2752 3.2
      vertex 1.49668 22.5626 3.2
    endloop
  endfacet
  facet normal 0 0 1
    outer loop
      vertex 0.924999 25.2521 3.2
      vertex 1.23789 22.2752 3.2
      vertex 1.23789 25.0248 3.2
    endloop
  endfacet
  facet normal 0 0 1
    outer loop
      vertex 0.924999 25.2521 3.2
      vertex 0.924999 22.0479 3.2
      vertex 1.23789 22.2752 3.2
    endloop
  endfacet
  facet normal 0 0 1
    outer loop
      vertex 0.571681 25.4095 3.2
      vertex 0.924999 22.0479 3.2
      vertex 0.924999 25.2521 3.2
    endloop
  endfacet
  facet normal 0 0 1
    outer loop
      vertex 0.571681 25.4095 3.2
      vertex 0.571681 21.8905 3.2
      vertex 0.924999 22.0479 3.2
    endloop
  endfacet
  facet normal 0 0 1
    outer loop
      vertex 0.193377 25.4899 3.2
      vertex 0.571681 21.8905 3.2
      vertex 0.571681 25.4095 3.2
    endloop
  endfacet
  facet normal 0 0 1
    outer loop
      vertex 0.193377 25.4899 3.2
      vertex 0.193377 21.8101 3.2
      vertex 0.571681 21.8905 3.2
    endloop
  endfacet
  facet normal -0 0 1
    outer loop
      vertex -0.193377 25.4899 3.2
      vertex 0.193377 21.8101 3.2
      vertex 0.193377 25.4899 3.2
    endloop
  endfacet
  facet normal 0 0 1
    outer loop
      vertex -0.193377 25.4899 3.2
      vertex -0.193377 21.8101 3.2
      vertex 0.193377 21.8101 3.2
    endloop
  endfacet
  facet normal -0 0 1
    outer loop
      vertex -0.571681 25.4095 3.2
      vertex -0.193377 21.8101 3.2
      vertex -0.193377 25.4899 3.2
    endloop
  endfacet
  facet normal 0 0 1
    outer loop
      vertex -0.571681 25.4095 3.2
      vertex -0.571681 21.8905 3.2
      vertex -0.193377 21.8101 3.2
    endloop
  endfacet
  facet normal -0 0 1
    outer loop
      vertex -0.924999 25.2521 3.2
      vertex -0.571681 21.8905 3.2
      vertex -0.571681 25.4095 3.2
    endloop
  endfacet
  facet normal 0 0 1
    outer loop
      vertex -0.924999 25.2521 3.2
      vertex -0.924999 22.0479 3.2
      vertex -0.571681 21.8905 3.2
    endloop
  endfacet
  facet normal -0 0 1
    outer loop
      vertex -1.23789 25.0248 3.2
      vertex -0.924999 22.0479 3.2
      vertex -0.924999 25.2521 3.2
    endloop
  endfacet
  facet normal 0 0 1
    outer loop
      vertex -1.23789 25.0248 3.2
      vertex -1.23789 22.2752 3.2
      vertex -0.924999 22.0479 3.2
    endloop
  endfacet
  facet normal -0 0 1
    outer loop
      vertex -1.49668 24.7374 3.2
      vertex -1.23789 22.2752 3.2
      vertex -1.23789 25.0248 3.2
    endloop
  endfacet
  facet normal 0 0 1
    outer loop
      vertex -1.49668 24.7374 3.2
      vertex -1.49668 22.5626 3.2
      vertex -1.23789 22.2752 3.2
    endloop
  endfacet
  facet normal -0 0 1
    outer loop
      vertex -1.69006 24.4025 3.2
      vertex -1.49668 22.5626 3.2
      vertex -1.49668 24.7374 3.2
    endloop
  endfacet
  facet normal 0 0 1
    outer loop
      vertex -1.69006 24.4025 3.2
      vertex -1.69006 22.8975 3.2
      vertex -1.49668 22.5626 3.2
    endloop
  endfacet
  facet normal -0 0 1
    outer loop
      vertex -1.80957 24.0346 3.2
      vertex -1.69006 22.8975 3.2
      vertex -1.69006 24.4025 3.2
    endloop
  endfacet
  facet normal 0 0 1
    outer loop
      vertex -1.80957 24.0346 3.2
      vertex -1.80957 23.2654 3.2
      vertex -1.69006 22.8975 3.2
    endloop
  endfacet
  facet normal 0 -0 1
    outer loop
      vertex -1.80957 23.2654 3.2
      vertex -1.80957 24.0346 3.2
      vertex -1.85 23.65 3.2
    endloop
  endfacet
  facet normal -0.951078 0.308952 0
    outer loop
      vertex -1.80957 24.0346 2.5
      vertex -1.69006 24.4025 3.2
      vertex -1.69006 24.4025 2.5
    endloop
  endfacet
  facet normal -0.951078 0.308952 0
    outer loop
      vertex -1.69006 24.4025 3.2
      vertex -1.80957 24.0346 2.5
      vertex -1.80957 24.0346 3.2
    endloop
  endfacet
  facet normal -0.743127 0.66915 0
    outer loop
      vertex -1.49668 24.7374 2.5
      vertex -1.23789 25.0248 3.2
      vertex -1.23789 25.0248 2.5
    endloop
  endfacet
  facet normal -0.743127 0.66915 0
    outer loop
      vertex -1.23789 25.0248 3.2
      vertex -1.49668 24.7374 2.5
      vertex -1.49668 24.7374 3.2
    endloop
  endfacet
  facet normal 0.406937 -0.913456 0
    outer loop
      vertex 0.571681 21.8905 2.5
      vertex 0.924999 22.0479 3.2
      vertex 0.571681 21.8905 3.2
    endloop
  endfacet
  facet normal 0.406937 -0.913456 0
    outer loop
      vertex 0.924999 22.0479 3.2
      vertex 0.571681 21.8905 2.5
      vertex 0.924999 22.0479 2.5
    endloop
  endfacet
  facet normal -0.99452 0.104546 0
    outer loop
      vertex -1.85 23.65 2.5
      vertex -1.80957 24.0346 3.2
      vertex -1.80957 24.0346 2.5
    endloop
  endfacet
  facet normal -0.99452 0.104546 0
    outer loop
      vertex -1.80957 24.0346 3.2
      vertex -1.85 23.65 2.5
      vertex -1.85 23.65 3.2
    endloop
  endfacet
  facet normal -0.587737 0.809052 0
    outer loop
      vertex -0.924999 25.2521 2.5
      vertex -1.23789 25.0248 3.2
      vertex -0.924999 25.2521 3.2
    endloop
  endfacet
  facet normal -0.587737 0.809052 0
    outer loop
      vertex -1.23789 25.0248 3.2
      vertex -0.924999 25.2521 2.5
      vertex -1.23789 25.0248 2.5
    endloop
  endfacet
  facet normal -0.406937 -0.913456 0
    outer loop
      vertex -0.924999 22.0479 2.5
      vertex -0.571681 21.8905 3.2
      vertex -0.924999 22.0479 3.2
    endloop
  endfacet
  facet normal -0.406937 -0.913456 -0
    outer loop
      vertex -0.571681 21.8905 3.2
      vertex -0.924999 22.0479 2.5
      vertex -0.571681 21.8905 2.5
    endloop
  endfacet
  facet normal -0.406937 0.913456 0
    outer loop
      vertex -0.571681 25.4095 2.5
      vertex -0.924999 25.2521 3.2
      vertex -0.571681 25.4095 3.2
    endloop
  endfacet
  facet normal -0.406937 0.913456 0
    outer loop
      vertex -0.924999 25.2521 3.2
      vertex -0.571681 25.4095 2.5
      vertex -0.924999 25.2521 2.5
    endloop
  endfacet
  facet normal 0.207884 -0.978153 0
    outer loop
      vertex 0.193377 21.8101 2.5
      vertex 0.571681 21.8905 3.2
      vertex 0.193377 21.8101 3.2
    endloop
  endfacet
  facet normal 0.207884 -0.978153 0
    outer loop
      vertex 0.571681 21.8905 3.2
      vertex 0.193377 21.8101 2.5
      vertex 0.571681 21.8905 2.5
    endloop
  endfacet
  facet normal 0 1 -0
    outer loop
      vertex 0.193377 25.4899 2.5
      vertex -0.193377 25.4899 3.2
      vertex 0.193377 25.4899 3.2
    endloop
  endfacet
  facet normal 0 1 0
    outer loop
      vertex -0.193377 25.4899 3.2
      vertex 0.193377 25.4899 2.5
      vertex -0.193377 25.4899 2.5
    endloop
  endfacet
  facet normal -0.99452 -0.104546 0
    outer loop
      vertex -1.80957 23.2654 2.5
      vertex -1.85 23.65 3.2
      vertex -1.85 23.65 2.5
    endloop
  endfacet
  facet normal -0.99452 -0.104546 0
    outer loop
      vertex -1.85 23.65 3.2
      vertex -1.80957 23.2654 2.5
      vertex -1.80957 23.2654 3.2
    endloop
  endfacet
  facet normal 0.865997 -0.500049 0
    outer loop
      vertex 1.49668 22.5626 3.2
      vertex 1.69006 22.8975 2.5
      vertex 1.69006 22.8975 3.2
    endloop
  endfacet
  facet normal 0.865997 -0.500049 0
    outer loop
      vertex 1.69006 22.8975 2.5
      vertex 1.49668 22.5626 3.2
      vertex 1.49668 22.5626 2.5
    endloop
  endfacet
  facet normal -0.865997 0.500049 0
    outer loop
      vertex -1.69006 24.4025 2.5
      vertex -1.49668 24.7374 3.2
      vertex -1.49668 24.7374 2.5
    endloop
  endfacet
  facet normal -0.865997 0.500049 0
    outer loop
      vertex -1.49668 24.7374 3.2
      vertex -1.69006 24.4025 2.5
      vertex -1.69006 24.4025 3.2
    endloop
  endfacet
  facet normal 0.587737 0.809052 -0
    outer loop
      vertex 1.23789 25.0248 2.5
      vertex 0.924999 25.2521 3.2
      vertex 1.23789 25.0248 3.2
    endloop
  endfacet
  facet normal 0.587737 0.809052 0
    outer loop
      vertex 0.924999 25.2521 3.2
      vertex 1.23789 25.0248 2.5
      vertex 0.924999 25.2521 2.5
    endloop
  endfacet
  facet normal -0.207884 -0.978153 0
    outer loop
      vertex -0.571681 21.8905 2.5
      vertex -0.193377 21.8101 3.2
      vertex -0.571681 21.8905 3.2
    endloop
  endfacet
  facet normal -0.207884 -0.978153 -0
    outer loop
      vertex -0.193377 21.8101 3.2
      vertex -0.571681 21.8905 2.5
      vertex -0.193377 21.8101 2.5
    endloop
  endfacet
  facet normal 0.406937 0.913456 -0
    outer loop
      vertex 0.924999 25.2521 2.5
      vertex 0.571681 25.4095 3.2
      vertex 0.924999 25.2521 3.2
    endloop
  endfacet
  facet normal 0.406937 0.913456 0
    outer loop
      vertex 0.571681 25.4095 3.2
      vertex 0.924999 25.2521 2.5
      vertex 0.571681 25.4095 2.5
    endloop
  endfacet
  facet normal -0.865997 -0.500049 0
    outer loop
      vertex -1.49668 22.5626 2.5
      vertex -1.69006 22.8975 3.2
      vertex -1.69006 22.8975 2.5
    endloop
  endfacet
  facet normal -0.865997 -0.500049 0
    outer loop
      vertex -1.69006 22.8975 3.2
      vertex -1.49668 22.5626 2.5
      vertex -1.49668 22.5626 3.2
    endloop
  endfacet
  facet normal -0.587737 -0.809052 0
    outer loop
      vertex -1.23789 22.2752 2.5
      vertex -0.924999 22.0479 3.2
      vertex -1.23789 22.2752 3.2
    endloop
  endfacet
  facet normal -0.587737 -0.809052 -0
    outer loop
      vertex -0.924999 22.0479 3.2
      vertex -1.23789 22.2752 2.5
      vertex -0.924999 22.0479 2.5
    endloop
  endfacet
  facet normal 0 -1 0
    outer loop
      vertex -0.193377 21.8101 2.5
      vertex 0.193377 21.8101 3.2
      vertex -0.193377 21.8101 3.2
    endloop
  endfacet
  facet normal 0 -1 -0
    outer loop
      vertex 0.193377 21.8101 3.2
      vertex -0.193377 21.8101 2.5
      vertex 0.193377 21.8101 2.5
    endloop
  endfacet
  facet normal 0.587737 -0.809052 0
    outer loop
      vertex 0.924999 22.0479 2.5
      vertex 1.23789 22.2752 3.2
      vertex 0.924999 22.0479 3.2
    endloop
  endfacet
  facet normal 0.587737 -0.809052 0
    outer loop
      vertex 1.23789 22.2752 3.2
      vertex 0.924999 22.0479 2.5
      vertex 1.23789 22.2752 2.5
    endloop
  endfacet
  facet normal 0.743127 -0.66915 0
    outer loop
      vertex 1.23789 22.2752 3.2
      vertex 1.49668 22.5626 2.5
      vertex 1.49668 22.5626 3.2
    endloop
  endfacet
  facet normal 0.743127 -0.66915 0
    outer loop
      vertex 1.49668 22.5626 2.5
      vertex 1.23789 22.2752 3.2
      vertex 1.23789 22.2752 2.5
    endloop
  endfacet
  facet normal 0 0 -1
    outer loop
      vertex 1.80957 23.2654 2.5
      vertex 1.80957 24.0346 2.5
      vertex 1.85 23.65 2.5
    endloop
  endfacet
  facet normal 0 0 -1
    outer loop
      vertex 1.69006 22.8975 2.5
      vertex 1.80957 24.0346 2.5
      vertex 1.80957 23.2654 2.5
    endloop
  endfacet
  facet normal 0 0 -1
    outer loop
      vertex 1.69006 22.8975 2.5
      vertex 1.69006 24.4025 2.5
      vertex 1.80957 24.0346 2.5
    endloop
  endfacet
  facet normal 0 0 -1
    outer loop
      vertex 1.49668 22.5626 2.5
      vertex 1.69006 24.4025 2.5
      vertex 1.69006 22.8975 2.5
    endloop
  endfacet
  facet normal 0 0 -1
    outer loop
      vertex 1.49668 22.5626 2.5
      vertex 1.49668 24.7374 2.5
      vertex 1.69006 24.4025 2.5
    endloop
  endfacet
  facet normal 0 0 -1
    outer loop
      vertex 1.23789 22.2752 2.5
      vertex 1.49668 24.7374 2.5
      vertex 1.49668 22.5626 2.5
    endloop
  endfacet
  facet normal 0 0 -1
    outer loop
      vertex 1.23789 22.2752 2.5
      vertex 1.23789 25.0248 2.5
      vertex 1.49668 24.7374 2.5
    endloop
  endfacet
  facet normal 0 0 -1
    outer loop
      vertex 0.924999 22.0479 2.5
      vertex 1.23789 25.0248 2.5
      vertex 1.23789 22.2752 2.5
    endloop
  endfacet
  facet normal 0 0 -1
    outer loop
      vertex 0.924999 22.0479 2.5
      vertex 0.924999 25.2521 2.5
      vertex 1.23789 25.0248 2.5
    endloop
  endfacet
  facet normal 0 0 -1
    outer loop
      vertex 0.571681 21.8905 2.5
      vertex 0.924999 25.2521 2.5
      vertex 0.924999 22.0479 2.5
    endloop
  endfacet
  facet normal 0 0 -1
    outer loop
      vertex 0.571681 21.8905 2.5
      vertex 0.571681 25.4095 2.5
      vertex 0.924999 25.2521 2.5
    endloop
  endfacet
  facet normal 0 0 -1
    outer loop
      vertex 0.193377 21.8101 2.5
      vertex 0.571681 25.4095 2.5
      vertex 0.571681 21.8905 2.5
    endloop
  endfacet
  facet normal 0 0 -1
    outer loop
      vertex 0.193377 21.8101 2.5
      vertex 0.193377 25.4899 2.5
      vertex 0.571681 25.4095 2.5
    endloop
  endfacet
  facet normal 0 0 -1
    outer loop
      vertex -0.193377 21.8101 2.5
      vertex 0.193377 25.4899 2.5
      vertex 0.193377 21.8101 2.5
    endloop
  endfacet
  facet normal 0 0 -1
    outer loop
      vertex -0.193377 21.8101 2.5
      vertex -0.193377 25.4899 2.5
      vertex 0.193377 25.4899 2.5
    endloop
  endfacet
  facet normal 0 0 -1
    outer loop
      vertex -0.571681 21.8905 2.5
      vertex -0.193377 25.4899 2.5
      vertex -0.193377 21.8101 2.5
    endloop
  endfacet
  facet normal 0 0 -1
    outer loop
      vertex -0.571681 21.8905 2.5
      vertex -0.571681 25.4095 2.5
      vertex -0.193377 25.4899 2.5
    endloop
  endfacet
  facet normal 0 0 -1
    outer loop
      vertex -0.924999 22.0479 2.5
      vertex -0.571681 25.4095 2.5
      vertex -0.571681 21.8905 2.5
    endloop
  endfacet
  facet normal 0 0 -1
    outer loop
      vertex -0.924999 22.0479 2.5
      vertex -0.924999 25.2521 2.5
      vertex -0.571681 25.4095 2.5
    endloop
  endfacet
  facet normal 0 0 -1
    outer loop
      vertex -1.23789 22.2752 2.5
      vertex -0.924999 25.2521 2.5
      vertex -0.924999 22.0479 2.5
    endloop
  endfacet
  facet normal 0 0 -1
    outer loop
      vertex -1.23789 22.2752 2.5
      vertex -1.23789 25.0248 2.5
      vertex -0.924999 25.2521 2.5
    endloop
  endfacet
  facet normal 0 0 -1
    outer loop
      vertex -1.49668 22.5626 2.5
      vertex -1.23789 25.0248 2.5
      vertex -1.23789 22.2752 2.5
    endloop
  endfacet
  facet normal 0 0 -1
    outer loop
      vertex -1.49668 22.5626 2.5
      vertex -1.49668 24.7374 2.5
      vertex -1.23789 25.0248 2.5
    endloop
  endfacet
  facet normal 0 0 -1
    outer loop
      vertex -1.69006 22.8975 2.5
      vertex -1.49668 24.7374 2.5
      vertex -1.49668 22.5626 2.5
    endloop
  endfacet
  facet normal 0 0 -1
    outer loop
      vertex -1.69006 22.8975 2.5
      vertex -1.69006 24.4025 2.5
      vertex -1.49668 24.7374 2.5
    endloop
  endfacet
  facet normal 0 0 -1
    outer loop
      vertex -1.80957 23.2654 2.5
      vertex -1.69006 24.4025 2.5
      vertex -1.69006 22.8975 2.5
    endloop
  endfacet
  facet normal 0 0 -1
    outer loop
      vertex -1.80957 23.2654 2.5
      vertex -1.80957 24.0346 2.5
      vertex -1.69006 24.4025 2.5
    endloop
  endfacet
  facet normal 0 -0 -1
    outer loop
      vertex -1.80957 24.0346 2.5
      vertex -1.80957 23.2654 2.5
      vertex -1.85 23.65 2.5
    endloop
  endfacet
  facet normal 0.951078 -0.308952 0
    outer loop
      vertex 6.69006 22.8975 3.2
      vertex 6.80957 23.2654 2.5
      vertex 6.80957 23.2654 3.2
    endloop
  endfacet
  facet normal 0.951078 -0.308952 0
    outer loop
      vertex 6.80957 23.2654 2.5
      vertex 6.69006 22.8975 3.2
      vertex 6.69006 22.8975 2.5
    endloop
  endfacet
  facet normal 0.951078 0.308952 0
    outer loop
      vertex 6.80957 24.0346 3.2
      vertex 6.69006 24.4025 2.5
      vertex 6.69006 24.4025 3.2
    endloop
  endfacet
  facet normal 0.951078 0.308952 0
    outer loop
      vertex 6.69006 24.4025 2.5
      vertex 6.80957 24.0346 3.2
      vertex 6.80957 24.0346 2.5
    endloop
  endfacet
  facet normal 0.99452 0.104546 0
    outer loop
      vertex 6.85 23.65 3.2
      vertex 6.80957 24.0346 2.5
      vertex 6.80957 24.0346 3.2
    endloop
  endfacet
  facet normal 0.99452 0.104546 0
    outer loop
      vertex 6.80957 24.0346 2.5
      vertex 6.85 23.65 3.2
      vertex 6.85 23.65 2.5
    endloop
  endfacet
  facet normal 0.865997 0.500049 0
    outer loop
      vertex 6.69006 24.4025 3.2
      vertex 6.49668 24.7374 2.5
      vertex 6.49668 24.7374 3.2
    endloop
  endfacet
  facet normal 0.865997 0.500049 0
    outer loop
      vertex 6.49668 24.7374 2.5
      vertex 6.69006 24.4025 3.2
      vertex 6.69006 24.4025 2.5
    endloop
  endfacet
  facet normal -0.865997 0.500049 0
    outer loop
      vertex 3.30994 24.4025 2.5
      vertex 3.50332 24.7374 3.2
      vertex 3.50332 24.7374 2.5
    endloop
  endfacet
  facet normal -0.865997 0.500049 0
    outer loop
      vertex 3.50332 24.7374 3.2
      vertex 3.30994 24.4025 2.5
      vertex 3.30994 24.4025 3.2
    endloop
  endfacet
  facet normal -0.951078 -0.308952 0
    outer loop
      vertex 3.30994 22.8975 2.5
      vertex 3.19043 23.2654 3.2
      vertex 3.19043 23.2654 2.5
    endloop
  endfacet
  facet normal -0.951078 -0.308952 0
    outer loop
      vertex 3.19043 23.2654 3.2
      vertex 3.30994 22.8975 2.5
      vertex 3.30994 22.8975 3.2
    endloop
  endfacet
  facet normal 0.99452 -0.104546 0
    outer loop
      vertex 6.80957 23.2654 3.2
      vertex 6.85 23.65 2.5
      vertex 6.85 23.65 3.2
    endloop
  endfacet
  facet normal 0.99452 -0.104546 0
    outer loop
      vertex 6.85 23.65 2.5
      vertex 6.80957 23.2654 3.2
      vertex 6.80957 23.2654 2.5
    endloop
  endfacet
  facet normal 0.743127 0.66915 0
    outer loop
      vertex 6.49668 24.7374 3.2
      vertex 6.23789 25.0248 2.5
      vertex 6.23789 25.0248 3.2
    endloop
  endfacet
  facet normal 0.743127 0.66915 0
    outer loop
      vertex 6.23789 25.0248 2.5
      vertex 6.49668 24.7374 3.2
      vertex 6.49668 24.7374 2.5
    endloop
  endfacet
  facet normal -0.207887 0.978153 0
    outer loop
      vertex 4.80662 25.4899 2.5
      vertex 4.42832 25.4095 3.2
      vertex 4.80662 25.4899 3.2
    endloop
  endfacet
  facet normal -0.207887 0.978153 0
    outer loop
      vertex 4.42832 25.4095 3.2
      vertex 4.80662 25.4899 2.5
      vertex 4.42832 25.4095 2.5
    endloop
  endfacet
  facet normal -0.743127 0.66915 0
    outer loop
      vertex 3.50332 24.7374 2.5
      vertex 3.76211 25.0248 3.2
      vertex 3.76211 25.0248 2.5
    endloop
  endfacet
  facet normal -0.743127 0.66915 0
    outer loop
      vertex 3.76211 25.0248 3.2
      vertex 3.50332 24.7374 2.5
      vertex 3.50332 24.7374 3.2
    endloop
  endfacet
  facet normal -0.951078 0.308952 0
    outer loop
      vertex 3.19043 24.0346 2.5
      vertex 3.30994 24.4025 3.2
      vertex 3.30994 24.4025 2.5
    endloop
  endfacet
  facet normal -0.951078 0.308952 0
    outer loop
      vertex 3.30994 24.4025 3.2
      vertex 3.19043 24.0346 2.5
      vertex 3.19043 24.0346 3.2
    endloop
  endfacet
  facet normal -0.587738 0.809051 0
    outer loop
      vertex 4.075 25.2521 2.5
      vertex 3.76211 25.0248 3.2
      vertex 4.075 25.2521 3.2
    endloop
  endfacet
  facet normal -0.587738 0.809051 0
    outer loop
      vertex 3.76211 25.0248 3.2
      vertex 4.075 25.2521 2.5
      vertex 3.76211 25.0248 2.5
    endloop
  endfacet
  facet normal -0.406935 -0.913457 0
    outer loop
      vertex 4.075 22.0479 2.5
      vertex 4.42832 21.8905 3.2
      vertex 4.075 22.0479 3.2
    endloop
  endfacet
  facet normal -0.406935 -0.913457 -0
    outer loop
      vertex 4.42832 21.8905 3.2
      vertex 4.075 22.0479 2.5
      vertex 4.42832 21.8905 2.5
    endloop
  endfacet
  facet normal -0.406935 0.913457 0
    outer loop
      vertex 4.42832 25.4095 2.5
      vertex 4.075 25.2521 3.2
      vertex 4.42832 25.4095 3.2
    endloop
  endfacet
  facet normal -0.406935 0.913457 0
    outer loop
      vertex 4.075 25.2521 3.2
      vertex 4.42832 25.4095 2.5
      vertex 4.075 25.2521 2.5
    endloop
  endfacet
  facet normal 0.207887 0.978153 -0
    outer loop
      vertex 5.57168 25.4095 2.5
      vertex 5.19338 25.4899 3.2
      vertex 5.57168 25.4095 3.2
    endloop
  endfacet
  facet normal 0.207887 0.978153 0
    outer loop
      vertex 5.19338 25.4899 3.2
      vertex 5.57168 25.4095 2.5
      vertex 5.19338 25.4899 2.5
    endloop
  endfacet
  facet normal -0.99452 0.104546 0
    outer loop
      vertex 3.15 23.65 2.5
      vertex 3.19043 24.0346 3.2
      vertex 3.19043 24.0346 2.5
    endloop
  endfacet
  facet normal -0.99452 0.104546 0
    outer loop
      vertex 3.19043 24.0346 3.2
      vertex 3.15 23.65 2.5
      vertex 3.15 23.65 3.2
    endloop
  endfacet
  facet normal -0.865997 -0.500049 0
    outer loop
      vertex 3.50332 22.5626 2.5
      vertex 3.30994 22.8975 3.2
      vertex 3.30994 22.8975 2.5
    endloop
  endfacet
  facet normal -0.865997 -0.500049 0
    outer loop
      vertex 3.30994 22.8975 3.2
      vertex 3.50332 22.5626 2.5
      vertex 3.50332 22.5626 3.2
    endloop
  endfacet
  facet normal -0.99452 -0.104546 0
    outer loop
      vertex 3.19043 23.2654 2.5
      vertex 3.15 23.65 3.2
      vertex 3.15 23.65 2.5
    endloop
  endfacet
  facet normal -0.99452 -0.104546 0
    outer loop
      vertex 3.15 23.65 3.2
      vertex 3.19043 23.2654 2.5
      vertex 3.19043 23.2654 3.2
    endloop
  endfacet
  facet normal -0.743127 -0.66915 0
    outer loop
      vertex 3.76211 22.2752 2.5
      vertex 3.50332 22.5626 3.2
      vertex 3.50332 22.5626 2.5
    endloop
  endfacet
  facet normal -0.743127 -0.66915 0
    outer loop
      vertex 3.50332 22.5626 3.2
      vertex 3.76211 22.2752 2.5
      vertex 3.76211 22.2752 3.2
    endloop
  endfacet
  facet normal 0 1 -0
    outer loop
      vertex 5.19338 25.4899 2.5
      vertex 4.80662 25.4899 3.2
      vertex 5.19338 25.4899 3.2
    endloop
  endfacet
  facet normal 0 1 0
    outer loop
      vertex 4.80662 25.4899 3.2
      vertex 5.19338 25.4899 2.5
      vertex 4.80662 25.4899 2.5
    endloop
  endfacet
  facet normal 0.865997 -0.500049 0
    outer loop
      vertex 6.49668 22.5626 3.2
      vertex 6.69006 22.8975 2.5
      vertex 6.69006 22.8975 3.2
    endloop
  endfacet
  facet normal 0.865997 -0.500049 0
    outer loop
      vertex 6.69006 22.8975 2.5
      vertex 6.49668 22.5626 3.2
      vertex 6.49668 22.5626 2.5
    endloop
  endfacet
  facet normal 0.587738 0.809051 -0
    outer loop
      vertex 6.23789 25.0248 2.5
      vertex 5.925 25.2521 3.2
      vertex 6.23789 25.0248 3.2
    endloop
  endfacet
  facet normal 0.587738 0.809051 0
    outer loop
      vertex 5.925 25.2521 3.2
      vertex 6.23789 25.0248 2.5
      vertex 5.925 25.2521 2.5
    endloop
  endfacet
  facet normal 0.406935 0.913457 -0
    outer loop
      vertex 5.925 25.2521 2.5
      vertex 5.57168 25.4095 3.2
      vertex 5.925 25.2521 3.2
    endloop
  endfacet
  facet normal 0.406935 0.913457 0
    outer loop
      vertex 5.57168 25.4095 3.2
      vertex 5.925 25.2521 2.5
      vertex 5.57168 25.4095 2.5
    endloop
  endfacet
  facet normal -0.207887 -0.978153 0
    outer loop
      vertex 4.42832 21.8905 2.5
      vertex 4.80662 21.8101 3.2
      vertex 4.42832 21.8905 3.2
    endloop
  endfacet
  facet normal -0.207887 -0.978153 -0
    outer loop
      vertex 4.80662 21.8101 3.2
      vertex 4.42832 21.8905 2.5
      vertex 4.80662 21.8101 2.5
    endloop
  endfacet
  facet normal -0.587738 -0.809051 0
    outer loop
      vertex 3.76211 22.2752 2.5
      vertex 4.075 22.0479 3.2
      vertex 3.76211 22.2752 3.2
    endloop
  endfacet
  facet normal -0.587738 -0.809051 -0
    outer loop
      vertex 4.075 22.0479 3.2
      vertex 3.76211 22.2752 2.5
      vertex 4.075 22.0479 2.5
    endloop
  endfacet
  facet normal 0 -1 0
    outer loop
      vertex 4.80662 21.8101 2.5
      vertex 5.19338 21.8101 3.2
      vertex 4.80662 21.8101 3.2
    endloop
  endfacet
  facet normal 0 -1 -0
    outer loop
      vertex 5.19338 21.8101 3.2
      vertex 4.80662 21.8101 2.5
      vertex 5.19338 21.8101 2.5
    endloop
  endfacet
  facet normal 0 0 1
    outer loop
      vertex 6.80957 24.0346 3.2
      vertex 6.80957 23.2654 3.2
      vertex 6.85 23.65 3.2
    endloop
  endfacet
  facet normal 0 0 1
    outer loop
      vertex 6.69006 24.4025 3.2
      vertex 6.80957 23.2654 3.2
      vertex 6.80957 24.0346 3.2
    endloop
  endfacet
  facet normal 0 0 1
    outer loop
      vertex 6.69006 24.4025 3.2
      vertex 6.69006 22.8975 3.2
      vertex 6.80957 23.2654 3.2
    endloop
  endfacet
  facet normal 0 0 1
    outer loop
      vertex 6.49668 24.7374 3.2
      vertex 6.69006 22.8975 3.2
      vertex 6.69006 24.4025 3.2
    endloop
  endfacet
  facet normal 0 0 1
    outer loop
      vertex 6.49668 24.7374 3.2
      vertex 6.49668 22.5626 3.2
      vertex 6.69006 22.8975 3.2
    endloop
  endfacet
  facet normal 0 0 1
    outer loop
      vertex 6.23789 25.0248 3.2
      vertex 6.49668 22.5626 3.2
      vertex 6.49668 24.7374 3.2
    endloop
  endfacet
  facet normal 0 0 1
    outer loop
      vertex 6.23789 25.0248 3.2
      vertex 6.23789 22.2752 3.2
      vertex 6.49668 22.5626 3.2
    endloop
  endfacet
  facet normal 0 0 1
    outer loop
      vertex 5.925 25.2521 3.2
      vertex 6.23789 22.2752 3.2
      vertex 6.23789 25.0248 3.2
    endloop
  endfacet
  facet normal 0 0 1
    outer loop
      vertex 5.925 25.2521 3.2
      vertex 5.925 22.0479 3.2
      vertex 6.23789 22.2752 3.2
    endloop
  endfacet
  facet normal 0 0 1
    outer loop
      vertex 5.57168 25.4095 3.2
      vertex 5.925 22.0479 3.2
      vertex 5.925 25.2521 3.2
    endloop
  endfacet
  facet normal 0 0 1
    outer loop
      vertex 5.57168 25.4095 3.2
      vertex 5.57168 21.8905 3.2
      vertex 5.925 22.0479 3.2
    endloop
  endfacet
  facet normal 0 0 1
    outer loop
      vertex 5.19338 25.4899 3.2
      vertex 5.57168 21.8905 3.2
      vertex 5.57168 25.4095 3.2
    endloop
  endfacet
  facet normal 0 0 1
    outer loop
      vertex 5.19338 25.4899 3.2
      vertex 5.19338 21.8101 3.2
      vertex 5.57168 21.8905 3.2
    endloop
  endfacet
  facet normal -0 0 1
    outer loop
      vertex 4.80662 25.4899 3.2
      vertex 5.19338 21.8101 3.2
      vertex 5.19338 25.4899 3.2
    endloop
  endfacet
  facet normal 0 0 1
    outer loop
      vertex 4.80662 25.4899 3.2
      vertex 4.80662 21.8101 3.2
      vertex 5.19338 21.8101 3.2
    endloop
  endfacet
  facet normal -0 0 1
    outer loop
      vertex 4.42832 25.4095 3.2
      vertex 4.80662 21.8101 3.2
      vertex 4.80662 25.4899 3.2
    endloop
  endfacet
  facet normal 0 0 1
    outer loop
      vertex 4.42832 25.4095 3.2
      vertex 4.42832 21.8905 3.2
      vertex 4.80662 21.8101 3.2
    endloop
  endfacet
  facet normal -0 0 1
    outer loop
      vertex 4.075 25.2521 3.2
      vertex 4.42832 21.8905 3.2
      vertex 4.42832 25.4095 3.2
    endloop
  endfacet
  facet normal 0 0 1
    outer loop
      vertex 4.075 25.2521 3.2
      vertex 4.075 22.0479 3.2
      vertex 4.42832 21.8905 3.2
    endloop
  endfacet
  facet normal -0 0 1
    outer loop
      vertex 3.76211 25.0248 3.2
      vertex 4.075 22.0479 3.2
      vertex 4.075 25.2521 3.2
    endloop
  endfacet
  facet normal 0 0 1
    outer loop
      vertex 3.76211 25.0248 3.2
      vertex 3.76211 22.2752 3.2
      vertex 4.075 22.0479 3.2
    endloop
  endfacet
  facet normal -0 0 1
    outer loop
      vertex 3.50332 24.7374 3.2
      vertex 3.76211 22.2752 3.2
      vertex 3.76211 25.0248 3.2
    endloop
  endfacet
  facet normal 0 0 1
    outer loop
      vertex 3.50332 24.7374 3.2
      vertex 3.50332 22.5626 3.2
      vertex 3.76211 22.2752 3.2
    endloop
  endfacet
  facet normal -0 0 1
    outer loop
      vertex 3.30994 24.4025 3.2
      vertex 3.50332 22.5626 3.2
      vertex 3.50332 24.7374 3.2
    endloop
  endfacet
  facet normal 0 0 1
    outer loop
      vertex 3.30994 24.4025 3.2
      vertex 3.30994 22.8975 3.2
      vertex 3.50332 22.5626 3.2
    endloop
  endfacet
  facet normal -0 0 1
    outer loop
      vertex 3.19043 24.0346 3.2
      vertex 3.30994 22.8975 3.2
      vertex 3.30994 24.4025 3.2
    endloop
  endfacet
  facet normal 0 0 1
    outer loop
      vertex 3.19043 24.0346 3.2
      vertex 3.19043 23.2654 3.2
      vertex 3.30994 22.8975 3.2
    endloop
  endfacet
  facet normal 0 -0 1
    outer loop
      vertex 3.19043 23.2654 3.2
      vertex 3.19043 24.0346 3.2
      vertex 3.15 23.65 3.2
    endloop
  endfacet
  facet normal 0.587738 -0.809051 0
    outer loop
      vertex 5.925 22.0479 2.5
      vertex 6.23789 22.2752 3.2
      vertex 5.925 22.0479 3.2
    endloop
  endfacet
  facet normal 0.587738 -0.809051 0
    outer loop
      vertex 6.23789 22.2752 3.2
      vertex 5.925 22.0479 2.5
      vertex 6.23789 22.2752 2.5
    endloop
  endfacet
  facet normal 0.743127 -0.66915 0
    outer loop
      vertex 6.23789 22.2752 3.2
      vertex 6.49668 22.5626 2.5
      vertex 6.49668 22.5626 3.2
    endloop
  endfacet
  facet normal 0.743127 -0.66915 0
    outer loop
      vertex 6.49668 22.5626 2.5
      vertex 6.23789 22.2752 3.2
      vertex 6.23789 22.2752 2.5
    endloop
  endfacet
  facet normal 0.207887 -0.978153 0
    outer loop
      vertex 5.19338 21.8101 2.5
      vertex 5.57168 21.8905 3.2
      vertex 5.19338 21.8101 3.2
    endloop
  endfacet
  facet normal 0.207887 -0.978153 0
    outer loop
      vertex 5.57168 21.8905 3.2
      vertex 5.19338 21.8101 2.5
      vertex 5.57168 21.8905 2.5
    endloop
  endfacet
  facet normal 0.406935 -0.913457 0
    outer loop
      vertex 5.57168 21.8905 2.5
      vertex 5.925 22.0479 3.2
      vertex 5.57168 21.8905 3.2
    endloop
  endfacet
  facet normal 0.406935 -0.913457 0
    outer loop
      vertex 5.925 22.0479 3.2
      vertex 5.57168 21.8905 2.5
      vertex 5.925 22.0479 2.5
    endloop
  endfacet
  facet normal 0 0 -1
    outer loop
      vertex 6.80957 23.2654 2.5
      vertex 6.80957 24.0346 2.5
      vertex 6.85 23.65 2.5
    endloop
  endfacet
  facet normal 0 0 -1
    outer loop
      vertex 6.69006 22.8975 2.5
      vertex 6.80957 24.0346 2.5
      vertex 6.80957 23.2654 2.5
    endloop
  endfacet
  facet normal 0 0 -1
    outer loop
      vertex 6.69006 22.8975 2.5
      vertex 6.69006 24.4025 2.5
      vertex 6.80957 24.0346 2.5
    endloop
  endfacet
  facet normal 0 0 -1
    outer loop
      vertex 6.49668 22.5626 2.5
      vertex 6.69006 24.4025 2.5
      vertex 6.69006 22.8975 2.5
    endloop
  endfacet
  facet normal 0 0 -1
    outer loop
      vertex 6.49668 22.5626 2.5
      vertex 6.49668 24.7374 2.5
      vertex 6.69006 24.4025 2.5
    endloop
  endfacet
  facet normal 0 0 -1
    outer loop
      vertex 6.23789 22.2752 2.5
      vertex 6.49668 24.7374 2.5
      vertex 6.49668 22.5626 2.5
    endloop
  endfacet
  facet normal 0 0 -1
    outer loop
      vertex 6.23789 22.2752 2.5
      vertex 6.23789 25.0248 2.5
      vertex 6.49668 24.7374 2.5
    endloop
  endfacet
  facet normal 0 0 -1
    outer loop
      vertex 5.925 22.0479 2.5
      vertex 6.23789 25.0248 2.5
      vertex 6.23789 22.2752 2.5
    endloop
  endfacet
  facet normal 0 0 -1
    outer loop
      vertex 5.925 22.0479 2.5
      vertex 5.925 25.2521 2.5
      vertex 6.23789 25.0248 2.5
    endloop
  endfacet
  facet normal 0 0 -1
    outer loop
      vertex 5.57168 21.8905 2.5
      vertex 5.925 25.2521 2.5
      vertex 5.925 22.0479 2.5
    endloop
  endfacet
  facet normal 0 0 -1
    outer loop
      vertex 5.57168 21.8905 2.5
      vertex 5.57168 25.4095 2.5
      vertex 5.925 25.2521 2.5
    endloop
  endfacet
  facet normal 0 0 -1
    outer loop
      vertex 5.19338 21.8101 2.5
      vertex 5.57168 25.4095 2.5
      vertex 5.57168 21.8905 2.5
    endloop
  endfacet
  facet normal 0 0 -1
    outer loop
      vertex 5.19338 21.8101 2.5
      vertex 5.19338 25.4899 2.5
      vertex 5.57168 25.4095 2.5
    endloop
  endfacet
  facet normal 0 0 -1
    outer loop
      vertex 4.80662 21.8101 2.5
      vertex 5.19338 25.4899 2.5
      vertex 5.19338 21.8101 2.5
    endloop
  endfacet
  facet normal 0 0 -1
    outer loop
      vertex 4.80662 21.8101 2.5
      vertex 4.80662 25.4899 2.5
      vertex 5.19338 25.4899 2.5
    endloop
  endfacet
  facet normal 0 0 -1
    outer loop
      vertex 4.42832 21.8905 2.5
      vertex 4.80662 25.4899 2.5
      vertex 4.80662 21.8101 2.5
    endloop
  endfacet
  facet normal 0 0 -1
    outer loop
      vertex 4.42832 21.8905 2.5
      vertex 4.42832 25.4095 2.5
      vertex 4.80662 25.4899 2.5
    endloop
  endfacet
  facet normal 0 0 -1
    outer loop
      vertex 4.075 22.0479 2.5
      vertex 4.42832 25.4095 2.5
      vertex 4.42832 21.8905 2.5
    endloop
  endfacet
  facet normal 0 0 -1
    outer loop
      vertex 4.075 22.0479 2.5
      vertex 4.075 25.2521 2.5
      vertex 4.42832 25.4095 2.5
    endloop
  endfacet
  facet normal 0 0 -1
    outer loop
      vertex 3.76211 22.2752 2.5
      vertex 4.075 25.2521 2.5
      vertex 4.075 22.0479 2.5
    endloop
  endfacet
  facet normal 0 0 -1
    outer loop
      vertex 3.76211 22.2752 2.5
      vertex 3.76211 25.0248 2.5
      vertex 4.075 25.2521 2.5
    endloop
  endfacet
  facet normal 0 0 -1
    outer loop
      vertex 3.50332 22.5626 2.5
      vertex 3.76211 25.0248 2.5
      vertex 3.76211 22.2752 2.5
    endloop
  endfacet
  facet normal 0 0 -1
    outer loop
      vertex 3.50332 22.5626 2.5
      vertex 3.50332 24.7374 2.5
      vertex 3.76211 25.0248 2.5
    endloop
  endfacet
  facet normal 0 0 -1
    outer loop
      vertex 3.30994 22.8975 2.5
      vertex 3.50332 24.7374 2.5
      vertex 3.50332 22.5626 2.5
    endloop
  endfacet
  facet normal 0 0 -1
    outer loop
      vertex 3.30994 22.8975 2.5
      vertex 3.30994 24.4025 2.5
      vertex 3.50332 24.7374 2.5
    endloop
  endfacet
  facet normal 0 0 -1
    outer loop
      vertex 3.19043 23.2654 2.5
      vertex 3.30994 24.4025 2.5
      vertex 3.30994 22.8975 2.5
    endloop
  endfacet
  facet normal 0 0 -1
    outer loop
      vertex 3.19043 23.2654 2.5
      vertex 3.19043 24.0346 2.5
      vertex 3.30994 24.4025 2.5
    endloop
  endfacet
  facet normal 0 -0 -1
    outer loop
      vertex 3.19043 24.0346 2.5
      vertex 3.19043 23.2654 2.5
      vertex 3.15 23.65 2.5
    endloop
  endfacet
  facet normal -0 0 1
    outer loop
      vertex -9 8.91 2.5
      vertex 9 8.9 2.5
      vertex 9 8.91 2.5
    endloop
  endfacet
  facet normal 0 0 1
    outer loop
      vertex 9 8.9 2.5
      vertex -9 8.91 2.5
      vertex -9 8.9 2.5
    endloop
  endfacet
  facet normal 0 0 -1
    outer loop
      vertex 4.17699 8.9 -2.5
      vertex 9 8.91 -2.5
      vertex 9 8.9 -2.5
    endloop
  endfacet
  facet normal -0 0 -1
    outer loop
      vertex 9 8.91 -2.5
      vertex 4.17699 8.9 -2.5
      vertex 4.17699 8.91 -2.5
    endloop
  endfacet
  facet normal 0 0 -1
    outer loop
      vertex -9 8.9 -2.5
      vertex -4.17699 8.91 -2.5
      vertex -4.17699 8.9 -2.5
    endloop
  endfacet
  facet normal -0 0 -1
    outer loop
      vertex -4.17699 8.91 -2.5
      vertex -9 8.9 -2.5
      vertex -9 8.91 -2.5
    endloop
  endfacet
  facet normal 0 0 1
    outer loop
      vertex 8.41014 25.4445 2.5
      vertex 7.97487 25.9749 2.5
      vertex 9 8.91 2.5
    endloop
  endfacet
  facet normal -0 0 1
    outer loop
      vertex -8.41014 25.4445 2.5
      vertex -9 8.91 2.5
      vertex -7.97487 25.9749 2.5
    endloop
  endfacet
  facet normal -0 0 1
    outer loop
      vertex -5.5 27 2.5
      vertex 9 8.91 2.5
      vertex 5.5 27 2.5
    endloop
  endfacet
  facet normal 0 0 1
    outer loop
      vertex 9 8.91 2.5
      vertex -5.5 27 2.5
      vertex -9 8.91 2.5
    endloop
  endfacet
  facet normal 0.995185 0.0980172 0
    outer loop
      vertex 9 23.5 2.5
      vertex 8.93275 24.1828 -2.5
      vertex 8.93275 24.1828 2.5
    endloop
  endfacet
  facet normal 0.995185 0.0980172 0
    outer loop
      vertex 8.93275 24.1828 -2.5
      vertex 9 23.5 2.5
      vertex 9 23.5 -2.5
    endloop
  endfacet
  facet normal 0 0 -1
    outer loop
      vertex -8.41014 25.4445 -2.5
      vertex -9 8.91 -2.5
      vertex -8.73358 24.8394 -2.5
    endloop
  endfacet
  facet normal 0 0 1
    outer loop
      vertex 6.18282 26.9327 2.5
      vertex 5.5 27 2.5
      vertex 9 8.91 2.5
    endloop
  endfacet
  facet normal 0.290193 0.956968 -0
    outer loop
      vertex 6.83939 26.7336 -2.5
      vertex 6.18282 26.9327 2.5
      vertex 6.83939 26.7336 2.5
    endloop
  endfacet
  facet normal 0.290193 0.956968 0
    outer loop
      vertex 6.18282 26.9327 2.5
      vertex 6.83939 26.7336 -2.5
      vertex 6.18282 26.9327 -2.5
    endloop
  endfacet
  facet normal 0 0 -1
    outer loop
      vertex -5.5 27 -2.5
      vertex -9 8.91 -2.5
      vertex -6.18282 26.9327 -2.5
    endloop
  endfacet
  facet normal -0 0 1
    outer loop
      vertex -6.18282 26.9327 2.5
      vertex -9 8.91 2.5
      vertex -5.5 27 2.5
    endloop
  endfacet
  facet normal -0.881917 0.471405 0
    outer loop
      vertex -8.73358 24.8394 -2.5
      vertex -8.41014 25.4445 2.5
      vertex -8.41014 25.4445 -2.5
    endloop
  endfacet
  facet normal -0.881917 0.471405 0
    outer loop
      vertex -8.41014 25.4445 2.5
      vertex -8.73358 24.8394 -2.5
      vertex -8.73358 24.8394 2.5
    endloop
  endfacet
  facet normal -0 0 1
    outer loop
      vertex -8.93275 24.1828 2.5
      vertex -9 8.91 2.5
      vertex -8.73358 24.8394 2.5
    endloop
  endfacet
  facet normal 0 0 -1
    outer loop
      vertex 9 8.91 -2.5
      vertex 8.93275 24.1828 -2.5
      vertex 9 23.5 -2.5
    endloop
  endfacet
  facet normal -0.0980866 0.995178 0
    outer loop
      vertex -5.5 27 -2.5
      vertex -6.18282 26.9327 2.5
      vertex -5.5 27 2.5
    endloop
  endfacet
  facet normal -0.0980866 0.995178 0
    outer loop
      vertex -6.18282 26.9327 2.5
      vertex -5.5 27 -2.5
      vertex -6.18282 26.9327 -2.5
    endloop
  endfacet
  facet normal 0 0 1
    outer loop
      vertex 7.4445 26.4101 2.5
      vertex 6.83939 26.7336 2.5
      vertex 9 8.91 2.5
    endloop
  endfacet
  facet normal 0 0 -1
    outer loop
      vertex 9 8.91 -2.5
      vertex 8.73358 24.8394 -2.5
      vertex 8.93275 24.1828 -2.5
    endloop
  endfacet
  facet normal 0 0 1
    outer loop
      vertex 9 23.5 2.5
      vertex 8.93275 24.1828 2.5
      vertex 9 8.91 2.5
    endloop
  endfacet
  facet normal 0 0 -1
    outer loop
      vertex -9 8.91 -2.5
      vertex -4.17699 8.93902 -2.5
      vertex -4.17699 8.91 -2.5
    endloop
  endfacet
  facet normal -0 0 -1
    outer loop
      vertex -4.17699 8.93902 -2.5
      vertex -9 8.91 -2.5
      vertex -5.5 27 -2.5
    endloop
  endfacet
  facet normal 0 0 -1
    outer loop
      vertex 4.17699 8.93902 -2.5
      vertex 9 8.91 -2.5
      vertex 4.17699 8.91 -2.5
    endloop
  endfacet
  facet normal 0 0 -1
    outer loop
      vertex 3.99444 9.79787 -2.5
      vertex 9 8.91 -2.5
      vertex 4.17699 8.93902 -2.5
    endloop
  endfacet
  facet normal 0 0 -1
    outer loop
      vertex 3.63731 10.6 -2.5
      vertex 9 8.91 -2.5
      vertex 3.99444 9.79787 -2.5
    endloop
  endfacet
  facet normal 0 0 -1
    outer loop
      vertex 3.12121 11.3103 -2.5
      vertex 9 8.91 -2.5
      vertex 3.63731 10.6 -2.5
    endloop
  endfacet
  facet normal 0 0 -1
    outer loop
      vertex 9 8.91 -2.5
      vertex 3.12121 11.3103 -2.5
      vertex 5.5 27 -2.5
    endloop
  endfacet
  facet normal 0 0 -1
    outer loop
      vertex 2.4687 11.8979 -2.5
      vertex 5.5 27 -2.5
      vertex 3.12121 11.3103 -2.5
    endloop
  endfacet
  facet normal 0 0 -1
    outer loop
      vertex 1.70829 12.3369 -2.5
      vertex 5.5 27 -2.5
      vertex 2.4687 11.8979 -2.5
    endloop
  endfacet
  facet normal 0 0 -1
    outer loop
      vertex 0.873229 12.6082 -2.5
      vertex 5.5 27 -2.5
      vertex 1.70829 12.3369 -2.5
    endloop
  endfacet
  facet normal 0 0 -1
    outer loop
      vertex 0 12.7 -2.5
      vertex 5.5 27 -2.5
      vertex 0.873229 12.6082 -2.5
    endloop
  endfacet
  facet normal 0 0 -1
    outer loop
      vertex -5.5 27 -2.5
      vertex 0 12.7 -2.5
      vertex -0.873229 12.6082 -2.5
    endloop
  endfacet
  facet normal 0 0 -1
    outer loop
      vertex -5.5 27 -2.5
      vertex -0.873229 12.6082 -2.5
      vertex -1.70829 12.3369 -2.5
    endloop
  endfacet
  facet normal 0 0 -1
    outer loop
      vertex -5.5 27 -2.5
      vertex -1.70829 12.3369 -2.5
      vertex -2.4687 11.8979 -2.5
    endloop
  endfacet
  facet normal 0 0 -1
    outer loop
      vertex -5.5 27 -2.5
      vertex -2.4687 11.8979 -2.5
      vertex -3.12121 11.3103 -2.5
    endloop
  endfacet
  facet normal 0 0 -1
    outer loop
      vertex -5.5 27 -2.5
      vertex -3.12121 11.3103 -2.5
      vertex -3.63731 10.6 -2.5
    endloop
  endfacet
  facet normal 0 0 -1
    outer loop
      vertex 0 12.7 -2.5
      vertex -5.5 27 -2.5
      vertex 5.5 27 -2.5
    endloop
  endfacet
  facet normal 0 0 -1
    outer loop
      vertex -3.99444 9.79787 -2.5
      vertex -5.5 27 -2.5
      vertex -3.63731 10.6 -2.5
    endloop
  endfacet
  facet normal 0 0 -1
    outer loop
      vertex -5.5 27 -2.5
      vertex -3.99444 9.79787 -2.5
      vertex -4.17699 8.93902 -2.5
    endloop
  endfacet
  facet normal -0.634338 0.773056 0
    outer loop
      vertex -7.4445 26.4101 -2.5
      vertex -7.97487 25.9749 2.5
      vertex -7.4445 26.4101 2.5
    endloop
  endfacet
  facet normal -0.634338 0.773056 0
    outer loop
      vertex -7.97487 25.9749 2.5
      vertex -7.4445 26.4101 -2.5
      vertex -7.97487 25.9749 -2.5
    endloop
  endfacet
  facet normal -0.471467 0.881884 0
    outer loop
      vertex -6.83939 26.7336 -2.5
      vertex -7.4445 26.4101 2.5
      vertex -6.83939 26.7336 2.5
    endloop
  endfacet
  facet normal -0.471467 0.881884 0
    outer loop
      vertex -7.4445 26.4101 2.5
      vertex -6.83939 26.7336 -2.5
      vertex -7.4445 26.4101 -2.5
    endloop
  endfacet
  facet normal -0.773023 0.634378 0
    outer loop
      vertex -8.41014 25.4445 -2.5
      vertex -7.97487 25.9749 2.5
      vertex -7.97487 25.9749 -2.5
    endloop
  endfacet
  facet normal -0.773023 0.634378 0
    outer loop
      vertex -7.97487 25.9749 2.5
      vertex -8.41014 25.4445 -2.5
      vertex -8.41014 25.4445 2.5
    endloop
  endfacet
  facet normal 0 0 -1
    outer loop
      vertex 9 8.91 -2.5
      vertex 7.4445 26.4101 -2.5
      vertex 7.97487 25.9749 -2.5
    endloop
  endfacet
  facet normal 0 0 1
    outer loop
      vertex 6.83939 26.7336 2.5
      vertex 6.18282 26.9327 2.5
      vertex 9 8.91 2.5
    endloop
  endfacet
  facet normal 0 0 1
    outer loop
      vertex 8.73358 24.8394 2.5
      vertex 8.41014 25.4445 2.5
      vertex 9 8.91 2.5
    endloop
  endfacet
  facet normal 0 0 1
    outer loop
      vertex 8.93275 24.1828 2.5
      vertex 8.73358 24.8394 2.5
      vertex 9 8.91 2.5
    endloop
  endfacet
  facet normal 0.773023 0.634378 0
    outer loop
      vertex 8.41014 25.4445 2.5
      vertex 7.97487 25.9749 -2.5
      vertex 7.97487 25.9749 2.5
    endloop
  endfacet
  facet normal 0.773023 0.634378 0
    outer loop
      vertex 7.97487 25.9749 -2.5
      vertex 8.41014 25.4445 2.5
      vertex 8.41014 25.4445 -2.5
    endloop
  endfacet
  facet normal -1 0 0
    outer loop
      vertex -9 23.5 -2.5
      vertex -9 12.2132 -2.5
      vertex -9 23.5 2.5
    endloop
  endfacet
  facet normal 0 0 0
    outer loop
      vertex -9 8.91 -2.5
      vertex -9 12.2132 -2.5
      vertex -9 23.5 -2.5
    endloop
  endfacet
  facet normal -0 0 0
    outer loop
      vertex -9 8.91 -2.5
      vertex -9 8.9 -2.5
      vertex -9 12.2132 -2.5
    endloop
  endfacet
  facet normal -1 0 0
    outer loop
      vertex -9 12.2132 2.5
      vertex -9 23.5 2.5
      vertex -9 12.2132 -2.5
    endloop
  endfacet
  facet normal -0 0 0
    outer loop
      vertex -9 12.2132 2.5
      vertex -9 8.91 2.5
      vertex -9 23.5 2.5
    endloop
  endfacet
  facet normal 0 0 0
    outer loop
      vertex -9 8.9 2.5
      vertex -9 8.91 2.5
      vertex -9 12.2132 2.5
    endloop
  endfacet
  facet normal -0 0 1
    outer loop
      vertex -7.97487 25.9749 2.5
      vertex -9 8.91 2.5
      vertex -7.4445 26.4101 2.5
    endloop
  endfacet
  facet normal -0 0 1
    outer loop
      vertex -9 23.5 2.5
      vertex -9 8.91 2.5
      vertex -8.93275 24.1828 2.5
    endloop
  endfacet
  facet normal 0 0 -1
    outer loop
      vertex -6.83939 26.7336 -2.5
      vertex -9 8.91 -2.5
      vertex -7.4445 26.4101 -2.5
    endloop
  endfacet
  facet normal 1 0 0
    outer loop
      vertex 9 23.5 2.5
      vertex 9 12.2132 2.5
      vertex 9 23.5 -2.5
    endloop
  endfacet
  facet normal 0 0 0
    outer loop
      vertex 9 8.91 2.5
      vertex 9 12.2132 2.5
      vertex 9 23.5 2.5
    endloop
  endfacet
  facet normal -0 0 0
    outer loop
      vertex 9 8.91 2.5
      vertex 9 8.9 2.5
      vertex 9 12.2132 2.5
    endloop
  endfacet
  facet normal 1 0 0
    outer loop
      vertex 9 12.2132 -2.5
      vertex 9 23.5 -2.5
      vertex 9 12.2132 2.5
    endloop
  endfacet
  facet normal -0 0 0
    outer loop
      vertex 9 12.2132 -2.5
      vertex 9 8.91 -2.5
      vertex 9 23.5 -2.5
    endloop
  endfacet
  facet normal 0 0 0
    outer loop
      vertex 9 8.9 -2.5
      vertex 9 8.91 -2.5
      vertex 9 12.2132 -2.5
    endloop
  endfacet
  facet normal 0 0 -1
    outer loop
      vertex 9 8.91 -2.5
      vertex 6.18282 26.9327 -2.5
      vertex 6.83939 26.7336 -2.5
    endloop
  endfacet
  facet normal 0 0 1
    outer loop
      vertex 7.97487 25.9749 2.5
      vertex 7.4445 26.4101 2.5
      vertex 9 8.91 2.5
    endloop
  endfacet
  facet normal 0.471467 0.881884 -0
    outer loop
      vertex 7.4445 26.4101 -2.5
      vertex 6.83939 26.7336 2.5
      vertex 7.4445 26.4101 2.5
    endloop
  endfacet
  facet normal 0.471467 0.881884 0
    outer loop
      vertex 6.83939 26.7336 2.5
      vertex 7.4445 26.4101 -2.5
      vertex 6.83939 26.7336 -2.5
    endloop
  endfacet
  facet normal 0 0 -1
    outer loop
      vertex 9 8.91 -2.5
      vertex 6.83939 26.7336 -2.5
      vertex 7.4445 26.4101 -2.5
    endloop
  endfacet
  facet normal 0.881917 0.471405 0
    outer loop
      vertex 8.73358 24.8394 2.5
      vertex 8.41014 25.4445 -2.5
      vertex 8.41014 25.4445 2.5
    endloop
  endfacet
  facet normal 0.881917 0.471405 0
    outer loop
      vertex 8.41014 25.4445 -2.5
      vertex 8.73358 24.8394 2.5
      vertex 8.73358 24.8394 -2.5
    endloop
  endfacet
  facet normal 0.956943 0.290275 0
    outer loop
      vertex 8.93275 24.1828 2.5
      vertex 8.73358 24.8394 -2.5
      vertex 8.73358 24.8394 2.5
    endloop
  endfacet
  facet normal 0.956943 0.290275 0
    outer loop
      vertex 8.73358 24.8394 -2.5
      vertex 8.93275 24.1828 2.5
      vertex 8.93275 24.1828 -2.5
    endloop
  endfacet
  facet normal -0 0 1
    outer loop
      vertex -7.4445 26.4101 2.5
      vertex -9 8.91 2.5
      vertex -6.83939 26.7336 2.5
    endloop
  endfacet
  facet normal -0 0 1
    outer loop
      vertex -6.83939 26.7336 2.5
      vertex -9 8.91 2.5
      vertex -6.18282 26.9327 2.5
    endloop
  endfacet
  facet normal -0 0 1
    outer loop
      vertex -8.73358 24.8394 2.5
      vertex -9 8.91 2.5
      vertex -8.41014 25.4445 2.5
    endloop
  endfacet
  facet normal 0 0 -1
    outer loop
      vertex -8.73358 24.8394 -2.5
      vertex -9 8.91 -2.5
      vertex -8.93275 24.1828 -2.5
    endloop
  endfacet
  facet normal 0 0 -1
    outer loop
      vertex -8.93275 24.1828 -2.5
      vertex -9 8.91 -2.5
      vertex -9 23.5 -2.5
    endloop
  endfacet
  facet normal 0 0 -1
    outer loop
      vertex -6.18282 26.9327 -2.5
      vertex -9 8.91 -2.5
      vertex -6.83939 26.7336 -2.5
    endloop
  endfacet
  facet normal 0 1 -0
    outer loop
      vertex 5.5 27 -2.5
      vertex -5.5 27 2.5
      vertex 5.5 27 2.5
    endloop
  endfacet
  facet normal 0 1 0
    outer loop
      vertex -5.5 27 2.5
      vertex 5.5 27 -2.5
      vertex -5.5 27 -2.5
    endloop
  endfacet
  facet normal 0 0 -1
    outer loop
      vertex 9 8.91 -2.5
      vertex 8.41014 25.4445 -2.5
      vertex 8.73358 24.8394 -2.5
    endloop
  endfacet
  facet normal 0 0 -1
    outer loop
      vertex 9 8.91 -2.5
      vertex 7.97487 25.9749 -2.5
      vertex 8.41014 25.4445 -2.5
    endloop
  endfacet
  facet normal 0.634338 0.773056 -0
    outer loop
      vertex 7.97487 25.9749 -2.5
      vertex 7.4445 26.4101 2.5
      vertex 7.97487 25.9749 2.5
    endloop
  endfacet
  facet normal 0.634338 0.773056 0
    outer loop
      vertex 7.4445 26.4101 2.5
      vertex 7.97487 25.9749 -2.5
      vertex 7.4445 26.4101 -2.5
    endloop
  endfacet
  facet normal 0 0 -1
    outer loop
      vertex 9 8.91 -2.5
      vertex 5.5 27 -2.5
      vertex 6.18282 26.9327 -2.5
    endloop
  endfacet
  facet normal 0.0980866 0.995178 -0
    outer loop
      vertex 6.18282 26.9327 -2.5
      vertex 5.5 27 2.5
      vertex 6.18282 26.9327 2.5
    endloop
  endfacet
  facet normal 0.0980866 0.995178 0
    outer loop
      vertex 5.5 27 2.5
      vertex 6.18282 26.9327 -2.5
      vertex 5.5 27 -2.5
    endloop
  endfacet
  facet normal -0.956943 0.290275 0
    outer loop
      vertex -8.93275 24.1828 -2.5
      vertex -8.73358 24.8394 2.5
      vertex -8.73358 24.8394 -2.5
    endloop
  endfacet
  facet normal -0.956943 0.290275 0
    outer loop
      vertex -8.73358 24.8394 2.5
      vertex -8.93275 24.1828 -2.5
      vertex -8.93275 24.1828 2.5
    endloop
  endfacet
  facet normal -0.995185 0.0980172 0
    outer loop
      vertex -9 23.5 -2.5
      vertex -8.93275 24.1828 2.5
      vertex -8.93275 24.1828 -2.5
    endloop
  endfacet
  facet normal -0.995185 0.0980172 0
    outer loop
      vertex -8.93275 24.1828 2.5
      vertex -9 23.5 -2.5
      vertex -9 23.5 2.5
    endloop
  endfacet
  facet normal 0 0 -1
    outer loop
      vertex -7.4445 26.4101 -2.5
      vertex -9 8.91 -2.5
      vertex -7.97487 25.9749 -2.5
    endloop
  endfacet
  facet normal 0 0 -1
    outer loop
      vertex -7.97487 25.9749 -2.5
      vertex -9 8.91 -2.5
      vertex -8.41014 25.4445 -2.5
    endloop
  endfacet
  facet normal -0.290193 0.956968 0
    outer loop
      vertex -6.18282 26.9327 -2.5
      vertex -6.83939 26.7336 2.5
      vertex -6.18282 26.9327 2.5
    endloop
  endfacet
  facet normal -0.290193 0.956968 0
    outer loop
      vertex -6.83939 26.7336 2.5
      vertex -6.18282 26.9327 -2.5
      vertex -6.83939 26.7336 -2.5
    endloop
  endfacet
  facet normal 0 0 -1
    outer loop
      vertex 20.0825 -0.198168 2.5
      vertex 20.1124 0.0671699 2.5
      vertex 20.1124 -0.0671821 2.5
    endloop
  endfacet
  facet normal 0 0 -1
    outer loop
      vertex 20.0825 -0.198168 2.5
      vertex 20.0825 0.198156 2.5
      vertex 20.1124 0.0671699 2.5
    endloop
  endfacet
  facet normal 0 0 -1
    outer loop
      vertex 20.0242 -0.319227 2.5
      vertex 20.0825 0.198156 2.5
      vertex 20.0825 -0.198168 2.5
    endloop
  endfacet
  facet normal 0 0 -1
    outer loop
      vertex 20.0242 -0.319227 2.5
      vertex 20.0242 0.319215 2.5
      vertex 20.0825 0.198156 2.5
    endloop
  endfacet
  facet normal 0 0 -1
    outer loop
      vertex 19.9404 -0.424264 2.5
      vertex 20.0242 0.319215 2.5
      vertex 20.0242 -0.319227 2.5
    endloop
  endfacet
  facet normal 0 0 -1
    outer loop
      vertex 19.9404 -0.424264 2.5
      vertex 19.9404 0.424252 2.5
      vertex 20.0242 0.319215 2.5
    endloop
  endfacet
  facet normal 0 0 -1
    outer loop
      vertex 19.9404 -0.424264 2.5
      vertex 18.6676 -6.06915e-06 2.5
      vertex 19.9404 0.424252 2.5
    endloop
  endfacet
  facet normal 0 0 -1
    outer loop
      vertex 13.3294 -7.03526 2.5
      vertex 18.6676 -6.06915e-06 2.5
      vertex 19.9404 -0.424264 2.5
    endloop
  endfacet
  facet normal -0 0 -1
    outer loop
      vertex 13.3294 -7.03526 2.5
      vertex 12.4514 -7.91327 2.5
      vertex 12.2552 -6.41241 2.5
    endloop
  endfacet
  facet normal 0 0 -1
    outer loop
      vertex 13.3294 -7.03526 2.5
      vertex 12.2552 -6.41241 2.5
      vertex 18.6676 -6.06915e-06 2.5
    endloop
  endfacet
  facet normal 0 0 -1
    outer loop
      vertex 12.4514 -7.91327 2.5
      vertex 11.3772 -7.29042 2.5
      vertex 12.2552 -6.41241 2.5
    endloop
  endfacet
  facet normal 0 0 -1
    outer loop
      vertex 0 -18.6676 2.5
      vertex 12.4514 -7.91327 2.5
      vertex 0.424258 -19.9404 2.5
    endloop
  endfacet
  facet normal 0 0 -1
    outer loop
      vertex -0.424258 -19.9404 2.5
      vertex 0.424258 -19.9404 2.5
      vertex 0.319221 -20.0242 2.5
    endloop
  endfacet
  facet normal 0 0 -1
    outer loop
      vertex -0.424258 -19.9404 2.5
      vertex 0.319221 -20.0242 2.5
      vertex 0.198162 -20.0825 2.5
    endloop
  endfacet
  facet normal 0 0 -1
    outer loop
      vertex -0.424258 -19.9404 2.5
      vertex 0.198162 -20.0825 2.5
      vertex 0.067176 -20.1124 2.5
    endloop
  endfacet
  facet normal -0 0 -1
    outer loop
      vertex 12.4514 -7.91327 2.5
      vertex 0 -18.6676 2.5
      vertex 11.3772 -7.29042 2.5
    endloop
  endfacet
  facet normal 0 0 -1
    outer loop
      vertex -0.424258 -19.9404 2.5
      vertex 0.067176 -20.1124 2.5
      vertex -0.067176 -20.1124 2.5
    endloop
  endfacet
  facet normal 0 0 -1
    outer loop
      vertex -0.424258 -19.9404 2.5
      vertex -0.067176 -20.1124 2.5
      vertex -0.198162 -20.0825 2.5
    endloop
  endfacet
  facet normal 0 0 -1
    outer loop
      vertex -0.424258 -19.9404 2.5
      vertex -0.198162 -20.0825 2.5
      vertex -0.319221 -20.0242 2.5
    endloop
  endfacet
  facet normal 0 0 -1
    outer loop
      vertex 0.424258 -19.9404 2.5
      vertex -0.424258 -19.9404 2.5
      vertex 0 -18.6676 2.5
    endloop
  endfacet
  facet normal 0 0 -1
    outer loop
      vertex -12.4514 -7.91327 2.5
      vertex 0 -18.6676 2.5
      vertex -0.424258 -19.9404 2.5
    endloop
  endfacet
  facet normal 0 0 -1
    outer loop
      vertex 0 -18.6676 2.5
      vertex -12.4514 -7.91327 2.5
      vertex -11.3772 -7.29042 2.5
    endloop
  endfacet
  facet normal -0 0 -1
    outer loop
      vertex -11.3772 -7.29042 2.5
      vertex -12.4514 -7.91327 2.5
      vertex -12.2552 -6.41241 2.5
    endloop
  endfacet
  facet normal 0 0 -1
    outer loop
      vertex -12.4514 -7.91327 2.5
      vertex -13.3294 -7.03526 2.5
      vertex -12.2552 -6.41241 2.5
    endloop
  endfacet
  facet normal 0 0 -1
    outer loop
      vertex -13.4693 -6.89536 2.5
      vertex -12.2552 -6.41241 2.5
      vertex -13.3294 -7.03526 2.5
    endloop
  endfacet
  facet normal 0 0 -1
    outer loop
      vertex 18.6676 -6.06915e-06 2.5
      vertex 13.3294 7.03525 2.5
      vertex 19.9404 0.424252 2.5
    endloop
  endfacet
  facet normal 0 0 -1
    outer loop
      vertex 12.2552 6.41241 2.5
      vertex 13.3294 7.03525 2.5
      vertex 18.6676 -6.06915e-06 2.5
    endloop
  endfacet
  facet normal 0 -0 -1
    outer loop
      vertex 12.4514 7.91326 2.5
      vertex 13.3294 7.03525 2.5
      vertex 12.2552 6.41241 2.5
    endloop
  endfacet
  facet normal 0 0 -1
    outer loop
      vertex 13.3294 7.03525 2.5
      vertex 12.4514 7.91326 2.5
      vertex 12.4514 7.91327 2.5
    endloop
  endfacet
  facet normal 0 0 -1
    outer loop
      vertex 11.3772 7.29042 2.5
      vertex 12.4514 7.91326 2.5
      vertex 12.2552 6.41241 2.5
    endloop
  endfacet
  facet normal 0 0 -1
    outer loop
      vertex 0 18.6676 2.5
      vertex 12.4514 7.91326 2.5
      vertex 11.3772 7.29042 2.5
    endloop
  endfacet
  facet normal 0 0 -1
    outer loop
      vertex 12.4514 7.91326 2.5
      vertex 0 18.6676 2.5
      vertex 0.424258 19.9404 2.5
    endloop
  endfacet
  facet normal 0 0 -1
    outer loop
      vertex -0.424258 19.9404 2.5
      vertex 0.424258 19.9404 2.5
      vertex 0 18.6676 2.5
    endloop
  endfacet
  facet normal 0 0 -1
    outer loop
      vertex 0.424258 19.9404 2.5
      vertex -0.424258 19.9404 2.5
      vertex 0.319221 20.0242 2.5
    endloop
  endfacet
  facet normal -0 0 -1
    outer loop
      vertex 0.319221 20.0242 2.5
      vertex -0.424258 19.9404 2.5
      vertex 0.198162 20.0825 2.5
    endloop
  endfacet
  facet normal -0 0 -1
    outer loop
      vertex 0.198162 20.0825 2.5
      vertex -0.424258 19.9404 2.5
      vertex 0.067176 20.1123 2.5
    endloop
  endfacet
  facet normal -0 0 -1
    outer loop
      vertex 0.067176 20.1123 2.5
      vertex -0.424258 19.9404 2.5
      vertex -0.067176 20.1123 2.5
    endloop
  endfacet
  facet normal 0 0 -1
    outer loop
      vertex -0.067176 20.1123 2.5
      vertex -0.424258 19.9404 2.5
      vertex -0.198162 20.0825 2.5
    endloop
  endfacet
  facet normal 0 0 -1
    outer loop
      vertex -0.198162 20.0825 2.5
      vertex -0.424258 19.9404 2.5
      vertex -0.319221 20.0242 2.5
    endloop
  endfacet
  facet normal 0 0 -1
    outer loop
      vertex -12.4514 7.91326 2.5
      vertex 0 18.6676 2.5
      vertex -11.3772 7.29042 2.5
    endloop
  endfacet
  facet normal 0 0 -1
    outer loop
      vertex -12.4514 7.91326 2.5
      vertex -11.3772 7.29042 2.5
      vertex -12.2552 6.41241 2.5
    endloop
  endfacet
  facet normal -0 0 -1
    outer loop
      vertex 0 18.6676 2.5
      vertex -12.4514 7.91326 2.5
      vertex -0.424258 19.9404 2.5
    endloop
  endfacet
  facet normal 0 0 -1
    outer loop
      vertex -13.3294 7.03525 2.5
      vertex -12.4514 7.91326 2.5
      vertex -12.2552 6.41241 2.5
    endloop
  endfacet
  facet normal -0 0 -1
    outer loop
      vertex -12.4514 7.91326 2.5
      vertex -13.3294 7.03525 2.5
      vertex -12.4514 7.91327 2.5
    endloop
  endfacet
  facet normal 0 0 -1
    outer loop
      vertex -18.6676 -6.06915e-06 2.5
      vertex -13.3294 7.03525 2.5
      vertex -12.2552 6.41241 2.5
    endloop
  endfacet
  facet normal 0 0 -1
    outer loop
      vertex -13.3294 7.03525 2.5
      vertex -18.6676 -6.06915e-06 2.5
      vertex -19.9404 0.424252 2.5
    endloop
  endfacet
  facet normal 0 0 -1
    outer loop
      vertex -13.656 2.44295 2.5
      vertex -14.6562 3.11118 2.5
      vertex -14.6211 3.15848 2.5
    endloop
  endfacet
  facet normal 0 0 -1
    outer loop
      vertex -14.3126 0.857773 2.5
      vertex -14.6865 3.06068 2.5
      vertex -14.6562 3.11118 2.5
    endloop
  endfacet
  facet normal 0 0 -1
    outer loop
      vertex -14.3126 0.857773 2.5
      vertex -15.1478 2.19751 2.5
      vertex -14.6865 3.06068 2.5
    endloop
  endfacet
  facet normal 0 0 -1
    outer loop
      vertex -15.5805 -0.226797 2.5
      vertex -14.3971 7.62939e-05 2.5
      vertex -14.3748 -0.226797 2.5
    endloop
  endfacet
  facet normal 0 0 -1
    outer loop
      vertex -14.3126 0.857773 2.5
      vertex -15.1935 2.08757 2.5
      vertex -15.1478 2.19751 2.5
    endloop
  endfacet
  facet normal 0 -0 -1
    outer loop
      vertex -15.1737 2.14301 2.5
      vertex -15.1478 2.19751 2.5
      vertex -15.1935 2.08757 2.5
    endloop
  endfacet
  facet normal 0 0 -1
    outer loop
      vertex -15.1478 2.19751 2.5
      vertex -15.1737 2.14301 2.5
      vertex -15.1485 2.19624 2.5
    endloop
  endfacet
  facet normal 0 0 -1
    outer loop
      vertex -14.3126 0.857773 2.5
      vertex -15.4781 1.14961 2.5
      vertex -15.1935 2.08757 2.5
    endloop
  endfacet
  facet normal 0 0 -1
    outer loop
      vertex -14.3126 0.857773 2.5
      vertex -15.501 1.03426 2.5
      vertex -15.4781 1.14961 2.5
    endloop
  endfacet
  facet normal 0 0 -1
    outer loop
      vertex -15.4781 1.14961 2.5
      vertex -15.501 1.03426 2.5
      vertex -15.4924 1.0925 2.5
    endloop
  endfacet
  facet normal 0 0 -1
    outer loop
      vertex -14.3971 7.62939e-05 2.5
      vertex -15.5805 -0.226797 2.5
      vertex -15.5967 -0.0621948 2.5
    endloop
  endfacet
  facet normal -0 0 -1
    outer loop
      vertex -14.3971 7.62939e-05 2.5
      vertex -15.5967 -0.0621948 2.5
      vertex -15.5969 0.0605927 2.5
    endloop
  endfacet
  facet normal 0 0 -1
    outer loop
      vertex -14.3971 7.62939e-05 2.5
      vertex -15.5969 0.0605927 2.5
      vertex -15.501 1.03426 2.5
    endloop
  endfacet
  facet normal 0 0 -1
    outer loop
      vertex -15.5971 -0.0588074 2.5
      vertex -15.5969 0.0605927 2.5
      vertex -15.5967 -0.0621948 2.5
    endloop
  endfacet
  facet normal 0 0 -1
    outer loop
      vertex -15.6 0 2.5
      vertex -15.5969 0.0605927 2.5
      vertex -15.5971 -0.0588074 2.5
    endloop
  endfacet
  facet normal 0 0 -1
    outer loop
      vertex -15.5969 0.0605927 2.5
      vertex -15.6 0 2.5
      vertex -15.5971 0.0588074 2.5
    endloop
  endfacet
  facet normal 0 0 -1
    outer loop
      vertex -12.4514 7.91327 2.5
      vertex -13.3294 7.03525 2.5
      vertex -13.3294 7.03526 2.5
    endloop
  endfacet
  facet normal -0 0 -1
    outer loop
      vertex -12.2552 -6.41241 2.5
      vertex -13.4693 -6.89536 2.5
      vertex -12.9733 -5.69434 2.5
    endloop
  endfacet
  facet normal 0 0 -1
    outer loop
      vertex -20.1152 -0.226797 2.5
      vertex -18.6676 -6.06915e-06 2.5
      vertex -18.4408 -0.226797 2.5
    endloop
  endfacet
  facet normal -0 0 -1
    outer loop
      vertex -18.6676 -6.06915e-06 2.5
      vertex -20.1028 -0.108981 2.5
      vertex -19.9404 0.424252 2.5
    endloop
  endfacet
  facet normal 0 0 -1
    outer loop
      vertex -19.9404 0.424252 2.5
      vertex -20.1028 -0.108981 2.5
      vertex -20.0242 0.319215 2.5
    endloop
  endfacet
  facet normal 0 0 -1
    outer loop
      vertex -20.0242 0.319215 2.5
      vertex -20.1028 -0.108981 2.5
      vertex -20.0825 0.198156 2.5
    endloop
  endfacet
  facet normal 0 0 -1
    outer loop
      vertex -18.6676 -6.06915e-06 2.5
      vertex -20.1152 -0.226797 2.5
      vertex -20.1028 -0.108981 2.5
    endloop
  endfacet
  facet normal 0 0 -1
    outer loop
      vertex -20.1124 0.0671699 2.5
      vertex -20.1028 -0.108981 2.5
      vertex -20.1124 -0.0671821 2.5
    endloop
  endfacet
  facet normal 0 0 -1
    outer loop
      vertex -20.1028 -0.108981 2.5
      vertex -20.1124 0.0671699 2.5
      vertex -20.0825 0.198156 2.5
    endloop
  endfacet
  facet normal 0 0 -1
    outer loop
      vertex -10.8578 4.31262 2.5
      vertex -10.7343 5.53056 2.5
      vertex -9.97047 4.40001 2.5
    endloop
  endfacet
  facet normal 0 0 -1
    outer loop
      vertex -10.8578 4.31262 2.5
      vertex -11.0343 5.50102 2.5
      vertex -10.7343 5.53056 2.5
    endloop
  endfacet
  facet normal 0 0 -1
    outer loop
      vertex -10.8578 4.31262 2.5
      vertex -11.0925 5.49239 2.5
      vertex -11.0343 5.50102 2.5
    endloop
  endfacet
  facet normal 0 0 -1
    outer loop
      vertex -10.8578 4.31262 2.5
      vertex -11.1496 5.47807 2.5
      vertex -11.0925 5.49239 2.5
    endloop
  endfacet
  facet normal 0 0 -1
    outer loop
      vertex -11.6827 4.06241 2.5
      vertex -11.1496 5.47807 2.5
      vertex -10.8578 4.31262 2.5
    endloop
  endfacet
  facet normal 0 0 -1
    outer loop
      vertex -11.6827 4.06241 2.5
      vertex -12.0876 5.19354 2.5
      vertex -11.1496 5.47807 2.5
    endloop
  endfacet
  facet normal 0 0 -1
    outer loop
      vertex -11.6827 4.06241 2.5
      vertex -12.143 5.17371 2.5
      vertex -12.0876 5.19354 2.5
    endloop
  endfacet
  facet normal 0 0 -1
    outer loop
      vertex -11.6827 4.06241 2.5
      vertex -12.1962 5.14853 2.5
      vertex -12.143 5.17371 2.5
    endloop
  endfacet
  facet normal 0 0 -1
    outer loop
      vertex -12.4428 3.6561 2.5
      vertex -12.1962 5.14853 2.5
      vertex -11.6827 4.06241 2.5
    endloop
  endfacet
  facet normal 0 0 -1
    outer loop
      vertex -12.4428 3.6561 2.5
      vertex -13.0607 4.68648 2.5
      vertex -12.1962 5.14853 2.5
    endloop
  endfacet
  facet normal 0 0 -1
    outer loop
      vertex -13.1585 4.62114 2.5
      vertex -12.4428 3.6561 2.5
      vertex -13.1092 3.10921 2.5
    endloop
  endfacet
  facet normal 0 0 -1
    outer loop
      vertex -12.4428 3.6561 2.5
      vertex -13.1585 4.62114 2.5
      vertex -13.0607 4.68648 2.5
    endloop
  endfacet
  facet normal 0 0 -1
    outer loop
      vertex -13.0607 4.68648 2.5
      vertex -13.1585 4.62114 2.5
      vertex -13.1112 4.6562 2.5
    endloop
  endfacet
  facet normal 0 0 -1
    outer loop
      vertex -13.9993 3.91615 2.5
      vertex -13.1092 3.10921 2.5
      vertex -13.656 2.44295 2.5
    endloop
  endfacet
  facet normal 0 0 -1
    outer loop
      vertex -13.1092 3.10921 2.5
      vertex -13.9144 4.00078 2.5
      vertex -13.1585 4.62114 2.5
    endloop
  endfacet
  facet normal 0 0 -1
    outer loop
      vertex -13.1092 3.10921 2.5
      vertex -13.9993 3.91615 2.5
      vertex -13.9144 4.00078 2.5
    endloop
  endfacet
  facet normal 0 0 -1
    outer loop
      vertex -13.9144 4.00078 2.5
      vertex -13.9993 3.91615 2.5
      vertex -13.9162 3.99933 2.5
    endloop
  endfacet
  facet normal 0 0 -1
    outer loop
      vertex -13.9162 3.99933 2.5
      vertex -13.9993 3.91615 2.5
      vertex -13.9598 3.95978 2.5
    endloop
  endfacet
  facet normal 0 0 -1
    outer loop
      vertex -14.6562 3.11118 2.5
      vertex -13.656 2.44295 2.5
      vertex -14.0624 1.68268 2.5
    endloop
  endfacet
  facet normal 0 0 -1
    outer loop
      vertex -14.6562 3.11118 2.5
      vertex -14.0624 1.68268 2.5
      vertex -14.3126 0.857773 2.5
    endloop
  endfacet
  facet normal 0 0 -1
    outer loop
      vertex -13.656 2.44295 2.5
      vertex -14.6211 3.15848 2.5
      vertex -13.9993 3.91615 2.5
    endloop
  endfacet
  facet normal 0 0 -1
    outer loop
      vertex -15.501 1.03426 2.5
      vertex -14.3126 0.857773 2.5
      vertex -14.3971 7.62939e-05 2.5
    endloop
  endfacet
  facet normal 0 0 -1
    outer loop
      vertex -10.7343 -5.53056 2.5
      vertex -10.8578 -4.31264 2.5
      vertex -9.97064 -4.40001 2.5
    endloop
  endfacet
  facet normal 0 0 -1
    outer loop
      vertex -11.0343 -5.50102 2.5
      vertex -10.8578 -4.31264 2.5
      vertex -10.7343 -5.53056 2.5
    endloop
  endfacet
  facet normal 0 0 -1
    outer loop
      vertex -11.0925 -5.49239 2.5
      vertex -10.8578 -4.31264 2.5
      vertex -11.0343 -5.50102 2.5
    endloop
  endfacet
  facet normal 0 0 -1
    outer loop
      vertex -11.1496 -5.47807 2.5
      vertex -10.8578 -4.31264 2.5
      vertex -11.0925 -5.49239 2.5
    endloop
  endfacet
  facet normal 0 0 -1
    outer loop
      vertex -11.1496 -5.47807 2.5
      vertex -11.6827 -4.06239 2.5
      vertex -10.8578 -4.31264 2.5
    endloop
  endfacet
  facet normal 0 0 -1
    outer loop
      vertex -12.0876 -5.19354 2.5
      vertex -11.6827 -4.06239 2.5
      vertex -11.1496 -5.47807 2.5
    endloop
  endfacet
  facet normal 0 0 -1
    outer loop
      vertex -12.143 -5.17371 2.5
      vertex -11.6827 -4.06239 2.5
      vertex -12.0876 -5.19354 2.5
    endloop
  endfacet
  facet normal 0 0 -1
    outer loop
      vertex -12.1975 -5.14783 2.5
      vertex -11.6827 -4.06239 2.5
      vertex -12.143 -5.17371 2.5
    endloop
  endfacet
  facet normal 0 0 -1
    outer loop
      vertex -12.1975 -5.14783 2.5
      vertex -12.143 -5.17371 2.5
      vertex -12.1962 -5.14853 2.5
    endloop
  endfacet
  facet normal 0 0 -1
    outer loop
      vertex -12.6481 -4.90699 2.5
      vertex -11.6827 -4.06239 2.5
      vertex -12.1975 -5.14783 2.5
    endloop
  endfacet
  facet normal -0 0 -1
    outer loop
      vertex -11.6827 -4.06239 2.5
      vertex -12.6481 -4.90699 2.5
      vertex -12.1878 -3.7924 2.5
    endloop
  endfacet
  facet normal 0 0 -1
    outer loop
      vertex -1.19612 0 2.5
      vertex -6.39229 4.40001 2.5
      vertex 0 0.693558 2.5
    endloop
  endfacet
  facet normal 0 0 -1
    outer loop
      vertex -8.78455 4.40001 2.5
      vertex -6.39229 4.40001 2.5
      vertex -1.19612 0 2.5
    endloop
  endfacet
  facet normal 0 0 -1
    outer loop
      vertex -6.39229 4.40001 2.5
      vertex -8.78455 4.40001 2.5
      vertex -8.46183 5.59999 2.5
    endloop
  endfacet
  facet normal 0 0 -1
    outer loop
      vertex -9.97047 4.40001 2.5
      vertex -8.46183 5.59999 2.5
      vertex -8.78455 4.40001 2.5
    endloop
  endfacet
  facet normal 0 0 -1
    outer loop
      vertex -10.7343 5.53056 2.5
      vertex -8.46183 5.59999 2.5
      vertex -9.97047 4.40001 2.5
    endloop
  endfacet
  facet normal 0 0 -1
    outer loop
      vertex -10.7343 5.53056 2.5
      vertex -11.3772 7.29042 2.5
      vertex -8.46183 5.59999 2.5
    endloop
  endfacet
  facet normal 0 -0 -1
    outer loop
      vertex -11.3772 7.29042 2.5
      vertex -10.7343 5.53056 2.5
      vertex -12.2552 6.41241 2.5
    endloop
  endfacet
  facet normal 0 0 -1
    outer loop
      vertex 8.46183 -5.59999 2.5
      vertex -6.39229 -4.40001 2.5
      vertex 6.39229 -4.40001 2.5
    endloop
  endfacet
  facet normal 0 -0 -1
    outer loop
      vertex -6.39229 -4.40001 2.5
      vertex 8.46183 -5.59999 2.5
      vertex -8.46183 -5.59999 2.5
    endloop
  endfacet
  facet normal 0 0 -1
    outer loop
      vertex -6.39229 4.40001 2.5
      vertex 8.46183 5.59999 2.5
      vertex 6.39229 4.40001 2.5
    endloop
  endfacet
  facet normal -0 0 -1
    outer loop
      vertex 8.46183 5.59999 2.5
      vertex -6.39229 4.40001 2.5
      vertex -8.46183 5.59999 2.5
    endloop
  endfacet
  facet normal 0 0 -1
    outer loop
      vertex 10.7343 5.53056 2.5
      vertex 11.3772 7.29042 2.5
      vertex 12.2552 6.41241 2.5
    endloop
  endfacet
  facet normal 0 0 -1
    outer loop
      vertex 8.46183 5.59999 2.5
      vertex 10.7343 5.53056 2.5
      vertex 9.97064 4.40001 2.5
    endloop
  endfacet
  facet normal 0 0 -1
    outer loop
      vertex 8.46183 5.59999 2.5
      vertex 9.97064 4.40001 2.5
      vertex 8.78455 4.40001 2.5
    endloop
  endfacet
  facet normal 0 0 -1
    outer loop
      vertex 10.7343 5.53056 2.5
      vertex 8.46183 5.59999 2.5
      vertex 11.3772 7.29042 2.5
    endloop
  endfacet
  facet normal 0 0 -1
    outer loop
      vertex 8.78455 4.40001 2.5
      vertex 6.39229 4.40001 2.5
      vertex 8.46183 5.59999 2.5
    endloop
  endfacet
  facet normal 0 0 -1
    outer loop
      vertex 1.19612 0 2.5
      vertex 6.39229 4.40001 2.5
      vertex 8.78455 4.40001 2.5
    endloop
  endfacet
  facet normal 0 0 -1
    outer loop
      vertex 0 0.693558 2.5
      vertex 1.19612 0 2.5
      vertex 0 -0.693558 2.5
    endloop
  endfacet
  facet normal 0 0 -1
    outer loop
      vertex 1.19612 0 2.5
      vertex 0 0.693558 2.5
      vertex 6.39229 4.40001 2.5
    endloop
  endfacet
  facet normal 0 0 -1
    outer loop
      vertex 0 -0.693558 2.5
      vertex -1.19612 0 2.5
      vertex 0 0.693558 2.5
    endloop
  endfacet
  facet normal 0 0 -1
    outer loop
      vertex -6.39229 -4.40001 2.5
      vertex -1.19612 0 2.5
      vertex 0 -0.693558 2.5
    endloop
  endfacet
  facet normal 0 0 -1
    outer loop
      vertex -8.78455 -4.40001 2.5
      vertex -6.39229 -4.40001 2.5
      vertex -8.46183 -5.59999 2.5
    endloop
  endfacet
  facet normal 0 0 -1
    outer loop
      vertex -6.39229 -4.40001 2.5
      vertex -8.78455 -4.40001 2.5
      vertex -1.19612 0 2.5
    endloop
  endfacet
  facet normal 0 0 -1
    outer loop
      vertex -8.46183 -5.59999 2.5
      vertex -9.97064 -4.40001 2.5
      vertex -8.78455 -4.40001 2.5
    endloop
  endfacet
  facet normal 0 0 -1
    outer loop
      vertex -8.46183 -5.59999 2.5
      vertex -10.7343 -5.53056 2.5
      vertex -9.97064 -4.40001 2.5
    endloop
  endfacet
  facet normal 0 0 -1
    outer loop
      vertex -11.3772 -7.29042 2.5
      vertex -10.7343 -5.53056 2.5
      vertex -8.46183 -5.59999 2.5
    endloop
  endfacet
  facet normal 0 0 -1
    outer loop
      vertex -10.7343 -5.53056 2.5
      vertex -11.3772 -7.29042 2.5
      vertex -12.2552 -6.41241 2.5
    endloop
  endfacet
  facet normal -0 -0 -1
    outer loop
      vertex 13.3294 7.03526 2.5
      vertex 13.3294 7.03525 2.5
      vertex 12.4514 7.91327 2.5
    endloop
  endfacet
  facet normal 0 0 -1
    outer loop
      vertex 11.3772 -7.29042 2.5
      vertex 10.7343 -5.53056 2.5
      vertex 12.2552 -6.41241 2.5
    endloop
  endfacet
  facet normal 0 0 -1
    outer loop
      vertex 8.46183 -5.59999 2.5
      vertex 10.7343 -5.53056 2.5
      vertex 11.3772 -7.29042 2.5
    endloop
  endfacet
  facet normal -0 0 -1
    outer loop
      vertex 10.7343 -5.53056 2.5
      vertex 8.46183 -5.59999 2.5
      vertex 9.97047 -4.40001 2.5
    endloop
  endfacet
  facet normal -0 0 -1
    outer loop
      vertex 9.97047 -4.40001 2.5
      vertex 8.46183 -5.59999 2.5
      vertex 8.78455 -4.40001 2.5
    endloop
  endfacet
  facet normal 0 0 -1
    outer loop
      vertex 6.39229 -4.40001 2.5
      vertex 8.78455 -4.40001 2.5
      vertex 8.46183 -5.59999 2.5
    endloop
  endfacet
  facet normal 0 0 -1
    outer loop
      vertex 6.39229 -4.40001 2.5
      vertex 1.19612 0 2.5
      vertex 8.78455 -4.40001 2.5
    endloop
  endfacet
  facet normal 0 -0 -1
    outer loop
      vertex 1.19612 0 2.5
      vertex 6.39229 -4.40001 2.5
      vertex 0 -0.693558 2.5
    endloop
  endfacet
  facet normal 0 0 -1
    outer loop
      vertex 15.5969 -0.0605927 2.5
      vertex 15.6 0 2.5
      vertex 15.5971 -0.0588074 2.5
    endloop
  endfacet
  facet normal -0 0 -1
    outer loop
      vertex 15.6 0 2.5
      vertex 15.5969 -0.0605927 2.5
      vertex 15.5971 0.0588074 2.5
    endloop
  endfacet
  facet normal 0 0 -1
    outer loop
      vertex 15.5969 -0.0605927 2.5
      vertex 15.5967 0.0621948 2.5
      vertex 15.5971 0.0588074 2.5
    endloop
  endfacet
  facet normal 0 0 -1
    outer loop
      vertex 14.3971 0 2.5
      vertex 15.5969 -0.0605927 2.5
      vertex 15.501 -1.03426 2.5
    endloop
  endfacet
  facet normal 0 0 -1
    outer loop
      vertex 15.5969 -0.0605927 2.5
      vertex 14.3971 0 2.5
      vertex 15.5967 0.0621948 2.5
    endloop
  endfacet
  facet normal 0 0 -1
    outer loop
      vertex 14.3126 -0.857849 2.5
      vertex 15.501 -1.03426 2.5
      vertex 15.4924 -1.0925 2.5
    endloop
  endfacet
  facet normal -0 0 -1
    outer loop
      vertex 15.5967 0.0621948 2.5
      vertex 14.3971 0 2.5
      vertex 15.501 1.03426 2.5
    endloop
  endfacet
  facet normal 0 0 -1
    outer loop
      vertex 14.3126 -0.857849 2.5
      vertex 15.4924 -1.0925 2.5
      vertex 15.4781 -1.14961 2.5
    endloop
  endfacet
  facet normal 0 0 -1
    outer loop
      vertex 14.3126 0.857773 2.5
      vertex 15.501 1.03426 2.5
      vertex 14.3971 0 2.5
    endloop
  endfacet
  facet normal 0 0 -1
    outer loop
      vertex 14.3126 -0.857849 2.5
      vertex 15.4781 -1.14961 2.5
      vertex 15.1935 -2.08757 2.5
    endloop
  endfacet
  facet normal -0 0 -1
    outer loop
      vertex 15.501 1.03426 2.5
      vertex 14.3126 0.857773 2.5
      vertex 15.4924 1.0925 2.5
    endloop
  endfacet
  facet normal 0 0 -1
    outer loop
      vertex 14.0624 -1.68268 2.5
      vertex 15.1935 -2.08757 2.5
      vertex 15.1737 -2.14301 2.5
    endloop
  endfacet
  facet normal -0 0 -1
    outer loop
      vertex 15.4924 1.0925 2.5
      vertex 14.3126 0.857773 2.5
      vertex 15.4781 1.14961 2.5
    endloop
  endfacet
  facet normal 0 0 -1
    outer loop
      vertex 15.1478 -2.19751 2.5
      vertex 15.1737 -2.14301 2.5
      vertex 15.1485 -2.19624 2.5
    endloop
  endfacet
  facet normal -0 0 -1
    outer loop
      vertex 15.4781 1.14961 2.5
      vertex 14.3126 0.857773 2.5
      vertex 15.1935 2.08757 2.5
    endloop
  endfacet
  facet normal -0 0 -1
    outer loop
      vertex 15.1737 -2.14301 2.5
      vertex 15.1478 -2.19751 2.5
      vertex 14.0624 -1.68268 2.5
    endloop
  endfacet
  facet normal 0 0 -1
    outer loop
      vertex 14.0624 -1.68268 2.5
      vertex 15.1478 -2.19751 2.5
      vertex 14.6865 -3.06068 2.5
    endloop
  endfacet
  facet normal 0 0 -1
    outer loop
      vertex 14.0624 1.68266 2.5
      vertex 15.1935 2.08757 2.5
      vertex 14.3126 0.857773 2.5
    endloop
  endfacet
  facet normal 0 0 -1
    outer loop
      vertex 13.656 -2.44295 2.5
      vertex 14.6865 -3.06068 2.5
      vertex 14.6562 -3.11118 2.5
    endloop
  endfacet
  facet normal -0 0 -1
    outer loop
      vertex 15.1935 2.08757 2.5
      vertex 14.0624 1.68266 2.5
      vertex 15.1737 2.14301 2.5
    endloop
  endfacet
  facet normal 0 0 -1
    outer loop
      vertex 13.656 -2.44295 2.5
      vertex 14.6562 -3.11118 2.5
      vertex 14.6211 -3.15848 2.5
    endloop
  endfacet
  facet normal -0 0 -1
    outer loop
      vertex 15.1737 2.14301 2.5
      vertex 14.0624 1.68266 2.5
      vertex 15.1485 2.19626 2.5
    endloop
  endfacet
  facet normal -0 0 -1
    outer loop
      vertex 15.1485 2.19626 2.5
      vertex 14.0624 1.68266 2.5
      vertex 14.6865 3.06068 2.5
    endloop
  endfacet
  facet normal 0 0 -1
    outer loop
      vertex 15.501 -1.03426 2.5
      vertex 14.3126 -0.857849 2.5
      vertex 14.3971 0 2.5
    endloop
  endfacet
  facet normal 0 0 -1
    outer loop
      vertex 15.1935 -2.08757 2.5
      vertex 14.0624 -1.68268 2.5
      vertex 14.3126 -0.857849 2.5
    endloop
  endfacet
  facet normal 0 0 -1
    outer loop
      vertex 13.656 -2.44295 2.5
      vertex 14.6211 -3.15848 2.5
      vertex 13.9993 -3.91615 2.5
    endloop
  endfacet
  facet normal 0 0 -1
    outer loop
      vertex 13.1092 -3.10921 2.5
      vertex 13.9993 -3.91615 2.5
      vertex 13.9598 -3.95978 2.5
    endloop
  endfacet
  facet normal 0 0 -1
    outer loop
      vertex 13.1092 -3.10921 2.5
      vertex 13.9598 -3.95978 2.5
      vertex 13.9162 -3.99933 2.5
    endloop
  endfacet
  facet normal 0 0 -1
    outer loop
      vertex 13.1092 -3.10921 2.5
      vertex 13.9162 -3.99933 2.5
      vertex 13.9144 -4.00078 2.5
    endloop
  endfacet
  facet normal 0 0 -1
    outer loop
      vertex 14.6865 -3.06068 2.5
      vertex 13.656 -2.44295 2.5
      vertex 14.0624 -1.68268 2.5
    endloop
  endfacet
  facet normal 0 0 -1
    outer loop
      vertex 13.1092 -3.10921 2.5
      vertex 13.9144 -4.00078 2.5
      vertex 13.1585 -4.62114 2.5
    endloop
  endfacet
  facet normal 0 0 -1
    outer loop
      vertex 12.4428 -3.6561 2.5
      vertex 13.1585 -4.62114 2.5
      vertex 13.1112 -4.6562 2.5
    endloop
  endfacet
  facet normal 0 0 -1
    outer loop
      vertex 13.9993 -3.91615 2.5
      vertex 13.1092 -3.10921 2.5
      vertex 13.656 -2.44295 2.5
    endloop
  endfacet
  facet normal 0 0 -1
    outer loop
      vertex 12.4428 -3.6561 2.5
      vertex 13.1112 -4.6562 2.5
      vertex 13.0607 -4.68648 2.5
    endloop
  endfacet
  facet normal 0 0 -1
    outer loop
      vertex 13.1585 -4.62114 2.5
      vertex 12.4428 -3.6561 2.5
      vertex 13.1092 -3.10921 2.5
    endloop
  endfacet
  facet normal 0 0 -1
    outer loop
      vertex 12.1962 -5.14853 2.5
      vertex 12.4428 -3.6561 2.5
      vertex 13.0607 -4.68648 2.5
    endloop
  endfacet
  facet normal 0 0 -1
    outer loop
      vertex 11.6827 -4.06241 2.5
      vertex 12.1962 -5.14853 2.5
      vertex 12.143 -5.17371 2.5
    endloop
  endfacet
  facet normal 0 0 -1
    outer loop
      vertex 11.6827 -4.06241 2.5
      vertex 12.143 -5.17371 2.5
      vertex 12.0876 -5.19354 2.5
    endloop
  endfacet
  facet normal 0 0 -1
    outer loop
      vertex 12.1962 -5.14853 2.5
      vertex 11.6827 -4.06241 2.5
      vertex 12.4428 -3.6561 2.5
    endloop
  endfacet
  facet normal 0 0 -1
    outer loop
      vertex 11.1496 -5.47807 2.5
      vertex 11.6827 -4.06241 2.5
      vertex 12.0876 -5.19354 2.5
    endloop
  endfacet
  facet normal 0 0 -1
    outer loop
      vertex 10.8578 -4.31262 2.5
      vertex 11.1496 -5.47807 2.5
      vertex 11.0925 -5.49239 2.5
    endloop
  endfacet
  facet normal 0 0 -1
    outer loop
      vertex 10.8578 -4.31262 2.5
      vertex 11.0925 -5.49239 2.5
      vertex 11.0343 -5.50102 2.5
    endloop
  endfacet
  facet normal 0 0 -1
    outer loop
      vertex 11.1496 -5.47807 2.5
      vertex 10.8578 -4.31262 2.5
      vertex 11.6827 -4.06241 2.5
    endloop
  endfacet
  facet normal 0 0 -1
    outer loop
      vertex 10.7343 -5.53056 2.5
      vertex 10.8578 -4.31262 2.5
      vertex 11.0343 -5.50102 2.5
    endloop
  endfacet
  facet normal 0 0 -1
    outer loop
      vertex 10.8578 -4.31262 2.5
      vertex 10.7343 -5.53056 2.5
      vertex 9.97047 -4.40001 2.5
    endloop
  endfacet
  facet normal 0 0 -1
    outer loop
      vertex 13.6561 2.44283 2.5
      vertex 14.6865 3.06068 2.5
      vertex 14.0624 1.68266 2.5
    endloop
  endfacet
  facet normal -0 0 -1
    outer loop
      vertex 14.6865 3.06068 2.5
      vertex 13.6561 2.44283 2.5
      vertex 14.6562 3.11118 2.5
    endloop
  endfacet
  facet normal -0 0 -1
    outer loop
      vertex 14.6562 3.11118 2.5
      vertex 13.6561 2.44283 2.5
      vertex 14.6211 3.15848 2.5
    endloop
  endfacet
  facet normal -0 0 -1
    outer loop
      vertex 14.6211 3.15848 2.5
      vertex 13.6561 2.44283 2.5
      vertex 14.0008 3.91435 2.5
    endloop
  endfacet
  facet normal 0 0 -1
    outer loop
      vertex 13.1092 3.10922 2.5
      vertex 14.0008 3.91435 2.5
      vertex 13.6561 2.44283 2.5
    endloop
  endfacet
  facet normal -0 0 -1
    outer loop
      vertex 14.0008 3.91435 2.5
      vertex 13.1092 3.10922 2.5
      vertex 13.9993 3.91615 2.5
    endloop
  endfacet
  facet normal -0 0 -1
    outer loop
      vertex 13.9993 3.91615 2.5
      vertex 13.1092 3.10922 2.5
      vertex 13.9598 3.95978 2.5
    endloop
  endfacet
  facet normal -0 0 -1
    outer loop
      vertex 13.9598 3.95978 2.5
      vertex 13.1092 3.10922 2.5
      vertex 13.9162 3.99933 2.5
    endloop
  endfacet
  facet normal -0 0 -1
    outer loop
      vertex 13.9162 3.99933 2.5
      vertex 13.1092 3.10922 2.5
      vertex 13.1585 4.62114 2.5
    endloop
  endfacet
  facet normal 0 0 -1
    outer loop
      vertex 12.4429 3.65602 2.5
      vertex 13.1585 4.62114 2.5
      vertex 13.1092 3.10922 2.5
    endloop
  endfacet
  facet normal -0 0 -1
    outer loop
      vertex 13.1585 4.62114 2.5
      vertex 12.4429 3.65602 2.5
      vertex 13.1112 4.6562 2.5
    endloop
  endfacet
  facet normal -0 0 -1
    outer loop
      vertex 13.1112 4.6562 2.5
      vertex 12.4429 3.65602 2.5
      vertex 13.0607 4.68648 2.5
    endloop
  endfacet
  facet normal 0 0 -1
    outer loop
      vertex 12.4429 3.65602 2.5
      vertex 12.1975 5.14783 2.5
      vertex 13.0607 4.68648 2.5
    endloop
  endfacet
  facet normal 0 0 -1
    outer loop
      vertex 11.6827 4.06239 2.5
      vertex 12.1975 5.14783 2.5
      vertex 12.4429 3.65602 2.5
    endloop
  endfacet
  facet normal 0 -0 -1
    outer loop
      vertex 12.143 5.17371 2.5
      vertex 12.1975 5.14783 2.5
      vertex 11.6827 4.06239 2.5
    endloop
  endfacet
  facet normal 0 0 -1
    outer loop
      vertex 12.1975 5.14783 2.5
      vertex 12.143 5.17371 2.5
      vertex 12.1962 5.14853 2.5
    endloop
  endfacet
  facet normal -0 0 -1
    outer loop
      vertex 12.143 5.17371 2.5
      vertex 11.6827 4.06239 2.5
      vertex 12.0876 5.19354 2.5
    endloop
  endfacet
  facet normal 0 0 -1
    outer loop
      vertex 11.6827 4.06239 2.5
      vertex 11.1496 5.47807 2.5
      vertex 12.0876 5.19354 2.5
    endloop
  endfacet
  facet normal 0 0 -1
    outer loop
      vertex 10.8578 4.31264 2.5
      vertex 11.1496 5.47807 2.5
      vertex 11.6827 4.06239 2.5
    endloop
  endfacet
  facet normal -0 0 -1
    outer loop
      vertex 11.1496 5.47807 2.5
      vertex 10.8578 4.31264 2.5
      vertex 11.0925 5.49239 2.5
    endloop
  endfacet
  facet normal -0 0 -1
    outer loop
      vertex 11.0925 5.49239 2.5
      vertex 10.8578 4.31264 2.5
      vertex 11.0343 5.50102 2.5
    endloop
  endfacet
  facet normal 0 0 -1
    outer loop
      vertex 10.8578 4.31264 2.5
      vertex 10.7343 5.53056 2.5
      vertex 11.0343 5.50102 2.5
    endloop
  endfacet
  facet normal 0 -0 -1
    outer loop
      vertex 10.7343 5.53056 2.5
      vertex 10.8578 4.31264 2.5
      vertex 9.97064 4.40001 2.5
    endloop
  endfacet
  facet normal 0 0 1
    outer loop
      vertex -13.0607 -4.68648 2.5
      vertex -12.9733 -5.69434 2.5
      vertex -12.6481 -4.90699 2.5
    endloop
  endfacet
  facet normal 0 0 1
    outer loop
      vertex -13.1112 -4.6562 2.5
      vertex -12.9733 -5.69434 2.5
      vertex -13.0607 -4.68648 2.5
    endloop
  endfacet
  facet normal 0 0 1
    outer loop
      vertex -13.1585 -4.62114 2.5
      vertex -12.9733 -5.69434 2.5
      vertex -13.1112 -4.6562 2.5
    endloop
  endfacet
  facet normal 0 0 1
    outer loop
      vertex -13.9162 -3.99933 2.5
      vertex -12.9733 -5.69434 2.5
      vertex -13.1585 -4.62114 2.5
    endloop
  endfacet
  facet normal 0 0 1
    outer loop
      vertex -13.9598 -3.95978 2.5
      vertex -12.9733 -5.69434 2.5
      vertex -13.9162 -3.99933 2.5
    endloop
  endfacet
  facet normal 0 0 1
    outer loop
      vertex -13.9993 -3.91615 2.5
      vertex -12.9733 -5.69434 2.5
      vertex -13.9598 -3.95978 2.5
    endloop
  endfacet
  facet normal 0 0 1
    outer loop
      vertex -14.0008 -3.91435 2.5
      vertex -12.9733 -5.69434 2.5
      vertex -13.9993 -3.91615 2.5
    endloop
  endfacet
  facet normal 0 0 1
    outer loop
      vertex -14.6211 -3.15848 2.5
      vertex -12.9733 -5.69434 2.5
      vertex -14.0008 -3.91435 2.5
    endloop
  endfacet
  facet normal 0 0 1
    outer loop
      vertex -18.4408 -0.226797 2.5
      vertex -14.6211 -3.15848 2.5
      vertex -14.6562 -3.11118 2.5
    endloop
  endfacet
  facet normal 0 0 1
    outer loop
      vertex -14.6211 -3.15848 2.5
      vertex -18.4408 -0.226797 2.5
      vertex -12.9733 -5.69434 2.5
    endloop
  endfacet
  facet normal 0 0 1
    outer loop
      vertex -14.6865 -3.06068 2.5
      vertex -18.4408 -0.226797 2.5
      vertex -14.6562 -3.11118 2.5
    endloop
  endfacet
  facet normal 0 0 1
    outer loop
      vertex -15.1485 -2.19624 2.5
      vertex -18.4408 -0.226797 2.5
      vertex -14.6865 -3.06068 2.5
    endloop
  endfacet
  facet normal 0 0 1
    outer loop
      vertex -15.1737 -2.14301 2.5
      vertex -18.4408 -0.226797 2.5
      vertex -15.1485 -2.19624 2.5
    endloop
  endfacet
  facet normal 0 0 1
    outer loop
      vertex -15.1935 -2.08757 2.5
      vertex -18.4408 -0.226797 2.5
      vertex -15.1737 -2.14301 2.5
    endloop
  endfacet
  facet normal 0 0 1
    outer loop
      vertex -15.4781 -1.14961 2.5
      vertex -18.4408 -0.226797 2.5
      vertex -15.1935 -2.08757 2.5
    endloop
  endfacet
  facet normal 0 0 1
    outer loop
      vertex -15.4924 -1.0925 2.5
      vertex -18.4408 -0.226797 2.5
      vertex -15.4781 -1.14961 2.5
    endloop
  endfacet
  facet normal 0 0 1
    outer loop
      vertex -15.501 -1.03426 2.5
      vertex -18.4408 -0.226797 2.5
      vertex -15.4924 -1.0925 2.5
    endloop
  endfacet
  facet normal -0 0 1
    outer loop
      vertex -18.4408 -0.226797 2.5
      vertex -15.501 -1.03426 2.5
      vertex -15.5805 -0.226797 2.5
    endloop
  endfacet
  facet normal -0 0 1
    outer loop
      vertex -20.7152 -0.226797 2.5
      vertex -20.1152 -18.3268 2.5
      vertex -20.1152 -0.226797 2.5
    endloop
  endfacet
  facet normal 0 -0 1
    outer loop
      vertex -20.6941 -19.1096 2.5
      vertex -20.1152 -18.3268 2.5
      vertex -20.7152 -18.8949 2.5
    endloop
  endfacet
  facet normal 0 0 1
    outer loop
      vertex -20.1152 -18.3268 2.5
      vertex -20.3928 -19.6729 2.5
      vertex -20.226 -19.8097 2.5
    endloop
  endfacet
  facet normal 0 0 1
    outer loop
      vertex -20.1152 -18.3268 2.5
      vertex -20.5297 -19.5062 2.5
      vertex -20.3928 -19.6729 2.5
    endloop
  endfacet
  facet normal 0 0 1
    outer loop
      vertex -20.1152 -18.3268 2.5
      vertex -20.6314 -19.316 2.5
      vertex -20.5297 -19.5062 2.5
    endloop
  endfacet
  facet normal 0 0 1
    outer loop
      vertex -20.1152 -18.3268 2.5
      vertex -20.7152 -0.226797 2.5
      vertex -20.7152 -18.8949 2.5
    endloop
  endfacet
  facet normal 0 0 1
    outer loop
      vertex -20.1152 -18.3268 2.5
      vertex -20.6941 -19.1096 2.5
      vertex -20.6314 -19.316 2.5
    endloop
  endfacet
  facet normal -0 0 1
    outer loop
      vertex -18.9152 -18.3268 2.5
      vertex -18.5985 -19.3148 2.5
      vertex -13.4693 -6.89536 2.5
    endloop
  endfacet
  facet normal -0 0 1
    outer loop
      vertex -18.9283 -18.4515 2.5
      vertex -18.5985 -19.3148 2.5
      vertex -18.9152 -18.3268 2.5
    endloop
  endfacet
  facet normal 0 0 1
    outer loop
      vertex -18.9152 -18.3268 2.5
      vertex -13.4693 -6.89536 2.5
      vertex -18.9152 -1.44945 2.5
    endloop
  endfacet
  facet normal -0 0 1
    outer loop
      vertex -18.9671 -18.5708 2.5
      vertex -18.5985 -19.3148 2.5
      vertex -18.9283 -18.4515 2.5
    endloop
  endfacet
  facet normal -0 0 1
    outer loop
      vertex -19.0298 -18.6794 2.5
      vertex -18.5985 -19.3148 2.5
      vertex -18.9671 -18.5708 2.5
    endloop
  endfacet
  facet normal -0 0 1
    outer loop
      vertex -19.1137 -18.7727 2.5
      vertex -18.5985 -19.3148 2.5
      vertex -19.0298 -18.6794 2.5
    endloop
  endfacet
  facet normal -0 0 1
    outer loop
      vertex -19.2152 -18.8464 2.5
      vertex -18.5985 -19.3148 2.5
      vertex -19.1137 -18.7727 2.5
    endloop
  endfacet
  facet normal 0 0 1
    outer loop
      vertex -18.5985 -19.3148 2.5
      vertex -19.2152 -18.8464 2.5
      vertex -18.7 -19.5051 2.5
    endloop
  endfacet
  facet normal -0 0 1
    outer loop
      vertex -19.3298 -18.8974 2.5
      vertex -18.7 -19.5051 2.5
      vertex -19.2152 -18.8464 2.5
    endloop
  endfacet
  facet normal 0 0 1
    outer loop
      vertex -18.7 -19.5051 2.5
      vertex -19.3298 -18.8974 2.5
      vertex -18.8367 -19.672 2.5
    endloop
  endfacet
  facet normal 0 0 1
    outer loop
      vertex -18.8367 -19.672 2.5
      vertex -19.3298 -18.8974 2.5
      vertex -19.0033 -19.809 2.5
    endloop
  endfacet
  facet normal -0 0 1
    outer loop
      vertex -19.4525 -18.9235 2.5
      vertex -19.0033 -19.809 2.5
      vertex -19.3298 -18.8974 2.5
    endloop
  endfacet
  facet normal 0 0 1
    outer loop
      vertex -19.0033 -19.809 2.5
      vertex -19.4525 -18.9235 2.5
      vertex -19.1935 -19.9108 2.5
    endloop
  endfacet
  facet normal 0 0 1
    outer loop
      vertex -19.1935 -19.9108 2.5
      vertex -19.4525 -18.9235 2.5
      vertex -19.3999 -19.9736 2.5
    endloop
  endfacet
  facet normal -0 0 1
    outer loop
      vertex -19.5779 -18.9235 2.5
      vertex -19.3999 -19.9736 2.5
      vertex -19.4525 -18.9235 2.5
    endloop
  endfacet
  facet normal 0 0 1
    outer loop
      vertex -19.5779 -18.9235 2.5
      vertex -19.6146 -19.9949 2.5
      vertex -19.3999 -19.9736 2.5
    endloop
  endfacet
  facet normal 0 0 1
    outer loop
      vertex -19.8292 -19.9739 2.5
      vertex -19.5779 -18.9235 2.5
      vertex -19.7006 -18.8974 2.5
    endloop
  endfacet
  facet normal 0 0 1
    outer loop
      vertex -20.226 -19.8097 2.5
      vertex -19.7006 -18.8974 2.5
      vertex -19.8152 -18.8464 2.5
    endloop
  endfacet
  facet normal 0 0 1
    outer loop
      vertex -19.5779 -18.9235 2.5
      vertex -19.8292 -19.9739 2.5
      vertex -19.6146 -19.9949 2.5
    endloop
  endfacet
  facet normal 0 0 1
    outer loop
      vertex -20.226 -19.8097 2.5
      vertex -19.8152 -18.8464 2.5
      vertex -19.9167 -18.7727 2.5
    endloop
  endfacet
  facet normal 0 0 1
    outer loop
      vertex -20.226 -19.8097 2.5
      vertex -19.9167 -18.7727 2.5
      vertex -20.0006 -18.6794 2.5
    endloop
  endfacet
  facet normal 0 0 1
    outer loop
      vertex -19.7006 -18.8974 2.5
      vertex -20.0357 -19.9113 2.5
      vertex -19.8292 -19.9739 2.5
    endloop
  endfacet
  facet normal 0 0 1
    outer loop
      vertex -20.226 -19.8097 2.5
      vertex -20.0006 -18.6794 2.5
      vertex -20.0633 -18.5708 2.5
    endloop
  endfacet
  facet normal 0 0 1
    outer loop
      vertex -20.226 -19.8097 2.5
      vertex -20.0633 -18.5708 2.5
      vertex -20.1021 -18.4515 2.5
    endloop
  endfacet
  facet normal 0 0 1
    outer loop
      vertex -20.226 -19.8097 2.5
      vertex -20.1021 -18.4515 2.5
      vertex -20.1152 -18.3268 2.5
    endloop
  endfacet
  facet normal 0 0 1
    outer loop
      vertex -19.7006 -18.8974 2.5
      vertex -20.226 -19.8097 2.5
      vertex -20.0357 -19.9113 2.5
    endloop
  endfacet
  facet normal 0 0 1
    outer loop
      vertex -10.7152 -0.226797 2.5
      vertex -12.4429 -3.65602 2.5
      vertex -12.1878 -3.7924 2.5
    endloop
  endfacet
  facet normal 0 0 1
    outer loop
      vertex -10.7152 -0.226797 2.5
      vertex -13.1092 -3.10922 2.5
      vertex -12.4429 -3.65602 2.5
    endloop
  endfacet
  facet normal 0 0 1
    outer loop
      vertex -10.7152 -0.226797 2.5
      vertex -13.6561 -2.44283 2.5
      vertex -13.1092 -3.10922 2.5
    endloop
  endfacet
  facet normal 0 0 1
    outer loop
      vertex -10.7152 -0.226797 2.5
      vertex -14.0624 -1.68266 2.5
      vertex -13.6561 -2.44283 2.5
    endloop
  endfacet
  facet normal 0 0 1
    outer loop
      vertex -10.7152 -0.226797 2.5
      vertex -14.3126 -0.857773 2.5
      vertex -14.0624 -1.68266 2.5
    endloop
  endfacet
  facet normal 0 -0 1
    outer loop
      vertex -14.3126 -0.857773 2.5
      vertex -10.7152 -0.226797 2.5
      vertex -14.3748 -0.226797 2.5
    endloop
  endfacet
  facet normal 0 0 1
    outer loop
      vertex -12.6481 -4.90699 2.5
      vertex -10.7152 -0.226797 2.5
      vertex -12.1878 -3.7924 2.5
    endloop
  endfacet
  facet normal 0 0 -1
    outer loop
      vertex -12.9733 -5.69434 2.5
      vertex -10.7152 -0.226797 2.5
      vertex -12.6481 -4.90699 2.5
    endloop
  endfacet
  facet normal 0 0 1
    outer loop
      vertex -13.4693 -6.89536 2.5
      vertex -10.7152 -0.226797 2.5
      vertex -12.9733 -5.69434 2.5
    endloop
  endfacet
  facet normal -0 0 1
    outer loop
      vertex -13.4693 -6.89536 2.5
      vertex -13.7173 -7.49588 2.5
      vertex -10.7152 -0.226797 2.5
    endloop
  endfacet
  facet normal 0.924276 -0.381725 0
    outer loop
      vertex -13.7173 -7.49588 2.5
      vertex -18.5985 -19.3148 2.5
      vertex -13.7173 -7.49588 -2.5
    endloop
  endfacet
  facet normal 0 0 1
    outer loop
      vertex -18.5985 -19.3148 2.5
      vertex -13.7173 -7.49588 2.5
      vertex -13.4693 -6.89536 2.5
    endloop
  endfacet
  facet normal -0 0 -1
    outer loop
      vertex -13.7173 -7.49588 -2.5
      vertex -18.5985 -19.3148 -2.5
      vertex -10.7152 -0.226797 -2.5
    endloop
  endfacet
  facet normal 0.924276 -0.381725 0
    outer loop
      vertex -18.5985 -19.3148 -2.5
      vertex -13.7173 -7.49588 -2.5
      vertex -18.5985 -19.3148 2.5
    endloop
  endfacet
  facet normal 0 0 -1
    outer loop
      vertex -20.7152 -18.8949 -2.5
      vertex -18.5985 -19.3148 -2.5
      vertex -18.7 -19.5051 -2.5
    endloop
  endfacet
  facet normal 0 0 -1
    outer loop
      vertex -20.7152 -18.8949 -2.5
      vertex -18.7 -19.5051 -2.5
      vertex -18.8367 -19.672 -2.5
    endloop
  endfacet
  facet normal 0 0 -1
    outer loop
      vertex -20.7152 -18.8949 -2.5
      vertex -18.8367 -19.672 -2.5
      vertex -19.0033 -19.809 -2.5
    endloop
  endfacet
  facet normal 0 0 -1
    outer loop
      vertex -20.7152 -18.8949 -2.5
      vertex -19.0033 -19.809 -2.5
      vertex -19.1935 -19.9108 -2.5
    endloop
  endfacet
  facet normal 0 0 -1
    outer loop
      vertex -20.7152 -18.8949 -2.5
      vertex -19.1935 -19.9108 -2.5
      vertex -19.3999 -19.9736 -2.5
    endloop
  endfacet
  facet normal 0 0 -1
    outer loop
      vertex -20.7152 -18.8949 -2.5
      vertex -19.3999 -19.9736 -2.5
      vertex -19.6146 -19.9949 -2.5
    endloop
  endfacet
  facet normal 0 0 -1
    outer loop
      vertex -20.7152 -18.8949 -2.5
      vertex -19.6146 -19.9949 -2.5
      vertex -19.8292 -19.9739 -2.5
    endloop
  endfacet
  facet normal 0 0 -1
    outer loop
      vertex -20.7152 -18.8949 -2.5
      vertex -19.8292 -19.9739 -2.5
      vertex -20.0357 -19.9113 -2.5
    endloop
  endfacet
  facet normal 0 0 -1
    outer loop
      vertex -20.7152 -18.8949 -2.5
      vertex -20.0357 -19.9113 -2.5
      vertex -20.226 -19.8097 -2.5
    endloop
  endfacet
  facet normal 0 0 -1
    outer loop
      vertex -20.7152 -18.8949 -2.5
      vertex -20.226 -19.8097 -2.5
      vertex -20.3928 -19.6729 -2.5
    endloop
  endfacet
  facet normal 0 0 -1
    outer loop
      vertex -20.7152 -18.8949 -2.5
      vertex -20.3928 -19.6729 -2.5
      vertex -20.5297 -19.5062 -2.5
    endloop
  endfacet
  facet normal 0 0 -1
    outer loop
      vertex -20.7152 -18.8949 -2.5
      vertex -20.5297 -19.5062 -2.5
      vertex -20.6314 -19.316 -2.5
    endloop
  endfacet
  facet normal 0 0 -1
    outer loop
      vertex -20.7152 -18.8949 -2.5
      vertex -20.6314 -19.316 -2.5
      vertex -20.6941 -19.1096 -2.5
    endloop
  endfacet
  facet normal 0 0 -1
    outer loop
      vertex -18.5985 -19.3148 -2.5
      vertex -20.7152 -18.8949 -2.5
      vertex -20.7152 -0.226797 -2.5
    endloop
  endfacet
  facet normal 0 0 -1
    outer loop
      vertex -18.5985 -19.3148 -2.5
      vertex -20.7152 -0.226797 -2.5
      vertex -10.7152 -0.226797 -2.5
    endloop
  endfacet
  facet normal 0 -0 0
    outer loop
      vertex -14.3748 -0.226797 2.5
      vertex -10.7152 -0.226797 2.5
      vertex -15.5805 -0.226797 2.5
    endloop
  endfacet
  facet normal 0 -0 0
    outer loop
      vertex -15.5805 -0.226797 2.5
      vertex -10.7152 -0.226797 2.5
      vertex -18.4408 -0.226797 2.5
    endloop
  endfacet
  facet normal 0 -0 0
    outer loop
      vertex -18.4408 -0.226797 2.5
      vertex -10.7152 -0.226797 2.5
      vertex -20.1152 -0.226797 2.5
    endloop
  endfacet
  facet normal 0 0 0
    outer loop
      vertex -20.7152 -0.226797 2.5
      vertex -20.1152 -0.226797 2.5
      vertex -10.7152 -0.226797 2.5
    endloop
  endfacet
  facet normal -1 0 0
    outer loop
      vertex -20.7152 -0.397023 -2.5
      vertex -20.7152 -18.8949 -2.5
      vertex -20.7152 -0.397023 2.5
    endloop
  endfacet
  facet normal 0 0 0
    outer loop
      vertex -20.7152 -18.8949 -2.5
      vertex -20.7152 -0.397023 -2.5
      vertex -20.7152 -0.226797 -2.5
    endloop
  endfacet
  facet normal -0 0 0
    outer loop
      vertex -20.7152 -0.397023 2.5
      vertex -20.7152 -18.8949 2.5
      vertex -20.7152 -0.226797 2.5
    endloop
  endfacet
  facet normal -1 0 0
    outer loop
      vertex -20.7152 -18.8949 2.5
      vertex -20.7152 -0.397023 2.5
      vertex -20.7152 -18.8949 -2.5
    endloop
  endfacet
  facet normal 0.88234 -0.470612 0
    outer loop
      vertex -18.7 -19.5051 2.5
      vertex -18.5985 -19.3148 -2.5
      vertex -18.5985 -19.3148 2.5
    endloop
  endfacet
  facet normal 0.88234 -0.470612 0
    outer loop
      vertex -18.5985 -19.3148 -2.5
      vertex -18.7 -19.5051 2.5
      vertex -18.7 -19.5051 -2.5
    endloop
  endfacet
  facet normal 0.773627 -0.633642 0
    outer loop
      vertex -18.8367 -19.672 2.5
      vertex -18.7 -19.5051 -2.5
      vertex -18.7 -19.5051 2.5
    endloop
  endfacet
  facet normal 0.773627 -0.633642 0
    outer loop
      vertex -18.7 -19.5051 -2.5
      vertex -18.8367 -19.672 2.5
      vertex -18.8367 -19.672 -2.5
    endloop
  endfacet
  facet normal 0.635155 -0.772385 0
    outer loop
      vertex -19.0033 -19.809 -2.5
      vertex -18.8367 -19.672 2.5
      vertex -19.0033 -19.809 2.5
    endloop
  endfacet
  facet normal 0.635155 -0.772385 0
    outer loop
      vertex -18.8367 -19.672 2.5
      vertex -19.0033 -19.809 -2.5
      vertex -18.8367 -19.672 -2.5
    endloop
  endfacet
  facet normal 0.471887 -0.881659 0
    outer loop
      vertex -19.1935 -19.9108 -2.5
      vertex -19.0033 -19.809 2.5
      vertex -19.1935 -19.9108 2.5
    endloop
  endfacet
  facet normal 0.471887 -0.881659 0
    outer loop
      vertex -19.0033 -19.809 2.5
      vertex -19.1935 -19.9108 -2.5
      vertex -19.0033 -19.809 -2.5
    endloop
  endfacet
  facet normal 0.291088 -0.956696 0
    outer loop
      vertex -19.3999 -19.9736 -2.5
      vertex -19.1935 -19.9108 2.5
      vertex -19.3999 -19.9736 2.5
    endloop
  endfacet
  facet normal 0.291088 -0.956696 0
    outer loop
      vertex -19.1935 -19.9108 2.5
      vertex -19.3999 -19.9736 -2.5
      vertex -19.1935 -19.9108 -2.5
    endloop
  endfacet
  facet normal 0.0987236 -0.995115 0
    outer loop
      vertex -19.6146 -19.9949 -2.5
      vertex -19.3999 -19.9736 2.5
      vertex -19.6146 -19.9949 2.5
    endloop
  endfacet
  facet normal 0.0987236 -0.995115 0
    outer loop
      vertex -19.3999 -19.9736 2.5
      vertex -19.6146 -19.9949 -2.5
      vertex -19.3999 -19.9736 -2.5
    endloop
  endfacet
  facet normal -0.0973913 -0.995246 0
    outer loop
      vertex -19.8292 -19.9739 -2.5
      vertex -19.6146 -19.9949 2.5
      vertex -19.8292 -19.9739 2.5
    endloop
  endfacet
  facet normal -0.0973913 -0.995246 -0
    outer loop
      vertex -19.6146 -19.9949 2.5
      vertex -19.8292 -19.9739 -2.5
      vertex -19.6146 -19.9949 -2.5
    endloop
  endfacet
  facet normal -0.29011 -0.956993 0
    outer loop
      vertex -20.0357 -19.9113 -2.5
      vertex -19.8292 -19.9739 2.5
      vertex -20.0357 -19.9113 2.5
    endloop
  endfacet
  facet normal -0.29011 -0.956993 -0
    outer loop
      vertex -19.8292 -19.9739 2.5
      vertex -20.0357 -19.9113 -2.5
      vertex -19.8292 -19.9739 -2.5
    endloop
  endfacet
  facet normal -0.470973 -0.882148 0
    outer loop
      vertex -20.226 -19.8097 -2.5
      vertex -20.0357 -19.9113 2.5
      vertex -20.226 -19.8097 2.5
    endloop
  endfacet
  facet normal -0.470973 -0.882148 -0
    outer loop
      vertex -20.0357 -19.9113 2.5
      vertex -20.226 -19.8097 -2.5
      vertex -20.0357 -19.9113 -2.5
    endloop
  endfacet
  facet normal -0.634146 -0.773213 0
    outer loop
      vertex -20.3928 -19.6729 -2.5
      vertex -20.226 -19.8097 2.5
      vertex -20.3928 -19.6729 2.5
    endloop
  endfacet
  facet normal -0.634146 -0.773213 -0
    outer loop
      vertex -20.226 -19.8097 2.5
      vertex -20.3928 -19.6729 -2.5
      vertex -20.226 -19.8097 -2.5
    endloop
  endfacet
  facet normal -0.772799 -0.63465 0
    outer loop
      vertex -20.3928 -19.6729 -2.5
      vertex -20.5297 -19.5062 2.5
      vertex -20.5297 -19.5062 -2.5
    endloop
  endfacet
  facet normal -0.772799 -0.63465 0
    outer loop
      vertex -20.5297 -19.5062 2.5
      vertex -20.3928 -19.6729 -2.5
      vertex -20.3928 -19.6729 2.5
    endloop
  endfacet
  facet normal -0.881852 -0.471526 0
    outer loop
      vertex -20.5297 -19.5062 -2.5
      vertex -20.6314 -19.316 2.5
      vertex -20.6314 -19.316 -2.5
    endloop
  endfacet
  facet normal -0.881852 -0.471526 0
    outer loop
      vertex -20.6314 -19.316 2.5
      vertex -20.5297 -19.5062 -2.5
      vertex -20.5297 -19.5062 2.5
    endloop
  endfacet
  facet normal -0.956825 -0.290664 0
    outer loop
      vertex -20.6314 -19.316 -2.5
      vertex -20.6941 -19.1096 2.5
      vertex -20.6941 -19.1096 -2.5
    endloop
  endfacet
  facet normal -0.956825 -0.290664 0
    outer loop
      vertex -20.6941 -19.1096 2.5
      vertex -20.6314 -19.316 -2.5
      vertex -20.6314 -19.316 2.5
    endloop
  endfacet
  facet normal -0.995206 -0.0978055 0
    outer loop
      vertex -20.6941 -19.1096 -2.5
      vertex -20.7152 -18.8949 2.5
      vertex -20.7152 -18.8949 -2.5
    endloop
  endfacet
  facet normal -0.995206 -0.0978055 0
    outer loop
      vertex -20.7152 -18.8949 2.5
      vertex -20.6941 -19.1096 -2.5
      vertex -20.6941 -19.1096 2.5
    endloop
  endfacet
  facet normal 0.994527 -0.104477 0
    outer loop
      vertex -18.9283 -18.4515 3.2
      vertex -18.9152 -18.3268 2.5
      vertex -18.9152 -18.3268 3.2
    endloop
  endfacet
  facet normal 0.994527 -0.104477 0
    outer loop
      vertex -18.9152 -18.3268 2.5
      vertex -18.9283 -18.4515 3.2
      vertex -18.9283 -18.4515 2.5
    endloop
  endfacet
  facet normal 1 -0 0
    outer loop
      vertex -18.9152 -18.3268 3.2
      vertex -18.9152 -1.44945 2.5
      vertex -18.9152 -1.44945 3.2
    endloop
  endfacet
  facet normal 1 0 0
    outer loop
      vertex -18.9152 -1.44945 2.5
      vertex -18.9152 -18.3268 3.2
      vertex -18.9152 -18.3268 2.5
    endloop
  endfacet
  facet normal 0.406582 -0.913614 0
    outer loop
      vertex -19.3298 -18.8974 2.5
      vertex -19.2152 -18.8464 3.2
      vertex -19.3298 -18.8974 3.2
    endloop
  endfacet
  facet normal 0.406582 -0.913614 0
    outer loop
      vertex -19.2152 -18.8464 3.2
      vertex -19.3298 -18.8974 2.5
      vertex -19.2152 -18.8464 2.5
    endloop
  endfacet
  facet normal 0.866026 -0.499999 0
    outer loop
      vertex -19.0298 -18.6794 3.2
      vertex -18.9671 -18.5708 2.5
      vertex -18.9671 -18.5708 3.2
    endloop
  endfacet
  facet normal 0.866026 -0.499999 0
    outer loop
      vertex -18.9671 -18.5708 2.5
      vertex -19.0298 -18.6794 3.2
      vertex -19.0298 -18.6794 2.5
    endloop
  endfacet
  facet normal -0.208059 -0.978116 0
    outer loop
      vertex -19.7006 -18.8974 2.5
      vertex -19.5779 -18.9235 3.2
      vertex -19.7006 -18.8974 3.2
    endloop
  endfacet
  facet normal -0.208059 -0.978116 -0
    outer loop
      vertex -19.5779 -18.9235 3.2
      vertex -19.7006 -18.8974 2.5
      vertex -19.5779 -18.9235 2.5
    endloop
  endfacet
  facet normal -0.587555 -0.809184 0
    outer loop
      vertex -19.9167 -18.7727 2.5
      vertex -19.8152 -18.8464 3.2
      vertex -19.9167 -18.7727 3.2
    endloop
  endfacet
  facet normal -0.587555 -0.809184 -0
    outer loop
      vertex -19.8152 -18.8464 3.2
      vertex -19.9167 -18.7727 2.5
      vertex -19.8152 -18.8464 2.5
    endloop
  endfacet
  facet normal -0.743571 -0.668656 0
    outer loop
      vertex -19.9167 -18.7727 2.5
      vertex -20.0006 -18.6794 3.2
      vertex -20.0006 -18.6794 2.5
    endloop
  endfacet
  facet normal -0.743571 -0.668656 0
    outer loop
      vertex -20.0006 -18.6794 3.2
      vertex -19.9167 -18.7727 2.5
      vertex -19.9167 -18.7727 3.2
    endloop
  endfacet
  facet normal -0.406582 -0.913614 0
    outer loop
      vertex -19.8152 -18.8464 2.5
      vertex -19.7006 -18.8974 3.2
      vertex -19.8152 -18.8464 3.2
    endloop
  endfacet
  facet normal -0.406582 -0.913614 -0
    outer loop
      vertex -19.7006 -18.8974 3.2
      vertex -19.8152 -18.8464 2.5
      vertex -19.7006 -18.8974 2.5
    endloop
  endfacet
  facet normal -0.95097 -0.309284 0
    outer loop
      vertex -20.0633 -18.5708 2.5
      vertex -20.1021 -18.4515 3.2
      vertex -20.1021 -18.4515 2.5
    endloop
  endfacet
  facet normal -0.95097 -0.309284 0
    outer loop
      vertex -20.1021 -18.4515 3.2
      vertex -20.0633 -18.5708 2.5
      vertex -20.0633 -18.5708 3.2
    endloop
  endfacet
  facet normal 0 0 1
    outer loop
      vertex 13.3294 7.03526 3.2
      vertex 12.4514 7.91327 3.2
      vertex 13.3294 7.03525 3.2
    endloop
  endfacet
  facet normal 0 0 1
    outer loop
      vertex 20.0825 0.198156 3.2
      vertex 20.1124 -0.0671821 3.2
      vertex 20.1124 0.0671699 3.2
    endloop
  endfacet
  facet normal 0 0 1
    outer loop
      vertex 20.0825 0.198156 3.2
      vertex 20.0825 -0.198168 3.2
      vertex 20.1124 -0.0671821 3.2
    endloop
  endfacet
  facet normal 0 0 1
    outer loop
      vertex 20.0242 0.319215 3.2
      vertex 20.0825 -0.198168 3.2
      vertex 20.0825 0.198156 3.2
    endloop
  endfacet
  facet normal 0 0 1
    outer loop
      vertex 20.0242 0.319215 3.2
      vertex 20.0242 -0.319227 3.2
      vertex 20.0825 -0.198168 3.2
    endloop
  endfacet
  facet normal 0 0 1
    outer loop
      vertex 19.9404 0.424252 3.2
      vertex 20.0242 -0.319227 3.2
      vertex 20.0242 0.319215 3.2
    endloop
  endfacet
  facet normal 0 0 1
    outer loop
      vertex 19.9404 0.424252 3.2
      vertex 19.9404 -0.424264 3.2
      vertex 20.0242 -0.319227 3.2
    endloop
  endfacet
  facet normal 0 0 1
    outer loop
      vertex 19.9404 0.424252 3.2
      vertex 18.6676 -6.06915e-06 3.2
      vertex 19.9404 -0.424264 3.2
    endloop
  endfacet
  facet normal 0 0 1
    outer loop
      vertex 13.3294 7.03525 3.2
      vertex 18.6676 -6.06915e-06 3.2
      vertex 19.9404 0.424252 3.2
    endloop
  endfacet
  facet normal -0 0 1
    outer loop
      vertex 12.4514 7.91326 3.2
      vertex 13.3294 7.03525 3.2
      vertex 12.4514 7.91327 3.2
    endloop
  endfacet
  facet normal 0 0 1
    outer loop
      vertex 13.3294 7.03525 3.2
      vertex 12.4514 7.91326 3.2
      vertex 12.2552 6.41241 3.2
    endloop
  endfacet
  facet normal 0 0 1
    outer loop
      vertex 13.3294 7.03525 3.2
      vertex 12.2552 6.41241 3.2
      vertex 18.6676 -6.06915e-06 3.2
    endloop
  endfacet
  facet normal 0 0 1
    outer loop
      vertex 12.4514 7.91326 3.2
      vertex 11.3772 7.29042 3.2
      vertex 12.2552 6.41241 3.2
    endloop
  endfacet
  facet normal -0 0 1
    outer loop
      vertex 0 18.6676 3.2
      vertex 12.4514 7.91326 3.2
      vertex 0.424258 19.9404 3.2
    endloop
  endfacet
  facet normal 0 0 1
    outer loop
      vertex -0.424258 19.9404 3.2
      vertex 0.424258 19.9404 3.2
      vertex 0.319221 20.0242 3.2
    endloop
  endfacet
  facet normal 0 0 1
    outer loop
      vertex -0.424258 19.9404 3.2
      vertex 0.319221 20.0242 3.2
      vertex 0.198162 20.0825 3.2
    endloop
  endfacet
  facet normal 0 0 1
    outer loop
      vertex -0.424258 19.9404 3.2
      vertex 0.198162 20.0825 3.2
      vertex 0.067176 20.1123 3.2
    endloop
  endfacet
  facet normal 0 0 1
    outer loop
      vertex 12.4514 7.91326 3.2
      vertex 0 18.6676 3.2
      vertex 11.3772 7.29042 3.2
    endloop
  endfacet
  facet normal 0 0 1
    outer loop
      vertex -0.424258 19.9404 3.2
      vertex 0.067176 20.1123 3.2
      vertex -0.067176 20.1123 3.2
    endloop
  endfacet
  facet normal 0 0 1
    outer loop
      vertex -0.424258 19.9404 3.2
      vertex -0.067176 20.1123 3.2
      vertex -0.198162 20.0825 3.2
    endloop
  endfacet
  facet normal 0 0 1
    outer loop
      vertex -0.424258 19.9404 3.2
      vertex -0.198162 20.0825 3.2
      vertex -0.319221 20.0242 3.2
    endloop
  endfacet
  facet normal 0 0 1
    outer loop
      vertex 0.424258 19.9404 3.2
      vertex -0.424258 19.9404 3.2
      vertex 0 18.6676 3.2
    endloop
  endfacet
  facet normal 0 0 1
    outer loop
      vertex -12.4514 7.91326 3.2
      vertex 0 18.6676 3.2
      vertex -0.424258 19.9404 3.2
    endloop
  endfacet
  facet normal 0 0 1
    outer loop
      vertex 0 18.6676 3.2
      vertex -12.4514 7.91326 3.2
      vertex -11.3772 7.29042 3.2
    endloop
  endfacet
  facet normal 0 0 1
    outer loop
      vertex -11.3772 7.29042 3.2
      vertex -12.4514 7.91326 3.2
      vertex -12.2552 6.41241 3.2
    endloop
  endfacet
  facet normal 0 0 1
    outer loop
      vertex -13.3294 7.03525 3.2
      vertex -12.4514 7.91326 3.2
      vertex -12.4514 7.91327 3.2
    endloop
  endfacet
  facet normal 0 0 1
    outer loop
      vertex -12.4514 7.91326 3.2
      vertex -13.3294 7.03525 3.2
      vertex -12.2552 6.41241 3.2
    endloop
  endfacet
  facet normal 0 0 1
    outer loop
      vertex -13.3294 7.03525 3.2
      vertex -18.6676 -6.06915e-06 3.2
      vertex -12.2552 6.41241 3.2
    endloop
  endfacet
  facet normal 0 0 1
    outer loop
      vertex -20.1152 -18.3268 3.2
      vertex -18.9152 -18.3268 3.2
      vertex -18.9152 -1.44945 3.2
    endloop
  endfacet
  facet normal 0 0 1
    outer loop
      vertex -18.9152 -18.3268 3.2
      vertex -20.1152 -18.3268 3.2
      vertex -18.9283 -18.4515 3.2
    endloop
  endfacet
  facet normal 0 0 1
    outer loop
      vertex -18.9283 -18.4515 3.2
      vertex -20.1152 -18.3268 3.2
      vertex -18.9671 -18.5708 3.2
    endloop
  endfacet
  facet normal 0 0 1
    outer loop
      vertex -18.9671 -18.5708 3.2
      vertex -20.1152 -18.3268 3.2
      vertex -19.0298 -18.6794 3.2
    endloop
  endfacet
  facet normal 0 0 1
    outer loop
      vertex -19.0298 -18.6794 3.2
      vertex -20.1152 -18.3268 3.2
      vertex -19.1137 -18.7727 3.2
    endloop
  endfacet
  facet normal 0 0 1
    outer loop
      vertex -19.1137 -18.7727 3.2
      vertex -20.1152 -18.3268 3.2
      vertex -19.2152 -18.8464 3.2
    endloop
  endfacet
  facet normal 0 0 1
    outer loop
      vertex -19.2152 -18.8464 3.2
      vertex -20.1152 -18.3268 3.2
      vertex -19.3298 -18.8974 3.2
    endloop
  endfacet
  facet normal 0 0 1
    outer loop
      vertex -19.3298 -18.8974 3.2
      vertex -20.1152 -18.3268 3.2
      vertex -19.4525 -18.9235 3.2
    endloop
  endfacet
  facet normal 0 0 1
    outer loop
      vertex -19.4525 -18.9235 3.2
      vertex -20.1152 -18.3268 3.2
      vertex -19.5779 -18.9235 3.2
    endloop
  endfacet
  facet normal 0 0 1
    outer loop
      vertex -19.5779 -18.9235 3.2
      vertex -20.1152 -18.3268 3.2
      vertex -19.7006 -18.8974 3.2
    endloop
  endfacet
  facet normal 0 0 1
    outer loop
      vertex -19.7006 -18.8974 3.2
      vertex -20.1152 -18.3268 3.2
      vertex -19.8152 -18.8464 3.2
    endloop
  endfacet
  facet normal -0 0 1
    outer loop
      vertex -19.9404 0.424252 3.2
      vertex -18.6676 -6.06915e-06 3.2
      vertex -13.3294 7.03525 3.2
    endloop
  endfacet
  facet normal 0 0 1
    outer loop
      vertex -20.1028 -0.108981 3.2
      vertex -18.6676 -6.06915e-06 3.2
      vertex -19.9404 0.424252 3.2
    endloop
  endfacet
  facet normal 0 0 1
    outer loop
      vertex -20.1152 -0.226797 3.2
      vertex -18.6676 -6.06915e-06 3.2
      vertex -20.1028 -0.108981 3.2
    endloop
  endfacet
  facet normal 0 0 1
    outer loop
      vertex -20.1152 -18.3268 3.2
      vertex -18.9152 -1.44945 3.2
      vertex -20.1152 -0.226797 3.2
    endloop
  endfacet
  facet normal 0 0 1
    outer loop
      vertex -20.1028 -0.108981 3.2
      vertex -19.9404 0.424252 3.2
      vertex -20.0242 0.319215 3.2
    endloop
  endfacet
  facet normal 0 0 1
    outer loop
      vertex -19.8152 -18.8464 3.2
      vertex -20.1152 -18.3268 3.2
      vertex -19.9167 -18.7727 3.2
    endloop
  endfacet
  facet normal 0 0 1
    outer loop
      vertex -20.1028 -0.108981 3.2
      vertex -20.0242 0.319215 3.2
      vertex -20.0825 0.198156 3.2
    endloop
  endfacet
  facet normal 0 0 1
    outer loop
      vertex -18.6676 -6.06915e-06 3.2
      vertex -20.1152 -0.226797 3.2
      vertex -18.9152 -1.44945 3.2
    endloop
  endfacet
  facet normal 0 0 1
    outer loop
      vertex -19.9167 -18.7727 3.2
      vertex -20.1152 -18.3268 3.2
      vertex -20.0006 -18.6794 3.2
    endloop
  endfacet
  facet normal -0 0 1
    outer loop
      vertex -20.1124 0.0671699 3.2
      vertex -20.1028 -0.108981 3.2
      vertex -20.0825 0.198156 3.2
    endloop
  endfacet
  facet normal 0 0 1
    outer loop
      vertex -20.1028 -0.108981 3.2
      vertex -20.1124 0.0671699 3.2
      vertex -20.1124 -0.0671821 3.2
    endloop
  endfacet
  facet normal 0 0 1
    outer loop
      vertex 18.6676 -6.06915e-06 3.2
      vertex 13.3294 -7.03526 3.2
      vertex 19.9404 -0.424264 3.2
    endloop
  endfacet
  facet normal -0 0 1
    outer loop
      vertex 12.2552 -6.41241 3.2
      vertex 13.3294 -7.03526 3.2
      vertex 18.6676 -6.06915e-06 3.2
    endloop
  endfacet
  facet normal 0 -0 1
    outer loop
      vertex 12.4514 -7.91327 3.2
      vertex 13.3294 -7.03526 3.2
      vertex 12.2552 -6.41241 3.2
    endloop
  endfacet
  facet normal -0 0 1
    outer loop
      vertex 11.3772 -7.29042 3.2
      vertex 12.4514 -7.91327 3.2
      vertex 12.2552 -6.41241 3.2
    endloop
  endfacet
  facet normal 0 0 1
    outer loop
      vertex 0 -18.6676 3.2
      vertex 12.4514 -7.91327 3.2
      vertex 11.3772 -7.29042 3.2
    endloop
  endfacet
  facet normal 0 0 1
    outer loop
      vertex 12.4514 -7.91327 3.2
      vertex 0 -18.6676 3.2
      vertex 0.424258 -19.9404 3.2
    endloop
  endfacet
  facet normal 0 0 1
    outer loop
      vertex -0.424258 -19.9404 3.2
      vertex 0.424258 -19.9404 3.2
      vertex 0 -18.6676 3.2
    endloop
  endfacet
  facet normal 0 0 1
    outer loop
      vertex 0.424258 -19.9404 3.2
      vertex -0.424258 -19.9404 3.2
      vertex 0.319221 -20.0242 3.2
    endloop
  endfacet
  facet normal 0 0 1
    outer loop
      vertex 0.319221 -20.0242 3.2
      vertex -0.424258 -19.9404 3.2
      vertex 0.198162 -20.0825 3.2
    endloop
  endfacet
  facet normal 0 0 1
    outer loop
      vertex 0.198162 -20.0825 3.2
      vertex -0.424258 -19.9404 3.2
      vertex 0.067176 -20.1124 3.2
    endloop
  endfacet
  facet normal 0 0 1
    outer loop
      vertex 0.067176 -20.1124 3.2
      vertex -0.424258 -19.9404 3.2
      vertex -0.067176 -20.1124 3.2
    endloop
  endfacet
  facet normal 0 0 1
    outer loop
      vertex -0.067176 -20.1124 3.2
      vertex -0.424258 -19.9404 3.2
      vertex -0.198162 -20.0825 3.2
    endloop
  endfacet
  facet normal 0 0 1
    outer loop
      vertex -0.198162 -20.0825 3.2
      vertex -0.424258 -19.9404 3.2
      vertex -0.319221 -20.0242 3.2
    endloop
  endfacet
  facet normal -0 0 1
    outer loop
      vertex -12.4514 -7.91327 3.2
      vertex 0 -18.6676 3.2
      vertex -11.3772 -7.29042 3.2
    endloop
  endfacet
  facet normal 0 0 1
    outer loop
      vertex -12.4514 -7.91327 3.2
      vertex -11.3772 -7.29042 3.2
      vertex -12.2552 -6.41241 3.2
    endloop
  endfacet
  facet normal 0 0 1
    outer loop
      vertex 0 -18.6676 3.2
      vertex -12.4514 -7.91327 3.2
      vertex -0.424258 -19.9404 3.2
    endloop
  endfacet
  facet normal -0 0 1
    outer loop
      vertex -13.3294 -7.03526 3.2
      vertex -12.4514 -7.91327 3.2
      vertex -12.2552 -6.41241 3.2
    endloop
  endfacet
  facet normal -0 0 1
    outer loop
      vertex -18.9152 -1.44945 3.2
      vertex -12.2552 -6.41241 3.2
      vertex -18.6676 -6.06915e-06 3.2
    endloop
  endfacet
  facet normal 0 0 1
    outer loop
      vertex -12.2552 -6.41241 3.2
      vertex -18.9152 -1.44945 3.2
      vertex -13.3294 -7.03526 3.2
    endloop
  endfacet
  facet normal 0 0 1
    outer loop
      vertex -20.0006 -18.6794 3.2
      vertex -20.1152 -18.3268 3.2
      vertex -20.0633 -18.5708 3.2
    endloop
  endfacet
  facet normal 0 0 1
    outer loop
      vertex -20.0633 -18.5708 3.2
      vertex -20.1152 -18.3268 3.2
      vertex -20.1021 -18.4515 3.2
    endloop
  endfacet
  facet normal 0 0 1
    outer loop
      vertex -12.4514 7.91327 3.2
      vertex -13.3294 7.03526 3.2
      vertex -13.3294 7.03525 3.2
    endloop
  endfacet
  facet normal 0 0 1
    outer loop
      vertex -10.8578 -4.31264 3.2
      vertex -10.7343 -5.53056 3.2
      vertex -9.97064 -4.40001 3.2
    endloop
  endfacet
  facet normal 0 0 1
    outer loop
      vertex -10.8578 -4.31264 3.2
      vertex -11.0343 -5.50102 3.2
      vertex -10.7343 -5.53056 3.2
    endloop
  endfacet
  facet normal 0 0 1
    outer loop
      vertex -10.8578 -4.31264 3.2
      vertex -11.0925 -5.49239 3.2
      vertex -11.0343 -5.50102 3.2
    endloop
  endfacet
  facet normal 0 0 1
    outer loop
      vertex -10.8578 -4.31264 3.2
      vertex -11.1496 -5.47807 3.2
      vertex -11.0925 -5.49239 3.2
    endloop
  endfacet
  facet normal 0 0 1
    outer loop
      vertex -11.6827 -4.06239 3.2
      vertex -11.1496 -5.47807 3.2
      vertex -10.8578 -4.31264 3.2
    endloop
  endfacet
  facet normal 0 0 1
    outer loop
      vertex -11.6827 -4.06239 3.2
      vertex -12.0876 -5.19354 3.2
      vertex -11.1496 -5.47807 3.2
    endloop
  endfacet
  facet normal 0 0 1
    outer loop
      vertex -11.6827 -4.06239 3.2
      vertex -12.143 -5.17371 3.2
      vertex -12.0876 -5.19354 3.2
    endloop
  endfacet
  facet normal -0 0 1
    outer loop
      vertex -12.1975 -5.14783 3.2
      vertex -12.143 -5.17371 3.2
      vertex -11.6827 -4.06239 3.2
    endloop
  endfacet
  facet normal 0 0 1
    outer loop
      vertex -12.143 -5.17371 3.2
      vertex -12.1975 -5.14783 3.2
      vertex -12.1962 -5.14853 3.2
    endloop
  endfacet
  facet normal 0 0 1
    outer loop
      vertex -12.4429 -3.65602 3.2
      vertex -12.1975 -5.14783 3.2
      vertex -11.6827 -4.06239 3.2
    endloop
  endfacet
  facet normal 0 0 1
    outer loop
      vertex -12.4429 -3.65602 3.2
      vertex -13.0607 -4.68648 3.2
      vertex -12.1975 -5.14783 3.2
    endloop
  endfacet
  facet normal 0 0 1
    outer loop
      vertex -13.1585 -4.62114 3.2
      vertex -12.4429 -3.65602 3.2
      vertex -13.1092 -3.10922 3.2
    endloop
  endfacet
  facet normal 0 0 1
    outer loop
      vertex -12.4429 -3.65602 3.2
      vertex -13.1585 -4.62114 3.2
      vertex -13.0607 -4.68648 3.2
    endloop
  endfacet
  facet normal 0 0 1
    outer loop
      vertex -13.0607 -4.68648 3.2
      vertex -13.1585 -4.62114 3.2
      vertex -13.1112 -4.6562 3.2
    endloop
  endfacet
  facet normal 0 0 1
    outer loop
      vertex -14.0008 -3.91435 3.2
      vertex -13.1092 -3.10922 3.2
      vertex -13.6561 -2.44283 3.2
    endloop
  endfacet
  facet normal 0 0 1
    outer loop
      vertex -13.1092 -3.10922 3.2
      vertex -13.9162 -3.99933 3.2
      vertex -13.1585 -4.62114 3.2
    endloop
  endfacet
  facet normal 0 0 1
    outer loop
      vertex -13.1092 -3.10922 3.2
      vertex -14.0008 -3.91435 3.2
      vertex -13.9162 -3.99933 3.2
    endloop
  endfacet
  facet normal 0 0 1
    outer loop
      vertex -13.9162 -3.99933 3.2
      vertex -14.0008 -3.91435 3.2
      vertex -13.9598 -3.95978 3.2
    endloop
  endfacet
  facet normal 0 0 1
    outer loop
      vertex -13.9598 -3.95978 3.2
      vertex -14.0008 -3.91435 3.2
      vertex -13.9993 -3.91615 3.2
    endloop
  endfacet
  facet normal 0 0 1
    outer loop
      vertex -14.6865 -3.06068 3.2
      vertex -13.6561 -2.44283 3.2
      vertex -14.0624 -1.68266 3.2
    endloop
  endfacet
  facet normal 0 0 1
    outer loop
      vertex -15.1935 -2.08757 3.2
      vertex -14.0624 -1.68266 3.2
      vertex -14.3126 -0.857773 3.2
    endloop
  endfacet
  facet normal 0 0 1
    outer loop
      vertex -13.6561 -2.44283 3.2
      vertex -14.6211 -3.15848 3.2
      vertex -14.0008 -3.91435 3.2
    endloop
  endfacet
  facet normal 0 0 1
    outer loop
      vertex -15.501 -1.03426 3.2
      vertex -14.3126 -0.857773 3.2
      vertex -14.3971 7.62939e-05 3.2
    endloop
  endfacet
  facet normal -0 0 1
    outer loop
      vertex -15.1935 2.08757 3.2
      vertex -14.0624 1.68268 3.2
      vertex -15.1478 2.19751 3.2
    endloop
  endfacet
  facet normal 0 0 1
    outer loop
      vertex -14.6865 3.06068 3.2
      vertex -14.6211 3.15848 3.2
      vertex -14.6562 3.11118 3.2
    endloop
  endfacet
  facet normal 0 0 1
    outer loop
      vertex -14.0624 1.68268 3.2
      vertex -15.1935 2.08757 3.2
      vertex -14.3126 0.857773 3.2
    endloop
  endfacet
  facet normal 0 0 1
    outer loop
      vertex -13.6561 -2.44283 3.2
      vertex -14.6865 -3.06068 3.2
      vertex -14.6211 -3.15848 3.2
    endloop
  endfacet
  facet normal 0 0 1
    outer loop
      vertex -14.6211 -3.15848 3.2
      vertex -14.6865 -3.06068 3.2
      vertex -14.6562 -3.11118 3.2
    endloop
  endfacet
  facet normal -0 0 1
    outer loop
      vertex -15.4781 1.14961 3.2
      vertex -14.3126 0.857773 3.2
      vertex -15.1935 2.08757 3.2
    endloop
  endfacet
  facet normal 0 0 1
    outer loop
      vertex -15.1737 2.14301 3.2
      vertex -15.1478 2.19751 3.2
      vertex -15.1485 2.19624 3.2
    endloop
  endfacet
  facet normal 0 0 1
    outer loop
      vertex -14.0624 -1.68266 3.2
      vertex -15.1485 -2.19624 3.2
      vertex -14.6865 -3.06068 3.2
    endloop
  endfacet
  facet normal 0 0 1
    outer loop
      vertex -15.1478 2.19751 3.2
      vertex -15.1737 2.14301 3.2
      vertex -15.1935 2.08757 3.2
    endloop
  endfacet
  facet normal -0 0 1
    outer loop
      vertex -15.501 1.03426 3.2
      vertex -14.3126 0.857773 3.2
      vertex -15.4781 1.14961 3.2
    endloop
  endfacet
  facet normal 0 0 1
    outer loop
      vertex -14.0624 -1.68266 3.2
      vertex -15.1935 -2.08757 3.2
      vertex -15.1485 -2.19624 3.2
    endloop
  endfacet
  facet normal 0 0 1
    outer loop
      vertex -15.1485 -2.19624 3.2
      vertex -15.1935 -2.08757 3.2
      vertex -15.1737 -2.14301 3.2
    endloop
  endfacet
  facet normal 0 0 1
    outer loop
      vertex -14.3126 0.857773 3.2
      vertex -15.501 1.03426 3.2
      vertex -14.3971 7.62939e-05 3.2
    endloop
  endfacet
  facet normal 0 0 1
    outer loop
      vertex -14.3126 -0.857773 3.2
      vertex -15.4781 -1.14961 3.2
      vertex -15.1935 -2.08757 3.2
    endloop
  endfacet
  facet normal 0 0 1
    outer loop
      vertex -15.501 1.03426 3.2
      vertex -15.4781 1.14961 3.2
      vertex -15.4924 1.0925 3.2
    endloop
  endfacet
  facet normal -0 0 1
    outer loop
      vertex -15.5969 0.0605927 3.2
      vertex -14.3971 7.62939e-05 3.2
      vertex -15.501 1.03426 3.2
    endloop
  endfacet
  facet normal 0 0 1
    outer loop
      vertex -14.3126 -0.857773 3.2
      vertex -15.501 -1.03426 3.2
      vertex -15.4781 -1.14961 3.2
    endloop
  endfacet
  facet normal 0 0 1
    outer loop
      vertex -15.4781 -1.14961 3.2
      vertex -15.501 -1.03426 3.2
      vertex -15.4924 -1.0925 3.2
    endloop
  endfacet
  facet normal 0 0 1
    outer loop
      vertex -14.3971 7.62939e-05 3.2
      vertex -15.5967 -0.0621948 3.2
      vertex -15.501 -1.03426 3.2
    endloop
  endfacet
  facet normal 0 0 1
    outer loop
      vertex -14.3971 7.62939e-05 3.2
      vertex -15.5969 0.0605927 3.2
      vertex -15.5967 -0.0621948 3.2
    endloop
  endfacet
  facet normal -0 0 1
    outer loop
      vertex -15.5971 0.0588074 3.2
      vertex -15.5967 -0.0621948 3.2
      vertex -15.5969 0.0605927 3.2
    endloop
  endfacet
  facet normal 0 0 1
    outer loop
      vertex -15.5971 0.0588074 3.2
      vertex -15.5971 -0.0588074 3.2
      vertex -15.5967 -0.0621948 3.2
    endloop
  endfacet
  facet normal 0 -0 1
    outer loop
      vertex -15.5971 -0.0588074 3.2
      vertex -15.5971 0.0588074 3.2
      vertex -15.6 0 3.2
    endloop
  endfacet
  facet normal 0 0 1
    outer loop
      vertex -10.7343 5.53056 3.2
      vertex -10.8578 4.31262 3.2
      vertex -9.97047 4.40001 3.2
    endloop
  endfacet
  facet normal -0 0 1
    outer loop
      vertex -11.0343 5.50102 3.2
      vertex -10.8578 4.31262 3.2
      vertex -10.7343 5.53056 3.2
    endloop
  endfacet
  facet normal -0 0 1
    outer loop
      vertex -11.0925 5.49239 3.2
      vertex -10.8578 4.31262 3.2
      vertex -11.0343 5.50102 3.2
    endloop
  endfacet
  facet normal -0 0 1
    outer loop
      vertex -11.1496 5.47807 3.2
      vertex -10.8578 4.31262 3.2
      vertex -11.0925 5.49239 3.2
    endloop
  endfacet
  facet normal 0 0 1
    outer loop
      vertex -11.1496 5.47807 3.2
      vertex -11.6827 4.06241 3.2
      vertex -10.8578 4.31262 3.2
    endloop
  endfacet
  facet normal -0 0 1
    outer loop
      vertex -12.0876 5.19354 3.2
      vertex -11.6827 4.06241 3.2
      vertex -11.1496 5.47807 3.2
    endloop
  endfacet
  facet normal -0 0 1
    outer loop
      vertex -12.143 5.17371 3.2
      vertex -11.6827 4.06241 3.2
      vertex -12.0876 5.19354 3.2
    endloop
  endfacet
  facet normal -0 0 1
    outer loop
      vertex -12.1962 5.14853 3.2
      vertex -11.6827 4.06241 3.2
      vertex -12.143 5.17371 3.2
    endloop
  endfacet
  facet normal 0 0 1
    outer loop
      vertex -12.1962 5.14853 3.2
      vertex -12.4428 3.6561 3.2
      vertex -11.6827 4.06241 3.2
    endloop
  endfacet
  facet normal -0 0 1
    outer loop
      vertex -13.0607 4.68648 3.2
      vertex -12.4428 3.6561 3.2
      vertex -12.1962 5.14853 3.2
    endloop
  endfacet
  facet normal -0 0 1
    outer loop
      vertex -13.1585 4.62114 3.2
      vertex -12.4428 3.6561 3.2
      vertex -13.0607 4.68648 3.2
    endloop
  endfacet
  facet normal 0 0 1
    outer loop
      vertex -13.1585 4.62114 3.2
      vertex -13.0607 4.68648 3.2
      vertex -13.1112 4.6562 3.2
    endloop
  endfacet
  facet normal 0 0 1
    outer loop
      vertex -12.4428 3.6561 3.2
      vertex -13.1585 4.62114 3.2
      vertex -13.1092 3.10921 3.2
    endloop
  endfacet
  facet normal -0 0 1
    outer loop
      vertex -13.9144 4.00078 3.2
      vertex -13.1092 3.10921 3.2
      vertex -13.1585 4.62114 3.2
    endloop
  endfacet
  facet normal -0 0 1
    outer loop
      vertex -13.9993 3.91615 3.2
      vertex -13.1092 3.10921 3.2
      vertex -13.9144 4.00078 3.2
    endloop
  endfacet
  facet normal 0 0 1
    outer loop
      vertex -13.9993 3.91615 3.2
      vertex -13.9144 4.00078 3.2
      vertex -13.9162 3.99933 3.2
    endloop
  endfacet
  facet normal 0 0 1
    outer loop
      vertex -13.9993 3.91615 3.2
      vertex -13.9162 3.99933 3.2
      vertex -13.9598 3.95978 3.2
    endloop
  endfacet
  facet normal 0 0 1
    outer loop
      vertex -13.1092 3.10921 3.2
      vertex -13.9993 3.91615 3.2
      vertex -13.656 2.44295 3.2
    endloop
  endfacet
  facet normal -0 0 1
    outer loop
      vertex -14.6211 3.15848 3.2
      vertex -13.656 2.44295 3.2
      vertex -13.9993 3.91615 3.2
    endloop
  endfacet
  facet normal -0 0 1
    outer loop
      vertex -14.6865 3.06068 3.2
      vertex -13.656 2.44295 3.2
      vertex -14.6211 3.15848 3.2
    endloop
  endfacet
  facet normal -0 0 1
    outer loop
      vertex -15.1478 2.19751 3.2
      vertex -14.0624 1.68268 3.2
      vertex -14.6865 3.06068 3.2
    endloop
  endfacet
  facet normal 0 0 1
    outer loop
      vertex -13.656 2.44295 3.2
      vertex -14.6865 3.06068 3.2
      vertex -14.0624 1.68268 3.2
    endloop
  endfacet
  facet normal 0 0 1
    outer loop
      vertex -1.19612 0 3.2
      vertex -6.39229 -4.40001 3.2
      vertex 0 -0.693558 3.2
    endloop
  endfacet
  facet normal 0 0 1
    outer loop
      vertex -8.78455 -4.40001 3.2
      vertex -6.39229 -4.40001 3.2
      vertex -1.19612 0 3.2
    endloop
  endfacet
  facet normal 0 0 1
    outer loop
      vertex -6.39229 -4.40001 3.2
      vertex -8.78455 -4.40001 3.2
      vertex -8.46183 -5.59999 3.2
    endloop
  endfacet
  facet normal -0 0 1
    outer loop
      vertex -9.97064 -4.40001 3.2
      vertex -8.46183 -5.59999 3.2
      vertex -8.78455 -4.40001 3.2
    endloop
  endfacet
  facet normal -0 0 1
    outer loop
      vertex -10.7343 -5.53056 3.2
      vertex -8.46183 -5.59999 3.2
      vertex -9.97064 -4.40001 3.2
    endloop
  endfacet
  facet normal 0 0 1
    outer loop
      vertex -10.7343 -5.53056 3.2
      vertex -11.3772 -7.29042 3.2
      vertex -8.46183 -5.59999 3.2
    endloop
  endfacet
  facet normal 0 -0 1
    outer loop
      vertex -11.3772 -7.29042 3.2
      vertex -10.7343 -5.53056 3.2
      vertex -12.2552 -6.41241 3.2
    endloop
  endfacet
  facet normal 0 0 1
    outer loop
      vertex 8.46183 5.59999 3.2
      vertex -6.39229 4.40001 3.2
      vertex 6.39229 4.40001 3.2
    endloop
  endfacet
  facet normal 0 -0 1
    outer loop
      vertex -6.39229 4.40001 3.2
      vertex 8.46183 5.59999 3.2
      vertex -8.46183 5.59999 3.2
    endloop
  endfacet
  facet normal -0 0 1
    outer loop
      vertex -6.39229 -4.40001 3.2
      vertex 8.46183 -5.59999 3.2
      vertex 6.39229 -4.40001 3.2
    endloop
  endfacet
  facet normal 0 0 1
    outer loop
      vertex 8.46183 -5.59999 3.2
      vertex -6.39229 -4.40001 3.2
      vertex -8.46183 -5.59999 3.2
    endloop
  endfacet
  facet normal 0 0 1
    outer loop
      vertex 10.7343 -5.53056 3.2
      vertex 11.3772 -7.29042 3.2
      vertex 12.2552 -6.41241 3.2
    endloop
  endfacet
  facet normal 0 0 1
    outer loop
      vertex 8.46183 -5.59999 3.2
      vertex 10.7343 -5.53056 3.2
      vertex 9.97047 -4.40001 3.2
    endloop
  endfacet
  facet normal 0 0 1
    outer loop
      vertex 8.46183 -5.59999 3.2
      vertex 9.97047 -4.40001 3.2
      vertex 8.78455 -4.40001 3.2
    endloop
  endfacet
  facet normal 0 0 1
    outer loop
      vertex 10.7343 -5.53056 3.2
      vertex 8.46183 -5.59999 3.2
      vertex 11.3772 -7.29042 3.2
    endloop
  endfacet
  facet normal 0 0 1
    outer loop
      vertex 8.78455 -4.40001 3.2
      vertex 6.39229 -4.40001 3.2
      vertex 8.46183 -5.59999 3.2
    endloop
  endfacet
  facet normal 0 0 1
    outer loop
      vertex 1.19612 0 3.2
      vertex 6.39229 -4.40001 3.2
      vertex 8.78455 -4.40001 3.2
    endloop
  endfacet
  facet normal 0 0 1
    outer loop
      vertex 0 -0.693558 3.2
      vertex 1.19612 0 3.2
      vertex 0 0.693558 3.2
    endloop
  endfacet
  facet normal 0 0 1
    outer loop
      vertex 1.19612 0 3.2
      vertex 0 -0.693558 3.2
      vertex 6.39229 -4.40001 3.2
    endloop
  endfacet
  facet normal 0 0 1
    outer loop
      vertex 0 0.693558 3.2
      vertex -1.19612 0 3.2
      vertex 0 -0.693558 3.2
    endloop
  endfacet
  facet normal 0 0 1
    outer loop
      vertex -6.39229 4.40001 3.2
      vertex -1.19612 0 3.2
      vertex 0 0.693558 3.2
    endloop
  endfacet
  facet normal 0 0 1
    outer loop
      vertex -8.78455 4.40001 3.2
      vertex -6.39229 4.40001 3.2
      vertex -8.46183 5.59999 3.2
    endloop
  endfacet
  facet normal 0 0 1
    outer loop
      vertex -6.39229 4.40001 3.2
      vertex -8.78455 4.40001 3.2
      vertex -1.19612 0 3.2
    endloop
  endfacet
  facet normal 0 0 1
    outer loop
      vertex -8.46183 5.59999 3.2
      vertex -9.97047 4.40001 3.2
      vertex -8.78455 4.40001 3.2
    endloop
  endfacet
  facet normal 0 0 1
    outer loop
      vertex -8.46183 5.59999 3.2
      vertex -10.7343 5.53056 3.2
      vertex -9.97047 4.40001 3.2
    endloop
  endfacet
  facet normal 0 0 1
    outer loop
      vertex -11.3772 7.29042 3.2
      vertex -10.7343 5.53056 3.2
      vertex -8.46183 5.59999 3.2
    endloop
  endfacet
  facet normal 0 0 1
    outer loop
      vertex -10.7343 5.53056 3.2
      vertex -11.3772 7.29042 3.2
      vertex -12.2552 6.41241 3.2
    endloop
  endfacet
  facet normal 0 0 1
    outer loop
      vertex 11.3772 7.29042 3.2
      vertex 10.7343 5.53056 3.2
      vertex 12.2552 6.41241 3.2
    endloop
  endfacet
  facet normal -0 0 1
    outer loop
      vertex 8.46183 5.59999 3.2
      vertex 10.7343 5.53056 3.2
      vertex 11.3772 7.29042 3.2
    endloop
  endfacet
  facet normal 0 0 1
    outer loop
      vertex 10.7343 5.53056 3.2
      vertex 8.46183 5.59999 3.2
      vertex 9.97064 4.40001 3.2
    endloop
  endfacet
  facet normal 0 0 1
    outer loop
      vertex 9.97064 4.40001 3.2
      vertex 8.46183 5.59999 3.2
      vertex 8.78455 4.40001 3.2
    endloop
  endfacet
  facet normal 0 0 1
    outer loop
      vertex 6.39229 4.40001 3.2
      vertex 8.78455 4.40001 3.2
      vertex 8.46183 5.59999 3.2
    endloop
  endfacet
  facet normal -0 0 1
    outer loop
      vertex 6.39229 4.40001 3.2
      vertex 1.19612 0 3.2
      vertex 8.78455 4.40001 3.2
    endloop
  endfacet
  facet normal 0 -0 1
    outer loop
      vertex 1.19612 0 3.2
      vertex 6.39229 4.40001 3.2
      vertex 0 0.693558 3.2
    endloop
  endfacet
  facet normal 0 0 1
    outer loop
      vertex 15.5969 -0.0605927 3.2
      vertex 15.6 0 3.2
      vertex 15.5971 0.0588074 3.2
    endloop
  endfacet
  facet normal 0 0 1
    outer loop
      vertex 15.6 0 3.2
      vertex 15.5969 -0.0605927 3.2
      vertex 15.5971 -0.0588074 3.2
    endloop
  endfacet
  facet normal 0 0 1
    outer loop
      vertex 15.5967 0.0621948 3.2
      vertex 15.5969 -0.0605927 3.2
      vertex 15.5971 0.0588074 3.2
    endloop
  endfacet
  facet normal 0 0 1
    outer loop
      vertex 14.3971 0 3.2
      vertex 15.5967 0.0621948 3.2
      vertex 15.501 1.03426 3.2
    endloop
  endfacet
  facet normal 0 0 1
    outer loop
      vertex 15.5967 0.0621948 3.2
      vertex 14.3971 0 3.2
      vertex 15.5969 -0.0605927 3.2
    endloop
  endfacet
  facet normal 0 0 1
    outer loop
      vertex 14.3126 0.857773 3.2
      vertex 15.501 1.03426 3.2
      vertex 15.4924 1.0925 3.2
    endloop
  endfacet
  facet normal 0 0 1
    outer loop
      vertex 15.5969 -0.0605927 3.2
      vertex 14.3971 0 3.2
      vertex 15.501 -1.03426 3.2
    endloop
  endfacet
  facet normal 0 0 1
    outer loop
      vertex 14.3126 0.857773 3.2
      vertex 15.4924 1.0925 3.2
      vertex 15.4781 1.14961 3.2
    endloop
  endfacet
  facet normal -0 0 1
    outer loop
      vertex 14.3126 -0.857849 3.2
      vertex 15.501 -1.03426 3.2
      vertex 14.3971 0 3.2
    endloop
  endfacet
  facet normal 0 0 1
    outer loop
      vertex 14.3126 0.857773 3.2
      vertex 15.4781 1.14961 3.2
      vertex 15.1935 2.08757 3.2
    endloop
  endfacet
  facet normal 0 0 1
    outer loop
      vertex 15.501 -1.03426 3.2
      vertex 14.3126 -0.857849 3.2
      vertex 15.4924 -1.0925 3.2
    endloop
  endfacet
  facet normal 0 0 1
    outer loop
      vertex 14.0624 1.68266 3.2
      vertex 15.1935 2.08757 3.2
      vertex 15.1737 2.14301 3.2
    endloop
  endfacet
  facet normal 0 0 1
    outer loop
      vertex 15.4924 -1.0925 3.2
      vertex 14.3126 -0.857849 3.2
      vertex 15.4781 -1.14961 3.2
    endloop
  endfacet
  facet normal 0 0 1
    outer loop
      vertex 15.4781 -1.14961 3.2
      vertex 14.3126 -0.857849 3.2
      vertex 15.1935 -2.08757 3.2
    endloop
  endfacet
  facet normal 0 0 1
    outer loop
      vertex 14.0624 1.68266 3.2
      vertex 15.1737 2.14301 3.2
      vertex 15.1485 2.19626 3.2
    endloop
  endfacet
  facet normal -0 0 1
    outer loop
      vertex 14.0624 -1.68268 3.2
      vertex 15.1935 -2.08757 3.2
      vertex 14.3126 -0.857849 3.2
    endloop
  endfacet
  facet normal 0 0 1
    outer loop
      vertex 14.0624 1.68266 3.2
      vertex 15.1485 2.19626 3.2
      vertex 14.6865 3.06068 3.2
    endloop
  endfacet
  facet normal 0 0 1
    outer loop
      vertex 15.1935 -2.08757 3.2
      vertex 14.0624 -1.68268 3.2
      vertex 15.1737 -2.14301 3.2
    endloop
  endfacet
  facet normal 0 0 1
    outer loop
      vertex 13.6561 2.44283 3.2
      vertex 14.6865 3.06068 3.2
      vertex 14.6562 3.11118 3.2
    endloop
  endfacet
  facet normal 0 -0 1
    outer loop
      vertex 15.1478 -2.19751 3.2
      vertex 15.1737 -2.14301 3.2
      vertex 14.0624 -1.68268 3.2
    endloop
  endfacet
  facet normal 0 0 1
    outer loop
      vertex 13.6561 2.44283 3.2
      vertex 14.6562 3.11118 3.2
      vertex 14.6211 3.15848 3.2
    endloop
  endfacet
  facet normal 0 0 1
    outer loop
      vertex 15.1737 -2.14301 3.2
      vertex 15.1478 -2.19751 3.2
      vertex 15.1485 -2.19624 3.2
    endloop
  endfacet
  facet normal 0 0 1
    outer loop
      vertex 15.1478 -2.19751 3.2
      vertex 14.0624 -1.68268 3.2
      vertex 14.6865 -3.06068 3.2
    endloop
  endfacet
  facet normal 0 0 1
    outer loop
      vertex 15.501 1.03426 3.2
      vertex 14.3126 0.857773 3.2
      vertex 14.3971 0 3.2
    endloop
  endfacet
  facet normal 0 0 1
    outer loop
      vertex 15.1935 2.08757 3.2
      vertex 14.0624 1.68266 3.2
      vertex 14.3126 0.857773 3.2
    endloop
  endfacet
  facet normal 0 0 1
    outer loop
      vertex 13.6561 2.44283 3.2
      vertex 14.6211 3.15848 3.2
      vertex 14.0008 3.91435 3.2
    endloop
  endfacet
  facet normal 0 0 1
    outer loop
      vertex 13.1092 3.10922 3.2
      vertex 14.0008 3.91435 3.2
      vertex 13.9993 3.91615 3.2
    endloop
  endfacet
  facet normal 0 0 1
    outer loop
      vertex 13.1092 3.10922 3.2
      vertex 13.9993 3.91615 3.2
      vertex 13.9598 3.95978 3.2
    endloop
  endfacet
  facet normal 0 0 1
    outer loop
      vertex 13.1092 3.10922 3.2
      vertex 13.9598 3.95978 3.2
      vertex 13.9162 3.99933 3.2
    endloop
  endfacet
  facet normal 0 0 1
    outer loop
      vertex 14.6865 3.06068 3.2
      vertex 13.6561 2.44283 3.2
      vertex 14.0624 1.68266 3.2
    endloop
  endfacet
  facet normal 0 0 1
    outer loop
      vertex 13.1092 3.10922 3.2
      vertex 13.9162 3.99933 3.2
      vertex 13.1585 4.62114 3.2
    endloop
  endfacet
  facet normal 0 0 1
    outer loop
      vertex 12.4429 3.65602 3.2
      vertex 13.1585 4.62114 3.2
      vertex 13.1112 4.6562 3.2
    endloop
  endfacet
  facet normal 0 0 1
    outer loop
      vertex 14.0008 3.91435 3.2
      vertex 13.1092 3.10922 3.2
      vertex 13.6561 2.44283 3.2
    endloop
  endfacet
  facet normal 0 0 1
    outer loop
      vertex 12.4429 3.65602 3.2
      vertex 13.1112 4.6562 3.2
      vertex 13.0607 4.68648 3.2
    endloop
  endfacet
  facet normal 0 0 1
    outer loop
      vertex 13.1585 4.62114 3.2
      vertex 12.4429 3.65602 3.2
      vertex 13.1092 3.10922 3.2
    endloop
  endfacet
  facet normal 0 0 1
    outer loop
      vertex 12.1975 5.14783 3.2
      vertex 12.4429 3.65602 3.2
      vertex 13.0607 4.68648 3.2
    endloop
  endfacet
  facet normal 0 0 1
    outer loop
      vertex 12.143 5.17371 3.2
      vertex 12.1975 5.14783 3.2
      vertex 12.1962 5.14853 3.2
    endloop
  endfacet
  facet normal 0 0 1
    outer loop
      vertex 12.1975 5.14783 3.2
      vertex 12.143 5.17371 3.2
      vertex 11.6827 4.06239 3.2
    endloop
  endfacet
  facet normal 0 0 1
    outer loop
      vertex 11.6827 4.06239 3.2
      vertex 12.143 5.17371 3.2
      vertex 12.0876 5.19354 3.2
    endloop
  endfacet
  facet normal 0 0 1
    outer loop
      vertex 12.1975 5.14783 3.2
      vertex 11.6827 4.06239 3.2
      vertex 12.4429 3.65602 3.2
    endloop
  endfacet
  facet normal 0 0 1
    outer loop
      vertex 11.1496 5.47807 3.2
      vertex 11.6827 4.06239 3.2
      vertex 12.0876 5.19354 3.2
    endloop
  endfacet
  facet normal 0 0 1
    outer loop
      vertex 10.8578 4.31264 3.2
      vertex 11.1496 5.47807 3.2
      vertex 11.0925 5.49239 3.2
    endloop
  endfacet
  facet normal 0 0 1
    outer loop
      vertex 10.8578 4.31264 3.2
      vertex 11.0925 5.49239 3.2
      vertex 11.0343 5.50102 3.2
    endloop
  endfacet
  facet normal 0 0 1
    outer loop
      vertex 11.1496 5.47807 3.2
      vertex 10.8578 4.31264 3.2
      vertex 11.6827 4.06239 3.2
    endloop
  endfacet
  facet normal 0 0 1
    outer loop
      vertex 10.7343 5.53056 3.2
      vertex 10.8578 4.31264 3.2
      vertex 11.0343 5.50102 3.2
    endloop
  endfacet
  facet normal 0 0 1
    outer loop
      vertex 10.8578 4.31264 3.2
      vertex 10.7343 5.53056 3.2
      vertex 9.97064 4.40001 3.2
    endloop
  endfacet
  facet normal -0 0 1
    outer loop
      vertex 13.656 -2.44295 3.2
      vertex 14.6865 -3.06068 3.2
      vertex 14.0624 -1.68268 3.2
    endloop
  endfacet
  facet normal 0 0 1
    outer loop
      vertex 14.6865 -3.06068 3.2
      vertex 13.656 -2.44295 3.2
      vertex 14.6562 -3.11118 3.2
    endloop
  endfacet
  facet normal 0 0 1
    outer loop
      vertex 14.6562 -3.11118 3.2
      vertex 13.656 -2.44295 3.2
      vertex 14.6211 -3.15848 3.2
    endloop
  endfacet
  facet normal 0 0 1
    outer loop
      vertex 14.6211 -3.15848 3.2
      vertex 13.656 -2.44295 3.2
      vertex 13.9993 -3.91615 3.2
    endloop
  endfacet
  facet normal -0 0 1
    outer loop
      vertex 13.1092 -3.10921 3.2
      vertex 13.9993 -3.91615 3.2
      vertex 13.656 -2.44295 3.2
    endloop
  endfacet
  facet normal 0 0 1
    outer loop
      vertex 13.9993 -3.91615 3.2
      vertex 13.1092 -3.10921 3.2
      vertex 13.9598 -3.95978 3.2
    endloop
  endfacet
  facet normal 0 0 1
    outer loop
      vertex 13.9598 -3.95978 3.2
      vertex 13.1092 -3.10921 3.2
      vertex 13.9162 -3.99933 3.2
    endloop
  endfacet
  facet normal 0 0 1
    outer loop
      vertex 13.9162 -3.99933 3.2
      vertex 13.1092 -3.10921 3.2
      vertex 13.9144 -4.00078 3.2
    endloop
  endfacet
  facet normal 0 0 1
    outer loop
      vertex 13.9144 -4.00078 3.2
      vertex 13.1092 -3.10921 3.2
      vertex 13.1585 -4.62114 3.2
    endloop
  endfacet
  facet normal -0 0 1
    outer loop
      vertex 12.4428 -3.6561 3.2
      vertex 13.1585 -4.62114 3.2
      vertex 13.1092 -3.10921 3.2
    endloop
  endfacet
  facet normal 0 0 1
    outer loop
      vertex 13.1585 -4.62114 3.2
      vertex 12.4428 -3.6561 3.2
      vertex 13.1112 -4.6562 3.2
    endloop
  endfacet
  facet normal 0 0 1
    outer loop
      vertex 13.1112 -4.6562 3.2
      vertex 12.4428 -3.6561 3.2
      vertex 13.0607 -4.68648 3.2
    endloop
  endfacet
  facet normal 0 0 1
    outer loop
      vertex 12.4428 -3.6561 3.2
      vertex 12.1962 -5.14853 3.2
      vertex 13.0607 -4.68648 3.2
    endloop
  endfacet
  facet normal -0 0 1
    outer loop
      vertex 11.6827 -4.06241 3.2
      vertex 12.1962 -5.14853 3.2
      vertex 12.4428 -3.6561 3.2
    endloop
  endfacet
  facet normal 0 0 1
    outer loop
      vertex 12.1962 -5.14853 3.2
      vertex 11.6827 -4.06241 3.2
      vertex 12.143 -5.17371 3.2
    endloop
  endfacet
  facet normal 0 0 1
    outer loop
      vertex 12.143 -5.17371 3.2
      vertex 11.6827 -4.06241 3.2
      vertex 12.0876 -5.19354 3.2
    endloop
  endfacet
  facet normal 0 0 1
    outer loop
      vertex 11.6827 -4.06241 3.2
      vertex 11.1496 -5.47807 3.2
      vertex 12.0876 -5.19354 3.2
    endloop
  endfacet
  facet normal -0 0 1
    outer loop
      vertex 10.8578 -4.31262 3.2
      vertex 11.1496 -5.47807 3.2
      vertex 11.6827 -4.06241 3.2
    endloop
  endfacet
  facet normal 0 0 1
    outer loop
      vertex 11.1496 -5.47807 3.2
      vertex 10.8578 -4.31262 3.2
      vertex 11.0925 -5.49239 3.2
    endloop
  endfacet
  facet normal 0 0 1
    outer loop
      vertex 11.0925 -5.49239 3.2
      vertex 10.8578 -4.31262 3.2
      vertex 11.0343 -5.50102 3.2
    endloop
  endfacet
  facet normal 0 0 1
    outer loop
      vertex 10.8578 -4.31262 3.2
      vertex 10.7343 -5.53056 3.2
      vertex 11.0343 -5.50102 3.2
    endloop
  endfacet
  facet normal 0 -0 1
    outer loop
      vertex 10.7343 -5.53056 3.2
      vertex 10.8578 -4.31262 3.2
      vertex 9.97047 -4.40001 3.2
    endloop
  endfacet
  facet normal -0.994527 -0.104477 0
    outer loop
      vertex -20.1021 -18.4515 2.5
      vertex -20.1152 -18.3268 3.2
      vertex -20.1152 -18.3268 2.5
    endloop
  endfacet
  facet normal -0.994527 -0.104477 0
    outer loop
      vertex -20.1152 -18.3268 3.2
      vertex -20.1021 -18.4515 2.5
      vertex -20.1021 -18.4515 3.2
    endloop
  endfacet
  facet normal -1 0 0
    outer loop
      vertex -20.1152 -18.3268 2.5
      vertex -20.1152 -0.226797 3.2
      vertex -20.1152 -0.226797 2.5
    endloop
  endfacet
  facet normal -1 -0 0
    outer loop
      vertex -20.1152 -0.226797 3.2
      vertex -20.1152 -18.3268 2.5
      vertex -20.1152 -18.3268 3.2
    endloop
  endfacet
  facet normal 0.208059 -0.978116 0
    outer loop
      vertex -19.4525 -18.9235 2.5
      vertex -19.3298 -18.8974 3.2
      vertex -19.4525 -18.9235 3.2
    endloop
  endfacet
  facet normal 0.208059 -0.978116 0
    outer loop
      vertex -19.3298 -18.8974 3.2
      vertex -19.4525 -18.9235 2.5
      vertex -19.3298 -18.8974 2.5
    endloop
  endfacet
  facet normal -0.866026 -0.499999 0
    outer loop
      vertex -20.0006 -18.6794 2.5
      vertex -20.0633 -18.5708 3.2
      vertex -20.0633 -18.5708 2.5
    endloop
  endfacet
  facet normal -0.866026 -0.499999 0
    outer loop
      vertex -20.0633 -18.5708 3.2
      vertex -20.0006 -18.6794 2.5
      vertex -20.0006 -18.6794 3.2
    endloop
  endfacet
  facet normal 0 -1 0
    outer loop
      vertex -19.5779 -18.9235 2.5
      vertex -19.4525 -18.9235 3.2
      vertex -19.5779 -18.9235 3.2
    endloop
  endfacet
  facet normal 0 -1 -0
    outer loop
      vertex -19.4525 -18.9235 3.2
      vertex -19.5779 -18.9235 2.5
      vertex -19.4525 -18.9235 2.5
    endloop
  endfacet
  facet normal 0.95097 -0.309284 0
    outer loop
      vertex -18.9671 -18.5708 3.2
      vertex -18.9283 -18.4515 2.5
      vertex -18.9283 -18.4515 3.2
    endloop
  endfacet
  facet normal 0.95097 -0.309284 0
    outer loop
      vertex -18.9283 -18.4515 2.5
      vertex -18.9671 -18.5708 3.2
      vertex -18.9671 -18.5708 2.5
    endloop
  endfacet
  facet normal 0.587555 -0.809184 0
    outer loop
      vertex -19.2152 -18.8464 2.5
      vertex -19.1137 -18.7727 3.2
      vertex -19.2152 -18.8464 3.2
    endloop
  endfacet
  facet normal 0.587555 -0.809184 0
    outer loop
      vertex -19.1137 -18.7727 3.2
      vertex -19.2152 -18.8464 2.5
      vertex -19.1137 -18.7727 2.5
    endloop
  endfacet
  facet normal 0.743571 -0.668656 0
    outer loop
      vertex -19.1137 -18.7727 3.2
      vertex -19.0298 -18.6794 2.5
      vertex -19.0298 -18.6794 3.2
    endloop
  endfacet
  facet normal 0.743571 -0.668656 0
    outer loop
      vertex -19.0298 -18.6794 2.5
      vertex -19.1137 -18.7727 3.2
      vertex -19.1137 -18.7727 2.5
    endloop
  endfacet
  facet normal -0.994507 0.104671 0
    outer loop
      vertex -20.1152 -0.226797 2.5
      vertex -20.1028 -0.108981 3.2
      vertex -20.1028 -0.108981 2.5
    endloop
  endfacet
  facet normal -0.994507 0.104671 0
    outer loop
      vertex -20.1028 -0.108981 3.2
      vertex -20.1152 -0.226797 2.5
      vertex -20.1152 -0.226797 3.2
    endloop
  endfacet
  facet normal 0.501609 0.865094 -0
    outer loop
      vertex 8.78455 -4.40001 2.5
      vertex 1.19612 0 3.2
      vertex 8.78455 -4.40001 3.2
    endloop
  endfacet
  facet normal 0.501609 0.865094 0
    outer loop
      vertex 1.19612 0 3.2
      vertex 8.78455 -4.40001 2.5
      vertex 1.19612 0 2.5
    endloop
  endfacet
  facet normal 0.501602 0.865098 -0
    outer loop
      vertex 12.2552 -6.41241 2.5
      vertex 10.7343 -5.53056 3.2
      vertex 12.2552 -6.41241 3.2
    endloop
  endfacet
  facet normal 0.501602 0.865098 0
    outer loop
      vertex 10.7343 -5.53056 3.2
      vertex 12.2552 -6.41241 2.5
      vertex 10.7343 -5.53056 2.5
    endloop
  endfacet
  facet normal 0.501609 -0.865094 0
    outer loop
      vertex 1.19612 0 2.5
      vertex 8.78455 4.40001 3.2
      vertex 1.19612 0 3.2
    endloop
  endfacet
  facet normal 0.501609 -0.865094 0
    outer loop
      vertex 8.78455 4.40001 3.2
      vertex 1.19612 0 2.5
      vertex 8.78455 4.40001 2.5
    endloop
  endfacet
  facet normal 0.501602 -0.865098 0
    outer loop
      vertex 10.7343 5.53056 2.5
      vertex 12.2552 6.41241 3.2
      vertex 10.7343 5.53056 3.2
    endloop
  endfacet
  facet normal 0.501602 -0.865098 0
    outer loop
      vertex 12.2552 6.41241 3.2
      vertex 10.7343 5.53056 2.5
      vertex 12.2552 6.41241 2.5
    endloop
  endfacet
  facet normal 1 0 0
    outer loop
      vertex 13.3294 7.03525 2.5
      vertex 13.3294 7.03526 3.2
      vertex 13.3294 7.03525 3.2
    endloop
  endfacet
  facet normal 1 0 0
    outer loop
      vertex 13.3294 7.03526 3.2
      vertex 13.3294 7.03525 2.5
      vertex 13.3294 7.03526 2.5
    endloop
  endfacet
  facet normal -0.501609 0.865094 0
    outer loop
      vertex 6.39229 4.40001 2.5
      vertex 0 0.693558 3.2
      vertex 6.39229 4.40001 3.2
    endloop
  endfacet
  facet normal -0.501609 0.865094 0
    outer loop
      vertex 0 0.693558 3.2
      vertex 6.39229 4.40001 2.5
      vertex 0 0.693558 2.5
    endloop
  endfacet
  facet normal -0.50161 0.865094 0
    outer loop
      vertex 11.3772 7.29042 2.5
      vertex 8.46183 5.59999 3.2
      vertex 11.3772 7.29042 3.2
    endloop
  endfacet
  facet normal -0.50161 0.865094 0
    outer loop
      vertex 8.46183 5.59999 3.2
      vertex 11.3772 7.29042 2.5
      vertex 8.46183 5.59999 2.5
    endloop
  endfacet
  facet normal -1 0 0
    outer loop
      vertex 12.4514 7.91327 2.5
      vertex 12.4514 7.91326 3.2
      vertex 12.4514 7.91327 3.2
    endloop
  endfacet
  facet normal -1 0 0
    outer loop
      vertex 12.4514 7.91326 3.2
      vertex 12.4514 7.91327 2.5
      vertex 12.4514 7.91326 2.5
    endloop
  endfacet
  facet normal 0.501609 0.865094 -0
    outer loop
      vertex 0 0.693558 2.5
      vertex -6.39229 4.40001 3.2
      vertex 0 0.693558 3.2
    endloop
  endfacet
  facet normal 0.501609 0.865094 0
    outer loop
      vertex -6.39229 4.40001 3.2
      vertex 0 0.693558 2.5
      vertex -6.39229 4.40001 2.5
    endloop
  endfacet
  facet normal 0.50161 0.865094 -0
    outer loop
      vertex -8.46183 5.59999 2.5
      vertex -11.3772 7.29042 3.2
      vertex -8.46183 5.59999 3.2
    endloop
  endfacet
  facet normal 0.50161 0.865094 0
    outer loop
      vertex -11.3772 7.29042 3.2
      vertex -8.46183 5.59999 2.5
      vertex -11.3772 7.29042 2.5
    endloop
  endfacet
  facet normal 1 0 0
    outer loop
      vertex -12.4514 7.91326 2.5
      vertex -12.4514 7.91327 3.2
      vertex -12.4514 7.91326 3.2
    endloop
  endfacet
  facet normal 1 0 0
    outer loop
      vertex -12.4514 7.91327 3.2
      vertex -12.4514 7.91326 2.5
      vertex -12.4514 7.91327 2.5
    endloop
  endfacet
  facet normal -0.501609 -0.865094 0
    outer loop
      vertex -8.78455 4.40001 2.5
      vertex -1.19612 0 3.2
      vertex -8.78455 4.40001 3.2
    endloop
  endfacet
  facet normal -0.501609 -0.865094 -0
    outer loop
      vertex -1.19612 0 3.2
      vertex -8.78455 4.40001 2.5
      vertex -1.19612 0 2.5
    endloop
  endfacet
  facet normal -0.501602 -0.865098 0
    outer loop
      vertex -12.2552 6.41241 2.5
      vertex -10.7343 5.53056 3.2
      vertex -12.2552 6.41241 3.2
    endloop
  endfacet
  facet normal -0.501602 -0.865098 -0
    outer loop
      vertex -10.7343 5.53056 3.2
      vertex -12.2552 6.41241 2.5
      vertex -10.7343 5.53056 2.5
    endloop
  endfacet
  facet normal -1 0 0
    outer loop
      vertex -13.3294 7.03526 2.5
      vertex -13.3294 7.03525 3.2
      vertex -13.3294 7.03526 3.2
    endloop
  endfacet
  facet normal -1 0 0
    outer loop
      vertex -13.3294 7.03525 3.2
      vertex -13.3294 7.03526 2.5
      vertex -13.3294 7.03525 2.5
    endloop
  endfacet
  facet normal -0.501609 0.865094 0
    outer loop
      vertex -1.19612 0 2.5
      vertex -8.78455 -4.40001 3.2
      vertex -1.19612 0 3.2
    endloop
  endfacet
  facet normal -0.501609 0.865094 0
    outer loop
      vertex -8.78455 -4.40001 3.2
      vertex -1.19612 0 2.5
      vertex -8.78455 -4.40001 2.5
    endloop
  endfacet
  facet normal -0.501602 0.865098 0
    outer loop
      vertex -10.7343 -5.53056 2.5
      vertex -12.2552 -6.41241 3.2
      vertex -10.7343 -5.53056 3.2
    endloop
  endfacet
  facet normal -0.501602 0.865098 0
    outer loop
      vertex -12.2552 -6.41241 3.2
      vertex -10.7343 -5.53056 2.5
      vertex -12.2552 -6.41241 2.5
    endloop
  endfacet
  facet normal 0.501609 -0.865094 0
    outer loop
      vertex -6.39229 -4.40001 2.5
      vertex 0 -0.693558 3.2
      vertex -6.39229 -4.40001 3.2
    endloop
  endfacet
  facet normal 0.501609 -0.865094 0
    outer loop
      vertex 0 -0.693558 3.2
      vertex -6.39229 -4.40001 2.5
      vertex 0 -0.693558 2.5
    endloop
  endfacet
  facet normal 0.50161 -0.865094 0
    outer loop
      vertex -11.3772 -7.29042 2.5
      vertex -8.46183 -5.59999 3.2
      vertex -11.3772 -7.29042 3.2
    endloop
  endfacet
  facet normal 0.50161 -0.865094 0
    outer loop
      vertex -8.46183 -5.59999 3.2
      vertex -11.3772 -7.29042 2.5
      vertex -8.46183 -5.59999 2.5
    endloop
  endfacet
  facet normal -0.501609 -0.865094 0
    outer loop
      vertex 0 -0.693558 2.5
      vertex 6.39229 -4.40001 3.2
      vertex 0 -0.693558 3.2
    endloop
  endfacet
  facet normal -0.501609 -0.865094 -0
    outer loop
      vertex 6.39229 -4.40001 3.2
      vertex 0 -0.693558 2.5
      vertex 6.39229 -4.40001 2.5
    endloop
  endfacet
  facet normal -0.50161 -0.865094 0
    outer loop
      vertex 8.46183 -5.59999 2.5
      vertex 11.3772 -7.29042 3.2
      vertex 8.46183 -5.59999 3.2
    endloop
  endfacet
  facet normal -0.50161 -0.865094 -0
    outer loop
      vertex 11.3772 -7.29042 3.2
      vertex 8.46183 -5.59999 2.5
      vertex 11.3772 -7.29042 2.5
    endloop
  endfacet
  facet normal 0.0979928 -0.995187 0
    outer loop
      vertex 10.7343 -5.53056 2.5
      vertex 11.0343 -5.50102 3.2
      vertex 10.7343 -5.53056 3.2
    endloop
  endfacet
  facet normal 0.0979928 -0.995187 0
    outer loop
      vertex 11.0343 -5.50102 3.2
      vertex 10.7343 -5.53056 2.5
      vertex 11.0343 -5.50102 2.5
    endloop
  endfacet
  facet normal 0.146678 -0.989184 0
    outer loop
      vertex 11.0343 -5.50102 2.5
      vertex 11.0925 -5.49239 3.2
      vertex 11.0343 -5.50102 3.2
    endloop
  endfacet
  facet normal 0.146678 -0.989184 0
    outer loop
      vertex 11.0925 -5.49239 3.2
      vertex 11.0343 -5.50102 2.5
      vertex 11.0925 -5.49239 2.5
    endloop
  endfacet
  facet normal 0.243255 -0.969962 0
    outer loop
      vertex 11.0925 -5.49239 2.5
      vertex 11.1496 -5.47807 3.2
      vertex 11.0925 -5.49239 3.2
    endloop
  endfacet
  facet normal 0.243255 -0.969962 0
    outer loop
      vertex 11.1496 -5.47807 3.2
      vertex 11.0925 -5.49239 2.5
      vertex 11.1496 -5.47807 2.5
    endloop
  endfacet
  facet normal 0.290276 -0.956943 0
    outer loop
      vertex 11.1496 -5.47807 2.5
      vertex 12.0876 -5.19354 3.2
      vertex 11.1496 -5.47807 3.2
    endloop
  endfacet
  facet normal 0.290276 -0.956943 0
    outer loop
      vertex 12.0876 -5.19354 3.2
      vertex 11.1496 -5.47807 2.5
      vertex 12.0876 -5.19354 2.5
    endloop
  endfacet
  facet normal 0.337004 -0.941503 0
    outer loop
      vertex 12.0876 -5.19354 2.5
      vertex 12.143 -5.17371 3.2
      vertex 12.0876 -5.19354 3.2
    endloop
  endfacet
  facet normal 0.337004 -0.941503 0
    outer loop
      vertex 12.143 -5.17371 3.2
      vertex 12.0876 -5.19354 2.5
      vertex 12.143 -5.17371 2.5
    endloop
  endfacet
  facet normal 0.427809 -0.903869 0
    outer loop
      vertex 12.143 -5.17371 2.5
      vertex 12.1962 -5.14853 3.2
      vertex 12.143 -5.17371 3.2
    endloop
  endfacet
  facet normal 0.427809 -0.903869 0
    outer loop
      vertex 12.1962 -5.14853 3.2
      vertex 12.143 -5.17371 2.5
      vertex 12.1962 -5.14853 2.5
    endloop
  endfacet
  facet normal 0.471369 -0.881936 0
    outer loop
      vertex 12.1962 -5.14853 2.5
      vertex 13.0607 -4.68648 3.2
      vertex 12.1962 -5.14853 3.2
    endloop
  endfacet
  facet normal 0.471369 -0.881936 0
    outer loop
      vertex 13.0607 -4.68648 3.2
      vertex 12.1962 -5.14853 2.5
      vertex 13.0607 -4.68648 2.5
    endloop
  endfacet
  facet normal 0.514246 -0.857643 0
    outer loop
      vertex 13.0607 -4.68648 2.5
      vertex 13.1112 -4.6562 3.2
      vertex 13.0607 -4.68648 3.2
    endloop
  endfacet
  facet normal 0.514246 -0.857643 0
    outer loop
      vertex 13.1112 -4.6562 3.2
      vertex 13.0607 -4.68648 2.5
      vertex 13.1112 -4.6562 2.5
    endloop
  endfacet
  facet normal 0.595479 -0.803371 0
    outer loop
      vertex 13.1112 -4.6562 2.5
      vertex 13.1585 -4.62114 3.2
      vertex 13.1112 -4.6562 3.2
    endloop
  endfacet
  facet normal 0.595479 -0.803371 0
    outer loop
      vertex 13.1585 -4.62114 3.2
      vertex 13.1112 -4.6562 2.5
      vertex 13.1585 -4.62114 2.5
    endloop
  endfacet
  facet normal 0.634399 -0.773006 0
    outer loop
      vertex 13.1585 -4.62114 2.5
      vertex 13.9144 -4.00078 3.2
      vertex 13.1585 -4.62114 3.2
    endloop
  endfacet
  facet normal 0.634399 -0.773006 0
    outer loop
      vertex 13.9144 -4.00078 3.2
      vertex 13.1585 -4.62114 2.5
      vertex 13.9144 -4.00078 2.5
    endloop
  endfacet
  facet normal 0.62733 -0.778754 0
    outer loop
      vertex 13.9144 -4.00078 2.5
      vertex 13.9162 -3.99933 3.2
      vertex 13.9144 -4.00078 3.2
    endloop
  endfacet
  facet normal 0.62733 -0.778754 0
    outer loop
      vertex 13.9162 -3.99933 3.2
      vertex 13.9144 -4.00078 2.5
      vertex 13.9162 -3.99933 2.5
    endloop
  endfacet
  facet normal 0.671869 -0.74067 0
    outer loop
      vertex 13.9162 -3.99933 2.5
      vertex 13.9598 -3.95978 3.2
      vertex 13.9162 -3.99933 3.2
    endloop
  endfacet
  facet normal 0.671869 -0.74067 0
    outer loop
      vertex 13.9598 -3.95978 3.2
      vertex 13.9162 -3.99933 2.5
      vertex 13.9598 -3.95978 2.5
    endloop
  endfacet
  facet normal 0.741322 -0.671149 0
    outer loop
      vertex 13.9598 -3.95978 3.2
      vertex 13.9993 -3.91615 2.5
      vertex 13.9993 -3.91615 3.2
    endloop
  endfacet
  facet normal 0.741322 -0.671149 0
    outer loop
      vertex 13.9993 -3.91615 2.5
      vertex 13.9598 -3.95978 3.2
      vertex 13.9598 -3.95978 2.5
    endloop
  endfacet
  facet normal 0.773012 -0.634391 0
    outer loop
      vertex 13.9993 -3.91615 3.2
      vertex 14.6211 -3.15848 2.5
      vertex 14.6211 -3.15848 3.2
    endloop
  endfacet
  facet normal 0.773012 -0.634391 0
    outer loop
      vertex 14.6211 -3.15848 2.5
      vertex 13.9993 -3.91615 3.2
      vertex 13.9993 -3.91615 2.5
    endloop
  endfacet
  facet normal 0.803046 -0.595918 0
    outer loop
      vertex 14.6211 -3.15848 3.2
      vertex 14.6562 -3.11118 2.5
      vertex 14.6562 -3.11118 3.2
    endloop
  endfacet
  facet normal 0.803046 -0.595918 0
    outer loop
      vertex 14.6562 -3.11118 2.5
      vertex 14.6211 -3.15848 3.2
      vertex 14.6211 -3.15848 2.5
    endloop
  endfacet
  facet normal 0.857493 -0.514496 0
    outer loop
      vertex 14.6562 -3.11118 3.2
      vertex 14.6865 -3.06068 2.5
      vertex 14.6865 -3.06068 3.2
    endloop
  endfacet
  facet normal 0.857493 -0.514496 0
    outer loop
      vertex 14.6865 -3.06068 2.5
      vertex 14.6562 -3.11118 3.2
      vertex 14.6562 -3.11118 2.5
    endloop
  endfacet
  facet normal 0.881953 -0.471338 0
    outer loop
      vertex 14.6865 -3.06068 3.2
      vertex 15.1478 -2.19751 2.5
      vertex 15.1478 -2.19751 3.2
    endloop
  endfacet
  facet normal 0.881953 -0.471338 0
    outer loop
      vertex 15.1478 -2.19751 2.5
      vertex 14.6865 -3.06068 3.2
      vertex 14.6865 -3.06068 2.5
    endloop
  endfacet
  facet normal 0.875779 -0.482713 0
    outer loop
      vertex 15.1478 -2.19751 3.2
      vertex 15.1485 -2.19624 2.5
      vertex 15.1485 -2.19624 3.2
    endloop
  endfacet
  facet normal 0.875779 -0.482713 0
    outer loop
      vertex 15.1485 -2.19624 2.5
      vertex 15.1478 -2.19751 3.2
      vertex 15.1478 -2.19751 2.5
    endloop
  endfacet
  facet normal 0.903831 -0.427889 0
    outer loop
      vertex 15.1485 -2.19624 3.2
      vertex 15.1737 -2.14301 2.5
      vertex 15.1737 -2.14301 3.2
    endloop
  endfacet
  facet normal 0.903831 -0.427889 0
    outer loop
      vertex 15.1737 -2.14301 2.5
      vertex 15.1485 -2.19624 3.2
      vertex 15.1485 -2.19624 2.5
    endloop
  endfacet
  facet normal 0.941742 -0.336336 0
    outer loop
      vertex 15.1737 -2.14301 3.2
      vertex 15.1935 -2.08757 2.5
      vertex 15.1935 -2.08757 3.2
    endloop
  endfacet
  facet normal 0.941742 -0.336336 0
    outer loop
      vertex 15.1935 -2.08757 2.5
      vertex 15.1737 -2.14301 3.2
      vertex 15.1737 -2.14301 2.5
    endloop
  endfacet
  facet normal 0.95692 -0.290353 0
    outer loop
      vertex 15.1935 -2.08757 3.2
      vertex 15.4781 -1.14961 2.5
      vertex 15.4781 -1.14961 3.2
    endloop
  endfacet
  facet normal 0.95692 -0.290353 0
    outer loop
      vertex 15.4781 -1.14961 2.5
      vertex 15.1935 -2.08757 3.2
      vertex 15.1935 -2.08757 2.5
    endloop
  endfacet
  facet normal 0.970053 -0.242895 0
    outer loop
      vertex 15.4781 -1.14961 3.2
      vertex 15.4924 -1.0925 2.5
      vertex 15.4924 -1.0925 3.2
    endloop
  endfacet
  facet normal 0.970053 -0.242895 0
    outer loop
      vertex 15.4924 -1.0925 2.5
      vertex 15.4781 -1.14961 3.2
      vertex 15.4781 -1.14961 2.5
    endloop
  endfacet
  facet normal 0.989273 -0.146081 0
    outer loop
      vertex 15.4924 -1.0925 3.2
      vertex 15.501 -1.03426 2.5
      vertex 15.501 -1.03426 3.2
    endloop
  endfacet
  facet normal 0.989273 -0.146081 0
    outer loop
      vertex 15.501 -1.03426 2.5
      vertex 15.4924 -1.0925 3.2
      vertex 15.4924 -1.0925 2.5
    endloop
  endfacet
  facet normal 0.995185 -0.0980193 0
    outer loop
      vertex 15.501 -1.03426 3.2
      vertex 15.5969 -0.0605927 2.5
      vertex 15.5969 -0.0605927 3.2
    endloop
  endfacet
  facet normal 0.995185 -0.0980193 0
    outer loop
      vertex 15.5969 -0.0605927 2.5
      vertex 15.501 -1.03426 3.2
      vertex 15.501 -1.03426 2.5
    endloop
  endfacet
  facet normal 0.993784 -0.11133 0
    outer loop
      vertex 15.5969 -0.0605927 3.2
      vertex 15.5971 -0.0588074 2.5
      vertex 15.5971 -0.0588074 3.2
    endloop
  endfacet
  facet normal 0.993784 -0.11133 0
    outer loop
      vertex 15.5971 -0.0588074 2.5
      vertex 15.5969 -0.0605927 3.2
      vertex 15.5969 -0.0605927 2.5
    endloop
  endfacet
  facet normal 0.998786 -0.0492537 0
    outer loop
      vertex 15.5971 -0.0588074 3.2
      vertex 15.6 0 2.5
      vertex 15.6 0 3.2
    endloop
  endfacet
  facet normal 0.998786 -0.0492537 0
    outer loop
      vertex 15.6 0 2.5
      vertex 15.5971 -0.0588074 3.2
      vertex 15.5971 -0.0588074 2.5
    endloop
  endfacet
  facet normal 0.998786 0.0492537 0
    outer loop
      vertex 15.6 0 3.2
      vertex 15.5971 0.0588074 2.5
      vertex 15.5971 0.0588074 3.2
    endloop
  endfacet
  facet normal 0.998786 0.0492537 0
    outer loop
      vertex 15.5971 0.0588074 2.5
      vertex 15.6 0 3.2
      vertex 15.6 0 2.5
    endloop
  endfacet
  facet normal 0.9931 0.11727 0
    outer loop
      vertex 15.5971 0.0588074 3.2
      vertex 15.5967 0.0621948 2.5
      vertex 15.5967 0.0621948 3.2
    endloop
  endfacet
  facet normal 0.9931 0.11727 0
    outer loop
      vertex 15.5967 0.0621948 2.5
      vertex 15.5971 0.0588074 3.2
      vertex 15.5971 0.0588074 2.5
    endloop
  endfacet
  facet normal 0.995189 0.0979765 0
    outer loop
      vertex 15.5967 0.0621948 3.2
      vertex 15.501 1.03426 2.5
      vertex 15.501 1.03426 3.2
    endloop
  endfacet
  facet normal 0.995189 0.0979765 0
    outer loop
      vertex 15.501 1.03426 2.5
      vertex 15.5967 0.0621948 3.2
      vertex 15.5967 0.0621948 2.5
    endloop
  endfacet
  facet normal 0.989273 0.146081 0
    outer loop
      vertex 15.501 1.03426 3.2
      vertex 15.4924 1.0925 2.5
      vertex 15.4924 1.0925 3.2
    endloop
  endfacet
  facet normal 0.989273 0.146081 0
    outer loop
      vertex 15.4924 1.0925 2.5
      vertex 15.501 1.03426 3.2
      vertex 15.501 1.03426 2.5
    endloop
  endfacet
  facet normal 0.970053 0.242895 0
    outer loop
      vertex 15.4924 1.0925 3.2
      vertex 15.4781 1.14961 2.5
      vertex 15.4781 1.14961 3.2
    endloop
  endfacet
  facet normal 0.970053 0.242895 0
    outer loop
      vertex 15.4781 1.14961 2.5
      vertex 15.4924 1.0925 3.2
      vertex 15.4924 1.0925 2.5
    endloop
  endfacet
  facet normal 0.95692 0.290353 0
    outer loop
      vertex 15.4781 1.14961 3.2
      vertex 15.1935 2.08757 2.5
      vertex 15.1935 2.08757 3.2
    endloop
  endfacet
  facet normal 0.95692 0.290353 0
    outer loop
      vertex 15.1935 2.08757 2.5
      vertex 15.4781 1.14961 3.2
      vertex 15.4781 1.14961 2.5
    endloop
  endfacet
  facet normal 0.941742 0.336336 0
    outer loop
      vertex 15.1935 2.08757 3.2
      vertex 15.1737 2.14301 2.5
      vertex 15.1737 2.14301 3.2
    endloop
  endfacet
  facet normal 0.941742 0.336336 0
    outer loop
      vertex 15.1737 2.14301 2.5
      vertex 15.1935 2.08757 3.2
      vertex 15.1935 2.08757 2.5
    endloop
  endfacet
  facet normal 0.903893 0.427758 0
    outer loop
      vertex 15.1737 2.14301 3.2
      vertex 15.1485 2.19626 2.5
      vertex 15.1485 2.19626 3.2
    endloop
  endfacet
  facet normal 0.903893 0.427758 0
    outer loop
      vertex 15.1485 2.19626 2.5
      vertex 15.1737 2.14301 3.2
      vertex 15.1737 2.14301 2.5
    endloop
  endfacet
  facet normal 0.881939 0.471363 0
    outer loop
      vertex 15.1485 2.19626 3.2
      vertex 14.6865 3.06068 2.5
      vertex 14.6865 3.06068 3.2
    endloop
  endfacet
  facet normal 0.881939 0.471363 0
    outer loop
      vertex 14.6865 3.06068 2.5
      vertex 15.1485 2.19626 3.2
      vertex 15.1485 2.19626 2.5
    endloop
  endfacet
  facet normal 0.857493 0.514496 0
    outer loop
      vertex 14.6865 3.06068 3.2
      vertex 14.6562 3.11118 2.5
      vertex 14.6562 3.11118 3.2
    endloop
  endfacet
  facet normal 0.857493 0.514496 0
    outer loop
      vertex 14.6562 3.11118 2.5
      vertex 14.6865 3.06068 3.2
      vertex 14.6865 3.06068 2.5
    endloop
  endfacet
  facet normal 0.803046 0.595918 0
    outer loop
      vertex 14.6562 3.11118 3.2
      vertex 14.6211 3.15848 2.5
      vertex 14.6211 3.15848 3.2
    endloop
  endfacet
  facet normal 0.803046 0.595918 0
    outer loop
      vertex 14.6211 3.15848 2.5
      vertex 14.6562 3.11118 3.2
      vertex 14.6562 3.11118 2.5
    endloop
  endfacet
  facet normal 0.773024 0.634377 0
    outer loop
      vertex 14.6211 3.15848 3.2
      vertex 14.0008 3.91435 2.5
      vertex 14.0008 3.91435 3.2
    endloop
  endfacet
  facet normal 0.773024 0.634377 0
    outer loop
      vertex 14.0008 3.91435 2.5
      vertex 14.6211 3.15848 3.2
      vertex 14.6211 3.15848 2.5
    endloop
  endfacet
  facet normal 0.768221 0.640184 0
    outer loop
      vertex 14.0008 3.91435 3.2
      vertex 13.9993 3.91615 2.5
      vertex 13.9993 3.91615 3.2
    endloop
  endfacet
  facet normal 0.768221 0.640184 0
    outer loop
      vertex 13.9993 3.91615 2.5
      vertex 14.0008 3.91435 3.2
      vertex 14.0008 3.91435 2.5
    endloop
  endfacet
  facet normal 0.741322 0.671149 0
    outer loop
      vertex 13.9993 3.91615 3.2
      vertex 13.9598 3.95978 2.5
      vertex 13.9598 3.95978 3.2
    endloop
  endfacet
  facet normal 0.741322 0.671149 0
    outer loop
      vertex 13.9598 3.95978 2.5
      vertex 13.9993 3.91615 3.2
      vertex 13.9993 3.91615 2.5
    endloop
  endfacet
  facet normal 0.671869 0.74067 -0
    outer loop
      vertex 13.9598 3.95978 2.5
      vertex 13.9162 3.99933 3.2
      vertex 13.9598 3.95978 3.2
    endloop
  endfacet
  facet normal 0.671869 0.74067 0
    outer loop
      vertex 13.9162 3.99933 3.2
      vertex 13.9598 3.95978 2.5
      vertex 13.9162 3.99933 2.5
    endloop
  endfacet
  facet normal 0.634382 0.77302 -0
    outer loop
      vertex 13.9162 3.99933 2.5
      vertex 13.1585 4.62114 3.2
      vertex 13.9162 3.99933 3.2
    endloop
  endfacet
  facet normal 0.634382 0.77302 0
    outer loop
      vertex 13.1585 4.62114 3.2
      vertex 13.9162 3.99933 2.5
      vertex 13.1585 4.62114 2.5
    endloop
  endfacet
  facet normal 0.595479 0.803371 -0
    outer loop
      vertex 13.1585 4.62114 2.5
      vertex 13.1112 4.6562 3.2
      vertex 13.1585 4.62114 3.2
    endloop
  endfacet
  facet normal 0.595479 0.803371 0
    outer loop
      vertex 13.1112 4.6562 3.2
      vertex 13.1585 4.62114 2.5
      vertex 13.1112 4.6562 2.5
    endloop
  endfacet
  facet normal 0.514246 0.857643 -0
    outer loop
      vertex 13.1112 4.6562 2.5
      vertex 13.0607 4.68648 3.2
      vertex 13.1112 4.6562 3.2
    endloop
  endfacet
  facet normal 0.514246 0.857643 0
    outer loop
      vertex 13.0607 4.68648 3.2
      vertex 13.1112 4.6562 2.5
      vertex 13.0607 4.68648 2.5
    endloop
  endfacet
  facet normal 0.471365 0.881938 -0
    outer loop
      vertex 13.0607 4.68648 2.5
      vertex 12.1975 5.14783 3.2
      vertex 13.0607 4.68648 3.2
    endloop
  endfacet
  facet normal 0.471365 0.881938 0
    outer loop
      vertex 12.1975 5.14783 3.2
      vertex 13.0607 4.68648 2.5
      vertex 12.1975 5.14783 2.5
    endloop
  endfacet
  facet normal 0.4741 0.880471 -0
    outer loop
      vertex 12.1975 5.14783 2.5
      vertex 12.1962 5.14853 3.2
      vertex 12.1975 5.14783 3.2
    endloop
  endfacet
  facet normal 0.4741 0.880471 0
    outer loop
      vertex 12.1962 5.14853 3.2
      vertex 12.1975 5.14783 2.5
      vertex 12.1962 5.14853 2.5
    endloop
  endfacet
  facet normal 0.427809 0.903869 -0
    outer loop
      vertex 12.1962 5.14853 2.5
      vertex 12.143 5.17371 3.2
      vertex 12.1962 5.14853 3.2
    endloop
  endfacet
  facet normal 0.427809 0.903869 0
    outer loop
      vertex 12.143 5.17371 3.2
      vertex 12.1962 5.14853 2.5
      vertex 12.143 5.17371 2.5
    endloop
  endfacet
  facet normal 0.337004 0.941503 -0
    outer loop
      vertex 12.143 5.17371 2.5
      vertex 12.0876 5.19354 3.2
      vertex 12.143 5.17371 3.2
    endloop
  endfacet
  facet normal 0.337004 0.941503 0
    outer loop
      vertex 12.0876 5.19354 3.2
      vertex 12.143 5.17371 2.5
      vertex 12.0876 5.19354 2.5
    endloop
  endfacet
  facet normal 0.290276 0.956943 -0
    outer loop
      vertex 12.0876 5.19354 2.5
      vertex 11.1496 5.47807 3.2
      vertex 12.0876 5.19354 3.2
    endloop
  endfacet
  facet normal 0.290276 0.956943 0
    outer loop
      vertex 11.1496 5.47807 3.2
      vertex 12.0876 5.19354 2.5
      vertex 11.1496 5.47807 2.5
    endloop
  endfacet
  facet normal 0.243255 0.969962 -0
    outer loop
      vertex 11.1496 5.47807 2.5
      vertex 11.0925 5.49239 3.2
      vertex 11.1496 5.47807 3.2
    endloop
  endfacet
  facet normal 0.243255 0.969962 0
    outer loop
      vertex 11.0925 5.49239 3.2
      vertex 11.1496 5.47807 2.5
      vertex 11.0925 5.49239 2.5
    endloop
  endfacet
  facet normal 0.146678 0.989184 -0
    outer loop
      vertex 11.0925 5.49239 2.5
      vertex 11.0343 5.50102 3.2
      vertex 11.0925 5.49239 3.2
    endloop
  endfacet
  facet normal 0.146678 0.989184 0
    outer loop
      vertex 11.0343 5.50102 3.2
      vertex 11.0925 5.49239 2.5
      vertex 11.0343 5.50102 2.5
    endloop
  endfacet
  facet normal 0.0979928 0.995187 -0
    outer loop
      vertex 11.0343 5.50102 2.5
      vertex 10.7343 5.53056 3.2
      vertex 11.0343 5.50102 3.2
    endloop
  endfacet
  facet normal 0.0979928 0.995187 0
    outer loop
      vertex 10.7343 5.53056 3.2
      vertex 11.0343 5.50102 2.5
      vertex 10.7343 5.53056 2.5
    endloop
  endfacet
  facet normal 0 1 -0
    outer loop
      vertex 8.46183 5.59999 2.5
      vertex -8.46183 5.59999 3.2
      vertex 8.46183 5.59999 3.2
    endloop
  endfacet
  facet normal 0 1 0
    outer loop
      vertex -8.46183 5.59999 3.2
      vertex 8.46183 5.59999 2.5
      vertex -8.46183 5.59999 2.5
    endloop
  endfacet
  facet normal -0.0979928 0.995187 0
    outer loop
      vertex -10.7343 5.53056 2.5
      vertex -11.0343 5.50102 3.2
      vertex -10.7343 5.53056 3.2
    endloop
  endfacet
  facet normal -0.0979928 0.995187 0
    outer loop
      vertex -11.0343 5.50102 3.2
      vertex -10.7343 5.53056 2.5
      vertex -11.0343 5.50102 2.5
    endloop
  endfacet
  facet normal -0.146678 0.989184 0
    outer loop
      vertex -11.0343 5.50102 2.5
      vertex -11.0925 5.49239 3.2
      vertex -11.0343 5.50102 3.2
    endloop
  endfacet
  facet normal -0.146678 0.989184 0
    outer loop
      vertex -11.0925 5.49239 3.2
      vertex -11.0343 5.50102 2.5
      vertex -11.0925 5.49239 2.5
    endloop
  endfacet
  facet normal -0.243255 0.969962 0
    outer loop
      vertex -11.0925 5.49239 2.5
      vertex -11.1496 5.47807 3.2
      vertex -11.0925 5.49239 3.2
    endloop
  endfacet
  facet normal -0.243255 0.969962 0
    outer loop
      vertex -11.1496 5.47807 3.2
      vertex -11.0925 5.49239 2.5
      vertex -11.1496 5.47807 2.5
    endloop
  endfacet
  facet normal -0.290276 0.956943 0
    outer loop
      vertex -11.1496 5.47807 2.5
      vertex -12.0876 5.19354 3.2
      vertex -11.1496 5.47807 3.2
    endloop
  endfacet
  facet normal -0.290276 0.956943 0
    outer loop
      vertex -12.0876 5.19354 3.2
      vertex -11.1496 5.47807 2.5
      vertex -12.0876 5.19354 2.5
    endloop
  endfacet
  facet normal -0.337004 0.941503 0
    outer loop
      vertex -12.0876 5.19354 2.5
      vertex -12.143 5.17371 3.2
      vertex -12.0876 5.19354 3.2
    endloop
  endfacet
  facet normal -0.337004 0.941503 0
    outer loop
      vertex -12.143 5.17371 3.2
      vertex -12.0876 5.19354 2.5
      vertex -12.143 5.17371 2.5
    endloop
  endfacet
  facet normal -0.427809 0.903869 0
    outer loop
      vertex -12.143 5.17371 2.5
      vertex -12.1962 5.14853 3.2
      vertex -12.143 5.17371 3.2
    endloop
  endfacet
  facet normal -0.427809 0.903869 0
    outer loop
      vertex -12.1962 5.14853 3.2
      vertex -12.143 5.17371 2.5
      vertex -12.1962 5.14853 2.5
    endloop
  endfacet
  facet normal -0.471369 0.881936 0
    outer loop
      vertex -12.1962 5.14853 2.5
      vertex -13.0607 4.68648 3.2
      vertex -12.1962 5.14853 3.2
    endloop
  endfacet
  facet normal -0.471369 0.881936 0
    outer loop
      vertex -13.0607 4.68648 3.2
      vertex -12.1962 5.14853 2.5
      vertex -13.0607 4.68648 2.5
    endloop
  endfacet
  facet normal -0.514246 0.857643 0
    outer loop
      vertex -13.0607 4.68648 2.5
      vertex -13.1112 4.6562 3.2
      vertex -13.0607 4.68648 3.2
    endloop
  endfacet
  facet normal -0.514246 0.857643 0
    outer loop
      vertex -13.1112 4.6562 3.2
      vertex -13.0607 4.68648 2.5
      vertex -13.1112 4.6562 2.5
    endloop
  endfacet
  facet normal -0.595479 0.803371 0
    outer loop
      vertex -13.1112 4.6562 2.5
      vertex -13.1585 4.62114 3.2
      vertex -13.1112 4.6562 3.2
    endloop
  endfacet
  facet normal -0.595479 0.803371 0
    outer loop
      vertex -13.1585 4.62114 3.2
      vertex -13.1112 4.6562 2.5
      vertex -13.1585 4.62114 2.5
    endloop
  endfacet
  facet normal -0.634399 0.773006 0
    outer loop
      vertex -13.1585 4.62114 2.5
      vertex -13.9144 4.00078 3.2
      vertex -13.1585 4.62114 3.2
    endloop
  endfacet
  facet normal -0.634399 0.773006 0
    outer loop
      vertex -13.9144 4.00078 3.2
      vertex -13.1585 4.62114 2.5
      vertex -13.9144 4.00078 2.5
    endloop
  endfacet
  facet normal -0.62733 0.778754 0
    outer loop
      vertex -13.9144 4.00078 2.5
      vertex -13.9162 3.99933 3.2
      vertex -13.9144 4.00078 3.2
    endloop
  endfacet
  facet normal -0.62733 0.778754 0
    outer loop
      vertex -13.9162 3.99933 3.2
      vertex -13.9144 4.00078 2.5
      vertex -13.9162 3.99933 2.5
    endloop
  endfacet
  facet normal -0.671869 0.74067 0
    outer loop
      vertex -13.9162 3.99933 2.5
      vertex -13.9598 3.95978 3.2
      vertex -13.9162 3.99933 3.2
    endloop
  endfacet
  facet normal -0.671869 0.74067 0
    outer loop
      vertex -13.9598 3.95978 3.2
      vertex -13.9162 3.99933 2.5
      vertex -13.9598 3.95978 2.5
    endloop
  endfacet
  facet normal -0.741322 0.671149 0
    outer loop
      vertex -13.9993 3.91615 2.5
      vertex -13.9598 3.95978 3.2
      vertex -13.9598 3.95978 2.5
    endloop
  endfacet
  facet normal -0.741322 0.671149 0
    outer loop
      vertex -13.9598 3.95978 3.2
      vertex -13.9993 3.91615 2.5
      vertex -13.9993 3.91615 3.2
    endloop
  endfacet
  facet normal -0.773012 0.634391 0
    outer loop
      vertex -14.6211 3.15848 2.5
      vertex -13.9993 3.91615 3.2
      vertex -13.9993 3.91615 2.5
    endloop
  endfacet
  facet normal -0.773012 0.634391 0
    outer loop
      vertex -13.9993 3.91615 3.2
      vertex -14.6211 3.15848 2.5
      vertex -14.6211 3.15848 3.2
    endloop
  endfacet
  facet normal -0.803046 0.595918 0
    outer loop
      vertex -14.6562 3.11118 2.5
      vertex -14.6211 3.15848 3.2
      vertex -14.6211 3.15848 2.5
    endloop
  endfacet
  facet normal -0.803046 0.595918 0
    outer loop
      vertex -14.6211 3.15848 3.2
      vertex -14.6562 3.11118 2.5
      vertex -14.6562 3.11118 3.2
    endloop
  endfacet
  facet normal -0.857493 0.514496 0
    outer loop
      vertex -14.6865 3.06068 2.5
      vertex -14.6562 3.11118 3.2
      vertex -14.6562 3.11118 2.5
    endloop
  endfacet
  facet normal -0.857493 0.514496 0
    outer loop
      vertex -14.6562 3.11118 3.2
      vertex -14.6865 3.06068 2.5
      vertex -14.6865 3.06068 3.2
    endloop
  endfacet
  facet normal -0.881953 0.471338 0
    outer loop
      vertex -15.1478 2.19751 2.5
      vertex -14.6865 3.06068 3.2
      vertex -14.6865 3.06068 2.5
    endloop
  endfacet
  facet normal -0.881953 0.471338 0
    outer loop
      vertex -14.6865 3.06068 3.2
      vertex -15.1478 2.19751 2.5
      vertex -15.1478 2.19751 3.2
    endloop
  endfacet
  facet normal -0.875779 0.482713 0
    outer loop
      vertex -15.1485 2.19624 2.5
      vertex -15.1478 2.19751 3.2
      vertex -15.1478 2.19751 2.5
    endloop
  endfacet
  facet normal -0.875779 0.482713 0
    outer loop
      vertex -15.1478 2.19751 3.2
      vertex -15.1485 2.19624 2.5
      vertex -15.1485 2.19624 3.2
    endloop
  endfacet
  facet normal -0.903831 0.427889 0
    outer loop
      vertex -15.1737 2.14301 2.5
      vertex -15.1485 2.19624 3.2
      vertex -15.1485 2.19624 2.5
    endloop
  endfacet
  facet normal -0.903831 0.427889 0
    outer loop
      vertex -15.1485 2.19624 3.2
      vertex -15.1737 2.14301 2.5
      vertex -15.1737 2.14301 3.2
    endloop
  endfacet
  facet normal -0.941742 0.336336 0
    outer loop
      vertex -15.1935 2.08757 2.5
      vertex -15.1737 2.14301 3.2
      vertex -15.1737 2.14301 2.5
    endloop
  endfacet
  facet normal -0.941742 0.336336 0
    outer loop
      vertex -15.1737 2.14301 3.2
      vertex -15.1935 2.08757 2.5
      vertex -15.1935 2.08757 3.2
    endloop
  endfacet
  facet normal -0.95692 0.290353 0
    outer loop
      vertex -15.4781 1.14961 2.5
      vertex -15.1935 2.08757 3.2
      vertex -15.1935 2.08757 2.5
    endloop
  endfacet
  facet normal -0.95692 0.290353 0
    outer loop
      vertex -15.1935 2.08757 3.2
      vertex -15.4781 1.14961 2.5
      vertex -15.4781 1.14961 3.2
    endloop
  endfacet
  facet normal -0.970053 0.242895 0
    outer loop
      vertex -15.4924 1.0925 2.5
      vertex -15.4781 1.14961 3.2
      vertex -15.4781 1.14961 2.5
    endloop
  endfacet
  facet normal -0.970053 0.242895 0
    outer loop
      vertex -15.4781 1.14961 3.2
      vertex -15.4924 1.0925 2.5
      vertex -15.4924 1.0925 3.2
    endloop
  endfacet
  facet normal -0.989273 0.146081 0
    outer loop
      vertex -15.501 1.03426 2.5
      vertex -15.4924 1.0925 3.2
      vertex -15.4924 1.0925 2.5
    endloop
  endfacet
  facet normal -0.989273 0.146081 0
    outer loop
      vertex -15.4924 1.0925 3.2
      vertex -15.501 1.03426 2.5
      vertex -15.501 1.03426 3.2
    endloop
  endfacet
  facet normal -0.995185 0.0980193 0
    outer loop
      vertex -15.5969 0.0605927 2.5
      vertex -15.501 1.03426 3.2
      vertex -15.501 1.03426 2.5
    endloop
  endfacet
  facet normal -0.995185 0.0980193 0
    outer loop
      vertex -15.501 1.03426 3.2
      vertex -15.5969 0.0605927 2.5
      vertex -15.5969 0.0605927 3.2
    endloop
  endfacet
  facet normal -0.993784 0.11133 0
    outer loop
      vertex -15.5971 0.0588074 2.5
      vertex -15.5969 0.0605927 3.2
      vertex -15.5969 0.0605927 2.5
    endloop
  endfacet
  facet normal -0.993784 0.11133 0
    outer loop
      vertex -15.5969 0.0605927 3.2
      vertex -15.5971 0.0588074 2.5
      vertex -15.5971 0.0588074 3.2
    endloop
  endfacet
  facet normal -0.998786 0.0492537 0
    outer loop
      vertex -15.6 0 2.5
      vertex -15.5971 0.0588074 3.2
      vertex -15.5971 0.0588074 2.5
    endloop
  endfacet
  facet normal -0.998786 0.0492537 0
    outer loop
      vertex -15.5971 0.0588074 3.2
      vertex -15.6 0 2.5
      vertex -15.6 0 3.2
    endloop
  endfacet
  facet normal -0.998786 -0.0492537 0
    outer loop
      vertex -15.5971 -0.0588074 2.5
      vertex -15.6 0 3.2
      vertex -15.6 0 2.5
    endloop
  endfacet
  facet normal -0.998786 -0.0492537 0
    outer loop
      vertex -15.6 0 3.2
      vertex -15.5971 -0.0588074 2.5
      vertex -15.5971 -0.0588074 3.2
    endloop
  endfacet
  facet normal -0.9931 -0.11727 0
    outer loop
      vertex -15.5967 -0.0621948 2.5
      vertex -15.5971 -0.0588074 3.2
      vertex -15.5971 -0.0588074 2.5
    endloop
  endfacet
  facet normal -0.9931 -0.11727 0
    outer loop
      vertex -15.5971 -0.0588074 3.2
      vertex -15.5967 -0.0621948 2.5
      vertex -15.5967 -0.0621948 3.2
    endloop
  endfacet
  facet normal -0.995192 -0.0979459 0
    outer loop
      vertex -15.5805 -0.226797 2.5
      vertex -15.5967 -0.0621948 3.2
      vertex -15.5967 -0.0621948 2.5
    endloop
  endfacet
  facet normal -0.995188 -0.0979828 -0
    outer loop
      vertex -15.501 -1.03426 3.2
      vertex -15.5805 -0.226797 2.5
      vertex -15.501 -1.03426 2.5
    endloop
  endfacet
  facet normal -0.995189 -0.0979765 7.27518e-06
    outer loop
      vertex -15.5805 -0.226797 2.5
      vertex -15.501 -1.03426 3.2
      vertex -15.5967 -0.0621948 3.2
    endloop
  endfacet
  facet normal -0.989273 -0.146081 0
    outer loop
      vertex -15.4924 -1.0925 2.5
      vertex -15.501 -1.03426 3.2
      vertex -15.501 -1.03426 2.5
    endloop
  endfacet
  facet normal -0.989273 -0.146081 0
    outer loop
      vertex -15.501 -1.03426 3.2
      vertex -15.4924 -1.0925 2.5
      vertex -15.4924 -1.0925 3.2
    endloop
  endfacet
  facet normal -0.970053 -0.242895 0
    outer loop
      vertex -15.4781 -1.14961 2.5
      vertex -15.4924 -1.0925 3.2
      vertex -15.4924 -1.0925 2.5
    endloop
  endfacet
  facet normal -0.970053 -0.242895 0
    outer loop
      vertex -15.4924 -1.0925 3.2
      vertex -15.4781 -1.14961 2.5
      vertex -15.4781 -1.14961 3.2
    endloop
  endfacet
  facet normal -0.95692 -0.290353 0
    outer loop
      vertex -15.1935 -2.08757 2.5
      vertex -15.4781 -1.14961 3.2
      vertex -15.4781 -1.14961 2.5
    endloop
  endfacet
  facet normal -0.95692 -0.290353 0
    outer loop
      vertex -15.4781 -1.14961 3.2
      vertex -15.1935 -2.08757 2.5
      vertex -15.1935 -2.08757 3.2
    endloop
  endfacet
  facet normal -0.941742 -0.336336 0
    outer loop
      vertex -15.1737 -2.14301 2.5
      vertex -15.1935 -2.08757 3.2
      vertex -15.1935 -2.08757 2.5
    endloop
  endfacet
  facet normal -0.941742 -0.336336 0
    outer loop
      vertex -15.1935 -2.08757 3.2
      vertex -15.1737 -2.14301 2.5
      vertex -15.1737 -2.14301 3.2
    endloop
  endfacet
  facet normal -0.903831 -0.427889 0
    outer loop
      vertex -15.1485 -2.19624 2.5
      vertex -15.1737 -2.14301 3.2
      vertex -15.1737 -2.14301 2.5
    endloop
  endfacet
  facet normal -0.903831 -0.427889 0
    outer loop
      vertex -15.1737 -2.14301 3.2
      vertex -15.1485 -2.19624 2.5
      vertex -15.1485 -2.19624 3.2
    endloop
  endfacet
  facet normal -0.881944 -0.471355 0
    outer loop
      vertex -14.6865 -3.06068 2.5
      vertex -15.1485 -2.19624 3.2
      vertex -15.1485 -2.19624 2.5
    endloop
  endfacet
  facet normal -0.881944 -0.471355 0
    outer loop
      vertex -15.1485 -2.19624 3.2
      vertex -14.6865 -3.06068 2.5
      vertex -14.6865 -3.06068 3.2
    endloop
  endfacet
  facet normal -0.857493 -0.514496 0
    outer loop
      vertex -14.6562 -3.11118 2.5
      vertex -14.6865 -3.06068 3.2
      vertex -14.6865 -3.06068 2.5
    endloop
  endfacet
  facet normal -0.857493 -0.514496 0
    outer loop
      vertex -14.6865 -3.06068 3.2
      vertex -14.6562 -3.11118 2.5
      vertex -14.6562 -3.11118 3.2
    endloop
  endfacet
  facet normal -0.803046 -0.595918 0
    outer loop
      vertex -14.6211 -3.15848 2.5
      vertex -14.6562 -3.11118 3.2
      vertex -14.6562 -3.11118 2.5
    endloop
  endfacet
  facet normal -0.803046 -0.595918 0
    outer loop
      vertex -14.6562 -3.11118 3.2
      vertex -14.6211 -3.15848 2.5
      vertex -14.6211 -3.15848 3.2
    endloop
  endfacet
  facet normal -0.773024 -0.634377 0
    outer loop
      vertex -14.0008 -3.91435 2.5
      vertex -14.6211 -3.15848 3.2
      vertex -14.6211 -3.15848 2.5
    endloop
  endfacet
  facet normal -0.773024 -0.634377 0
    outer loop
      vertex -14.6211 -3.15848 3.2
      vertex -14.0008 -3.91435 2.5
      vertex -14.0008 -3.91435 3.2
    endloop
  endfacet
  facet normal -0.768221 -0.640184 0
    outer loop
      vertex -13.9993 -3.91615 2.5
      vertex -14.0008 -3.91435 3.2
      vertex -14.0008 -3.91435 2.5
    endloop
  endfacet
  facet normal -0.768221 -0.640184 0
    outer loop
      vertex -14.0008 -3.91435 3.2
      vertex -13.9993 -3.91615 2.5
      vertex -13.9993 -3.91615 3.2
    endloop
  endfacet
  facet normal -0.741322 -0.671149 0
    outer loop
      vertex -13.9598 -3.95978 2.5
      vertex -13.9993 -3.91615 3.2
      vertex -13.9993 -3.91615 2.5
    endloop
  endfacet
  facet normal -0.741322 -0.671149 0
    outer loop
      vertex -13.9993 -3.91615 3.2
      vertex -13.9598 -3.95978 2.5
      vertex -13.9598 -3.95978 3.2
    endloop
  endfacet
  facet normal -0.671869 -0.74067 0
    outer loop
      vertex -13.9598 -3.95978 2.5
      vertex -13.9162 -3.99933 3.2
      vertex -13.9598 -3.95978 3.2
    endloop
  endfacet
  facet normal -0.671869 -0.74067 -0
    outer loop
      vertex -13.9162 -3.99933 3.2
      vertex -13.9598 -3.95978 2.5
      vertex -13.9162 -3.99933 2.5
    endloop
  endfacet
  facet normal -0.634382 -0.77302 0
    outer loop
      vertex -13.9162 -3.99933 2.5
      vertex -13.1585 -4.62114 3.2
      vertex -13.9162 -3.99933 3.2
    endloop
  endfacet
  facet normal -0.634382 -0.77302 -0
    outer loop
      vertex -13.1585 -4.62114 3.2
      vertex -13.9162 -3.99933 2.5
      vertex -13.1585 -4.62114 2.5
    endloop
  endfacet
  facet normal -0.595479 -0.803371 0
    outer loop
      vertex -13.1585 -4.62114 2.5
      vertex -13.1112 -4.6562 3.2
      vertex -13.1585 -4.62114 3.2
    endloop
  endfacet
  facet normal -0.595479 -0.803371 -0
    outer loop
      vertex -13.1112 -4.6562 3.2
      vertex -13.1585 -4.62114 2.5
      vertex -13.1112 -4.6562 2.5
    endloop
  endfacet
  facet normal -0.514246 -0.857643 0
    outer loop
      vertex -13.1112 -4.6562 2.5
      vertex -13.0607 -4.68648 3.2
      vertex -13.1112 -4.6562 3.2
    endloop
  endfacet
  facet normal -0.514246 -0.857643 -0
    outer loop
      vertex -13.0607 -4.68648 3.2
      vertex -13.1112 -4.6562 2.5
      vertex -13.0607 -4.68648 2.5
    endloop
  endfacet
  facet normal -0.471348 -0.881947 0
    outer loop
      vertex -12.6481 -4.90699 2.5
      vertex -13.0607 -4.68648 3.2
      vertex -13.0607 -4.68648 2.5
    endloop
  endfacet
  facet normal -0.471365 -0.881938 -1.28122e-05
    outer loop
      vertex -13.0607 -4.68648 3.2
      vertex -12.6481 -4.90699 2.5
      vertex -12.1975 -5.14783 3.2
    endloop
  endfacet
  facet normal -0.47138 -0.88193 -0
    outer loop
      vertex -12.1975 -5.14783 3.2
      vertex -12.6481 -4.90699 2.5
      vertex -12.1975 -5.14783 2.5
    endloop
  endfacet
  facet normal -0.4741 -0.880471 0
    outer loop
      vertex -12.1975 -5.14783 2.5
      vertex -12.1962 -5.14853 3.2
      vertex -12.1975 -5.14783 3.2
    endloop
  endfacet
  facet normal -0.4741 -0.880471 -0
    outer loop
      vertex -12.1962 -5.14853 3.2
      vertex -12.1975 -5.14783 2.5
      vertex -12.1962 -5.14853 2.5
    endloop
  endfacet
  facet normal -0.427809 -0.903869 0
    outer loop
      vertex -12.1962 -5.14853 2.5
      vertex -12.143 -5.17371 3.2
      vertex -12.1962 -5.14853 3.2
    endloop
  endfacet
  facet normal -0.427809 -0.903869 -0
    outer loop
      vertex -12.143 -5.17371 3.2
      vertex -12.1962 -5.14853 2.5
      vertex -12.143 -5.17371 2.5
    endloop
  endfacet
  facet normal -0.337004 -0.941503 0
    outer loop
      vertex -12.143 -5.17371 2.5
      vertex -12.0876 -5.19354 3.2
      vertex -12.143 -5.17371 3.2
    endloop
  endfacet
  facet normal -0.337004 -0.941503 -0
    outer loop
      vertex -12.0876 -5.19354 3.2
      vertex -12.143 -5.17371 2.5
      vertex -12.0876 -5.19354 2.5
    endloop
  endfacet
  facet normal -0.290276 -0.956943 0
    outer loop
      vertex -12.0876 -5.19354 2.5
      vertex -11.1496 -5.47807 3.2
      vertex -12.0876 -5.19354 3.2
    endloop
  endfacet
  facet normal -0.290276 -0.956943 -0
    outer loop
      vertex -11.1496 -5.47807 3.2
      vertex -12.0876 -5.19354 2.5
      vertex -11.1496 -5.47807 2.5
    endloop
  endfacet
  facet normal -0.243255 -0.969962 0
    outer loop
      vertex -11.1496 -5.47807 2.5
      vertex -11.0925 -5.49239 3.2
      vertex -11.1496 -5.47807 3.2
    endloop
  endfacet
  facet normal -0.243255 -0.969962 -0
    outer loop
      vertex -11.0925 -5.49239 3.2
      vertex -11.1496 -5.47807 2.5
      vertex -11.0925 -5.49239 2.5
    endloop
  endfacet
  facet normal -0.146678 -0.989184 0
    outer loop
      vertex -11.0925 -5.49239 2.5
      vertex -11.0343 -5.50102 3.2
      vertex -11.0925 -5.49239 3.2
    endloop
  endfacet
  facet normal -0.146678 -0.989184 -0
    outer loop
      vertex -11.0343 -5.50102 3.2
      vertex -11.0925 -5.49239 2.5
      vertex -11.0343 -5.50102 2.5
    endloop
  endfacet
  facet normal -0.0979928 -0.995187 0
    outer loop
      vertex -11.0343 -5.50102 2.5
      vertex -10.7343 -5.53056 3.2
      vertex -11.0343 -5.50102 3.2
    endloop
  endfacet
  facet normal -0.0979928 -0.995187 -0
    outer loop
      vertex -10.7343 -5.53056 3.2
      vertex -11.0343 -5.50102 2.5
      vertex -10.7343 -5.53056 2.5
    endloop
  endfacet
  facet normal 0 -1 0
    outer loop
      vertex -8.46183 -5.59999 2.5
      vertex 8.46183 -5.59999 3.2
      vertex -8.46183 -5.59999 3.2
    endloop
  endfacet
  facet normal 0 -1 -0
    outer loop
      vertex 8.46183 -5.59999 3.2
      vertex -8.46183 -5.59999 2.5
      vertex 8.46183 -5.59999 2.5
    endloop
  endfacet
  facet normal 0.0980087 0.995186 -0
    outer loop
      vertex -9.97064 -4.40001 2.5
      vertex -10.8578 -4.31264 3.2
      vertex -9.97064 -4.40001 3.2
    endloop
  endfacet
  facet normal 0.0980087 0.995186 0
    outer loop
      vertex -10.8578 -4.31264 3.2
      vertex -9.97064 -4.40001 2.5
      vertex -10.8578 -4.31264 2.5
    endloop
  endfacet
  facet normal 0.290305 0.956934 -0
    outer loop
      vertex -10.8578 -4.31264 2.5
      vertex -11.6827 -4.06239 3.2
      vertex -10.8578 -4.31264 3.2
    endloop
  endfacet
  facet normal 0.290305 0.956934 0
    outer loop
      vertex -11.6827 -4.06239 3.2
      vertex -10.8578 -4.31264 2.5
      vertex -11.6827 -4.06239 2.5
    endloop
  endfacet
  facet normal 0.471408 0.881915 0
    outer loop
      vertex -12.1878 -3.7924 2.5
      vertex -11.6827 -4.06239 3.2
      vertex -11.6827 -4.06239 2.5
    endloop
  endfacet
  facet normal 0.471428 0.881905 -1.83776e-05
    outer loop
      vertex -11.6827 -4.06239 3.2
      vertex -12.1878 -3.7924 2.5
      vertex -12.4429 -3.65602 3.2
    endloop
  endfacet
  facet normal 0.471467 0.881884 0
    outer loop
      vertex -12.4429 -3.65602 3.2
      vertex -12.1878 -3.7924 2.5
      vertex -12.4429 -3.65602 2.5
    endloop
  endfacet
  facet normal 0.634381 0.773021 -0
    outer loop
      vertex -12.4429 -3.65602 2.5
      vertex -13.1092 -3.10922 3.2
      vertex -12.4429 -3.65602 3.2
    endloop
  endfacet
  facet normal 0.634381 0.773021 0
    outer loop
      vertex -13.1092 -3.10922 3.2
      vertex -12.4429 -3.65602 2.5
      vertex -13.1092 -3.10922 2.5
    endloop
  endfacet
  facet normal 0.773006 0.634399 0
    outer loop
      vertex -13.1092 -3.10922 3.2
      vertex -13.6561 -2.44283 2.5
      vertex -13.6561 -2.44283 3.2
    endloop
  endfacet
  facet normal 0.773006 0.634399 0
    outer loop
      vertex -13.6561 -2.44283 2.5
      vertex -13.1092 -3.10922 3.2
      vertex -13.1092 -3.10922 2.5
    endloop
  endfacet
  facet normal 0.881931 0.471379 0
    outer loop
      vertex -13.6561 -2.44283 3.2
      vertex -14.0624 -1.68266 2.5
      vertex -14.0624 -1.68266 3.2
    endloop
  endfacet
  facet normal 0.881931 0.471379 0
    outer loop
      vertex -14.0624 -1.68266 2.5
      vertex -13.6561 -2.44283 3.2
      vertex -13.6561 -2.44283 2.5
    endloop
  endfacet
  facet normal 0.956949 0.290256 0
    outer loop
      vertex -14.0624 -1.68266 3.2
      vertex -14.3126 -0.857773 2.5
      vertex -14.3126 -0.857773 3.2
    endloop
  endfacet
  facet normal 0.956949 0.290256 0
    outer loop
      vertex -14.3126 -0.857773 2.5
      vertex -14.0624 -1.68266 3.2
      vertex -14.0624 -1.68266 2.5
    endloop
  endfacet
  facet normal 0.995204 0.0978213 0
    outer loop
      vertex -14.3971 7.62939e-05 3.2
      vertex -14.3748 -0.226797 2.5
      vertex -14.3971 7.62939e-05 2.5
    endloop
  endfacet
  facet normal 0.995184 0.0980277 -6.75407e-05
    outer loop
      vertex -14.3126 -0.857773 3.2
      vertex -14.3748 -0.226797 2.5
      vertex -14.3971 7.62939e-05 3.2
    endloop
  endfacet
  facet normal 0.995176 0.0981019 0
    outer loop
      vertex -14.3748 -0.226797 2.5
      vertex -14.3126 -0.857773 3.2
      vertex -14.3126 -0.857773 2.5
    endloop
  endfacet
  facet normal 0.995182 -0.098045 0
    outer loop
      vertex -14.3971 7.62939e-05 3.2
      vertex -14.3126 0.857773 2.5
      vertex -14.3126 0.857773 3.2
    endloop
  endfacet
  facet normal 0.995182 -0.098045 0
    outer loop
      vertex -14.3126 0.857773 2.5
      vertex -14.3971 7.62939e-05 3.2
      vertex -14.3971 7.62939e-05 2.5
    endloop
  endfacet
  facet normal 0.956951 -0.29025 0
    outer loop
      vertex -14.3126 0.857773 3.2
      vertex -14.0624 1.68268 2.5
      vertex -14.0624 1.68268 3.2
    endloop
  endfacet
  facet normal 0.956951 -0.29025 0
    outer loop
      vertex -14.0624 1.68268 2.5
      vertex -14.3126 0.857773 3.2
      vertex -14.3126 0.857773 2.5
    endloop
  endfacet
  facet normal 0.881908 -0.471421 0
    outer loop
      vertex -14.0624 1.68268 3.2
      vertex -13.656 2.44295 2.5
      vertex -13.656 2.44295 3.2
    endloop
  endfacet
  facet normal 0.881908 -0.471421 0
    outer loop
      vertex -13.656 2.44295 2.5
      vertex -14.0624 1.68268 3.2
      vertex -14.0624 1.68268 2.5
    endloop
  endfacet
  facet normal 0.773002 -0.634403 0
    outer loop
      vertex -13.656 2.44295 3.2
      vertex -13.1092 3.10921 2.5
      vertex -13.1092 3.10921 3.2
    endloop
  endfacet
  facet normal 0.773002 -0.634403 0
    outer loop
      vertex -13.1092 3.10921 2.5
      vertex -13.656 2.44295 3.2
      vertex -13.656 2.44295 2.5
    endloop
  endfacet
  facet normal 0.634386 -0.773016 0
    outer loop
      vertex -13.1092 3.10921 2.5
      vertex -12.4428 3.6561 3.2
      vertex -13.1092 3.10921 3.2
    endloop
  endfacet
  facet normal 0.634386 -0.773016 0
    outer loop
      vertex -12.4428 3.6561 3.2
      vertex -13.1092 3.10921 2.5
      vertex -12.4428 3.6561 2.5
    endloop
  endfacet
  facet normal 0.471422 -0.881908 0
    outer loop
      vertex -12.4428 3.6561 2.5
      vertex -11.6827 4.06241 3.2
      vertex -12.4428 3.6561 3.2
    endloop
  endfacet
  facet normal 0.471422 -0.881908 0
    outer loop
      vertex -11.6827 4.06241 3.2
      vertex -12.4428 3.6561 2.5
      vertex -11.6827 4.06241 2.5
    endloop
  endfacet
  facet normal 0.290263 -0.956947 0
    outer loop
      vertex -11.6827 4.06241 2.5
      vertex -10.8578 4.31262 3.2
      vertex -11.6827 4.06241 3.2
    endloop
  endfacet
  facet normal 0.290263 -0.956947 0
    outer loop
      vertex -10.8578 4.31262 3.2
      vertex -11.6827 4.06241 2.5
      vertex -10.8578 4.31262 2.5
    endloop
  endfacet
  facet normal 0.0980123 -0.995185 0
    outer loop
      vertex -10.8578 4.31262 2.5
      vertex -9.97047 4.40001 3.2
      vertex -10.8578 4.31262 3.2
    endloop
  endfacet
  facet normal 0.0980123 -0.995185 0
    outer loop
      vertex -9.97047 4.40001 3.2
      vertex -10.8578 4.31262 2.5
      vertex -9.97047 4.40001 2.5
    endloop
  endfacet
  facet normal 0 -1 0
    outer loop
      vertex 8.78455 4.40001 2.5
      vertex 9.97064 4.40001 3.2
      vertex 8.78455 4.40001 3.2
    endloop
  endfacet
  facet normal 0 -1 -0
    outer loop
      vertex 9.97064 4.40001 3.2
      vertex 8.78455 4.40001 2.5
      vertex 9.97064 4.40001 2.5
    endloop
  endfacet
  facet normal 0 -1 0
    outer loop
      vertex -9.97047 4.40001 2.5
      vertex -8.78455 4.40001 3.2
      vertex -9.97047 4.40001 3.2
    endloop
  endfacet
  facet normal 0 -1 -0
    outer loop
      vertex -8.78455 4.40001 3.2
      vertex -9.97047 4.40001 2.5
      vertex -8.78455 4.40001 2.5
    endloop
  endfacet
  facet normal 0 -1 0
    outer loop
      vertex -6.39229 4.40001 2.5
      vertex 6.39229 4.40001 3.2
      vertex -6.39229 4.40001 3.2
    endloop
  endfacet
  facet normal 0 -1 -0
    outer loop
      vertex 6.39229 4.40001 3.2
      vertex -6.39229 4.40001 2.5
      vertex 6.39229 4.40001 2.5
    endloop
  endfacet
  facet normal -0.0980087 -0.995186 0
    outer loop
      vertex 9.97064 4.40001 2.5
      vertex 10.8578 4.31264 3.2
      vertex 9.97064 4.40001 3.2
    endloop
  endfacet
  facet normal -0.0980087 -0.995186 -0
    outer loop
      vertex 10.8578 4.31264 3.2
      vertex 9.97064 4.40001 2.5
      vertex 10.8578 4.31264 2.5
    endloop
  endfacet
  facet normal -0.290305 -0.956934 0
    outer loop
      vertex 10.8578 4.31264 2.5
      vertex 11.6827 4.06239 3.2
      vertex 10.8578 4.31264 3.2
    endloop
  endfacet
  facet normal -0.290305 -0.956934 -0
    outer loop
      vertex 11.6827 4.06239 3.2
      vertex 10.8578 4.31264 2.5
      vertex 11.6827 4.06239 2.5
    endloop
  endfacet
  facet normal -0.471428 -0.881905 0
    outer loop
      vertex 11.6827 4.06239 2.5
      vertex 12.4429 3.65602 3.2
      vertex 11.6827 4.06239 3.2
    endloop
  endfacet
  facet normal -0.471428 -0.881905 -0
    outer loop
      vertex 12.4429 3.65602 3.2
      vertex 11.6827 4.06239 2.5
      vertex 12.4429 3.65602 2.5
    endloop
  endfacet
  facet normal -0.634381 -0.773021 0
    outer loop
      vertex 12.4429 3.65602 2.5
      vertex 13.1092 3.10922 3.2
      vertex 12.4429 3.65602 3.2
    endloop
  endfacet
  facet normal -0.634381 -0.773021 -0
    outer loop
      vertex 13.1092 3.10922 3.2
      vertex 12.4429 3.65602 2.5
      vertex 13.1092 3.10922 2.5
    endloop
  endfacet
  facet normal -0.773006 -0.634399 0
    outer loop
      vertex 13.6561 2.44283 2.5
      vertex 13.1092 3.10922 3.2
      vertex 13.1092 3.10922 2.5
    endloop
  endfacet
  facet normal -0.773006 -0.634399 0
    outer loop
      vertex 13.1092 3.10922 3.2
      vertex 13.6561 2.44283 2.5
      vertex 13.6561 2.44283 3.2
    endloop
  endfacet
  facet normal -0.881931 -0.471379 0
    outer loop
      vertex 14.0624 1.68266 2.5
      vertex 13.6561 2.44283 3.2
      vertex 13.6561 2.44283 2.5
    endloop
  endfacet
  facet normal -0.881931 -0.471379 0
    outer loop
      vertex 13.6561 2.44283 3.2
      vertex 14.0624 1.68266 2.5
      vertex 14.0624 1.68266 3.2
    endloop
  endfacet
  facet normal -0.956949 -0.290256 0
    outer loop
      vertex 14.3126 0.857773 2.5
      vertex 14.0624 1.68266 3.2
      vertex 14.0624 1.68266 2.5
    endloop
  endfacet
  facet normal -0.956949 -0.290256 0
    outer loop
      vertex 14.0624 1.68266 3.2
      vertex 14.3126 0.857773 2.5
      vertex 14.3126 0.857773 3.2
    endloop
  endfacet
  facet normal -0.995183 -0.0980364 0
    outer loop
      vertex 14.3971 0 2.5
      vertex 14.3126 0.857773 3.2
      vertex 14.3126 0.857773 2.5
    endloop
  endfacet
  facet normal -0.995183 -0.0980364 0
    outer loop
      vertex 14.3126 0.857773 3.2
      vertex 14.3971 0 2.5
      vertex 14.3971 0 3.2
    endloop
  endfacet
  facet normal -0.995184 0.0980278 0
    outer loop
      vertex 14.3126 -0.857849 2.5
      vertex 14.3971 0 3.2
      vertex 14.3971 0 2.5
    endloop
  endfacet
  facet normal -0.995184 0.0980278 0
    outer loop
      vertex 14.3971 0 3.2
      vertex 14.3126 -0.857849 2.5
      vertex 14.3126 -0.857849 3.2
    endloop
  endfacet
  facet normal -0.956943 0.290274 0
    outer loop
      vertex 14.0624 -1.68268 2.5
      vertex 14.3126 -0.857849 3.2
      vertex 14.3126 -0.857849 2.5
    endloop
  endfacet
  facet normal -0.956943 0.290274 0
    outer loop
      vertex 14.3126 -0.857849 3.2
      vertex 14.0624 -1.68268 2.5
      vertex 14.0624 -1.68268 3.2
    endloop
  endfacet
  facet normal -0.881908 0.471421 0
    outer loop
      vertex 13.656 -2.44295 2.5
      vertex 14.0624 -1.68268 3.2
      vertex 14.0624 -1.68268 2.5
    endloop
  endfacet
  facet normal -0.881908 0.471421 0
    outer loop
      vertex 14.0624 -1.68268 3.2
      vertex 13.656 -2.44295 2.5
      vertex 13.656 -2.44295 3.2
    endloop
  endfacet
  facet normal -0.773002 0.634403 0
    outer loop
      vertex 13.1092 -3.10921 2.5
      vertex 13.656 -2.44295 3.2
      vertex 13.656 -2.44295 2.5
    endloop
  endfacet
  facet normal -0.773002 0.634403 0
    outer loop
      vertex 13.656 -2.44295 3.2
      vertex 13.1092 -3.10921 2.5
      vertex 13.1092 -3.10921 3.2
    endloop
  endfacet
  facet normal -0.634386 0.773016 0
    outer loop
      vertex 13.1092 -3.10921 2.5
      vertex 12.4428 -3.6561 3.2
      vertex 13.1092 -3.10921 3.2
    endloop
  endfacet
  facet normal -0.634386 0.773016 0
    outer loop
      vertex 12.4428 -3.6561 3.2
      vertex 13.1092 -3.10921 2.5
      vertex 12.4428 -3.6561 2.5
    endloop
  endfacet
  facet normal -0.471422 0.881908 0
    outer loop
      vertex 12.4428 -3.6561 2.5
      vertex 11.6827 -4.06241 3.2
      vertex 12.4428 -3.6561 3.2
    endloop
  endfacet
  facet normal -0.471422 0.881908 0
    outer loop
      vertex 11.6827 -4.06241 3.2
      vertex 12.4428 -3.6561 2.5
      vertex 11.6827 -4.06241 2.5
    endloop
  endfacet
  facet normal -0.290263 0.956947 0
    outer loop
      vertex 11.6827 -4.06241 2.5
      vertex 10.8578 -4.31262 3.2
      vertex 11.6827 -4.06241 3.2
    endloop
  endfacet
  facet normal -0.290263 0.956947 0
    outer loop
      vertex 10.8578 -4.31262 3.2
      vertex 11.6827 -4.06241 2.5
      vertex 10.8578 -4.31262 2.5
    endloop
  endfacet
  facet normal -0.0980123 0.995185 0
    outer loop
      vertex 10.8578 -4.31262 2.5
      vertex 9.97047 -4.40001 3.2
      vertex 10.8578 -4.31262 3.2
    endloop
  endfacet
  facet normal -0.0980123 0.995185 0
    outer loop
      vertex 9.97047 -4.40001 3.2
      vertex 10.8578 -4.31262 2.5
      vertex 9.97047 -4.40001 2.5
    endloop
  endfacet
  facet normal 0 1 -0
    outer loop
      vertex 9.97047 -4.40001 2.5
      vertex 8.78455 -4.40001 3.2
      vertex 9.97047 -4.40001 3.2
    endloop
  endfacet
  facet normal 0 1 0
    outer loop
      vertex 8.78455 -4.40001 3.2
      vertex 9.97047 -4.40001 2.5
      vertex 8.78455 -4.40001 2.5
    endloop
  endfacet
  facet normal 0 1 -0
    outer loop
      vertex -8.78455 -4.40001 2.5
      vertex -9.97064 -4.40001 3.2
      vertex -8.78455 -4.40001 3.2
    endloop
  endfacet
  facet normal 0 1 0
    outer loop
      vertex -9.97064 -4.40001 3.2
      vertex -8.78455 -4.40001 2.5
      vertex -9.97064 -4.40001 2.5
    endloop
  endfacet
  facet normal 0 1 -0
    outer loop
      vertex 6.39229 -4.40001 2.5
      vertex -6.39229 -4.40001 3.2
      vertex 6.39229 -4.40001 3.2
    endloop
  endfacet
  facet normal 0 1 0
    outer loop
      vertex -6.39229 -4.40001 3.2
      vertex 6.39229 -4.40001 2.5
      vertex -6.39229 -4.40001 2.5
    endloop
  endfacet
  facet normal 0.707111 -0.707103 0
    outer loop
      vertex 12.4514 -7.91327 2.5
      vertex 13.3294 -7.03526 3.2
      vertex 12.4514 -7.91327 3.2
    endloop
  endfacet
  facet normal 0.707111 -0.707103 0
    outer loop
      vertex 13.3294 -7.03526 3.2
      vertex 12.4514 -7.91327 2.5
      vertex 13.3294 -7.03526 2.5
    endloop
  endfacet
  facet normal 0.707111 0.707103 -0
    outer loop
      vertex 13.3294 7.03526 2.5
      vertex 12.4514 7.91327 3.2
      vertex 13.3294 7.03526 3.2
    endloop
  endfacet
  facet normal 0.707111 0.707103 0
    outer loop
      vertex 12.4514 7.91327 3.2
      vertex 13.3294 7.03526 2.5
      vertex 12.4514 7.91327 2.5
    endloop
  endfacet
  facet normal -0.707111 0.707103 0
    outer loop
      vertex -12.4514 7.91327 2.5
      vertex -13.3294 7.03526 3.2
      vertex -12.4514 7.91327 3.2
    endloop
  endfacet
  facet normal -0.707111 0.707103 0
    outer loop
      vertex -13.3294 7.03526 3.2
      vertex -12.4514 7.91327 2.5
      vertex -13.3294 7.03526 2.5
    endloop
  endfacet
  facet normal -0.707111 -0.707103 0
    outer loop
      vertex -13.3294 -7.03526 2.5
      vertex -12.4514 -7.91327 3.2
      vertex -13.3294 -7.03526 3.2
    endloop
  endfacet
  facet normal -0.707111 -0.707103 -0
    outer loop
      vertex -12.4514 -7.91327 3.2
      vertex -13.3294 -7.03526 2.5
      vertex -12.4514 -7.91327 2.5
    endloop
  endfacet
  facet normal 0.900966 -0.43389 0
    outer loop
      vertex 20.0242 -0.319227 3.2
      vertex 20.0825 -0.198168 2.5
      vertex 20.0825 -0.198168 3.2
    endloop
  endfacet
  facet normal 0.900966 -0.43389 0
    outer loop
      vertex 20.0825 -0.198168 2.5
      vertex 20.0242 -0.319227 3.2
      vertex 20.0242 -0.319227 2.5
    endloop
  endfacet
  facet normal 0.974923 -0.222544 0
    outer loop
      vertex 20.0825 -0.198168 3.2
      vertex 20.1124 -0.0671821 2.5
      vertex 20.1124 -0.0671821 3.2
    endloop
  endfacet
  facet normal 0.974923 -0.222544 0
    outer loop
      vertex 20.1124 -0.0671821 2.5
      vertex 20.0825 -0.198168 3.2
      vertex 20.0825 -0.198168 2.5
    endloop
  endfacet
  facet normal 1 -0 0
    outer loop
      vertex 20.1124 -0.0671821 3.2
      vertex 20.1124 0.0671699 2.5
      vertex 20.1124 0.0671699 3.2
    endloop
  endfacet
  facet normal 1 0 0
    outer loop
      vertex 20.1124 0.0671699 2.5
      vertex 20.1124 -0.0671821 3.2
      vertex 20.1124 -0.0671821 2.5
    endloop
  endfacet
  facet normal 0.974923 0.222544 0
    outer loop
      vertex 20.1124 0.0671699 3.2
      vertex 20.0825 0.198156 2.5
      vertex 20.0825 0.198156 3.2
    endloop
  endfacet
  facet normal 0.974923 0.222544 0
    outer loop
      vertex 20.0825 0.198156 2.5
      vertex 20.1124 0.0671699 3.2
      vertex 20.1124 0.0671699 2.5
    endloop
  endfacet
  facet normal 0.900966 0.43389 0
    outer loop
      vertex 20.0825 0.198156 3.2
      vertex 20.0242 0.319215 2.5
      vertex 20.0242 0.319215 3.2
    endloop
  endfacet
  facet normal 0.900966 0.43389 0
    outer loop
      vertex 20.0242 0.319215 2.5
      vertex 20.0825 0.198156 3.2
      vertex 20.0825 0.198156 2.5
    endloop
  endfacet
  facet normal 0.781702 0.623653 0
    outer loop
      vertex 20.0242 0.319215 3.2
      vertex 19.9404 0.424252 2.5
      vertex 19.9404 0.424252 3.2
    endloop
  endfacet
  facet normal 0.781702 0.623653 0
    outer loop
      vertex 19.9404 0.424252 2.5
      vertex 20.0242 0.319215 3.2
      vertex 20.0242 0.319215 2.5
    endloop
  endfacet
  facet normal 0.707107 0.707107 0
    outer loop
      vertex 19.9404 0.424252 3.2
      vertex 13.3294 7.03525 2.5
      vertex 13.3294 7.03525 3.2
    endloop
  endfacet
  facet normal 0.707107 0.707107 0
    outer loop
      vertex 13.3294 7.03525 2.5
      vertex 19.9404 0.424252 3.2
      vertex 19.9404 0.424252 2.5
    endloop
  endfacet
  facet normal 0.707107 0.707107 -0
    outer loop
      vertex 12.4514 7.91326 2.5
      vertex 0.424258 19.9404 3.2
      vertex 12.4514 7.91326 3.2
    endloop
  endfacet
  facet normal 0.707107 0.707107 0
    outer loop
      vertex 0.424258 19.9404 3.2
      vertex 12.4514 7.91326 2.5
      vertex 0.424258 19.9404 2.5
    endloop
  endfacet
  facet normal 0.623653 0.781702 -0
    outer loop
      vertex 0.424258 19.9404 2.5
      vertex 0.319221 20.0242 3.2
      vertex 0.424258 19.9404 3.2
    endloop
  endfacet
  facet normal 0.623653 0.781702 0
    outer loop
      vertex 0.319221 20.0242 3.2
      vertex 0.424258 19.9404 2.5
      vertex 0.319221 20.0242 2.5
    endloop
  endfacet
  facet normal 0.43389 0.900966 -0
    outer loop
      vertex 0.319221 20.0242 2.5
      vertex 0.198162 20.0825 3.2
      vertex 0.319221 20.0242 3.2
    endloop
  endfacet
  facet normal 0.43389 0.900966 0
    outer loop
      vertex 0.198162 20.0825 3.2
      vertex 0.319221 20.0242 2.5
      vertex 0.198162 20.0825 2.5
    endloop
  endfacet
  facet normal 0.221837 0.975084 -0
    outer loop
      vertex 0.198162 20.0825 2.5
      vertex 0.067176 20.1123 3.2
      vertex 0.198162 20.0825 3.2
    endloop
  endfacet
  facet normal 0.221837 0.975084 0
    outer loop
      vertex 0.067176 20.1123 3.2
      vertex 0.198162 20.0825 2.5
      vertex 0.067176 20.1123 2.5
    endloop
  endfacet
  facet normal 0 1 -0
    outer loop
      vertex 0.067176 20.1123 2.5
      vertex -0.067176 20.1123 3.2
      vertex 0.067176 20.1123 3.2
    endloop
  endfacet
  facet normal 0 1 0
    outer loop
      vertex -0.067176 20.1123 3.2
      vertex 0.067176 20.1123 2.5
      vertex -0.067176 20.1123 2.5
    endloop
  endfacet
  facet normal -0.221837 0.975084 0
    outer loop
      vertex -0.067176 20.1123 2.5
      vertex -0.198162 20.0825 3.2
      vertex -0.067176 20.1123 3.2
    endloop
  endfacet
  facet normal -0.221837 0.975084 0
    outer loop
      vertex -0.198162 20.0825 3.2
      vertex -0.067176 20.1123 2.5
      vertex -0.198162 20.0825 2.5
    endloop
  endfacet
  facet normal -0.43389 0.900966 0
    outer loop
      vertex -0.198162 20.0825 2.5
      vertex -0.319221 20.0242 3.2
      vertex -0.198162 20.0825 3.2
    endloop
  endfacet
  facet normal -0.43389 0.900966 0
    outer loop
      vertex -0.319221 20.0242 3.2
      vertex -0.198162 20.0825 2.5
      vertex -0.319221 20.0242 2.5
    endloop
  endfacet
  facet normal -0.623653 0.781702 0
    outer loop
      vertex -0.319221 20.0242 2.5
      vertex -0.424258 19.9404 3.2
      vertex -0.319221 20.0242 3.2
    endloop
  endfacet
  facet normal -0.623653 0.781702 0
    outer loop
      vertex -0.424258 19.9404 3.2
      vertex -0.319221 20.0242 2.5
      vertex -0.424258 19.9404 2.5
    endloop
  endfacet
  facet normal -0.707107 0.707107 0
    outer loop
      vertex -0.424258 19.9404 2.5
      vertex -12.4514 7.91326 3.2
      vertex -0.424258 19.9404 3.2
    endloop
  endfacet
  facet normal -0.707107 0.707107 0
    outer loop
      vertex -12.4514 7.91326 3.2
      vertex -0.424258 19.9404 2.5
      vertex -12.4514 7.91326 2.5
    endloop
  endfacet
  facet normal -0.707107 0.707107 0
    outer loop
      vertex -19.9404 0.424252 2.5
      vertex -13.3294 7.03525 3.2
      vertex -13.3294 7.03525 2.5
    endloop
  endfacet
  facet normal -0.707107 0.707107 0
    outer loop
      vertex -13.3294 7.03525 3.2
      vertex -19.9404 0.424252 2.5
      vertex -19.9404 0.424252 3.2
    endloop
  endfacet
  facet normal -0.781702 0.623653 0
    outer loop
      vertex -20.0242 0.319215 2.5
      vertex -19.9404 0.424252 3.2
      vertex -19.9404 0.424252 2.5
    endloop
  endfacet
  facet normal -0.781702 0.623653 0
    outer loop
      vertex -19.9404 0.424252 3.2
      vertex -20.0242 0.319215 2.5
      vertex -20.0242 0.319215 3.2
    endloop
  endfacet
  facet normal -0.900966 0.43389 0
    outer loop
      vertex -20.0825 0.198156 2.5
      vertex -20.0242 0.319215 3.2
      vertex -20.0242 0.319215 2.5
    endloop
  endfacet
  facet normal -0.900966 0.43389 0
    outer loop
      vertex -20.0242 0.319215 3.2
      vertex -20.0825 0.198156 2.5
      vertex -20.0825 0.198156 3.2
    endloop
  endfacet
  facet normal -0.974923 0.222544 0
    outer loop
      vertex -20.1124 0.0671699 2.5
      vertex -20.0825 0.198156 3.2
      vertex -20.0825 0.198156 2.5
    endloop
  endfacet
  facet normal -0.974923 0.222544 0
    outer loop
      vertex -20.0825 0.198156 3.2
      vertex -20.1124 0.0671699 2.5
      vertex -20.1124 0.0671699 3.2
    endloop
  endfacet
  facet normal -1 0 0
    outer loop
      vertex -20.1124 -0.0671821 2.5
      vertex -20.1124 0.0671699 3.2
      vertex -20.1124 0.0671699 2.5
    endloop
  endfacet
  facet normal -1 -0 0
    outer loop
      vertex -20.1124 0.0671699 3.2
      vertex -20.1124 -0.0671821 2.5
      vertex -20.1124 -0.0671821 3.2
    endloop
  endfacet
  facet normal -0.974625 -0.223843 0
    outer loop
      vertex -20.1028 -0.108981 2.5
      vertex -20.1124 -0.0671821 3.2
      vertex -20.1124 -0.0671821 2.5
    endloop
  endfacet
  facet normal -0.974625 -0.223843 0
    outer loop
      vertex -20.1124 -0.0671821 3.2
      vertex -20.1028 -0.108981 2.5
      vertex -20.1028 -0.108981 3.2
    endloop
  endfacet
  facet normal -0.707106 -0.707107 0
    outer loop
      vertex -0.424258 -19.9404 2.5
      vertex -12.4514 -7.91327 3.2
      vertex -12.4514 -7.91327 2.5
    endloop
  endfacet
  facet normal -0.707106 -0.707107 0
    outer loop
      vertex -12.4514 -7.91327 3.2
      vertex -0.424258 -19.9404 2.5
      vertex -0.424258 -19.9404 3.2
    endloop
  endfacet
  facet normal -0.707107 -0.707106 0
    outer loop
      vertex -13.4693 -6.89536 2.5
      vertex -18.9152 -1.44945 3.2
      vertex -18.9152 -1.44945 2.5
    endloop
  endfacet
  facet normal -0.707107 -0.707106 2.52999e-07
    outer loop
      vertex -18.9152 -1.44945 3.2
      vertex -13.4693 -6.89536 2.5
      vertex -13.3294 -7.03526 3.2
    endloop
  endfacet
  facet normal -0.707107 -0.707107 -0
    outer loop
      vertex -13.3294 -7.03526 3.2
      vertex -13.4693 -6.89536 2.5
      vertex -13.3294 -7.03526 2.5
    endloop
  endfacet
  facet normal -0.623653 -0.781702 0
    outer loop
      vertex -0.424258 -19.9404 2.5
      vertex -0.319221 -20.0242 3.2
      vertex -0.424258 -19.9404 3.2
    endloop
  endfacet
  facet normal -0.623653 -0.781702 -0
    outer loop
      vertex -0.319221 -20.0242 3.2
      vertex -0.424258 -19.9404 2.5
      vertex -0.319221 -20.0242 2.5
    endloop
  endfacet
  facet normal -0.43389 -0.900966 0
    outer loop
      vertex -0.319221 -20.0242 2.5
      vertex -0.198162 -20.0825 3.2
      vertex -0.319221 -20.0242 3.2
    endloop
  endfacet
  facet normal -0.43389 -0.900966 -0
    outer loop
      vertex -0.198162 -20.0825 3.2
      vertex -0.319221 -20.0242 2.5
      vertex -0.198162 -20.0825 2.5
    endloop
  endfacet
  facet normal -0.222544 -0.974923 0
    outer loop
      vertex -0.198162 -20.0825 2.5
      vertex -0.067176 -20.1124 3.2
      vertex -0.198162 -20.0825 3.2
    endloop
  endfacet
  facet normal -0.222544 -0.974923 -0
    outer loop
      vertex -0.067176 -20.1124 3.2
      vertex -0.198162 -20.0825 2.5
      vertex -0.067176 -20.1124 2.5
    endloop
  endfacet
  facet normal 0 -1 0
    outer loop
      vertex -0.067176 -20.1124 2.5
      vertex 0.067176 -20.1124 3.2
      vertex -0.067176 -20.1124 3.2
    endloop
  endfacet
  facet normal 0 -1 -0
    outer loop
      vertex 0.067176 -20.1124 3.2
      vertex -0.067176 -20.1124 2.5
      vertex 0.067176 -20.1124 2.5
    endloop
  endfacet
  facet normal 0.222544 -0.974923 0
    outer loop
      vertex 0.067176 -20.1124 2.5
      vertex 0.198162 -20.0825 3.2
      vertex 0.067176 -20.1124 3.2
    endloop
  endfacet
  facet normal 0.222544 -0.974923 0
    outer loop
      vertex 0.198162 -20.0825 3.2
      vertex 0.067176 -20.1124 2.5
      vertex 0.198162 -20.0825 2.5
    endloop
  endfacet
  facet normal 0.43389 -0.900966 0
    outer loop
      vertex 0.198162 -20.0825 2.5
      vertex 0.319221 -20.0242 3.2
      vertex 0.198162 -20.0825 3.2
    endloop
  endfacet
  facet normal 0.43389 -0.900966 0
    outer loop
      vertex 0.319221 -20.0242 3.2
      vertex 0.198162 -20.0825 2.5
      vertex 0.319221 -20.0242 2.5
    endloop
  endfacet
  facet normal 0.623653 -0.781702 0
    outer loop
      vertex 0.319221 -20.0242 2.5
      vertex 0.424258 -19.9404 3.2
      vertex 0.319221 -20.0242 3.2
    endloop
  endfacet
  facet normal 0.623653 -0.781702 0
    outer loop
      vertex 0.424258 -19.9404 3.2
      vertex 0.319221 -20.0242 2.5
      vertex 0.424258 -19.9404 2.5
    endloop
  endfacet
  facet normal 0.707107 -0.707107 0
    outer loop
      vertex 13.3294 -7.03526 3.2
      vertex 19.9404 -0.424264 2.5
      vertex 19.9404 -0.424264 3.2
    endloop
  endfacet
  facet normal 0.707107 -0.707107 0
    outer loop
      vertex 19.9404 -0.424264 2.5
      vertex 13.3294 -7.03526 3.2
      vertex 13.3294 -7.03526 2.5
    endloop
  endfacet
  facet normal 0.707106 -0.707107 0
    outer loop
      vertex 0.424258 -19.9404 3.2
      vertex 12.4514 -7.91327 2.5
      vertex 12.4514 -7.91327 3.2
    endloop
  endfacet
  facet normal 0.707106 -0.707107 0
    outer loop
      vertex 12.4514 -7.91327 2.5
      vertex 0.424258 -19.9404 3.2
      vertex 0.424258 -19.9404 2.5
    endloop
  endfacet
  facet normal 0.781702 -0.623653 0
    outer loop
      vertex 19.9404 -0.424264 3.2
      vertex 20.0242 -0.319227 2.5
      vertex 20.0242 -0.319227 3.2
    endloop
  endfacet
  facet normal 0.781702 -0.623653 0
    outer loop
      vertex 20.0242 -0.319227 2.5
      vertex 19.9404 -0.424264 3.2
      vertex 19.9404 -0.424264 2.5
    endloop
  endfacet
  facet normal 0.707106 0.707107 0
    outer loop
      vertex 0 -18.6676 3.2
      vertex -11.3772 -7.29042 2.5
      vertex -11.3772 -7.29042 3.2
    endloop
  endfacet
  facet normal 0.707106 0.707107 0
    outer loop
      vertex -11.3772 -7.29042 2.5
      vertex 0 -18.6676 3.2
      vertex 0 -18.6676 2.5
    endloop
  endfacet
  facet normal 0.707093 0.707121 0
    outer loop
      vertex -18.6676 -6.06915e-06 3.2
      vertex -18.4408 -0.226797 2.5
      vertex -18.6676 -6.06915e-06 2.5
    endloop
  endfacet
  facet normal 0.70711 0.707104 1.0963e-05
    outer loop
      vertex -18.6676 -6.06915e-06 3.2
      vertex -12.9733 -5.69434 2.5
      vertex -18.4408 -0.226797 2.5
    endloop
  endfacet
  facet normal 0.707107 0.707107 -3.07492e-05
    outer loop
      vertex -12.2552 -6.41241 3.2
      vertex -12.9733 -5.69434 2.5
      vertex -18.6676 -6.06915e-06 3.2
    endloop
  endfacet
  facet normal 0.707092 0.707122 0
    outer loop
      vertex -12.9733 -5.69434 2.5
      vertex -12.2552 -6.41241 3.2
      vertex -12.2552 -6.41241 2.5
    endloop
  endfacet
  facet normal 0.707106 -0.707107 0
    outer loop
      vertex -11.3772 7.29042 3.2
      vertex 0 18.6676 2.5
      vertex 0 18.6676 3.2
    endloop
  endfacet
  facet normal 0.707106 -0.707107 0
    outer loop
      vertex 0 18.6676 2.5
      vertex -11.3772 7.29042 3.2
      vertex -11.3772 7.29042 2.5
    endloop
  endfacet
  facet normal 0.707108 -0.707106 0
    outer loop
      vertex -18.6676 -6.06915e-06 3.2
      vertex -12.2552 6.41241 2.5
      vertex -12.2552 6.41241 3.2
    endloop
  endfacet
  facet normal 0.707108 -0.707106 0
    outer loop
      vertex -12.2552 6.41241 2.5
      vertex -18.6676 -6.06915e-06 3.2
      vertex -18.6676 -6.06915e-06 2.5
    endloop
  endfacet
  facet normal -0.707106 -0.707107 0
    outer loop
      vertex 11.3772 7.29042 2.5
      vertex 0 18.6676 3.2
      vertex 0 18.6676 2.5
    endloop
  endfacet
  facet normal -0.707106 -0.707107 0
    outer loop
      vertex 0 18.6676 3.2
      vertex 11.3772 7.29042 2.5
      vertex 11.3772 7.29042 3.2
    endloop
  endfacet
  facet normal -0.707108 -0.707106 0
    outer loop
      vertex 18.6676 -6.06915e-06 2.5
      vertex 12.2552 6.41241 3.2
      vertex 12.2552 6.41241 2.5
    endloop
  endfacet
  facet normal -0.707108 -0.707106 0
    outer loop
      vertex 12.2552 6.41241 3.2
      vertex 18.6676 -6.06915e-06 2.5
      vertex 18.6676 -6.06915e-06 3.2
    endloop
  endfacet
  facet normal -0.707107 0.707107 0
    outer loop
      vertex 12.2552 -6.41241 2.5
      vertex 18.6676 -6.06915e-06 3.2
      vertex 18.6676 -6.06915e-06 2.5
    endloop
  endfacet
  facet normal -0.707107 0.707107 0
    outer loop
      vertex 18.6676 -6.06915e-06 3.2
      vertex 12.2552 -6.41241 2.5
      vertex 12.2552 -6.41241 3.2
    endloop
  endfacet
  facet normal -0.707106 0.707107 0
    outer loop
      vertex 0 -18.6676 2.5
      vertex 11.3772 -7.29042 3.2
      vertex 11.3772 -7.29042 2.5
    endloop
  endfacet
  facet normal -0.707106 0.707107 0
    outer loop
      vertex 11.3772 -7.29042 3.2
      vertex 0 -18.6676 2.5
      vertex 0 -18.6676 3.2
    endloop
  endfacet
  facet normal -0.772918 0.634505 0
    outer loop
      vertex -20.6305 0.55557 -2.5
      vertex -20.5061 0.707107 2.5
      vertex -20.5061 0.707107 -2.5
    endloop
  endfacet
  facet normal -0.772918 0.634505 0
    outer loop
      vertex -20.5061 0.707107 2.5
      vertex -20.6305 0.55557 -2.5
      vertex -20.6305 0.55557 2.5
    endloop
  endfacet
  facet normal 0.881943 0.471357 0
    outer loop
      vertex 20.7229 0.382683 2.5
      vertex 20.6305 0.55557 -2.5
      vertex 20.6305 0.55557 2.5
    endloop
  endfacet
  facet normal 0.881943 0.471357 0
    outer loop
      vertex 20.6305 0.55557 -2.5
      vertex 20.7229 0.382683 2.5
      vertex 20.7229 0.382683 -2.5
    endloop
  endfacet
  facet normal -0.881943 0.471357 0
    outer loop
      vertex -20.7229 0.382683 -2.5
      vertex -20.6305 0.55557 2.5
      vertex -20.6305 0.55557 -2.5
    endloop
  endfacet
  facet normal -0.881943 0.471357 0
    outer loop
      vertex -20.6305 0.55557 2.5
      vertex -20.7229 0.382683 -2.5
      vertex -20.7229 0.382683 2.5
    endloop
  endfacet
  facet normal -0.995192 -0.0979424 0
    outer loop
      vertex -20.7798 -0.195091 -2.5
      vertex -20.799 0 2.5
      vertex -20.799 0 -2.5
    endloop
  endfacet
  facet normal -0.995192 -0.0979424 0
    outer loop
      vertex -20.799 0 2.5
      vertex -20.7798 -0.195091 -2.5
      vertex -20.7798 -0.195091 2.5
    endloop
  endfacet
  facet normal 0.772918 0.634505 0
    outer loop
      vertex 20.6305 0.55557 2.5
      vertex 20.5061 0.707107 -2.5
      vertex 20.5061 0.707107 2.5
    endloop
  endfacet
  facet normal 0.772918 0.634505 0
    outer loop
      vertex 20.5061 0.707107 -2.5
      vertex 20.6305 0.55557 2.5
      vertex 20.6305 0.55557 -2.5
    endloop
  endfacet
  facet normal -0.471357 -0.881943 0
    outer loop
      vertex -0.55557 -20.6305 -2.5
      vertex -0.382683 -20.7229 2.5
      vertex -0.55557 -20.6305 2.5
    endloop
  endfacet
  facet normal -0.471357 -0.881943 -0
    outer loop
      vertex -0.382683 -20.7229 2.5
      vertex -0.55557 -20.6305 -2.5
      vertex -0.382683 -20.7229 -2.5
    endloop
  endfacet
  facet normal 0.956948 0.290259 0
    outer loop
      vertex 20.7798 0.195091 2.5
      vertex 20.7229 0.382683 -2.5
      vertex 20.7229 0.382683 2.5
    endloop
  endfacet
  facet normal 0.956948 0.290259 0
    outer loop
      vertex 20.7229 0.382683 -2.5
      vertex 20.7798 0.195091 2.5
      vertex 20.7798 0.195091 -2.5
    endloop
  endfacet
  facet normal -0.956948 0.290259 0
    outer loop
      vertex -20.7798 0.195091 -2.5
      vertex -20.7229 0.382683 2.5
      vertex -20.7229 0.382683 -2.5
    endloop
  endfacet
  facet normal -0.956948 0.290259 0
    outer loop
      vertex -20.7229 0.382683 2.5
      vertex -20.7798 0.195091 -2.5
      vertex -20.7798 0.195091 2.5
    endloop
  endfacet
  facet normal 0.995192 -0.0979424 0
    outer loop
      vertex 20.7798 -0.195091 2.5
      vertex 20.799 0 -2.5
      vertex 20.799 0 2.5
    endloop
  endfacet
  facet normal 0.995192 -0.0979424 0
    outer loop
      vertex 20.799 0 -2.5
      vertex 20.7798 -0.195091 2.5
      vertex 20.7798 -0.195091 -2.5
    endloop
  endfacet
  facet normal 0 0 1
    outer loop
      vertex -20.5061 0.707107 2.5
      vertex -9 8.9 2.5
      vertex -9 12.2132 2.5
    endloop
  endfacet
  facet normal 0 0 1
    outer loop
      vertex -9 8.9 2.5
      vertex -20.5061 0.707107 2.5
      vertex -10.7152 -0.226797 2.5
    endloop
  endfacet
  facet normal 0 0 1
    outer loop
      vertex -20.7152 -0.226797 2.5
      vertex -20.5061 0.707107 2.5
      vertex -20.6305 0.55557 2.5
    endloop
  endfacet
  facet normal 0 0 1
    outer loop
      vertex -20.5061 0.707107 2.5
      vertex -20.7152 -0.226797 2.5
      vertex -10.7152 -0.226797 2.5
    endloop
  endfacet
  facet normal -0 0 1
    outer loop
      vertex -20.7229 0.382683 2.5
      vertex -20.7152 -0.226797 2.5
      vertex -20.6305 0.55557 2.5
    endloop
  endfacet
  facet normal -0 0 1
    outer loop
      vertex -20.7798 0.195091 2.5
      vertex -20.7152 -0.226797 2.5
      vertex -20.7229 0.382683 2.5
    endloop
  endfacet
  facet normal -0 0 1
    outer loop
      vertex -20.799 0 2.5
      vertex -20.7152 -0.226797 2.5
      vertex -20.7798 0.195091 2.5
    endloop
  endfacet
  facet normal 0 -0 1
    outer loop
      vertex -20.7229 -0.382683 2.5
      vertex -20.7152 -0.226797 2.5
      vertex -20.7798 -0.195091 2.5
    endloop
  endfacet
  facet normal 0 0 1
    outer loop
      vertex -20.7152 -0.226797 2.5
      vertex -20.7229 -0.382683 2.5
      vertex -20.7152 -0.397023 2.5
    endloop
  endfacet
  facet normal 0 0 1
    outer loop
      vertex -20.7152 -0.226797 2.5
      vertex -20.799 0 2.5
      vertex -20.7798 -0.195091 2.5
    endloop
  endfacet
  facet normal 0 0 1
    outer loop
      vertex 20.7798 0.195091 2.5
      vertex 20.7798 -0.195091 2.5
      vertex 20.799 0 2.5
    endloop
  endfacet
  facet normal 0 0 1
    outer loop
      vertex 20.7229 0.382683 2.5
      vertex 20.7798 -0.195091 2.5
      vertex 20.7798 0.195091 2.5
    endloop
  endfacet
  facet normal 0 0 1
    outer loop
      vertex 20.7229 0.382683 2.5
      vertex 20.7229 -0.382683 2.5
      vertex 20.7798 -0.195091 2.5
    endloop
  endfacet
  facet normal 0 0 1
    outer loop
      vertex 20.6305 0.55557 2.5
      vertex 20.7229 -0.382683 2.5
      vertex 20.7229 0.382683 2.5
    endloop
  endfacet
  facet normal 0 0 1
    outer loop
      vertex 20.6305 0.55557 2.5
      vertex 20.6305 -0.55557 2.5
      vertex 20.7229 -0.382683 2.5
    endloop
  endfacet
  facet normal 0 0 1
    outer loop
      vertex 20.5061 0.707107 2.5
      vertex 20.6305 -0.55557 2.5
      vertex 20.6305 0.55557 2.5
    endloop
  endfacet
  facet normal 0 0 1
    outer loop
      vertex 20.5061 0.707107 2.5
      vertex 20.5061 -0.707107 2.5
      vertex 20.6305 -0.55557 2.5
    endloop
  endfacet
  facet normal -0 0 1
    outer loop
      vertex 9 8.9 2.5
      vertex 20.5061 0.707107 2.5
      vertex 9 12.2132 2.5
    endloop
  endfacet
  facet normal 0 0 1
    outer loop
      vertex 20.5061 0.707107 2.5
      vertex 9 8.9 2.5
      vertex 20.5061 -0.707107 2.5
    endloop
  endfacet
  facet normal 0 0 1
    outer loop
      vertex 9 8.9 2.5
      vertex 0.707107 -20.5061 2.5
      vertex 20.5061 -0.707107 2.5
    endloop
  endfacet
  facet normal -0 0 1
    outer loop
      vertex -10.7152 -0.226797 2.5
      vertex 0.707107 -20.5061 2.5
      vertex 9 8.9 2.5
    endloop
  endfacet
  facet normal 0 -0 1
    outer loop
      vertex -0.707107 -20.5061 2.5
      vertex 0.707107 -20.5061 2.5
      vertex -10.7152 -0.226797 2.5
    endloop
  endfacet
  facet normal 0 0 1
    outer loop
      vertex 0.707107 -20.5061 2.5
      vertex -0.707107 -20.5061 2.5
      vertex 0.55557 -20.6305 2.5
    endloop
  endfacet
  facet normal 0 0 1
    outer loop
      vertex 0.382683 -20.7229 2.5
      vertex -0.707107 -20.5061 2.5
      vertex 0.195091 -20.7798 2.5
    endloop
  endfacet
  facet normal 0 0 1
    outer loop
      vertex 0.195091 -20.7798 2.5
      vertex -0.707107 -20.5061 2.5
      vertex 0 -20.799 2.5
    endloop
  endfacet
  facet normal 0 0 1
    outer loop
      vertex 0 -20.799 2.5
      vertex -0.707107 -20.5061 2.5
      vertex -0.195091 -20.7798 2.5
    endloop
  endfacet
  facet normal 0 0 1
    outer loop
      vertex -0.195091 -20.7798 2.5
      vertex -0.707107 -20.5061 2.5
      vertex -0.382683 -20.7229 2.5
    endloop
  endfacet
  facet normal 0 0 1
    outer loop
      vertex -0.382683 -20.7229 2.5
      vertex -0.707107 -20.5061 2.5
      vertex -0.55557 -20.6305 2.5
    endloop
  endfacet
  facet normal 0 0 1
    outer loop
      vertex -10.7152 -0.226797 2.5
      vertex 9 8.9 2.5
      vertex -9 8.9 2.5
    endloop
  endfacet
  facet normal 0 0 1
    outer loop
      vertex 0.55557 -20.6305 2.5
      vertex -0.707107 -20.5061 2.5
      vertex 0.382683 -20.7229 2.5
    endloop
  endfacet
  facet normal 0 0 1
    outer loop
      vertex -0.707107 -20.5061 2.5
      vertex -10.7152 -0.226797 2.5
      vertex -13.7173 -7.49588 2.5
    endloop
  endfacet
  facet normal 0.471357 -0.881943 0
    outer loop
      vertex 0.382683 -20.7229 -2.5
      vertex 0.55557 -20.6305 2.5
      vertex 0.382683 -20.7229 2.5
    endloop
  endfacet
  facet normal 0.471357 -0.881943 0
    outer loop
      vertex 0.55557 -20.6305 2.5
      vertex 0.382683 -20.7229 -2.5
      vertex 0.55557 -20.6305 -2.5
    endloop
  endfacet
  facet normal -0.707107 0.707107 0
    outer loop
      vertex -20.5061 0.707107 -2.5
      vertex -9 12.2132 2.5
      vertex -9 12.2132 -2.5
    endloop
  endfacet
  facet normal -0.707107 0.707107 0
    outer loop
      vertex -9 12.2132 2.5
      vertex -20.5061 0.707107 -2.5
      vertex -20.5061 0.707107 2.5
    endloop
  endfacet
  facet normal 0.707107 0.707107 0
    outer loop
      vertex 20.5061 0.707107 2.5
      vertex 9 12.2132 -2.5
      vertex 9 12.2132 2.5
    endloop
  endfacet
  facet normal 0.707107 0.707107 0
    outer loop
      vertex 9 12.2132 -2.5
      vertex 20.5061 0.707107 2.5
      vertex 20.5061 0.707107 -2.5
    endloop
  endfacet
  facet normal -0.634505 -0.772918 0
    outer loop
      vertex -0.707107 -20.5061 -2.5
      vertex -0.55557 -20.6305 2.5
      vertex -0.707107 -20.5061 2.5
    endloop
  endfacet
  facet normal -0.634505 -0.772918 -0
    outer loop
      vertex -0.55557 -20.6305 2.5
      vertex -0.707107 -20.5061 -2.5
      vertex -0.55557 -20.6305 -2.5
    endloop
  endfacet
  facet normal -0.707108 -0.707106 0
    outer loop
      vertex -0.707107 -20.5061 -2.5
      vertex -13.7173 -7.49588 2.5
      vertex -13.7173 -7.49588 -2.5
    endloop
  endfacet
  facet normal -0.707108 -0.707106 0
    outer loop
      vertex -13.7173 -7.49588 2.5
      vertex -0.707107 -20.5061 -2.5
      vertex -0.707107 -20.5061 2.5
    endloop
  endfacet
  facet normal -0.881023 -0.473074 0
    outer loop
      vertex -20.7152 -0.397023 -2.5
      vertex -20.7229 -0.382683 2.5
      vertex -20.7229 -0.382683 -2.5
    endloop
  endfacet
  facet normal -0.881023 -0.473074 0
    outer loop
      vertex -20.7229 -0.382683 2.5
      vertex -20.7152 -0.397023 -2.5
      vertex -20.7152 -0.397023 2.5
    endloop
  endfacet
  facet normal 0 0 -1
    outer loop
      vertex -20.7152 -0.397023 -2.5
      vertex -20.7229 -0.382683 -2.5
      vertex -20.7152 -0.226797 -2.5
    endloop
  endfacet
  facet normal -0 0 -1
    outer loop
      vertex -2.4687 5.10213 -2.5
      vertex -5.61909 2.58885 -2.5
      vertex -3.12121 5.68965 -2.5
    endloop
  endfacet
  facet normal 0 0 -1
    outer loop
      vertex -6.19844 2.92334 -2.5
      vertex -3.12121 5.68965 -2.5
      vertex -5.61909 2.58885 -2.5
    endloop
  endfacet
  facet normal -0 0 -1
    outer loop
      vertex -3.12121 5.68965 -2.5
      vertex -6.19844 2.92334 -2.5
      vertex -3.63731 6.4 -2.5
    endloop
  endfacet
  facet normal 0 0 -1
    outer loop
      vertex -6.83468 3.13007 -2.5
      vertex -3.63731 6.4 -2.5
      vertex -6.19844 2.92334 -2.5
    endloop
  endfacet
  facet normal -0 0 -1
    outer loop
      vertex -3.63731 6.4 -2.5
      vertex -6.83468 3.13007 -2.5
      vertex -3.99444 7.20213 -2.5
    endloop
  endfacet
  facet normal 0 0 -1
    outer loop
      vertex -7.5 3.2 -2.5
      vertex -3.99444 7.20213 -2.5
      vertex -6.83468 3.13007 -2.5
    endloop
  endfacet
  facet normal 0 0 -1
    outer loop
      vertex -9 8.9 -2.5
      vertex -3.99444 7.20213 -2.5
      vertex -7.5 3.2 -2.5
    endloop
  endfacet
  facet normal 0 0 -1
    outer loop
      vertex -3.99444 7.20213 -2.5
      vertex -9 8.9 -2.5
      vertex -4.17699 8.06098 -2.5
    endloop
  endfacet
  facet normal 0 0 -1
    outer loop
      vertex -9 8.9 -2.5
      vertex -7.5 3.2 -2.5
      vertex -8.16532 3.13007 -2.5
    endloop
  endfacet
  facet normal 0 0 -1
    outer loop
      vertex -9 8.9 -2.5
      vertex -8.16532 3.13007 -2.5
      vertex -8.80156 2.92334 -2.5
    endloop
  endfacet
  facet normal 0 0 -1
    outer loop
      vertex -4.17699 8.06098 -2.5
      vertex -9 8.9 -2.5
      vertex -4.17699 8.9 -2.5
    endloop
  endfacet
  facet normal 0 0 -1
    outer loop
      vertex -9.38091 2.58885 -2.5
      vertex -9 8.9 -2.5
      vertex -8.80156 2.92334 -2.5
    endloop
  endfacet
  facet normal 0 0 -1
    outer loop
      vertex -9.87806 2.14122 -2.5
      vertex -9 8.9 -2.5
      vertex -9.38091 2.58885 -2.5
    endloop
  endfacet
  facet normal 0 0 -1
    outer loop
      vertex -20.5061 0.707107 -2.5
      vertex -9 8.9 -2.5
      vertex -9.87806 2.14122 -2.5
    endloop
  endfacet
  facet normal 0 0 -1
    outer loop
      vertex -20.5061 0.707107 -2.5
      vertex -9.87806 2.14122 -2.5
      vertex -10.2713 1.6 -2.5
    endloop
  endfacet
  facet normal 0 0 -1
    outer loop
      vertex -20.5061 0.707107 -2.5
      vertex -10.2713 1.6 -2.5
      vertex -10.5434 0.988853 -2.5
    endloop
  endfacet
  facet normal 0 0 -1
    outer loop
      vertex -20.5061 0.707107 -2.5
      vertex -10.5434 0.988853 -2.5
      vertex -10.6825 0.334491 -2.5
    endloop
  endfacet
  facet normal -0 0 -1
    outer loop
      vertex -9 8.9 -2.5
      vertex -20.5061 0.707107 -2.5
      vertex -9 12.2132 -2.5
    endloop
  endfacet
  facet normal 0 0 -1
    outer loop
      vertex -10.7152 -0.226797 -2.5
      vertex -20.5061 0.707107 -2.5
      vertex -10.6825 0.334491 -2.5
    endloop
  endfacet
  facet normal 0 0 -1
    outer loop
      vertex -20.7152 -0.226797 -2.5
      vertex -20.5061 0.707107 -2.5
      vertex -10.7152 -0.226797 -2.5
    endloop
  endfacet
  facet normal 0 0 -1
    outer loop
      vertex -20.5061 0.707107 -2.5
      vertex -20.7152 -0.226797 -2.5
      vertex -20.6305 0.55557 -2.5
    endloop
  endfacet
  facet normal 0 0 -1
    outer loop
      vertex -20.7152 -0.226797 -2.5
      vertex -20.7229 0.382683 -2.5
      vertex -20.6305 0.55557 -2.5
    endloop
  endfacet
  facet normal 0 0 -1
    outer loop
      vertex -20.7798 -0.195091 -2.5
      vertex -20.7152 -0.226797 -2.5
      vertex -20.7229 -0.382683 -2.5
    endloop
  endfacet
  facet normal 0 0 -1
    outer loop
      vertex -20.799 0 -2.5
      vertex -20.7152 -0.226797 -2.5
      vertex -20.7798 -0.195091 -2.5
    endloop
  endfacet
  facet normal 0 0 -1
    outer loop
      vertex -20.7152 -0.226797 -2.5
      vertex -20.7798 0.195091 -2.5
      vertex -20.7229 0.382683 -2.5
    endloop
  endfacet
  facet normal 0 0 -1
    outer loop
      vertex -20.7152 -0.226797 -2.5
      vertex -20.799 0 -2.5
      vertex -20.7798 0.195091 -2.5
    endloop
  endfacet
  facet normal -0 0 -1
    outer loop
      vertex 4.32027 -0.386755 -2.5
      vertex 2.56785 -0.834346 -2.5
      vertex 2.68521 -0.282227 -2.5
    endloop
  endfacet
  facet normal 0 0 -1
    outer loop
      vertex 4.79571 -1.85 -2.5
      vertex 2.33827 -1.35 -2.5
      vertex 2.56785 -0.834346 -2.5
    endloop
  endfacet
  facet normal 0 0 -1
    outer loop
      vertex 4.79571 -1.85 -2.5
      vertex 2.00649 -1.80665 -2.5
      vertex 2.33827 -1.35 -2.5
    endloop
  endfacet
  facet normal 0 0 -1
    outer loop
      vertex 1.91166 -4.70634 -2.5
      vertex 2.00649 -1.80665 -2.5
      vertex 2.76259 -5.19762 -2.5
    endloop
  endfacet
  facet normal 0 0 -1
    outer loop
      vertex 1.91166 -4.70634 -2.5
      vertex 1.58702 -2.18435 -2.5
      vertex 2.00649 -1.80665 -2.5
    endloop
  endfacet
  facet normal 0 0 -1
    outer loop
      vertex 1.91166 -4.70634 -2.5
      vertex 1.09819 -2.46657 -2.5
      vertex 1.58702 -2.18435 -2.5
    endloop
  endfacet
  facet normal 0 0 -1
    outer loop
      vertex 0.977184 -4.40271 -2.5
      vertex 1.09819 -2.46657 -2.5
      vertex 1.91166 -4.70634 -2.5
    endloop
  endfacet
  facet normal 0 0 -1
    outer loop
      vertex 0.977184 -4.40271 -2.5
      vertex 0.561361 -2.641 -2.5
      vertex 1.09819 -2.46657 -2.5
    endloop
  endfacet
  facet normal 0 0 -1
    outer loop
      vertex 0 -4.3 -2.5
      vertex 0.561361 -2.641 -2.5
      vertex 0.977184 -4.40271 -2.5
    endloop
  endfacet
  facet normal 0 0 -1
    outer loop
      vertex 0 -4.3 -2.5
      vertex 0 -2.7 -2.5
      vertex 0.561361 -2.641 -2.5
    endloop
  endfacet
  facet normal 0 0 -1
    outer loop
      vertex 0 -4.3 -2.5
      vertex -0.561361 -2.641 -2.5
      vertex 0 -2.7 -2.5
    endloop
  endfacet
  facet normal 0 0 -1
    outer loop
      vertex -0.977184 -4.40271 -2.5
      vertex -0.561361 -2.641 -2.5
      vertex 0 -4.3 -2.5
    endloop
  endfacet
  facet normal 0 0 -1
    outer loop
      vertex -0.977184 -4.40271 -2.5
      vertex -1.09819 -2.46657 -2.5
      vertex -0.561361 -2.641 -2.5
    endloop
  endfacet
  facet normal 0 0 -1
    outer loop
      vertex -1.91166 -4.70634 -2.5
      vertex -1.09819 -2.46657 -2.5
      vertex -0.977184 -4.40271 -2.5
    endloop
  endfacet
  facet normal -0 0 -1
    outer loop
      vertex -1.09819 -2.46657 -2.5
      vertex -1.91166 -4.70634 -2.5
      vertex -1.58702 -2.18435 -2.5
    endloop
  endfacet
  facet normal 0 0 -1
    outer loop
      vertex -1.91166 -4.70634 -2.5
      vertex -2.00649 -1.80665 -2.5
      vertex -1.58702 -2.18435 -2.5
    endloop
  endfacet
  facet normal 0 0 -1
    outer loop
      vertex -2.76259 -5.19762 -2.5
      vertex -2.00649 -1.80665 -2.5
      vertex -1.91166 -4.70634 -2.5
    endloop
  endfacet
  facet normal 0 0 -1
    outer loop
      vertex -2.00649 -1.80665 -2.5
      vertex -4.72872 -1.6 -2.5
      vertex -2.33827 -1.35 -2.5
    endloop
  endfacet
  facet normal 0 -0 -1
    outer loop
      vertex -4.45662 -0.988853 -2.5
      vertex -2.33827 -1.35 -2.5
      vertex -4.72872 -1.6 -2.5
    endloop
  endfacet
  facet normal 0 0 -1
    outer loop
      vertex -2.33827 -1.35 -2.5
      vertex -4.45662 -0.988853 -2.5
      vertex -2.56785 -0.834346 -2.5
    endloop
  endfacet
  facet normal -0 0 -1
    outer loop
      vertex -2.00649 -1.80665 -2.5
      vertex -2.76259 -5.19762 -2.5
      vertex -4.72872 -1.6 -2.5
    endloop
  endfacet
  facet normal 0 0 -1
    outer loop
      vertex 8.76927 3.61915 -2.5
      vertex 9 8.9 -2.5
      vertex 9.50492 3.38012 -2.5
    endloop
  endfacet
  facet normal 0 0 -1
    outer loop
      vertex 8 3.7 -2.5
      vertex 9 8.9 -2.5
      vertex 8.76927 3.61915 -2.5
    endloop
  endfacet
  facet normal 0 0 -1
    outer loop
      vertex 7.23073 3.61915 -2.5
      vertex 9 8.9 -2.5
      vertex 8 3.7 -2.5
    endloop
  endfacet
  facet normal 0 0 -1
    outer loop
      vertex 3.99444 7.20213 -2.5
      vertex 7.23073 3.61915 -2.5
      vertex 6.49508 3.38012 -2.5
    endloop
  endfacet
  facet normal 0 0 -1
    outer loop
      vertex 3.99444 7.20213 -2.5
      vertex 6.49508 3.38012 -2.5
      vertex 5.8252 2.99336 -2.5
    endloop
  endfacet
  facet normal 0 0 -1
    outer loop
      vertex 3.99444 7.20213 -2.5
      vertex 5.8252 2.99336 -2.5
      vertex 5.25036 2.47578 -2.5
    endloop
  endfacet
  facet normal 0 0 -1
    outer loop
      vertex 3.99444 7.20213 -2.5
      vertex 5.25036 2.47578 -2.5
      vertex 4.79571 1.85 -2.5
    endloop
  endfacet
  facet normal 0 0 -1
    outer loop
      vertex 2.56785 0.834346 -2.5
      vertex 4.48109 1.14336 -2.5
      vertex 4.32027 0.386755 -2.5
    endloop
  endfacet
  facet normal 0 0 -1
    outer loop
      vertex 3.99444 7.20213 -2.5
      vertex 4.79571 1.85 -2.5
      vertex 4.48109 1.14336 -2.5
    endloop
  endfacet
  facet normal 0 0 -1
    outer loop
      vertex 7.23073 3.61915 -2.5
      vertex 3.99444 7.20213 -2.5
      vertex 9 8.9 -2.5
    endloop
  endfacet
  facet normal -0 0 -1
    outer loop
      vertex 9 8.9 -2.5
      vertex 4.17699 8.06098 -2.5
      vertex 4.17699 8.9 -2.5
    endloop
  endfacet
  facet normal 0 0 -1
    outer loop
      vertex 20.7798 -0.195091 -2.5
      vertex 20.7798 0.195091 -2.5
      vertex 20.799 0 -2.5
    endloop
  endfacet
  facet normal 0 0 -1
    outer loop
      vertex 20.7229 -0.382683 -2.5
      vertex 20.7798 0.195091 -2.5
      vertex 20.7798 -0.195091 -2.5
    endloop
  endfacet
  facet normal 0 0 -1
    outer loop
      vertex 20.7229 -0.382683 -2.5
      vertex 20.7229 0.382683 -2.5
      vertex 20.7798 0.195091 -2.5
    endloop
  endfacet
  facet normal 0 0 -1
    outer loop
      vertex 20.6305 -0.55557 -2.5
      vertex 20.7229 0.382683 -2.5
      vertex 20.7229 -0.382683 -2.5
    endloop
  endfacet
  facet normal 0 0 -1
    outer loop
      vertex 20.6305 -0.55557 -2.5
      vertex 20.6305 0.55557 -2.5
      vertex 20.7229 0.382683 -2.5
    endloop
  endfacet
  facet normal 0 0 -1
    outer loop
      vertex 20.5061 -0.707107 -2.5
      vertex 20.6305 0.55557 -2.5
      vertex 20.6305 -0.55557 -2.5
    endloop
  endfacet
  facet normal 0 0 -1
    outer loop
      vertex 20.5061 -0.707107 -2.5
      vertex 20.5061 0.707107 -2.5
      vertex 20.6305 0.55557 -2.5
    endloop
  endfacet
  facet normal 0 0 -1
    outer loop
      vertex 20.5061 -0.707107 -2.5
      vertex 11.6797 -0.386755 -2.5
      vertex 20.5061 0.707107 -2.5
    endloop
  endfacet
  facet normal -0 0 -1
    outer loop
      vertex 20.5061 -0.707107 -2.5
      vertex 11.5189 -1.14336 -2.5
      vertex 11.6797 -0.386755 -2.5
    endloop
  endfacet
  facet normal 0 0 -1
    outer loop
      vertex 20.5061 -0.707107 -2.5
      vertex 11.2043 -1.85 -2.5
      vertex 11.5189 -1.14336 -2.5
    endloop
  endfacet
  facet normal 0 0 -1
    outer loop
      vertex 20.5061 -0.707107 -2.5
      vertex 10.7496 -2.47578 -2.5
      vertex 11.2043 -1.85 -2.5
    endloop
  endfacet
  facet normal 0 0 -1
    outer loop
      vertex 20.5061 -0.707107 -2.5
      vertex 10.1748 -2.99336 -2.5
      vertex 10.7496 -2.47578 -2.5
    endloop
  endfacet
  facet normal 0 0 -1
    outer loop
      vertex 4.46996 -10.4524 -2.5
      vertex 10.1748 -2.99336 -2.5
      vertex 20.5061 -0.707107 -2.5
    endloop
  endfacet
  facet normal 0 0 -1
    outer loop
      vertex 10.1748 -2.99336 -2.5
      vertex 4.46996 -10.4524 -2.5
      vertex 9.50492 -3.38012 -2.5
    endloop
  endfacet
  facet normal -0 0 -1
    outer loop
      vertex 7.23073 -3.61915 -2.5
      vertex 4.07032 -6.65 -2.5
      vertex 6.49508 -3.38012 -2.5
    endloop
  endfacet
  facet normal 0 0 -1
    outer loop
      vertex 4.07032 -6.65 -2.5
      vertex 7.23073 -3.61915 -2.5
      vertex 4.46996 -7.54762 -2.5
    endloop
  endfacet
  facet normal -0 0 -1
    outer loop
      vertex 8 -3.7 -2.5
      vertex 4.46996 -7.54762 -2.5
      vertex 7.23073 -3.61915 -2.5
    endloop
  endfacet
  facet normal 0 0 -1
    outer loop
      vertex 4.46996 -7.54762 -2.5
      vertex 8 -3.7 -2.5
      vertex 4.67425 -8.50872 -2.5
    endloop
  endfacet
  facet normal 0 0 -1
    outer loop
      vertex 8.76927 -3.61915 -2.5
      vertex 4.67425 -8.50872 -2.5
      vertex 8 -3.7 -2.5
    endloop
  endfacet
  facet normal 0 0 -1
    outer loop
      vertex 4.67425 -8.50872 -2.5
      vertex 8.76927 -3.61915 -2.5
      vertex 4.67425 -9.49128 -2.5
    endloop
  endfacet
  facet normal 0 -0 -1
    outer loop
      vertex 4.67425 -9.49128 -2.5
      vertex 9.50492 -3.38012 -2.5
      vertex 4.46996 -10.4524 -2.5
    endloop
  endfacet
  facet normal 0 0 -1
    outer loop
      vertex 9.50492 -3.38012 -2.5
      vertex 4.67425 -9.49128 -2.5
      vertex 8.76927 -3.61915 -2.5
    endloop
  endfacet
  facet normal 0 0 -1
    outer loop
      vertex 20.5061 -0.707107 -2.5
      vertex 4.07032 -11.35 -2.5
      vertex 4.46996 -10.4524 -2.5
    endloop
  endfacet
  facet normal 0 0 -1
    outer loop
      vertex 0.707107 -20.5061 -2.5
      vertex 4.07032 -11.35 -2.5
      vertex 20.5061 -0.707107 -2.5
    endloop
  endfacet
  facet normal 0 0 -1
    outer loop
      vertex 4.07032 -11.35 -2.5
      vertex 0.707107 -20.5061 -2.5
      vertex 3.49278 -12.1449 -2.5
    endloop
  endfacet
  facet normal 0 0 -1
    outer loop
      vertex 3.49278 -12.1449 -2.5
      vertex 0.707107 -20.5061 -2.5
      vertex 2.76259 -12.8024 -2.5
    endloop
  endfacet
  facet normal 0 0 -1
    outer loop
      vertex 0.707107 -20.5061 -2.5
      vertex 1.91166 -13.2937 -2.5
      vertex 2.76259 -12.8024 -2.5
    endloop
  endfacet
  facet normal 0 0 -1
    outer loop
      vertex 0.707107 -20.5061 -2.5
      vertex 0.977184 -13.5973 -2.5
      vertex 1.91166 -13.2937 -2.5
    endloop
  endfacet
  facet normal 0 0 -1
    outer loop
      vertex -0.707107 -20.5061 -2.5
      vertex 0.707107 -20.5061 -2.5
      vertex 0.55557 -20.6305 -2.5
    endloop
  endfacet
  facet normal 0 0 -1
    outer loop
      vertex -0.707107 -20.5061 -2.5
      vertex 0.55557 -20.6305 -2.5
      vertex 0.382683 -20.7229 -2.5
    endloop
  endfacet
  facet normal 0 0 -1
    outer loop
      vertex -0.707107 -20.5061 -2.5
      vertex 0.382683 -20.7229 -2.5
      vertex 0.195091 -20.7798 -2.5
    endloop
  endfacet
  facet normal 0 0 -1
    outer loop
      vertex -0.707107 -20.5061 -2.5
      vertex 0.195091 -20.7798 -2.5
      vertex 0 -20.799 -2.5
    endloop
  endfacet
  facet normal 0 0 -1
    outer loop
      vertex 0.707107 -20.5061 -2.5
      vertex -0.707107 -20.5061 -2.5
      vertex 0 -13.7 -2.5
    endloop
  endfacet
  facet normal 0 0 -1
    outer loop
      vertex -0.707107 -20.5061 -2.5
      vertex 0 -20.799 -2.5
      vertex -0.195091 -20.7798 -2.5
    endloop
  endfacet
  facet normal 0 0 -1
    outer loop
      vertex -0.707107 -20.5061 -2.5
      vertex -0.195091 -20.7798 -2.5
      vertex -0.382683 -20.7229 -2.5
    endloop
  endfacet
  facet normal 0 0 -1
    outer loop
      vertex -0.707107 -20.5061 -2.5
      vertex -0.382683 -20.7229 -2.5
      vertex -0.55557 -20.6305 -2.5
    endloop
  endfacet
  facet normal 0 0 -1
    outer loop
      vertex 0.707107 -20.5061 -2.5
      vertex 0 -13.7 -2.5
      vertex 0.977184 -13.5973 -2.5
    endloop
  endfacet
  facet normal 0 0 -1
    outer loop
      vertex -0.707107 -20.5061 -2.5
      vertex -0.977184 -13.5973 -2.5
      vertex 0 -13.7 -2.5
    endloop
  endfacet
  facet normal 0 0 -1
    outer loop
      vertex -0.707107 -20.5061 -2.5
      vertex -1.91166 -13.2937 -2.5
      vertex -0.977184 -13.5973 -2.5
    endloop
  endfacet
  facet normal 0 0 -1
    outer loop
      vertex -0.707107 -20.5061 -2.5
      vertex -2.76259 -12.8024 -2.5
      vertex -1.91166 -13.2937 -2.5
    endloop
  endfacet
  facet normal 0 0 -1
    outer loop
      vertex -0.707107 -20.5061 -2.5
      vertex -3.49278 -12.1449 -2.5
      vertex -2.76259 -12.8024 -2.5
    endloop
  endfacet
  facet normal 0 0 -1
    outer loop
      vertex -13.7173 -7.49588 -2.5
      vertex -3.49278 -12.1449 -2.5
      vertex -0.707107 -20.5061 -2.5
    endloop
  endfacet
  facet normal 0 0 -1
    outer loop
      vertex -3.49278 -12.1449 -2.5
      vertex -13.7173 -7.49588 -2.5
      vertex -4.07032 -11.35 -2.5
    endloop
  endfacet
  facet normal 0 0 -1
    outer loop
      vertex -13.7173 -7.49588 -2.5
      vertex -4.67425 -8.50872 -2.5
      vertex -4.67425 -9.49128 -2.5
    endloop
  endfacet
  facet normal 0 0 -1
    outer loop
      vertex -4.67425 -8.50872 -2.5
      vertex -5.12194 -2.14122 -2.5
      vertex -4.72872 -1.6 -2.5
    endloop
  endfacet
  facet normal 0 0 -1
    outer loop
      vertex -4.67425 -8.50872 -2.5
      vertex -5.61909 -2.58885 -2.5
      vertex -5.12194 -2.14122 -2.5
    endloop
  endfacet
  facet normal 0 0 -1
    outer loop
      vertex -4.67425 -8.50872 -2.5
      vertex -6.19844 -2.92334 -2.5
      vertex -5.61909 -2.58885 -2.5
    endloop
  endfacet
  facet normal 0 0 -1
    outer loop
      vertex -13.7173 -7.49588 -2.5
      vertex -4.67425 -9.49128 -2.5
      vertex -4.46996 -10.4524 -2.5
    endloop
  endfacet
  facet normal 0 0 -1
    outer loop
      vertex -4.67425 -8.50872 -2.5
      vertex -6.83468 -3.13007 -2.5
      vertex -6.19844 -2.92334 -2.5
    endloop
  endfacet
  facet normal 0 0 -1
    outer loop
      vertex -4.67425 -8.50872 -2.5
      vertex -7.5 -3.2 -2.5
      vertex -6.83468 -3.13007 -2.5
    endloop
  endfacet
  facet normal 0 0 -1
    outer loop
      vertex -4.07032 -11.35 -2.5
      vertex -13.7173 -7.49588 -2.5
      vertex -4.46996 -10.4524 -2.5
    endloop
  endfacet
  facet normal 0 0 -1
    outer loop
      vertex -4.67425 -8.50872 -2.5
      vertex -13.7173 -7.49588 -2.5
      vertex -8.16532 -3.13007 -2.5
    endloop
  endfacet
  facet normal 0 0 -1
    outer loop
      vertex -4.67425 -8.50872 -2.5
      vertex -8.16532 -3.13007 -2.5
      vertex -7.5 -3.2 -2.5
    endloop
  endfacet
  facet normal -0 0 -1
    outer loop
      vertex -8.16532 -3.13007 -2.5
      vertex -13.7173 -7.49588 -2.5
      vertex -8.80156 -2.92334 -2.5
    endloop
  endfacet
  facet normal -0 0 -1
    outer loop
      vertex -8.80156 -2.92334 -2.5
      vertex -13.7173 -7.49588 -2.5
      vertex -9.38091 -2.58885 -2.5
    endloop
  endfacet
  facet normal -0 0 -1
    outer loop
      vertex -9.38091 -2.58885 -2.5
      vertex -13.7173 -7.49588 -2.5
      vertex -9.87806 -2.14122 -2.5
    endloop
  endfacet
  facet normal 0 0 -1
    outer loop
      vertex -10.6825 -0.334491 -2.5
      vertex -10.7152 -0.226797 -2.5
      vertex -10.6825 0.334491 -2.5
    endloop
  endfacet
  facet normal 0 0 -1
    outer loop
      vertex -10.5434 -0.988853 -2.5
      vertex -10.7152 -0.226797 -2.5
      vertex -10.6825 -0.334491 -2.5
    endloop
  endfacet
  facet normal -0 0 -1
    outer loop
      vertex -10.5434 -0.988853 -2.5
      vertex -13.7173 -7.49588 -2.5
      vertex -10.7152 -0.226797 -2.5
    endloop
  endfacet
  facet normal -0 0 -1
    outer loop
      vertex -10.2713 -1.6 -2.5
      vertex -13.7173 -7.49588 -2.5
      vertex -10.5434 -0.988853 -2.5
    endloop
  endfacet
  facet normal -0 0 -1
    outer loop
      vertex -9.87806 -2.14122 -2.5
      vertex -13.7173 -7.49588 -2.5
      vertex -10.2713 -1.6 -2.5
    endloop
  endfacet
  facet normal 0 0 -1
    outer loop
      vertex 11.6797 0.386755 -2.5
      vertex 20.5061 0.707107 -2.5
      vertex 11.6797 -0.386755 -2.5
    endloop
  endfacet
  facet normal 0 0 -1
    outer loop
      vertex 11.5189 1.14336 -2.5
      vertex 20.5061 0.707107 -2.5
      vertex 11.6797 0.386755 -2.5
    endloop
  endfacet
  facet normal 0 0 -1
    outer loop
      vertex 11.2043 1.85 -2.5
      vertex 20.5061 0.707107 -2.5
      vertex 11.5189 1.14336 -2.5
    endloop
  endfacet
  facet normal 0 0 -1
    outer loop
      vertex 10.7496 2.47578 -2.5
      vertex 20.5061 0.707107 -2.5
      vertex 11.2043 1.85 -2.5
    endloop
  endfacet
  facet normal 0 0 -1
    outer loop
      vertex 9 8.9 -2.5
      vertex 10.7496 2.47578 -2.5
      vertex 10.1748 2.99336 -2.5
    endloop
  endfacet
  facet normal 0 0 -1
    outer loop
      vertex 9 8.9 -2.5
      vertex 10.1748 2.99336 -2.5
      vertex 9.50492 3.38012 -2.5
    endloop
  endfacet
  facet normal 0 0 -1
    outer loop
      vertex 10.7496 2.47578 -2.5
      vertex 9 8.9 -2.5
      vertex 20.5061 0.707107 -2.5
    endloop
  endfacet
  facet normal 0 0 -1
    outer loop
      vertex 20.5061 0.707107 -2.5
      vertex 9 8.9 -2.5
      vertex 9 12.2132 -2.5
    endloop
  endfacet
  facet normal 0 0 -1
    outer loop
      vertex 3.49278 -5.85509 -2.5
      vertex 6.49508 -3.38012 -2.5
      vertex 4.07032 -6.65 -2.5
    endloop
  endfacet
  facet normal -0 0 -1
    outer loop
      vertex 6.49508 -3.38012 -2.5
      vertex 3.49278 -5.85509 -2.5
      vertex 5.8252 -2.99336 -2.5
    endloop
  endfacet
  facet normal 0 0 -1
    outer loop
      vertex 2.76259 -5.19762 -2.5
      vertex 5.8252 -2.99336 -2.5
      vertex 3.49278 -5.85509 -2.5
    endloop
  endfacet
  facet normal -0 0 -1
    outer loop
      vertex 5.8252 -2.99336 -2.5
      vertex 2.76259 -5.19762 -2.5
      vertex 5.25036 -2.47578 -2.5
    endloop
  endfacet
  facet normal 0 0 -1
    outer loop
      vertex 2.68521 0.282227 -2.5
      vertex 4.32027 0.386755 -2.5
      vertex 4.32027 -0.386755 -2.5
    endloop
  endfacet
  facet normal -0 0 -1
    outer loop
      vertex 5.25036 -2.47578 -2.5
      vertex 2.76259 -5.19762 -2.5
      vertex 4.79571 -1.85 -2.5
    endloop
  endfacet
  facet normal 0 0 -1
    outer loop
      vertex 2.00649 -1.80665 -2.5
      vertex 4.79571 -1.85 -2.5
      vertex 2.76259 -5.19762 -2.5
    endloop
  endfacet
  facet normal 0 0 -1
    outer loop
      vertex 9 8.9 -2.5
      vertex 3.99444 7.20213 -2.5
      vertex 4.17699 8.06098 -2.5
    endloop
  endfacet
  facet normal -0 0 -1
    outer loop
      vertex 4.32027 0.386755 -2.5
      vertex 2.68521 0.282227 -2.5
      vertex 2.56785 0.834346 -2.5
    endloop
  endfacet
  facet normal 0 0 -1
    outer loop
      vertex 2.56785 -0.834346 -2.5
      vertex 4.48109 -1.14336 -2.5
      vertex 4.79571 -1.85 -2.5
    endloop
  endfacet
  facet normal 0 0 -1
    outer loop
      vertex 4.48109 1.14336 -2.5
      vertex 3.63731 6.4 -2.5
      vertex 3.99444 7.20213 -2.5
    endloop
  endfacet
  facet normal 0 0 -1
    outer loop
      vertex 2.56785 -0.834346 -2.5
      vertex 4.32027 -0.386755 -2.5
      vertex 4.48109 -1.14336 -2.5
    endloop
  endfacet
  facet normal 0 0 -1
    outer loop
      vertex 4.32027 -0.386755 -2.5
      vertex 2.68521 -0.282227 -2.5
      vertex 2.68521 0.282227 -2.5
    endloop
  endfacet
  facet normal -0 0 -1
    outer loop
      vertex 4.48109 1.14336 -2.5
      vertex 2.56785 0.834346 -2.5
      vertex 2.33827 1.35 -2.5
    endloop
  endfacet
  facet normal 0 0 -1
    outer loop
      vertex 4.48109 1.14336 -2.5
      vertex 3.12121 5.68965 -2.5
      vertex 3.63731 6.4 -2.5
    endloop
  endfacet
  facet normal 0 0 -1
    outer loop
      vertex 2.00649 1.80665 -2.5
      vertex 4.48109 1.14336 -2.5
      vertex 2.33827 1.35 -2.5
    endloop
  endfacet
  facet normal 0 0 -1
    outer loop
      vertex 4.48109 1.14336 -2.5
      vertex 2.4687 5.10213 -2.5
      vertex 3.12121 5.68965 -2.5
    endloop
  endfacet
  facet normal 0 0 -1
    outer loop
      vertex 4.48109 1.14336 -2.5
      vertex 2.00649 1.80665 -2.5
      vertex 2.4687 5.10213 -2.5
    endloop
  endfacet
  facet normal 0 0 -1
    outer loop
      vertex 1.58702 2.18435 -2.5
      vertex 2.4687 5.10213 -2.5
      vertex 2.00649 1.80665 -2.5
    endloop
  endfacet
  facet normal 0 0 -1
    outer loop
      vertex 2.4687 5.10213 -2.5
      vertex 1.58702 2.18435 -2.5
      vertex 1.70829 4.66311 -2.5
    endloop
  endfacet
  facet normal 0 0 -1
    outer loop
      vertex 1.09819 2.46657 -2.5
      vertex 1.70829 4.66311 -2.5
      vertex 1.58702 2.18435 -2.5
    endloop
  endfacet
  facet normal 0 0 -1
    outer loop
      vertex 1.09819 2.46657 -2.5
      vertex 0.873229 4.39178 -2.5
      vertex 1.70829 4.66311 -2.5
    endloop
  endfacet
  facet normal 0 0 -1
    outer loop
      vertex 0.561361 2.641 -2.5
      vertex 0.873229 4.39178 -2.5
      vertex 1.09819 2.46657 -2.5
    endloop
  endfacet
  facet normal 0 0 -1
    outer loop
      vertex 0 4.3 -2.5
      vertex 0.561361 2.641 -2.5
      vertex 0 2.7 -2.5
    endloop
  endfacet
  facet normal 0 0 -1
    outer loop
      vertex 0.561361 2.641 -2.5
      vertex 0 4.3 -2.5
      vertex 0.873229 4.39178 -2.5
    endloop
  endfacet
  facet normal 0 0 -1
    outer loop
      vertex -0.561361 2.641 -2.5
      vertex 0 4.3 -2.5
      vertex 0 2.7 -2.5
    endloop
  endfacet
  facet normal 0 0 -1
    outer loop
      vertex -0.561361 2.641 -2.5
      vertex -0.873229 4.39178 -2.5
      vertex 0 4.3 -2.5
    endloop
  endfacet
  facet normal 0 0 -1
    outer loop
      vertex -1.09819 2.46657 -2.5
      vertex -0.873229 4.39178 -2.5
      vertex -0.561361 2.641 -2.5
    endloop
  endfacet
  facet normal 0 0 -1
    outer loop
      vertex -1.70829 4.66311 -2.5
      vertex -1.09819 2.46657 -2.5
      vertex -1.58702 2.18435 -2.5
    endloop
  endfacet
  facet normal 0 0 -1
    outer loop
      vertex -1.09819 2.46657 -2.5
      vertex -1.70829 4.66311 -2.5
      vertex -0.873229 4.39178 -2.5
    endloop
  endfacet
  facet normal 0 0 -1
    outer loop
      vertex -2.4687 5.10213 -2.5
      vertex -1.58702 2.18435 -2.5
      vertex -2.00649 1.80665 -2.5
    endloop
  endfacet
  facet normal 0 0 -1
    outer loop
      vertex -4.72872 1.6 -2.5
      vertex -2.33827 1.35 -2.5
      vertex -4.45662 0.988853 -2.5
    endloop
  endfacet
  facet normal 0 0 -1
    outer loop
      vertex -1.58702 2.18435 -2.5
      vertex -2.4687 5.10213 -2.5
      vertex -1.70829 4.66311 -2.5
    endloop
  endfacet
  facet normal 0 0 -1
    outer loop
      vertex -2.68521 0.282227 -2.5
      vertex -4.31753 0.334491 -2.5
      vertex -2.56785 0.834346 -2.5
    endloop
  endfacet
  facet normal 0 0 -1
    outer loop
      vertex -4.31753 0.334491 -2.5
      vertex -2.68521 0.282227 -2.5
      vertex -4.31753 -0.334491 -2.5
    endloop
  endfacet
  facet normal 0 0 -1
    outer loop
      vertex -4.45662 0.988853 -2.5
      vertex -2.56785 0.834346 -2.5
      vertex -4.31753 0.334491 -2.5
    endloop
  endfacet
  facet normal 0 -0 -1
    outer loop
      vertex -4.31753 -0.334491 -2.5
      vertex -2.56785 -0.834346 -2.5
      vertex -4.45662 -0.988853 -2.5
    endloop
  endfacet
  facet normal 0 0 -1
    outer loop
      vertex -4.72872 -1.6 -2.5
      vertex -2.76259 -5.19762 -2.5
      vertex -3.49278 -5.85509 -2.5
    endloop
  endfacet
  facet normal 0 0 -1
    outer loop
      vertex -2.56785 0.834346 -2.5
      vertex -4.45662 0.988853 -2.5
      vertex -2.33827 1.35 -2.5
    endloop
  endfacet
  facet normal 0 0 -1
    outer loop
      vertex -2.33827 1.35 -2.5
      vertex -4.72872 1.6 -2.5
      vertex -2.00649 1.80665 -2.5
    endloop
  endfacet
  facet normal 0 0 -1
    outer loop
      vertex -4.72872 -1.6 -2.5
      vertex -3.49278 -5.85509 -2.5
      vertex -4.07032 -6.65 -2.5
    endloop
  endfacet
  facet normal 0 0 -1
    outer loop
      vertex -5.12194 2.14122 -2.5
      vertex -2.00649 1.80665 -2.5
      vertex -4.72872 1.6 -2.5
    endloop
  endfacet
  facet normal 0 0 -1
    outer loop
      vertex -5.61909 2.58885 -2.5
      vertex -2.4687 5.10213 -2.5
      vertex -5.12194 2.14122 -2.5
    endloop
  endfacet
  facet normal 0 0 -1
    outer loop
      vertex -2.00649 1.80665 -2.5
      vertex -5.12194 2.14122 -2.5
      vertex -2.4687 5.10213 -2.5
    endloop
  endfacet
  facet normal -0 0 -1
    outer loop
      vertex -2.68521 -0.282227 -2.5
      vertex -4.31753 -0.334491 -2.5
      vertex -2.68521 0.282227 -2.5
    endloop
  endfacet
  facet normal 0 0 -1
    outer loop
      vertex -4.72872 -1.6 -2.5
      vertex -4.07032 -6.65 -2.5
      vertex -4.46996 -7.54762 -2.5
    endloop
  endfacet
  facet normal 0 0 -1
    outer loop
      vertex -4.72872 -1.6 -2.5
      vertex -4.46996 -7.54762 -2.5
      vertex -4.67425 -8.50872 -2.5
    endloop
  endfacet
  facet normal 0 0 -1
    outer loop
      vertex -2.56785 -0.834346 -2.5
      vertex -4.31753 -0.334491 -2.5
      vertex -2.68521 -0.282227 -2.5
    endloop
  endfacet
  facet normal -0.956948 -0.290259 0
    outer loop
      vertex -20.7229 -0.382683 -2.5
      vertex -20.7798 -0.195091 2.5
      vertex -20.7798 -0.195091 -2.5
    endloop
  endfacet
  facet normal -0.956948 -0.290259 0
    outer loop
      vertex -20.7798 -0.195091 2.5
      vertex -20.7229 -0.382683 -2.5
      vertex -20.7229 -0.382683 2.5
    endloop
  endfacet
  facet normal 0.707107 -0.707107 0
    outer loop
      vertex 0.707107 -20.5061 2.5
      vertex 20.5061 -0.707107 -2.5
      vertex 20.5061 -0.707107 2.5
    endloop
  endfacet
  facet normal 0.707107 -0.707107 0
    outer loop
      vertex 20.5061 -0.707107 -2.5
      vertex 0.707107 -20.5061 2.5
      vertex 0.707107 -20.5061 -2.5
    endloop
  endfacet
  facet normal 0.634505 -0.772918 0
    outer loop
      vertex 0.55557 -20.6305 -2.5
      vertex 0.707107 -20.5061 2.5
      vertex 0.55557 -20.6305 2.5
    endloop
  endfacet
  facet normal 0.634505 -0.772918 0
    outer loop
      vertex 0.707107 -20.5061 2.5
      vertex 0.55557 -20.6305 -2.5
      vertex 0.707107 -20.5061 -2.5
    endloop
  endfacet
  facet normal 0.995192 0.0979424 0
    outer loop
      vertex 20.799 0 2.5
      vertex 20.7798 0.195091 -2.5
      vertex 20.7798 0.195091 2.5
    endloop
  endfacet
  facet normal 0.995192 0.0979424 0
    outer loop
      vertex 20.7798 0.195091 -2.5
      vertex 20.799 0 2.5
      vertex 20.799 0 -2.5
    endloop
  endfacet
  facet normal -0.995192 0.0979424 0
    outer loop
      vertex -20.799 0 -2.5
      vertex -20.7798 0.195091 2.5
      vertex -20.7798 0.195091 -2.5
    endloop
  endfacet
  facet normal -0.995192 0.0979424 0
    outer loop
      vertex -20.7798 0.195091 2.5
      vertex -20.799 0 -2.5
      vertex -20.799 0 2.5
    endloop
  endfacet
  facet normal 0.772918 -0.634505 0
    outer loop
      vertex 20.5061 -0.707107 2.5
      vertex 20.6305 -0.55557 -2.5
      vertex 20.6305 -0.55557 2.5
    endloop
  endfacet
  facet normal 0.772918 -0.634505 0
    outer loop
      vertex 20.6305 -0.55557 -2.5
      vertex 20.5061 -0.707107 2.5
      vertex 20.5061 -0.707107 -2.5
    endloop
  endfacet
  facet normal 0.0979424 -0.995192 0
    outer loop
      vertex 0 -20.799 -2.5
      vertex 0.195091 -20.7798 2.5
      vertex 0 -20.799 2.5
    endloop
  endfacet
  facet normal 0.0979424 -0.995192 0
    outer loop
      vertex 0.195091 -20.7798 2.5
      vertex 0 -20.799 -2.5
      vertex 0.195091 -20.7798 -2.5
    endloop
  endfacet
  facet normal 0.290259 -0.956948 0
    outer loop
      vertex 0.195091 -20.7798 -2.5
      vertex 0.382683 -20.7229 2.5
      vertex 0.195091 -20.7798 2.5
    endloop
  endfacet
  facet normal 0.290259 -0.956948 0
    outer loop
      vertex 0.382683 -20.7229 2.5
      vertex 0.195091 -20.7798 -2.5
      vertex 0.382683 -20.7229 -2.5
    endloop
  endfacet
  facet normal 0.881943 -0.471357 0
    outer loop
      vertex 20.6305 -0.55557 2.5
      vertex 20.7229 -0.382683 -2.5
      vertex 20.7229 -0.382683 2.5
    endloop
  endfacet
  facet normal 0.881943 -0.471357 0
    outer loop
      vertex 20.7229 -0.382683 -2.5
      vertex 20.6305 -0.55557 2.5
      vertex 20.6305 -0.55557 -2.5
    endloop
  endfacet
  facet normal -0.290259 -0.956948 0
    outer loop
      vertex -0.382683 -20.7229 -2.5
      vertex -0.195091 -20.7798 2.5
      vertex -0.382683 -20.7229 2.5
    endloop
  endfacet
  facet normal -0.290259 -0.956948 -0
    outer loop
      vertex -0.195091 -20.7798 2.5
      vertex -0.382683 -20.7229 -2.5
      vertex -0.195091 -20.7798 -2.5
    endloop
  endfacet
  facet normal -0.0979424 -0.995192 0
    outer loop
      vertex -0.195091 -20.7798 -2.5
      vertex 0 -20.799 2.5
      vertex -0.195091 -20.7798 2.5
    endloop
  endfacet
  facet normal -0.0979424 -0.995192 -0
    outer loop
      vertex 0 -20.799 2.5
      vertex -0.195091 -20.7798 -2.5
      vertex 0 -20.799 -2.5
    endloop
  endfacet
  facet normal 0.956948 -0.290259 0
    outer loop
      vertex 20.7229 -0.382683 2.5
      vertex 20.7798 -0.195091 -2.5
      vertex 20.7798 -0.195091 2.5
    endloop
  endfacet
  facet normal 0.956948 -0.290259 0
    outer loop
      vertex 20.7798 -0.195091 -2.5
      vertex 20.7229 -0.382683 2.5
      vertex 20.7229 -0.382683 -2.5
    endloop
  endfacet
  facet normal -0.309023 0.951055 0
    outer loop
      vertex 1.09819 -2.46657 -2.5
      vertex 0.561361 -2.641 -0.6
      vertex 1.09819 -2.46657 -0.6
    endloop
  endfacet
  facet normal -0.309023 0.951055 0
    outer loop
      vertex 0.561361 -2.641 -0.6
      vertex 1.09819 -2.46657 -2.5
      vertex 0.561361 -2.641 -2.5
    endloop
  endfacet
  facet normal -0.104526 0.994522 0
    outer loop
      vertex 0.561361 -2.641 -2.5
      vertex 0 -2.7 -0.6
      vertex 0.561361 -2.641 -0.6
    endloop
  endfacet
  facet normal -0.104526 0.994522 0
    outer loop
      vertex 0 -2.7 -0.6
      vertex 0.561361 -2.641 -2.5
      vertex 0 -2.7 -2.5
    endloop
  endfacet
  facet normal -0.499992 0.86603 0
    outer loop
      vertex 1.58702 -2.18435 -2.5
      vertex 1.09819 -2.46657 -0.6
      vertex 1.58702 -2.18435 -0.6
    endloop
  endfacet
  facet normal -0.499992 0.86603 0
    outer loop
      vertex 1.09819 -2.46657 -0.6
      vertex 1.58702 -2.18435 -2.5
      vertex 1.09819 -2.46657 -2.5
    endloop
  endfacet
  facet normal -0.809013 0.58779 0
    outer loop
      vertex 2.00649 -1.80665 -2.5
      vertex 2.33827 -1.35 -0.6
      vertex 2.33827 -1.35 -2.5
    endloop
  endfacet
  facet normal -0.809013 0.58779 0
    outer loop
      vertex 2.33827 -1.35 -0.6
      vertex 2.00649 -1.80665 -2.5
      vertex 2.00649 -1.80665 -0.6
    endloop
  endfacet
  facet normal 0.309023 0.951055 -0
    outer loop
      vertex -0.561361 -2.641 -2.5
      vertex -1.09819 -2.46657 -0.6
      vertex -0.561361 -2.641 -0.6
    endloop
  endfacet
  facet normal 0.309023 0.951055 0
    outer loop
      vertex -1.09819 -2.46657 -0.6
      vertex -0.561361 -2.641 -2.5
      vertex -1.09819 -2.46657 -2.5
    endloop
  endfacet
  facet normal 0.104526 0.994522 -0
    outer loop
      vertex 0 -2.7 -2.5
      vertex -0.561361 -2.641 -0.6
      vertex 0 -2.7 -0.6
    endloop
  endfacet
  facet normal 0.104526 0.994522 0
    outer loop
      vertex -0.561361 -2.641 -0.6
      vertex 0 -2.7 -2.5
      vertex -0.561361 -2.641 -2.5
    endloop
  endfacet
  facet normal -0.669138 0.743138 0
    outer loop
      vertex 2.00649 -1.80665 -2.5
      vertex 1.58702 -2.18435 -0.6
      vertex 2.00649 -1.80665 -0.6
    endloop
  endfacet
  facet normal -0.669138 0.743138 0
    outer loop
      vertex 1.58702 -2.18435 -0.6
      vertex 2.00649 -1.80665 -2.5
      vertex 1.58702 -2.18435 -2.5
    endloop
  endfacet
  facet normal 0.309023 -0.951055 0
    outer loop
      vertex -1.09819 2.46657 -2.5
      vertex -0.561361 2.641 -0.6
      vertex -1.09819 2.46657 -0.6
    endloop
  endfacet
  facet normal 0.309023 -0.951055 0
    outer loop
      vertex -0.561361 2.641 -0.6
      vertex -1.09819 2.46657 -2.5
      vertex -0.561361 2.641 -2.5
    endloop
  endfacet
  facet normal -0.669138 -0.743138 0
    outer loop
      vertex 1.58702 2.18435 -2.5
      vertex 2.00649 1.80665 -0.6
      vertex 1.58702 2.18435 -0.6
    endloop
  endfacet
  facet normal -0.669138 -0.743138 -0
    outer loop
      vertex 2.00649 1.80665 -0.6
      vertex 1.58702 2.18435 -2.5
      vertex 2.00649 1.80665 -2.5
    endloop
  endfacet
  facet normal -0.309023 -0.951055 0
    outer loop
      vertex 0.561361 2.641 -2.5
      vertex 1.09819 2.46657 -0.6
      vertex 0.561361 2.641 -0.6
    endloop
  endfacet
  facet normal -0.309023 -0.951055 -0
    outer loop
      vertex 1.09819 2.46657 -0.6
      vertex 0.561361 2.641 -2.5
      vertex 1.09819 2.46657 -2.5
    endloop
  endfacet
  facet normal 0.809013 0.58779 0
    outer loop
      vertex -2.00649 -1.80665 -0.6
      vertex -2.33827 -1.35 -2.5
      vertex -2.33827 -1.35 -0.6
    endloop
  endfacet
  facet normal 0.809013 0.58779 0
    outer loop
      vertex -2.33827 -1.35 -2.5
      vertex -2.00649 -1.80665 -0.6
      vertex -2.00649 -1.80665 -2.5
    endloop
  endfacet
  facet normal -0.809013 -0.58779 0
    outer loop
      vertex 2.33827 1.35 -2.5
      vertex 2.00649 1.80665 -0.6
      vertex 2.00649 1.80665 -2.5
    endloop
  endfacet
  facet normal -0.809013 -0.58779 0
    outer loop
      vertex 2.00649 1.80665 -0.6
      vertex 2.33827 1.35 -2.5
      vertex 2.33827 1.35 -0.6
    endloop
  endfacet
  facet normal -0.499992 -0.86603 0
    outer loop
      vertex 1.09819 2.46657 -2.5
      vertex 1.58702 2.18435 -0.6
      vertex 1.09819 2.46657 -0.6
    endloop
  endfacet
  facet normal -0.499992 -0.86603 -0
    outer loop
      vertex 1.58702 2.18435 -0.6
      vertex 1.09819 2.46657 -2.5
      vertex 1.58702 2.18435 -2.5
    endloop
  endfacet
  facet normal 0.499992 0.86603 -0
    outer loop
      vertex -1.09819 -2.46657 -2.5
      vertex -1.58702 -2.18435 -0.6
      vertex -1.09819 -2.46657 -0.6
    endloop
  endfacet
  facet normal 0.499992 0.86603 0
    outer loop
      vertex -1.58702 -2.18435 -0.6
      vertex -1.09819 -2.46657 -2.5
      vertex -1.58702 -2.18435 -2.5
    endloop
  endfacet
  facet normal -1 0 0
    outer loop
      vertex 2.68521 -0.282227 -2.5
      vertex 2.68521 0.282227 -0.6
      vertex 2.68521 0.282227 -2.5
    endloop
  endfacet
  facet normal -1 -0 0
    outer loop
      vertex 2.68521 0.282227 -0.6
      vertex 2.68521 -0.282227 -2.5
      vertex 2.68521 -0.282227 -0.6
    endloop
  endfacet
  facet normal -0.913548 -0.406731 0
    outer loop
      vertex 2.56785 0.834346 -2.5
      vertex 2.33827 1.35 -0.6
      vertex 2.33827 1.35 -2.5
    endloop
  endfacet
  facet normal -0.913548 -0.406731 0
    outer loop
      vertex 2.33827 1.35 -0.6
      vertex 2.56785 0.834346 -2.5
      vertex 2.56785 0.834346 -0.6
    endloop
  endfacet
  facet normal 0.978146 -0.207918 0
    outer loop
      vertex -2.68521 0.282227 -0.6
      vertex -2.56785 0.834346 -2.5
      vertex -2.56785 0.834346 -0.6
    endloop
  endfacet
  facet normal 0.978146 -0.207918 0
    outer loop
      vertex -2.56785 0.834346 -2.5
      vertex -2.68521 0.282227 -0.6
      vertex -2.68521 0.282227 -2.5
    endloop
  endfacet
  facet normal 1 -0 0
    outer loop
      vertex -2.68521 -0.282227 -0.6
      vertex -2.68521 0.282227 -2.5
      vertex -2.68521 0.282227 -0.6
    endloop
  endfacet
  facet normal 1 0 0
    outer loop
      vertex -2.68521 0.282227 -2.5
      vertex -2.68521 -0.282227 -0.6
      vertex -2.68521 -0.282227 -2.5
    endloop
  endfacet
  facet normal 0.913548 -0.406731 0
    outer loop
      vertex -2.56785 0.834346 -0.6
      vertex -2.33827 1.35 -2.5
      vertex -2.33827 1.35 -0.6
    endloop
  endfacet
  facet normal 0.913548 -0.406731 0
    outer loop
      vertex -2.33827 1.35 -2.5
      vertex -2.56785 0.834346 -0.6
      vertex -2.56785 0.834346 -2.5
    endloop
  endfacet
  facet normal -0.978146 -0.207918 0
    outer loop
      vertex 2.68521 0.282227 -2.5
      vertex 2.56785 0.834346 -0.6
      vertex 2.56785 0.834346 -2.5
    endloop
  endfacet
  facet normal -0.978146 -0.207918 0
    outer loop
      vertex 2.56785 0.834346 -0.6
      vertex 2.68521 0.282227 -2.5
      vertex 2.68521 0.282227 -0.6
    endloop
  endfacet
  facet normal 0.978146 0.207918 0
    outer loop
      vertex -2.56785 -0.834346 -0.6
      vertex -2.68521 -0.282227 -2.5
      vertex -2.68521 -0.282227 -0.6
    endloop
  endfacet
  facet normal 0.978146 0.207918 0
    outer loop
      vertex -2.68521 -0.282227 -2.5
      vertex -2.56785 -0.834346 -0.6
      vertex -2.56785 -0.834346 -2.5
    endloop
  endfacet
  facet normal 0.669138 0.743138 -0
    outer loop
      vertex -1.58702 -2.18435 -2.5
      vertex -2.00649 -1.80665 -0.6
      vertex -1.58702 -2.18435 -0.6
    endloop
  endfacet
  facet normal 0.669138 0.743138 0
    outer loop
      vertex -2.00649 -1.80665 -0.6
      vertex -1.58702 -2.18435 -2.5
      vertex -2.00649 -1.80665 -2.5
    endloop
  endfacet
  facet normal 0.913548 0.406731 0
    outer loop
      vertex -2.33827 -1.35 -0.6
      vertex -2.56785 -0.834346 -2.5
      vertex -2.56785 -0.834346 -0.6
    endloop
  endfacet
  facet normal 0.913548 0.406731 0
    outer loop
      vertex -2.56785 -0.834346 -2.5
      vertex -2.33827 -1.35 -0.6
      vertex -2.33827 -1.35 -2.5
    endloop
  endfacet
  facet normal 0.809013 -0.58779 0
    outer loop
      vertex -2.33827 1.35 -0.6
      vertex -2.00649 1.80665 -2.5
      vertex -2.00649 1.80665 -0.6
    endloop
  endfacet
  facet normal 0.809013 -0.58779 0
    outer loop
      vertex -2.00649 1.80665 -2.5
      vertex -2.33827 1.35 -0.6
      vertex -2.33827 1.35 -2.5
    endloop
  endfacet
  facet normal -0.104526 -0.994522 0
    outer loop
      vertex 0 2.7 -2.5
      vertex 0.561361 2.641 -0.6
      vertex 0 2.7 -0.6
    endloop
  endfacet
  facet normal -0.104526 -0.994522 -0
    outer loop
      vertex 0.561361 2.641 -0.6
      vertex 0 2.7 -2.5
      vertex 0.561361 2.641 -2.5
    endloop
  endfacet
  facet normal -0.978146 0.207918 0
    outer loop
      vertex 2.56785 -0.834346 -2.5
      vertex 2.68521 -0.282227 -0.6
      vertex 2.68521 -0.282227 -2.5
    endloop
  endfacet
  facet normal -0.978146 0.207918 0
    outer loop
      vertex 2.68521 -0.282227 -0.6
      vertex 2.56785 -0.834346 -2.5
      vertex 2.56785 -0.834346 -0.6
    endloop
  endfacet
  facet normal 0.499992 -0.86603 0
    outer loop
      vertex -1.58702 2.18435 -2.5
      vertex -1.09819 2.46657 -0.6
      vertex -1.58702 2.18435 -0.6
    endloop
  endfacet
  facet normal 0.499992 -0.86603 0
    outer loop
      vertex -1.09819 2.46657 -0.6
      vertex -1.58702 2.18435 -2.5
      vertex -1.09819 2.46657 -2.5
    endloop
  endfacet
  facet normal -0.913548 0.406731 0
    outer loop
      vertex 2.33827 -1.35 -2.5
      vertex 2.56785 -0.834346 -0.6
      vertex 2.56785 -0.834346 -2.5
    endloop
  endfacet
  facet normal -0.913548 0.406731 0
    outer loop
      vertex 2.56785 -0.834346 -0.6
      vertex 2.33827 -1.35 -2.5
      vertex 2.33827 -1.35 -0.6
    endloop
  endfacet
  facet normal 0.104526 -0.994522 0
    outer loop
      vertex -0.561361 2.641 -2.5
      vertex 0 2.7 -0.6
      vertex -0.561361 2.641 -0.6
    endloop
  endfacet
  facet normal 0.104526 -0.994522 0
    outer loop
      vertex 0 2.7 -0.6
      vertex -0.561361 2.641 -2.5
      vertex 0 2.7 -2.5
    endloop
  endfacet
  facet normal 0.669138 -0.743138 0
    outer loop
      vertex -2.00649 1.80665 -2.5
      vertex -1.58702 2.18435 -0.6
      vertex -2.00649 1.80665 -0.6
    endloop
  endfacet
  facet normal 0.669138 -0.743138 0
    outer loop
      vertex -1.58702 2.18435 -0.6
      vertex -2.00649 1.80665 -2.5
      vertex -1.58702 2.18435 -2.5
    endloop
  endfacet
  facet normal -0.536362 0.595686 -0.597891
    outer loop
      vertex 1.33766 -1.20443 0.6
      vertex 2.00649 -1.80665 -0.6
      vertex 1.05801 -1.45623 0.6
    endloop
  endfacet
  facet normal 0.247706 -0.762344 -0.59789
    outer loop
      vertex -0.561361 2.641 -0.6
      vertex -0.732125 1.64438 0.6
      vertex -1.09819 2.46657 -0.6
    endloop
  endfacet
  facet normal -0.0837997 0.797186 -0.59789
    outer loop
      vertex 0 -1.8 0.6
      vertex 0.374241 -1.76066 0.6
      vertex 0 -2.7 -0.6
    endloop
  endfacet
  facet normal -0.0837855 0.797185 -0.597893
    outer loop
      vertex 0.374241 -1.76066 0.6
      vertex 0.561361 -2.641 -0.6
      vertex 0 -2.7 -0.6
    endloop
  endfacet
  facet normal 0.400788 -0.694185 -0.597893
    outer loop
      vertex -0.732125 1.64438 0.6
      vertex -1.05801 1.45623 0.6
      vertex -1.58702 2.18435 -0.6
    endloop
  endfacet
  facet normal -0.400782 0.69419 -0.597891
    outer loop
      vertex 1.58702 -2.18435 -0.6
      vertex 1.09819 -2.46657 -0.6
      vertex 0.732125 -1.64438 0.6
    endloop
  endfacet
  facet normal -0.400782 -0.69419 -0.597891
    outer loop
      vertex 1.09819 2.46657 -0.6
      vertex 1.58702 2.18435 -0.6
      vertex 0.732125 1.64438 0.6
    endloop
  endfacet
  facet normal 0.73228 0.326027 -0.59789
    outer loop
      vertex -1.7119 -0.556231 0.6
      vertex -2.33827 -1.35 -0.6
      vertex -2.56785 -0.834346 -0.6
    endloop
  endfacet
  facet normal -0.247706 0.762344 -0.59789
    outer loop
      vertex 0.732125 -1.64438 0.6
      vertex 1.09819 -2.46657 -0.6
      vertex 0.561361 -2.641 -0.6
    endloop
  endfacet
  facet normal -0.732284 0.326021 -0.597888
    outer loop
      vertex 1.7119 -0.556231 0.6
      vertex 2.33827 -1.35 -0.6
      vertex 1.55885 -0.9 0.6
    endloop
  endfacet
  facet normal 0.732284 0.326021 -0.597888
    outer loop
      vertex -1.7119 -0.556231 0.6
      vertex -1.55885 -0.9 0.6
      vertex -2.33827 -1.35 -0.6
    endloop
  endfacet
  facet normal 0.648481 0.471167 -0.597891
    outer loop
      vertex -1.55885 -0.9 0.6
      vertex -1.33766 -1.20443 0.6
      vertex -2.00649 -1.80665 -0.6
    endloop
  endfacet
  facet normal 0.648488 -0.47116 -0.597889
    outer loop
      vertex -2.00649 1.80665 -0.6
      vertex -1.55885 0.9 0.6
      vertex -2.33827 1.35 -0.6
    endloop
  endfacet
  facet normal 0.73228 -0.326027 -0.59789
    outer loop
      vertex -2.33827 1.35 -0.6
      vertex -1.7119 0.556231 0.6
      vertex -2.56785 0.834346 -0.6
    endloop
  endfacet
  facet normal -0.784061 -0.166661 -0.59789
    outer loop
      vertex 2.68521 0.282227 -0.6
      vertex 1.79014 0.18815 0.6
      vertex 1.7119 0.556231 0.6
    endloop
  endfacet
  facet normal -0.784061 -0.166662 -0.59789
    outer loop
      vertex 2.56785 0.834346 -0.6
      vertex 2.68521 0.282227 -0.6
      vertex 1.7119 0.556231 0.6
    endloop
  endfacet
  facet normal -0.73228 0.326027 -0.59789
    outer loop
      vertex 2.56785 -0.834346 -0.6
      vertex 2.33827 -1.35 -0.6
      vertex 1.7119 -0.556231 0.6
    endloop
  endfacet
  facet normal -0.400788 0.694185 -0.597893
    outer loop
      vertex 1.05801 -1.45623 0.6
      vertex 1.58702 -2.18435 -0.6
      vertex 0.732125 -1.64438 0.6
    endloop
  endfacet
  facet normal -0.247706 -0.762344 -0.59789
    outer loop
      vertex 1.09819 2.46657 -0.6
      vertex 0.732125 1.64438 0.6
      vertex 0.561361 2.641 -0.6
    endloop
  endfacet
  facet normal -0.0837997 -0.797186 -0.59789
    outer loop
      vertex 0 2.7 -0.6
      vertex 0.374241 1.76066 0.6
      vertex 0 1.8 0.6
    endloop
  endfacet
  facet normal -0.648481 0.471167 -0.597891
    outer loop
      vertex 1.55885 -0.9 0.6
      vertex 2.00649 -1.80665 -0.6
      vertex 1.33766 -1.20443 0.6
    endloop
  endfacet
  facet normal 0.536365 0.595682 -0.597892
    outer loop
      vertex -1.05801 -1.45623 0.6
      vertex -1.58702 -2.18435 -0.6
      vertex -2.00649 -1.80665 -0.6
    endloop
  endfacet
  facet normal 0.400788 0.694185 -0.597893
    outer loop
      vertex -1.05801 -1.45623 0.6
      vertex -0.732125 -1.64438 0.6
      vertex -1.58702 -2.18435 -0.6
    endloop
  endfacet
  facet normal 0.732284 -0.326021 -0.597888
    outer loop
      vertex -1.55885 0.9 0.6
      vertex -1.7119 0.556231 0.6
      vertex -2.33827 1.35 -0.6
    endloop
  endfacet
  facet normal 0.400782 -0.69419 -0.597891
    outer loop
      vertex -1.09819 2.46657 -0.6
      vertex -0.732125 1.64438 0.6
      vertex -1.58702 2.18435 -0.6
    endloop
  endfacet
  facet normal -0.536365 0.595682 -0.597892
    outer loop
      vertex 2.00649 -1.80665 -0.6
      vertex 1.58702 -2.18435 -0.6
      vertex 1.05801 -1.45623 0.6
    endloop
  endfacet
  facet normal 0.536362 0.595686 -0.597891
    outer loop
      vertex -1.33766 -1.20443 0.6
      vertex -1.05801 -1.45623 0.6
      vertex -2.00649 -1.80665 -0.6
    endloop
  endfacet
  facet normal -0.648488 0.47116 -0.597889
    outer loop
      vertex 2.33827 -1.35 -0.6
      vertex 2.00649 -1.80665 -0.6
      vertex 1.55885 -0.9 0.6
    endloop
  endfacet
  facet normal 0.536362 -0.595686 -0.597891
    outer loop
      vertex -1.05801 1.45623 0.6
      vertex -1.33766 1.20443 0.6
      vertex -2.00649 1.80665 -0.6
    endloop
  endfacet
  facet normal -0.784061 0.166662 -0.59789
    outer loop
      vertex 2.68521 -0.282227 -0.6
      vertex 2.56785 -0.834346 -0.6
      vertex 1.7119 -0.556231 0.6
    endloop
  endfacet
  facet normal 0.648481 -0.471167 -0.597891
    outer loop
      vertex -1.33766 1.20443 0.6
      vertex -1.55885 0.9 0.6
      vertex -2.00649 1.80665 -0.6
    endloop
  endfacet
  facet normal 0.0837855 -0.797185 -0.597893
    outer loop
      vertex 0 2.7 -0.6
      vertex -0.374241 1.76066 0.6
      vertex -0.561361 2.641 -0.6
    endloop
  endfacet
  facet normal 0.0837855 0.797185 -0.597893
    outer loop
      vertex -0.374241 -1.76066 0.6
      vertex 0 -2.7 -0.6
      vertex -0.561361 -2.641 -0.6
    endloop
  endfacet
  facet normal 0.0837997 0.797186 -0.59789
    outer loop
      vertex 0 -1.8 0.6
      vertex 0 -2.7 -0.6
      vertex -0.374241 -1.76066 0.6
    endloop
  endfacet
  facet normal 0.784061 -0.166661 -0.59789
    outer loop
      vertex -1.7119 0.556231 0.6
      vertex -1.79014 0.18815 0.6
      vertex -2.68521 0.282227 -0.6
    endloop
  endfacet
  facet normal 0.0837997 -0.797186 -0.59789
    outer loop
      vertex 0 2.7 -0.6
      vertex 0 1.8 0.6
      vertex -0.374241 1.76066 0.6
    endloop
  endfacet
  facet normal -0.536365 -0.595682 -0.597892
    outer loop
      vertex 1.58702 2.18435 -0.6
      vertex 2.00649 1.80665 -0.6
      vertex 1.05801 1.45623 0.6
    endloop
  endfacet
  facet normal 0.784061 -0.166662 -0.59789
    outer loop
      vertex -2.56785 0.834346 -0.6
      vertex -1.7119 0.556231 0.6
      vertex -2.68521 0.282227 -0.6
    endloop
  endfacet
  facet normal -0.0837855 -0.797185 -0.597893
    outer loop
      vertex 0.561361 2.641 -0.6
      vertex 0.374241 1.76066 0.6
      vertex 0 2.7 -0.6
    endloop
  endfacet
  facet normal -0.247694 0.762346 -0.597893
    outer loop
      vertex 0.732125 -1.64438 0.6
      vertex 0.561361 -2.641 -0.6
      vertex 0.374241 -1.76066 0.6
    endloop
  endfacet
  facet normal 0.400782 0.69419 -0.597891
    outer loop
      vertex -0.732125 -1.64438 0.6
      vertex -1.09819 -2.46657 -0.6
      vertex -1.58702 -2.18435 -0.6
    endloop
  endfacet
  facet normal 0.247706 0.762344 -0.59789
    outer loop
      vertex -0.732125 -1.64438 0.6
      vertex -0.561361 -2.641 -0.6
      vertex -1.09819 -2.46657 -0.6
    endloop
  endfacet
  facet normal 0.247694 -0.762346 -0.597893
    outer loop
      vertex -0.561361 2.641 -0.6
      vertex -0.374241 1.76066 0.6
      vertex -0.732125 1.64438 0.6
    endloop
  endfacet
  facet normal 0.536365 -0.595682 -0.597892
    outer loop
      vertex -1.58702 2.18435 -0.6
      vertex -1.05801 1.45623 0.6
      vertex -2.00649 1.80665 -0.6
    endloop
  endfacet
  facet normal -0.732284 -0.326021 -0.597888
    outer loop
      vertex 2.33827 1.35 -0.6
      vertex 1.7119 0.556231 0.6
      vertex 1.55885 0.9 0.6
    endloop
  endfacet
  facet normal -0.784061 0.166661 -0.59789
    outer loop
      vertex 1.79014 -0.18815 0.6
      vertex 2.68521 -0.282227 -0.6
      vertex 1.7119 -0.556231 0.6
    endloop
  endfacet
  facet normal 0.648488 0.47116 -0.597889
    outer loop
      vertex -1.55885 -0.9 0.6
      vertex -2.00649 -1.80665 -0.6
      vertex -2.33827 -1.35 -0.6
    endloop
  endfacet
  facet normal 0.784061 0.166662 -0.59789
    outer loop
      vertex -1.7119 -0.556231 0.6
      vertex -2.56785 -0.834346 -0.6
      vertex -2.68521 -0.282227 -0.6
    endloop
  endfacet
  facet normal 0.247694 0.762346 -0.597893
    outer loop
      vertex -0.374241 -1.76066 0.6
      vertex -0.561361 -2.641 -0.6
      vertex -0.732125 -1.64438 0.6
    endloop
  endfacet
  facet normal -0.801578 0 -0.59789
    outer loop
      vertex 2.68521 0.282227 -0.6
      vertex 1.79014 -0.18815 0.6
      vertex 1.79014 0.18815 0.6
    endloop
  endfacet
  facet normal -0.801578 0 -0.59789
    outer loop
      vertex 1.79014 -0.18815 0.6
      vertex 2.68521 0.282227 -0.6
      vertex 2.68521 -0.282227 -0.6
    endloop
  endfacet
  facet normal 0.784061 0.166661 -0.59789
    outer loop
      vertex -1.79014 -0.18815 0.6
      vertex -1.7119 -0.556231 0.6
      vertex -2.68521 -0.282227 -0.6
    endloop
  endfacet
  facet normal -0.73228 -0.326027 -0.59789
    outer loop
      vertex 2.33827 1.35 -0.6
      vertex 2.56785 0.834346 -0.6
      vertex 1.7119 0.556231 0.6
    endloop
  endfacet
  facet normal -0.648488 -0.47116 -0.597889
    outer loop
      vertex 2.00649 1.80665 -0.6
      vertex 2.33827 1.35 -0.6
      vertex 1.55885 0.9 0.6
    endloop
  endfacet
  facet normal 0.801578 0 -0.59789
    outer loop
      vertex -1.79014 -0.18815 0.6
      vertex -2.68521 0.282227 -0.6
      vertex -1.79014 0.18815 0.6
    endloop
  endfacet
  facet normal 0.801578 0 -0.59789
    outer loop
      vertex -2.68521 0.282227 -0.6
      vertex -1.79014 -0.18815 0.6
      vertex -2.68521 -0.282227 -0.6
    endloop
  endfacet
  facet normal -0.536362 -0.595686 -0.597891
    outer loop
      vertex 2.00649 1.80665 -0.6
      vertex 1.33766 1.20443 0.6
      vertex 1.05801 1.45623 0.6
    endloop
  endfacet
  facet normal -0.648481 -0.471167 -0.597891
    outer loop
      vertex 2.00649 1.80665 -0.6
      vertex 1.55885 0.9 0.6
      vertex 1.33766 1.20443 0.6
    endloop
  endfacet
  facet normal -0.247694 -0.762346 -0.597893
    outer loop
      vertex 0.561361 2.641 -0.6
      vertex 0.732125 1.64438 0.6
      vertex 0.374241 1.76066 0.6
    endloop
  endfacet
  facet normal -0.400788 -0.694185 -0.597893
    outer loop
      vertex 1.58702 2.18435 -0.6
      vertex 1.05801 1.45623 0.6
      vertex 0.732125 1.64438 0.6
    endloop
  endfacet
  facet normal 0 0 -1
    outer loop
      vertex 1.7119 -0.556231 0.6
      vertex 1.79014 0.18815 0.6
      vertex 1.79014 -0.18815 0.6
    endloop
  endfacet
  facet normal 0 0 -1
    outer loop
      vertex 1.7119 -0.556231 0.6
      vertex 1.7119 0.556231 0.6
      vertex 1.79014 0.18815 0.6
    endloop
  endfacet
  facet normal 0 0 -1
    outer loop
      vertex 1.55885 -0.9 0.6
      vertex 1.7119 0.556231 0.6
      vertex 1.7119 -0.556231 0.6
    endloop
  endfacet
  facet normal 0 0 -1
    outer loop
      vertex 1.55885 -0.9 0.6
      vertex 1.55885 0.9 0.6
      vertex 1.7119 0.556231 0.6
    endloop
  endfacet
  facet normal 0 0 -1
    outer loop
      vertex 1.33766 -1.20443 0.6
      vertex 1.55885 0.9 0.6
      vertex 1.55885 -0.9 0.6
    endloop
  endfacet
  facet normal 0 0 -1
    outer loop
      vertex 1.33766 -1.20443 0.6
      vertex 1.33766 1.20443 0.6
      vertex 1.55885 0.9 0.6
    endloop
  endfacet
  facet normal 0 0 -1
    outer loop
      vertex 1.05801 -1.45623 0.6
      vertex 1.33766 1.20443 0.6
      vertex 1.33766 -1.20443 0.6
    endloop
  endfacet
  facet normal 0 0 -1
    outer loop
      vertex 1.05801 -1.45623 0.6
      vertex 1.05801 1.45623 0.6
      vertex 1.33766 1.20443 0.6
    endloop
  endfacet
  facet normal 0 0 -1
    outer loop
      vertex 0.732125 -1.64438 0.6
      vertex 1.05801 1.45623 0.6
      vertex 1.05801 -1.45623 0.6
    endloop
  endfacet
  facet normal 0 0 -1
    outer loop
      vertex 0.732125 -1.64438 0.6
      vertex 0.732125 1.64438 0.6
      vertex 1.05801 1.45623 0.6
    endloop
  endfacet
  facet normal 0 0 -1
    outer loop
      vertex 0.374241 -1.76066 0.6
      vertex 0.732125 1.64438 0.6
      vertex 0.732125 -1.64438 0.6
    endloop
  endfacet
  facet normal 0 0 -1
    outer loop
      vertex 0.374241 -1.76066 0.6
      vertex 0.374241 1.76066 0.6
      vertex 0.732125 1.64438 0.6
    endloop
  endfacet
  facet normal 0 0 -1
    outer loop
      vertex 0 -1.8 0.6
      vertex 0.374241 1.76066 0.6
      vertex 0.374241 -1.76066 0.6
    endloop
  endfacet
  facet normal 0 0 -1
    outer loop
      vertex 0 -1.8 0.6
      vertex 0 1.8 0.6
      vertex 0.374241 1.76066 0.6
    endloop
  endfacet
  facet normal 0 0 -1
    outer loop
      vertex -0.374241 -1.76066 0.6
      vertex 0 1.8 0.6
      vertex 0 -1.8 0.6
    endloop
  endfacet
  facet normal 0 0 -1
    outer loop
      vertex -0.374241 -1.76066 0.6
      vertex -0.374241 1.76066 0.6
      vertex 0 1.8 0.6
    endloop
  endfacet
  facet normal 0 0 -1
    outer loop
      vertex -0.732125 -1.64438 0.6
      vertex -0.374241 1.76066 0.6
      vertex -0.374241 -1.76066 0.6
    endloop
  endfacet
  facet normal 0 0 -1
    outer loop
      vertex -0.732125 -1.64438 0.6
      vertex -0.732125 1.64438 0.6
      vertex -0.374241 1.76066 0.6
    endloop
  endfacet
  facet normal 0 0 -1
    outer loop
      vertex -1.05801 -1.45623 0.6
      vertex -0.732125 1.64438 0.6
      vertex -0.732125 -1.64438 0.6
    endloop
  endfacet
  facet normal 0 0 -1
    outer loop
      vertex -1.05801 -1.45623 0.6
      vertex -1.05801 1.45623 0.6
      vertex -0.732125 1.64438 0.6
    endloop
  endfacet
  facet normal 0 0 -1
    outer loop
      vertex -1.33766 -1.20443 0.6
      vertex -1.05801 1.45623 0.6
      vertex -1.05801 -1.45623 0.6
    endloop
  endfacet
  facet normal 0 0 -1
    outer loop
      vertex -1.33766 -1.20443 0.6
      vertex -1.33766 1.20443 0.6
      vertex -1.05801 1.45623 0.6
    endloop
  endfacet
  facet normal 0 0 -1
    outer loop
      vertex -1.55885 -0.9 0.6
      vertex -1.33766 1.20443 0.6
      vertex -1.33766 -1.20443 0.6
    endloop
  endfacet
  facet normal 0 0 -1
    outer loop
      vertex -1.55885 -0.9 0.6
      vertex -1.55885 0.9 0.6
      vertex -1.33766 1.20443 0.6
    endloop
  endfacet
  facet normal 0 0 -1
    outer loop
      vertex -1.7119 -0.556231 0.6
      vertex -1.55885 0.9 0.6
      vertex -1.55885 -0.9 0.6
    endloop
  endfacet
  facet normal 0 0 -1
    outer loop
      vertex -1.7119 -0.556231 0.6
      vertex -1.7119 0.556231 0.6
      vertex -1.55885 0.9 0.6
    endloop
  endfacet
  facet normal 0 0 -1
    outer loop
      vertex -1.79014 -0.18815 0.6
      vertex -1.7119 0.556231 0.6
      vertex -1.7119 -0.556231 0.6
    endloop
  endfacet
  facet normal 0 0 -1
    outer loop
      vertex -1.7119 0.556231 0.6
      vertex -1.79014 -0.18815 0.6
      vertex -1.79014 0.18815 0.6
    endloop
  endfacet
  facet normal 0.809002 0.587805 0
    outer loop
      vertex -9.87806 -2.14122 -0.6
      vertex -10.2713 -1.6 -2.5
      vertex -10.2713 -1.6 -0.6
    endloop
  endfacet
  facet normal 0.809002 0.587805 0
    outer loop
      vertex -10.2713 -1.6 -2.5
      vertex -9.87806 -2.14122 -0.6
      vertex -9.87806 -2.14122 -2.5
    endloop
  endfacet
  facet normal -0.309021 0.951055 0
    outer loop
      vertex -6.19844 -2.92334 -2.5
      vertex -6.83468 -3.13007 -0.6
      vertex -6.19844 -2.92334 -0.6
    endloop
  endfacet
  facet normal -0.309021 0.951055 0
    outer loop
      vertex -6.83468 -3.13007 -0.6
      vertex -6.19844 -2.92334 -2.5
      vertex -6.83468 -3.13007 -2.5
    endloop
  endfacet
  facet normal -0.104531 0.994522 0
    outer loop
      vertex -6.83468 -3.13007 -2.5
      vertex -7.5 -3.2 -0.6
      vertex -6.83468 -3.13007 -0.6
    endloop
  endfacet
  facet normal -0.104531 0.994522 0
    outer loop
      vertex -7.5 -3.2 -0.6
      vertex -6.83468 -3.13007 -2.5
      vertex -7.5 -3.2 -2.5
    endloop
  endfacet
  facet normal -0.500002 0.866024 0
    outer loop
      vertex -5.61909 -2.58885 -2.5
      vertex -6.19844 -2.92334 -0.6
      vertex -5.61909 -2.58885 -0.6
    endloop
  endfacet
  facet normal -0.500002 0.866024 0
    outer loop
      vertex -6.19844 -2.92334 -0.6
      vertex -5.61909 -2.58885 -2.5
      vertex -6.19844 -2.92334 -2.5
    endloop
  endfacet
  facet normal -0.809017 -0.587786 0
    outer loop
      vertex -4.72872 1.6 -2.5
      vertex -5.12194 2.14122 -0.6
      vertex -5.12194 2.14122 -2.5
    endloop
  endfacet
  facet normal -0.809017 -0.587786 0
    outer loop
      vertex -5.12194 2.14122 -0.6
      vertex -4.72872 1.6 -2.5
      vertex -4.72872 1.6 -0.6
    endloop
  endfacet
  facet normal 1 -0 0
    outer loop
      vertex -10.6825 -0.334491 -0.6
      vertex -10.6825 0.334491 -2.5
      vertex -10.6825 0.334491 -0.6
    endloop
  endfacet
  facet normal 1 0 0
    outer loop
      vertex -10.6825 0.334491 -2.5
      vertex -10.6825 -0.334491 -0.6
      vertex -10.6825 -0.334491 -2.5
    endloop
  endfacet
  facet normal 0.104531 0.994522 -0
    outer loop
      vertex -7.5 -3.2 -2.5
      vertex -8.16532 -3.13007 -0.6
      vertex -7.5 -3.2 -0.6
    endloop
  endfacet
  facet normal 0.104531 0.994522 0
    outer loop
      vertex -8.16532 -3.13007 -0.6
      vertex -7.5 -3.2 -2.5
      vertex -8.16532 -3.13007 -2.5
    endloop
  endfacet
  facet normal 0.500002 0.866024 -0
    outer loop
      vertex -8.80156 -2.92334 -2.5
      vertex -9.38091 -2.58885 -0.6
      vertex -8.80156 -2.92334 -0.6
    endloop
  endfacet
  facet normal 0.500002 0.866024 0
    outer loop
      vertex -9.38091 -2.58885 -0.6
      vertex -8.80156 -2.92334 -2.5
      vertex -9.38091 -2.58885 -2.5
    endloop
  endfacet
  facet normal -0.913546 0.406736 0
    outer loop
      vertex -4.72872 -1.6 -2.5
      vertex -4.45662 -0.988853 -0.6
      vertex -4.45662 -0.988853 -2.5
    endloop
  endfacet
  facet normal -0.913546 0.406736 0
    outer loop
      vertex -4.45662 -0.988853 -0.6
      vertex -4.72872 -1.6 -2.5
      vertex -4.72872 -1.6 -0.6
    endloop
  endfacet
  facet normal -0.669126 0.743149 0
    outer loop
      vertex -5.12194 -2.14122 -2.5
      vertex -5.61909 -2.58885 -0.6
      vertex -5.12194 -2.14122 -0.6
    endloop
  endfacet
  facet normal -0.669126 0.743149 0
    outer loop
      vertex -5.61909 -2.58885 -0.6
      vertex -5.12194 -2.14122 -2.5
      vertex -5.61909 -2.58885 -2.5
    endloop
  endfacet
  facet normal -0.669126 -0.743149 0
    outer loop
      vertex -5.61909 2.58885 -2.5
      vertex -5.12194 2.14122 -0.6
      vertex -5.61909 2.58885 -0.6
    endloop
  endfacet
  facet normal -0.669126 -0.743149 -0
    outer loop
      vertex -5.12194 2.14122 -0.6
      vertex -5.61909 2.58885 -2.5
      vertex -5.12194 2.14122 -2.5
    endloop
  endfacet
  facet normal -0.104531 -0.994522 0
    outer loop
      vertex -7.5 3.2 -2.5
      vertex -6.83468 3.13007 -0.6
      vertex -7.5 3.2 -0.6
    endloop
  endfacet
  facet normal -0.104531 -0.994522 -0
    outer loop
      vertex -6.83468 3.13007 -0.6
      vertex -7.5 3.2 -2.5
      vertex -6.83468 3.13007 -2.5
    endloop
  endfacet
  facet normal 0.913546 0.406736 0
    outer loop
      vertex -10.2713 -1.6 -0.6
      vertex -10.5434 -0.988853 -2.5
      vertex -10.5434 -0.988853 -0.6
    endloop
  endfacet
  facet normal 0.913546 0.406736 0
    outer loop
      vertex -10.5434 -0.988853 -2.5
      vertex -10.2713 -1.6 -0.6
      vertex -10.2713 -1.6 -2.5
    endloop
  endfacet
  facet normal 0.978144 0.207928 0
    outer loop
      vertex -10.5434 -0.988853 -0.6
      vertex -10.6825 -0.334491 -2.5
      vertex -10.6825 -0.334491 -0.6
    endloop
  endfacet
  facet normal 0.978144 0.207928 0
    outer loop
      vertex -10.6825 -0.334491 -2.5
      vertex -10.5434 -0.988853 -0.6
      vertex -10.5434 -0.988853 -2.5
    endloop
  endfacet
  facet normal -0.309021 -0.951055 0
    outer loop
      vertex -6.83468 3.13007 -2.5
      vertex -6.19844 2.92334 -0.6
      vertex -6.83468 3.13007 -0.6
    endloop
  endfacet
  facet normal -0.309021 -0.951055 -0
    outer loop
      vertex -6.19844 2.92334 -0.6
      vertex -6.83468 3.13007 -2.5
      vertex -6.19844 2.92334 -2.5
    endloop
  endfacet
  facet normal -0.978147 -0.207913 0
    outer loop
      vertex -4.31753 0.334491 -2.5
      vertex -4.45662 0.988853 -0.6
      vertex -4.45662 0.988853 -2.5
    endloop
  endfacet
  facet normal -0.978147 -0.207913 0
    outer loop
      vertex -4.45662 0.988853 -0.6
      vertex -4.31753 0.334491 -2.5
      vertex -4.31753 0.334491 -0.6
    endloop
  endfacet
  facet normal 0.669126 -0.743149 0
    outer loop
      vertex -9.87806 2.14122 -2.5
      vertex -9.38091 2.58885 -0.6
      vertex -9.87806 2.14122 -0.6
    endloop
  endfacet
  facet normal 0.669126 -0.743149 0
    outer loop
      vertex -9.38091 2.58885 -0.6
      vertex -9.87806 2.14122 -2.5
      vertex -9.38091 2.58885 -2.5
    endloop
  endfacet
  facet normal 0.500002 -0.866024 0
    outer loop
      vertex -9.38091 2.58885 -2.5
      vertex -8.80156 2.92334 -0.6
      vertex -9.38091 2.58885 -0.6
    endloop
  endfacet
  facet normal 0.500002 -0.866024 0
    outer loop
      vertex -8.80156 2.92334 -0.6
      vertex -9.38091 2.58885 -2.5
      vertex -8.80156 2.92334 -2.5
    endloop
  endfacet
  facet normal -1 0 0
    outer loop
      vertex -4.31753 -0.334491 -2.5
      vertex -4.31753 0.334491 -0.6
      vertex -4.31753 0.334491 -2.5
    endloop
  endfacet
  facet normal -1 -0 0
    outer loop
      vertex -4.31753 0.334491 -0.6
      vertex -4.31753 -0.334491 -2.5
      vertex -4.31753 -0.334491 -0.6
    endloop
  endfacet
  facet normal 0.104531 -0.994522 0
    outer loop
      vertex -8.16532 3.13007 -2.5
      vertex -7.5 3.2 -0.6
      vertex -8.16532 3.13007 -0.6
    endloop
  endfacet
  facet normal 0.104531 -0.994522 0
    outer loop
      vertex -7.5 3.2 -0.6
      vertex -8.16532 3.13007 -2.5
      vertex -7.5 3.2 -2.5
    endloop
  endfacet
  facet normal 0.669126 0.743149 -0
    outer loop
      vertex -9.38091 -2.58885 -2.5
      vertex -9.87806 -2.14122 -0.6
      vertex -9.38091 -2.58885 -0.6
    endloop
  endfacet
  facet normal 0.669126 0.743149 0
    outer loop
      vertex -9.87806 -2.14122 -0.6
      vertex -9.38091 -2.58885 -2.5
      vertex -9.87806 -2.14122 -2.5
    endloop
  endfacet
  facet normal -0.500002 -0.866024 0
    outer loop
      vertex -6.19844 2.92334 -2.5
      vertex -5.61909 2.58885 -0.6
      vertex -6.19844 2.92334 -0.6
    endloop
  endfacet
  facet normal -0.500002 -0.866024 -0
    outer loop
      vertex -5.61909 2.58885 -0.6
      vertex -6.19844 2.92334 -2.5
      vertex -5.61909 2.58885 -2.5
    endloop
  endfacet
  facet normal 0.978144 -0.207928 0
    outer loop
      vertex -10.6825 0.334491 -0.6
      vertex -10.5434 0.988853 -2.5
      vertex -10.5434 0.988853 -0.6
    endloop
  endfacet
  facet normal 0.978144 -0.207928 0
    outer loop
      vertex -10.5434 0.988853 -2.5
      vertex -10.6825 0.334491 -0.6
      vertex -10.6825 0.334491 -2.5
    endloop
  endfacet
  facet normal -0.913546 -0.406736 0
    outer loop
      vertex -4.45662 0.988853 -2.5
      vertex -4.72872 1.6 -0.6
      vertex -4.72872 1.6 -2.5
    endloop
  endfacet
  facet normal -0.913546 -0.406736 0
    outer loop
      vertex -4.72872 1.6 -0.6
      vertex -4.45662 0.988853 -2.5
      vertex -4.45662 0.988853 -0.6
    endloop
  endfacet
  facet normal -0.809017 0.587786 0
    outer loop
      vertex -5.12194 -2.14122 -2.5
      vertex -4.72872 -1.6 -0.6
      vertex -4.72872 -1.6 -2.5
    endloop
  endfacet
  facet normal -0.809017 0.587786 0
    outer loop
      vertex -4.72872 -1.6 -0.6
      vertex -5.12194 -2.14122 -2.5
      vertex -5.12194 -2.14122 -0.6
    endloop
  endfacet
  facet normal 0.309021 0.951055 -0
    outer loop
      vertex -8.16532 -3.13007 -2.5
      vertex -8.80156 -2.92334 -0.6
      vertex -8.16532 -3.13007 -0.6
    endloop
  endfacet
  facet normal 0.309021 0.951055 0
    outer loop
      vertex -8.80156 -2.92334 -0.6
      vertex -8.16532 -3.13007 -2.5
      vertex -8.80156 -2.92334 -2.5
    endloop
  endfacet
  facet normal 0.309021 -0.951055 0
    outer loop
      vertex -8.80156 2.92334 -2.5
      vertex -8.16532 3.13007 -0.6
      vertex -8.80156 2.92334 -0.6
    endloop
  endfacet
  facet normal 0.309021 -0.951055 0
    outer loop
      vertex -8.16532 3.13007 -0.6
      vertex -8.80156 2.92334 -2.5
      vertex -8.16532 3.13007 -2.5
    endloop
  endfacet
  facet normal 0.809002 -0.587805 0
    outer loop
      vertex -10.2713 1.6 -0.6
      vertex -9.87806 2.14122 -2.5
      vertex -9.87806 2.14122 -0.6
    endloop
  endfacet
  facet normal 0.809002 -0.587805 0
    outer loop
      vertex -9.87806 2.14122 -2.5
      vertex -10.2713 1.6 -0.6
      vertex -10.2713 1.6 -2.5
    endloop
  endfacet
  facet normal 0.913546 -0.406736 0
    outer loop
      vertex -10.5434 0.988853 -0.6
      vertex -10.2713 1.6 -2.5
      vertex -10.2713 1.6 -0.6
    endloop
  endfacet
  facet normal 0.913546 -0.406736 0
    outer loop
      vertex -10.2713 1.6 -2.5
      vertex -10.5434 0.988853 -0.6
      vertex -10.5434 0.988853 -2.5
    endloop
  endfacet
  facet normal -0.978147 0.207913 0
    outer loop
      vertex -4.45662 -0.988853 -2.5
      vertex -4.31753 -0.334491 -0.6
      vertex -4.31753 -0.334491 -2.5
    endloop
  endfacet
  facet normal -0.978147 0.207913 0
    outer loop
      vertex -4.31753 -0.334491 -0.6
      vertex -4.45662 -0.988853 -2.5
      vertex -4.45662 -0.988853 -0.6
    endloop
  endfacet
  facet normal -0.078318 0.745113 -0.662324
    outer loop
      vertex -7.5 -2.13333 0.6
      vertex -7.05646 -2.08671 0.6
      vertex -7.5 -3.2 -0.6
    endloop
  endfacet
  facet normal -0.0783168 0.745112 -0.662325
    outer loop
      vertex -7.05646 -2.08671 0.6
      vertex -6.83468 -3.13007 -0.6
      vertex -7.5 -3.2 -0.6
    endloop
  endfacet
  facet normal 0.374615 0.648839 -0.662323
    outer loop
      vertex -8.75394 -1.7259 0.6
      vertex -8.3677 -1.9489 0.6
      vertex -9.38091 -2.58885 -0.6
    endloop
  endfacet
  facet normal -0.374611 -0.648842 -0.662322
    outer loop
      vertex -6.19844 2.92334 -0.6
      vertex -5.61909 2.58885 -0.6
      vertex -6.6323 1.9489 0.6
    endloop
  endfacet
  facet normal -0.60613 0.44038 -0.662323
    outer loop
      vertex -4.72872 -1.6 -0.6
      vertex -5.12194 -2.14122 -0.6
      vertex -5.65248 -1.06667 0.6
    endloop
  endfacet
  facet normal -0.732846 0.155772 -0.662323
    outer loop
      vertex -4.31753 -0.334491 -0.6
      vertex -4.45662 -0.988853 -0.6
      vertex -5.47108 -0.659236 0.6
    endloop
  endfacet
  facet normal 0.501324 -0.556778 -0.662324
    outer loop
      vertex -8.75394 1.7259 0.6
      vertex -9.08537 1.42748 0.6
      vertex -9.87806 2.14122 -0.6
    endloop
  endfacet
  facet normal -0.501324 0.556778 -0.662324
    outer loop
      vertex -5.91463 -1.42748 0.6
      vertex -5.12194 -2.14122 -0.6
      vertex -6.24606 -1.7259 0.6
    endloop
  endfacet
  facet normal 0.231524 0.712546 -0.662325
    outer loop
      vertex -7.94354 -2.08671 0.6
      vertex -8.16532 -3.13007 -0.6
      vertex -8.80156 -2.92334 -0.6
    endloop
  endfacet
  facet normal -0.684445 0.304735 -0.662323
    outer loop
      vertex -4.45662 -0.988853 -0.6
      vertex -4.72872 -1.6 -0.6
      vertex -5.65248 -1.06667 0.6
    endloop
  endfacet
  facet normal 0.374611 -0.648842 -0.662322
    outer loop
      vertex -8.80156 2.92334 -0.6
      vertex -8.3677 1.9489 0.6
      vertex -9.38091 2.58885 -0.6
    endloop
  endfacet
  facet normal -0.374611 0.648842 -0.662322
    outer loop
      vertex -5.61909 -2.58885 -0.6
      vertex -6.19844 -2.92334 -0.6
      vertex -6.6323 -1.9489 0.6
    endloop
  endfacet
  facet normal 0.23151 -0.712555 -0.662321
    outer loop
      vertex -7.94354 2.08671 0.6
      vertex -8.3677 1.9489 0.6
      vertex -8.80156 2.92334 -0.6
    endloop
  endfacet
  facet normal -0.078318 -0.745113 -0.662324
    outer loop
      vertex -7.5 3.2 -0.6
      vertex -7.05646 2.08671 0.6
      vertex -7.5 2.13333 0.6
    endloop
  endfacet
  facet normal -0.501324 -0.556778 -0.662324
    outer loop
      vertex -5.12194 2.14122 -0.6
      vertex -5.91463 1.42748 0.6
      vertex -6.24606 1.7259 0.6
    endloop
  endfacet
  facet normal -0.0783168 -0.745112 -0.662325
    outer loop
      vertex -6.83468 3.13007 -0.6
      vertex -7.05646 2.08671 0.6
      vertex -7.5 3.2 -0.6
    endloop
  endfacet
  facet normal 0.68444 -0.304732 -0.662329
    outer loop
      vertex -10.2713 1.6 -0.6
      vertex -9.34752 1.06667 0.6
      vertex -10.5434 0.988853 -0.6
    endloop
  endfacet
  facet normal -0.501321 0.556781 -0.662323
    outer loop
      vertex -5.12194 -2.14122 -0.6
      vertex -5.61909 -2.58885 -0.6
      vertex -6.24606 -1.7259 0.6
    endloop
  endfacet
  facet normal -0.606124 0.440386 -0.662325
    outer loop
      vertex -5.65248 -1.06667 0.6
      vertex -5.12194 -2.14122 -0.6
      vertex -5.91463 -1.42748 0.6
    endloop
  endfacet
  facet normal 0.374615 -0.648839 -0.662323
    outer loop
      vertex -8.3677 1.9489 0.6
      vertex -8.75394 1.7259 0.6
      vertex -9.38091 2.58885 -0.6
    endloop
  endfacet
  facet normal -0.684446 0.304733 -0.662323
    outer loop
      vertex -5.47108 -0.659236 0.6
      vertex -4.45662 -0.988853 -0.6
      vertex -5.65248 -1.06667 0.6
    endloop
  endfacet
  facet normal -0.231524 -0.712546 -0.662325
    outer loop
      vertex -6.83468 3.13007 -0.6
      vertex -6.19844 2.92334 -0.6
      vertex -7.05646 2.08671 0.6
    endloop
  endfacet
  facet normal -0.374615 -0.648839 -0.662323
    outer loop
      vertex -5.61909 2.58885 -0.6
      vertex -6.24606 1.7259 0.6
      vertex -6.6323 1.9489 0.6
    endloop
  endfacet
  facet normal 0.231524 -0.712546 -0.662325
    outer loop
      vertex -8.16532 3.13007 -0.6
      vertex -7.94354 2.08671 0.6
      vertex -8.80156 2.92334 -0.6
    endloop
  endfacet
  facet normal 0.0783168 -0.745112 -0.662325
    outer loop
      vertex -7.5 3.2 -0.6
      vertex -7.94354 2.08671 0.6
      vertex -8.16532 3.13007 -0.6
    endloop
  endfacet
  facet normal -0.374615 0.648839 -0.662323
    outer loop
      vertex -6.24606 -1.7259 0.6
      vertex -5.61909 -2.58885 -0.6
      vertex -6.6323 -1.9489 0.6
    endloop
  endfacet
  facet normal -0.23151 0.712555 -0.662321
    outer loop
      vertex -6.6323 -1.9489 0.6
      vertex -6.19844 -2.92334 -0.6
      vertex -7.05646 -2.08671 0.6
    endloop
  endfacet
  facet normal -0.231524 0.712546 -0.662325
    outer loop
      vertex -6.19844 -2.92334 -0.6
      vertex -6.83468 -3.13007 -0.6
      vertex -7.05646 -2.08671 0.6
    endloop
  endfacet
  facet normal 0.732837 0.155776 -0.662332
    outer loop
      vertex -9.62165 -0.222994 0.6
      vertex -9.52892 -0.659236 0.6
      vertex -10.6825 -0.334491 -0.6
    endloop
  endfacet
  facet normal 0.606124 -0.440386 -0.662325
    outer loop
      vertex -9.08537 1.42748 0.6
      vertex -9.34752 1.06667 0.6
      vertex -9.87806 2.14122 -0.6
    endloop
  endfacet
  facet normal -0.501321 -0.556781 -0.662323
    outer loop
      vertex -5.61909 2.58885 -0.6
      vertex -5.12194 2.14122 -0.6
      vertex -6.24606 1.7259 0.6
    endloop
  endfacet
  facet normal 0.732837 0.155782 -0.662331
    outer loop
      vertex -9.52892 -0.659236 0.6
      vertex -10.5434 -0.988853 -0.6
      vertex -10.6825 -0.334491 -0.6
    endloop
  endfacet
  facet normal 0 0 -1
    outer loop
      vertex -5.47108 -0.659236 0.6
      vertex -5.37835 0.222994 0.6
      vertex -5.37835 -0.222994 0.6
    endloop
  endfacet
  facet normal 0 0 -1
    outer loop
      vertex -5.47108 -0.659236 0.6
      vertex -5.47108 0.659236 0.6
      vertex -5.37835 0.222994 0.6
    endloop
  endfacet
  facet normal 0 0 -1
    outer loop
      vertex -5.65248 -1.06667 0.6
      vertex -5.47108 0.659236 0.6
      vertex -5.47108 -0.659236 0.6
    endloop
  endfacet
  facet normal 0 0 -1
    outer loop
      vertex -5.65248 -1.06667 0.6
      vertex -5.65248 1.06667 0.6
      vertex -5.47108 0.659236 0.6
    endloop
  endfacet
  facet normal 0 0 -1
    outer loop
      vertex -5.91463 -1.42748 0.6
      vertex -5.65248 1.06667 0.6
      vertex -5.65248 -1.06667 0.6
    endloop
  endfacet
  facet normal 0 0 -1
    outer loop
      vertex -5.91463 -1.42748 0.6
      vertex -5.91463 1.42748 0.6
      vertex -5.65248 1.06667 0.6
    endloop
  endfacet
  facet normal 0 0 -1
    outer loop
      vertex -6.24606 -1.7259 0.6
      vertex -5.91463 1.42748 0.6
      vertex -5.91463 -1.42748 0.6
    endloop
  endfacet
  facet normal 0 0 -1
    outer loop
      vertex -6.24606 -1.7259 0.6
      vertex -6.24606 1.7259 0.6
      vertex -5.91463 1.42748 0.6
    endloop
  endfacet
  facet normal 0 0 -1
    outer loop
      vertex -6.6323 -1.9489 0.6
      vertex -6.24606 1.7259 0.6
      vertex -6.24606 -1.7259 0.6
    endloop
  endfacet
  facet normal 0 0 -1
    outer loop
      vertex -6.6323 -1.9489 0.6
      vertex -6.6323 1.9489 0.6
      vertex -6.24606 1.7259 0.6
    endloop
  endfacet
  facet normal 0 0 -1
    outer loop
      vertex -7.05646 -2.08671 0.6
      vertex -6.6323 1.9489 0.6
      vertex -6.6323 -1.9489 0.6
    endloop
  endfacet
  facet normal 0 0 -1
    outer loop
      vertex -7.05646 -2.08671 0.6
      vertex -7.05646 2.08671 0.6
      vertex -6.6323 1.9489 0.6
    endloop
  endfacet
  facet normal 0 0 -1
    outer loop
      vertex -7.5 -2.13333 0.6
      vertex -7.05646 2.08671 0.6
      vertex -7.05646 -2.08671 0.6
    endloop
  endfacet
  facet normal 0 0 -1
    outer loop
      vertex -7.5 -2.13333 0.6
      vertex -7.5 2.13333 0.6
      vertex -7.05646 2.08671 0.6
    endloop
  endfacet
  facet normal 0 0 -1
    outer loop
      vertex -7.94354 -2.08671 0.6
      vertex -7.5 2.13333 0.6
      vertex -7.5 -2.13333 0.6
    endloop
  endfacet
  facet normal 0 0 -1
    outer loop
      vertex -7.94354 -2.08671 0.6
      vertex -7.94354 2.08671 0.6
      vertex -7.5 2.13333 0.6
    endloop
  endfacet
  facet normal 0 0 -1
    outer loop
      vertex -8.3677 -1.9489 0.6
      vertex -7.94354 2.08671 0.6
      vertex -7.94354 -2.08671 0.6
    endloop
  endfacet
  facet normal 0 0 -1
    outer loop
      vertex -8.3677 -1.9489 0.6
      vertex -8.3677 1.9489 0.6
      vertex -7.94354 2.08671 0.6
    endloop
  endfacet
  facet normal 0 0 -1
    outer loop
      vertex -8.75394 -1.7259 0.6
      vertex -8.3677 1.9489 0.6
      vertex -8.3677 -1.9489 0.6
    endloop
  endfacet
  facet normal 0 0 -1
    outer loop
      vertex -8.75394 -1.7259 0.6
      vertex -8.75394 1.7259 0.6
      vertex -8.3677 1.9489 0.6
    endloop
  endfacet
  facet normal 0 0 -1
    outer loop
      vertex -9.08537 -1.42748 0.6
      vertex -8.75394 1.7259 0.6
      vertex -8.75394 -1.7259 0.6
    endloop
  endfacet
  facet normal 0 0 -1
    outer loop
      vertex -9.08537 -1.42748 0.6
      vertex -9.08537 1.42748 0.6
      vertex -8.75394 1.7259 0.6
    endloop
  endfacet
  facet normal 0 0 -1
    outer loop
      vertex -9.34752 -1.06667 0.6
      vertex -9.08537 1.42748 0.6
      vertex -9.08537 -1.42748 0.6
    endloop
  endfacet
  facet normal 0 0 -1
    outer loop
      vertex -9.34752 -1.06667 0.6
      vertex -9.34752 1.06667 0.6
      vertex -9.08537 1.42748 0.6
    endloop
  endfacet
  facet normal 0 0 -1
    outer loop
      vertex -9.52892 -0.659236 0.6
      vertex -9.34752 1.06667 0.6
      vertex -9.34752 -1.06667 0.6
    endloop
  endfacet
  facet normal 0 0 -1
    outer loop
      vertex -9.52892 -0.659236 0.6
      vertex -9.52892 0.659236 0.6
      vertex -9.34752 1.06667 0.6
    endloop
  endfacet
  facet normal 0 0 -1
    outer loop
      vertex -9.62165 -0.222994 0.6
      vertex -9.52892 0.659236 0.6
      vertex -9.52892 -0.659236 0.6
    endloop
  endfacet
  facet normal 0 0 -1
    outer loop
      vertex -9.52892 0.659236 0.6
      vertex -9.62165 -0.222994 0.6
      vertex -9.62165 0.222994 0.6
    endloop
  endfacet
  facet normal -0.732846 -0.155772 -0.662323
    outer loop
      vertex -4.45662 0.988853 -0.6
      vertex -4.31753 0.334491 -0.6
      vertex -5.47108 0.659236 0.6
    endloop
  endfacet
  facet normal -0.732846 -0.155778 -0.662322
    outer loop
      vertex -4.31753 0.334491 -0.6
      vertex -5.37835 0.222994 0.6
      vertex -5.47108 0.659236 0.6
    endloop
  endfacet
  facet normal -0.684445 -0.304735 -0.662323
    outer loop
      vertex -4.72872 1.6 -0.6
      vertex -4.45662 0.988853 -0.6
      vertex -5.65248 1.06667 0.6
    endloop
  endfacet
  facet normal 0.501321 -0.556781 -0.662323
    outer loop
      vertex -9.38091 2.58885 -0.6
      vertex -8.75394 1.7259 0.6
      vertex -9.87806 2.14122 -0.6
    endloop
  endfacet
  facet normal 0.606116 0.440392 -0.662327
    outer loop
      vertex -9.34752 -1.06667 0.6
      vertex -9.87806 -2.14122 -0.6
      vertex -10.2713 -1.6 -0.6
    endloop
  endfacet
  facet normal 0.684441 -0.30473 -0.66233
    outer loop
      vertex -9.34752 1.06667 0.6
      vertex -9.52892 0.659236 0.6
      vertex -10.5434 0.988853 -0.6
    endloop
  endfacet
  facet normal 0.606124 0.440386 -0.662325
    outer loop
      vertex -9.34752 -1.06667 0.6
      vertex -9.08537 -1.42748 0.6
      vertex -9.87806 -2.14122 -0.6
    endloop
  endfacet
  facet normal 0.0783168 0.745112 -0.662325
    outer loop
      vertex -7.94354 -2.08671 0.6
      vertex -7.5 -3.2 -0.6
      vertex -8.16532 -3.13007 -0.6
    endloop
  endfacet
  facet normal 0.078318 0.745113 -0.662324
    outer loop
      vertex -7.5 -2.13333 0.6
      vertex -7.5 -3.2 -0.6
      vertex -7.94354 -2.08671 0.6
    endloop
  endfacet
  facet normal 0.732837 -0.155776 -0.662332
    outer loop
      vertex -9.52892 0.659236 0.6
      vertex -9.62165 0.222994 0.6
      vertex -10.6825 0.334491 -0.6
    endloop
  endfacet
  facet normal 0.078318 -0.745113 -0.662324
    outer loop
      vertex -7.5 3.2 -0.6
      vertex -7.5 2.13333 0.6
      vertex -7.94354 2.08671 0.6
    endloop
  endfacet
  facet normal 0.501324 0.556778 -0.662324
    outer loop
      vertex -9.08537 -1.42748 0.6
      vertex -8.75394 -1.7259 0.6
      vertex -9.87806 -2.14122 -0.6
    endloop
  endfacet
  facet normal 0.501321 0.556781 -0.662323
    outer loop
      vertex -8.75394 -1.7259 0.6
      vertex -9.38091 -2.58885 -0.6
      vertex -9.87806 -2.14122 -0.6
    endloop
  endfacet
  facet normal 0.606116 -0.440392 -0.662327
    outer loop
      vertex -9.87806 2.14122 -0.6
      vertex -9.34752 1.06667 0.6
      vertex -10.2713 1.6 -0.6
    endloop
  endfacet
  facet normal 0.74921 0 -0.662333
    outer loop
      vertex -9.62165 -0.222994 0.6
      vertex -10.6825 0.334491 -0.6
      vertex -9.62165 0.222994 0.6
    endloop
  endfacet
  facet normal 0.74921 0 -0.662333
    outer loop
      vertex -10.6825 0.334491 -0.6
      vertex -9.62165 -0.222994 0.6
      vertex -10.6825 -0.334491 -0.6
    endloop
  endfacet
  facet normal -0.60613 -0.44038 -0.662323
    outer loop
      vertex -5.12194 2.14122 -0.6
      vertex -4.72872 1.6 -0.6
      vertex -5.65248 1.06667 0.6
    endloop
  endfacet
  facet normal -0.732846 0.155778 -0.662322
    outer loop
      vertex -5.37835 -0.222994 0.6
      vertex -4.31753 -0.334491 -0.6
      vertex -5.47108 -0.659236 0.6
    endloop
  endfacet
  facet normal -0.606124 -0.440386 -0.662325
    outer loop
      vertex -5.12194 2.14122 -0.6
      vertex -5.65248 1.06667 0.6
      vertex -5.91463 1.42748 0.6
    endloop
  endfacet
  facet normal -0.749219 0 -0.662322
    outer loop
      vertex -4.31753 0.334491 -0.6
      vertex -5.37835 -0.222994 0.6
      vertex -5.37835 0.222994 0.6
    endloop
  endfacet
  facet normal -0.749219 0 -0.662322
    outer loop
      vertex -5.37835 -0.222994 0.6
      vertex -4.31753 0.334491 -0.6
      vertex -4.31753 -0.334491 -0.6
    endloop
  endfacet
  facet normal -0.684446 -0.304733 -0.662323
    outer loop
      vertex -4.45662 0.988853 -0.6
      vertex -5.47108 0.659236 0.6
      vertex -5.65248 1.06667 0.6
    endloop
  endfacet
  facet normal 0.732837 -0.155782 -0.662331
    outer loop
      vertex -10.5434 0.988853 -0.6
      vertex -9.52892 0.659236 0.6
      vertex -10.6825 0.334491 -0.6
    endloop
  endfacet
  facet normal -0.23151 -0.712555 -0.662321
    outer loop
      vertex -6.19844 2.92334 -0.6
      vertex -6.6323 1.9489 0.6
      vertex -7.05646 2.08671 0.6
    endloop
  endfacet
  facet normal 0.684441 0.30473 -0.66233
    outer loop
      vertex -9.52892 -0.659236 0.6
      vertex -9.34752 -1.06667 0.6
      vertex -10.5434 -0.988853 -0.6
    endloop
  endfacet
  facet normal 0.374611 0.648842 -0.662322
    outer loop
      vertex -8.3677 -1.9489 0.6
      vertex -8.80156 -2.92334 -0.6
      vertex -9.38091 -2.58885 -0.6
    endloop
  endfacet
  facet normal 0.68444 0.304732 -0.662329
    outer loop
      vertex -9.34752 -1.06667 0.6
      vertex -10.2713 -1.6 -0.6
      vertex -10.5434 -0.988853 -0.6
    endloop
  endfacet
  facet normal 0.23151 0.712555 -0.662321
    outer loop
      vertex -8.3677 -1.9489 0.6
      vertex -7.94354 -2.08671 0.6
      vertex -8.80156 -2.92334 -0.6
    endloop
  endfacet
  facet normal -0.80899 0.587823 0
    outer loop
      vertex 10.7496 -2.47578 -2.5
      vertex 11.2043 -1.85 -0.6
      vertex 11.2043 -1.85 -2.5
    endloop
  endfacet
  facet normal -0.80899 0.587823 0
    outer loop
      vertex 11.2043 -1.85 -0.6
      vertex 10.7496 -2.47578 -2.5
      vertex 10.7496 -2.47578 -0.6
    endloop
  endfacet
  facet normal -0.104524 -0.994522 0
    outer loop
      vertex 8 3.7 -2.5
      vertex 8.76927 3.61915 -0.6
      vertex 8 3.7 -0.6
    endloop
  endfacet
  facet normal -0.104524 -0.994522 -0
    outer loop
      vertex 8.76927 3.61915 -0.6
      vertex 8 3.7 -2.5
      vertex 8.76927 3.61915 -2.5
    endloop
  endfacet
  facet normal 0.669125 0.74315 -0
    outer loop
      vertex 5.8252 -2.99336 -2.5
      vertex 5.25036 -2.47578 -0.6
      vertex 5.8252 -2.99336 -0.6
    endloop
  endfacet
  facet normal 0.669125 0.74315 0
    outer loop
      vertex 5.25036 -2.47578 -0.6
      vertex 5.8252 -2.99336 -2.5
      vertex 5.25036 -2.47578 -2.5
    endloop
  endfacet
  facet normal -0.913553 0.406719 0
    outer loop
      vertex 11.2043 -1.85 -2.5
      vertex 11.5189 -1.14336 -0.6
      vertex 11.5189 -1.14336 -2.5
    endloop
  endfacet
  facet normal -0.913553 0.406719 0
    outer loop
      vertex 11.5189 -1.14336 -0.6
      vertex 11.2043 -1.85 -2.5
      vertex 11.2043 -1.85 -0.6
    endloop
  endfacet
  facet normal 1 -0 0
    outer loop
      vertex 4.32027 -0.386755 -0.6
      vertex 4.32027 0.386755 -2.5
      vertex 4.32027 0.386755 -0.6
    endloop
  endfacet
  facet normal 1 0 0
    outer loop
      vertex 4.32027 0.386755 -2.5
      vertex 4.32027 -0.386755 -0.6
      vertex 4.32027 -0.386755 -2.5
    endloop
  endfacet
  facet normal 0.104524 0.994522 -0
    outer loop
      vertex 8 -3.7 -2.5
      vertex 7.23073 -3.61915 -0.6
      vertex 8 -3.7 -0.6
    endloop
  endfacet
  facet normal 0.104524 0.994522 0
    outer loop
      vertex 7.23073 -3.61915 -0.6
      vertex 8 -3.7 -2.5
      vertex 7.23073 -3.61915 -2.5
    endloop
  endfacet
  facet normal -0.500004 0.866023 0
    outer loop
      vertex 10.1748 -2.99336 -2.5
      vertex 9.50492 -3.38012 -0.6
      vertex 10.1748 -2.99336 -0.6
    endloop
  endfacet
  facet normal -0.500004 0.866023 0
    outer loop
      vertex 9.50492 -3.38012 -0.6
      vertex 10.1748 -2.99336 -2.5
      vertex 9.50492 -3.38012 -2.5
    endloop
  endfacet
  facet normal 0.500004 0.866023 -0
    outer loop
      vertex 6.49508 -3.38012 -2.5
      vertex 5.8252 -2.99336 -0.6
      vertex 6.49508 -3.38012 -0.6
    endloop
  endfacet
  facet normal 0.500004 0.866023 0
    outer loop
      vertex 5.8252 -2.99336 -0.6
      vertex 6.49508 -3.38012 -2.5
      vertex 5.8252 -2.99336 -2.5
    endloop
  endfacet
  facet normal 0.978148 -0.20791 0
    outer loop
      vertex 4.32027 0.386755 -0.6
      vertex 4.48109 1.14336 -2.5
      vertex 4.48109 1.14336 -0.6
    endloop
  endfacet
  facet normal 0.978148 -0.20791 0
    outer loop
      vertex 4.48109 1.14336 -2.5
      vertex 4.32027 0.386755 -0.6
      vertex 4.32027 0.386755 -2.5
    endloop
  endfacet
  facet normal -0.66915 0.743127 0
    outer loop
      vertex 10.7496 -2.47578 -2.5
      vertex 10.1748 -2.99336 -0.6
      vertex 10.7496 -2.47578 -0.6
    endloop
  endfacet
  facet normal -0.66915 0.743127 0
    outer loop
      vertex 10.1748 -2.99336 -0.6
      vertex 10.7496 -2.47578 -2.5
      vertex 10.1748 -2.99336 -2.5
    endloop
  endfacet
  facet normal -0.104524 0.994522 0
    outer loop
      vertex 8.76927 -3.61915 -2.5
      vertex 8 -3.7 -0.6
      vertex 8.76927 -3.61915 -0.6
    endloop
  endfacet
  facet normal -0.104524 0.994522 0
    outer loop
      vertex 8 -3.7 -0.6
      vertex 8.76927 -3.61915 -2.5
      vertex 8 -3.7 -2.5
    endloop
  endfacet
  facet normal -0.500004 -0.866023 0
    outer loop
      vertex 9.50492 3.38012 -2.5
      vertex 10.1748 2.99336 -0.6
      vertex 9.50492 3.38012 -0.6
    endloop
  endfacet
  facet normal -0.500004 -0.866023 -0
    outer loop
      vertex 10.1748 2.99336 -0.6
      vertex 9.50492 3.38012 -2.5
      vertex 10.1748 2.99336 -2.5
    endloop
  endfacet
  facet normal -0.978153 0.207885 0
    outer loop
      vertex 11.5189 -1.14336 -2.5
      vertex 11.6797 -0.386755 -0.6
      vertex 11.6797 -0.386755 -2.5
    endloop
  endfacet
  facet normal -0.978153 0.207885 0
    outer loop
      vertex 11.6797 -0.386755 -0.6
      vertex 11.5189 -1.14336 -2.5
      vertex 11.5189 -1.14336 -0.6
    endloop
  endfacet
  facet normal 0.30902 -0.951055 0
    outer loop
      vertex 6.49508 3.38012 -2.5
      vertex 7.23073 3.61915 -0.6
      vertex 6.49508 3.38012 -0.6
    endloop
  endfacet
  facet normal 0.30902 -0.951055 0
    outer loop
      vertex 7.23073 3.61915 -0.6
      vertex 6.49508 3.38012 -2.5
      vertex 7.23073 3.61915 -2.5
    endloop
  endfacet
  facet normal -0.80899 -0.587823 0
    outer loop
      vertex 11.2043 1.85 -2.5
      vertex 10.7496 2.47578 -0.6
      vertex 10.7496 2.47578 -2.5
    endloop
  endfacet
  facet normal -0.80899 -0.587823 0
    outer loop
      vertex 10.7496 2.47578 -0.6
      vertex 11.2043 1.85 -2.5
      vertex 11.2043 1.85 -0.6
    endloop
  endfacet
  facet normal -0.30902 0.951055 0
    outer loop
      vertex 9.50492 -3.38012 -2.5
      vertex 8.76927 -3.61915 -0.6
      vertex 9.50492 -3.38012 -0.6
    endloop
  endfacet
  facet normal -0.30902 0.951055 0
    outer loop
      vertex 8.76927 -3.61915 -0.6
      vertex 9.50492 -3.38012 -2.5
      vertex 8.76927 -3.61915 -2.5
    endloop
  endfacet
  facet normal 0.913544 -0.406741 0
    outer loop
      vertex 4.48109 1.14336 -0.6
      vertex 4.79571 1.85 -2.5
      vertex 4.79571 1.85 -0.6
    endloop
  endfacet
  facet normal 0.913544 -0.406741 0
    outer loop
      vertex 4.79571 1.85 -2.5
      vertex 4.48109 1.14336 -0.6
      vertex 4.48109 1.14336 -2.5
    endloop
  endfacet
  facet normal -1 0 0
    outer loop
      vertex 11.6797 -0.386755 -2.5
      vertex 11.6797 0.386755 -0.6
      vertex 11.6797 0.386755 -2.5
    endloop
  endfacet
  facet normal -1 -0 0
    outer loop
      vertex 11.6797 0.386755 -0.6
      vertex 11.6797 -0.386755 -2.5
      vertex 11.6797 -0.386755 -0.6
    endloop
  endfacet
  facet normal -0.30902 -0.951055 0
    outer loop
      vertex 8.76927 3.61915 -2.5
      vertex 9.50492 3.38012 -0.6
      vertex 8.76927 3.61915 -0.6
    endloop
  endfacet
  facet normal -0.30902 -0.951055 -0
    outer loop
      vertex 9.50492 3.38012 -0.6
      vertex 8.76927 3.61915 -2.5
      vertex 9.50492 3.38012 -2.5
    endloop
  endfacet
  facet normal -0.66915 -0.743127 0
    outer loop
      vertex 10.1748 2.99336 -2.5
      vertex 10.7496 2.47578 -0.6
      vertex 10.1748 2.99336 -0.6
    endloop
  endfacet
  facet normal -0.66915 -0.743127 -0
    outer loop
      vertex 10.7496 2.47578 -0.6
      vertex 10.1748 2.99336 -2.5
      vertex 10.7496 2.47578 -2.5
    endloop
  endfacet
  facet normal -0.978153 -0.207885 0
    outer loop
      vertex 11.6797 0.386755 -2.5
      vertex 11.5189 1.14336 -0.6
      vertex 11.5189 1.14336 -2.5
    endloop
  endfacet
  facet normal -0.978153 -0.207885 0
    outer loop
      vertex 11.5189 1.14336 -0.6
      vertex 11.6797 0.386755 -2.5
      vertex 11.6797 0.386755 -0.6
    endloop
  endfacet
  facet normal 0.809021 0.58778 0
    outer loop
      vertex 5.25036 -2.47578 -0.6
      vertex 4.79571 -1.85 -2.5
      vertex 4.79571 -1.85 -0.6
    endloop
  endfacet
  facet normal 0.809021 0.58778 0
    outer loop
      vertex 4.79571 -1.85 -2.5
      vertex 5.25036 -2.47578 -0.6
      vertex 5.25036 -2.47578 -2.5
    endloop
  endfacet
  facet normal 0.809021 -0.58778 0
    outer loop
      vertex 4.79571 1.85 -0.6
      vertex 5.25036 2.47578 -2.5
      vertex 5.25036 2.47578 -0.6
    endloop
  endfacet
  facet normal 0.809021 -0.58778 0
    outer loop
      vertex 5.25036 2.47578 -2.5
      vertex 4.79571 1.85 -0.6
      vertex 4.79571 1.85 -2.5
    endloop
  endfacet
  facet normal 0.913544 0.406741 0
    outer loop
      vertex 4.79571 -1.85 -0.6
      vertex 4.48109 -1.14336 -2.5
      vertex 4.48109 -1.14336 -0.6
    endloop
  endfacet
  facet normal 0.913544 0.406741 0
    outer loop
      vertex 4.48109 -1.14336 -2.5
      vertex 4.79571 -1.85 -0.6
      vertex 4.79571 -1.85 -2.5
    endloop
  endfacet
  facet normal -0.913553 -0.406719 0
    outer loop
      vertex 11.5189 1.14336 -2.5
      vertex 11.2043 1.85 -0.6
      vertex 11.2043 1.85 -2.5
    endloop
  endfacet
  facet normal -0.913553 -0.406719 0
    outer loop
      vertex 11.2043 1.85 -0.6
      vertex 11.5189 1.14336 -2.5
      vertex 11.5189 1.14336 -0.6
    endloop
  endfacet
  facet normal 0.500004 -0.866023 0
    outer loop
      vertex 5.8252 2.99336 -2.5
      vertex 6.49508 3.38012 -0.6
      vertex 5.8252 2.99336 -0.6
    endloop
  endfacet
  facet normal 0.500004 -0.866023 0
    outer loop
      vertex 6.49508 3.38012 -0.6
      vertex 5.8252 2.99336 -2.5
      vertex 6.49508 3.38012 -2.5
    endloop
  endfacet
  facet normal 0.669125 -0.74315 0
    outer loop
      vertex 5.25036 2.47578 -2.5
      vertex 5.8252 2.99336 -0.6
      vertex 5.25036 2.47578 -0.6
    endloop
  endfacet
  facet normal 0.669125 -0.74315 0
    outer loop
      vertex 5.8252 2.99336 -0.6
      vertex 5.25036 2.47578 -2.5
      vertex 5.8252 2.99336 -2.5
    endloop
  endfacet
  facet normal 0.30902 0.951055 -0
    outer loop
      vertex 7.23073 -3.61915 -2.5
      vertex 6.49508 -3.38012 -0.6
      vertex 7.23073 -3.61915 -0.6
    endloop
  endfacet
  facet normal 0.30902 0.951055 0
    outer loop
      vertex 6.49508 -3.38012 -0.6
      vertex 7.23073 -3.61915 -2.5
      vertex 6.49508 -3.38012 -2.5
    endloop
  endfacet
  facet normal 0.978148 0.20791 0
    outer loop
      vertex 4.48109 -1.14336 -0.6
      vertex 4.32027 -0.386755 -2.5
      vertex 4.32027 -0.386755 -0.6
    endloop
  endfacet
  facet normal 0.978148 0.20791 0
    outer loop
      vertex 4.32027 -0.386755 -2.5
      vertex 4.48109 -1.14336 -0.6
      vertex 4.48109 -1.14336 -2.5
    endloop
  endfacet
  facet normal 0.104524 -0.994522 0
    outer loop
      vertex 7.23073 3.61915 -2.5
      vertex 8 3.7 -0.6
      vertex 7.23073 3.61915 -0.6
    endloop
  endfacet
  facet normal 0.104524 -0.994522 0
    outer loop
      vertex 8 3.7 -0.6
      vertex 7.23073 3.61915 -2.5
      vertex 8 3.7 -2.5
    endloop
  endfacet
  facet normal 0.349663 0.605627 -0.714809
    outer loop
      vertex 6.55013 -1.99557 0.6
      vertex 6.49508 -3.38012 -0.6
      vertex 5.8252 -2.99336 -0.6
    endloop
  endfacet
  facet normal -0.0731088 0.69549 -0.714807
    outer loop
      vertex 8 -2.46667 0.6
      vertex 8.51285 -2.41276 0.6
      vertex 8 -3.7 -0.6
    endloop
  endfacet
  facet normal -0.0730955 0.695488 -0.71481
    outer loop
      vertex 8.51285 -2.41276 0.6
      vertex 8.76927 -3.61915 -0.6
      vertex 8 -3.7 -0.6
    endloop
  endfacet
  facet normal -0.467939 0.519704 -0.714801
    outer loop
      vertex 9.83309 -1.65052 0.6
      vertex 10.7496 -2.47578 -0.6
      vertex 9.44987 -1.99557 0.6
    endloop
  endfacet
  facet normal -0.684063 -0.145383 -0.714788
    outer loop
      vertex 11.5189 1.14336 -0.6
      vertex 11.6797 0.386755 -0.6
      vertex 10.4532 0.257836 0.6
    endloop
  endfacet
  facet normal -0.349663 0.605627 -0.714809
    outer loop
      vertex 10.1748 -2.99336 -0.6
      vertex 9.50492 -3.38012 -0.6
      vertex 9.44987 -1.99557 0.6
    endloop
  endfacet
  facet normal -0.349661 -0.605628 -0.714809
    outer loop
      vertex 9.50492 3.38012 -0.6
      vertex 9.44987 1.99557 0.6
      vertex 9.00328 2.25341 0.6
    endloop
  endfacet
  facet normal 0.216104 0.665091 -0.71481
    outer loop
      vertex 7.48715 -2.41276 0.6
      vertex 7.23073 -3.61915 -0.6
      vertex 6.49508 -3.38012 -0.6
    endloop
  endfacet
  facet normal -0.638859 -0.284423 -0.714817
    outer loop
      vertex 11.2043 1.85 -0.6
      vertex 11.5189 1.14336 -0.6
      vertex 10.3459 0.762241 0.6
    endloop
  endfacet
  facet normal -0.638884 -0.284392 -0.714807
    outer loop
      vertex 11.2043 1.85 -0.6
      vertex 10.3459 0.762241 0.6
      vertex 10.1362 1.23333 0.6
    endloop
  endfacet
  facet normal 0.565765 0.411047 -0.714807
    outer loop
      vertex 5.8638 -1.23333 0.6
      vertex 5.25036 -2.47578 -0.6
      vertex 4.79571 -1.85 -0.6
    endloop
  endfacet
  facet normal -0.216104 -0.665091 -0.71481
    outer loop
      vertex 8.76927 3.61915 -0.6
      vertex 9.50492 3.38012 -0.6
      vertex 8.51285 2.41276 0.6
    endloop
  endfacet
  facet normal 0.467934 -0.519698 -0.714809
    outer loop
      vertex 6.55013 1.99557 0.6
      vertex 6.16691 1.65052 0.6
      vertex 5.25036 2.47578 -0.6
    endloop
  endfacet
  facet normal 0.684038 -0.145395 -0.714809
    outer loop
      vertex 4.48109 1.14336 -0.6
      vertex 5.54685 0.257836 0.6
      vertex 4.32027 0.386755 -0.6
    endloop
  endfacet
  facet normal 0.349661 0.605628 -0.714809
    outer loop
      vertex 6.55013 -1.99557 0.6
      vertex 6.99672 -2.25341 0.6
      vertex 6.49508 -3.38012 -0.6
    endloop
  endfacet
  facet normal 0.638864 -0.284437 -0.714807
    outer loop
      vertex 5.8638 1.23333 0.6
      vertex 5.65406 0.762241 0.6
      vertex 4.79571 1.85 -0.6
    endloop
  endfacet
  facet normal 0.638864 0.284437 -0.714807
    outer loop
      vertex 5.65406 -0.762241 0.6
      vertex 5.8638 -1.23333 0.6
      vertex 4.79571 -1.85 -0.6
    endloop
  endfacet
  facet normal -0.349663 -0.605627 -0.714809
    outer loop
      vertex 9.50492 3.38012 -0.6
      vertex 10.1748 2.99336 -0.6
      vertex 9.44987 1.99557 0.6
    endloop
  endfacet
  facet normal -0.684001 0.145505 -0.714823
    outer loop
      vertex 10.4532 -0.257836 0.6
      vertex 11.5189 -1.14336 -0.6
      vertex 10.3459 -0.762241 0.6
    endloop
  endfacet
  facet normal -0.565744 0.411077 -0.714808
    outer loop
      vertex 11.2043 -1.85 -0.6
      vertex 10.7496 -2.47578 -0.6
      vertex 10.1362 -1.23333 0.6
    endloop
  endfacet
  facet normal -0.638859 0.284423 -0.714817
    outer loop
      vertex 11.5189 -1.14336 -0.6
      vertex 11.2043 -1.85 -0.6
      vertex 10.3459 -0.762241 0.6
    endloop
  endfacet
  facet normal -0.565766 -0.411058 -0.7148
    outer loop
      vertex 10.7496 2.47578 -0.6
      vertex 10.1362 1.23333 0.6
      vertex 9.83309 1.65052 0.6
    endloop
  endfacet
  facet normal -0.216101 0.665092 -0.714809
    outer loop
      vertex 9.00328 -2.25341 0.6
      vertex 9.50492 -3.38012 -0.6
      vertex 8.51285 -2.41276 0.6
    endloop
  endfacet
  facet normal 0.467933 -0.5197 -0.714808
    outer loop
      vertex 5.8252 2.99336 -0.6
      vertex 6.55013 1.99557 0.6
      vertex 5.25036 2.47578 -0.6
    endloop
  endfacet
  facet normal 0.467933 0.5197 -0.714808
    outer loop
      vertex 6.55013 -1.99557 0.6
      vertex 5.8252 -2.99336 -0.6
      vertex 5.25036 -2.47578 -0.6
    endloop
  endfacet
  facet normal -0.467951 0.519685 -0.714807
    outer loop
      vertex 10.7496 -2.47578 -0.6
      vertex 10.1748 -2.99336 -0.6
      vertex 9.44987 -1.99557 0.6
    endloop
  endfacet
  facet normal -0.216104 0.665091 -0.71481
    outer loop
      vertex 9.50492 -3.38012 -0.6
      vertex 8.76927 -3.61915 -0.6
      vertex 8.51285 -2.41276 0.6
    endloop
  endfacet
  facet normal 0.467934 0.519698 -0.714809
    outer loop
      vertex 6.16691 -1.65052 0.6
      vertex 6.55013 -1.99557 0.6
      vertex 5.25036 -2.47578 -0.6
    endloop
  endfacet
  facet normal 0.565765 -0.411047 -0.714807
    outer loop
      vertex 5.25036 2.47578 -0.6
      vertex 5.8638 1.23333 0.6
      vertex 4.79571 1.85 -0.6
    endloop
  endfacet
  facet normal -0.699343 0 -0.714787
    outer loop
      vertex 10.4532 -0.257836 0.6
      vertex 11.6797 0.386755 -0.6
      vertex 11.6797 -0.386755 -0.6
    endloop
  endfacet
  facet normal -0.699343 0 -0.714787
    outer loop
      vertex 11.6797 0.386755 -0.6
      vertex 10.4532 -0.257836 0.6
      vertex 10.4532 0.257836 0.6
    endloop
  endfacet
  facet normal 0.216104 -0.665091 -0.71481
    outer loop
      vertex 7.23073 3.61915 -0.6
      vertex 7.48715 2.41276 0.6
      vertex 6.49508 3.38012 -0.6
    endloop
  endfacet
  facet normal 0.0730955 -0.695488 -0.71481
    outer loop
      vertex 8 3.7 -0.6
      vertex 7.48715 2.41276 0.6
      vertex 7.23073 3.61915 -0.6
    endloop
  endfacet
  facet normal -0.349661 0.605628 -0.714809
    outer loop
      vertex 9.44987 -1.99557 0.6
      vertex 9.50492 -3.38012 -0.6
      vertex 9.00328 -2.25341 0.6
    endloop
  endfacet
  facet normal 0.63886 0.284442 -0.714808
    outer loop
      vertex 5.65406 -0.762241 0.6
      vertex 4.79571 -1.85 -0.6
      vertex 4.48109 -1.14336 -0.6
    endloop
  endfacet
  facet normal 0.0730955 0.695488 -0.71481
    outer loop
      vertex 7.48715 -2.41276 0.6
      vertex 8 -3.7 -0.6
      vertex 7.23073 -3.61915 -0.6
    endloop
  endfacet
  facet normal 0.0731088 0.69549 -0.714807
    outer loop
      vertex 8 -2.46667 0.6
      vertex 8 -3.7 -0.6
      vertex 7.48715 -2.41276 0.6
    endloop
  endfacet
  facet normal 0.349663 -0.605627 -0.714809
    outer loop
      vertex 6.49508 3.38012 -0.6
      vertex 6.55013 1.99557 0.6
      vertex 5.8252 2.99336 -0.6
    endloop
  endfacet
  facet normal -0.684063 0.145383 -0.714788
    outer loop
      vertex 11.6797 -0.386755 -0.6
      vertex 11.5189 -1.14336 -0.6
      vertex 10.4532 -0.257836 0.6
    endloop
  endfacet
  facet normal 0.63886 -0.284442 -0.714808
    outer loop
      vertex 4.79571 1.85 -0.6
      vertex 5.65406 0.762241 0.6
      vertex 4.48109 1.14336 -0.6
    endloop
  endfacet
  facet normal 0.349661 -0.605628 -0.714809
    outer loop
      vertex 6.99672 2.25341 0.6
      vertex 6.55013 1.99557 0.6
      vertex 6.49508 3.38012 -0.6
    endloop
  endfacet
  facet normal -0.467951 -0.519685 -0.714807
    outer loop
      vertex 10.1748 2.99336 -0.6
      vertex 10.7496 2.47578 -0.6
      vertex 9.44987 1.99557 0.6
    endloop
  endfacet
  facet normal 0.0731088 -0.69549 -0.714807
    outer loop
      vertex 8 3.7 -0.6
      vertex 8 2.46667 0.6
      vertex 7.48715 2.41276 0.6
    endloop
  endfacet
  facet normal 0.684038 0.145395 -0.714809
    outer loop
      vertex 5.54685 -0.257836 0.6
      vertex 4.48109 -1.14336 -0.6
      vertex 4.32027 -0.386755 -0.6
    endloop
  endfacet
  facet normal -0.565766 0.411058 -0.7148
    outer loop
      vertex 10.1362 -1.23333 0.6
      vertex 10.7496 -2.47578 -0.6
      vertex 9.83309 -1.65052 0.6
    endloop
  endfacet
  facet normal -0.216101 -0.665092 -0.714809
    outer loop
      vertex 9.50492 3.38012 -0.6
      vertex 9.00328 2.25341 0.6
      vertex 8.51285 2.41276 0.6
    endloop
  endfacet
  facet normal -0.638884 0.284392 -0.714807
    outer loop
      vertex 10.3459 -0.762241 0.6
      vertex 11.2043 -1.85 -0.6
      vertex 10.1362 -1.23333 0.6
    endloop
  endfacet
  facet normal 0.68404 -0.145391 -0.714808
    outer loop
      vertex 5.65406 0.762241 0.6
      vertex 5.54685 0.257836 0.6
      vertex 4.48109 1.14336 -0.6
    endloop
  endfacet
  facet normal 0.565759 -0.411053 -0.71481
    outer loop
      vertex 6.16691 1.65052 0.6
      vertex 5.8638 1.23333 0.6
      vertex 5.25036 2.47578 -0.6
    endloop
  endfacet
  facet normal 0.565759 0.411053 -0.71481
    outer loop
      vertex 5.8638 -1.23333 0.6
      vertex 6.16691 -1.65052 0.6
      vertex 5.25036 -2.47578 -0.6
    endloop
  endfacet
  facet normal 0.216101 -0.665092 -0.714809
    outer loop
      vertex 7.48715 2.41276 0.6
      vertex 6.99672 2.25341 0.6
      vertex 6.49508 3.38012 -0.6
    endloop
  endfacet
  facet normal 0.216101 0.665092 -0.714809
    outer loop
      vertex 6.99672 -2.25341 0.6
      vertex 7.48715 -2.41276 0.6
      vertex 6.49508 -3.38012 -0.6
    endloop
  endfacet
  facet normal 0.68404 0.145391 -0.714808
    outer loop
      vertex 5.54685 -0.257836 0.6
      vertex 5.65406 -0.762241 0.6
      vertex 4.48109 -1.14336 -0.6
    endloop
  endfacet
  facet normal -0.0730955 -0.695488 -0.71481
    outer loop
      vertex 8.76927 3.61915 -0.6
      vertex 8.51285 2.41276 0.6
      vertex 8 3.7 -0.6
    endloop
  endfacet
  facet normal -0.565744 -0.411077 -0.714808
    outer loop
      vertex 10.7496 2.47578 -0.6
      vertex 11.2043 1.85 -0.6
      vertex 10.1362 1.23333 0.6
    endloop
  endfacet
  facet normal -0.684001 -0.145505 -0.714823
    outer loop
      vertex 11.5189 1.14336 -0.6
      vertex 10.4532 0.257836 0.6
      vertex 10.3459 0.762241 0.6
    endloop
  endfacet
  facet normal -0.467939 -0.519704 -0.714801
    outer loop
      vertex 10.7496 2.47578 -0.6
      vertex 9.83309 1.65052 0.6
      vertex 9.44987 1.99557 0.6
    endloop
  endfacet
  facet normal -0.0731088 -0.69549 -0.714807
    outer loop
      vertex 8 3.7 -0.6
      vertex 8.51285 2.41276 0.6
      vertex 8 2.46667 0.6
    endloop
  endfacet
  facet normal 0 0 -1
    outer loop
      vertex 10.3459 -0.762241 0.6
      vertex 10.4532 0.257836 0.6
      vertex 10.4532 -0.257836 0.6
    endloop
  endfacet
  facet normal 0 0 -1
    outer loop
      vertex 10.3459 -0.762241 0.6
      vertex 10.3459 0.762241 0.6
      vertex 10.4532 0.257836 0.6
    endloop
  endfacet
  facet normal 0 0 -1
    outer loop
      vertex 10.1362 -1.23333 0.6
      vertex 10.3459 0.762241 0.6
      vertex 10.3459 -0.762241 0.6
    endloop
  endfacet
  facet normal 0 0 -1
    outer loop
      vertex 10.1362 -1.23333 0.6
      vertex 10.1362 1.23333 0.6
      vertex 10.3459 0.762241 0.6
    endloop
  endfacet
  facet normal 0 0 -1
    outer loop
      vertex 9.83309 -1.65052 0.6
      vertex 10.1362 1.23333 0.6
      vertex 10.1362 -1.23333 0.6
    endloop
  endfacet
  facet normal 0 0 -1
    outer loop
      vertex 9.83309 -1.65052 0.6
      vertex 9.83309 1.65052 0.6
      vertex 10.1362 1.23333 0.6
    endloop
  endfacet
  facet normal 0 0 -1
    outer loop
      vertex 9.44987 -1.99557 0.6
      vertex 9.83309 1.65052 0.6
      vertex 9.83309 -1.65052 0.6
    endloop
  endfacet
  facet normal 0 0 -1
    outer loop
      vertex 9.44987 -1.99557 0.6
      vertex 9.44987 1.99557 0.6
      vertex 9.83309 1.65052 0.6
    endloop
  endfacet
  facet normal 0 0 -1
    outer loop
      vertex 9.00328 -2.25341 0.6
      vertex 9.44987 1.99557 0.6
      vertex 9.44987 -1.99557 0.6
    endloop
  endfacet
  facet normal 0 0 -1
    outer loop
      vertex 9.00328 -2.25341 0.6
      vertex 9.00328 2.25341 0.6
      vertex 9.44987 1.99557 0.6
    endloop
  endfacet
  facet normal 0 0 -1
    outer loop
      vertex 8.51285 -2.41276 0.6
      vertex 9.00328 2.25341 0.6
      vertex 9.00328 -2.25341 0.6
    endloop
  endfacet
  facet normal 0 0 -1
    outer loop
      vertex 8.51285 -2.41276 0.6
      vertex 8.51285 2.41276 0.6
      vertex 9.00328 2.25341 0.6
    endloop
  endfacet
  facet normal 0 0 -1
    outer loop
      vertex 8 -2.46667 0.6
      vertex 8.51285 2.41276 0.6
      vertex 8.51285 -2.41276 0.6
    endloop
  endfacet
  facet normal 0 0 -1
    outer loop
      vertex 8 -2.46667 0.6
      vertex 8 2.46667 0.6
      vertex 8.51285 2.41276 0.6
    endloop
  endfacet
  facet normal 0 0 -1
    outer loop
      vertex 7.48715 -2.41276 0.6
      vertex 8 2.46667 0.6
      vertex 8 -2.46667 0.6
    endloop
  endfacet
  facet normal 0 0 -1
    outer loop
      vertex 7.48715 -2.41276 0.6
      vertex 7.48715 2.41276 0.6
      vertex 8 2.46667 0.6
    endloop
  endfacet
  facet normal 0 0 -1
    outer loop
      vertex 6.99672 -2.25341 0.6
      vertex 7.48715 2.41276 0.6
      vertex 7.48715 -2.41276 0.6
    endloop
  endfacet
  facet normal 0 0 -1
    outer loop
      vertex 6.99672 -2.25341 0.6
      vertex 6.99672 2.25341 0.6
      vertex 7.48715 2.41276 0.6
    endloop
  endfacet
  facet normal 0 0 -1
    outer loop
      vertex 6.55013 -1.99557 0.6
      vertex 6.99672 2.25341 0.6
      vertex 6.99672 -2.25341 0.6
    endloop
  endfacet
  facet normal 0 0 -1
    outer loop
      vertex 6.55013 -1.99557 0.6
      vertex 6.55013 1.99557 0.6
      vertex 6.99672 2.25341 0.6
    endloop
  endfacet
  facet normal 0 0 -1
    outer loop
      vertex 6.16691 -1.65052 0.6
      vertex 6.55013 1.99557 0.6
      vertex 6.55013 -1.99557 0.6
    endloop
  endfacet
  facet normal 0 0 -1
    outer loop
      vertex 6.16691 -1.65052 0.6
      vertex 6.16691 1.65052 0.6
      vertex 6.55013 1.99557 0.6
    endloop
  endfacet
  facet normal 0 0 -1
    outer loop
      vertex 5.8638 -1.23333 0.6
      vertex 6.16691 1.65052 0.6
      vertex 6.16691 -1.65052 0.6
    endloop
  endfacet
  facet normal 0 0 -1
    outer loop
      vertex 5.8638 -1.23333 0.6
      vertex 5.8638 1.23333 0.6
      vertex 6.16691 1.65052 0.6
    endloop
  endfacet
  facet normal 0 0 -1
    outer loop
      vertex 5.65406 -0.762241 0.6
      vertex 5.8638 1.23333 0.6
      vertex 5.8638 -1.23333 0.6
    endloop
  endfacet
  facet normal 0 0 -1
    outer loop
      vertex 5.65406 -0.762241 0.6
      vertex 5.65406 0.762241 0.6
      vertex 5.8638 1.23333 0.6
    endloop
  endfacet
  facet normal 0 0 -1
    outer loop
      vertex 5.54685 -0.257836 0.6
      vertex 5.65406 0.762241 0.6
      vertex 5.65406 -0.762241 0.6
    endloop
  endfacet
  facet normal 0 0 -1
    outer loop
      vertex 5.65406 0.762241 0.6
      vertex 5.54685 -0.257836 0.6
      vertex 5.54685 0.257836 0.6
    endloop
  endfacet
  facet normal 0.699319 0 -0.714809
    outer loop
      vertex 4.32027 -0.386755 -0.6
      vertex 5.54685 0.257836 0.6
      vertex 5.54685 -0.257836 0.6
    endloop
  endfacet
  facet normal 0.699319 0 -0.714809
    outer loop
      vertex 5.54685 0.257836 0.6
      vertex 4.32027 -0.386755 -0.6
      vertex 4.32027 0.386755 -0.6
    endloop
  endfacet
  facet normal -0.309019 0.951056 0
    outer loop
      vertex 1.70829 4.66311 -2.5
      vertex 0.873229 4.39178 -0.6
      vertex 1.70829 4.66311 -0.6
    endloop
  endfacet
  facet normal -0.309019 0.951056 0
    outer loop
      vertex 0.873229 4.39178 -0.6
      vertex 1.70829 4.66311 -2.5
      vertex 0.873229 4.39178 -2.5
    endloop
  endfacet
  facet normal -0.104528 0.994522 0
    outer loop
      vertex 0.873229 4.39178 -2.5
      vertex 0 4.3 -0.6
      vertex 0.873229 4.39178 -0.6
    endloop
  endfacet
  facet normal -0.104528 0.994522 0
    outer loop
      vertex 0 4.3 -0.6
      vertex 0.873229 4.39178 -2.5
      vertex 0 4.3 -2.5
    endloop
  endfacet
  facet normal -0.499998 0.866027 0
    outer loop
      vertex 2.4687 5.10213 -2.5
      vertex 1.70829 4.66311 -0.6
      vertex 2.4687 5.10213 -0.6
    endloop
  endfacet
  facet normal -0.499998 0.866027 0
    outer loop
      vertex 1.70829 4.66311 -0.6
      vertex 2.4687 5.10213 -2.5
      vertex 1.70829 4.66311 -2.5
    endloop
  endfacet
  facet normal -0.809017 0.587786 0
    outer loop
      vertex 3.12121 5.68965 -2.5
      vertex 3.63731 6.4 -0.6
      vertex 3.63731 6.4 -2.5
    endloop
  endfacet
  facet normal -0.809017 0.587786 0
    outer loop
      vertex 3.63731 6.4 -0.6
      vertex 3.12121 5.68965 -2.5
      vertex 3.12121 5.68965 -0.6
    endloop
  endfacet
  facet normal 0.309019 0.951056 -0
    outer loop
      vertex -0.873229 4.39178 -2.5
      vertex -1.70829 4.66311 -0.6
      vertex -0.873229 4.39178 -0.6
    endloop
  endfacet
  facet normal 0.309019 0.951056 0
    outer loop
      vertex -1.70829 4.66311 -0.6
      vertex -0.873229 4.39178 -2.5
      vertex -1.70829 4.66311 -2.5
    endloop
  endfacet
  facet normal 0.104528 0.994522 -0
    outer loop
      vertex 0 4.3 -2.5
      vertex -0.873229 4.39178 -0.6
      vertex 0 4.3 -0.6
    endloop
  endfacet
  facet normal 0.104528 0.994522 0
    outer loop
      vertex -0.873229 4.39178 -0.6
      vertex 0 4.3 -2.5
      vertex -0.873229 4.39178 -2.5
    endloop
  endfacet
  facet normal -0.669129 0.743146 0
    outer loop
      vertex 3.12121 5.68965 -2.5
      vertex 2.4687 5.10213 -0.6
      vertex 3.12121 5.68965 -0.6
    endloop
  endfacet
  facet normal -0.669129 0.743146 0
    outer loop
      vertex 2.4687 5.10213 -0.6
      vertex 3.12121 5.68965 -2.5
      vertex 2.4687 5.10213 -2.5
    endloop
  endfacet
  facet normal 0.308988 -0.951066 0
    outer loop
      vertex -1.70829 12.3369 -2.5
      vertex -0.873229 12.6082 -0.6
      vertex -1.70829 12.3369 -0.6
    endloop
  endfacet
  facet normal 0.308988 -0.951066 0
    outer loop
      vertex -0.873229 12.6082 -0.6
      vertex -1.70829 12.3369 -2.5
      vertex -0.873229 12.6082 -2.5
    endloop
  endfacet
  facet normal -0.669179 -0.743101 0
    outer loop
      vertex 2.4687 11.8979 -2.5
      vertex 3.12121 11.3103 -0.6
      vertex 2.4687 11.8979 -0.6
    endloop
  endfacet
  facet normal -0.669179 -0.743101 -0
    outer loop
      vertex 3.12121 11.3103 -0.6
      vertex 2.4687 11.8979 -2.5
      vertex 3.12121 11.3103 -2.5
    endloop
  endfacet
  facet normal -0.308988 -0.951066 0
    outer loop
      vertex 0.873229 12.6082 -2.5
      vertex 1.70829 12.3369 -0.6
      vertex 0.873229 12.6082 -0.6
    endloop
  endfacet
  facet normal -0.308988 -0.951066 -0
    outer loop
      vertex 1.70829 12.3369 -0.6
      vertex 0.873229 12.6082 -2.5
      vertex 1.70829 12.3369 -2.5
    endloop
  endfacet
  facet normal 0.809017 0.587786 0
    outer loop
      vertex -3.12121 5.68965 -0.6
      vertex -3.63731 6.4 -2.5
      vertex -3.63731 6.4 -0.6
    endloop
  endfacet
  facet normal 0.809017 0.587786 0
    outer loop
      vertex -3.63731 6.4 -2.5
      vertex -3.12121 5.68965 -0.6
      vertex -3.12121 5.68965 -2.5
    endloop
  endfacet
  facet normal -0.808997 -0.587813 0
    outer loop
      vertex 3.63731 10.6 -2.5
      vertex 3.12121 11.3103 -0.6
      vertex 3.12121 11.3103 -2.5
    endloop
  endfacet
  facet normal -0.808997 -0.587813 0
    outer loop
      vertex 3.12121 11.3103 -0.6
      vertex 3.63731 10.6 -2.5
      vertex 3.63731 10.6 -0.6
    endloop
  endfacet
  facet normal -0.49998 -0.866037 0
    outer loop
      vertex 1.70829 12.3369 -2.5
      vertex 2.4687 11.8979 -0.6
      vertex 1.70829 12.3369 -0.6
    endloop
  endfacet
  facet normal -0.49998 -0.866037 -0
    outer loop
      vertex 2.4687 11.8979 -0.6
      vertex 1.70829 12.3369 -2.5
      vertex 2.4687 11.8979 -2.5
    endloop
  endfacet
  facet normal 0.499998 0.866027 -0
    outer loop
      vertex -1.70829 4.66311 -2.5
      vertex -2.4687 5.10213 -0.6
      vertex -1.70829 4.66311 -0.6
    endloop
  endfacet
  facet normal 0.499998 0.866027 0
    outer loop
      vertex -2.4687 5.10213 -0.6
      vertex -1.70829 4.66311 -2.5
      vertex -2.4687 5.10213 -2.5
    endloop
  endfacet
  facet normal -1 0 0
    outer loop
      vertex 4.17699 8.91 -2.5
      vertex 4.17699 8.93902 -0.6
      vertex 4.17699 8.93902 -2.5
    endloop
  endfacet
  facet normal -1 0 0
    outer loop
      vertex 4.17699 8.91 -2.5
      vertex 4.17699 8.9 -2.5
      vertex 4.17699 8.93902 -0.6
    endloop
  endfacet
  facet normal -1 0 0
    outer loop
      vertex 4.17699 8.06098 -0.6
      vertex 4.17699 8.9 -2.5
      vertex 4.17699 8.06098 -2.5
    endloop
  endfacet
  facet normal -1 0 0
    outer loop
      vertex 4.17699 8.9 -2.5
      vertex 4.17699 8.06098 -0.6
      vertex 4.17699 8.93902 -0.6
    endloop
  endfacet
  facet normal -0.913546 -0.406735 0
    outer loop
      vertex 3.99444 9.79787 -2.5
      vertex 3.63731 10.6 -0.6
      vertex 3.63731 10.6 -2.5
    endloop
  endfacet
  facet normal -0.913546 -0.406735 0
    outer loop
      vertex 3.63731 10.6 -0.6
      vertex 3.99444 9.79787 -2.5
      vertex 3.99444 9.79787 -0.6
    endloop
  endfacet
  facet normal 0.978149 -0.207907 0
    outer loop
      vertex -4.17699 8.93902 -0.6
      vertex -3.99444 9.79787 -2.5
      vertex -3.99444 9.79787 -0.6
    endloop
  endfacet
  facet normal 0.978149 -0.207907 0
    outer loop
      vertex -3.99444 9.79787 -2.5
      vertex -4.17699 8.93902 -0.6
      vertex -4.17699 8.93902 -2.5
    endloop
  endfacet
  facet normal 1 0 0
    outer loop
      vertex -4.17699 8.93902 -0.6
      vertex -4.17699 8.91 -2.5
      vertex -4.17699 8.93902 -2.5
    endloop
  endfacet
  facet normal 1 0 0
    outer loop
      vertex -4.17699 8.93902 -0.6
      vertex -4.17699 8.9 -2.5
      vertex -4.17699 8.91 -2.5
    endloop
  endfacet
  facet normal 1 -0 0
    outer loop
      vertex -4.17699 8.06098 -0.6
      vertex -4.17699 8.9 -2.5
      vertex -4.17699 8.93902 -0.6
    endloop
  endfacet
  facet normal 1 0 0
    outer loop
      vertex -4.17699 8.9 -2.5
      vertex -4.17699 8.06098 -0.6
      vertex -4.17699 8.06098 -2.5
    endloop
  endfacet
  facet normal -0.978149 -0.207907 0
    outer loop
      vertex 4.17699 8.93902 -2.5
      vertex 3.99444 9.79787 -0.6
      vertex 3.99444 9.79787 -2.5
    endloop
  endfacet
  facet normal -0.978149 -0.207907 0
    outer loop
      vertex 3.99444 9.79787 -0.6
      vertex 4.17699 8.93902 -2.5
      vertex 4.17699 8.93902 -0.6
    endloop
  endfacet
  facet normal 0.978149 0.207907 0
    outer loop
      vertex -3.99444 7.20213 -0.6
      vertex -4.17699 8.06098 -2.5
      vertex -4.17699 8.06098 -0.6
    endloop
  endfacet
  facet normal 0.978149 0.207907 0
    outer loop
      vertex -4.17699 8.06098 -2.5
      vertex -3.99444 7.20213 -0.6
      vertex -3.99444 7.20213 -2.5
    endloop
  endfacet
  facet normal 0.669129 0.743146 -0
    outer loop
      vertex -2.4687 5.10213 -2.5
      vertex -3.12121 5.68965 -0.6
      vertex -2.4687 5.10213 -0.6
    endloop
  endfacet
  facet normal 0.669129 0.743146 0
    outer loop
      vertex -3.12121 5.68965 -0.6
      vertex -2.4687 5.10213 -2.5
      vertex -3.12121 5.68965 -2.5
    endloop
  endfacet
  facet normal 0.913546 0.406735 0
    outer loop
      vertex -3.63731 6.4 -0.6
      vertex -3.99444 7.20213 -2.5
      vertex -3.99444 7.20213 -0.6
    endloop
  endfacet
  facet normal 0.913546 0.406735 0
    outer loop
      vertex -3.99444 7.20213 -2.5
      vertex -3.63731 6.4 -0.6
      vertex -3.63731 6.4 -2.5
    endloop
  endfacet
  facet normal 0.808997 -0.587813 0
    outer loop
      vertex -3.63731 10.6 -0.6
      vertex -3.12121 11.3103 -2.5
      vertex -3.12121 11.3103 -0.6
    endloop
  endfacet
  facet normal 0.808997 -0.587813 0
    outer loop
      vertex -3.12121 11.3103 -2.5
      vertex -3.63731 10.6 -0.6
      vertex -3.63731 10.6 -2.5
    endloop
  endfacet
  facet normal -0.104551 -0.99452 0
    outer loop
      vertex 0 12.7 -2.5
      vertex 0.873229 12.6082 -0.6
      vertex 0 12.7 -0.6
    endloop
  endfacet
  facet normal -0.104551 -0.99452 -0
    outer loop
      vertex 0.873229 12.6082 -0.6
      vertex 0 12.7 -2.5
      vertex 0.873229 12.6082 -2.5
    endloop
  endfacet
  facet normal -0.978149 0.207907 0
    outer loop
      vertex 3.99444 7.20213 -2.5
      vertex 4.17699 8.06098 -0.6
      vertex 4.17699 8.06098 -2.5
    endloop
  endfacet
  facet normal -0.978149 0.207907 0
    outer loop
      vertex 4.17699 8.06098 -0.6
      vertex 3.99444 7.20213 -2.5
      vertex 3.99444 7.20213 -0.6
    endloop
  endfacet
  facet normal 0.49998 -0.866037 0
    outer loop
      vertex -2.4687 11.8979 -2.5
      vertex -1.70829 12.3369 -0.6
      vertex -2.4687 11.8979 -0.6
    endloop
  endfacet
  facet normal 0.49998 -0.866037 0
    outer loop
      vertex -1.70829 12.3369 -0.6
      vertex -2.4687 11.8979 -2.5
      vertex -1.70829 12.3369 -2.5
    endloop
  endfacet
  facet normal -0.913546 0.406735 0
    outer loop
      vertex 3.63731 6.4 -2.5
      vertex 3.99444 7.20213 -0.6
      vertex 3.99444 7.20213 -2.5
    endloop
  endfacet
  facet normal -0.913546 0.406735 0
    outer loop
      vertex 3.99444 7.20213 -0.6
      vertex 3.63731 6.4 -2.5
      vertex 3.63731 6.4 -0.6
    endloop
  endfacet
  facet normal 0.104551 -0.99452 0
    outer loop
      vertex -0.873229 12.6082 -2.5
      vertex 0 12.7 -0.6
      vertex -0.873229 12.6082 -0.6
    endloop
  endfacet
  facet normal 0.104551 -0.99452 0
    outer loop
      vertex 0 12.7 -0.6
      vertex -0.873229 12.6082 -2.5
      vertex 0 12.7 -2.5
    endloop
  endfacet
  facet normal 0.669179 -0.743101 0
    outer loop
      vertex -3.12121 11.3103 -2.5
      vertex -2.4687 11.8979 -0.6
      vertex -3.12121 11.3103 -0.6
    endloop
  endfacet
  facet normal 0.669179 -0.743101 0
    outer loop
      vertex -2.4687 11.8979 -0.6
      vertex -3.12121 11.3103 -2.5
      vertex -2.4687 11.8979 -2.5
    endloop
  endfacet
  facet normal 0.913546 -0.406735 0
    outer loop
      vertex -3.99444 9.79787 -0.6
      vertex -3.63731 10.6 -2.5
      vertex -3.63731 10.6 -0.6
    endloop
  endfacet
  facet normal 0.913546 -0.406735 0
    outer loop
      vertex -3.63731 10.6 -2.5
      vertex -3.99444 9.79787 -0.6
      vertex -3.99444 9.79787 -2.5
    endloop
  endfacet
  facet normal -0.528188 -0.383728 -0.757476
    outer loop
      vertex 3.12121 11.3103 -0.6
      vertex 2.42487 9.9 0.6
      vertex 2.0808 10.3736 0.6
    endloop
  endfacet
  facet normal 0.326424 0.565387 -0.757486
    outer loop
      vertex -1.6458 6.23475 0.6
      vertex -1.70829 4.66311 -0.6
      vertex -2.4687 5.10213 -0.6
    endloop
  endfacet
  facet normal 0.528155 -0.383754 -0.757486
    outer loop
      vertex -3.12121 11.3103 -0.6
      vertex -2.42487 9.9 0.6
      vertex -3.63731 10.6 -0.6
    endloop
  endfacet
  facet normal -0.0682452 0.649274 -0.757486
    outer loop
      vertex 0 5.7 0.6
      vertex 0.582152 5.76119 0.6
      vertex 0 4.3 -0.6
    endloop
  endfacet
  facet normal -0.0682413 0.649273 -0.757487
    outer loop
      vertex 0.582152 5.76119 0.6
      vertex 0.873229 4.39178 -0.6
      vertex 0 4.3 -0.6
    endloop
  endfacet
  facet normal -0.436844 0.48516 -0.757487
    outer loop
      vertex 2.0808 6.62643 0.6
      vertex 3.12121 5.68965 -0.6
      vertex 1.6458 6.23475 0.6
    endloop
  endfacet
  facet normal -0.638585 -0.135732 -0.757487
    outer loop
      vertex 3.99444 9.79787 -0.6
      vertex 4.17699 8.93902 -0.6
      vertex 2.78466 8.79268 0.6
    endloop
  endfacet
  facet normal -0.326424 0.565387 -0.757486
    outer loop
      vertex 2.4687 5.10213 -0.6
      vertex 1.70829 4.66311 -0.6
      vertex 1.6458 6.23475 0.6
    endloop
  endfacet
  facet normal -0.596406 0.265541 -0.757488
    outer loop
      vertex 2.66296 7.63475 0.6
      vertex 3.63731 6.4 -0.6
      vertex 2.42487 7.1 0.6
    endloop
  endfacet
  facet normal 0.528166 0.383736 -0.757487
    outer loop
      vertex -2.42487 7.1 0.6
      vertex -3.12121 5.68965 -0.6
      vertex -3.63731 6.4 -0.6
    endloop
  endfacet
  facet normal 0.596409 0.265538 -0.757487
    outer loop
      vertex -2.66296 7.63475 0.6
      vertex -3.63731 6.4 -0.6
      vertex -3.99444 7.20213 -0.6
    endloop
  endfacet
  facet normal 0.436844 0.48516 -0.757487
    outer loop
      vertex -2.0808 6.62643 0.6
      vertex -1.6458 6.23475 0.6
      vertex -3.12121 5.68965 -0.6
    endloop
  endfacet
  facet normal 0.201744 0.620898 -0.757486
    outer loop
      vertex -1.13886 5.94207 0.6
      vertex -0.873229 4.39178 -0.6
      vertex -1.70829 4.66311 -0.6
    endloop
  endfacet
  facet normal -0.201757 -0.620896 -0.757484
    outer loop
      vertex 0.873229 12.6082 -0.6
      vertex 1.13886 11.0579 0.6
      vertex 0.582152 11.2388 0.6
    endloop
  endfacet
  facet normal -0.201744 0.620898 -0.757486
    outer loop
      vertex 1.13886 5.94207 0.6
      vertex 1.70829 4.66311 -0.6
      vertex 0.873229 4.39178 -0.6
    endloop
  endfacet
  facet normal -0.528155 -0.383754 -0.757486
    outer loop
      vertex 3.12121 11.3103 -0.6
      vertex 3.63731 10.6 -0.6
      vertex 2.42487 9.9 0.6
    endloop
  endfacet
  facet normal 0.528166 0.383736 -0.757488
    outer loop
      vertex -2.42487 7.1 0.6
      vertex -2.0808 6.62643 0.6
      vertex -3.12121 5.68965 -0.6
    endloop
  endfacet
  facet normal 0.596406 -0.265541 -0.757488
    outer loop
      vertex -2.42487 9.9 0.6
      vertex -2.66296 9.36525 0.6
      vertex -3.63731 10.6 -0.6
    endloop
  endfacet
  facet normal 0.436866 -0.485124 -0.757498
    outer loop
      vertex -2.4687 11.8979 -0.6
      vertex -1.6458 10.7652 0.6
      vertex -3.12121 11.3103 -0.6
    endloop
  endfacet
  facet normal 0.326404 -0.565378 -0.757501
    outer loop
      vertex -1.70829 12.3369 -0.6
      vertex -1.6458 10.7652 0.6
      vertex -2.4687 11.8979 -0.6
    endloop
  endfacet
  facet normal 0.596406 0.265541 -0.757488
    outer loop
      vertex -2.66296 7.63475 0.6
      vertex -2.42487 7.1 0.6
      vertex -3.63731 6.4 -0.6
    endloop
  endfacet
  facet normal 0.436842 0.485164 -0.757486
    outer loop
      vertex -1.6458 6.23475 0.6
      vertex -2.4687 5.10213 -0.6
      vertex -3.12121 5.68965 -0.6
    endloop
  endfacet
  facet normal -0.436842 0.485164 -0.757486
    outer loop
      vertex 3.12121 5.68965 -0.6
      vertex 2.4687 5.10213 -0.6
      vertex 1.6458 6.23475 0.6
    endloop
  endfacet
  facet normal -0.652851 0 -0.757486
    outer loop
      vertex 2.78466 8.20732 0.6
      vertex 4.17699 8.93902 -0.6
      vertex 4.17699 8.06098 -0.6
    endloop
  endfacet
  facet normal -0.652851 0 -0.757486
    outer loop
      vertex 4.17699 8.93902 -0.6
      vertex 2.78466 8.20732 0.6
      vertex 2.78466 8.79268 0.6
    endloop
  endfacet
  facet normal 0.638585 -0.135732 -0.757487
    outer loop
      vertex -3.99444 9.79787 -0.6
      vertex -2.78466 8.79268 0.6
      vertex -4.17699 8.93902 -0.6
    endloop
  endfacet
  facet normal -0.528166 0.383736 -0.757488
    outer loop
      vertex 2.42487 7.1 0.6
      vertex 3.12121 5.68965 -0.6
      vertex 2.0808 6.62643 0.6
    endloop
  endfacet
  facet normal -0.326404 -0.565378 -0.757501
    outer loop
      vertex 1.70829 12.3369 -0.6
      vertex 2.4687 11.8979 -0.6
      vertex 1.6458 10.7652 0.6
    endloop
  endfacet
  facet normal -0.326424 0.565387 -0.757486
    outer loop
      vertex 1.6458 6.23475 0.6
      vertex 1.70829 4.66311 -0.6
      vertex 1.13886 5.94207 0.6
    endloop
  endfacet
  facet normal -0.596409 0.265538 -0.757487
    outer loop
      vertex 3.99444 7.20213 -0.6
      vertex 3.63731 6.4 -0.6
      vertex 2.66296 7.63475 0.6
    endloop
  endfacet
  facet normal 0.0682562 -0.649274 -0.757486
    outer loop
      vertex 0 12.7 -0.6
      vertex -0.582152 11.2388 0.6
      vertex -0.873229 12.6082 -0.6
    endloop
  endfacet
  facet normal -0.638585 0.135732 -0.757486
    outer loop
      vertex 2.78466 8.20732 0.6
      vertex 3.99444 7.20213 -0.6
      vertex 2.66296 7.63475 0.6
    endloop
  endfacet
  facet normal 0.0682413 0.649273 -0.757487
    outer loop
      vertex -0.582152 5.76119 0.6
      vertex 0 4.3 -0.6
      vertex -0.873229 4.39178 -0.6
    endloop
  endfacet
  facet normal 0.0682452 0.649274 -0.757486
    outer loop
      vertex 0 5.7 0.6
      vertex 0 4.3 -0.6
      vertex -0.582152 5.76119 0.6
    endloop
  endfacet
  facet normal -0.638585 -0.135732 -0.757486
    outer loop
      vertex 3.99444 9.79787 -0.6
      vertex 2.78466 8.79268 0.6
      vertex 2.66296 9.36525 0.6
    endloop
  endfacet
  facet normal -0.436808 -0.485219 -0.75747
    outer loop
      vertex 3.12121 11.3103 -0.6
      vertex 2.0808 10.3736 0.6
      vertex 1.6458 10.7652 0.6
    endloop
  endfacet
  facet normal 0.0682563 -0.649274 -0.757486
    outer loop
      vertex 0 12.7 -0.6
      vertex 0 11.3 0.6
      vertex -0.582152 11.2388 0.6
    endloop
  endfacet
  facet normal -0.638585 0.135732 -0.757487
    outer loop
      vertex 4.17699 8.06098 -0.6
      vertex 3.99444 7.20213 -0.6
      vertex 2.78466 8.20732 0.6
    endloop
  endfacet
  facet normal 0.436808 -0.485219 -0.75747
    outer loop
      vertex -1.6458 10.7652 0.6
      vertex -2.0808 10.3736 0.6
      vertex -3.12121 11.3103 -0.6
    endloop
  endfacet
  facet normal -0.201736 0.620898 -0.757488
    outer loop
      vertex 1.13886 5.94207 0.6
      vertex 0.873229 4.39178 -0.6
      vertex 0.582152 5.76119 0.6
    endloop
  endfacet
  facet normal 0.201721 -0.620896 -0.757494
    outer loop
      vertex -0.873229 12.6082 -0.6
      vertex -1.13886 11.0579 0.6
      vertex -1.70829 12.3369 -0.6
    endloop
  endfacet
  facet normal 0.638585 0.135732 -0.757486
    outer loop
      vertex -2.78466 8.20732 0.6
      vertex -2.66296 7.63475 0.6
      vertex -3.99444 7.20213 -0.6
    endloop
  endfacet
  facet normal 0.326437 -0.56537 -0.757493
    outer loop
      vertex -1.13886 11.0579 0.6
      vertex -1.6458 10.7652 0.6
      vertex -1.70829 12.3369 -0.6
    endloop
  endfacet
  facet normal 0.596409 -0.265538 -0.757487
    outer loop
      vertex -3.63731 10.6 -0.6
      vertex -2.66296 9.36525 0.6
      vertex -3.99444 9.79787 -0.6
    endloop
  endfacet
  facet normal -0.596409 -0.265538 -0.757487
    outer loop
      vertex 3.63731 10.6 -0.6
      vertex 3.99444 9.79787 -0.6
      vertex 2.66296 9.36525 0.6
    endloop
  endfacet
  facet normal -0.0682562 -0.649274 -0.757486
    outer loop
      vertex 0.873229 12.6082 -0.6
      vertex 0.582152 11.2388 0.6
      vertex 0 12.7 -0.6
    endloop
  endfacet
  facet normal 0.326424 0.565387 -0.757486
    outer loop
      vertex -1.6458 6.23475 0.6
      vertex -1.13886 5.94207 0.6
      vertex -1.70829 4.66311 -0.6
    endloop
  endfacet
  facet normal -0.326437 -0.56537 -0.757493
    outer loop
      vertex 1.70829 12.3369 -0.6
      vertex 1.6458 10.7652 0.6
      vertex 1.13886 11.0579 0.6
    endloop
  endfacet
  facet normal 0.638585 -0.135732 -0.757486
    outer loop
      vertex -2.66296 9.36525 0.6
      vertex -2.78466 8.79268 0.6
      vertex -3.99444 9.79787 -0.6
    endloop
  endfacet
  facet normal 0.201736 0.620898 -0.757488
    outer loop
      vertex -0.582152 5.76119 0.6
      vertex -0.873229 4.39178 -0.6
      vertex -1.13886 5.94207 0.6
    endloop
  endfacet
  facet normal 0.528188 -0.383728 -0.757476
    outer loop
      vertex -2.0808 10.3736 0.6
      vertex -2.42487 9.9 0.6
      vertex -3.12121 11.3103 -0.6
    endloop
  endfacet
  facet normal -0.528166 0.383736 -0.757487
    outer loop
      vertex 3.63731 6.4 -0.6
      vertex 3.12121 5.68965 -0.6
      vertex 2.42487 7.1 0.6
    endloop
  endfacet
  facet normal -0.0682563 -0.649274 -0.757486
    outer loop
      vertex 0 12.7 -0.6
      vertex 0.582152 11.2388 0.6
      vertex 0 11.3 0.6
    endloop
  endfacet
  facet normal -0.201721 -0.620896 -0.757494
    outer loop
      vertex 1.70829 12.3369 -0.6
      vertex 1.13886 11.0579 0.6
      vertex 0.873229 12.6082 -0.6
    endloop
  endfacet
  facet normal -0.436866 -0.485124 -0.757498
    outer loop
      vertex 2.4687 11.8979 -0.6
      vertex 3.12121 11.3103 -0.6
      vertex 1.6458 10.7652 0.6
    endloop
  endfacet
  facet normal 0.201757 -0.620896 -0.757484
    outer loop
      vertex -0.873229 12.6082 -0.6
      vertex -0.582152 11.2388 0.6
      vertex -1.13886 11.0579 0.6
    endloop
  endfacet
  facet normal 0.652851 0 -0.757486
    outer loop
      vertex -4.17699 8.06098 -0.6
      vertex -2.78466 8.79268 0.6
      vertex -2.78466 8.20732 0.6
    endloop
  endfacet
  facet normal 0.652851 0 -0.757486
    outer loop
      vertex -2.78466 8.79268 0.6
      vertex -4.17699 8.06098 -0.6
      vertex -4.17699 8.93902 -0.6
    endloop
  endfacet
  facet normal 0.638585 0.135732 -0.757487
    outer loop
      vertex -2.78466 8.20732 0.6
      vertex -3.99444 7.20213 -0.6
      vertex -4.17699 8.06098 -0.6
    endloop
  endfacet
  facet normal -0.596406 -0.265541 -0.757488
    outer loop
      vertex 3.63731 10.6 -0.6
      vertex 2.66296 9.36525 0.6
      vertex 2.42487 9.9 0.6
    endloop
  endfacet
  facet normal 0 0 -1
    outer loop
      vertex 2.66296 7.63475 0.6
      vertex 2.78466 8.79268 0.6
      vertex 2.78466 8.20732 0.6
    endloop
  endfacet
  facet normal 0 0 -1
    outer loop
      vertex 2.66296 7.63475 0.6
      vertex 2.66296 9.36525 0.6
      vertex 2.78466 8.79268 0.6
    endloop
  endfacet
  facet normal 0 0 -1
    outer loop
      vertex 2.42487 7.1 0.6
      vertex 2.66296 9.36525 0.6
      vertex 2.66296 7.63475 0.6
    endloop
  endfacet
  facet normal 0 0 -1
    outer loop
      vertex 2.42487 7.1 0.6
      vertex 2.42487 9.9 0.6
      vertex 2.66296 9.36525 0.6
    endloop
  endfacet
  facet normal 0 0 -1
    outer loop
      vertex 2.0808 6.62643 0.6
      vertex 2.42487 9.9 0.6
      vertex 2.42487 7.1 0.6
    endloop
  endfacet
  facet normal 0 0 -1
    outer loop
      vertex 2.0808 6.62643 0.6
      vertex 2.0808 10.3736 0.6
      vertex 2.42487 9.9 0.6
    endloop
  endfacet
  facet normal 0 0 -1
    outer loop
      vertex 1.6458 6.23475 0.6
      vertex 2.0808 10.3736 0.6
      vertex 2.0808 6.62643 0.6
    endloop
  endfacet
  facet normal 0 0 -1
    outer loop
      vertex 1.6458 6.23475 0.6
      vertex 1.6458 10.7652 0.6
      vertex 2.0808 10.3736 0.6
    endloop
  endfacet
  facet normal 0 0 -1
    outer loop
      vertex 1.13886 5.94207 0.6
      vertex 1.6458 10.7652 0.6
      vertex 1.6458 6.23475 0.6
    endloop
  endfacet
  facet normal 0 0 -1
    outer loop
      vertex 1.13886 5.94207 0.6
      vertex 1.13886 11.0579 0.6
      vertex 1.6458 10.7652 0.6
    endloop
  endfacet
  facet normal 0 0 -1
    outer loop
      vertex 0.582152 5.76119 0.6
      vertex 1.13886 11.0579 0.6
      vertex 1.13886 5.94207 0.6
    endloop
  endfacet
  facet normal 0 0 -1
    outer loop
      vertex 0.582152 5.76119 0.6
      vertex 0.582152 11.2388 0.6
      vertex 1.13886 11.0579 0.6
    endloop
  endfacet
  facet normal 0 0 -1
    outer loop
      vertex 0 5.7 0.6
      vertex 0.582152 11.2388 0.6
      vertex 0.582152 5.76119 0.6
    endloop
  endfacet
  facet normal 0 0 -1
    outer loop
      vertex 0 5.7 0.6
      vertex 0 11.3 0.6
      vertex 0.582152 11.2388 0.6
    endloop
  endfacet
  facet normal 0 0 -1
    outer loop
      vertex -0.582152 5.76119 0.6
      vertex 0 11.3 0.6
      vertex 0 5.7 0.6
    endloop
  endfacet
  facet normal 0 0 -1
    outer loop
      vertex -0.582152 5.76119 0.6
      vertex -0.582152 11.2388 0.6
      vertex 0 11.3 0.6
    endloop
  endfacet
  facet normal 0 0 -1
    outer loop
      vertex -1.13886 5.94207 0.6
      vertex -0.582152 11.2388 0.6
      vertex -0.582152 5.76119 0.6
    endloop
  endfacet
  facet normal 0 0 -1
    outer loop
      vertex -1.13886 5.94207 0.6
      vertex -1.13886 11.0579 0.6
      vertex -0.582152 11.2388 0.6
    endloop
  endfacet
  facet normal 0 0 -1
    outer loop
      vertex -1.6458 6.23475 0.6
      vertex -1.13886 11.0579 0.6
      vertex -1.13886 5.94207 0.6
    endloop
  endfacet
  facet normal 0 0 -1
    outer loop
      vertex -1.6458 6.23475 0.6
      vertex -1.6458 10.7652 0.6
      vertex -1.13886 11.0579 0.6
    endloop
  endfacet
  facet normal 0 0 -1
    outer loop
      vertex -2.0808 6.62643 0.6
      vertex -1.6458 10.7652 0.6
      vertex -1.6458 6.23475 0.6
    endloop
  endfacet
  facet normal 0 0 -1
    outer loop
      vertex -2.0808 6.62643 0.6
      vertex -2.0808 10.3736 0.6
      vertex -1.6458 10.7652 0.6
    endloop
  endfacet
  facet normal 0 0 -1
    outer loop
      vertex -2.42487 7.1 0.6
      vertex -2.0808 10.3736 0.6
      vertex -2.0808 6.62643 0.6
    endloop
  endfacet
  facet normal 0 0 -1
    outer loop
      vertex -2.42487 7.1 0.6
      vertex -2.42487 9.9 0.6
      vertex -2.0808 10.3736 0.6
    endloop
  endfacet
  facet normal 0 0 -1
    outer loop
      vertex -2.66296 7.63475 0.6
      vertex -2.42487 9.9 0.6
      vertex -2.42487 7.1 0.6
    endloop
  endfacet
  facet normal 0 0 -1
    outer loop
      vertex -2.66296 7.63475 0.6
      vertex -2.66296 9.36525 0.6
      vertex -2.42487 9.9 0.6
    endloop
  endfacet
  facet normal 0 0 -1
    outer loop
      vertex -2.78466 8.20732 0.6
      vertex -2.66296 9.36525 0.6
      vertex -2.66296 7.63475 0.6
    endloop
  endfacet
  facet normal 0 0 -1
    outer loop
      vertex -2.66296 9.36525 0.6
      vertex -2.78466 8.20732 0.6
      vertex -2.78466 8.79268 0.6
    endloop
  endfacet
  facet normal 0.913548 -0.406731 0
    outer loop
      vertex -4.46996 -7.54762 -0.6
      vertex -4.07032 -6.65 -2.5
      vertex -4.07032 -6.65 -0.6
    endloop
  endfacet
  facet normal 0.913548 -0.406731 0
    outer loop
      vertex -4.07032 -6.65 -2.5
      vertex -4.46996 -7.54762 -0.6
      vertex -4.46996 -7.54762 -2.5
    endloop
  endfacet
  facet normal 0.309017 -0.951056 0
    outer loop
      vertex -1.91166 -4.70634 -2.5
      vertex -0.977184 -4.40271 -0.6
      vertex -1.91166 -4.70634 -0.6
    endloop
  endfacet
  facet normal 0.309017 -0.951056 0
    outer loop
      vertex -0.977184 -4.40271 -0.6
      vertex -1.91166 -4.70634 -2.5
      vertex -0.977184 -4.40271 -2.5
    endloop
  endfacet
  facet normal -0.30899 0.951065 0
    outer loop
      vertex 1.91166 -13.2937 -2.5
      vertex 0.977184 -13.5973 -0.6
      vertex 1.91166 -13.2937 -0.6
    endloop
  endfacet
  facet normal -0.30899 0.951065 0
    outer loop
      vertex 0.977184 -13.5973 -0.6
      vertex 1.91166 -13.2937 -2.5
      vertex 0.977184 -13.5973 -2.5
    endloop
  endfacet
  facet normal -0.104522 0.994523 0
    outer loop
      vertex 0.977184 -13.5973 -2.5
      vertex 0 -13.7 -0.6
      vertex 0.977184 -13.5973 -0.6
    endloop
  endfacet
  facet normal -0.104522 0.994523 0
    outer loop
      vertex 0 -13.7 -0.6
      vertex 0.977184 -13.5973 -2.5
      vertex 0 -13.7 -2.5
    endloop
  endfacet
  facet normal -0.500012 0.866019 0
    outer loop
      vertex 2.76259 -12.8024 -2.5
      vertex 1.91166 -13.2937 -0.6
      vertex 2.76259 -12.8024 -0.6
    endloop
  endfacet
  facet normal -0.500012 0.866019 0
    outer loop
      vertex 1.91166 -13.2937 -0.6
      vertex 2.76259 -12.8024 -2.5
      vertex 1.91166 -13.2937 -2.5
    endloop
  endfacet
  facet normal 0.809012 0.587793 0
    outer loop
      vertex -3.49278 -12.1449 -0.6
      vertex -4.07032 -11.35 -2.5
      vertex -4.07032 -11.35 -0.6
    endloop
  endfacet
  facet normal 0.809012 0.587793 0
    outer loop
      vertex -4.07032 -11.35 -2.5
      vertex -3.49278 -12.1449 -0.6
      vertex -3.49278 -12.1449 -2.5
    endloop
  endfacet
  facet normal -0.913544 0.406739 0
    outer loop
      vertex 4.07032 -11.35 -2.5
      vertex 4.46996 -10.4524 -0.6
      vertex 4.46996 -10.4524 -2.5
    endloop
  endfacet
  facet normal -0.913544 0.406739 0
    outer loop
      vertex 4.46996 -10.4524 -0.6
      vertex 4.07032 -11.35 -2.5
      vertex 4.07032 -11.35 -0.6
    endloop
  endfacet
  facet normal 0.104522 0.994523 -0
    outer loop
      vertex 0 -13.7 -2.5
      vertex -0.977184 -13.5973 -0.6
      vertex 0 -13.7 -0.6
    endloop
  endfacet
  facet normal 0.104522 0.994523 0
    outer loop
      vertex -0.977184 -13.5973 -0.6
      vertex 0 -13.7 -2.5
      vertex -0.977184 -13.5973 -2.5
    endloop
  endfacet
  facet normal -0.66915 0.743128 0
    outer loop
      vertex 3.49278 -12.1449 -2.5
      vertex 2.76259 -12.8024 -0.6
      vertex 3.49278 -12.1449 -0.6
    endloop
  endfacet
  facet normal -0.66915 0.743128 0
    outer loop
      vertex 2.76259 -12.8024 -0.6
      vertex 3.49278 -12.1449 -2.5
      vertex 2.76259 -12.8024 -2.5
    endloop
  endfacet
  facet normal -0.499996 -0.866027 0
    outer loop
      vertex 1.91166 -4.70634 -2.5
      vertex 2.76259 -5.19762 -0.6
      vertex 1.91166 -4.70634 -0.6
    endloop
  endfacet
  facet normal -0.499996 -0.866027 -0
    outer loop
      vertex 2.76259 -5.19762 -0.6
      vertex 1.91166 -4.70634 -2.5
      vertex 2.76259 -5.19762 -2.5
    endloop
  endfacet
  facet normal 0.66915 0.743128 -0
    outer loop
      vertex -2.76259 -12.8024 -2.5
      vertex -3.49278 -12.1449 -0.6
      vertex -2.76259 -12.8024 -0.6
    endloop
  endfacet
  facet normal 0.66915 0.743128 0
    outer loop
      vertex -3.49278 -12.1449 -0.6
      vertex -2.76259 -12.8024 -2.5
      vertex -3.49278 -12.1449 -2.5
    endloop
  endfacet
  facet normal -0.669133 -0.743143 0
    outer loop
      vertex 2.76259 -5.19762 -2.5
      vertex 3.49278 -5.85509 -0.6
      vertex 2.76259 -5.19762 -0.6
    endloop
  endfacet
  facet normal -0.669133 -0.743143 -0
    outer loop
      vertex 3.49278 -5.85509 -0.6
      vertex 2.76259 -5.19762 -2.5
      vertex 3.49278 -5.85509 -2.5
    endloop
  endfacet
  facet normal 0.500012 0.866019 -0
    outer loop
      vertex -1.91166 -13.2937 -2.5
      vertex -2.76259 -12.8024 -0.6
      vertex -1.91166 -13.2937 -0.6
    endloop
  endfacet
  facet normal 0.500012 0.866019 0
    outer loop
      vertex -2.76259 -12.8024 -0.6
      vertex -1.91166 -13.2937 -2.5
      vertex -2.76259 -12.8024 -2.5
    endloop
  endfacet
  facet normal -0.809015 -0.587788 0
    outer loop
      vertex 4.07032 -6.65 -2.5
      vertex 3.49278 -5.85509 -0.6
      vertex 3.49278 -5.85509 -2.5
    endloop
  endfacet
  facet normal -0.809015 -0.587788 0
    outer loop
      vertex 3.49278 -5.85509 -0.6
      vertex 4.07032 -6.65 -2.5
      vertex 4.07032 -6.65 -0.6
    endloop
  endfacet
  facet normal 0.30899 0.951065 -0
    outer loop
      vertex -0.977184 -13.5973 -2.5
      vertex -1.91166 -13.2937 -0.6
      vertex -0.977184 -13.5973 -0.6
    endloop
  endfacet
  facet normal 0.30899 0.951065 0
    outer loop
      vertex -1.91166 -13.2937 -0.6
      vertex -0.977184 -13.5973 -2.5
      vertex -1.91166 -13.2937 -2.5
    endloop
  endfacet
  facet normal -1 0 0
    outer loop
      vertex 4.67425 -9.49128 -2.5
      vertex 4.67425 -8.50872 -0.6
      vertex 4.67425 -8.50872 -2.5
    endloop
  endfacet
  facet normal -1 -0 0
    outer loop
      vertex 4.67425 -8.50872 -0.6
      vertex 4.67425 -9.49128 -2.5
      vertex 4.67425 -9.49128 -0.6
    endloop
  endfacet
  facet normal 0.809015 -0.587788 0
    outer loop
      vertex -4.07032 -6.65 -0.6
      vertex -3.49278 -5.85509 -2.5
      vertex -3.49278 -5.85509 -0.6
    endloop
  endfacet
  facet normal 0.809015 -0.587788 0
    outer loop
      vertex -3.49278 -5.85509 -2.5
      vertex -4.07032 -6.65 -0.6
      vertex -4.07032 -6.65 -2.5
    endloop
  endfacet
  facet normal 0.499996 -0.866027 0
    outer loop
      vertex -2.76259 -5.19762 -2.5
      vertex -1.91166 -4.70634 -0.6
      vertex -2.76259 -5.19762 -0.6
    endloop
  endfacet
  facet normal 0.499996 -0.866027 0
    outer loop
      vertex -1.91166 -4.70634 -0.6
      vertex -2.76259 -5.19762 -2.5
      vertex -1.91166 -4.70634 -2.5
    endloop
  endfacet
  facet normal -0.913548 -0.406731 0
    outer loop
      vertex 4.46996 -7.54762 -2.5
      vertex 4.07032 -6.65 -0.6
      vertex 4.07032 -6.65 -2.5
    endloop
  endfacet
  facet normal -0.913548 -0.406731 0
    outer loop
      vertex 4.07032 -6.65 -0.6
      vertex 4.46996 -7.54762 -2.5
      vertex 4.46996 -7.54762 -0.6
    endloop
  endfacet
  facet normal 0.104532 -0.994521 0
    outer loop
      vertex -0.977184 -4.40271 -2.5
      vertex 0 -4.3 -0.6
      vertex -0.977184 -4.40271 -0.6
    endloop
  endfacet
  facet normal 0.104532 -0.994521 0
    outer loop
      vertex 0 -4.3 -0.6
      vertex -0.977184 -4.40271 -2.5
      vertex 0 -4.3 -2.5
    endloop
  endfacet
  facet normal 0.669133 -0.743143 0
    outer loop
      vertex -3.49278 -5.85509 -2.5
      vertex -2.76259 -5.19762 -0.6
      vertex -3.49278 -5.85509 -0.6
    endloop
  endfacet
  facet normal 0.669133 -0.743143 0
    outer loop
      vertex -2.76259 -5.19762 -0.6
      vertex -3.49278 -5.85509 -2.5
      vertex -2.76259 -5.19762 -2.5
    endloop
  endfacet
  facet normal 0.978148 0.207909 0
    outer loop
      vertex -4.46996 -10.4524 -0.6
      vertex -4.67425 -9.49128 -2.5
      vertex -4.67425 -9.49128 -0.6
    endloop
  endfacet
  facet normal 0.978148 0.207909 0
    outer loop
      vertex -4.67425 -9.49128 -2.5
      vertex -4.46996 -10.4524 -0.6
      vertex -4.46996 -10.4524 -2.5
    endloop
  endfacet
  facet normal -0.104532 -0.994521 0
    outer loop
      vertex 0 -4.3 -2.5
      vertex 0.977184 -4.40271 -0.6
      vertex 0 -4.3 -0.6
    endloop
  endfacet
  facet normal -0.104532 -0.994521 -0
    outer loop
      vertex 0.977184 -4.40271 -0.6
      vertex 0 -4.3 -2.5
      vertex 0.977184 -4.40271 -2.5
    endloop
  endfacet
  facet normal -0.978148 0.207909 0
    outer loop
      vertex 4.46996 -10.4524 -2.5
      vertex 4.67425 -9.49128 -0.6
      vertex 4.67425 -9.49128 -2.5
    endloop
  endfacet
  facet normal -0.978148 0.207909 0
    outer loop
      vertex 4.67425 -9.49128 -0.6
      vertex 4.46996 -10.4524 -2.5
      vertex 4.46996 -10.4524 -0.6
    endloop
  endfacet
  facet normal -0.809012 0.587793 0
    outer loop
      vertex 3.49278 -12.1449 -2.5
      vertex 4.07032 -11.35 -0.6
      vertex 4.07032 -11.35 -2.5
    endloop
  endfacet
  facet normal -0.809012 0.587793 0
    outer loop
      vertex 4.07032 -11.35 -0.6
      vertex 3.49278 -12.1449 -2.5
      vertex 3.49278 -12.1449 -0.6
    endloop
  endfacet
  facet normal -0.978147 -0.207914 0
    outer loop
      vertex 4.67425 -8.50872 -2.5
      vertex 4.46996 -7.54762 -0.6
      vertex 4.46996 -7.54762 -2.5
    endloop
  endfacet
  facet normal -0.978147 -0.207914 0
    outer loop
      vertex 4.46996 -7.54762 -0.6
      vertex 4.67425 -8.50872 -2.5
      vertex 4.67425 -8.50872 -0.6
    endloop
  endfacet
  facet normal 0.913544 0.406739 0
    outer loop
      vertex -4.07032 -11.35 -0.6
      vertex -4.46996 -10.4524 -2.5
      vertex -4.46996 -10.4524 -0.6
    endloop
  endfacet
  facet normal 0.913544 0.406739 0
    outer loop
      vertex -4.46996 -10.4524 -2.5
      vertex -4.07032 -11.35 -0.6
      vertex -4.07032 -11.35 -2.5
    endloop
  endfacet
  facet normal 1 -0 0
    outer loop
      vertex -4.67425 -9.49128 -0.6
      vertex -4.67425 -8.50872 -2.5
      vertex -4.67425 -8.50872 -0.6
    endloop
  endfacet
  facet normal 1 0 0
    outer loop
      vertex -4.67425 -8.50872 -2.5
      vertex -4.67425 -9.49128 -0.6
      vertex -4.67425 -9.49128 -2.5
    endloop
  endfacet
  facet normal 0.978147 -0.207914 0
    outer loop
      vertex -4.67425 -8.50872 -0.6
      vertex -4.46996 -7.54762 -2.5
      vertex -4.46996 -7.54762 -0.6
    endloop
  endfacet
  facet normal 0.978147 -0.207914 0
    outer loop
      vertex -4.46996 -7.54762 -2.5
      vertex -4.67425 -8.50872 -0.6
      vertex -4.67425 -8.50872 -2.5
    endloop
  endfacet
  facet normal -0.309017 -0.951056 0
    outer loop
      vertex 0.977184 -4.40271 -2.5
      vertex 1.91166 -4.70634 -0.6
      vertex 0.977184 -4.40271 -0.6
    endloop
  endfacet
  facet normal -0.309017 -0.951056 -0
    outer loop
      vertex 1.91166 -4.70634 -0.6
      vertex 0.977184 -4.40271 -2.5
      vertex 1.91166 -4.70634 -2.5
    endloop
  endfacet
  facet normal -0.0637805 -0.606838 -0.792262
    outer loop
      vertex 0 -4.3 -0.6
      vertex 0.651456 -5.93514 0.6
      vertex 0 -5.86667 0.6
    endloop
  endfacet
  facet normal -0.305094 0.528421 -0.792268
    outer loop
      vertex 1.91166 -13.2937 -0.6
      vertex 1.84173 -11.5349 0.6
      vertex 2.76259 -12.8024 -0.6
    endloop
  endfacet
  facet normal -0.305064 0.528427 -0.792276
    outer loop
      vertex 1.84173 -11.5349 0.6
      vertex 1.91166 -13.2937 -0.6
      vertex 1.27444 -11.8624 0.6
    endloop
  endfacet
  facet normal 0.493646 -0.35866 -0.792261
    outer loop
      vertex -2.32852 -6.90339 0.6
      vertex -2.71355 -7.43333 0.6
      vertex -4.07032 -6.65 -0.6
    endloop
  endfacet
  facet normal -0.0637148 0.606833 -0.792271
    outer loop
      vertex 0 -12.1333 0.6
      vertex 0.651456 -12.0649 0.6
      vertex 0 -13.7 -0.6
    endloop
  endfacet
  facet normal -0.0637784 0.606847 -0.792256
    outer loop
      vertex 0.651456 -12.0649 0.6
      vertex 0.977184 -13.5973 -0.6
      vertex 0 -13.7 -0.6
    endloop
  endfacet
  facet normal 0.493644 0.35866 -0.792261
    outer loop
      vertex -2.32852 -11.0966 0.6
      vertex -3.49278 -12.1449 -0.6
      vertex -4.07032 -11.35 -0.6
    endloop
  endfacet
  facet normal -0.493646 -0.35866 -0.792261
    outer loop
      vertex 4.07032 -6.65 -0.6
      vertex 2.71355 -7.43333 0.6
      vertex 2.32852 -6.90339 0.6
    endloop
  endfacet
  facet normal -0.557428 0.248184 -0.792262
    outer loop
      vertex 4.46996 -10.4524 -0.6
      vertex 4.07032 -11.35 -0.6
      vertex 2.97998 -9.96825 0.6
    endloop
  endfacet
  facet normal 0.596849 -0.126865 -0.79226
    outer loop
      vertex -4.46996 -7.54762 -0.6
      vertex -2.97998 -8.03175 0.6
      vertex -4.67425 -8.50872 -0.6
    endloop
  endfacet
  facet normal -0.188557 -0.580317 -0.792261
    outer loop
      vertex 1.91166 -4.70634 -0.6
      vertex 1.27444 -6.13756 0.6
      vertex 0.651456 -5.93514 0.6
    endloop
  endfacet
  facet normal 0.596849 0.126863 -0.792261
    outer loop
      vertex -2.97998 -9.96825 0.6
      vertex -4.46996 -10.4524 -0.6
      vertex -4.67425 -9.49128 -0.6
    endloop
  endfacet
  facet normal -0.493637 0.358681 -0.792256
    outer loop
      vertex 2.71355 -10.5667 0.6
      vertex 4.07032 -11.35 -0.6
      vertex 2.32852 -11.0966 0.6
    endloop
  endfacet
  facet normal 0.408293 -0.453453 -0.792261
    outer loop
      vertex -1.84173 -6.46508 0.6
      vertex -2.32852 -6.90339 0.6
      vertex -2.76259 -5.19762 -0.6
    endloop
  endfacet
  facet normal 0.188557 -0.580317 -0.792261
    outer loop
      vertex -0.651456 -5.93514 0.6
      vertex -1.27444 -6.13756 0.6
      vertex -1.91166 -4.70634 -0.6
    endloop
  endfacet
  facet normal 0.408282 0.453451 -0.792267
    outer loop
      vertex -2.32852 -11.0966 0.6
      vertex -1.84173 -11.5349 0.6
      vertex -2.76259 -12.8024 -0.6
    endloop
  endfacet
  facet normal 0.596849 -0.126863 -0.792261
    outer loop
      vertex -2.97998 -8.03175 0.6
      vertex -3.11617 -8.67248 0.6
      vertex -4.67425 -8.50872 -0.6
    endloop
  endfacet
  facet normal -0.408282 0.453451 -0.792267
    outer loop
      vertex 2.32852 -11.0966 0.6
      vertex 2.76259 -12.8024 -0.6
      vertex 1.84173 -11.5349 0.6
    endloop
  endfacet
  facet normal 0.557439 0.248172 -0.792258
    outer loop
      vertex -2.97998 -9.96825 0.6
      vertex -2.71355 -10.5667 0.6
      vertex -4.07032 -11.35 -0.6
    endloop
  endfacet
  facet normal -0.596849 -0.126863 -0.792261
    outer loop
      vertex 4.67425 -8.50872 -0.6
      vertex 3.11617 -8.67248 0.6
      vertex 2.97998 -8.03175 0.6
    endloop
  endfacet
  facet normal -0.408303 0.453443 -0.792262
    outer loop
      vertex 3.49278 -12.1449 -0.6
      vertex 2.76259 -12.8024 -0.6
      vertex 2.32852 -11.0966 0.6
    endloop
  endfacet
  facet normal 0.305087 -0.528435 -0.792262
    outer loop
      vertex -1.84173 -6.46508 0.6
      vertex -1.91166 -4.70634 -0.6
      vertex -1.27444 -6.13756 0.6
    endloop
  endfacet
  facet normal 0.305089 -0.528434 -0.792261
    outer loop
      vertex -1.91166 -4.70634 -0.6
      vertex -1.84173 -6.46508 0.6
      vertex -2.76259 -5.19762 -0.6
    endloop
  endfacet
  facet normal 0.188557 -0.580317 -0.792261
    outer loop
      vertex -0.977184 -4.40271 -0.6
      vertex -0.651456 -5.93514 0.6
      vertex -1.91166 -4.70634 -0.6
    endloop
  endfacet
  facet normal 0.0637837 -0.606839 -0.792262
    outer loop
      vertex 0 -4.3 -0.6
      vertex -0.651456 -5.93514 0.6
      vertex -0.977184 -4.40271 -0.6
    endloop
  endfacet
  facet normal 0.557431 -0.248181 -0.792261
    outer loop
      vertex -2.71355 -7.43333 0.6
      vertex -2.97998 -8.03175 0.6
      vertex -4.07032 -6.65 -0.6
    endloop
  endfacet
  facet normal -0.305089 -0.528434 -0.792261
    outer loop
      vertex 1.84173 -6.46508 0.6
      vertex 1.91166 -4.70634 -0.6
      vertex 2.76259 -5.19762 -0.6
    endloop
  endfacet
  facet normal -0.305087 -0.528435 -0.792262
    outer loop
      vertex 1.91166 -4.70634 -0.6
      vertex 1.84173 -6.46508 0.6
      vertex 1.27444 -6.13756 0.6
    endloop
  endfacet
  facet normal -0.188617 0.580273 -0.792279
    outer loop
      vertex 1.27444 -11.8624 0.6
      vertex 1.91166 -13.2937 -0.6
      vertex 0.651456 -12.0649 0.6
    endloop
  endfacet
  facet normal -0.188542 0.580328 -0.792257
    outer loop
      vertex 1.91166 -13.2937 -0.6
      vertex 0.977184 -13.5973 -0.6
      vertex 0.651456 -12.0649 0.6
    endloop
  endfacet
  facet normal 0.305064 0.528427 -0.792276
    outer loop
      vertex -1.91166 -13.2937 -0.6
      vertex -1.84173 -11.5349 0.6
      vertex -1.27444 -11.8624 0.6
    endloop
  endfacet
  facet normal 0.305094 0.528421 -0.792268
    outer loop
      vertex -1.84173 -11.5349 0.6
      vertex -1.91166 -13.2937 -0.6
      vertex -2.76259 -12.8024 -0.6
    endloop
  endfacet
  facet normal 0.493637 0.358681 -0.792256
    outer loop
      vertex -2.71355 -10.5667 0.6
      vertex -2.32852 -11.0966 0.6
      vertex -4.07032 -11.35 -0.6
    endloop
  endfacet
  facet normal -0.596849 -0.126865 -0.79226
    outer loop
      vertex 4.46996 -7.54762 -0.6
      vertex 4.67425 -8.50872 -0.6
      vertex 2.97998 -8.03175 0.6
    endloop
  endfacet
  facet normal -0.493646 -0.358658 -0.792261
    outer loop
      vertex 3.49278 -5.85509 -0.6
      vertex 4.07032 -6.65 -0.6
      vertex 2.32852 -6.90339 0.6
    endloop
  endfacet
  facet normal 0.557431 -0.24818 -0.792261
    outer loop
      vertex -4.07032 -6.65 -0.6
      vertex -2.97998 -8.03175 0.6
      vertex -4.46996 -7.54762 -0.6
    endloop
  endfacet
  facet normal 0.188542 0.580328 -0.792257
    outer loop
      vertex -0.651456 -12.0649 0.6
      vertex -0.977184 -13.5973 -0.6
      vertex -1.91166 -13.2937 -0.6
    endloop
  endfacet
  facet normal 0.408293 -0.453452 -0.792261
    outer loop
      vertex -2.76259 -5.19762 -0.6
      vertex -2.32852 -6.90339 0.6
      vertex -3.49278 -5.85509 -0.6
    endloop
  endfacet
  facet normal -0.557431 -0.24818 -0.792261
    outer loop
      vertex 4.07032 -6.65 -0.6
      vertex 4.46996 -7.54762 -0.6
      vertex 2.97998 -8.03175 0.6
    endloop
  endfacet
  facet normal -0.557439 0.248172 -0.792258
    outer loop
      vertex 2.97998 -9.96825 0.6
      vertex 4.07032 -11.35 -0.6
      vertex 2.71355 -10.5667 0.6
    endloop
  endfacet
  facet normal 0.493646 -0.358658 -0.792261
    outer loop
      vertex -3.49278 -5.85509 -0.6
      vertex -2.32852 -6.90339 0.6
      vertex -4.07032 -6.65 -0.6
    endloop
  endfacet
  facet normal -0.408293 -0.453453 -0.792261
    outer loop
      vertex 2.76259 -5.19762 -0.6
      vertex 2.32852 -6.90339 0.6
      vertex 1.84173 -6.46508 0.6
    endloop
  endfacet
  facet normal 0.0637784 0.606847 -0.792256
    outer loop
      vertex -0.651456 -12.0649 0.6
      vertex 0 -13.7 -0.6
      vertex -0.977184 -13.5973 -0.6
    endloop
  endfacet
  facet normal 0.0637148 0.606833 -0.792271
    outer loop
      vertex 0 -12.1333 0.6
      vertex 0 -13.7 -0.6
      vertex -0.651456 -12.0649 0.6
    endloop
  endfacet
  facet normal -0.493644 0.35866 -0.792261
    outer loop
      vertex 4.07032 -11.35 -0.6
      vertex 3.49278 -12.1449 -0.6
      vertex 2.32852 -11.0966 0.6
    endloop
  endfacet
  facet normal -0.596849 0.126863 -0.792261
    outer loop
      vertex 3.11617 -9.32752 0.6
      vertex 4.67425 -9.49128 -0.6
      vertex 2.97998 -9.96825 0.6
    endloop
  endfacet
  facet normal 0.0637805 -0.606838 -0.792262
    outer loop
      vertex 0 -4.3 -0.6
      vertex 0 -5.86667 0.6
      vertex -0.651456 -5.93514 0.6
    endloop
  endfacet
  facet normal -0.557431 -0.248181 -0.792261
    outer loop
      vertex 4.07032 -6.65 -0.6
      vertex 2.97998 -8.03175 0.6
      vertex 2.71355 -7.43333 0.6
    endloop
  endfacet
  facet normal 0.408303 0.453443 -0.792262
    outer loop
      vertex -2.32852 -11.0966 0.6
      vertex -2.76259 -12.8024 -0.6
      vertex -3.49278 -12.1449 -0.6
    endloop
  endfacet
  facet normal -0.0637837 -0.606839 -0.792262
    outer loop
      vertex 0.977184 -4.40271 -0.6
      vertex 0.651456 -5.93514 0.6
      vertex 0 -4.3 -0.6
    endloop
  endfacet
  facet normal -0.188557 -0.580317 -0.792261
    outer loop
      vertex 0.977184 -4.40271 -0.6
      vertex 1.91166 -4.70634 -0.6
      vertex 0.651456 -5.93514 0.6
    endloop
  endfacet
  facet normal -0.610182 0 -0.792261
    outer loop
      vertex 3.11617 -9.32752 0.6
      vertex 4.67425 -8.50872 -0.6
      vertex 4.67425 -9.49128 -0.6
    endloop
  endfacet
  facet normal -0.610182 0 -0.792261
    outer loop
      vertex 4.67425 -8.50872 -0.6
      vertex 3.11617 -9.32752 0.6
      vertex 3.11617 -8.67248 0.6
    endloop
  endfacet
  facet normal 0.557428 0.248184 -0.792262
    outer loop
      vertex -2.97998 -9.96825 0.6
      vertex -4.07032 -11.35 -0.6
      vertex -4.46996 -10.4524 -0.6
    endloop
  endfacet
  facet normal 0.188617 0.580273 -0.792279
    outer loop
      vertex -1.27444 -11.8624 0.6
      vertex -0.651456 -12.0649 0.6
      vertex -1.91166 -13.2937 -0.6
    endloop
  endfacet
  facet normal -0.596849 0.126863 -0.792261
    outer loop
      vertex 4.67425 -9.49128 -0.6
      vertex 4.46996 -10.4524 -0.6
      vertex 2.97998 -9.96825 0.6
    endloop
  endfacet
  facet normal -0.408293 -0.453452 -0.792261
    outer loop
      vertex 2.76259 -5.19762 -0.6
      vertex 3.49278 -5.85509 -0.6
      vertex 2.32852 -6.90339 0.6
    endloop
  endfacet
  facet normal 0.596849 0.126863 -0.792261
    outer loop
      vertex -3.11617 -9.32752 0.6
      vertex -2.97998 -9.96825 0.6
      vertex -4.67425 -9.49128 -0.6
    endloop
  endfacet
  facet normal 0.610182 0 -0.792261
    outer loop
      vertex -4.67425 -9.49128 -0.6
      vertex -3.11617 -8.67248 0.6
      vertex -3.11617 -9.32752 0.6
    endloop
  endfacet
  facet normal 0.610182 0 -0.792261
    outer loop
      vertex -3.11617 -8.67248 0.6
      vertex -4.67425 -9.49128 -0.6
      vertex -4.67425 -8.50872 -0.6
    endloop
  endfacet
  facet normal 0 0 -1
    outer loop
      vertex 2.97998 -9.96825 0.6
      vertex 3.11617 -8.67248 0.6
      vertex 3.11617 -9.32752 0.6
    endloop
  endfacet
  facet normal 0 0 -1
    outer loop
      vertex 2.97998 -9.96825 0.6
      vertex 2.97998 -8.03175 0.6
      vertex 3.11617 -8.67248 0.6
    endloop
  endfacet
  facet normal 0 0 -1
    outer loop
      vertex 2.71355 -10.5667 0.6
      vertex 2.97998 -8.03175 0.6
      vertex 2.97998 -9.96825 0.6
    endloop
  endfacet
  facet normal 0 0 -1
    outer loop
      vertex 2.71355 -10.5667 0.6
      vertex 2.71355 -7.43333 0.6
      vertex 2.97998 -8.03175 0.6
    endloop
  endfacet
  facet normal 0 0 -1
    outer loop
      vertex 2.32852 -11.0966 0.6
      vertex 2.71355 -7.43333 0.6
      vertex 2.71355 -10.5667 0.6
    endloop
  endfacet
  facet normal 0 0 -1
    outer loop
      vertex 2.32852 -11.0966 0.6
      vertex 2.32852 -6.90339 0.6
      vertex 2.71355 -7.43333 0.6
    endloop
  endfacet
  facet normal 0 0 -1
    outer loop
      vertex 1.84173 -11.5349 0.6
      vertex 2.32852 -6.90339 0.6
      vertex 2.32852 -11.0966 0.6
    endloop
  endfacet
  facet normal 0 0 -1
    outer loop
      vertex 1.84173 -11.5349 0.6
      vertex 1.84173 -6.46508 0.6
      vertex 2.32852 -6.90339 0.6
    endloop
  endfacet
  facet normal 0 0 -1
    outer loop
      vertex 1.27444 -11.8624 0.6
      vertex 1.84173 -6.46508 0.6
      vertex 1.84173 -11.5349 0.6
    endloop
  endfacet
  facet normal 0 0 -1
    outer loop
      vertex 1.27444 -11.8624 0.6
      vertex 1.27444 -6.13756 0.6
      vertex 1.84173 -6.46508 0.6
    endloop
  endfacet
  facet normal 0 0 -1
    outer loop
      vertex 0.651456 -12.0649 0.6
      vertex 1.27444 -6.13756 0.6
      vertex 1.27444 -11.8624 0.6
    endloop
  endfacet
  facet normal 0 0 -1
    outer loop
      vertex 0.651456 -12.0649 0.6
      vertex 0.651456 -5.93514 0.6
      vertex 1.27444 -6.13756 0.6
    endloop
  endfacet
  facet normal 0 0 -1
    outer loop
      vertex 0 -12.1333 0.6
      vertex 0.651456 -5.93514 0.6
      vertex 0.651456 -12.0649 0.6
    endloop
  endfacet
  facet normal 0 0 -1
    outer loop
      vertex 0 -12.1333 0.6
      vertex 0 -5.86667 0.6
      vertex 0.651456 -5.93514 0.6
    endloop
  endfacet
  facet normal 0 0 -1
    outer loop
      vertex -0.651456 -12.0649 0.6
      vertex 0 -5.86667 0.6
      vertex 0 -12.1333 0.6
    endloop
  endfacet
  facet normal 0 0 -1
    outer loop
      vertex -0.651456 -12.0649 0.6
      vertex -0.651456 -5.93514 0.6
      vertex 0 -5.86667 0.6
    endloop
  endfacet
  facet normal 0 0 -1
    outer loop
      vertex -1.27444 -11.8624 0.6
      vertex -0.651456 -5.93514 0.6
      vertex -0.651456 -12.0649 0.6
    endloop
  endfacet
  facet normal 0 0 -1
    outer loop
      vertex -1.27444 -11.8624 0.6
      vertex -1.27444 -6.13756 0.6
      vertex -0.651456 -5.93514 0.6
    endloop
  endfacet
  facet normal 0 0 -1
    outer loop
      vertex -1.84173 -11.5349 0.6
      vertex -1.27444 -6.13756 0.6
      vertex -1.27444 -11.8624 0.6
    endloop
  endfacet
  facet normal 0 0 -1
    outer loop
      vertex -1.84173 -11.5349 0.6
      vertex -1.84173 -6.46508 0.6
      vertex -1.27444 -6.13756 0.6
    endloop
  endfacet
  facet normal 0 0 -1
    outer loop
      vertex -2.32852 -11.0966 0.6
      vertex -1.84173 -6.46508 0.6
      vertex -1.84173 -11.5349 0.6
    endloop
  endfacet
  facet normal 0 0 -1
    outer loop
      vertex -2.32852 -11.0966 0.6
      vertex -2.32852 -6.90339 0.6
      vertex -1.84173 -6.46508 0.6
    endloop
  endfacet
  facet normal 0 0 -1
    outer loop
      vertex -2.71355 -10.5667 0.6
      vertex -2.32852 -6.90339 0.6
      vertex -2.32852 -11.0966 0.6
    endloop
  endfacet
  facet normal 0 0 -1
    outer loop
      vertex -2.71355 -10.5667 0.6
      vertex -2.71355 -7.43333 0.6
      vertex -2.32852 -6.90339 0.6
    endloop
  endfacet
  facet normal 0 0 -1
    outer loop
      vertex -2.97998 -9.96825 0.6
      vertex -2.71355 -7.43333 0.6
      vertex -2.71355 -10.5667 0.6
    endloop
  endfacet
  facet normal 0 0 -1
    outer loop
      vertex -2.97998 -9.96825 0.6
      vertex -2.97998 -8.03175 0.6
      vertex -2.71355 -7.43333 0.6
    endloop
  endfacet
  facet normal 0 0 -1
    outer loop
      vertex -3.11617 -9.32752 0.6
      vertex -2.97998 -8.03175 0.6
      vertex -2.97998 -9.96825 0.6
    endloop
  endfacet
  facet normal 0 0 -1
    outer loop
      vertex -2.97998 -8.03175 0.6
      vertex -3.11617 -9.32752 0.6
      vertex -3.11617 -8.67248 0.6
    endloop
  endfacet
endsolid OpenSCAD_Model
