solid OpenSCAD_Model
  facet normal 0 0 1
    outer loop
      vertex 1.84288 -9.85464 2.5
      vertex 0.658844 -14.55 2.5
      vertex 1.84288 -14.55 2.5
    endloop
  endfacet
  facet normal 0 0 1
    outer loop
      vertex 0 -4.05967 2.5
      vertex 2.96176 -8.58523 2.5
      vertex 10.2 -7.35 2.5
    endloop
  endfacet
  facet normal 0 0 1
    outer loop
      vertex 2.96176 -8.58523 2.5
      vertex 0 -4.05967 2.5
      vertex 1.15529 -8.58523 2.5
    endloop
  endfacet
  facet normal 0 0 1
    outer loop
      vertex -0.997086 -8.58523 2.5
      vertex 1.15529 -8.58523 2.5
      vertex 0 -4.05967 2.5
    endloop
  endfacet
  facet normal 0 0 1
    outer loop
      vertex 1.15529 -8.58523 2.5
      vertex -0.997086 -8.58523 2.5
      vertex 0.0851746 -12.6539 2.5
    endloop
  endfacet
  facet normal 0 0 1
    outer loop
      vertex 0 -4.05967 2.5
      vertex -2.79955 -8.58523 2.5
      vertex -0.997086 -8.58523 2.5
    endloop
  endfacet
  facet normal 0 0 1
    outer loop
      vertex -2.79955 -8.58523 2.5
      vertex -10.2 -7.35 2.5
      vertex -2.79955 -14.55 2.5
    endloop
  endfacet
  facet normal -0 0 1
    outer loop
      vertex -10.2 -7.35 2.5
      vertex -2.79955 -8.58523 2.5
      vertex 0 -4.05967 2.5
    endloop
  endfacet
  facet normal 0 0 1
    outer loop
      vertex 10.2 -7.35 2.5
      vertex 13.2 1.89497 2.5
      vertex 10.2 0.65 2.5
    endloop
  endfacet
  facet normal 0 0 1
    outer loop
      vertex 2.63567 7.47226 2.5
      vertex 10.2 0.65 2.5
      vertex 13.2 1.89497 2.5
    endloop
  endfacet
  facet normal 0 0 1
    outer loop
      vertex 10.2 0.65 2.5
      vertex 2.63567 7.47226 2.5
      vertex 2.65193 4.97404 2.5
    endloop
  endfacet
  facet normal 0 0 1
    outer loop
      vertex 13.2 1.89497 2.5
      vertex 2.52124 7.80946 2.5
      vertex 2.63567 7.47226 2.5
    endloop
  endfacet
  facet normal 0 0 1
    outer loop
      vertex 13.2 1.89497 2.5
      vertex 2.38139 8.10495 2.5
      vertex 2.52124 7.80946 2.5
    endloop
  endfacet
  facet normal 0 0 1
    outer loop
      vertex 13.2 1.89497 2.5
      vertex 2.21608 8.35873 2.5
      vertex 2.38139 8.10495 2.5
    endloop
  endfacet
  facet normal 0 0 1
    outer loop
      vertex 1.52588e-05 14.6167 2.5
      vertex 2.21608 8.35873 2.5
      vertex 13.2 1.89497 2.5
    endloop
  endfacet
  facet normal 0 0 1
    outer loop
      vertex 2.21608 8.35873 2.5
      vertex 1.52588e-05 14.6167 2.5
      vertex 2.02534 8.5708 2.5
    endloop
  endfacet
  facet normal 0 0 1
    outer loop
      vertex 2.02534 8.5708 2.5
      vertex 1.52588e-05 14.6167 2.5
      vertex 1.6579 8.85383 2.5
    endloop
  endfacet
  facet normal 0 0 1
    outer loop
      vertex 1.52588e-05 14.6167 2.5
      vertex 1.23907 9.056 2.5
      vertex 1.6579 8.85383 2.5
    endloop
  endfacet
  facet normal 0 0 1
    outer loop
      vertex 1.52588e-05 14.6167 2.5
      vertex 0.768875 9.17729 2.5
      vertex 1.23907 9.056 2.5
    endloop
  endfacet
  facet normal 0 0 1
    outer loop
      vertex 1.52588e-05 14.6167 2.5
      vertex 0.247299 9.21772 2.5
      vertex 0.768875 9.17729 2.5
    endloop
  endfacet
  facet normal 0 0 1
    outer loop
      vertex 1.52588e-05 14.6167 2.5
      vertex -0.348999 9.16623 2.5
      vertex 0.247299 9.21772 2.5
    endloop
  endfacet
  facet normal 0 0 1
    outer loop
      vertex 1.52588e-05 14.6167 2.5
      vertex -0.884796 9.01175 2.5
      vertex -0.348999 9.16623 2.5
    endloop
  endfacet
  facet normal 0 0 1
    outer loop
      vertex 1.52588e-05 14.6167 2.5
      vertex -1.36009 8.75427 2.5
      vertex -0.884796 9.01175 2.5
    endloop
  endfacet
  facet normal 0 0 1
    outer loop
      vertex 1.52588e-05 14.6167 2.5
      vertex -1.77486 8.3938 2.5
      vertex -1.36009 8.75427 2.5
    endloop
  endfacet
  facet normal 0 0 1
    outer loop
      vertex 1.52588e-05 14.6167 2.5
      vertex -2.11128 7.94026 2.5
      vertex -1.77486 8.3938 2.5
    endloop
  endfacet
  facet normal 0 0 1
    outer loop
      vertex -13.2 1.89497 2.5
      vertex -2.11128 7.94026 2.5
      vertex 1.52588e-05 14.6167 2.5
    endloop
  endfacet
  facet normal 0 0 1
    outer loop
      vertex -2.49576 6.78373 2.5
      vertex -10.2 0.65 2.5
      vertex -2.54382 6.08075 2.5
    endloop
  endfacet
  facet normal 0 0 1
    outer loop
      vertex -13.2 1.89497 2.5
      vertex -2.49576 6.78373 2.5
      vertex -2.35158 7.40358 2.5
    endloop
  endfacet
  facet normal 0 0 1
    outer loop
      vertex -2.11128 7.94026 2.5
      vertex -13.2 1.89497 2.5
      vertex -2.35158 7.40358 2.5
    endloop
  endfacet
  facet normal 0 0 1
    outer loop
      vertex -10.2 0.65 2.5
      vertex -13.2 1.89497 2.5
      vertex -10.2 -7.35 2.5
    endloop
  endfacet
  facet normal 0 0 1
    outer loop
      vertex -2.49576 6.78373 2.5
      vertex -13.2 1.89497 2.5
      vertex -10.2 0.65 2.5
    endloop
  endfacet
  facet normal 0 0 1
    outer loop
      vertex 14.4 -16.05 2.5
      vertex 15 2.75 2.5
      vertex 14.4 2.14999 2.5
    endloop
  endfacet
  facet normal 0 0 1
    outer loop
      vertex 15 2.75 2.5
      vertex 14.3879 2.26976 2.5
      vertex 14.4 2.14999 2.5
    endloop
  endfacet
  facet normal 0 0 1
    outer loop
      vertex 15 2.75 2.5
      vertex 14.3522 2.3847 2.5
      vertex 14.3879 2.26976 2.5
    endloop
  endfacet
  facet normal 0 0 1
    outer loop
      vertex 15 2.75 2.5
      vertex 14.2942 2.4902 2.5
      vertex 14.3522 2.3847 2.5
    endloop
  endfacet
  facet normal 0 0 1
    outer loop
      vertex 15 2.75 2.5
      vertex 14.2163 2.58203 2.5
      vertex 14.2942 2.4902 2.5
    endloop
  endfacet
  facet normal 0 0 1
    outer loop
      vertex 15 2.75 2.5
      vertex 0.416351 15.882 2.5
      vertex 14.2163 2.58203 2.5
    endloop
  endfacet
  facet normal 0 0 1
    outer loop
      vertex 0 17.25 2.5
      vertex 0.416351 15.882 2.5
      vertex 15 2.75 2.5
    endloop
  endfacet
  facet normal 0 0 1
    outer loop
      vertex 0 17.25 2.5
      vertex 0.312485 15.9622 2.5
      vertex 0.416351 15.882 2.5
    endloop
  endfacet
  facet normal 0 0 1
    outer loop
      vertex 0 17.25 2.5
      vertex 0.19368 16.0179 2.5
      vertex 0.312485 15.9622 2.5
    endloop
  endfacet
  facet normal 0 0 1
    outer loop
      vertex 0 17.25 2.5
      vertex 0.0655975 16.0464 2.5
      vertex 0.19368 16.0179 2.5
    endloop
  endfacet
  facet normal 0 0 1
    outer loop
      vertex 0 17.25 2.5
      vertex -0.0655975 16.0464 2.5
      vertex 0.0655975 16.0464 2.5
    endloop
  endfacet
  facet normal 0 0 1
    outer loop
      vertex 0 17.25 2.5
      vertex -0.19368 16.0179 2.5
      vertex -0.0655975 16.0464 2.5
    endloop
  endfacet
  facet normal 0 0 1
    outer loop
      vertex 0 17.25 2.5
      vertex -0.312485 15.9622 2.5
      vertex -0.19368 16.0179 2.5
    endloop
  endfacet
  facet normal 0 0 1
    outer loop
      vertex 0 17.25 2.5
      vertex -0.416382 15.882 2.5
      vertex -0.312485 15.9622 2.5
    endloop
  endfacet
  facet normal 0 0 1
    outer loop
      vertex -15 2.75 2.5
      vertex -0.416382 15.882 2.5
      vertex 0 17.25 2.5
    endloop
  endfacet
  facet normal 0 0 1
    outer loop
      vertex -14.4 2.14999 2.5
      vertex -15 2.75 2.5
      vertex -14.4 -16.05 2.5
    endloop
  endfacet
  facet normal 0 0 1
    outer loop
      vertex -14.3879 2.26976 2.5
      vertex -15 2.75 2.5
      vertex -14.4 2.14999 2.5
    endloop
  endfacet
  facet normal 0 0 1
    outer loop
      vertex -14.3522 2.3847 2.5
      vertex -15 2.75 2.5
      vertex -14.3879 2.26976 2.5
    endloop
  endfacet
  facet normal 0 0 1
    outer loop
      vertex -14.2942 2.4902 2.5
      vertex -15 2.75 2.5
      vertex -14.3522 2.3847 2.5
    endloop
  endfacet
  facet normal 0 0 1
    outer loop
      vertex -14.2164 2.582 2.5
      vertex -15 2.75 2.5
      vertex -14.2942 2.4902 2.5
    endloop
  endfacet
  facet normal 0 0 1
    outer loop
      vertex -0.416382 15.882 2.5
      vertex -15 2.75 2.5
      vertex -14.2164 2.582 2.5
    endloop
  endfacet
  facet normal 0 0 1
    outer loop
      vertex 15 2.75 2.5
      vertex 14.4 -16.05 2.5
      vertex 15 -17.25 2.5
    endloop
  endfacet
  facet normal -0 0 1
    outer loop
      vertex 14.3869 -16.1747 2.5
      vertex 15 -17.25 2.5
      vertex 14.4 -16.05 2.5
    endloop
  endfacet
  facet normal -0 0 1
    outer loop
      vertex 14.3481 -16.294 2.5
      vertex 15 -17.25 2.5
      vertex 14.3869 -16.1747 2.5
    endloop
  endfacet
  facet normal -0 0 1
    outer loop
      vertex 14.2854 -16.4027 2.5
      vertex 15 -17.25 2.5
      vertex 14.3481 -16.294 2.5
    endloop
  endfacet
  facet normal -0 0 1
    outer loop
      vertex 14.2015 -16.4959 2.5
      vertex 15 -17.25 2.5
      vertex 14.2854 -16.4027 2.5
    endloop
  endfacet
  facet normal -0 0 1
    outer loop
      vertex 14.1 -16.5696 2.5
      vertex 15 -17.25 2.5
      vertex 14.2015 -16.4959 2.5
    endloop
  endfacet
  facet normal -0 0 1
    outer loop
      vertex 13.9854 -16.6206 2.5
      vertex 15 -17.25 2.5
      vertex 14.1 -16.5696 2.5
    endloop
  endfacet
  facet normal -0 0 1
    outer loop
      vertex 13.8627 -16.6467 2.5
      vertex 15 -17.25 2.5
      vertex 13.9854 -16.6206 2.5
    endloop
  endfacet
  facet normal -0 0 1
    outer loop
      vertex 13.7373 -16.6467 2.5
      vertex 15 -17.25 2.5
      vertex 13.8627 -16.6467 2.5
    endloop
  endfacet
  facet normal 0 0 1
    outer loop
      vertex 13.6146 -16.6206 2.5
      vertex 15 -17.25 2.5
      vertex 13.7373 -16.6467 2.5
    endloop
  endfacet
  facet normal 0 0 1
    outer loop
      vertex 2.96176 -14.55 2.5
      vertex 13.6146 -16.6206 2.5
      vertex 13.5 -16.5696 2.5
    endloop
  endfacet
  facet normal 0 0 1
    outer loop
      vertex 13.2 1.89497 2.5
      vertex 10.2 -7.35 2.5
      vertex 13.2 -16.05 2.5
    endloop
  endfacet
  facet normal -0 0 1
    outer loop
      vertex 2.96176 -14.55 2.5
      vertex 13.2 -16.05 2.5
      vertex 10.2 -7.35 2.5
    endloop
  endfacet
  facet normal 0 0 1
    outer loop
      vertex 13.2 -16.05 2.5
      vertex 2.96176 -14.55 2.5
      vertex 13.2131 -16.1747 2.5
    endloop
  endfacet
  facet normal 0 0 1
    outer loop
      vertex 2.96176 -14.55 2.5
      vertex 10.2 -7.35 2.5
      vertex 2.96176 -8.58523 2.5
    endloop
  endfacet
  facet normal 0 0 1
    outer loop
      vertex 13.2131 -16.1747 2.5
      vertex 2.96176 -14.55 2.5
      vertex 13.2519 -16.294 2.5
    endloop
  endfacet
  facet normal 0 0 1
    outer loop
      vertex 13.2519 -16.294 2.5
      vertex 2.96176 -14.55 2.5
      vertex 13.3146 -16.4027 2.5
    endloop
  endfacet
  facet normal 0 0 1
    outer loop
      vertex 13.3146 -16.4027 2.5
      vertex 2.96176 -14.55 2.5
      vertex 13.3985 -16.4959 2.5
    endloop
  endfacet
  facet normal 0 0 1
    outer loop
      vertex 2.96176 -14.55 2.5
      vertex 13.5 -16.5696 2.5
      vertex 13.3985 -16.4959 2.5
    endloop
  endfacet
  facet normal 0 0 1
    outer loop
      vertex 13.6146 -16.6206 2.5
      vertex 2.96176 -14.55 2.5
      vertex 15 -17.25 2.5
    endloop
  endfacet
  facet normal -0 0 1
    outer loop
      vertex 1.84288 -14.55 2.5
      vertex 15 -17.25 2.5
      vertex 2.96176 -14.55 2.5
    endloop
  endfacet
  facet normal -0 0 1
    outer loop
      vertex 0.658844 -14.55 2.5
      vertex 15 -17.25 2.5
      vertex 1.84288 -14.55 2.5
    endloop
  endfacet
  facet normal -0 0 1
    outer loop
      vertex -0.500702 -14.55 2.5
      vertex 15 -17.25 2.5
      vertex 0.658844 -14.55 2.5
    endloop
  endfacet
  facet normal 0 0 1
    outer loop
      vertex -1.68066 -14.55 2.5
      vertex -0.500702 -14.55 2.5
      vertex -1.68066 -9.85464 2.5
    endloop
  endfacet
  facet normal 0 0 1
    outer loop
      vertex -15 -17.25 2.5
      vertex -0.500702 -14.55 2.5
      vertex -1.68066 -14.55 2.5
    endloop
  endfacet
  facet normal 0 0 1
    outer loop
      vertex -15 -17.25 2.5
      vertex -1.68066 -14.55 2.5
      vertex -2.79955 -14.55 2.5
    endloop
  endfacet
  facet normal 0 0 1
    outer loop
      vertex -13.2 -16.05 2.5
      vertex -10.2 -7.35 2.5
      vertex -13.2 1.89497 2.5
    endloop
  endfacet
  facet normal 0 0 1
    outer loop
      vertex -13.2 -16.05 2.5
      vertex -2.79955 -14.55 2.5
      vertex -10.2 -7.35 2.5
    endloop
  endfacet
  facet normal 0 0 1
    outer loop
      vertex -13.2131 -16.1747 2.5
      vertex -2.79955 -14.55 2.5
      vertex -13.2 -16.05 2.5
    endloop
  endfacet
  facet normal 0 0 1
    outer loop
      vertex -13.2519 -16.294 2.5
      vertex -2.79955 -14.55 2.5
      vertex -13.2131 -16.1747 2.5
    endloop
  endfacet
  facet normal 0 0 1
    outer loop
      vertex -13.3146 -16.4027 2.5
      vertex -2.79955 -14.55 2.5
      vertex -13.2519 -16.294 2.5
    endloop
  endfacet
  facet normal 0 0 1
    outer loop
      vertex -13.3985 -16.4959 2.5
      vertex -2.79955 -14.55 2.5
      vertex -13.3146 -16.4027 2.5
    endloop
  endfacet
  facet normal 0 0 1
    outer loop
      vertex -13.5 -16.5696 2.5
      vertex -2.79955 -14.55 2.5
      vertex -13.3985 -16.4959 2.5
    endloop
  endfacet
  facet normal 0 0 1
    outer loop
      vertex -13.6146 -16.6206 2.5
      vertex -2.79955 -14.55 2.5
      vertex -13.5 -16.5696 2.5
    endloop
  endfacet
  facet normal 0 0 1
    outer loop
      vertex -15 -17.25 2.5
      vertex -2.79955 -14.55 2.5
      vertex -13.6146 -16.6206 2.5
    endloop
  endfacet
  facet normal 0 0 1
    outer loop
      vertex -15 -17.25 2.5
      vertex -13.6146 -16.6206 2.5
      vertex -13.7373 -16.6467 2.5
    endloop
  endfacet
  facet normal 0 0 1
    outer loop
      vertex -15 -17.25 2.5
      vertex -13.7373 -16.6467 2.5
      vertex -13.8627 -16.6467 2.5
    endloop
  endfacet
  facet normal 0 0 1
    outer loop
      vertex -0.500702 -14.55 2.5
      vertex -15 -17.25 2.5
      vertex 15 -17.25 2.5
    endloop
  endfacet
  facet normal 0 0 1
    outer loop
      vertex -13.9854 -16.6206 2.5
      vertex -15 -17.25 2.5
      vertex -13.8627 -16.6467 2.5
    endloop
  endfacet
  facet normal 0 0 1
    outer loop
      vertex -14.1 -16.5696 2.5
      vertex -15 -17.25 2.5
      vertex -13.9854 -16.6206 2.5
    endloop
  endfacet
  facet normal 0 0 1
    outer loop
      vertex -14.2015 -16.4959 2.5
      vertex -15 -17.25 2.5
      vertex -14.1 -16.5696 2.5
    endloop
  endfacet
  facet normal 0 0 1
    outer loop
      vertex -14.2854 -16.4027 2.5
      vertex -15 -17.25 2.5
      vertex -14.2015 -16.4959 2.5
    endloop
  endfacet
  facet normal 0 0 1
    outer loop
      vertex -14.3481 -16.294 2.5
      vertex -15 -17.25 2.5
      vertex -14.2854 -16.4027 2.5
    endloop
  endfacet
  facet normal 0 0 1
    outer loop
      vertex -14.3869 -16.1747 2.5
      vertex -15 -17.25 2.5
      vertex -14.3481 -16.294 2.5
    endloop
  endfacet
  facet normal 0 0 1
    outer loop
      vertex -14.4 -16.05 2.5
      vertex -15 -17.25 2.5
      vertex -14.3869 -16.1747 2.5
    endloop
  endfacet
  facet normal 0 0 1
    outer loop
      vertex -15 -17.25 2.5
      vertex -14.4 -16.05 2.5
      vertex -15 2.75 2.5
    endloop
  endfacet
  facet normal -0 0 1
    outer loop
      vertex 2.49542 4.51719 2.5
      vertex 10.2 0.65 2.5
      vertex 2.65193 4.97404 2.5
    endloop
  endfacet
  facet normal -0 0 1
    outer loop
      vertex 2.2944 4.12317 2.5
      vertex 10.2 0.65 2.5
      vertex 2.49542 4.51719 2.5
    endloop
  endfacet
  facet normal -0 0 1
    outer loop
      vertex 2.04887 3.79194 2.5
      vertex 10.2 0.65 2.5
      vertex 2.2944 4.12317 2.5
    endloop
  endfacet
  facet normal -0 0 1
    outer loop
      vertex 1.75882 3.52354 2.5
      vertex 10.2 0.65 2.5
      vertex 2.04887 3.79194 2.5
    endloop
  endfacet
  facet normal 0 0 1
    outer loop
      vertex 0 -2.64033 2.5
      vertex 1.75882 3.52354 2.5
      vertex 1.42558 3.31617 2.5
    endloop
  endfacet
  facet normal 0 0 1
    outer loop
      vertex 0 -2.64033 2.5
      vertex 1.42558 3.31617 2.5
      vertex 1.05037 3.16804 2.5
    endloop
  endfacet
  facet normal 0 0 1
    outer loop
      vertex 0 -2.64033 2.5
      vertex 1.05037 3.16804 2.5
      vertex 0.633224 3.07917 2.5
    endloop
  endfacet
  facet normal 0 0 1
    outer loop
      vertex 0 -2.64033 2.5
      vertex 0.633224 3.07917 2.5
      vertex 0.174103 3.04956 2.5
    endloop
  endfacet
  facet normal 0 0 1
    outer loop
      vertex 1.75882 3.52354 2.5
      vertex 0 -2.64033 2.5
      vertex 10.2 0.65 2.5
    endloop
  endfacet
  facet normal 0 0 1
    outer loop
      vertex -0.393494 3.10028 2.5
      vertex 0 -2.64033 2.5
      vertex 0.174103 3.04956 2.5
    endloop
  endfacet
  facet normal 0 0 1
    outer loop
      vertex -0.908203 3.25247 2.5
      vertex 0 -2.64033 2.5
      vertex -0.393494 3.10028 2.5
    endloop
  endfacet
  facet normal 0 0 1
    outer loop
      vertex -1.37003 3.50611 2.5
      vertex 0 -2.64033 2.5
      vertex -0.908203 3.25247 2.5
    endloop
  endfacet
  facet normal 0 0 1
    outer loop
      vertex -10.2 0.65 2.5
      vertex -1.37003 3.50611 2.5
      vertex -1.77893 3.86122 2.5
    endloop
  endfacet
  facet normal 0 0 1
    outer loop
      vertex -10.2 0.65 2.5
      vertex -1.77893 3.86122 2.5
      vertex -2.11357 4.30435 2.5
    endloop
  endfacet
  facet normal 0 0 1
    outer loop
      vertex -10.2 0.65 2.5
      vertex -2.11357 4.30435 2.5
      vertex -2.3526 4.82197 2.5
    endloop
  endfacet
  facet normal 0 0 1
    outer loop
      vertex -1.37003 3.50611 2.5
      vertex -10.2 0.65 2.5
      vertex 0 -2.64033 2.5
    endloop
  endfacet
  facet normal 0 0 1
    outer loop
      vertex -2.49602 5.4141 2.5
      vertex -10.2 0.65 2.5
      vertex -2.3526 4.82197 2.5
    endloop
  endfacet
  facet normal 0 0 1
    outer loop
      vertex -10.2 0.65 2.5
      vertex -2.49602 5.4141 2.5
      vertex -2.54382 6.08075 2.5
    endloop
  endfacet
  facet normal 0 0 1
    outer loop
      vertex 2.63567 7.47226 2.5
      vertex 1.48421 5.3443 2.5
      vertex 2.65193 4.97404 2.5
    endloop
  endfacet
  facet normal -0 0 1
    outer loop
      vertex 1.44353 7.18744 2.5
      vertex 1.48421 5.3443 2.5
      vertex 2.63567 7.47226 2.5
    endloop
  endfacet
  facet normal -0 0 1
    outer loop
      vertex -1.30284 6.17027 2.5
      vertex 1.48421 5.3443 2.5
      vertex 1.44353 7.18744 2.5
    endloop
  endfacet
  facet normal 0 0 1
    outer loop
      vertex 0.186279 8.18837 2.5
      vertex 1.44353 7.18744 2.5
      vertex 1.37627 7.40716 2.5
    endloop
  endfacet
  facet normal -0 -0 1
    outer loop
      vertex -1.2774 5.64538 2.5
      vertex 1.48421 5.3443 2.5
      vertex -1.30284 6.17027 2.5
    endloop
  endfacet
  facet normal 0 0 1
    outer loop
      vertex 0.417313 8.17158 2.5
      vertex 1.37627 7.40716 2.5
      vertex 1.28027 7.60246 2.5
    endloop
  endfacet
  facet normal 0 0 1
    outer loop
      vertex 0.417313 8.17158 2.5
      vertex 1.28027 7.60246 2.5
      vertex 1.15553 7.77334 2.5
    endloop
  endfacet
  facet normal 0 -0 1
    outer loop
      vertex -1.20113 5.20189 2.5
      vertex 1.48421 5.3443 2.5
      vertex -1.2774 5.64538 2.5
    endloop
  endfacet
  facet normal 0 0 1
    outer loop
      vertex 0.417313 8.17158 2.5
      vertex 1.15553 7.77334 2.5
      vertex 1.00204 7.9198 2.5
    endloop
  endfacet
  facet normal 0 0 1
    outer loop
      vertex 1.48421 5.3443 2.5
      vertex -1.20113 5.20189 2.5
      vertex 1.39673 5.03863 2.5
    endloop
  endfacet
  facet normal 0 0 1
    outer loop
      vertex 0.417313 8.17158 2.5
      vertex 1.00204 7.9198 2.5
      vertex 0.825195 8.0373 2.5
    endloop
  endfacet
  facet normal 0 -0 1
    outer loop
      vertex -1.07397 4.83976 2.5
      vertex 1.39673 5.03863 2.5
      vertex -1.20113 5.20189 2.5
    endloop
  endfacet
  facet normal 0 0 1
    outer loop
      vertex 0.417313 8.17158 2.5
      vertex 0.825195 8.0373 2.5
      vertex 0.63028 8.12123 2.5
    endloop
  endfacet
  facet normal 0 0 1
    outer loop
      vertex 1.39673 5.03863 2.5
      vertex -1.07397 4.83976 2.5
      vertex 1.28484 4.7767 2.5
    endloop
  endfacet
  facet normal 0 0 1
    outer loop
      vertex 1.37627 7.40716 2.5
      vertex 0.417313 8.17158 2.5
      vertex 0.186279 8.18837 2.5
    endloop
  endfacet
  facet normal 0 -0 1
    outer loop
      vertex -0.148361 4.10891 2.5
      vertex 1.28484 4.7767 2.5
      vertex -1.07397 4.83976 2.5
    endloop
  endfacet
  facet normal -0 0 1
    outer loop
      vertex -0.129654 8.15861 2.5
      vertex 1.44353 7.18744 2.5
      vertex 0.186279 8.18837 2.5
    endloop
  endfacet
  facet normal 0 0 1
    outer loop
      vertex 1.28484 4.7767 2.5
      vertex 0.161865 4.0789 2.5
      vertex 1.14854 4.55851 2.5
    endloop
  endfacet
  facet normal 0 0 1
    outer loop
      vertex 1.44353 7.18744 2.5
      vertex -0.129654 8.15861 2.5
      vertex -1.07054 7.43744 2.5
    endloop
  endfacet
  facet normal 0 0 1
    outer loop
      vertex 1.14854 4.55851 2.5
      vertex 0.161865 4.0789 2.5
      vertex 0.987823 4.38406 2.5
    endloop
  endfacet
  facet normal 0 0 1
    outer loop
      vertex -1.07054 7.43744 2.5
      vertex -0.129654 8.15861 2.5
      vertex -0.414322 8.06935 2.5
    endloop
  endfacet
  facet normal 0 0 1
    outer loop
      vertex 0.987823 4.38406 2.5
      vertex 0.161865 4.0789 2.5
      vertex 0.806519 4.25056 2.5
    endloop
  endfacet
  facet normal 0 0 1
    outer loop
      vertex -1.07054 7.43744 2.5
      vertex -0.414322 8.06935 2.5
      vertex -0.667725 7.92059 2.5
    endloop
  endfacet
  facet normal 0 0 1
    outer loop
      vertex 0.806519 4.25056 2.5
      vertex 0.393539 4.09797 2.5
      vertex 0.608414 4.15519 2.5
    endloop
  endfacet
  facet normal 0 0 1
    outer loop
      vertex -1.07054 7.43744 2.5
      vertex -0.667725 7.92059 2.5
      vertex -0.889862 7.71232 2.5
    endloop
  endfacet
  facet normal 0 -0 1
    outer loop
      vertex 0.393539 4.09797 2.5
      vertex 0.806519 4.25056 2.5
      vertex 0.161865 4.0789 2.5
    endloop
  endfacet
  facet normal 0 0 1
    outer loop
      vertex 1.44353 7.18744 2.5
      vertex -1.07054 7.43744 2.5
      vertex -1.1996 7.08879 2.5
    endloop
  endfacet
  facet normal 0 0 1
    outer loop
      vertex 1.28484 4.7767 2.5
      vertex -0.148361 4.10891 2.5
      vertex 0.161865 4.0789 2.5
    endloop
  endfacet
  facet normal 0 0 1
    outer loop
      vertex 1.44353 7.18744 2.5
      vertex -1.1996 7.08879 2.5
      vertex -1.27702 6.66639 2.5
    endloop
  endfacet
  facet normal 0 0 1
    outer loop
      vertex -0.148361 4.10891 2.5
      vertex -1.07397 4.83976 2.5
      vertex -0.428085 4.19893 2.5
    endloop
  endfacet
  facet normal 0 0 1
    outer loop
      vertex 1.44353 7.18744 2.5
      vertex -1.27702 6.66639 2.5
      vertex -1.30284 6.17027 2.5
    endloop
  endfacet
  facet normal 0 0 1
    outer loop
      vertex -0.428085 4.19893 2.5
      vertex -1.07397 4.83976 2.5
      vertex -0.677292 4.34896 2.5
    endloop
  endfacet
  facet normal 0 0 1
    outer loop
      vertex -0.677292 4.34896 2.5
      vertex -1.07397 4.83976 2.5
      vertex -0.895981 4.55902 2.5
    endloop
  endfacet
  facet normal -0 0 1
    outer loop
      vertex 0 -2.64033 3.2
      vertex 10.2 -7.35 3.2
      vertex 10.2 0.65 3.2
    endloop
  endfacet
  facet normal 0 0 1
    outer loop
      vertex 0 -2.64033 3.2
      vertex 0 -4.05967 3.2
      vertex 10.2 -7.35 3.2
    endloop
  endfacet
  facet normal 0 0 1
    outer loop
      vertex -10.2 0.65 3.2
      vertex 0 -4.05967 3.2
      vertex 0 -2.64033 3.2
    endloop
  endfacet
  facet normal 0 0 1
    outer loop
      vertex 0 -4.05967 3.2
      vertex -10.2 0.65 3.2
      vertex -10.2 -7.35 3.2
    endloop
  endfacet
  facet normal -0.307003 0.951708 0
    outer loop
      vertex 10.2 0.65 2.5
      vertex 0 -2.64033 3.2
      vertex 10.2 0.65 3.2
    endloop
  endfacet
  facet normal -0.307003 0.951708 0
    outer loop
      vertex 0 -2.64033 3.2
      vertex 10.2 0.65 2.5
      vertex 0 -2.64033 2.5
    endloop
  endfacet
  facet normal 0.307003 0.951708 -0
    outer loop
      vertex 0 -2.64033 2.5
      vertex -10.2 0.65 3.2
      vertex 0 -2.64033 3.2
    endloop
  endfacet
  facet normal 0.307003 0.951708 0
    outer loop
      vertex -10.2 0.65 3.2
      vertex 0 -2.64033 2.5
      vertex -10.2 0.65 2.5
    endloop
  endfacet
  facet normal -1 0 0
    outer loop
      vertex -10.2 -7.35 2.5
      vertex -10.2 0.65 3.2
      vertex -10.2 0.65 2.5
    endloop
  endfacet
  facet normal -1 -0 0
    outer loop
      vertex -10.2 0.65 3.2
      vertex -10.2 -7.35 2.5
      vertex -10.2 -7.35 3.2
    endloop
  endfacet
  facet normal 0.307003 -0.951708 0
    outer loop
      vertex -10.2 -7.35 2.5
      vertex 0 -4.05967 3.2
      vertex -10.2 -7.35 3.2
    endloop
  endfacet
  facet normal 0.307003 -0.951708 0
    outer loop
      vertex 0 -4.05967 3.2
      vertex -10.2 -7.35 2.5
      vertex 0 -4.05967 2.5
    endloop
  endfacet
  facet normal -0.307003 -0.951708 0
    outer loop
      vertex 0 -4.05967 2.5
      vertex 10.2 -7.35 3.2
      vertex 0 -4.05967 3.2
    endloop
  endfacet
  facet normal -0.307003 -0.951708 -0
    outer loop
      vertex 10.2 -7.35 3.2
      vertex 0 -4.05967 2.5
      vertex 10.2 -7.35 2.5
    endloop
  endfacet
  facet normal 1 -0 0
    outer loop
      vertex 10.2 -7.35 3.2
      vertex 10.2 0.65 2.5
      vertex 10.2 0.65 3.2
    endloop
  endfacet
  facet normal 1 0 0
    outer loop
      vertex 10.2 0.65 2.5
      vertex 10.2 -7.35 3.2
      vertex 10.2 -7.35 2.5
    endloop
  endfacet
  facet normal 0 0 1
    outer loop
      vertex 1.37627 7.40716 3.2
      vertex 2.52124 7.80946 3.2
      vertex 2.38139 8.10495 3.2
    endloop
  endfacet
  facet normal 0 0 1
    outer loop
      vertex 1.28027 7.60246 3.2
      vertex 2.38139 8.10495 3.2
      vertex 2.21608 8.35873 3.2
    endloop
  endfacet
  facet normal 0 0 1
    outer loop
      vertex 1.15553 7.77334 3.2
      vertex 2.21608 8.35873 3.2
      vertex 2.02534 8.5708 3.2
    endloop
  endfacet
  facet normal 0 0 1
    outer loop
      vertex 1.15553 7.77334 3.2
      vertex 2.02534 8.5708 3.2
      vertex 1.6579 8.85383 3.2
    endloop
  endfacet
  facet normal 0 0 1
    outer loop
      vertex 2.38139 8.10495 3.2
      vertex 1.28027 7.60246 3.2
      vertex 1.37627 7.40716 3.2
    endloop
  endfacet
  facet normal 0 0 1
    outer loop
      vertex 2.52124 7.80946 3.2
      vertex 1.44353 7.18744 3.2
      vertex 2.63567 7.47226 3.2
    endloop
  endfacet
  facet normal 0 -0 1
    outer loop
      vertex 1.44353 7.18744 3.2
      vertex 2.52124 7.80946 3.2
      vertex 1.37627 7.40716 3.2
    endloop
  endfacet
  facet normal 0 0 1
    outer loop
      vertex 0.825195 8.0373 3.2
      vertex 1.6579 8.85383 3.2
      vertex 1.23907 9.056 3.2
    endloop
  endfacet
  facet normal 0 0 1
    outer loop
      vertex 2.21608 8.35873 3.2
      vertex 1.15553 7.77334 3.2
      vertex 1.28027 7.60246 3.2
    endloop
  endfacet
  facet normal 0 0 1
    outer loop
      vertex 1.6579 8.85383 3.2
      vertex 1.00204 7.9198 3.2
      vertex 1.15553 7.77334 3.2
    endloop
  endfacet
  facet normal 0 0 1
    outer loop
      vertex 1.6579 8.85383 3.2
      vertex 0.825195 8.0373 3.2
      vertex 1.00204 7.9198 3.2
    endloop
  endfacet
  facet normal 0 0 1
    outer loop
      vertex 0.63028 8.12123 3.2
      vertex 1.23907 9.056 3.2
      vertex 0.768875 9.17729 3.2
    endloop
  endfacet
  facet normal 0 0 1
    outer loop
      vertex 1.23907 9.056 3.2
      vertex 0.63028 8.12123 3.2
      vertex 0.825195 8.0373 3.2
    endloop
  endfacet
  facet normal 0 0 1
    outer loop
      vertex 0.768875 9.17729 3.2
      vertex 0.417313 8.17158 3.2
      vertex 0.63028 8.12123 3.2
    endloop
  endfacet
  facet normal 0 0 1
    outer loop
      vertex 0.247299 9.21772 3.2
      vertex 0.417313 8.17158 3.2
      vertex 0.768875 9.17729 3.2
    endloop
  endfacet
  facet normal 0 0 1
    outer loop
      vertex 0.247299 9.21772 3.2
      vertex 0.186279 8.18837 3.2
      vertex 0.417313 8.17158 3.2
    endloop
  endfacet
  facet normal -0 0 1
    outer loop
      vertex -0.348999 9.16623 3.2
      vertex 0.186279 8.18837 3.2
      vertex 0.247299 9.21772 3.2
    endloop
  endfacet
  facet normal 0 0 1
    outer loop
      vertex 0.186279 8.18837 3.2
      vertex -0.348999 9.16623 3.2
      vertex -0.129654 8.15861 3.2
    endloop
  endfacet
  facet normal 0 0 1
    outer loop
      vertex -0.348999 9.16623 3.2
      vertex -0.414322 8.06935 3.2
      vertex -0.129654 8.15861 3.2
    endloop
  endfacet
  facet normal -0 0 1
    outer loop
      vertex -0.884796 9.01175 3.2
      vertex -0.414322 8.06935 3.2
      vertex -0.348999 9.16623 3.2
    endloop
  endfacet
  facet normal 0 0 1
    outer loop
      vertex -0.414322 8.06935 3.2
      vertex -0.884796 9.01175 3.2
      vertex -0.667725 7.92059 3.2
    endloop
  endfacet
  facet normal -0 0 1
    outer loop
      vertex -1.36009 8.75427 3.2
      vertex -0.667725 7.92059 3.2
      vertex -0.884796 9.01175 3.2
    endloop
  endfacet
  facet normal 0 0 1
    outer loop
      vertex -0.667725 7.92059 3.2
      vertex -1.36009 8.75427 3.2
      vertex -0.889862 7.71232 3.2
    endloop
  endfacet
  facet normal -0 0 1
    outer loop
      vertex -1.77486 8.3938 3.2
      vertex -0.889862 7.71232 3.2
      vertex -1.36009 8.75427 3.2
    endloop
  endfacet
  facet normal 0 0 1
    outer loop
      vertex -0.889862 7.71232 3.2
      vertex -1.77486 8.3938 3.2
      vertex -1.07054 7.43744 3.2
    endloop
  endfacet
  facet normal 0 0 1
    outer loop
      vertex -1.07054 7.43744 3.2
      vertex -2.11128 7.94026 3.2
      vertex -1.1996 7.08879 3.2
    endloop
  endfacet
  facet normal -0 0 1
    outer loop
      vertex -2.11128 7.94026 3.2
      vertex -1.07054 7.43744 3.2
      vertex -1.77486 8.3938 3.2
    endloop
  endfacet
  facet normal 0 0 1
    outer loop
      vertex 1.39673 5.03863 3.2
      vertex 2.49542 4.51719 3.2
      vertex 2.65193 4.97404 3.2
    endloop
  endfacet
  facet normal -0 0 1
    outer loop
      vertex 1.28484 4.7767 3.2
      vertex 2.49542 4.51719 3.2
      vertex 1.39673 5.03863 3.2
    endloop
  endfacet
  facet normal -0 0 1
    outer loop
      vertex 1.14854 4.55851 3.2
      vertex 2.2944 4.12317 3.2
      vertex 1.28484 4.7767 3.2
    endloop
  endfacet
  facet normal -0 0 1
    outer loop
      vertex 1.39673 5.03863 3.2
      vertex 2.65193 4.97404 3.2
      vertex 1.48421 5.3443 3.2
    endloop
  endfacet
  facet normal 0 0 1
    outer loop
      vertex 2.49542 4.51719 3.2
      vertex 1.28484 4.7767 3.2
      vertex 2.2944 4.12317 3.2
    endloop
  endfacet
  facet normal 0 0 1
    outer loop
      vertex 2.2944 4.12317 3.2
      vertex 1.14854 4.55851 3.2
      vertex 2.04887 3.79194 3.2
    endloop
  endfacet
  facet normal 0 0 1
    outer loop
      vertex 2.04887 3.79194 3.2
      vertex 1.14854 4.55851 3.2
      vertex 1.75882 3.52354 3.2
    endloop
  endfacet
  facet normal -0 0 1
    outer loop
      vertex 0.987823 4.38406 3.2
      vertex 1.75882 3.52354 3.2
      vertex 1.14854 4.55851 3.2
    endloop
  endfacet
  facet normal 0 0 1
    outer loop
      vertex 1.75882 3.52354 3.2
      vertex 0.987823 4.38406 3.2
      vertex 1.42558 3.31617 3.2
    endloop
  endfacet
  facet normal -0 0 1
    outer loop
      vertex 0.806519 4.25056 3.2
      vertex 1.42558 3.31617 3.2
      vertex 0.987823 4.38406 3.2
    endloop
  endfacet
  facet normal 0 0 1
    outer loop
      vertex 1.42558 3.31617 3.2
      vertex 0.806519 4.25056 3.2
      vertex 1.05037 3.16804 3.2
    endloop
  endfacet
  facet normal -0 0 1
    outer loop
      vertex 0.608414 4.15519 3.2
      vertex 1.05037 3.16804 3.2
      vertex 0.806519 4.25056 3.2
    endloop
  endfacet
  facet normal 0 0 1
    outer loop
      vertex 1.05037 3.16804 3.2
      vertex 0.608414 4.15519 3.2
      vertex 0.633224 3.07917 3.2
    endloop
  endfacet
  facet normal -0 0 1
    outer loop
      vertex 0.393539 4.09797 3.2
      vertex 0.633224 3.07917 3.2
      vertex 0.608414 4.15519 3.2
    endloop
  endfacet
  facet normal 0 0 1
    outer loop
      vertex 0.393539 4.09797 3.2
      vertex 0.174103 3.04956 3.2
      vertex 0.633224 3.07917 3.2
    endloop
  endfacet
  facet normal -0 0 1
    outer loop
      vertex 0.161865 4.0789 3.2
      vertex 0.174103 3.04956 3.2
      vertex 0.393539 4.09797 3.2
    endloop
  endfacet
  facet normal 0 0 1
    outer loop
      vertex -0.148361 4.10891 3.2
      vertex 0.174103 3.04956 3.2
      vertex 0.161865 4.0789 3.2
    endloop
  endfacet
  facet normal 0 0 1
    outer loop
      vertex -0.148361 4.10891 3.2
      vertex -0.393494 3.10028 3.2
      vertex 0.174103 3.04956 3.2
    endloop
  endfacet
  facet normal 0 0 1
    outer loop
      vertex -0.428085 4.19893 3.2
      vertex -0.393494 3.10028 3.2
      vertex -0.148361 4.10891 3.2
    endloop
  endfacet
  facet normal 0 0 1
    outer loop
      vertex -0.908203 3.25247 3.2
      vertex -0.428085 4.19893 3.2
      vertex -0.677292 4.34896 3.2
    endloop
  endfacet
  facet normal 0 0 1
    outer loop
      vertex -1.37003 3.50611 3.2
      vertex -0.677292 4.34896 3.2
      vertex -0.895981 4.55902 3.2
    endloop
  endfacet
  facet normal 0 0 1
    outer loop
      vertex -0.428085 4.19893 3.2
      vertex -0.908203 3.25247 3.2
      vertex -0.393494 3.10028 3.2
    endloop
  endfacet
  facet normal 0 0 1
    outer loop
      vertex -1.77893 3.86122 3.2
      vertex -0.895981 4.55902 3.2
      vertex -1.07397 4.83976 3.2
    endloop
  endfacet
  facet normal 0 0 1
    outer loop
      vertex -2.3526 4.82197 3.2
      vertex -1.07397 4.83976 3.2
      vertex -1.20113 5.20189 3.2
    endloop
  endfacet
  facet normal -0 0 1
    outer loop
      vertex -2.49602 5.4141 3.2
      vertex -1.20113 5.20189 3.2
      vertex -1.2774 5.64538 3.2
    endloop
  endfacet
  facet normal 0 0 1
    outer loop
      vertex -0.677292 4.34896 3.2
      vertex -1.37003 3.50611 3.2
      vertex -0.908203 3.25247 3.2
    endloop
  endfacet
  facet normal -0 0 1
    outer loop
      vertex -2.54382 6.08075 3.2
      vertex -1.2774 5.64538 3.2
      vertex -1.30284 6.17027 3.2
    endloop
  endfacet
  facet normal -0 0 1
    outer loop
      vertex -2.35158 7.40358 3.2
      vertex -1.1996 7.08879 3.2
      vertex -2.11128 7.94026 3.2
    endloop
  endfacet
  facet normal 0 0 1
    outer loop
      vertex -1.1996 7.08879 3.2
      vertex -2.35158 7.40358 3.2
      vertex -1.27702 6.66639 3.2
    endloop
  endfacet
  facet normal 0 0 1
    outer loop
      vertex -1.2774 5.64538 3.2
      vertex -2.54382 6.08075 3.2
      vertex -2.49602 5.4141 3.2
    endloop
  endfacet
  facet normal -0 0 1
    outer loop
      vertex -2.49576 6.78373 3.2
      vertex -1.27702 6.66639 3.2
      vertex -2.35158 7.40358 3.2
    endloop
  endfacet
  facet normal 0 0 1
    outer loop
      vertex -1.20113 5.20189 3.2
      vertex -2.49602 5.4141 3.2
      vertex -2.3526 4.82197 3.2
    endloop
  endfacet
  facet normal 0 0 1
    outer loop
      vertex -1.27702 6.66639 3.2
      vertex -2.49576 6.78373 3.2
      vertex -1.30284 6.17027 3.2
    endloop
  endfacet
  facet normal 0 0 1
    outer loop
      vertex -1.30284 6.17027 3.2
      vertex -2.49576 6.78373 3.2
      vertex -2.54382 6.08075 3.2
    endloop
  endfacet
  facet normal 0 0 1
    outer loop
      vertex -1.07397 4.83976 3.2
      vertex -2.3526 4.82197 3.2
      vertex -2.11357 4.30435 3.2
    endloop
  endfacet
  facet normal 0 0 1
    outer loop
      vertex -0.895981 4.55902 3.2
      vertex -1.77893 3.86122 3.2
      vertex -1.37003 3.50611 3.2
    endloop
  endfacet
  facet normal 0 0 1
    outer loop
      vertex -1.07397 4.83976 3.2
      vertex -2.11357 4.30435 3.2
      vertex -1.77893 3.86122 3.2
    endloop
  endfacet
  facet normal 0.208367 -0.978051 0
    outer loop
      vertex 0.633224 3.07917 2.5
      vertex 1.05037 3.16804 3.2
      vertex 0.633224 3.07917 3.2
    endloop
  endfacet
  facet normal 0.208367 -0.978051 0
    outer loop
      vertex 1.05037 3.16804 3.2
      vertex 0.633224 3.07917 2.5
      vertex 1.05037 3.16804 2.5
    endloop
  endfacet
  facet normal 0.367211 -0.930138 0
    outer loop
      vertex 1.05037 3.16804 2.5
      vertex 1.42558 3.31617 3.2
      vertex 1.05037 3.16804 3.2
    endloop
  endfacet
  facet normal 0.367211 -0.930138 0
    outer loop
      vertex 1.42558 3.31617 3.2
      vertex 1.05037 3.16804 2.5
      vertex 1.42558 3.31617 2.5
    endloop
  endfacet
  facet normal 0.52834 -0.849033 0
    outer loop
      vertex 1.42558 3.31617 2.5
      vertex 1.75882 3.52354 3.2
      vertex 1.42558 3.31617 3.2
    endloop
  endfacet
  facet normal 0.52834 -0.849033 0
    outer loop
      vertex 1.75882 3.52354 3.2
      vertex 1.42558 3.31617 2.5
      vertex 1.75882 3.52354 2.5
    endloop
  endfacet
  facet normal 0.679183 -0.733969 0
    outer loop
      vertex 1.75882 3.52354 2.5
      vertex 2.04887 3.79194 3.2
      vertex 1.75882 3.52354 3.2
    endloop
  endfacet
  facet normal 0.679183 -0.733969 0
    outer loop
      vertex 2.04887 3.79194 3.2
      vertex 1.75882 3.52354 2.5
      vertex 2.04887 3.79194 2.5
    endloop
  endfacet
  facet normal 0.803355 -0.595501 0
    outer loop
      vertex 2.04887 3.79194 3.2
      vertex 2.2944 4.12317 2.5
      vertex 2.2944 4.12317 3.2
    endloop
  endfacet
  facet normal 0.803355 -0.595501 0
    outer loop
      vertex 2.2944 4.12317 2.5
      vertex 2.04887 3.79194 3.2
      vertex 2.04887 3.79194 2.5
    endloop
  endfacet
  facet normal 0.890772 -0.454451 0
    outer loop
      vertex 2.2944 4.12317 3.2
      vertex 2.49542 4.51719 2.5
      vertex 2.49542 4.51719 3.2
    endloop
  endfacet
  facet normal 0.890772 -0.454451 0
    outer loop
      vertex 2.49542 4.51719 2.5
      vertex 2.2944 4.12317 3.2
      vertex 2.2944 4.12317 2.5
    endloop
  endfacet
  facet normal 0.946025 -0.324094 0
    outer loop
      vertex 2.49542 4.51719 3.2
      vertex 2.65193 4.97404 2.5
      vertex 2.65193 4.97404 3.2
    endloop
  endfacet
  facet normal 0.946025 -0.324094 0
    outer loop
      vertex 2.65193 4.97404 2.5
      vertex 2.49542 4.51719 3.2
      vertex 2.49542 4.51719 2.5
    endloop
  endfacet
  facet normal 0.302249 0.953229 -0
    outer loop
      vertex 2.65193 4.97404 2.5
      vertex 1.48421 5.3443 3.2
      vertex 2.65193 4.97404 3.2
    endloop
  endfacet
  facet normal 0.302249 0.953229 0
    outer loop
      vertex 1.48421 5.3443 3.2
      vertex 2.65193 4.97404 2.5
      vertex 1.48421 5.3443 2.5
    endloop
  endfacet
  facet normal -0.961403 0.275145 0
    outer loop
      vertex 1.39673 5.03863 2.5
      vertex 1.48421 5.3443 3.2
      vertex 1.48421 5.3443 2.5
    endloop
  endfacet
  facet normal -0.961403 0.275145 0
    outer loop
      vertex 1.48421 5.3443 3.2
      vertex 1.39673 5.03863 2.5
      vertex 1.39673 5.03863 3.2
    endloop
  endfacet
  facet normal -0.919609 0.392834 0
    outer loop
      vertex 1.28484 4.7767 2.5
      vertex 1.39673 5.03863 3.2
      vertex 1.39673 5.03863 2.5
    endloop
  endfacet
  facet normal -0.919609 0.392834 0
    outer loop
      vertex 1.39673 5.03863 3.2
      vertex 1.28484 4.7767 2.5
      vertex 1.28484 4.7767 3.2
    endloop
  endfacet
  facet normal -0.848118 0.529807 0
    outer loop
      vertex 1.14854 4.55851 2.5
      vertex 1.28484 4.7767 3.2
      vertex 1.28484 4.7767 2.5
    endloop
  endfacet
  facet normal -0.848118 0.529807 0
    outer loop
      vertex 1.28484 4.7767 3.2
      vertex 1.14854 4.55851 2.5
      vertex 1.14854 4.55851 3.2
    endloop
  endfacet
  facet normal -0.735462 0.677566 0
    outer loop
      vertex 0.987823 4.38406 2.5
      vertex 1.14854 4.55851 3.2
      vertex 1.14854 4.55851 2.5
    endloop
  endfacet
  facet normal -0.735462 0.677566 0
    outer loop
      vertex 1.14854 4.55851 3.2
      vertex 0.987823 4.38406 2.5
      vertex 0.987823 4.38406 3.2
    endloop
  endfacet
  facet normal -0.592933 0.805252 0
    outer loop
      vertex 0.987823 4.38406 2.5
      vertex 0.806519 4.25056 3.2
      vertex 0.987823 4.38406 3.2
    endloop
  endfacet
  facet normal -0.592933 0.805252 0
    outer loop
      vertex 0.806519 4.25056 3.2
      vertex 0.987823 4.38406 2.5
      vertex 0.806519 4.25056 2.5
    endloop
  endfacet
  facet normal -0.433764 0.901026 0
    outer loop
      vertex 0.806519 4.25056 2.5
      vertex 0.608414 4.15519 3.2
      vertex 0.806519 4.25056 3.2
    endloop
  endfacet
  facet normal -0.433764 0.901026 0
    outer loop
      vertex 0.608414 4.15519 3.2
      vertex 0.806519 4.25056 2.5
      vertex 0.608414 4.15519 2.5
    endloop
  endfacet
  facet normal -0.257327 0.966324 0
    outer loop
      vertex 0.608414 4.15519 2.5
      vertex 0.393539 4.09797 3.2
      vertex 0.608414 4.15519 3.2
    endloop
  endfacet
  facet normal -0.257327 0.966324 0
    outer loop
      vertex 0.393539 4.09797 3.2
      vertex 0.608414 4.15519 2.5
      vertex 0.393539 4.09797 2.5
    endloop
  endfacet
  facet normal -0.0820365 0.996629 0
    outer loop
      vertex 0.393539 4.09797 2.5
      vertex 0.161865 4.0789 3.2
      vertex 0.393539 4.09797 3.2
    endloop
  endfacet
  facet normal -0.0820365 0.996629 0
    outer loop
      vertex 0.161865 4.0789 3.2
      vertex 0.393539 4.09797 2.5
      vertex 0.161865 4.0789 2.5
    endloop
  endfacet
  facet normal 0.0962865 0.995354 -0
    outer loop
      vertex 0.161865 4.0789 2.5
      vertex -0.148361 4.10891 3.2
      vertex 0.161865 4.0789 3.2
    endloop
  endfacet
  facet normal 0.0962865 0.995354 0
    outer loop
      vertex -0.148361 4.10891 3.2
      vertex 0.161865 4.0789 2.5
      vertex -0.148361 4.10891 2.5
    endloop
  endfacet
  facet normal 0.306344 0.951921 -0
    outer loop
      vertex -0.148361 4.10891 2.5
      vertex -0.428085 4.19893 3.2
      vertex -0.148361 4.10891 3.2
    endloop
  endfacet
  facet normal 0.306344 0.951921 0
    outer loop
      vertex -0.428085 4.19893 3.2
      vertex -0.148361 4.10891 2.5
      vertex -0.428085 4.19893 2.5
    endloop
  endfacet
  facet normal 0.515774 0.856725 -0
    outer loop
      vertex -0.428085 4.19893 2.5
      vertex -0.677292 4.34896 3.2
      vertex -0.428085 4.19893 3.2
    endloop
  endfacet
  facet normal 0.515774 0.856725 0
    outer loop
      vertex -0.677292 4.34896 3.2
      vertex -0.428085 4.19893 2.5
      vertex -0.677292 4.34896 2.5
    endloop
  endfacet
  facet normal 0.692735 0.721192 -0
    outer loop
      vertex -0.677292 4.34896 2.5
      vertex -0.895981 4.55902 3.2
      vertex -0.677292 4.34896 3.2
    endloop
  endfacet
  facet normal 0.692735 0.721192 0
    outer loop
      vertex -0.895981 4.55902 3.2
      vertex -0.677292 4.34896 2.5
      vertex -0.895981 4.55902 2.5
    endloop
  endfacet
  facet normal 0.844565 0.535454 0
    outer loop
      vertex -0.895981 4.55902 3.2
      vertex -1.07397 4.83976 2.5
      vertex -1.07397 4.83976 3.2
    endloop
  endfacet
  facet normal 0.844565 0.535454 0
    outer loop
      vertex -1.07397 4.83976 2.5
      vertex -0.895981 4.55902 3.2
      vertex -0.895981 4.55902 2.5
    endloop
  endfacet
  facet normal 0.943521 0.331312 0
    outer loop
      vertex -1.07397 4.83976 3.2
      vertex -1.20113 5.20189 2.5
      vertex -1.20113 5.20189 3.2
    endloop
  endfacet
  facet normal 0.943521 0.331312 0
    outer loop
      vertex -1.20113 5.20189 2.5
      vertex -1.07397 4.83976 3.2
      vertex -1.07397 4.83976 2.5
    endloop
  endfacet
  facet normal 0.985532 0.169489 0
    outer loop
      vertex -1.20113 5.20189 3.2
      vertex -1.2774 5.64538 2.5
      vertex -1.2774 5.64538 3.2
    endloop
  endfacet
  facet normal 0.985532 0.169489 0
    outer loop
      vertex -1.2774 5.64538 2.5
      vertex -1.20113 5.20189 3.2
      vertex -1.20113 5.20189 2.5
    endloop
  endfacet
  facet normal 0.998828 0.0484105 0
    outer loop
      vertex -1.2774 5.64538 3.2
      vertex -1.30284 6.17027 2.5
      vertex -1.30284 6.17027 3.2
    endloop
  endfacet
  facet normal 0.998828 0.0484105 0
    outer loop
      vertex -1.30284 6.17027 2.5
      vertex -1.2774 5.64538 3.2
      vertex -1.2774 5.64538 2.5
    endloop
  endfacet
  facet normal 0.998648 -0.0519735 0
    outer loop
      vertex -1.30284 6.17027 3.2
      vertex -1.27702 6.66639 2.5
      vertex -1.27702 6.66639 3.2
    endloop
  endfacet
  facet normal 0.998648 -0.0519735 0
    outer loop
      vertex -1.27702 6.66639 2.5
      vertex -1.30284 6.17027 3.2
      vertex -1.30284 6.17027 2.5
    endloop
  endfacet
  facet normal 0.983615 -0.180283 0
    outer loop
      vertex -1.27702 6.66639 3.2
      vertex -1.1996 7.08879 2.5
      vertex -1.1996 7.08879 3.2
    endloop
  endfacet
  facet normal 0.983615 -0.180283 0
    outer loop
      vertex -1.1996 7.08879 2.5
      vertex -1.27702 6.66639 3.2
      vertex -1.27702 6.66639 2.5
    endloop
  endfacet
  facet normal 0.93781 -0.34715 0
    outer loop
      vertex -1.1996 7.08879 3.2
      vertex -1.07054 7.43744 2.5
      vertex -1.07054 7.43744 3.2
    endloop
  endfacet
  facet normal 0.93781 -0.34715 0
    outer loop
      vertex -1.07054 7.43744 2.5
      vertex -1.1996 7.08879 3.2
      vertex -1.1996 7.08879 2.5
    endloop
  endfacet
  facet normal 0.835646 -0.549268 0
    outer loop
      vertex -1.07054 7.43744 3.2
      vertex -0.889862 7.71232 2.5
      vertex -0.889862 7.71232 3.2
    endloop
  endfacet
  facet normal 0.835646 -0.549268 0
    outer loop
      vertex -0.889862 7.71232 2.5
      vertex -1.07054 7.43744 3.2
      vertex -1.07054 7.43744 2.5
    endloop
  endfacet
  facet normal 0.68397 -0.72951 0
    outer loop
      vertex -0.889862 7.71232 2.5
      vertex -0.667725 7.92059 3.2
      vertex -0.889862 7.71232 3.2
    endloop
  endfacet
  facet normal 0.68397 -0.72951 0
    outer loop
      vertex -0.667725 7.92059 3.2
      vertex -0.889862 7.71232 2.5
      vertex -0.667725 7.92059 2.5
    endloop
  endfacet
  facet normal 0.50626 -0.862381 0
    outer loop
      vertex -0.667725 7.92059 2.5
      vertex -0.414322 8.06935 3.2
      vertex -0.667725 7.92059 3.2
    endloop
  endfacet
  facet normal 0.50626 -0.862381 0
    outer loop
      vertex -0.414322 8.06935 3.2
      vertex -0.667725 7.92059 2.5
      vertex -0.414322 8.06935 2.5
    endloop
  endfacet
  facet normal 0.299195 -0.954192 0
    outer loop
      vertex -0.414322 8.06935 2.5
      vertex -0.129654 8.15861 3.2
      vertex -0.414322 8.06935 3.2
    endloop
  endfacet
  facet normal 0.299195 -0.954192 0
    outer loop
      vertex -0.129654 8.15861 3.2
      vertex -0.414322 8.06935 2.5
      vertex -0.129654 8.15861 2.5
    endloop
  endfacet
  facet normal 0.093782 -0.995593 0
    outer loop
      vertex -0.129654 8.15861 2.5
      vertex 0.186279 8.18837 3.2
      vertex -0.129654 8.15861 3.2
    endloop
  endfacet
  facet normal 0.093782 -0.995593 0
    outer loop
      vertex 0.186279 8.18837 3.2
      vertex -0.129654 8.15861 2.5
      vertex 0.186279 8.18837 2.5
    endloop
  endfacet
  facet normal -0.0724821 -0.99737 0
    outer loop
      vertex 0.186279 8.18837 2.5
      vertex 0.417313 8.17158 3.2
      vertex 0.186279 8.18837 3.2
    endloop
  endfacet
  facet normal -0.0724821 -0.99737 -0
    outer loop
      vertex 0.417313 8.17158 3.2
      vertex 0.186279 8.18837 2.5
      vertex 0.417313 8.17158 2.5
    endloop
  endfacet
  facet normal -0.230079 -0.973172 0
    outer loop
      vertex 0.417313 8.17158 2.5
      vertex 0.63028 8.12123 3.2
      vertex 0.417313 8.17158 3.2
    endloop
  endfacet
  facet normal -0.230079 -0.973172 -0
    outer loop
      vertex 0.63028 8.12123 3.2
      vertex 0.417313 8.17158 2.5
      vertex 0.63028 8.12123 2.5
    endloop
  endfacet
  facet normal -0.395491 -0.91847 0
    outer loop
      vertex 0.63028 8.12123 2.5
      vertex 0.825195 8.0373 3.2
      vertex 0.63028 8.12123 3.2
    endloop
  endfacet
  facet normal -0.395491 -0.91847 -0
    outer loop
      vertex 0.825195 8.0373 3.2
      vertex 0.63028 8.12123 2.5
      vertex 0.825195 8.0373 2.5
    endloop
  endfacet
  facet normal -0.553406 -0.832912 0
    outer loop
      vertex 0.825195 8.0373 2.5
      vertex 1.00204 7.9198 3.2
      vertex 0.825195 8.0373 3.2
    endloop
  endfacet
  facet normal -0.553406 -0.832912 -0
    outer loop
      vertex 1.00204 7.9198 3.2
      vertex 0.825195 8.0373 2.5
      vertex 1.00204 7.9198 2.5
    endloop
  endfacet
  facet normal -0.690345 -0.723481 0
    outer loop
      vertex 1.00204 7.9198 2.5
      vertex 1.15553 7.77334 3.2
      vertex 1.00204 7.9198 3.2
    endloop
  endfacet
  facet normal -0.690345 -0.723481 -0
    outer loop
      vertex 1.15553 7.77334 3.2
      vertex 1.00204 7.9198 2.5
      vertex 1.15553 7.77334 2.5
    endloop
  endfacet
  facet normal -0.807692 -0.589604 0
    outer loop
      vertex 1.28027 7.60246 2.5
      vertex 1.15553 7.77334 3.2
      vertex 1.15553 7.77334 2.5
    endloop
  endfacet
  facet normal -0.807692 -0.589604 0
    outer loop
      vertex 1.15553 7.77334 3.2
      vertex 1.28027 7.60246 2.5
      vertex 1.28027 7.60246 3.2
    endloop
  endfacet
  facet normal -0.897439 -0.441138 0
    outer loop
      vertex 1.37627 7.40716 2.5
      vertex 1.28027 7.60246 3.2
      vertex 1.28027 7.60246 2.5
    endloop
  endfacet
  facet normal -0.897439 -0.441138 0
    outer loop
      vertex 1.28027 7.60246 3.2
      vertex 1.37627 7.40716 2.5
      vertex 1.37627 7.40716 3.2
    endloop
  endfacet
  facet normal -0.956201 -0.292709 0
    outer loop
      vertex 1.44353 7.18744 2.5
      vertex 1.37627 7.40716 3.2
      vertex 1.37627 7.40716 2.5
    endloop
  endfacet
  facet normal -0.956201 -0.292709 0
    outer loop
      vertex 1.37627 7.40716 3.2
      vertex 1.44353 7.18744 2.5
      vertex 1.44353 7.18744 3.2
    endloop
  endfacet
  facet normal 0.232375 -0.972626 0
    outer loop
      vertex 1.44353 7.18744 2.5
      vertex 2.63567 7.47226 3.2
      vertex 1.44353 7.18744 3.2
    endloop
  endfacet
  facet normal 0.232375 -0.972626 0
    outer loop
      vertex 2.63567 7.47226 3.2
      vertex 1.44353 7.18744 2.5
      vertex 2.63567 7.47226 2.5
    endloop
  endfacet
  facet normal 0.946959 0.321354 0
    outer loop
      vertex 2.63567 7.47226 3.2
      vertex 2.52124 7.80946 2.5
      vertex 2.52124 7.80946 3.2
    endloop
  endfacet
  facet normal 0.946959 0.321354 0
    outer loop
      vertex 2.52124 7.80946 2.5
      vertex 2.63567 7.47226 3.2
      vertex 2.63567 7.47226 2.5
    endloop
  endfacet
  facet normal 0.903879 0.427789 0
    outer loop
      vertex 2.52124 7.80946 3.2
      vertex 2.38139 8.10495 2.5
      vertex 2.38139 8.10495 3.2
    endloop
  endfacet
  facet normal 0.903879 0.427789 0
    outer loop
      vertex 2.38139 8.10495 2.5
      vertex 2.52124 7.80946 3.2
      vertex 2.52124 7.80946 2.5
    endloop
  endfacet
  facet normal 0.837911 0.545807 0
    outer loop
      vertex 2.38139 8.10495 3.2
      vertex 2.21608 8.35873 2.5
      vertex 2.21608 8.35873 3.2
    endloop
  endfacet
  facet normal 0.837911 0.545807 0
    outer loop
      vertex 2.21608 8.35873 2.5
      vertex 2.38139 8.10495 3.2
      vertex 2.38139 8.10495 2.5
    endloop
  endfacet
  facet normal 0.743509 0.668726 0
    outer loop
      vertex 2.21608 8.35873 3.2
      vertex 2.02534 8.5708 2.5
      vertex 2.02534 8.5708 3.2
    endloop
  endfacet
  facet normal 0.743509 0.668726 0
    outer loop
      vertex 2.02534 8.5708 2.5
      vertex 2.21608 8.35873 3.2
      vertex 2.21608 8.35873 2.5
    endloop
  endfacet
  facet normal 0.610231 0.792224 -0
    outer loop
      vertex 2.02534 8.5708 2.5
      vertex 1.6579 8.85383 3.2
      vertex 2.02534 8.5708 3.2
    endloop
  endfacet
  facet normal 0.610231 0.792224 0
    outer loop
      vertex 1.6579 8.85383 3.2
      vertex 2.02534 8.5708 2.5
      vertex 1.6579 8.85383 2.5
    endloop
  endfacet
  facet normal 0.434708 0.900572 -0
    outer loop
      vertex 1.6579 8.85383 2.5
      vertex 1.23907 9.056 3.2
      vertex 1.6579 8.85383 3.2
    endloop
  endfacet
  facet normal 0.434708 0.900572 0
    outer loop
      vertex 1.23907 9.056 3.2
      vertex 1.6579 8.85383 2.5
      vertex 1.23907 9.056 2.5
    endloop
  endfacet
  facet normal 0.24978 0.968303 -0
    outer loop
      vertex 1.23907 9.056 2.5
      vertex 0.768875 9.17729 3.2
      vertex 1.23907 9.056 3.2
    endloop
  endfacet
  facet normal 0.24978 0.968303 0
    outer loop
      vertex 0.768875 9.17729 3.2
      vertex 1.23907 9.056 2.5
      vertex 0.768875 9.17729 2.5
    endloop
  endfacet
  facet normal 0.0772832 0.997009 -0
    outer loop
      vertex 0.768875 9.17729 2.5
      vertex 0.247299 9.21772 3.2
      vertex 0.768875 9.17729 3.2
    endloop
  endfacet
  facet normal 0.0772832 0.997009 0
    outer loop
      vertex 0.247299 9.21772 3.2
      vertex 0.768875 9.17729 2.5
      vertex 0.247299 9.21772 2.5
    endloop
  endfacet
  facet normal -0.0860293 0.996293 0
    outer loop
      vertex 0.247299 9.21772 2.5
      vertex -0.348999 9.16623 3.2
      vertex 0.247299 9.21772 3.2
    endloop
  endfacet
  facet normal -0.0860293 0.996293 0
    outer loop
      vertex -0.348999 9.16623 3.2
      vertex 0.247299 9.21772 2.5
      vertex -0.348999 9.16623 2.5
    endloop
  endfacet
  facet normal -0.277033 0.96086 0
    outer loop
      vertex -0.348999 9.16623 2.5
      vertex -0.884796 9.01175 3.2
      vertex -0.348999 9.16623 3.2
    endloop
  endfacet
  facet normal -0.277033 0.96086 0
    outer loop
      vertex -0.884796 9.01175 3.2
      vertex -0.348999 9.16623 2.5
      vertex -0.884796 9.01175 2.5
    endloop
  endfacet
  facet normal -0.476325 0.879269 0
    outer loop
      vertex -0.884796 9.01175 2.5
      vertex -1.36009 8.75427 3.2
      vertex -0.884796 9.01175 3.2
    endloop
  endfacet
  facet normal -0.476325 0.879269 0
    outer loop
      vertex -1.36009 8.75427 3.2
      vertex -0.884796 9.01175 2.5
      vertex -1.36009 8.75427 2.5
    endloop
  endfacet
  facet normal -0.655972 0.754785 0
    outer loop
      vertex -1.36009 8.75427 2.5
      vertex -1.77486 8.3938 3.2
      vertex -1.36009 8.75427 3.2
    endloop
  endfacet
  facet normal -0.655972 0.754785 0
    outer loop
      vertex -1.77486 8.3938 3.2
      vertex -1.36009 8.75427 2.5
      vertex -1.77486 8.3938 2.5
    endloop
  endfacet
  facet normal -0.803164 0.595758 0
    outer loop
      vertex -2.11128 7.94026 2.5
      vertex -1.77486 8.3938 3.2
      vertex -1.77486 8.3938 2.5
    endloop
  endfacet
  facet normal -0.803164 0.595758 0
    outer loop
      vertex -1.77486 8.3938 3.2
      vertex -2.11128 7.94026 2.5
      vertex -2.11128 7.94026 3.2
    endloop
  endfacet
  facet normal -0.912687 0.408658 0
    outer loop
      vertex -2.35158 7.40358 2.5
      vertex -2.11128 7.94026 3.2
      vertex -2.11128 7.94026 2.5
    endloop
  endfacet
  facet normal -0.912687 0.408658 0
    outer loop
      vertex -2.11128 7.94026 3.2
      vertex -2.35158 7.40358 2.5
      vertex -2.35158 7.40358 3.2
    endloop
  endfacet
  facet normal -0.973998 0.226556 0
    outer loop
      vertex -2.49576 6.78373 2.5
      vertex -2.35158 7.40358 3.2
      vertex -2.35158 7.40358 2.5
    endloop
  endfacet
  facet normal -0.973998 0.226556 0
    outer loop
      vertex -2.35158 7.40358 3.2
      vertex -2.49576 6.78373 2.5
      vertex -2.49576 6.78373 3.2
    endloop
  endfacet
  facet normal -0.997671 0.0682069 0
    outer loop
      vertex -2.54382 6.08075 2.5
      vertex -2.49576 6.78373 3.2
      vertex -2.49576 6.78373 2.5
    endloop
  endfacet
  facet normal -0.997671 0.0682069 0
    outer loop
      vertex -2.49576 6.78373 3.2
      vertex -2.54382 6.08075 2.5
      vertex -2.54382 6.08075 3.2
    endloop
  endfacet
  facet normal -0.997439 -0.0715182 0
    outer loop
      vertex -2.49602 5.4141 2.5
      vertex -2.54382 6.08075 3.2
      vertex -2.54382 6.08075 2.5
    endloop
  endfacet
  facet normal -0.997439 -0.0715182 0
    outer loop
      vertex -2.54382 6.08075 3.2
      vertex -2.49602 5.4141 2.5
      vertex -2.49602 5.4141 3.2
    endloop
  endfacet
  facet normal -0.971898 -0.235404 0
    outer loop
      vertex -2.3526 4.82197 2.5
      vertex -2.49602 5.4141 3.2
      vertex -2.49602 5.4141 2.5
    endloop
  endfacet
  facet normal -0.971898 -0.235404 0
    outer loop
      vertex -2.49602 5.4141 3.2
      vertex -2.3526 4.82197 2.5
      vertex -2.3526 4.82197 3.2
    endloop
  endfacet
  facet normal -0.907874 -0.419244 0
    outer loop
      vertex -2.11357 4.30435 2.5
      vertex -2.3526 4.82197 3.2
      vertex -2.3526 4.82197 2.5
    endloop
  endfacet
  facet normal -0.907874 -0.419244 0
    outer loop
      vertex -2.3526 4.82197 3.2
      vertex -2.11357 4.30435 2.5
      vertex -2.11357 4.30435 3.2
    endloop
  endfacet
  facet normal -0.798014 -0.602639 0
    outer loop
      vertex -1.77893 3.86122 2.5
      vertex -2.11357 4.30435 3.2
      vertex -2.11357 4.30435 2.5
    endloop
  endfacet
  facet normal -0.798014 -0.602639 0
    outer loop
      vertex -2.11357 4.30435 3.2
      vertex -1.77893 3.86122 2.5
      vertex -1.77893 3.86122 3.2
    endloop
  endfacet
  facet normal -0.6557 -0.755022 0
    outer loop
      vertex -1.77893 3.86122 2.5
      vertex -1.37003 3.50611 3.2
      vertex -1.77893 3.86122 3.2
    endloop
  endfacet
  facet normal -0.6557 -0.755022 -0
    outer loop
      vertex -1.37003 3.50611 3.2
      vertex -1.77893 3.86122 2.5
      vertex -1.37003 3.50611 2.5
    endloop
  endfacet
  facet normal -0.481387 -0.876508 0
    outer loop
      vertex -1.37003 3.50611 2.5
      vertex -0.908203 3.25247 3.2
      vertex -1.37003 3.50611 3.2
    endloop
  endfacet
  facet normal -0.481387 -0.876508 -0
    outer loop
      vertex -0.908203 3.25247 3.2
      vertex -1.37003 3.50611 2.5
      vertex -0.908203 3.25247 2.5
    endloop
  endfacet
  facet normal -0.283546 -0.958959 0
    outer loop
      vertex -0.908203 3.25247 2.5
      vertex -0.393494 3.10028 3.2
      vertex -0.908203 3.25247 3.2
    endloop
  endfacet
  facet normal -0.283546 -0.958959 -0
    outer loop
      vertex -0.393494 3.10028 3.2
      vertex -0.908203 3.25247 2.5
      vertex -0.393494 3.10028 2.5
    endloop
  endfacet
  facet normal -0.0890045 -0.996031 0
    outer loop
      vertex -0.393494 3.10028 2.5
      vertex 0.174103 3.04956 3.2
      vertex -0.393494 3.10028 3.2
    endloop
  endfacet
  facet normal -0.0890045 -0.996031 -0
    outer loop
      vertex 0.174103 3.04956 3.2
      vertex -0.393494 3.10028 2.5
      vertex 0.174103 3.04956 2.5
    endloop
  endfacet
  facet normal 0.0643591 -0.997927 0
    outer loop
      vertex 0.174103 3.04956 2.5
      vertex 0.633224 3.07917 3.2
      vertex 0.174103 3.04956 3.2
    endloop
  endfacet
  facet normal 0.0643591 -0.997927 0
    outer loop
      vertex 0.633224 3.07917 3.2
      vertex 0.174103 3.04956 2.5
      vertex 0.633224 3.07917 2.5
    endloop
  endfacet
  facet normal 0 0 1
    outer loop
      vertex 2.96176 -8.58523 3.2
      vertex 1.84288 -9.85464 3.2
      vertex 2.96176 -14.55 3.2
    endloop
  endfacet
  facet normal -0 0 1
    outer loop
      vertex 1.15529 -8.58523 3.2
      vertex 1.84288 -9.85464 3.2
      vertex 2.96176 -8.58523 3.2
    endloop
  endfacet
  facet normal 0 0 1
    outer loop
      vertex 0.0851746 -12.6539 3.2
      vertex 1.84288 -9.85464 3.2
      vertex 1.15529 -8.58523 3.2
    endloop
  endfacet
  facet normal 0 0 1
    outer loop
      vertex 1.84288 -9.85464 3.2
      vertex 0.0851746 -12.6539 3.2
      vertex 0.658844 -14.55 3.2
    endloop
  endfacet
  facet normal 0 0 1
    outer loop
      vertex 0.0851746 -12.6539 3.2
      vertex -0.500702 -14.55 3.2
      vertex 0.658844 -14.55 3.2
    endloop
  endfacet
  facet normal -0 0 1
    outer loop
      vertex -1.68066 -9.85464 3.2
      vertex 0.0851746 -12.6539 3.2
      vertex -0.997086 -8.58523 3.2
    endloop
  endfacet
  facet normal 0 0 1
    outer loop
      vertex 0.0851746 -12.6539 3.2
      vertex -1.68066 -9.85464 3.2
      vertex -0.500702 -14.55 3.2
    endloop
  endfacet
  facet normal -0 0 1
    outer loop
      vertex -2.79955 -8.58523 3.2
      vertex -1.68066 -9.85464 3.2
      vertex -0.997086 -8.58523 3.2
    endloop
  endfacet
  facet normal 0 0 1
    outer loop
      vertex -2.79955 -14.55 3.2
      vertex -1.68066 -9.85464 3.2
      vertex -2.79955 -8.58523 3.2
    endloop
  endfacet
  facet normal 0 0 1
    outer loop
      vertex -1.68066 -9.85464 3.2
      vertex -2.79955 -14.55 3.2
      vertex -1.68066 -14.55 3.2
    endloop
  endfacet
  facet normal 0 0 1
    outer loop
      vertex 2.96176 -14.55 3.2
      vertex 1.84288 -9.85464 3.2
      vertex 1.84288 -14.55 3.2
    endloop
  endfacet
  facet normal -0.969844 -0.243725 0
    outer loop
      vertex -0.500702 -14.55 2.5
      vertex -1.68066 -9.85464 3.2
      vertex -1.68066 -9.85464 2.5
    endloop
  endfacet
  facet normal -0.969844 -0.243725 0
    outer loop
      vertex -1.68066 -9.85464 3.2
      vertex -0.500702 -14.55 2.5
      vertex -0.500702 -14.55 3.2
    endloop
  endfacet
  facet normal 0 -1 0
    outer loop
      vertex -0.500702 -14.55 2.5
      vertex 0.658844 -14.55 3.2
      vertex -0.500702 -14.55 3.2
    endloop
  endfacet
  facet normal 0 -1 -0
    outer loop
      vertex 0.658844 -14.55 3.2
      vertex -0.500702 -14.55 2.5
      vertex 0.658844 -14.55 2.5
    endloop
  endfacet
  facet normal 0.969645 -0.244517 0
    outer loop
      vertex 0.658844 -14.55 3.2
      vertex 1.84288 -9.85464 2.5
      vertex 1.84288 -9.85464 3.2
    endloop
  endfacet
  facet normal 0.969645 -0.244517 0
    outer loop
      vertex 1.84288 -9.85464 2.5
      vertex 0.658844 -14.55 3.2
      vertex 0.658844 -14.55 2.5
    endloop
  endfacet
  facet normal -1 0 0
    outer loop
      vertex 1.84288 -14.55 2.5
      vertex 1.84288 -9.85464 3.2
      vertex 1.84288 -9.85464 2.5
    endloop
  endfacet
  facet normal -1 -0 0
    outer loop
      vertex 1.84288 -9.85464 3.2
      vertex 1.84288 -14.55 2.5
      vertex 1.84288 -14.55 3.2
    endloop
  endfacet
  facet normal 0 -1 0
    outer loop
      vertex 1.84288 -14.55 2.5
      vertex 2.96176 -14.55 3.2
      vertex 1.84288 -14.55 3.2
    endloop
  endfacet
  facet normal 0 -1 -0
    outer loop
      vertex 2.96176 -14.55 3.2
      vertex 1.84288 -14.55 2.5
      vertex 2.96176 -14.55 2.5
    endloop
  endfacet
  facet normal 1 -0 0
    outer loop
      vertex 2.96176 -14.55 3.2
      vertex 2.96176 -8.58523 2.5
      vertex 2.96176 -8.58523 3.2
    endloop
  endfacet
  facet normal 1 0 0
    outer loop
      vertex 2.96176 -8.58523 2.5
      vertex 2.96176 -14.55 3.2
      vertex 2.96176 -14.55 2.5
    endloop
  endfacet
  facet normal 0 1 -0
    outer loop
      vertex 2.96176 -8.58523 2.5
      vertex 1.15529 -8.58523 3.2
      vertex 2.96176 -8.58523 3.2
    endloop
  endfacet
  facet normal 0 1 0
    outer loop
      vertex 1.15529 -8.58523 3.2
      vertex 2.96176 -8.58523 2.5
      vertex 1.15529 -8.58523 2.5
    endloop
  endfacet
  facet normal -0.967109 0.254363 0
    outer loop
      vertex 0.0851746 -12.6539 2.5
      vertex 1.15529 -8.58523 3.2
      vertex 1.15529 -8.58523 2.5
    endloop
  endfacet
  facet normal -0.967109 0.254363 0
    outer loop
      vertex 1.15529 -8.58523 3.2
      vertex 0.0851746 -12.6539 2.5
      vertex 0.0851746 -12.6539 3.2
    endloop
  endfacet
  facet normal 0.966395 0.25706 0
    outer loop
      vertex 0.0851746 -12.6539 3.2
      vertex -0.997086 -8.58523 2.5
      vertex -0.997086 -8.58523 3.2
    endloop
  endfacet
  facet normal 0.966395 0.25706 0
    outer loop
      vertex -0.997086 -8.58523 2.5
      vertex 0.0851746 -12.6539 3.2
      vertex 0.0851746 -12.6539 2.5
    endloop
  endfacet
  facet normal 0 1 -0
    outer loop
      vertex -0.997086 -8.58523 2.5
      vertex -2.79955 -8.58523 3.2
      vertex -0.997086 -8.58523 3.2
    endloop
  endfacet
  facet normal 0 1 0
    outer loop
      vertex -2.79955 -8.58523 3.2
      vertex -0.997086 -8.58523 2.5
      vertex -2.79955 -8.58523 2.5
    endloop
  endfacet
  facet normal -1 0 0
    outer loop
      vertex -2.79955 -14.55 2.5
      vertex -2.79955 -8.58523 3.2
      vertex -2.79955 -8.58523 2.5
    endloop
  endfacet
  facet normal -1 -0 0
    outer loop
      vertex -2.79955 -8.58523 3.2
      vertex -2.79955 -14.55 2.5
      vertex -2.79955 -14.55 3.2
    endloop
  endfacet
  facet normal 0 -1 0
    outer loop
      vertex -2.79955 -14.55 2.5
      vertex -1.68066 -14.55 3.2
      vertex -2.79955 -14.55 3.2
    endloop
  endfacet
  facet normal 0 -1 -0
    outer loop
      vertex -1.68066 -14.55 3.2
      vertex -2.79955 -14.55 2.5
      vertex -1.68066 -14.55 2.5
    endloop
  endfacet
  facet normal 1 -0 0
    outer loop
      vertex -1.68066 -14.55 3.2
      vertex -1.68066 -9.85464 2.5
      vertex -1.68066 -9.85464 3.2
    endloop
  endfacet
  facet normal 1 0 0
    outer loop
      vertex -1.68066 -9.85464 2.5
      vertex -1.68066 -14.55 3.2
      vertex -1.68066 -14.55 2.5
    endloop
  endfacet
  facet normal 0 0 1
    outer loop
      vertex 13.2 1.89497 3.2
      vertex 14.4 2.14999 3.2
      vertex 14.3879 2.26976 3.2
    endloop
  endfacet
  facet normal 0 0 1
    outer loop
      vertex 14.4 2.14999 3.2
      vertex 13.2 1.89497 3.2
      vertex 14.4 -16.05 3.2
    endloop
  endfacet
  facet normal 0 0 1
    outer loop
      vertex 13.2 1.89497 3.2
      vertex 14.3879 2.26976 3.2
      vertex 14.3522 2.3847 3.2
    endloop
  endfacet
  facet normal 0 0 1
    outer loop
      vertex 13.2 -16.05 3.2
      vertex 14.4 -16.05 3.2
      vertex 13.2 1.89497 3.2
    endloop
  endfacet
  facet normal 0 0 1
    outer loop
      vertex 13.2 1.89497 3.2
      vertex 14.3522 2.3847 3.2
      vertex 14.2942 2.4902 3.2
    endloop
  endfacet
  facet normal 0 0 1
    outer loop
      vertex 14.4 -16.05 3.2
      vertex 13.2 -16.05 3.2
      vertex 14.3869 -16.1747 3.2
    endloop
  endfacet
  facet normal 0 0 1
    outer loop
      vertex 13.2 1.89497 3.2
      vertex 14.2942 2.4902 3.2
      vertex 14.2163 2.58203 3.2
    endloop
  endfacet
  facet normal 0 0 1
    outer loop
      vertex 14.3869 -16.1747 3.2
      vertex 13.2 -16.05 3.2
      vertex 14.3481 -16.294 3.2
    endloop
  endfacet
  facet normal 0 0 1
    outer loop
      vertex 14.3481 -16.294 3.2
      vertex 13.2 -16.05 3.2
      vertex 14.2854 -16.4027 3.2
    endloop
  endfacet
  facet normal 0 0 1
    outer loop
      vertex 14.2854 -16.4027 3.2
      vertex 13.2 -16.05 3.2
      vertex 14.2015 -16.4959 3.2
    endloop
  endfacet
  facet normal 0 0 1
    outer loop
      vertex 14.1 -16.5696 3.2
      vertex 13.2 -16.05 3.2
      vertex 13.9854 -16.6206 3.2
    endloop
  endfacet
  facet normal 0 0 1
    outer loop
      vertex 13.9854 -16.6206 3.2
      vertex 13.2 -16.05 3.2
      vertex 13.8627 -16.6467 3.2
    endloop
  endfacet
  facet normal 0 0 1
    outer loop
      vertex 13.8627 -16.6467 3.2
      vertex 13.2 -16.05 3.2
      vertex 13.7373 -16.6467 3.2
    endloop
  endfacet
  facet normal 0 0 1
    outer loop
      vertex 13.7373 -16.6467 3.2
      vertex 13.2 -16.05 3.2
      vertex 13.6146 -16.6206 3.2
    endloop
  endfacet
  facet normal 0 0 1
    outer loop
      vertex 13.6146 -16.6206 3.2
      vertex 13.2 -16.05 3.2
      vertex 13.5 -16.5696 3.2
    endloop
  endfacet
  facet normal 0 0 1
    outer loop
      vertex 13.5 -16.5696 3.2
      vertex 13.2 -16.05 3.2
      vertex 13.3985 -16.4959 3.2
    endloop
  endfacet
  facet normal 0 0 1
    outer loop
      vertex 13.3985 -16.4959 3.2
      vertex 13.2 -16.05 3.2
      vertex 13.3146 -16.4027 3.2
    endloop
  endfacet
  facet normal 0 0 1
    outer loop
      vertex 13.3146 -16.4027 3.2
      vertex 13.2 -16.05 3.2
      vertex 13.2519 -16.294 3.2
    endloop
  endfacet
  facet normal 0 0 1
    outer loop
      vertex 14.2015 -16.4959 3.2
      vertex 13.2 -16.05 3.2
      vertex 14.1 -16.5696 3.2
    endloop
  endfacet
  facet normal -0 0 1
    outer loop
      vertex 1.52588e-05 14.6167 3.2
      vertex 14.2163 2.58203 3.2
      vertex 0.416351 15.882 3.2
    endloop
  endfacet
  facet normal 0 0 1
    outer loop
      vertex -0.416382 15.882 3.2
      vertex 0.416351 15.882 3.2
      vertex 0.312485 15.9622 3.2
    endloop
  endfacet
  facet normal 0 0 1
    outer loop
      vertex -0.416382 15.882 3.2
      vertex 0.312485 15.9622 3.2
      vertex 0.19368 16.0179 3.2
    endloop
  endfacet
  facet normal 0 0 1
    outer loop
      vertex -0.416382 15.882 3.2
      vertex 0.19368 16.0179 3.2
      vertex 0.0655975 16.0464 3.2
    endloop
  endfacet
  facet normal 0 0 1
    outer loop
      vertex 14.2163 2.58203 3.2
      vertex 1.52588e-05 14.6167 3.2
      vertex 13.2 1.89497 3.2
    endloop
  endfacet
  facet normal 0 0 1
    outer loop
      vertex -0.416382 15.882 3.2
      vertex 0.0655975 16.0464 3.2
      vertex -0.0655975 16.0464 3.2
    endloop
  endfacet
  facet normal 0 0 1
    outer loop
      vertex -0.416382 15.882 3.2
      vertex -0.0655975 16.0464 3.2
      vertex -0.19368 16.0179 3.2
    endloop
  endfacet
  facet normal 0 0 1
    outer loop
      vertex -0.416382 15.882 3.2
      vertex -0.19368 16.0179 3.2
      vertex -0.312485 15.9622 3.2
    endloop
  endfacet
  facet normal 0 0 1
    outer loop
      vertex 0.416351 15.882 3.2
      vertex -0.416382 15.882 3.2
      vertex 1.52588e-05 14.6167 3.2
    endloop
  endfacet
  facet normal 0 0 1
    outer loop
      vertex -14.2164 2.582 3.2
      vertex 1.52588e-05 14.6167 3.2
      vertex -0.416382 15.882 3.2
    endloop
  endfacet
  facet normal 0 0 1
    outer loop
      vertex -14.4 -16.05 3.2
      vertex -13.2 -16.05 3.2
      vertex -13.2 1.89497 3.2
    endloop
  endfacet
  facet normal 0 0 1
    outer loop
      vertex -13.2 -16.05 3.2
      vertex -14.4 -16.05 3.2
      vertex -13.2131 -16.1747 3.2
    endloop
  endfacet
  facet normal 0 0 1
    outer loop
      vertex -13.2131 -16.1747 3.2
      vertex -14.4 -16.05 3.2
      vertex -13.2519 -16.294 3.2
    endloop
  endfacet
  facet normal 0 0 1
    outer loop
      vertex -13.2519 -16.294 3.2
      vertex -14.4 -16.05 3.2
      vertex -13.3146 -16.4027 3.2
    endloop
  endfacet
  facet normal 0 0 1
    outer loop
      vertex -13.3146 -16.4027 3.2
      vertex -14.4 -16.05 3.2
      vertex -13.3985 -16.4959 3.2
    endloop
  endfacet
  facet normal 0 0 1
    outer loop
      vertex -13.3985 -16.4959 3.2
      vertex -14.4 -16.05 3.2
      vertex -13.5 -16.5696 3.2
    endloop
  endfacet
  facet normal 0 0 1
    outer loop
      vertex -13.5 -16.5696 3.2
      vertex -14.4 -16.05 3.2
      vertex -13.6146 -16.6206 3.2
    endloop
  endfacet
  facet normal 0 0 1
    outer loop
      vertex -13.6146 -16.6206 3.2
      vertex -14.4 -16.05 3.2
      vertex -13.7373 -16.6467 3.2
    endloop
  endfacet
  facet normal 0 0 1
    outer loop
      vertex -13.7373 -16.6467 3.2
      vertex -14.4 -16.05 3.2
      vertex -13.8627 -16.6467 3.2
    endloop
  endfacet
  facet normal 0 0 1
    outer loop
      vertex -13.8627 -16.6467 3.2
      vertex -14.4 -16.05 3.2
      vertex -13.9854 -16.6206 3.2
    endloop
  endfacet
  facet normal 0 0 1
    outer loop
      vertex -13.9854 -16.6206 3.2
      vertex -14.4 -16.05 3.2
      vertex -14.1 -16.5696 3.2
    endloop
  endfacet
  facet normal 0 0 1
    outer loop
      vertex 1.52588e-05 14.6167 3.2
      vertex -14.2164 2.582 3.2
      vertex -13.2 1.89497 3.2
    endloop
  endfacet
  facet normal -0 0 1
    outer loop
      vertex -14.4 2.14999 3.2
      vertex -13.2 1.89497 3.2
      vertex -14.2164 2.582 3.2
    endloop
  endfacet
  facet normal 0 0 1
    outer loop
      vertex -14.4 -16.05 3.2
      vertex -13.2 1.89497 3.2
      vertex -14.4 2.14999 3.2
    endloop
  endfacet
  facet normal 0 0 1
    outer loop
      vertex -14.4 2.14999 3.2
      vertex -14.2164 2.582 3.2
      vertex -14.2942 2.4902 3.2
    endloop
  endfacet
  facet normal 0 0 1
    outer loop
      vertex -14.1 -16.5696 3.2
      vertex -14.4 -16.05 3.2
      vertex -14.2015 -16.4959 3.2
    endloop
  endfacet
  facet normal 0 0 1
    outer loop
      vertex -14.4 2.14999 3.2
      vertex -14.2942 2.4902 3.2
      vertex -14.3522 2.3847 3.2
    endloop
  endfacet
  facet normal 0 0 1
    outer loop
      vertex -14.2854 -16.4027 3.2
      vertex -14.4 -16.05 3.2
      vertex -14.3481 -16.294 3.2
    endloop
  endfacet
  facet normal 0 0 1
    outer loop
      vertex -14.4 2.14999 3.2
      vertex -14.3522 2.3847 3.2
      vertex -14.3879 2.26976 3.2
    endloop
  endfacet
  facet normal 0 0 1
    outer loop
      vertex -14.2015 -16.4959 3.2
      vertex -14.4 -16.05 3.2
      vertex -14.2854 -16.4027 3.2
    endloop
  endfacet
  facet normal 0 0 1
    outer loop
      vertex -14.3481 -16.294 3.2
      vertex -14.4 -16.05 3.2
      vertex -14.3869 -16.1747 3.2
    endloop
  endfacet
  facet normal 0 0 1
    outer loop
      vertex 13.2519 -16.294 3.2
      vertex 13.2 -16.05 3.2
      vertex 13.2131 -16.1747 3.2
    endloop
  endfacet
  facet normal 0.406582 -0.913614 0
    outer loop
      vertex -13.6146 -16.6206 2.5
      vertex -13.5 -16.5696 3.2
      vertex -13.6146 -16.6206 3.2
    endloop
  endfacet
  facet normal 0.406582 -0.913614 0
    outer loop
      vertex -13.5 -16.5696 3.2
      vertex -13.6146 -16.6206 2.5
      vertex -13.5 -16.5696 2.5
    endloop
  endfacet
  facet normal 0.587555 -0.809184 0
    outer loop
      vertex -13.5 -16.5696 2.5
      vertex -13.3985 -16.4959 3.2
      vertex -13.5 -16.5696 3.2
    endloop
  endfacet
  facet normal 0.587555 -0.809184 0
    outer loop
      vertex -13.3985 -16.4959 3.2
      vertex -13.5 -16.5696 2.5
      vertex -13.3985 -16.4959 2.5
    endloop
  endfacet
  facet normal 0.743215 -0.669053 0
    outer loop
      vertex -13.3985 -16.4959 3.2
      vertex -13.3146 -16.4027 2.5
      vertex -13.3146 -16.4027 3.2
    endloop
  endfacet
  facet normal 0.743215 -0.669053 0
    outer loop
      vertex -13.3146 -16.4027 2.5
      vertex -13.3985 -16.4959 3.2
      vertex -13.3985 -16.4959 2.5
    endloop
  endfacet
  facet normal 0.866225 -0.499653 0
    outer loop
      vertex -13.3146 -16.4027 3.2
      vertex -13.2519 -16.294 2.5
      vertex -13.2519 -16.294 3.2
    endloop
  endfacet
  facet normal 0.866225 -0.499653 0
    outer loop
      vertex -13.2519 -16.294 2.5
      vertex -13.3146 -16.4027 3.2
      vertex -13.3146 -16.4027 2.5
    endloop
  endfacet
  facet normal 0.95097 -0.309284 0
    outer loop
      vertex -13.2519 -16.294 3.2
      vertex -13.2131 -16.1747 2.5
      vertex -13.2131 -16.1747 3.2
    endloop
  endfacet
  facet normal 0.95097 -0.309284 0
    outer loop
      vertex -13.2131 -16.1747 2.5
      vertex -13.2519 -16.294 3.2
      vertex -13.2519 -16.294 2.5
    endloop
  endfacet
  facet normal 0.994527 -0.104477 0
    outer loop
      vertex -13.2131 -16.1747 3.2
      vertex -13.2 -16.05 2.5
      vertex -13.2 -16.05 3.2
    endloop
  endfacet
  facet normal 0.994527 -0.104477 0
    outer loop
      vertex -13.2 -16.05 2.5
      vertex -13.2131 -16.1747 3.2
      vertex -13.2131 -16.1747 2.5
    endloop
  endfacet
  facet normal 1 -0 0
    outer loop
      vertex -13.2 -16.05 3.2
      vertex -13.2 1.89497 2.5
      vertex -13.2 1.89497 3.2
    endloop
  endfacet
  facet normal 1 0 0
    outer loop
      vertex -13.2 1.89497 2.5
      vertex -13.2 -16.05 3.2
      vertex -13.2 -16.05 2.5
    endloop
  endfacet
  facet normal 0.693942 -0.720031 0
    outer loop
      vertex -13.2 1.89497 2.5
      vertex 1.52588e-05 14.6167 3.2
      vertex -13.2 1.89497 3.2
    endloop
  endfacet
  facet normal 0.693942 -0.720031 0
    outer loop
      vertex 1.52588e-05 14.6167 3.2
      vertex -13.2 1.89497 2.5
      vertex 1.52588e-05 14.6167 2.5
    endloop
  endfacet
  facet normal -0.693943 -0.72003 0
    outer loop
      vertex 1.52588e-05 14.6167 2.5
      vertex 13.2 1.89497 3.2
      vertex 1.52588e-05 14.6167 3.2
    endloop
  endfacet
  facet normal -0.693943 -0.72003 -0
    outer loop
      vertex 13.2 1.89497 3.2
      vertex 1.52588e-05 14.6167 2.5
      vertex 13.2 1.89497 2.5
    endloop
  endfacet
  facet normal -1 0 0
    outer loop
      vertex 13.2 -16.05 2.5
      vertex 13.2 1.89497 3.2
      vertex 13.2 1.89497 2.5
    endloop
  endfacet
  facet normal -1 -0 0
    outer loop
      vertex 13.2 1.89497 3.2
      vertex 13.2 -16.05 2.5
      vertex 13.2 -16.05 3.2
    endloop
  endfacet
  facet normal -0.994527 -0.104477 0
    outer loop
      vertex 13.2131 -16.1747 2.5
      vertex 13.2 -16.05 3.2
      vertex 13.2 -16.05 2.5
    endloop
  endfacet
  facet normal -0.994527 -0.104477 0
    outer loop
      vertex 13.2 -16.05 3.2
      vertex 13.2131 -16.1747 2.5
      vertex 13.2131 -16.1747 3.2
    endloop
  endfacet
  facet normal -0.95097 -0.309284 0
    outer loop
      vertex 13.2519 -16.294 2.5
      vertex 13.2131 -16.1747 3.2
      vertex 13.2131 -16.1747 2.5
    endloop
  endfacet
  facet normal -0.95097 -0.309284 0
    outer loop
      vertex 13.2131 -16.1747 3.2
      vertex 13.2519 -16.294 2.5
      vertex 13.2519 -16.294 3.2
    endloop
  endfacet
  facet normal -0.866225 -0.499653 0
    outer loop
      vertex 13.3146 -16.4027 2.5
      vertex 13.2519 -16.294 3.2
      vertex 13.2519 -16.294 2.5
    endloop
  endfacet
  facet normal -0.866225 -0.499653 0
    outer loop
      vertex 13.2519 -16.294 3.2
      vertex 13.3146 -16.4027 2.5
      vertex 13.3146 -16.4027 3.2
    endloop
  endfacet
  facet normal -0.743215 -0.669053 0
    outer loop
      vertex 13.3985 -16.4959 2.5
      vertex 13.3146 -16.4027 3.2
      vertex 13.3146 -16.4027 2.5
    endloop
  endfacet
  facet normal -0.743215 -0.669053 0
    outer loop
      vertex 13.3146 -16.4027 3.2
      vertex 13.3985 -16.4959 2.5
      vertex 13.3985 -16.4959 3.2
    endloop
  endfacet
  facet normal -0.587555 -0.809184 0
    outer loop
      vertex 13.3985 -16.4959 2.5
      vertex 13.5 -16.5696 3.2
      vertex 13.3985 -16.4959 3.2
    endloop
  endfacet
  facet normal -0.587555 -0.809184 -0
    outer loop
      vertex 13.5 -16.5696 3.2
      vertex 13.3985 -16.4959 2.5
      vertex 13.5 -16.5696 2.5
    endloop
  endfacet
  facet normal -0.406582 -0.913614 0
    outer loop
      vertex 13.5 -16.5696 2.5
      vertex 13.6146 -16.6206 3.2
      vertex 13.5 -16.5696 3.2
    endloop
  endfacet
  facet normal -0.406582 -0.913614 -0
    outer loop
      vertex 13.6146 -16.6206 3.2
      vertex 13.5 -16.5696 2.5
      vertex 13.6146 -16.6206 2.5
    endloop
  endfacet
  facet normal -0.208059 -0.978116 0
    outer loop
      vertex 13.6146 -16.6206 2.5
      vertex 13.7373 -16.6467 3.2
      vertex 13.6146 -16.6206 3.2
    endloop
  endfacet
  facet normal -0.208059 -0.978116 -0
    outer loop
      vertex 13.7373 -16.6467 3.2
      vertex 13.6146 -16.6206 2.5
      vertex 13.7373 -16.6467 2.5
    endloop
  endfacet
  facet normal 0 -1 0
    outer loop
      vertex 13.7373 -16.6467 2.5
      vertex 13.8627 -16.6467 3.2
      vertex 13.7373 -16.6467 3.2
    endloop
  endfacet
  facet normal 0 -1 -0
    outer loop
      vertex 13.8627 -16.6467 3.2
      vertex 13.7373 -16.6467 2.5
      vertex 13.8627 -16.6467 2.5
    endloop
  endfacet
  facet normal 0.208059 -0.978116 0
    outer loop
      vertex 13.8627 -16.6467 2.5
      vertex 13.9854 -16.6206 3.2
      vertex 13.8627 -16.6467 3.2
    endloop
  endfacet
  facet normal 0.208059 -0.978116 0
    outer loop
      vertex 13.9854 -16.6206 3.2
      vertex 13.8627 -16.6467 2.5
      vertex 13.9854 -16.6206 2.5
    endloop
  endfacet
  facet normal 0.406582 -0.913614 0
    outer loop
      vertex 13.9854 -16.6206 2.5
      vertex 14.1 -16.5696 3.2
      vertex 13.9854 -16.6206 3.2
    endloop
  endfacet
  facet normal 0.406582 -0.913614 0
    outer loop
      vertex 14.1 -16.5696 3.2
      vertex 13.9854 -16.6206 2.5
      vertex 14.1 -16.5696 2.5
    endloop
  endfacet
  facet normal 0.587555 -0.809184 0
    outer loop
      vertex 14.1 -16.5696 2.5
      vertex 14.2015 -16.4959 3.2
      vertex 14.1 -16.5696 3.2
    endloop
  endfacet
  facet normal 0.587555 -0.809184 0
    outer loop
      vertex 14.2015 -16.4959 3.2
      vertex 14.1 -16.5696 2.5
      vertex 14.2015 -16.4959 2.5
    endloop
  endfacet
  facet normal 0.743215 -0.669053 0
    outer loop
      vertex 14.2015 -16.4959 3.2
      vertex 14.2854 -16.4027 2.5
      vertex 14.2854 -16.4027 3.2
    endloop
  endfacet
  facet normal 0.743215 -0.669053 0
    outer loop
      vertex 14.2854 -16.4027 2.5
      vertex 14.2015 -16.4959 3.2
      vertex 14.2015 -16.4959 2.5
    endloop
  endfacet
  facet normal 0.866225 -0.499653 0
    outer loop
      vertex 14.2854 -16.4027 3.2
      vertex 14.3481 -16.294 2.5
      vertex 14.3481 -16.294 3.2
    endloop
  endfacet
  facet normal 0.866225 -0.499653 0
    outer loop
      vertex 14.3481 -16.294 2.5
      vertex 14.2854 -16.4027 3.2
      vertex 14.2854 -16.4027 2.5
    endloop
  endfacet
  facet normal 0.95097 -0.309284 0
    outer loop
      vertex 14.3481 -16.294 3.2
      vertex 14.3869 -16.1747 2.5
      vertex 14.3869 -16.1747 3.2
    endloop
  endfacet
  facet normal 0.95097 -0.309284 0
    outer loop
      vertex 14.3869 -16.1747 2.5
      vertex 14.3481 -16.294 3.2
      vertex 14.3481 -16.294 2.5
    endloop
  endfacet
  facet normal 0.994527 -0.104477 0
    outer loop
      vertex 14.3869 -16.1747 3.2
      vertex 14.4 -16.05 2.5
      vertex 14.4 -16.05 3.2
    endloop
  endfacet
  facet normal 0.994527 -0.104477 0
    outer loop
      vertex 14.4 -16.05 2.5
      vertex 14.3869 -16.1747 3.2
      vertex 14.3869 -16.1747 2.5
    endloop
  endfacet
  facet normal 1 -0 0
    outer loop
      vertex 14.4 -16.05 3.2
      vertex 14.4 2.14999 2.5
      vertex 14.4 2.14999 3.2
    endloop
  endfacet
  facet normal 1 0 0
    outer loop
      vertex 14.4 2.14999 2.5
      vertex 14.4 -16.05 3.2
      vertex 14.4 -16.05 2.5
    endloop
  endfacet
  facet normal 0.994936 0.100515 0
    outer loop
      vertex 14.4 2.14999 3.2
      vertex 14.3879 2.26976 2.5
      vertex 14.3879 2.26976 3.2
    endloop
  endfacet
  facet normal 0.994936 0.100515 0
    outer loop
      vertex 14.3879 2.26976 2.5
      vertex 14.4 2.14999 3.2
      vertex 14.4 2.14999 2.5
    endloop
  endfacet
  facet normal 0.954996 0.296619 0
    outer loop
      vertex 14.3879 2.26976 3.2
      vertex 14.3522 2.3847 2.5
      vertex 14.3522 2.3847 3.2
    endloop
  endfacet
  facet normal 0.954996 0.296619 0
    outer loop
      vertex 14.3522 2.3847 2.5
      vertex 14.3879 2.26976 3.2
      vertex 14.3879 2.26976 2.5
    endloop
  endfacet
  facet normal 0.876304 0.481759 0
    outer loop
      vertex 14.3522 2.3847 3.2
      vertex 14.2942 2.4902 2.5
      vertex 14.2942 2.4902 3.2
    endloop
  endfacet
  facet normal 0.876304 0.481759 0
    outer loop
      vertex 14.2942 2.4902 2.5
      vertex 14.3522 2.3847 3.2
      vertex 14.3522 2.3847 2.5
    endloop
  endfacet
  facet normal 0.762576 0.646898 0
    outer loop
      vertex 14.2942 2.4902 3.2
      vertex 14.2163 2.58203 2.5
      vertex 14.2163 2.58203 3.2
    endloop
  endfacet
  facet normal 0.762576 0.646898 0
    outer loop
      vertex 14.2163 2.58203 2.5
      vertex 14.2942 2.4902 3.2
      vertex 14.2942 2.4902 2.5
    endloop
  endfacet
  facet normal 0.693943 0.72003 -0
    outer loop
      vertex 14.2163 2.58203 2.5
      vertex 0.416351 15.882 3.2
      vertex 14.2163 2.58203 3.2
    endloop
  endfacet
  facet normal 0.693943 0.72003 0
    outer loop
      vertex 0.416351 15.882 3.2
      vertex 14.2163 2.58203 2.5
      vertex 0.416351 15.882 2.5
    endloop
  endfacet
  facet normal 0.611161 0.791507 -0
    outer loop
      vertex 0.416351 15.882 2.5
      vertex 0.312485 15.9622 3.2
      vertex 0.416351 15.882 3.2
    endloop
  endfacet
  facet normal 0.611161 0.791507 0
    outer loop
      vertex 0.312485 15.9622 3.2
      vertex 0.416351 15.882 2.5
      vertex 0.312485 15.9622 2.5
    endloop
  endfacet
  facet normal 0.424497 0.905429 -0
    outer loop
      vertex 0.312485 15.9622 2.5
      vertex 0.19368 16.0179 3.2
      vertex 0.312485 15.9622 3.2
    endloop
  endfacet
  facet normal 0.424497 0.905429 0
    outer loop
      vertex 0.19368 16.0179 3.2
      vertex 0.312485 15.9622 2.5
      vertex 0.19368 16.0179 2.5
    endloop
  endfacet
  facet normal 0.217201 0.976127 -0
    outer loop
      vertex 0.19368 16.0179 2.5
      vertex 0.0655975 16.0464 3.2
      vertex 0.19368 16.0179 3.2
    endloop
  endfacet
  facet normal 0.217201 0.976127 0
    outer loop
      vertex 0.0655975 16.0464 3.2
      vertex 0.19368 16.0179 2.5
      vertex 0.0655975 16.0464 2.5
    endloop
  endfacet
  facet normal 0 1 -0
    outer loop
      vertex 0.0655975 16.0464 2.5
      vertex -0.0655975 16.0464 3.2
      vertex 0.0655975 16.0464 3.2
    endloop
  endfacet
  facet normal 0 1 0
    outer loop
      vertex -0.0655975 16.0464 3.2
      vertex 0.0655975 16.0464 2.5
      vertex -0.0655975 16.0464 2.5
    endloop
  endfacet
  facet normal -0.217201 0.976127 0
    outer loop
      vertex -0.0655975 16.0464 2.5
      vertex -0.19368 16.0179 3.2
      vertex -0.0655975 16.0464 3.2
    endloop
  endfacet
  facet normal -0.217201 0.976127 0
    outer loop
      vertex -0.19368 16.0179 3.2
      vertex -0.0655975 16.0464 2.5
      vertex -0.19368 16.0179 2.5
    endloop
  endfacet
  facet normal -0.424497 0.905429 0
    outer loop
      vertex -0.19368 16.0179 2.5
      vertex -0.312485 15.9622 3.2
      vertex -0.19368 16.0179 3.2
    endloop
  endfacet
  facet normal -0.424497 0.905429 0
    outer loop
      vertex -0.312485 15.9622 3.2
      vertex -0.19368 16.0179 2.5
      vertex -0.312485 15.9622 2.5
    endloop
  endfacet
  facet normal -0.611046 0.791595 0
    outer loop
      vertex -0.312485 15.9622 2.5
      vertex -0.416382 15.882 3.2
      vertex -0.312485 15.9622 3.2
    endloop
  endfacet
  facet normal -0.611046 0.791595 0
    outer loop
      vertex -0.416382 15.882 3.2
      vertex -0.312485 15.9622 2.5
      vertex -0.416382 15.882 2.5
    endloop
  endfacet
  facet normal -0.693942 0.720031 0
    outer loop
      vertex -0.416382 15.882 2.5
      vertex -14.2164 2.582 3.2
      vertex -0.416382 15.882 3.2
    endloop
  endfacet
  facet normal -0.693942 0.720031 0
    outer loop
      vertex -14.2164 2.582 3.2
      vertex -0.416382 15.882 2.5
      vertex -14.2164 2.582 2.5
    endloop
  endfacet
  facet normal -0.762882 0.646538 0
    outer loop
      vertex -14.2942 2.4902 2.5
      vertex -14.2164 2.582 3.2
      vertex -14.2164 2.582 2.5
    endloop
  endfacet
  facet normal -0.762882 0.646538 0
    outer loop
      vertex -14.2164 2.582 3.2
      vertex -14.2942 2.4902 2.5
      vertex -14.2942 2.4902 3.2
    endloop
  endfacet
  facet normal -0.876304 0.481759 0
    outer loop
      vertex -14.3522 2.3847 2.5
      vertex -14.2942 2.4902 3.2
      vertex -14.2942 2.4902 2.5
    endloop
  endfacet
  facet normal -0.876304 0.481759 0
    outer loop
      vertex -14.2942 2.4902 3.2
      vertex -14.3522 2.3847 2.5
      vertex -14.3522 2.3847 3.2
    endloop
  endfacet
  facet normal -0.954996 0.296619 0
    outer loop
      vertex -14.3879 2.26976 2.5
      vertex -14.3522 2.3847 3.2
      vertex -14.3522 2.3847 2.5
    endloop
  endfacet
  facet normal -0.954996 0.296619 0
    outer loop
      vertex -14.3522 2.3847 3.2
      vertex -14.3879 2.26976 2.5
      vertex -14.3879 2.26976 3.2
    endloop
  endfacet
  facet normal -0.994936 0.100515 0
    outer loop
      vertex -14.4 2.14999 2.5
      vertex -14.3879 2.26976 3.2
      vertex -14.3879 2.26976 2.5
    endloop
  endfacet
  facet normal -0.994936 0.100515 0
    outer loop
      vertex -14.3879 2.26976 3.2
      vertex -14.4 2.14999 2.5
      vertex -14.4 2.14999 3.2
    endloop
  endfacet
  facet normal -1 0 0
    outer loop
      vertex -14.4 -16.05 2.5
      vertex -14.4 2.14999 3.2
      vertex -14.4 2.14999 2.5
    endloop
  endfacet
  facet normal -1 -0 0
    outer loop
      vertex -14.4 2.14999 3.2
      vertex -14.4 -16.05 2.5
      vertex -14.4 -16.05 3.2
    endloop
  endfacet
  facet normal -0.994527 -0.104477 0
    outer loop
      vertex -14.3869 -16.1747 2.5
      vertex -14.4 -16.05 3.2
      vertex -14.4 -16.05 2.5
    endloop
  endfacet
  facet normal -0.994527 -0.104477 0
    outer loop
      vertex -14.4 -16.05 3.2
      vertex -14.3869 -16.1747 2.5
      vertex -14.3869 -16.1747 3.2
    endloop
  endfacet
  facet normal -0.95097 -0.309284 0
    outer loop
      vertex -14.3481 -16.294 2.5
      vertex -14.3869 -16.1747 3.2
      vertex -14.3869 -16.1747 2.5
    endloop
  endfacet
  facet normal -0.95097 -0.309284 0
    outer loop
      vertex -14.3869 -16.1747 3.2
      vertex -14.3481 -16.294 2.5
      vertex -14.3481 -16.294 3.2
    endloop
  endfacet
  facet normal -0.866225 -0.499653 0
    outer loop
      vertex -14.2854 -16.4027 2.5
      vertex -14.3481 -16.294 3.2
      vertex -14.3481 -16.294 2.5
    endloop
  endfacet
  facet normal -0.866225 -0.499653 0
    outer loop
      vertex -14.3481 -16.294 3.2
      vertex -14.2854 -16.4027 2.5
      vertex -14.2854 -16.4027 3.2
    endloop
  endfacet
  facet normal -0.743215 -0.669053 0
    outer loop
      vertex -14.2015 -16.4959 2.5
      vertex -14.2854 -16.4027 3.2
      vertex -14.2854 -16.4027 2.5
    endloop
  endfacet
  facet normal -0.743215 -0.669053 0
    outer loop
      vertex -14.2854 -16.4027 3.2
      vertex -14.2015 -16.4959 2.5
      vertex -14.2015 -16.4959 3.2
    endloop
  endfacet
  facet normal -0.587555 -0.809184 0
    outer loop
      vertex -14.2015 -16.4959 2.5
      vertex -14.1 -16.5696 3.2
      vertex -14.2015 -16.4959 3.2
    endloop
  endfacet
  facet normal -0.587555 -0.809184 -0
    outer loop
      vertex -14.1 -16.5696 3.2
      vertex -14.2015 -16.4959 2.5
      vertex -14.1 -16.5696 2.5
    endloop
  endfacet
  facet normal -0.406582 -0.913614 0
    outer loop
      vertex -14.1 -16.5696 2.5
      vertex -13.9854 -16.6206 3.2
      vertex -14.1 -16.5696 3.2
    endloop
  endfacet
  facet normal -0.406582 -0.913614 -0
    outer loop
      vertex -13.9854 -16.6206 3.2
      vertex -14.1 -16.5696 2.5
      vertex -13.9854 -16.6206 2.5
    endloop
  endfacet
  facet normal -0.208059 -0.978116 0
    outer loop
      vertex -13.9854 -16.6206 2.5
      vertex -13.8627 -16.6467 3.2
      vertex -13.9854 -16.6206 3.2
    endloop
  endfacet
  facet normal -0.208059 -0.978116 -0
    outer loop
      vertex -13.8627 -16.6467 3.2
      vertex -13.9854 -16.6206 2.5
      vertex -13.8627 -16.6467 2.5
    endloop
  endfacet
  facet normal 0 -1 0
    outer loop
      vertex -13.8627 -16.6467 2.5
      vertex -13.7373 -16.6467 3.2
      vertex -13.8627 -16.6467 3.2
    endloop
  endfacet
  facet normal 0 -1 -0
    outer loop
      vertex -13.7373 -16.6467 3.2
      vertex -13.8627 -16.6467 2.5
      vertex -13.7373 -16.6467 2.5
    endloop
  endfacet
  facet normal 0.208059 -0.978116 0
    outer loop
      vertex -13.7373 -16.6467 2.5
      vertex -13.6146 -16.6206 3.2
      vertex -13.7373 -16.6467 3.2
    endloop
  endfacet
  facet normal 0.208059 -0.978116 0
    outer loop
      vertex -13.6146 -16.6206 3.2
      vertex -13.7373 -16.6467 2.5
      vertex -13.6146 -16.6206 2.5
    endloop
  endfacet
  facet normal -1 0 0
    outer loop
      vertex -15 -17.25 -2.5
      vertex -15 2.75 2.5
      vertex -15 2.75 -2.5
    endloop
  endfacet
  facet normal -1 -0 0
    outer loop
      vertex -15 2.75 2.5
      vertex -15 -17.25 -2.5
      vertex -15 -17.25 2.5
    endloop
  endfacet
  facet normal -0.695022 0.718988 0
    outer loop
      vertex 0 17.25 -2.5
      vertex -15 2.75 2.5
      vertex 0 17.25 2.5
    endloop
  endfacet
  facet normal -0.695022 0.718988 0
    outer loop
      vertex -15 2.75 2.5
      vertex 0 17.25 -2.5
      vertex -15 2.75 -2.5
    endloop
  endfacet
  facet normal 1 -0 0
    outer loop
      vertex 15 -17.25 2.5
      vertex 15 2.75 -2.5
      vertex 15 2.75 2.5
    endloop
  endfacet
  facet normal 1 0 0
    outer loop
      vertex 15 2.75 -2.5
      vertex 15 -17.25 2.5
      vertex 15 -17.25 -2.5
    endloop
  endfacet
  facet normal 0.695022 0.718988 -0
    outer loop
      vertex 15 2.75 -2.5
      vertex 0 17.25 2.5
      vertex 15 2.75 2.5
    endloop
  endfacet
  facet normal 0.695022 0.718988 0
    outer loop
      vertex 0 17.25 2.5
      vertex 15 2.75 -2.5
      vertex 0 17.25 -2.5
    endloop
  endfacet
  facet normal 0 -1 0
    outer loop
      vertex -15 -17.25 -2.5
      vertex 15 -17.25 2.5
      vertex -15 -17.25 2.5
    endloop
  endfacet
  facet normal 0 -1 -0
    outer loop
      vertex 15 -17.25 2.5
      vertex -15 -17.25 -2.5
      vertex 15 -17.25 -2.5
    endloop
  endfacet
  facet normal -0 0 -1
    outer loop
      vertex 4.32027 -0.386755 -2.5
      vertex 2.56785 -0.834346 -2.5
      vertex 2.68521 -0.282227 -2.5
    endloop
  endfacet
  facet normal 0 0 -1
    outer loop
      vertex 4.79571 -1.85 -2.5
      vertex 2.33827 -1.35 -2.5
      vertex 2.56785 -0.834346 -2.5
    endloop
  endfacet
  facet normal 0 0 -1
    outer loop
      vertex 4.79571 -1.85 -2.5
      vertex 2.00649 -1.80665 -2.5
      vertex 2.33827 -1.35 -2.5
    endloop
  endfacet
  facet normal 0 0 -1
    outer loop
      vertex 1.91166 -4.70634 -2.5
      vertex 2.00649 -1.80665 -2.5
      vertex 2.76259 -5.19762 -2.5
    endloop
  endfacet
  facet normal 0 0 -1
    outer loop
      vertex 1.91166 -4.70634 -2.5
      vertex 1.58702 -2.18435 -2.5
      vertex 2.00649 -1.80665 -2.5
    endloop
  endfacet
  facet normal 0 0 -1
    outer loop
      vertex 1.91166 -4.70634 -2.5
      vertex 1.09819 -2.46657 -2.5
      vertex 1.58702 -2.18435 -2.5
    endloop
  endfacet
  facet normal 0 0 -1
    outer loop
      vertex 0.977184 -4.40271 -2.5
      vertex 1.09819 -2.46657 -2.5
      vertex 1.91166 -4.70634 -2.5
    endloop
  endfacet
  facet normal 0 0 -1
    outer loop
      vertex 0.977184 -4.40271 -2.5
      vertex 0.561361 -2.641 -2.5
      vertex 1.09819 -2.46657 -2.5
    endloop
  endfacet
  facet normal 0 0 -1
    outer loop
      vertex 0 -4.3 -2.5
      vertex 0.561361 -2.641 -2.5
      vertex 0.977184 -4.40271 -2.5
    endloop
  endfacet
  facet normal 0 0 -1
    outer loop
      vertex 0 -4.3 -2.5
      vertex 0 -2.7 -2.5
      vertex 0.561361 -2.641 -2.5
    endloop
  endfacet
  facet normal 0 0 -1
    outer loop
      vertex 0 -4.3 -2.5
      vertex -0.561361 -2.641 -2.5
      vertex 0 -2.7 -2.5
    endloop
  endfacet
  facet normal 0 0 -1
    outer loop
      vertex -0.977184 -4.40271 -2.5
      vertex -0.561361 -2.641 -2.5
      vertex 0 -4.3 -2.5
    endloop
  endfacet
  facet normal 0 0 -1
    outer loop
      vertex -0.977184 -4.40271 -2.5
      vertex -1.09819 -2.46657 -2.5
      vertex -0.561361 -2.641 -2.5
    endloop
  endfacet
  facet normal 0 0 -1
    outer loop
      vertex -1.91166 -4.70634 -2.5
      vertex -1.09819 -2.46657 -2.5
      vertex -0.977184 -4.40271 -2.5
    endloop
  endfacet
  facet normal -0 0 -1
    outer loop
      vertex -1.09819 -2.46657 -2.5
      vertex -1.91166 -4.70634 -2.5
      vertex -1.58702 -2.18435 -2.5
    endloop
  endfacet
  facet normal 0 0 -1
    outer loop
      vertex -1.91166 -4.70634 -2.5
      vertex -2.00649 -1.80665 -2.5
      vertex -1.58702 -2.18435 -2.5
    endloop
  endfacet
  facet normal 0 0 -1
    outer loop
      vertex -2.76259 -5.19762 -2.5
      vertex -2.00649 -1.80665 -2.5
      vertex -1.91166 -4.70634 -2.5
    endloop
  endfacet
  facet normal 0 0 -1
    outer loop
      vertex -2.00649 -1.80665 -2.5
      vertex -4.72872 -1.6 -2.5
      vertex -2.33827 -1.35 -2.5
    endloop
  endfacet
  facet normal 0 -0 -1
    outer loop
      vertex -4.45662 -0.988853 -2.5
      vertex -2.33827 -1.35 -2.5
      vertex -4.72872 -1.6 -2.5
    endloop
  endfacet
  facet normal 0 0 -1
    outer loop
      vertex -2.33827 -1.35 -2.5
      vertex -4.45662 -0.988853 -2.5
      vertex -2.56785 -0.834346 -2.5
    endloop
  endfacet
  facet normal -0 0 -1
    outer loop
      vertex -2.00649 -1.80665 -2.5
      vertex -2.76259 -5.19762 -2.5
      vertex -4.72872 -1.6 -2.5
    endloop
  endfacet
  facet normal 0 0 -1
    outer loop
      vertex 11.2043 -1.85 -2.5
      vertex 15 2.75 -2.5
      vertex 15 -17.25 -2.5
    endloop
  endfacet
  facet normal 0 0 -1
    outer loop
      vertex 15 2.75 -2.5
      vertex 11.5189 -1.14336 -2.5
      vertex 11.6797 -0.386755 -2.5
    endloop
  endfacet
  facet normal 0 0 -1
    outer loop
      vertex 15 2.75 -2.5
      vertex 11.2043 -1.85 -2.5
      vertex 11.5189 -1.14336 -2.5
    endloop
  endfacet
  facet normal 0 0 -1
    outer loop
      vertex 15 -17.25 -2.5
      vertex 10.7496 -2.47578 -2.5
      vertex 11.2043 -1.85 -2.5
    endloop
  endfacet
  facet normal 0 0 -1
    outer loop
      vertex 15 -17.25 -2.5
      vertex 10.1748 -2.99336 -2.5
      vertex 10.7496 -2.47578 -2.5
    endloop
  endfacet
  facet normal 0 0 -1
    outer loop
      vertex 15 -17.25 -2.5
      vertex 9.50492 -3.38012 -2.5
      vertex 10.1748 -2.99336 -2.5
    endloop
  endfacet
  facet normal 0 0 -1
    outer loop
      vertex 4.67425 -9.49128 -2.5
      vertex 9.50492 -3.38012 -2.5
      vertex 15 -17.25 -2.5
    endloop
  endfacet
  facet normal 0 0 -1
    outer loop
      vertex 9.50492 -3.38012 -2.5
      vertex 4.67425 -9.49128 -2.5
      vertex 8.76927 -3.61915 -2.5
    endloop
  endfacet
  facet normal 0 0 -1
    outer loop
      vertex 4.67425 -8.50872 -2.5
      vertex 8.76927 -3.61915 -2.5
      vertex 4.67425 -9.49128 -2.5
    endloop
  endfacet
  facet normal 0 0 -1
    outer loop
      vertex 8.76927 -3.61915 -2.5
      vertex 4.67425 -8.50872 -2.5
      vertex 8 -3.7 -2.5
    endloop
  endfacet
  facet normal -0 0 -1
    outer loop
      vertex 8 -3.7 -2.5
      vertex 4.46996 -7.54762 -2.5
      vertex 7.23073 -3.61915 -2.5
    endloop
  endfacet
  facet normal 0 0 -1
    outer loop
      vertex 4.07032 -6.65 -2.5
      vertex 7.23073 -3.61915 -2.5
      vertex 4.46996 -7.54762 -2.5
    endloop
  endfacet
  facet normal -0 0 -1
    outer loop
      vertex 7.23073 -3.61915 -2.5
      vertex 4.07032 -6.65 -2.5
      vertex 6.49508 -3.38012 -2.5
    endloop
  endfacet
  facet normal 0 0 -1
    outer loop
      vertex 4.46996 -7.54762 -2.5
      vertex 8 -3.7 -2.5
      vertex 4.67425 -8.50872 -2.5
    endloop
  endfacet
  facet normal 0 0 -1
    outer loop
      vertex 15 -17.25 -2.5
      vertex 4.46996 -10.4524 -2.5
      vertex 4.67425 -9.49128 -2.5
    endloop
  endfacet
  facet normal 0 0 -1
    outer loop
      vertex 15 -17.25 -2.5
      vertex 4.07032 -11.35 -2.5
      vertex 4.46996 -10.4524 -2.5
    endloop
  endfacet
  facet normal 0 0 -1
    outer loop
      vertex 15 -17.25 -2.5
      vertex 3.49278 -12.1449 -2.5
      vertex 4.07032 -11.35 -2.5
    endloop
  endfacet
  facet normal 0 0 -1
    outer loop
      vertex 15 -17.25 -2.5
      vertex 2.76259 -12.8024 -2.5
      vertex 3.49278 -12.1449 -2.5
    endloop
  endfacet
  facet normal 0 0 -1
    outer loop
      vertex 15 -17.25 -2.5
      vertex 1.91166 -13.2937 -2.5
      vertex 2.76259 -12.8024 -2.5
    endloop
  endfacet
  facet normal 0 0 -1
    outer loop
      vertex 15 -17.25 -2.5
      vertex 0.977184 -13.5973 -2.5
      vertex 1.91166 -13.2937 -2.5
    endloop
  endfacet
  facet normal 0 0 -1
    outer loop
      vertex 15 -17.25 -2.5
      vertex 0 -13.7 -2.5
      vertex 0.977184 -13.5973 -2.5
    endloop
  endfacet
  facet normal 0 0 -1
    outer loop
      vertex -15 -17.25 -2.5
      vertex 0 -13.7 -2.5
      vertex 15 -17.25 -2.5
    endloop
  endfacet
  facet normal 0 0 -1
    outer loop
      vertex -8.80156 -2.92334 -2.5
      vertex -4.67425 -8.50872 -2.5
      vertex -4.67425 -9.49128 -2.5
    endloop
  endfacet
  facet normal 0 0 -1
    outer loop
      vertex -4.67425 -8.50872 -2.5
      vertex -5.12194 -2.14122 -2.5
      vertex -4.72872 -1.6 -2.5
    endloop
  endfacet
  facet normal 0 0 -1
    outer loop
      vertex -4.67425 -8.50872 -2.5
      vertex -5.61909 -2.58885 -2.5
      vertex -5.12194 -2.14122 -2.5
    endloop
  endfacet
  facet normal 0 0 -1
    outer loop
      vertex -4.67425 -8.50872 -2.5
      vertex -6.19844 -2.92334 -2.5
      vertex -5.61909 -2.58885 -2.5
    endloop
  endfacet
  facet normal 0 0 -1
    outer loop
      vertex -15 -17.25 -2.5
      vertex -4.67425 -9.49128 -2.5
      vertex -4.46996 -10.4524 -2.5
    endloop
  endfacet
  facet normal 0 0 -1
    outer loop
      vertex -4.67425 -8.50872 -2.5
      vertex -6.83468 -3.13007 -2.5
      vertex -6.19844 -2.92334 -2.5
    endloop
  endfacet
  facet normal 0 0 -1
    outer loop
      vertex -4.67425 -8.50872 -2.5
      vertex -7.5 -3.2 -2.5
      vertex -6.83468 -3.13007 -2.5
    endloop
  endfacet
  facet normal 0 0 -1
    outer loop
      vertex -4.67425 -8.50872 -2.5
      vertex -8.16532 -3.13007 -2.5
      vertex -7.5 -3.2 -2.5
    endloop
  endfacet
  facet normal 0 0 -1
    outer loop
      vertex -15 -17.25 -2.5
      vertex -4.46996 -10.4524 -2.5
      vertex -4.07032 -11.35 -2.5
    endloop
  endfacet
  facet normal 0 0 -1
    outer loop
      vertex -4.67425 -8.50872 -2.5
      vertex -8.80156 -2.92334 -2.5
      vertex -8.16532 -3.13007 -2.5
    endloop
  endfacet
  facet normal -0 0 -1
    outer loop
      vertex -4.67425 -9.49128 -2.5
      vertex -15 -17.25 -2.5
      vertex -8.80156 -2.92334 -2.5
    endloop
  endfacet
  facet normal -0 0 -1
    outer loop
      vertex -8.80156 -2.92334 -2.5
      vertex -15 -17.25 -2.5
      vertex -9.38091 -2.58885 -2.5
    endloop
  endfacet
  facet normal -0 0 -1
    outer loop
      vertex -9.38091 -2.58885 -2.5
      vertex -15 -17.25 -2.5
      vertex -9.87806 -2.14122 -2.5
    endloop
  endfacet
  facet normal 0 0 -1
    outer loop
      vertex -10.5434 -0.988853 -2.5
      vertex -15 2.75 -2.5
      vertex -10.6825 -0.334491 -2.5
    endloop
  endfacet
  facet normal 0 0 -1
    outer loop
      vertex -10.2713 -1.6 -2.5
      vertex -15 2.75 -2.5
      vertex -10.5434 -0.988853 -2.5
    endloop
  endfacet
  facet normal 0 0 -1
    outer loop
      vertex -15 2.75 -2.5
      vertex -10.2713 -1.6 -2.5
      vertex -15 -17.25 -2.5
    endloop
  endfacet
  facet normal -0 0 -1
    outer loop
      vertex -9.87806 -2.14122 -2.5
      vertex -15 -17.25 -2.5
      vertex -10.2713 -1.6 -2.5
    endloop
  endfacet
  facet normal -0 0 -1
    outer loop
      vertex -3.49278 -12.1449 -2.5
      vertex -15 -17.25 -2.5
      vertex -4.07032 -11.35 -2.5
    endloop
  endfacet
  facet normal -0 0 -1
    outer loop
      vertex -2.76259 -12.8024 -2.5
      vertex -15 -17.25 -2.5
      vertex -3.49278 -12.1449 -2.5
    endloop
  endfacet
  facet normal -0 0 -1
    outer loop
      vertex -1.91166 -13.2937 -2.5
      vertex -15 -17.25 -2.5
      vertex -2.76259 -12.8024 -2.5
    endloop
  endfacet
  facet normal -0 0 -1
    outer loop
      vertex -0.977184 -13.5973 -2.5
      vertex -15 -17.25 -2.5
      vertex -1.91166 -13.2937 -2.5
    endloop
  endfacet
  facet normal -0 0 -1
    outer loop
      vertex 0 -13.7 -2.5
      vertex -15 -17.25 -2.5
      vertex -0.977184 -13.5973 -2.5
    endloop
  endfacet
  facet normal 0 0 -1
    outer loop
      vertex 11.6797 0.386755 -2.5
      vertex 15 2.75 -2.5
      vertex 11.6797 -0.386755 -2.5
    endloop
  endfacet
  facet normal 0 0 -1
    outer loop
      vertex 11.5189 1.14336 -2.5
      vertex 15 2.75 -2.5
      vertex 11.6797 0.386755 -2.5
    endloop
  endfacet
  facet normal 0 0 -1
    outer loop
      vertex 11.2043 1.85 -2.5
      vertex 15 2.75 -2.5
      vertex 11.5189 1.14336 -2.5
    endloop
  endfacet
  facet normal 0 0 -1
    outer loop
      vertex 10.7496 2.47578 -2.5
      vertex 15 2.75 -2.5
      vertex 11.2043 1.85 -2.5
    endloop
  endfacet
  facet normal 0 0 -1
    outer loop
      vertex 10.1748 2.99336 -2.5
      vertex 15 2.75 -2.5
      vertex 10.7496 2.47578 -2.5
    endloop
  endfacet
  facet normal 0 0 -1
    outer loop
      vertex 9.50492 3.38012 -2.5
      vertex 15 2.75 -2.5
      vertex 10.1748 2.99336 -2.5
    endloop
  endfacet
  facet normal 0 0 -1
    outer loop
      vertex 4.17699 8.93902 -2.5
      vertex 9.50492 3.38012 -2.5
      vertex 8.76927 3.61915 -2.5
    endloop
  endfacet
  facet normal 0 0 -1
    outer loop
      vertex 2.56785 0.834346 -2.5
      vertex 4.48109 1.14336 -2.5
      vertex 4.32027 0.386755 -2.5
    endloop
  endfacet
  facet normal 0 0 -1
    outer loop
      vertex 3.99444 7.20213 -2.5
      vertex 4.79571 1.85 -2.5
      vertex 4.48109 1.14336 -2.5
    endloop
  endfacet
  facet normal 0 0 -1
    outer loop
      vertex 3.99444 7.20213 -2.5
      vertex 5.25036 2.47578 -2.5
      vertex 4.79571 1.85 -2.5
    endloop
  endfacet
  facet normal 0 0 -1
    outer loop
      vertex 3.99444 7.20213 -2.5
      vertex 5.8252 2.99336 -2.5
      vertex 5.25036 2.47578 -2.5
    endloop
  endfacet
  facet normal 0 0 -1
    outer loop
      vertex 3.99444 7.20213 -2.5
      vertex 6.49508 3.38012 -2.5
      vertex 5.8252 2.99336 -2.5
    endloop
  endfacet
  facet normal 0 0 -1
    outer loop
      vertex 3.99444 7.20213 -2.5
      vertex 7.23073 3.61915 -2.5
      vertex 6.49508 3.38012 -2.5
    endloop
  endfacet
  facet normal 0 0 -1
    outer loop
      vertex 3.99444 7.20213 -2.5
      vertex 8 3.7 -2.5
      vertex 7.23073 3.61915 -2.5
    endloop
  endfacet
  facet normal 0 0 -1
    outer loop
      vertex 4.17699 8.06098 -2.5
      vertex 8.76927 3.61915 -2.5
      vertex 8 3.7 -2.5
    endloop
  endfacet
  facet normal 0 0 -1
    outer loop
      vertex 4.17699 8.93902 -2.5
      vertex 8.76927 3.61915 -2.5
      vertex 4.17699 8.06098 -2.5
    endloop
  endfacet
  facet normal 0 0 -1
    outer loop
      vertex 9.50492 3.38012 -2.5
      vertex 4.17699 8.93902 -2.5
      vertex 3.99444 9.79787 -2.5
    endloop
  endfacet
  facet normal 0 0 -1
    outer loop
      vertex 9.50492 3.38012 -2.5
      vertex 3.99444 9.79787 -2.5
      vertex 15 2.75 -2.5
    endloop
  endfacet
  facet normal 0 0 -1
    outer loop
      vertex 3.63731 10.6 -2.5
      vertex 15 2.75 -2.5
      vertex 3.99444 9.79787 -2.5
    endloop
  endfacet
  facet normal 0 0 -1
    outer loop
      vertex 3.12121 11.3103 -2.5
      vertex 15 2.75 -2.5
      vertex 3.63731 10.6 -2.5
    endloop
  endfacet
  facet normal 0 0 -1
    outer loop
      vertex 0 17.25 -2.5
      vertex 3.12121 11.3103 -2.5
      vertex 2.4687 11.8979 -2.5
    endloop
  endfacet
  facet normal 0 0 -1
    outer loop
      vertex 3.12121 11.3103 -2.5
      vertex 0 17.25 -2.5
      vertex 15 2.75 -2.5
    endloop
  endfacet
  facet normal 0 0 -1
    outer loop
      vertex 1.70829 12.3369 -2.5
      vertex 0 17.25 -2.5
      vertex 2.4687 11.8979 -2.5
    endloop
  endfacet
  facet normal 0 0 -1
    outer loop
      vertex 0.873229 12.6082 -2.5
      vertex 0 17.25 -2.5
      vertex 1.70829 12.3369 -2.5
    endloop
  endfacet
  facet normal 0 0 -1
    outer loop
      vertex 0 12.7 -2.5
      vertex 0 17.25 -2.5
      vertex 0.873229 12.6082 -2.5
    endloop
  endfacet
  facet normal 0 0 -1
    outer loop
      vertex -0.873229 12.6082 -2.5
      vertex 0 17.25 -2.5
      vertex 0 12.7 -2.5
    endloop
  endfacet
  facet normal 0 0 -1
    outer loop
      vertex -1.70829 12.3369 -2.5
      vertex 0 17.25 -2.5
      vertex -0.873229 12.6082 -2.5
    endloop
  endfacet
  facet normal 0 0 -1
    outer loop
      vertex -2.4687 11.8979 -2.5
      vertex 0 17.25 -2.5
      vertex -1.70829 12.3369 -2.5
    endloop
  endfacet
  facet normal 0 0 -1
    outer loop
      vertex -3.12121 11.3103 -2.5
      vertex 0 17.25 -2.5
      vertex -2.4687 11.8979 -2.5
    endloop
  endfacet
  facet normal 0 0 -1
    outer loop
      vertex -15 2.75 -2.5
      vertex -3.12121 11.3103 -2.5
      vertex -3.63731 10.6 -2.5
    endloop
  endfacet
  facet normal -0 0 -1
    outer loop
      vertex -2.4687 5.10213 -2.5
      vertex -5.61909 2.58885 -2.5
      vertex -3.12121 5.68965 -2.5
    endloop
  endfacet
  facet normal 0 0 -1
    outer loop
      vertex -6.19844 2.92334 -2.5
      vertex -3.12121 5.68965 -2.5
      vertex -5.61909 2.58885 -2.5
    endloop
  endfacet
  facet normal -0 0 -1
    outer loop
      vertex -3.12121 5.68965 -2.5
      vertex -6.19844 2.92334 -2.5
      vertex -3.63731 6.4 -2.5
    endloop
  endfacet
  facet normal 0 0 -1
    outer loop
      vertex -6.83468 3.13007 -2.5
      vertex -3.63731 6.4 -2.5
      vertex -6.19844 2.92334 -2.5
    endloop
  endfacet
  facet normal -0 0 -1
    outer loop
      vertex -3.63731 6.4 -2.5
      vertex -6.83468 3.13007 -2.5
      vertex -3.99444 7.20213 -2.5
    endloop
  endfacet
  facet normal 0 0 -1
    outer loop
      vertex -7.5 3.2 -2.5
      vertex -3.99444 7.20213 -2.5
      vertex -6.83468 3.13007 -2.5
    endloop
  endfacet
  facet normal -0 0 -1
    outer loop
      vertex -3.99444 7.20213 -2.5
      vertex -7.5 3.2 -2.5
      vertex -4.17699 8.06098 -2.5
    endloop
  endfacet
  facet normal 0 0 -1
    outer loop
      vertex -8.16532 3.13007 -2.5
      vertex -4.17699 8.06098 -2.5
      vertex -7.5 3.2 -2.5
    endloop
  endfacet
  facet normal -0 0 -1
    outer loop
      vertex -4.17699 8.06098 -2.5
      vertex -8.16532 3.13007 -2.5
      vertex -4.17699 8.93902 -2.5
    endloop
  endfacet
  facet normal 0 0 -1
    outer loop
      vertex -8.80156 2.92334 -2.5
      vertex -4.17699 8.93902 -2.5
      vertex -8.16532 3.13007 -2.5
    endloop
  endfacet
  facet normal 0 0 -1
    outer loop
      vertex -15 2.75 -2.5
      vertex -4.17699 8.93902 -2.5
      vertex -8.80156 2.92334 -2.5
    endloop
  endfacet
  facet normal -0 0 -1
    outer loop
      vertex -4.17699 8.93902 -2.5
      vertex -15 2.75 -2.5
      vertex -3.99444 9.79787 -2.5
    endloop
  endfacet
  facet normal -0 0 -1
    outer loop
      vertex -3.99444 9.79787 -2.5
      vertex -15 2.75 -2.5
      vertex -3.63731 10.6 -2.5
    endloop
  endfacet
  facet normal 0 0 -1
    outer loop
      vertex -15 2.75 -2.5
      vertex -8.80156 2.92334 -2.5
      vertex -9.38091 2.58885 -2.5
    endloop
  endfacet
  facet normal 0 0 -1
    outer loop
      vertex -15 2.75 -2.5
      vertex -9.38091 2.58885 -2.5
      vertex -9.87806 2.14122 -2.5
    endloop
  endfacet
  facet normal 0 0 -1
    outer loop
      vertex -15 2.75 -2.5
      vertex -9.87806 2.14122 -2.5
      vertex -10.2713 1.6 -2.5
    endloop
  endfacet
  facet normal 0 0 -1
    outer loop
      vertex -10.6825 -0.334491 -2.5
      vertex -15 2.75 -2.5
      vertex -10.6825 0.334491 -2.5
    endloop
  endfacet
  facet normal -0 0 -1
    outer loop
      vertex -3.12121 11.3103 -2.5
      vertex -15 2.75 -2.5
      vertex 0 17.25 -2.5
    endloop
  endfacet
  facet normal 0 0 -1
    outer loop
      vertex -10.5434 0.988853 -2.5
      vertex -15 2.75 -2.5
      vertex -10.2713 1.6 -2.5
    endloop
  endfacet
  facet normal 0 0 -1
    outer loop
      vertex -10.6825 0.334491 -2.5
      vertex -15 2.75 -2.5
      vertex -10.5434 0.988853 -2.5
    endloop
  endfacet
  facet normal 0 0 -1
    outer loop
      vertex 3.49278 -5.85509 -2.5
      vertex 6.49508 -3.38012 -2.5
      vertex 4.07032 -6.65 -2.5
    endloop
  endfacet
  facet normal -0 0 -1
    outer loop
      vertex 6.49508 -3.38012 -2.5
      vertex 3.49278 -5.85509 -2.5
      vertex 5.8252 -2.99336 -2.5
    endloop
  endfacet
  facet normal 0 0 -1
    outer loop
      vertex 2.76259 -5.19762 -2.5
      vertex 5.8252 -2.99336 -2.5
      vertex 3.49278 -5.85509 -2.5
    endloop
  endfacet
  facet normal -0 0 -1
    outer loop
      vertex 5.8252 -2.99336 -2.5
      vertex 2.76259 -5.19762 -2.5
      vertex 5.25036 -2.47578 -2.5
    endloop
  endfacet
  facet normal 0 0 -1
    outer loop
      vertex 2.68521 0.282227 -2.5
      vertex 4.32027 0.386755 -2.5
      vertex 4.32027 -0.386755 -2.5
    endloop
  endfacet
  facet normal -0 0 -1
    outer loop
      vertex 5.25036 -2.47578 -2.5
      vertex 2.76259 -5.19762 -2.5
      vertex 4.79571 -1.85 -2.5
    endloop
  endfacet
  facet normal 0 0 -1
    outer loop
      vertex 2.00649 -1.80665 -2.5
      vertex 4.79571 -1.85 -2.5
      vertex 2.76259 -5.19762 -2.5
    endloop
  endfacet
  facet normal 0 0 -1
    outer loop
      vertex 8 3.7 -2.5
      vertex 3.99444 7.20213 -2.5
      vertex 4.17699 8.06098 -2.5
    endloop
  endfacet
  facet normal -0 0 -1
    outer loop
      vertex 4.32027 0.386755 -2.5
      vertex 2.68521 0.282227 -2.5
      vertex 2.56785 0.834346 -2.5
    endloop
  endfacet
  facet normal 0 0 -1
    outer loop
      vertex 2.56785 -0.834346 -2.5
      vertex 4.48109 -1.14336 -2.5
      vertex 4.79571 -1.85 -2.5
    endloop
  endfacet
  facet normal 0 0 -1
    outer loop
      vertex 4.48109 1.14336 -2.5
      vertex 3.63731 6.4 -2.5
      vertex 3.99444 7.20213 -2.5
    endloop
  endfacet
  facet normal 0 0 -1
    outer loop
      vertex 2.56785 -0.834346 -2.5
      vertex 4.32027 -0.386755 -2.5
      vertex 4.48109 -1.14336 -2.5
    endloop
  endfacet
  facet normal 0 0 -1
    outer loop
      vertex 4.32027 -0.386755 -2.5
      vertex 2.68521 -0.282227 -2.5
      vertex 2.68521 0.282227 -2.5
    endloop
  endfacet
  facet normal -0 0 -1
    outer loop
      vertex 4.48109 1.14336 -2.5
      vertex 2.56785 0.834346 -2.5
      vertex 2.33827 1.35 -2.5
    endloop
  endfacet
  facet normal 0 0 -1
    outer loop
      vertex 4.48109 1.14336 -2.5
      vertex 3.12121 5.68965 -2.5
      vertex 3.63731 6.4 -2.5
    endloop
  endfacet
  facet normal 0 0 -1
    outer loop
      vertex 2.00649 1.80665 -2.5
      vertex 4.48109 1.14336 -2.5
      vertex 2.33827 1.35 -2.5
    endloop
  endfacet
  facet normal 0 0 -1
    outer loop
      vertex 4.48109 1.14336 -2.5
      vertex 2.4687 5.10213 -2.5
      vertex 3.12121 5.68965 -2.5
    endloop
  endfacet
  facet normal 0 0 -1
    outer loop
      vertex 4.48109 1.14336 -2.5
      vertex 2.00649 1.80665 -2.5
      vertex 2.4687 5.10213 -2.5
    endloop
  endfacet
  facet normal 0 0 -1
    outer loop
      vertex 1.58702 2.18435 -2.5
      vertex 2.4687 5.10213 -2.5
      vertex 2.00649 1.80665 -2.5
    endloop
  endfacet
  facet normal 0 0 -1
    outer loop
      vertex 2.4687 5.10213 -2.5
      vertex 1.58702 2.18435 -2.5
      vertex 1.70829 4.66311 -2.5
    endloop
  endfacet
  facet normal 0 0 -1
    outer loop
      vertex 1.09819 2.46657 -2.5
      vertex 1.70829 4.66311 -2.5
      vertex 1.58702 2.18435 -2.5
    endloop
  endfacet
  facet normal 0 0 -1
    outer loop
      vertex 1.09819 2.46657 -2.5
      vertex 0.873229 4.39178 -2.5
      vertex 1.70829 4.66311 -2.5
    endloop
  endfacet
  facet normal 0 0 -1
    outer loop
      vertex 0.561361 2.641 -2.5
      vertex 0.873229 4.39178 -2.5
      vertex 1.09819 2.46657 -2.5
    endloop
  endfacet
  facet normal 0 0 -1
    outer loop
      vertex 0 4.3 -2.5
      vertex 0.561361 2.641 -2.5
      vertex 0 2.7 -2.5
    endloop
  endfacet
  facet normal 0 0 -1
    outer loop
      vertex 0.561361 2.641 -2.5
      vertex 0 4.3 -2.5
      vertex 0.873229 4.39178 -2.5
    endloop
  endfacet
  facet normal 0 0 -1
    outer loop
      vertex -0.561361 2.641 -2.5
      vertex 0 4.3 -2.5
      vertex 0 2.7 -2.5
    endloop
  endfacet
  facet normal 0 0 -1
    outer loop
      vertex -0.561361 2.641 -2.5
      vertex -0.873229 4.39178 -2.5
      vertex 0 4.3 -2.5
    endloop
  endfacet
  facet normal 0 0 -1
    outer loop
      vertex -1.09819 2.46657 -2.5
      vertex -0.873229 4.39178 -2.5
      vertex -0.561361 2.641 -2.5
    endloop
  endfacet
  facet normal 0 0 -1
    outer loop
      vertex -1.70829 4.66311 -2.5
      vertex -1.09819 2.46657 -2.5
      vertex -1.58702 2.18435 -2.5
    endloop
  endfacet
  facet normal 0 0 -1
    outer loop
      vertex -1.09819 2.46657 -2.5
      vertex -1.70829 4.66311 -2.5
      vertex -0.873229 4.39178 -2.5
    endloop
  endfacet
  facet normal 0 0 -1
    outer loop
      vertex -2.4687 5.10213 -2.5
      vertex -1.58702 2.18435 -2.5
      vertex -2.00649 1.80665 -2.5
    endloop
  endfacet
  facet normal 0 0 -1
    outer loop
      vertex -4.72872 1.6 -2.5
      vertex -2.33827 1.35 -2.5
      vertex -4.45662 0.988853 -2.5
    endloop
  endfacet
  facet normal 0 0 -1
    outer loop
      vertex -1.58702 2.18435 -2.5
      vertex -2.4687 5.10213 -2.5
      vertex -1.70829 4.66311 -2.5
    endloop
  endfacet
  facet normal 0 0 -1
    outer loop
      vertex -2.68521 0.282227 -2.5
      vertex -4.31753 0.334491 -2.5
      vertex -2.56785 0.834346 -2.5
    endloop
  endfacet
  facet normal 0 0 -1
    outer loop
      vertex -4.31753 0.334491 -2.5
      vertex -2.68521 0.282227 -2.5
      vertex -4.31753 -0.334491 -2.5
    endloop
  endfacet
  facet normal 0 0 -1
    outer loop
      vertex -4.45662 0.988853 -2.5
      vertex -2.56785 0.834346 -2.5
      vertex -4.31753 0.334491 -2.5
    endloop
  endfacet
  facet normal 0 -0 -1
    outer loop
      vertex -4.31753 -0.334491 -2.5
      vertex -2.56785 -0.834346 -2.5
      vertex -4.45662 -0.988853 -2.5
    endloop
  endfacet
  facet normal 0 0 -1
    outer loop
      vertex -4.72872 -1.6 -2.5
      vertex -2.76259 -5.19762 -2.5
      vertex -3.49278 -5.85509 -2.5
    endloop
  endfacet
  facet normal 0 0 -1
    outer loop
      vertex -2.56785 0.834346 -2.5
      vertex -4.45662 0.988853 -2.5
      vertex -2.33827 1.35 -2.5
    endloop
  endfacet
  facet normal 0 0 -1
    outer loop
      vertex -2.33827 1.35 -2.5
      vertex -4.72872 1.6 -2.5
      vertex -2.00649 1.80665 -2.5
    endloop
  endfacet
  facet normal 0 0 -1
    outer loop
      vertex -4.72872 -1.6 -2.5
      vertex -3.49278 -5.85509 -2.5
      vertex -4.07032 -6.65 -2.5
    endloop
  endfacet
  facet normal 0 0 -1
    outer loop
      vertex -5.12194 2.14122 -2.5
      vertex -2.00649 1.80665 -2.5
      vertex -4.72872 1.6 -2.5
    endloop
  endfacet
  facet normal 0 0 -1
    outer loop
      vertex -5.61909 2.58885 -2.5
      vertex -2.4687 5.10213 -2.5
      vertex -5.12194 2.14122 -2.5
    endloop
  endfacet
  facet normal 0 0 -1
    outer loop
      vertex -2.00649 1.80665 -2.5
      vertex -5.12194 2.14122 -2.5
      vertex -2.4687 5.10213 -2.5
    endloop
  endfacet
  facet normal -0 0 -1
    outer loop
      vertex -2.68521 -0.282227 -2.5
      vertex -4.31753 -0.334491 -2.5
      vertex -2.68521 0.282227 -2.5
    endloop
  endfacet
  facet normal 0 0 -1
    outer loop
      vertex -4.72872 -1.6 -2.5
      vertex -4.07032 -6.65 -2.5
      vertex -4.46996 -7.54762 -2.5
    endloop
  endfacet
  facet normal 0 0 -1
    outer loop
      vertex -4.72872 -1.6 -2.5
      vertex -4.46996 -7.54762 -2.5
      vertex -4.67425 -8.50872 -2.5
    endloop
  endfacet
  facet normal 0 0 -1
    outer loop
      vertex -2.56785 -0.834346 -2.5
      vertex -4.31753 -0.334491 -2.5
      vertex -2.68521 -0.282227 -2.5
    endloop
  endfacet
  facet normal -0.309023 0.951055 0
    outer loop
      vertex 1.09819 -2.46657 -2.5
      vertex 0.561361 -2.641 -0.6
      vertex 1.09819 -2.46657 -0.6
    endloop
  endfacet
  facet normal -0.309023 0.951055 0
    outer loop
      vertex 0.561361 -2.641 -0.6
      vertex 1.09819 -2.46657 -2.5
      vertex 0.561361 -2.641 -2.5
    endloop
  endfacet
  facet normal -0.104526 0.994522 0
    outer loop
      vertex 0.561361 -2.641 -2.5
      vertex 0 -2.7 -0.6
      vertex 0.561361 -2.641 -0.6
    endloop
  endfacet
  facet normal -0.104526 0.994522 0
    outer loop
      vertex 0 -2.7 -0.6
      vertex 0.561361 -2.641 -2.5
      vertex 0 -2.7 -2.5
    endloop
  endfacet
  facet normal -0.499992 0.86603 0
    outer loop
      vertex 1.58702 -2.18435 -2.5
      vertex 1.09819 -2.46657 -0.6
      vertex 1.58702 -2.18435 -0.6
    endloop
  endfacet
  facet normal -0.499992 0.86603 0
    outer loop
      vertex 1.09819 -2.46657 -0.6
      vertex 1.58702 -2.18435 -2.5
      vertex 1.09819 -2.46657 -2.5
    endloop
  endfacet
  facet normal -0.809013 0.58779 0
    outer loop
      vertex 2.00649 -1.80665 -2.5
      vertex 2.33827 -1.35 -0.6
      vertex 2.33827 -1.35 -2.5
    endloop
  endfacet
  facet normal -0.809013 0.58779 0
    outer loop
      vertex 2.33827 -1.35 -0.6
      vertex 2.00649 -1.80665 -2.5
      vertex 2.00649 -1.80665 -0.6
    endloop
  endfacet
  facet normal 0.309023 0.951055 -0
    outer loop
      vertex -0.561361 -2.641 -2.5
      vertex -1.09819 -2.46657 -0.6
      vertex -0.561361 -2.641 -0.6
    endloop
  endfacet
  facet normal 0.309023 0.951055 0
    outer loop
      vertex -1.09819 -2.46657 -0.6
      vertex -0.561361 -2.641 -2.5
      vertex -1.09819 -2.46657 -2.5
    endloop
  endfacet
  facet normal 0.104526 0.994522 -0
    outer loop
      vertex 0 -2.7 -2.5
      vertex -0.561361 -2.641 -0.6
      vertex 0 -2.7 -0.6
    endloop
  endfacet
  facet normal 0.104526 0.994522 0
    outer loop
      vertex -0.561361 -2.641 -0.6
      vertex 0 -2.7 -2.5
      vertex -0.561361 -2.641 -2.5
    endloop
  endfacet
  facet normal -0.669138 0.743138 0
    outer loop
      vertex 2.00649 -1.80665 -2.5
      vertex 1.58702 -2.18435 -0.6
      vertex 2.00649 -1.80665 -0.6
    endloop
  endfacet
  facet normal -0.669138 0.743138 0
    outer loop
      vertex 1.58702 -2.18435 -0.6
      vertex 2.00649 -1.80665 -2.5
      vertex 1.58702 -2.18435 -2.5
    endloop
  endfacet
  facet normal 0.309023 -0.951055 0
    outer loop
      vertex -1.09819 2.46657 -2.5
      vertex -0.561361 2.641 -0.6
      vertex -1.09819 2.46657 -0.6
    endloop
  endfacet
  facet normal 0.309023 -0.951055 0
    outer loop
      vertex -0.561361 2.641 -0.6
      vertex -1.09819 2.46657 -2.5
      vertex -0.561361 2.641 -2.5
    endloop
  endfacet
  facet normal -0.669138 -0.743138 0
    outer loop
      vertex 1.58702 2.18435 -2.5
      vertex 2.00649 1.80665 -0.6
      vertex 1.58702 2.18435 -0.6
    endloop
  endfacet
  facet normal -0.669138 -0.743138 -0
    outer loop
      vertex 2.00649 1.80665 -0.6
      vertex 1.58702 2.18435 -2.5
      vertex 2.00649 1.80665 -2.5
    endloop
  endfacet
  facet normal -0.309023 -0.951055 0
    outer loop
      vertex 0.561361 2.641 -2.5
      vertex 1.09819 2.46657 -0.6
      vertex 0.561361 2.641 -0.6
    endloop
  endfacet
  facet normal -0.309023 -0.951055 -0
    outer loop
      vertex 1.09819 2.46657 -0.6
      vertex 0.561361 2.641 -2.5
      vertex 1.09819 2.46657 -2.5
    endloop
  endfacet
  facet normal 0.809013 0.58779 0
    outer loop
      vertex -2.00649 -1.80665 -0.6
      vertex -2.33827 -1.35 -2.5
      vertex -2.33827 -1.35 -0.6
    endloop
  endfacet
  facet normal 0.809013 0.58779 0
    outer loop
      vertex -2.33827 -1.35 -2.5
      vertex -2.00649 -1.80665 -0.6
      vertex -2.00649 -1.80665 -2.5
    endloop
  endfacet
  facet normal -0.809013 -0.58779 0
    outer loop
      vertex 2.33827 1.35 -2.5
      vertex 2.00649 1.80665 -0.6
      vertex 2.00649 1.80665 -2.5
    endloop
  endfacet
  facet normal -0.809013 -0.58779 0
    outer loop
      vertex 2.00649 1.80665 -0.6
      vertex 2.33827 1.35 -2.5
      vertex 2.33827 1.35 -0.6
    endloop
  endfacet
  facet normal -0.499992 -0.86603 0
    outer loop
      vertex 1.09819 2.46657 -2.5
      vertex 1.58702 2.18435 -0.6
      vertex 1.09819 2.46657 -0.6
    endloop
  endfacet
  facet normal -0.499992 -0.86603 -0
    outer loop
      vertex 1.58702 2.18435 -0.6
      vertex 1.09819 2.46657 -2.5
      vertex 1.58702 2.18435 -2.5
    endloop
  endfacet
  facet normal 0.499992 0.86603 -0
    outer loop
      vertex -1.09819 -2.46657 -2.5
      vertex -1.58702 -2.18435 -0.6
      vertex -1.09819 -2.46657 -0.6
    endloop
  endfacet
  facet normal 0.499992 0.86603 0
    outer loop
      vertex -1.58702 -2.18435 -0.6
      vertex -1.09819 -2.46657 -2.5
      vertex -1.58702 -2.18435 -2.5
    endloop
  endfacet
  facet normal -1 0 0
    outer loop
      vertex 2.68521 -0.282227 -2.5
      vertex 2.68521 0.282227 -0.6
      vertex 2.68521 0.282227 -2.5
    endloop
  endfacet
  facet normal -1 -0 0
    outer loop
      vertex 2.68521 0.282227 -0.6
      vertex 2.68521 -0.282227 -2.5
      vertex 2.68521 -0.282227 -0.6
    endloop
  endfacet
  facet normal -0.913548 -0.406731 0
    outer loop
      vertex 2.56785 0.834346 -2.5
      vertex 2.33827 1.35 -0.6
      vertex 2.33827 1.35 -2.5
    endloop
  endfacet
  facet normal -0.913548 -0.406731 0
    outer loop
      vertex 2.33827 1.35 -0.6
      vertex 2.56785 0.834346 -2.5
      vertex 2.56785 0.834346 -0.6
    endloop
  endfacet
  facet normal 0.978146 -0.207918 0
    outer loop
      vertex -2.68521 0.282227 -0.6
      vertex -2.56785 0.834346 -2.5
      vertex -2.56785 0.834346 -0.6
    endloop
  endfacet
  facet normal 0.978146 -0.207918 0
    outer loop
      vertex -2.56785 0.834346 -2.5
      vertex -2.68521 0.282227 -0.6
      vertex -2.68521 0.282227 -2.5
    endloop
  endfacet
  facet normal 1 -0 0
    outer loop
      vertex -2.68521 -0.282227 -0.6
      vertex -2.68521 0.282227 -2.5
      vertex -2.68521 0.282227 -0.6
    endloop
  endfacet
  facet normal 1 0 0
    outer loop
      vertex -2.68521 0.282227 -2.5
      vertex -2.68521 -0.282227 -0.6
      vertex -2.68521 -0.282227 -2.5
    endloop
  endfacet
  facet normal -0.978146 -0.207918 0
    outer loop
      vertex 2.68521 0.282227 -2.5
      vertex 2.56785 0.834346 -0.6
      vertex 2.56785 0.834346 -2.5
    endloop
  endfacet
  facet normal -0.978146 -0.207918 0
    outer loop
      vertex 2.56785 0.834346 -0.6
      vertex 2.68521 0.282227 -2.5
      vertex 2.68521 0.282227 -0.6
    endloop
  endfacet
  facet normal 0.978146 0.207918 0
    outer loop
      vertex -2.56785 -0.834346 -0.6
      vertex -2.68521 -0.282227 -2.5
      vertex -2.68521 -0.282227 -0.6
    endloop
  endfacet
  facet normal 0.978146 0.207918 0
    outer loop
      vertex -2.68521 -0.282227 -2.5
      vertex -2.56785 -0.834346 -0.6
      vertex -2.56785 -0.834346 -2.5
    endloop
  endfacet
  facet normal 0.669138 0.743138 -0
    outer loop
      vertex -1.58702 -2.18435 -2.5
      vertex -2.00649 -1.80665 -0.6
      vertex -1.58702 -2.18435 -0.6
    endloop
  endfacet
  facet normal 0.669138 0.743138 0
    outer loop
      vertex -2.00649 -1.80665 -0.6
      vertex -1.58702 -2.18435 -2.5
      vertex -2.00649 -1.80665 -2.5
    endloop
  endfacet
  facet normal 0.913548 0.406731 0
    outer loop
      vertex -2.33827 -1.35 -0.6
      vertex -2.56785 -0.834346 -2.5
      vertex -2.56785 -0.834346 -0.6
    endloop
  endfacet
  facet normal 0.913548 0.406731 0
    outer loop
      vertex -2.56785 -0.834346 -2.5
      vertex -2.33827 -1.35 -0.6
      vertex -2.33827 -1.35 -2.5
    endloop
  endfacet
  facet normal 0.809013 -0.58779 0
    outer loop
      vertex -2.33827 1.35 -0.6
      vertex -2.00649 1.80665 -2.5
      vertex -2.00649 1.80665 -0.6
    endloop
  endfacet
  facet normal 0.809013 -0.58779 0
    outer loop
      vertex -2.00649 1.80665 -2.5
      vertex -2.33827 1.35 -0.6
      vertex -2.33827 1.35 -2.5
    endloop
  endfacet
  facet normal -0.104526 -0.994522 0
    outer loop
      vertex 0 2.7 -2.5
      vertex 0.561361 2.641 -0.6
      vertex 0 2.7 -0.6
    endloop
  endfacet
  facet normal -0.104526 -0.994522 -0
    outer loop
      vertex 0.561361 2.641 -0.6
      vertex 0 2.7 -2.5
      vertex 0.561361 2.641 -2.5
    endloop
  endfacet
  facet normal -0.978146 0.207918 0
    outer loop
      vertex 2.56785 -0.834346 -2.5
      vertex 2.68521 -0.282227 -0.6
      vertex 2.68521 -0.282227 -2.5
    endloop
  endfacet
  facet normal -0.978146 0.207918 0
    outer loop
      vertex 2.68521 -0.282227 -0.6
      vertex 2.56785 -0.834346 -2.5
      vertex 2.56785 -0.834346 -0.6
    endloop
  endfacet
  facet normal 0.499992 -0.86603 0
    outer loop
      vertex -1.58702 2.18435 -2.5
      vertex -1.09819 2.46657 -0.6
      vertex -1.58702 2.18435 -0.6
    endloop
  endfacet
  facet normal 0.499992 -0.86603 0
    outer loop
      vertex -1.09819 2.46657 -0.6
      vertex -1.58702 2.18435 -2.5
      vertex -1.09819 2.46657 -2.5
    endloop
  endfacet
  facet normal -0.913548 0.406731 0
    outer loop
      vertex 2.33827 -1.35 -2.5
      vertex 2.56785 -0.834346 -0.6
      vertex 2.56785 -0.834346 -2.5
    endloop
  endfacet
  facet normal -0.913548 0.406731 0
    outer loop
      vertex 2.56785 -0.834346 -0.6
      vertex 2.33827 -1.35 -2.5
      vertex 2.33827 -1.35 -0.6
    endloop
  endfacet
  facet normal 0.104526 -0.994522 0
    outer loop
      vertex -0.561361 2.641 -2.5
      vertex 0 2.7 -0.6
      vertex -0.561361 2.641 -0.6
    endloop
  endfacet
  facet normal 0.104526 -0.994522 0
    outer loop
      vertex 0 2.7 -0.6
      vertex -0.561361 2.641 -2.5
      vertex 0 2.7 -2.5
    endloop
  endfacet
  facet normal 0.669138 -0.743138 0
    outer loop
      vertex -2.00649 1.80665 -2.5
      vertex -1.58702 2.18435 -0.6
      vertex -2.00649 1.80665 -0.6
    endloop
  endfacet
  facet normal 0.669138 -0.743138 0
    outer loop
      vertex -1.58702 2.18435 -0.6
      vertex -2.00649 1.80665 -2.5
      vertex -1.58702 2.18435 -2.5
    endloop
  endfacet
  facet normal 0.913548 -0.406731 0
    outer loop
      vertex -2.56785 0.834346 -0.6
      vertex -2.33827 1.35 -2.5
      vertex -2.33827 1.35 -0.6
    endloop
  endfacet
  facet normal 0.913548 -0.406731 0
    outer loop
      vertex -2.33827 1.35 -2.5
      vertex -2.56785 0.834346 -0.6
      vertex -2.56785 0.834346 -2.5
    endloop
  endfacet
  facet normal -0.536362 0.595686 -0.597891
    outer loop
      vertex 1.33766 -1.20443 0.6
      vertex 2.00649 -1.80665 -0.6
      vertex 1.05801 -1.45623 0.6
    endloop
  endfacet
  facet normal 0.247706 -0.762344 -0.59789
    outer loop
      vertex -0.561361 2.641 -0.6
      vertex -0.732125 1.64438 0.6
      vertex -1.09819 2.46657 -0.6
    endloop
  endfacet
  facet normal -0.0837997 0.797186 -0.59789
    outer loop
      vertex 0 -1.8 0.6
      vertex 0.374241 -1.76066 0.6
      vertex 0 -2.7 -0.6
    endloop
  endfacet
  facet normal -0.0837855 0.797185 -0.597893
    outer loop
      vertex 0.374241 -1.76066 0.6
      vertex 0.561361 -2.641 -0.6
      vertex 0 -2.7 -0.6
    endloop
  endfacet
  facet normal 0.400788 -0.694185 -0.597893
    outer loop
      vertex -0.732125 1.64438 0.6
      vertex -1.05801 1.45623 0.6
      vertex -1.58702 2.18435 -0.6
    endloop
  endfacet
  facet normal -0.400782 0.69419 -0.597891
    outer loop
      vertex 1.58702 -2.18435 -0.6
      vertex 1.09819 -2.46657 -0.6
      vertex 0.732125 -1.64438 0.6
    endloop
  endfacet
  facet normal -0.400782 -0.69419 -0.597891
    outer loop
      vertex 1.09819 2.46657 -0.6
      vertex 1.58702 2.18435 -0.6
      vertex 0.732125 1.64438 0.6
    endloop
  endfacet
  facet normal 0.73228 0.326027 -0.59789
    outer loop
      vertex -1.7119 -0.556231 0.6
      vertex -2.33827 -1.35 -0.6
      vertex -2.56785 -0.834346 -0.6
    endloop
  endfacet
  facet normal -0.247706 0.762344 -0.59789
    outer loop
      vertex 0.732125 -1.64438 0.6
      vertex 1.09819 -2.46657 -0.6
      vertex 0.561361 -2.641 -0.6
    endloop
  endfacet
  facet normal -0.732284 0.326021 -0.597888
    outer loop
      vertex 1.7119 -0.556231 0.6
      vertex 2.33827 -1.35 -0.6
      vertex 1.55885 -0.9 0.6
    endloop
  endfacet
  facet normal 0.732284 0.326021 -0.597888
    outer loop
      vertex -1.7119 -0.556231 0.6
      vertex -1.55885 -0.9 0.6
      vertex -2.33827 -1.35 -0.6
    endloop
  endfacet
  facet normal 0.648481 0.471167 -0.597891
    outer loop
      vertex -1.55885 -0.9 0.6
      vertex -1.33766 -1.20443 0.6
      vertex -2.00649 -1.80665 -0.6
    endloop
  endfacet
  facet normal 0.648488 -0.47116 -0.597889
    outer loop
      vertex -2.00649 1.80665 -0.6
      vertex -1.55885 0.9 0.6
      vertex -2.33827 1.35 -0.6
    endloop
  endfacet
  facet normal 0.73228 -0.326027 -0.59789
    outer loop
      vertex -2.33827 1.35 -0.6
      vertex -1.7119 0.556231 0.6
      vertex -2.56785 0.834346 -0.6
    endloop
  endfacet
  facet normal -0.784061 -0.166661 -0.59789
    outer loop
      vertex 2.68521 0.282227 -0.6
      vertex 1.79014 0.18815 0.6
      vertex 1.7119 0.556231 0.6
    endloop
  endfacet
  facet normal -0.784061 -0.166662 -0.59789
    outer loop
      vertex 2.56785 0.834346 -0.6
      vertex 2.68521 0.282227 -0.6
      vertex 1.7119 0.556231 0.6
    endloop
  endfacet
  facet normal -0.73228 0.326027 -0.59789
    outer loop
      vertex 2.56785 -0.834346 -0.6
      vertex 2.33827 -1.35 -0.6
      vertex 1.7119 -0.556231 0.6
    endloop
  endfacet
  facet normal -0.400788 0.694185 -0.597893
    outer loop
      vertex 1.05801 -1.45623 0.6
      vertex 1.58702 -2.18435 -0.6
      vertex 0.732125 -1.64438 0.6
    endloop
  endfacet
  facet normal -0.247706 -0.762344 -0.59789
    outer loop
      vertex 1.09819 2.46657 -0.6
      vertex 0.732125 1.64438 0.6
      vertex 0.561361 2.641 -0.6
    endloop
  endfacet
  facet normal -0.0837997 -0.797186 -0.59789
    outer loop
      vertex 0 2.7 -0.6
      vertex 0.374241 1.76066 0.6
      vertex 0 1.8 0.6
    endloop
  endfacet
  facet normal -0.648481 0.471167 -0.597891
    outer loop
      vertex 1.55885 -0.9 0.6
      vertex 2.00649 -1.80665 -0.6
      vertex 1.33766 -1.20443 0.6
    endloop
  endfacet
  facet normal 0.536365 0.595682 -0.597892
    outer loop
      vertex -1.05801 -1.45623 0.6
      vertex -1.58702 -2.18435 -0.6
      vertex -2.00649 -1.80665 -0.6
    endloop
  endfacet
  facet normal 0.400788 0.694185 -0.597893
    outer loop
      vertex -1.05801 -1.45623 0.6
      vertex -0.732125 -1.64438 0.6
      vertex -1.58702 -2.18435 -0.6
    endloop
  endfacet
  facet normal 0.732284 -0.326021 -0.597888
    outer loop
      vertex -1.55885 0.9 0.6
      vertex -1.7119 0.556231 0.6
      vertex -2.33827 1.35 -0.6
    endloop
  endfacet
  facet normal 0.400782 -0.69419 -0.597891
    outer loop
      vertex -1.09819 2.46657 -0.6
      vertex -0.732125 1.64438 0.6
      vertex -1.58702 2.18435 -0.6
    endloop
  endfacet
  facet normal -0.536365 0.595682 -0.597892
    outer loop
      vertex 2.00649 -1.80665 -0.6
      vertex 1.58702 -2.18435 -0.6
      vertex 1.05801 -1.45623 0.6
    endloop
  endfacet
  facet normal 0.536362 0.595686 -0.597891
    outer loop
      vertex -1.33766 -1.20443 0.6
      vertex -1.05801 -1.45623 0.6
      vertex -2.00649 -1.80665 -0.6
    endloop
  endfacet
  facet normal -0.648488 0.47116 -0.597889
    outer loop
      vertex 2.33827 -1.35 -0.6
      vertex 2.00649 -1.80665 -0.6
      vertex 1.55885 -0.9 0.6
    endloop
  endfacet
  facet normal 0.536362 -0.595686 -0.597891
    outer loop
      vertex -1.05801 1.45623 0.6
      vertex -1.33766 1.20443 0.6
      vertex -2.00649 1.80665 -0.6
    endloop
  endfacet
  facet normal -0.784061 0.166662 -0.59789
    outer loop
      vertex 2.68521 -0.282227 -0.6
      vertex 2.56785 -0.834346 -0.6
      vertex 1.7119 -0.556231 0.6
    endloop
  endfacet
  facet normal 0.648481 -0.471167 -0.597891
    outer loop
      vertex -1.33766 1.20443 0.6
      vertex -1.55885 0.9 0.6
      vertex -2.00649 1.80665 -0.6
    endloop
  endfacet
  facet normal 0.0837855 -0.797185 -0.597893
    outer loop
      vertex 0 2.7 -0.6
      vertex -0.374241 1.76066 0.6
      vertex -0.561361 2.641 -0.6
    endloop
  endfacet
  facet normal 0.0837855 0.797185 -0.597893
    outer loop
      vertex -0.374241 -1.76066 0.6
      vertex 0 -2.7 -0.6
      vertex -0.561361 -2.641 -0.6
    endloop
  endfacet
  facet normal 0.0837997 0.797186 -0.59789
    outer loop
      vertex 0 -1.8 0.6
      vertex 0 -2.7 -0.6
      vertex -0.374241 -1.76066 0.6
    endloop
  endfacet
  facet normal 0.784061 -0.166661 -0.59789
    outer loop
      vertex -1.7119 0.556231 0.6
      vertex -1.79014 0.18815 0.6
      vertex -2.68521 0.282227 -0.6
    endloop
  endfacet
  facet normal 0.0837997 -0.797186 -0.59789
    outer loop
      vertex 0 2.7 -0.6
      vertex 0 1.8 0.6
      vertex -0.374241 1.76066 0.6
    endloop
  endfacet
  facet normal -0.536365 -0.595682 -0.597892
    outer loop
      vertex 1.58702 2.18435 -0.6
      vertex 2.00649 1.80665 -0.6
      vertex 1.05801 1.45623 0.6
    endloop
  endfacet
  facet normal 0.784061 -0.166662 -0.59789
    outer loop
      vertex -2.56785 0.834346 -0.6
      vertex -1.7119 0.556231 0.6
      vertex -2.68521 0.282227 -0.6
    endloop
  endfacet
  facet normal -0.0837855 -0.797185 -0.597893
    outer loop
      vertex 0.561361 2.641 -0.6
      vertex 0.374241 1.76066 0.6
      vertex 0 2.7 -0.6
    endloop
  endfacet
  facet normal -0.247694 0.762346 -0.597893
    outer loop
      vertex 0.732125 -1.64438 0.6
      vertex 0.561361 -2.641 -0.6
      vertex 0.374241 -1.76066 0.6
    endloop
  endfacet
  facet normal 0.400782 0.69419 -0.597891
    outer loop
      vertex -0.732125 -1.64438 0.6
      vertex -1.09819 -2.46657 -0.6
      vertex -1.58702 -2.18435 -0.6
    endloop
  endfacet
  facet normal 0.247706 0.762344 -0.59789
    outer loop
      vertex -0.732125 -1.64438 0.6
      vertex -0.561361 -2.641 -0.6
      vertex -1.09819 -2.46657 -0.6
    endloop
  endfacet
  facet normal 0.247694 -0.762346 -0.597893
    outer loop
      vertex -0.561361 2.641 -0.6
      vertex -0.374241 1.76066 0.6
      vertex -0.732125 1.64438 0.6
    endloop
  endfacet
  facet normal 0.536365 -0.595682 -0.597892
    outer loop
      vertex -1.58702 2.18435 -0.6
      vertex -1.05801 1.45623 0.6
      vertex -2.00649 1.80665 -0.6
    endloop
  endfacet
  facet normal -0.732284 -0.326021 -0.597888
    outer loop
      vertex 2.33827 1.35 -0.6
      vertex 1.7119 0.556231 0.6
      vertex 1.55885 0.9 0.6
    endloop
  endfacet
  facet normal -0.784061 0.166661 -0.59789
    outer loop
      vertex 1.79014 -0.18815 0.6
      vertex 2.68521 -0.282227 -0.6
      vertex 1.7119 -0.556231 0.6
    endloop
  endfacet
  facet normal 0.648488 0.47116 -0.597889
    outer loop
      vertex -1.55885 -0.9 0.6
      vertex -2.00649 -1.80665 -0.6
      vertex -2.33827 -1.35 -0.6
    endloop
  endfacet
  facet normal 0.784061 0.166662 -0.59789
    outer loop
      vertex -1.7119 -0.556231 0.6
      vertex -2.56785 -0.834346 -0.6
      vertex -2.68521 -0.282227 -0.6
    endloop
  endfacet
  facet normal 0.247694 0.762346 -0.597893
    outer loop
      vertex -0.374241 -1.76066 0.6
      vertex -0.561361 -2.641 -0.6
      vertex -0.732125 -1.64438 0.6
    endloop
  endfacet
  facet normal -0.801578 0 -0.59789
    outer loop
      vertex 2.68521 0.282227 -0.6
      vertex 1.79014 -0.18815 0.6
      vertex 1.79014 0.18815 0.6
    endloop
  endfacet
  facet normal -0.801578 0 -0.59789
    outer loop
      vertex 1.79014 -0.18815 0.6
      vertex 2.68521 0.282227 -0.6
      vertex 2.68521 -0.282227 -0.6
    endloop
  endfacet
  facet normal 0.784061 0.166661 -0.59789
    outer loop
      vertex -1.79014 -0.18815 0.6
      vertex -1.7119 -0.556231 0.6
      vertex -2.68521 -0.282227 -0.6
    endloop
  endfacet
  facet normal -0.73228 -0.326027 -0.59789
    outer loop
      vertex 2.33827 1.35 -0.6
      vertex 2.56785 0.834346 -0.6
      vertex 1.7119 0.556231 0.6
    endloop
  endfacet
  facet normal -0.648488 -0.47116 -0.597889
    outer loop
      vertex 2.00649 1.80665 -0.6
      vertex 2.33827 1.35 -0.6
      vertex 1.55885 0.9 0.6
    endloop
  endfacet
  facet normal 0.801578 0 -0.59789
    outer loop
      vertex -1.79014 -0.18815 0.6
      vertex -2.68521 0.282227 -0.6
      vertex -1.79014 0.18815 0.6
    endloop
  endfacet
  facet normal 0.801578 0 -0.59789
    outer loop
      vertex -2.68521 0.282227 -0.6
      vertex -1.79014 -0.18815 0.6
      vertex -2.68521 -0.282227 -0.6
    endloop
  endfacet
  facet normal -0.536362 -0.595686 -0.597891
    outer loop
      vertex 2.00649 1.80665 -0.6
      vertex 1.33766 1.20443 0.6
      vertex 1.05801 1.45623 0.6
    endloop
  endfacet
  facet normal -0.648481 -0.471167 -0.597891
    outer loop
      vertex 2.00649 1.80665 -0.6
      vertex 1.55885 0.9 0.6
      vertex 1.33766 1.20443 0.6
    endloop
  endfacet
  facet normal -0.247694 -0.762346 -0.597893
    outer loop
      vertex 0.561361 2.641 -0.6
      vertex 0.732125 1.64438 0.6
      vertex 0.374241 1.76066 0.6
    endloop
  endfacet
  facet normal -0.400788 -0.694185 -0.597893
    outer loop
      vertex 1.58702 2.18435 -0.6
      vertex 1.05801 1.45623 0.6
      vertex 0.732125 1.64438 0.6
    endloop
  endfacet
  facet normal 0 0 -1
    outer loop
      vertex 1.7119 -0.556231 0.6
      vertex 1.79014 0.18815 0.6
      vertex 1.79014 -0.18815 0.6
    endloop
  endfacet
  facet normal 0 0 -1
    outer loop
      vertex 1.7119 -0.556231 0.6
      vertex 1.7119 0.556231 0.6
      vertex 1.79014 0.18815 0.6
    endloop
  endfacet
  facet normal 0 0 -1
    outer loop
      vertex 1.55885 -0.9 0.6
      vertex 1.7119 0.556231 0.6
      vertex 1.7119 -0.556231 0.6
    endloop
  endfacet
  facet normal 0 0 -1
    outer loop
      vertex 1.55885 -0.9 0.6
      vertex 1.55885 0.9 0.6
      vertex 1.7119 0.556231 0.6
    endloop
  endfacet
  facet normal 0 0 -1
    outer loop
      vertex 1.33766 -1.20443 0.6
      vertex 1.55885 0.9 0.6
      vertex 1.55885 -0.9 0.6
    endloop
  endfacet
  facet normal 0 0 -1
    outer loop
      vertex 1.33766 -1.20443 0.6
      vertex 1.33766 1.20443 0.6
      vertex 1.55885 0.9 0.6
    endloop
  endfacet
  facet normal 0 0 -1
    outer loop
      vertex 1.05801 -1.45623 0.6
      vertex 1.33766 1.20443 0.6
      vertex 1.33766 -1.20443 0.6
    endloop
  endfacet
  facet normal 0 0 -1
    outer loop
      vertex 1.05801 -1.45623 0.6
      vertex 1.05801 1.45623 0.6
      vertex 1.33766 1.20443 0.6
    endloop
  endfacet
  facet normal 0 0 -1
    outer loop
      vertex 0.732125 -1.64438 0.6
      vertex 1.05801 1.45623 0.6
      vertex 1.05801 -1.45623 0.6
    endloop
  endfacet
  facet normal 0 0 -1
    outer loop
      vertex 0.732125 -1.64438 0.6
      vertex 0.732125 1.64438 0.6
      vertex 1.05801 1.45623 0.6
    endloop
  endfacet
  facet normal 0 0 -1
    outer loop
      vertex 0.374241 -1.76066 0.6
      vertex 0.732125 1.64438 0.6
      vertex 0.732125 -1.64438 0.6
    endloop
  endfacet
  facet normal 0 0 -1
    outer loop
      vertex 0.374241 -1.76066 0.6
      vertex 0.374241 1.76066 0.6
      vertex 0.732125 1.64438 0.6
    endloop
  endfacet
  facet normal 0 0 -1
    outer loop
      vertex 0 -1.8 0.6
      vertex 0.374241 1.76066 0.6
      vertex 0.374241 -1.76066 0.6
    endloop
  endfacet
  facet normal 0 0 -1
    outer loop
      vertex 0 -1.8 0.6
      vertex 0 1.8 0.6
      vertex 0.374241 1.76066 0.6
    endloop
  endfacet
  facet normal 0 0 -1
    outer loop
      vertex -0.374241 -1.76066 0.6
      vertex 0 1.8 0.6
      vertex 0 -1.8 0.6
    endloop
  endfacet
  facet normal 0 0 -1
    outer loop
      vertex -0.374241 -1.76066 0.6
      vertex -0.374241 1.76066 0.6
      vertex 0 1.8 0.6
    endloop
  endfacet
  facet normal 0 0 -1
    outer loop
      vertex -0.732125 -1.64438 0.6
      vertex -0.374241 1.76066 0.6
      vertex -0.374241 -1.76066 0.6
    endloop
  endfacet
  facet normal 0 0 -1
    outer loop
      vertex -0.732125 -1.64438 0.6
      vertex -0.732125 1.64438 0.6
      vertex -0.374241 1.76066 0.6
    endloop
  endfacet
  facet normal 0 0 -1
    outer loop
      vertex -1.05801 -1.45623 0.6
      vertex -0.732125 1.64438 0.6
      vertex -0.732125 -1.64438 0.6
    endloop
  endfacet
  facet normal 0 0 -1
    outer loop
      vertex -1.05801 -1.45623 0.6
      vertex -1.05801 1.45623 0.6
      vertex -0.732125 1.64438 0.6
    endloop
  endfacet
  facet normal 0 0 -1
    outer loop
      vertex -1.33766 -1.20443 0.6
      vertex -1.05801 1.45623 0.6
      vertex -1.05801 -1.45623 0.6
    endloop
  endfacet
  facet normal 0 0 -1
    outer loop
      vertex -1.33766 -1.20443 0.6
      vertex -1.33766 1.20443 0.6
      vertex -1.05801 1.45623 0.6
    endloop
  endfacet
  facet normal 0 0 -1
    outer loop
      vertex -1.55885 -0.9 0.6
      vertex -1.33766 1.20443 0.6
      vertex -1.33766 -1.20443 0.6
    endloop
  endfacet
  facet normal 0 0 -1
    outer loop
      vertex -1.55885 -0.9 0.6
      vertex -1.55885 0.9 0.6
      vertex -1.33766 1.20443 0.6
    endloop
  endfacet
  facet normal 0 0 -1
    outer loop
      vertex -1.7119 -0.556231 0.6
      vertex -1.55885 0.9 0.6
      vertex -1.55885 -0.9 0.6
    endloop
  endfacet
  facet normal 0 0 -1
    outer loop
      vertex -1.7119 -0.556231 0.6
      vertex -1.7119 0.556231 0.6
      vertex -1.55885 0.9 0.6
    endloop
  endfacet
  facet normal 0 0 -1
    outer loop
      vertex -1.79014 -0.18815 0.6
      vertex -1.7119 0.556231 0.6
      vertex -1.7119 -0.556231 0.6
    endloop
  endfacet
  facet normal 0 0 -1
    outer loop
      vertex -1.7119 0.556231 0.6
      vertex -1.79014 -0.18815 0.6
      vertex -1.79014 0.18815 0.6
    endloop
  endfacet
  facet normal 0.669126 -0.743149 0
    outer loop
      vertex -9.87806 2.14122 -2.5
      vertex -9.38091 2.58885 -0.6
      vertex -9.87806 2.14122 -0.6
    endloop
  endfacet
  facet normal 0.669126 -0.743149 0
    outer loop
      vertex -9.38091 2.58885 -0.6
      vertex -9.87806 2.14122 -2.5
      vertex -9.38091 2.58885 -2.5
    endloop
  endfacet
  facet normal -0.309021 0.951055 0
    outer loop
      vertex -6.19844 -2.92334 -2.5
      vertex -6.83468 -3.13007 -0.6
      vertex -6.19844 -2.92334 -0.6
    endloop
  endfacet
  facet normal -0.309021 0.951055 0
    outer loop
      vertex -6.83468 -3.13007 -0.6
      vertex -6.19844 -2.92334 -2.5
      vertex -6.83468 -3.13007 -2.5
    endloop
  endfacet
  facet normal -0.104531 0.994522 0
    outer loop
      vertex -6.83468 -3.13007 -2.5
      vertex -7.5 -3.2 -0.6
      vertex -6.83468 -3.13007 -0.6
    endloop
  endfacet
  facet normal -0.104531 0.994522 0
    outer loop
      vertex -7.5 -3.2 -0.6
      vertex -6.83468 -3.13007 -2.5
      vertex -7.5 -3.2 -2.5
    endloop
  endfacet
  facet normal -0.500002 0.866024 0
    outer loop
      vertex -5.61909 -2.58885 -2.5
      vertex -6.19844 -2.92334 -0.6
      vertex -5.61909 -2.58885 -0.6
    endloop
  endfacet
  facet normal -0.500002 0.866024 0
    outer loop
      vertex -6.19844 -2.92334 -0.6
      vertex -5.61909 -2.58885 -2.5
      vertex -6.19844 -2.92334 -2.5
    endloop
  endfacet
  facet normal 0.309021 0.951055 -0
    outer loop
      vertex -8.16532 -3.13007 -2.5
      vertex -8.80156 -2.92334 -0.6
      vertex -8.16532 -3.13007 -0.6
    endloop
  endfacet
  facet normal 0.309021 0.951055 0
    outer loop
      vertex -8.80156 -2.92334 -0.6
      vertex -8.16532 -3.13007 -2.5
      vertex -8.80156 -2.92334 -2.5
    endloop
  endfacet
  facet normal 0.809002 0.587805 0
    outer loop
      vertex -9.87806 -2.14122 -0.6
      vertex -10.2713 -1.6 -2.5
      vertex -10.2713 -1.6 -0.6
    endloop
  endfacet
  facet normal 0.809002 0.587805 0
    outer loop
      vertex -10.2713 -1.6 -2.5
      vertex -9.87806 -2.14122 -0.6
      vertex -9.87806 -2.14122 -2.5
    endloop
  endfacet
  facet normal 0.669126 0.743149 -0
    outer loop
      vertex -9.38091 -2.58885 -2.5
      vertex -9.87806 -2.14122 -0.6
      vertex -9.38091 -2.58885 -0.6
    endloop
  endfacet
  facet normal 0.669126 0.743149 0
    outer loop
      vertex -9.87806 -2.14122 -0.6
      vertex -9.38091 -2.58885 -2.5
      vertex -9.87806 -2.14122 -2.5
    endloop
  endfacet
  facet normal 0.104531 0.994522 -0
    outer loop
      vertex -7.5 -3.2 -2.5
      vertex -8.16532 -3.13007 -0.6
      vertex -7.5 -3.2 -0.6
    endloop
  endfacet
  facet normal 0.104531 0.994522 0
    outer loop
      vertex -8.16532 -3.13007 -0.6
      vertex -7.5 -3.2 -2.5
      vertex -8.16532 -3.13007 -2.5
    endloop
  endfacet
  facet normal 0.913546 -0.406736 0
    outer loop
      vertex -10.5434 0.988853 -0.6
      vertex -10.2713 1.6 -2.5
      vertex -10.2713 1.6 -0.6
    endloop
  endfacet
  facet normal 0.913546 -0.406736 0
    outer loop
      vertex -10.2713 1.6 -2.5
      vertex -10.5434 0.988853 -0.6
      vertex -10.5434 0.988853 -2.5
    endloop
  endfacet
  facet normal -0.913546 0.406736 0
    outer loop
      vertex -4.72872 -1.6 -2.5
      vertex -4.45662 -0.988853 -0.6
      vertex -4.45662 -0.988853 -2.5
    endloop
  endfacet
  facet normal -0.913546 0.406736 0
    outer loop
      vertex -4.45662 -0.988853 -0.6
      vertex -4.72872 -1.6 -2.5
      vertex -4.72872 -1.6 -0.6
    endloop
  endfacet
  facet normal -0.669126 0.743149 0
    outer loop
      vertex -5.12194 -2.14122 -2.5
      vertex -5.61909 -2.58885 -0.6
      vertex -5.12194 -2.14122 -0.6
    endloop
  endfacet
  facet normal -0.669126 0.743149 0
    outer loop
      vertex -5.61909 -2.58885 -0.6
      vertex -5.12194 -2.14122 -2.5
      vertex -5.61909 -2.58885 -2.5
    endloop
  endfacet
  facet normal 0.809002 -0.587805 0
    outer loop
      vertex -10.2713 1.6 -0.6
      vertex -9.87806 2.14122 -2.5
      vertex -9.87806 2.14122 -0.6
    endloop
  endfacet
  facet normal 0.809002 -0.587805 0
    outer loop
      vertex -9.87806 2.14122 -2.5
      vertex -10.2713 1.6 -0.6
      vertex -10.2713 1.6 -2.5
    endloop
  endfacet
  facet normal -0.669126 -0.743149 0
    outer loop
      vertex -5.61909 2.58885 -2.5
      vertex -5.12194 2.14122 -0.6
      vertex -5.61909 2.58885 -0.6
    endloop
  endfacet
  facet normal -0.669126 -0.743149 -0
    outer loop
      vertex -5.12194 2.14122 -0.6
      vertex -5.61909 2.58885 -2.5
      vertex -5.12194 2.14122 -2.5
    endloop
  endfacet
  facet normal -1 0 0
    outer loop
      vertex -4.31753 -0.334491 -2.5
      vertex -4.31753 0.334491 -0.6
      vertex -4.31753 0.334491 -2.5
    endloop
  endfacet
  facet normal -1 -0 0
    outer loop
      vertex -4.31753 0.334491 -0.6
      vertex -4.31753 -0.334491 -2.5
      vertex -4.31753 -0.334491 -0.6
    endloop
  endfacet
  facet normal 0.913546 0.406736 0
    outer loop
      vertex -10.2713 -1.6 -0.6
      vertex -10.5434 -0.988853 -2.5
      vertex -10.5434 -0.988853 -0.6
    endloop
  endfacet
  facet normal 0.913546 0.406736 0
    outer loop
      vertex -10.5434 -0.988853 -2.5
      vertex -10.2713 -1.6 -0.6
      vertex -10.2713 -1.6 -2.5
    endloop
  endfacet
  facet normal 0.978144 0.207928 0
    outer loop
      vertex -10.5434 -0.988853 -0.6
      vertex -10.6825 -0.334491 -2.5
      vertex -10.6825 -0.334491 -0.6
    endloop
  endfacet
  facet normal 0.978144 0.207928 0
    outer loop
      vertex -10.6825 -0.334491 -2.5
      vertex -10.5434 -0.988853 -0.6
      vertex -10.5434 -0.988853 -2.5
    endloop
  endfacet
  facet normal -0.309021 -0.951055 0
    outer loop
      vertex -6.83468 3.13007 -2.5
      vertex -6.19844 2.92334 -0.6
      vertex -6.83468 3.13007 -0.6
    endloop
  endfacet
  facet normal -0.309021 -0.951055 -0
    outer loop
      vertex -6.19844 2.92334 -0.6
      vertex -6.83468 3.13007 -2.5
      vertex -6.19844 2.92334 -2.5
    endloop
  endfacet
  facet normal 0.309021 -0.951055 0
    outer loop
      vertex -8.80156 2.92334 -2.5
      vertex -8.16532 3.13007 -0.6
      vertex -8.80156 2.92334 -0.6
    endloop
  endfacet
  facet normal 0.309021 -0.951055 0
    outer loop
      vertex -8.16532 3.13007 -0.6
      vertex -8.80156 2.92334 -2.5
      vertex -8.16532 3.13007 -2.5
    endloop
  endfacet
  facet normal -0.913546 -0.406736 0
    outer loop
      vertex -4.45662 0.988853 -2.5
      vertex -4.72872 1.6 -0.6
      vertex -4.72872 1.6 -2.5
    endloop
  endfacet
  facet normal -0.913546 -0.406736 0
    outer loop
      vertex -4.72872 1.6 -0.6
      vertex -4.45662 0.988853 -2.5
      vertex -4.45662 0.988853 -0.6
    endloop
  endfacet
  facet normal 0.978144 -0.207928 0
    outer loop
      vertex -10.6825 0.334491 -0.6
      vertex -10.5434 0.988853 -2.5
      vertex -10.5434 0.988853 -0.6
    endloop
  endfacet
  facet normal 0.978144 -0.207928 0
    outer loop
      vertex -10.5434 0.988853 -2.5
      vertex -10.6825 0.334491 -0.6
      vertex -10.6825 0.334491 -2.5
    endloop
  endfacet
  facet normal -0.978147 0.207913 0
    outer loop
      vertex -4.45662 -0.988853 -2.5
      vertex -4.31753 -0.334491 -0.6
      vertex -4.31753 -0.334491 -2.5
    endloop
  endfacet
  facet normal -0.978147 0.207913 0
    outer loop
      vertex -4.31753 -0.334491 -0.6
      vertex -4.45662 -0.988853 -2.5
      vertex -4.45662 -0.988853 -0.6
    endloop
  endfacet
  facet normal 0.104531 -0.994522 0
    outer loop
      vertex -8.16532 3.13007 -2.5
      vertex -7.5 3.2 -0.6
      vertex -8.16532 3.13007 -0.6
    endloop
  endfacet
  facet normal 0.104531 -0.994522 0
    outer loop
      vertex -7.5 3.2 -0.6
      vertex -8.16532 3.13007 -2.5
      vertex -7.5 3.2 -2.5
    endloop
  endfacet
  facet normal 0.500002 -0.866024 0
    outer loop
      vertex -9.38091 2.58885 -2.5
      vertex -8.80156 2.92334 -0.6
      vertex -9.38091 2.58885 -0.6
    endloop
  endfacet
  facet normal 0.500002 -0.866024 0
    outer loop
      vertex -8.80156 2.92334 -0.6
      vertex -9.38091 2.58885 -2.5
      vertex -8.80156 2.92334 -2.5
    endloop
  endfacet
  facet normal -0.500002 -0.866024 0
    outer loop
      vertex -6.19844 2.92334 -2.5
      vertex -5.61909 2.58885 -0.6
      vertex -6.19844 2.92334 -0.6
    endloop
  endfacet
  facet normal -0.500002 -0.866024 -0
    outer loop
      vertex -5.61909 2.58885 -0.6
      vertex -6.19844 2.92334 -2.5
      vertex -5.61909 2.58885 -2.5
    endloop
  endfacet
  facet normal 0.500002 0.866024 -0
    outer loop
      vertex -8.80156 -2.92334 -2.5
      vertex -9.38091 -2.58885 -0.6
      vertex -8.80156 -2.92334 -0.6
    endloop
  endfacet
  facet normal 0.500002 0.866024 0
    outer loop
      vertex -9.38091 -2.58885 -0.6
      vertex -8.80156 -2.92334 -2.5
      vertex -9.38091 -2.58885 -2.5
    endloop
  endfacet
  facet normal -0.809017 0.587786 0
    outer loop
      vertex -5.12194 -2.14122 -2.5
      vertex -4.72872 -1.6 -0.6
      vertex -4.72872 -1.6 -2.5
    endloop
  endfacet
  facet normal -0.809017 0.587786 0
    outer loop
      vertex -4.72872 -1.6 -0.6
      vertex -5.12194 -2.14122 -2.5
      vertex -5.12194 -2.14122 -0.6
    endloop
  endfacet
  facet normal -0.809017 -0.587786 0
    outer loop
      vertex -4.72872 1.6 -2.5
      vertex -5.12194 2.14122 -0.6
      vertex -5.12194 2.14122 -2.5
    endloop
  endfacet
  facet normal -0.809017 -0.587786 0
    outer loop
      vertex -5.12194 2.14122 -0.6
      vertex -4.72872 1.6 -2.5
      vertex -4.72872 1.6 -0.6
    endloop
  endfacet
  facet normal -0.978147 -0.207913 0
    outer loop
      vertex -4.31753 0.334491 -2.5
      vertex -4.45662 0.988853 -0.6
      vertex -4.45662 0.988853 -2.5
    endloop
  endfacet
  facet normal -0.978147 -0.207913 0
    outer loop
      vertex -4.45662 0.988853 -0.6
      vertex -4.31753 0.334491 -2.5
      vertex -4.31753 0.334491 -0.6
    endloop
  endfacet
  facet normal 1 -0 0
    outer loop
      vertex -10.6825 -0.334491 -0.6
      vertex -10.6825 0.334491 -2.5
      vertex -10.6825 0.334491 -0.6
    endloop
  endfacet
  facet normal 1 0 0
    outer loop
      vertex -10.6825 0.334491 -2.5
      vertex -10.6825 -0.334491 -0.6
      vertex -10.6825 -0.334491 -2.5
    endloop
  endfacet
  facet normal -0.104531 -0.994522 0
    outer loop
      vertex -7.5 3.2 -2.5
      vertex -6.83468 3.13007 -0.6
      vertex -7.5 3.2 -0.6
    endloop
  endfacet
  facet normal -0.104531 -0.994522 -0
    outer loop
      vertex -6.83468 3.13007 -0.6
      vertex -7.5 3.2 -2.5
      vertex -6.83468 3.13007 -2.5
    endloop
  endfacet
  facet normal -0.078318 0.745113 -0.662324
    outer loop
      vertex -7.5 -2.13333 0.6
      vertex -7.05646 -2.08671 0.6
      vertex -7.5 -3.2 -0.6
    endloop
  endfacet
  facet normal -0.0783168 0.745112 -0.662325
    outer loop
      vertex -7.05646 -2.08671 0.6
      vertex -6.83468 -3.13007 -0.6
      vertex -7.5 -3.2 -0.6
    endloop
  endfacet
  facet normal 0.374615 0.648839 -0.662323
    outer loop
      vertex -8.75394 -1.7259 0.6
      vertex -8.3677 -1.9489 0.6
      vertex -9.38091 -2.58885 -0.6
    endloop
  endfacet
  facet normal -0.374611 -0.648842 -0.662322
    outer loop
      vertex -6.19844 2.92334 -0.6
      vertex -5.61909 2.58885 -0.6
      vertex -6.6323 1.9489 0.6
    endloop
  endfacet
  facet normal -0.60613 0.44038 -0.662323
    outer loop
      vertex -4.72872 -1.6 -0.6
      vertex -5.12194 -2.14122 -0.6
      vertex -5.65248 -1.06667 0.6
    endloop
  endfacet
  facet normal -0.732846 0.155772 -0.662323
    outer loop
      vertex -4.31753 -0.334491 -0.6
      vertex -4.45662 -0.988853 -0.6
      vertex -5.47108 -0.659236 0.6
    endloop
  endfacet
  facet normal 0.501324 -0.556778 -0.662324
    outer loop
      vertex -8.75394 1.7259 0.6
      vertex -9.08537 1.42748 0.6
      vertex -9.87806 2.14122 -0.6
    endloop
  endfacet
  facet normal -0.501324 0.556778 -0.662324
    outer loop
      vertex -5.91463 -1.42748 0.6
      vertex -5.12194 -2.14122 -0.6
      vertex -6.24606 -1.7259 0.6
    endloop
  endfacet
  facet normal 0.231524 0.712546 -0.662325
    outer loop
      vertex -7.94354 -2.08671 0.6
      vertex -8.16532 -3.13007 -0.6
      vertex -8.80156 -2.92334 -0.6
    endloop
  endfacet
  facet normal -0.684445 0.304735 -0.662323
    outer loop
      vertex -4.45662 -0.988853 -0.6
      vertex -4.72872 -1.6 -0.6
      vertex -5.65248 -1.06667 0.6
    endloop
  endfacet
  facet normal 0.374611 -0.648842 -0.662322
    outer loop
      vertex -8.80156 2.92334 -0.6
      vertex -8.3677 1.9489 0.6
      vertex -9.38091 2.58885 -0.6
    endloop
  endfacet
  facet normal -0.374611 0.648842 -0.662322
    outer loop
      vertex -5.61909 -2.58885 -0.6
      vertex -6.19844 -2.92334 -0.6
      vertex -6.6323 -1.9489 0.6
    endloop
  endfacet
  facet normal 0.23151 -0.712555 -0.662321
    outer loop
      vertex -7.94354 2.08671 0.6
      vertex -8.3677 1.9489 0.6
      vertex -8.80156 2.92334 -0.6
    endloop
  endfacet
  facet normal -0.078318 -0.745113 -0.662324
    outer loop
      vertex -7.5 3.2 -0.6
      vertex -7.05646 2.08671 0.6
      vertex -7.5 2.13333 0.6
    endloop
  endfacet
  facet normal -0.501324 -0.556778 -0.662324
    outer loop
      vertex -5.12194 2.14122 -0.6
      vertex -5.91463 1.42748 0.6
      vertex -6.24606 1.7259 0.6
    endloop
  endfacet
  facet normal -0.0783168 -0.745112 -0.662325
    outer loop
      vertex -6.83468 3.13007 -0.6
      vertex -7.05646 2.08671 0.6
      vertex -7.5 3.2 -0.6
    endloop
  endfacet
  facet normal 0.68444 -0.304732 -0.662329
    outer loop
      vertex -10.2713 1.6 -0.6
      vertex -9.34752 1.06667 0.6
      vertex -10.5434 0.988853 -0.6
    endloop
  endfacet
  facet normal -0.501321 0.556781 -0.662323
    outer loop
      vertex -5.12194 -2.14122 -0.6
      vertex -5.61909 -2.58885 -0.6
      vertex -6.24606 -1.7259 0.6
    endloop
  endfacet
  facet normal -0.606124 0.440386 -0.662325
    outer loop
      vertex -5.65248 -1.06667 0.6
      vertex -5.12194 -2.14122 -0.6
      vertex -5.91463 -1.42748 0.6
    endloop
  endfacet
  facet normal 0.374615 -0.648839 -0.662323
    outer loop
      vertex -8.3677 1.9489 0.6
      vertex -8.75394 1.7259 0.6
      vertex -9.38091 2.58885 -0.6
    endloop
  endfacet
  facet normal -0.684446 0.304733 -0.662323
    outer loop
      vertex -5.47108 -0.659236 0.6
      vertex -4.45662 -0.988853 -0.6
      vertex -5.65248 -1.06667 0.6
    endloop
  endfacet
  facet normal -0.231524 -0.712546 -0.662325
    outer loop
      vertex -6.83468 3.13007 -0.6
      vertex -6.19844 2.92334 -0.6
      vertex -7.05646 2.08671 0.6
    endloop
  endfacet
  facet normal -0.374615 -0.648839 -0.662323
    outer loop
      vertex -5.61909 2.58885 -0.6
      vertex -6.24606 1.7259 0.6
      vertex -6.6323 1.9489 0.6
    endloop
  endfacet
  facet normal 0.231524 -0.712546 -0.662325
    outer loop
      vertex -8.16532 3.13007 -0.6
      vertex -7.94354 2.08671 0.6
      vertex -8.80156 2.92334 -0.6
    endloop
  endfacet
  facet normal 0.0783168 -0.745112 -0.662325
    outer loop
      vertex -7.5 3.2 -0.6
      vertex -7.94354 2.08671 0.6
      vertex -8.16532 3.13007 -0.6
    endloop
  endfacet
  facet normal -0.374615 0.648839 -0.662323
    outer loop
      vertex -6.24606 -1.7259 0.6
      vertex -5.61909 -2.58885 -0.6
      vertex -6.6323 -1.9489 0.6
    endloop
  endfacet
  facet normal -0.23151 0.712555 -0.662321
    outer loop
      vertex -6.6323 -1.9489 0.6
      vertex -6.19844 -2.92334 -0.6
      vertex -7.05646 -2.08671 0.6
    endloop
  endfacet
  facet normal -0.231524 0.712546 -0.662325
    outer loop
      vertex -6.19844 -2.92334 -0.6
      vertex -6.83468 -3.13007 -0.6
      vertex -7.05646 -2.08671 0.6
    endloop
  endfacet
  facet normal 0.732837 0.155776 -0.662332
    outer loop
      vertex -9.62165 -0.222994 0.6
      vertex -9.52892 -0.659236 0.6
      vertex -10.6825 -0.334491 -0.6
    endloop
  endfacet
  facet normal 0.606124 -0.440386 -0.662325
    outer loop
      vertex -9.08537 1.42748 0.6
      vertex -9.34752 1.06667 0.6
      vertex -9.87806 2.14122 -0.6
    endloop
  endfacet
  facet normal -0.501321 -0.556781 -0.662323
    outer loop
      vertex -5.61909 2.58885 -0.6
      vertex -5.12194 2.14122 -0.6
      vertex -6.24606 1.7259 0.6
    endloop
  endfacet
  facet normal 0.732837 0.155782 -0.662331
    outer loop
      vertex -9.52892 -0.659236 0.6
      vertex -10.5434 -0.988853 -0.6
      vertex -10.6825 -0.334491 -0.6
    endloop
  endfacet
  facet normal 0 0 -1
    outer loop
      vertex -5.47108 -0.659236 0.6
      vertex -5.37835 0.222994 0.6
      vertex -5.37835 -0.222994 0.6
    endloop
  endfacet
  facet normal 0 0 -1
    outer loop
      vertex -5.47108 -0.659236 0.6
      vertex -5.47108 0.659236 0.6
      vertex -5.37835 0.222994 0.6
    endloop
  endfacet
  facet normal 0 0 -1
    outer loop
      vertex -5.65248 -1.06667 0.6
      vertex -5.47108 0.659236 0.6
      vertex -5.47108 -0.659236 0.6
    endloop
  endfacet
  facet normal 0 0 -1
    outer loop
      vertex -5.65248 -1.06667 0.6
      vertex -5.65248 1.06667 0.6
      vertex -5.47108 0.659236 0.6
    endloop
  endfacet
  facet normal 0 0 -1
    outer loop
      vertex -5.91463 -1.42748 0.6
      vertex -5.65248 1.06667 0.6
      vertex -5.65248 -1.06667 0.6
    endloop
  endfacet
  facet normal 0 0 -1
    outer loop
      vertex -5.91463 -1.42748 0.6
      vertex -5.91463 1.42748 0.6
      vertex -5.65248 1.06667 0.6
    endloop
  endfacet
  facet normal 0 0 -1
    outer loop
      vertex -6.24606 -1.7259 0.6
      vertex -5.91463 1.42748 0.6
      vertex -5.91463 -1.42748 0.6
    endloop
  endfacet
  facet normal 0 0 -1
    outer loop
      vertex -6.24606 -1.7259 0.6
      vertex -6.24606 1.7259 0.6
      vertex -5.91463 1.42748 0.6
    endloop
  endfacet
  facet normal 0 0 -1
    outer loop
      vertex -6.6323 -1.9489 0.6
      vertex -6.24606 1.7259 0.6
      vertex -6.24606 -1.7259 0.6
    endloop
  endfacet
  facet normal 0 0 -1
    outer loop
      vertex -6.6323 -1.9489 0.6
      vertex -6.6323 1.9489 0.6
      vertex -6.24606 1.7259 0.6
    endloop
  endfacet
  facet normal 0 0 -1
    outer loop
      vertex -7.05646 -2.08671 0.6
      vertex -6.6323 1.9489 0.6
      vertex -6.6323 -1.9489 0.6
    endloop
  endfacet
  facet normal 0 0 -1
    outer loop
      vertex -7.05646 -2.08671 0.6
      vertex -7.05646 2.08671 0.6
      vertex -6.6323 1.9489 0.6
    endloop
  endfacet
  facet normal 0 0 -1
    outer loop
      vertex -7.5 -2.13333 0.6
      vertex -7.05646 2.08671 0.6
      vertex -7.05646 -2.08671 0.6
    endloop
  endfacet
  facet normal 0 0 -1
    outer loop
      vertex -7.5 -2.13333 0.6
      vertex -7.5 2.13333 0.6
      vertex -7.05646 2.08671 0.6
    endloop
  endfacet
  facet normal 0 0 -1
    outer loop
      vertex -7.94354 -2.08671 0.6
      vertex -7.5 2.13333 0.6
      vertex -7.5 -2.13333 0.6
    endloop
  endfacet
  facet normal 0 0 -1
    outer loop
      vertex -7.94354 -2.08671 0.6
      vertex -7.94354 2.08671 0.6
      vertex -7.5 2.13333 0.6
    endloop
  endfacet
  facet normal 0 0 -1
    outer loop
      vertex -8.3677 -1.9489 0.6
      vertex -7.94354 2.08671 0.6
      vertex -7.94354 -2.08671 0.6
    endloop
  endfacet
  facet normal 0 0 -1
    outer loop
      vertex -8.3677 -1.9489 0.6
      vertex -8.3677 1.9489 0.6
      vertex -7.94354 2.08671 0.6
    endloop
  endfacet
  facet normal 0 0 -1
    outer loop
      vertex -8.75394 -1.7259 0.6
      vertex -8.3677 1.9489 0.6
      vertex -8.3677 -1.9489 0.6
    endloop
  endfacet
  facet normal 0 0 -1
    outer loop
      vertex -8.75394 -1.7259 0.6
      vertex -8.75394 1.7259 0.6
      vertex -8.3677 1.9489 0.6
    endloop
  endfacet
  facet normal 0 0 -1
    outer loop
      vertex -9.08537 -1.42748 0.6
      vertex -8.75394 1.7259 0.6
      vertex -8.75394 -1.7259 0.6
    endloop
  endfacet
  facet normal 0 0 -1
    outer loop
      vertex -9.08537 -1.42748 0.6
      vertex -9.08537 1.42748 0.6
      vertex -8.75394 1.7259 0.6
    endloop
  endfacet
  facet normal 0 0 -1
    outer loop
      vertex -9.34752 -1.06667 0.6
      vertex -9.08537 1.42748 0.6
      vertex -9.08537 -1.42748 0.6
    endloop
  endfacet
  facet normal 0 0 -1
    outer loop
      vertex -9.34752 -1.06667 0.6
      vertex -9.34752 1.06667 0.6
      vertex -9.08537 1.42748 0.6
    endloop
  endfacet
  facet normal 0 0 -1
    outer loop
      vertex -9.52892 -0.659236 0.6
      vertex -9.34752 1.06667 0.6
      vertex -9.34752 -1.06667 0.6
    endloop
  endfacet
  facet normal 0 0 -1
    outer loop
      vertex -9.52892 -0.659236 0.6
      vertex -9.52892 0.659236 0.6
      vertex -9.34752 1.06667 0.6
    endloop
  endfacet
  facet normal 0 0 -1
    outer loop
      vertex -9.62165 -0.222994 0.6
      vertex -9.52892 0.659236 0.6
      vertex -9.52892 -0.659236 0.6
    endloop
  endfacet
  facet normal 0 0 -1
    outer loop
      vertex -9.52892 0.659236 0.6
      vertex -9.62165 -0.222994 0.6
      vertex -9.62165 0.222994 0.6
    endloop
  endfacet
  facet normal -0.732846 -0.155772 -0.662323
    outer loop
      vertex -4.45662 0.988853 -0.6
      vertex -4.31753 0.334491 -0.6
      vertex -5.47108 0.659236 0.6
    endloop
  endfacet
  facet normal -0.732846 -0.155778 -0.662322
    outer loop
      vertex -4.31753 0.334491 -0.6
      vertex -5.37835 0.222994 0.6
      vertex -5.47108 0.659236 0.6
    endloop
  endfacet
  facet normal -0.684445 -0.304735 -0.662323
    outer loop
      vertex -4.72872 1.6 -0.6
      vertex -4.45662 0.988853 -0.6
      vertex -5.65248 1.06667 0.6
    endloop
  endfacet
  facet normal 0.501321 -0.556781 -0.662323
    outer loop
      vertex -9.38091 2.58885 -0.6
      vertex -8.75394 1.7259 0.6
      vertex -9.87806 2.14122 -0.6
    endloop
  endfacet
  facet normal 0.606116 0.440392 -0.662327
    outer loop
      vertex -9.34752 -1.06667 0.6
      vertex -9.87806 -2.14122 -0.6
      vertex -10.2713 -1.6 -0.6
    endloop
  endfacet
  facet normal 0.684441 -0.30473 -0.66233
    outer loop
      vertex -9.34752 1.06667 0.6
      vertex -9.52892 0.659236 0.6
      vertex -10.5434 0.988853 -0.6
    endloop
  endfacet
  facet normal 0.606124 0.440386 -0.662325
    outer loop
      vertex -9.34752 -1.06667 0.6
      vertex -9.08537 -1.42748 0.6
      vertex -9.87806 -2.14122 -0.6
    endloop
  endfacet
  facet normal 0.0783168 0.745112 -0.662325
    outer loop
      vertex -7.94354 -2.08671 0.6
      vertex -7.5 -3.2 -0.6
      vertex -8.16532 -3.13007 -0.6
    endloop
  endfacet
  facet normal 0.078318 0.745113 -0.662324
    outer loop
      vertex -7.5 -2.13333 0.6
      vertex -7.5 -3.2 -0.6
      vertex -7.94354 -2.08671 0.6
    endloop
  endfacet
  facet normal 0.732837 -0.155776 -0.662332
    outer loop
      vertex -9.52892 0.659236 0.6
      vertex -9.62165 0.222994 0.6
      vertex -10.6825 0.334491 -0.6
    endloop
  endfacet
  facet normal 0.078318 -0.745113 -0.662324
    outer loop
      vertex -7.5 3.2 -0.6
      vertex -7.5 2.13333 0.6
      vertex -7.94354 2.08671 0.6
    endloop
  endfacet
  facet normal 0.501324 0.556778 -0.662324
    outer loop
      vertex -9.08537 -1.42748 0.6
      vertex -8.75394 -1.7259 0.6
      vertex -9.87806 -2.14122 -0.6
    endloop
  endfacet
  facet normal 0.501321 0.556781 -0.662323
    outer loop
      vertex -8.75394 -1.7259 0.6
      vertex -9.38091 -2.58885 -0.6
      vertex -9.87806 -2.14122 -0.6
    endloop
  endfacet
  facet normal 0.606116 -0.440392 -0.662327
    outer loop
      vertex -9.87806 2.14122 -0.6
      vertex -9.34752 1.06667 0.6
      vertex -10.2713 1.6 -0.6
    endloop
  endfacet
  facet normal 0.74921 0 -0.662333
    outer loop
      vertex -9.62165 -0.222994 0.6
      vertex -10.6825 0.334491 -0.6
      vertex -9.62165 0.222994 0.6
    endloop
  endfacet
  facet normal 0.74921 0 -0.662333
    outer loop
      vertex -10.6825 0.334491 -0.6
      vertex -9.62165 -0.222994 0.6
      vertex -10.6825 -0.334491 -0.6
    endloop
  endfacet
  facet normal -0.60613 -0.44038 -0.662323
    outer loop
      vertex -5.12194 2.14122 -0.6
      vertex -4.72872 1.6 -0.6
      vertex -5.65248 1.06667 0.6
    endloop
  endfacet
  facet normal -0.732846 0.155778 -0.662322
    outer loop
      vertex -5.37835 -0.222994 0.6
      vertex -4.31753 -0.334491 -0.6
      vertex -5.47108 -0.659236 0.6
    endloop
  endfacet
  facet normal -0.606124 -0.440386 -0.662325
    outer loop
      vertex -5.12194 2.14122 -0.6
      vertex -5.65248 1.06667 0.6
      vertex -5.91463 1.42748 0.6
    endloop
  endfacet
  facet normal -0.749219 0 -0.662322
    outer loop
      vertex -4.31753 0.334491 -0.6
      vertex -5.37835 -0.222994 0.6
      vertex -5.37835 0.222994 0.6
    endloop
  endfacet
  facet normal -0.749219 0 -0.662322
    outer loop
      vertex -5.37835 -0.222994 0.6
      vertex -4.31753 0.334491 -0.6
      vertex -4.31753 -0.334491 -0.6
    endloop
  endfacet
  facet normal -0.684446 -0.304733 -0.662323
    outer loop
      vertex -4.45662 0.988853 -0.6
      vertex -5.47108 0.659236 0.6
      vertex -5.65248 1.06667 0.6
    endloop
  endfacet
  facet normal 0.732837 -0.155782 -0.662331
    outer loop
      vertex -10.5434 0.988853 -0.6
      vertex -9.52892 0.659236 0.6
      vertex -10.6825 0.334491 -0.6
    endloop
  endfacet
  facet normal -0.23151 -0.712555 -0.662321
    outer loop
      vertex -6.19844 2.92334 -0.6
      vertex -6.6323 1.9489 0.6
      vertex -7.05646 2.08671 0.6
    endloop
  endfacet
  facet normal 0.684441 0.30473 -0.66233
    outer loop
      vertex -9.52892 -0.659236 0.6
      vertex -9.34752 -1.06667 0.6
      vertex -10.5434 -0.988853 -0.6
    endloop
  endfacet
  facet normal 0.374611 0.648842 -0.662322
    outer loop
      vertex -8.3677 -1.9489 0.6
      vertex -8.80156 -2.92334 -0.6
      vertex -9.38091 -2.58885 -0.6
    endloop
  endfacet
  facet normal 0.68444 0.304732 -0.662329
    outer loop
      vertex -9.34752 -1.06667 0.6
      vertex -10.2713 -1.6 -0.6
      vertex -10.5434 -0.988853 -0.6
    endloop
  endfacet
  facet normal 0.23151 0.712555 -0.662321
    outer loop
      vertex -8.3677 -1.9489 0.6
      vertex -7.94354 -2.08671 0.6
      vertex -8.80156 -2.92334 -0.6
    endloop
  endfacet
  facet normal 0.978148 -0.20791 0
    outer loop
      vertex 4.32027 0.386755 -0.6
      vertex 4.48109 1.14336 -2.5
      vertex 4.48109 1.14336 -0.6
    endloop
  endfacet
  facet normal 0.978148 -0.20791 0
    outer loop
      vertex 4.48109 1.14336 -2.5
      vertex 4.32027 0.386755 -0.6
      vertex 4.32027 0.386755 -2.5
    endloop
  endfacet
  facet normal -0.30902 0.951055 0
    outer loop
      vertex 9.50492 -3.38012 -2.5
      vertex 8.76927 -3.61915 -0.6
      vertex 9.50492 -3.38012 -0.6
    endloop
  endfacet
  facet normal -0.30902 0.951055 0
    outer loop
      vertex 8.76927 -3.61915 -0.6
      vertex 9.50492 -3.38012 -2.5
      vertex 8.76927 -3.61915 -2.5
    endloop
  endfacet
  facet normal -0.104524 0.994522 0
    outer loop
      vertex 8.76927 -3.61915 -2.5
      vertex 8 -3.7 -0.6
      vertex 8.76927 -3.61915 -0.6
    endloop
  endfacet
  facet normal -0.104524 0.994522 0
    outer loop
      vertex 8 -3.7 -0.6
      vertex 8.76927 -3.61915 -2.5
      vertex 8 -3.7 -2.5
    endloop
  endfacet
  facet normal -0.500004 0.866023 0
    outer loop
      vertex 10.1748 -2.99336 -2.5
      vertex 9.50492 -3.38012 -0.6
      vertex 10.1748 -2.99336 -0.6
    endloop
  endfacet
  facet normal -0.500004 0.866023 0
    outer loop
      vertex 9.50492 -3.38012 -0.6
      vertex 10.1748 -2.99336 -2.5
      vertex 9.50492 -3.38012 -2.5
    endloop
  endfacet
  facet normal 0.104524 0.994522 -0
    outer loop
      vertex 8 -3.7 -2.5
      vertex 7.23073 -3.61915 -0.6
      vertex 8 -3.7 -0.6
    endloop
  endfacet
  facet normal 0.104524 0.994522 0
    outer loop
      vertex 7.23073 -3.61915 -0.6
      vertex 8 -3.7 -2.5
      vertex 7.23073 -3.61915 -2.5
    endloop
  endfacet
  facet normal -0.66915 0.743127 0
    outer loop
      vertex 10.7496 -2.47578 -2.5
      vertex 10.1748 -2.99336 -0.6
      vertex 10.7496 -2.47578 -0.6
    endloop
  endfacet
  facet normal -0.66915 0.743127 0
    outer loop
      vertex 10.1748 -2.99336 -0.6
      vertex 10.7496 -2.47578 -2.5
      vertex 10.1748 -2.99336 -2.5
    endloop
  endfacet
  facet normal 0.30902 -0.951055 0
    outer loop
      vertex 6.49508 3.38012 -2.5
      vertex 7.23073 3.61915 -0.6
      vertex 6.49508 3.38012 -0.6
    endloop
  endfacet
  facet normal 0.30902 -0.951055 0
    outer loop
      vertex 7.23073 3.61915 -0.6
      vertex 6.49508 3.38012 -2.5
      vertex 7.23073 3.61915 -2.5
    endloop
  endfacet
  facet normal -0.66915 -0.743127 0
    outer loop
      vertex 10.1748 2.99336 -2.5
      vertex 10.7496 2.47578 -0.6
      vertex 10.1748 2.99336 -0.6
    endloop
  endfacet
  facet normal -0.66915 -0.743127 -0
    outer loop
      vertex 10.7496 2.47578 -0.6
      vertex 10.1748 2.99336 -2.5
      vertex 10.7496 2.47578 -2.5
    endloop
  endfacet
  facet normal -0.30902 -0.951055 0
    outer loop
      vertex 8.76927 3.61915 -2.5
      vertex 9.50492 3.38012 -0.6
      vertex 8.76927 3.61915 -0.6
    endloop
  endfacet
  facet normal -0.30902 -0.951055 -0
    outer loop
      vertex 9.50492 3.38012 -0.6
      vertex 8.76927 3.61915 -2.5
      vertex 9.50492 3.38012 -2.5
    endloop
  endfacet
  facet normal 0.809021 0.58778 0
    outer loop
      vertex 5.25036 -2.47578 -0.6
      vertex 4.79571 -1.85 -2.5
      vertex 4.79571 -1.85 -0.6
    endloop
  endfacet
  facet normal 0.809021 0.58778 0
    outer loop
      vertex 4.79571 -1.85 -2.5
      vertex 5.25036 -2.47578 -0.6
      vertex 5.25036 -2.47578 -2.5
    endloop
  endfacet
  facet normal 0.809021 -0.58778 0
    outer loop
      vertex 4.79571 1.85 -0.6
      vertex 5.25036 2.47578 -2.5
      vertex 5.25036 2.47578 -0.6
    endloop
  endfacet
  facet normal 0.809021 -0.58778 0
    outer loop
      vertex 5.25036 2.47578 -2.5
      vertex 4.79571 1.85 -0.6
      vertex 4.79571 1.85 -2.5
    endloop
  endfacet
  facet normal -0.80899 -0.587823 0
    outer loop
      vertex 11.2043 1.85 -2.5
      vertex 10.7496 2.47578 -0.6
      vertex 10.7496 2.47578 -2.5
    endloop
  endfacet
  facet normal -0.80899 -0.587823 0
    outer loop
      vertex 10.7496 2.47578 -0.6
      vertex 11.2043 1.85 -2.5
      vertex 11.2043 1.85 -0.6
    endloop
  endfacet
  facet normal -0.500004 -0.866023 0
    outer loop
      vertex 9.50492 3.38012 -2.5
      vertex 10.1748 2.99336 -0.6
      vertex 9.50492 3.38012 -0.6
    endloop
  endfacet
  facet normal -0.500004 -0.866023 -0
    outer loop
      vertex 10.1748 2.99336 -0.6
      vertex 9.50492 3.38012 -2.5
      vertex 10.1748 2.99336 -2.5
    endloop
  endfacet
  facet normal -0.913553 -0.406719 0
    outer loop
      vertex 11.5189 1.14336 -2.5
      vertex 11.2043 1.85 -0.6
      vertex 11.2043 1.85 -2.5
    endloop
  endfacet
  facet normal -0.913553 -0.406719 0
    outer loop
      vertex 11.2043 1.85 -0.6
      vertex 11.5189 1.14336 -2.5
      vertex 11.5189 1.14336 -0.6
    endloop
  endfacet
  facet normal -0.978153 -0.207885 0
    outer loop
      vertex 11.6797 0.386755 -2.5
      vertex 11.5189 1.14336 -0.6
      vertex 11.5189 1.14336 -2.5
    endloop
  endfacet
  facet normal -0.978153 -0.207885 0
    outer loop
      vertex 11.5189 1.14336 -0.6
      vertex 11.6797 0.386755 -2.5
      vertex 11.6797 0.386755 -0.6
    endloop
  endfacet
  facet normal 0.500004 0.866023 -0
    outer loop
      vertex 6.49508 -3.38012 -2.5
      vertex 5.8252 -2.99336 -0.6
      vertex 6.49508 -3.38012 -0.6
    endloop
  endfacet
  facet normal 0.500004 0.866023 0
    outer loop
      vertex 5.8252 -2.99336 -0.6
      vertex 6.49508 -3.38012 -2.5
      vertex 5.8252 -2.99336 -2.5
    endloop
  endfacet
  facet normal 0.669125 0.74315 -0
    outer loop
      vertex 5.8252 -2.99336 -2.5
      vertex 5.25036 -2.47578 -0.6
      vertex 5.8252 -2.99336 -0.6
    endloop
  endfacet
  facet normal 0.669125 0.74315 0
    outer loop
      vertex 5.25036 -2.47578 -0.6
      vertex 5.8252 -2.99336 -2.5
      vertex 5.25036 -2.47578 -2.5
    endloop
  endfacet
  facet normal 0.978148 0.20791 0
    outer loop
      vertex 4.48109 -1.14336 -0.6
      vertex 4.32027 -0.386755 -2.5
      vertex 4.32027 -0.386755 -0.6
    endloop
  endfacet
  facet normal 0.978148 0.20791 0
    outer loop
      vertex 4.32027 -0.386755 -2.5
      vertex 4.48109 -1.14336 -0.6
      vertex 4.48109 -1.14336 -2.5
    endloop
  endfacet
  facet normal -1 0 0
    outer loop
      vertex 11.6797 -0.386755 -2.5
      vertex 11.6797 0.386755 -0.6
      vertex 11.6797 0.386755 -2.5
    endloop
  endfacet
  facet normal -1 -0 0
    outer loop
      vertex 11.6797 0.386755 -0.6
      vertex 11.6797 -0.386755 -2.5
      vertex 11.6797 -0.386755 -0.6
    endloop
  endfacet
  facet normal 0.30902 0.951055 -0
    outer loop
      vertex 7.23073 -3.61915 -2.5
      vertex 6.49508 -3.38012 -0.6
      vertex 7.23073 -3.61915 -0.6
    endloop
  endfacet
  facet normal 0.30902 0.951055 0
    outer loop
      vertex 6.49508 -3.38012 -0.6
      vertex 7.23073 -3.61915 -2.5
      vertex 6.49508 -3.38012 -2.5
    endloop
  endfacet
  facet normal -0.80899 0.587823 0
    outer loop
      vertex 10.7496 -2.47578 -2.5
      vertex 11.2043 -1.85 -0.6
      vertex 11.2043 -1.85 -2.5
    endloop
  endfacet
  facet normal -0.80899 0.587823 0
    outer loop
      vertex 11.2043 -1.85 -0.6
      vertex 10.7496 -2.47578 -2.5
      vertex 10.7496 -2.47578 -0.6
    endloop
  endfacet
  facet normal -0.104524 -0.994522 0
    outer loop
      vertex 8 3.7 -2.5
      vertex 8.76927 3.61915 -0.6
      vertex 8 3.7 -0.6
    endloop
  endfacet
  facet normal -0.104524 -0.994522 -0
    outer loop
      vertex 8.76927 3.61915 -0.6
      vertex 8 3.7 -2.5
      vertex 8.76927 3.61915 -2.5
    endloop
  endfacet
  facet normal 0.500004 -0.866023 0
    outer loop
      vertex 5.8252 2.99336 -2.5
      vertex 6.49508 3.38012 -0.6
      vertex 5.8252 2.99336 -0.6
    endloop
  endfacet
  facet normal 0.500004 -0.866023 0
    outer loop
      vertex 6.49508 3.38012 -0.6
      vertex 5.8252 2.99336 -2.5
      vertex 6.49508 3.38012 -2.5
    endloop
  endfacet
  facet normal -0.913553 0.406719 0
    outer loop
      vertex 11.2043 -1.85 -2.5
      vertex 11.5189 -1.14336 -0.6
      vertex 11.5189 -1.14336 -2.5
    endloop
  endfacet
  facet normal -0.913553 0.406719 0
    outer loop
      vertex 11.5189 -1.14336 -0.6
      vertex 11.2043 -1.85 -2.5
      vertex 11.2043 -1.85 -0.6
    endloop
  endfacet
  facet normal 1 -0 0
    outer loop
      vertex 4.32027 -0.386755 -0.6
      vertex 4.32027 0.386755 -2.5
      vertex 4.32027 0.386755 -0.6
    endloop
  endfacet
  facet normal 1 0 0
    outer loop
      vertex 4.32027 0.386755 -2.5
      vertex 4.32027 -0.386755 -0.6
      vertex 4.32027 -0.386755 -2.5
    endloop
  endfacet
  facet normal 0.104524 -0.994522 0
    outer loop
      vertex 7.23073 3.61915 -2.5
      vertex 8 3.7 -0.6
      vertex 7.23073 3.61915 -0.6
    endloop
  endfacet
  facet normal 0.104524 -0.994522 0
    outer loop
      vertex 8 3.7 -0.6
      vertex 7.23073 3.61915 -2.5
      vertex 8 3.7 -2.5
    endloop
  endfacet
  facet normal 0.913544 0.406741 0
    outer loop
      vertex 4.79571 -1.85 -0.6
      vertex 4.48109 -1.14336 -2.5
      vertex 4.48109 -1.14336 -0.6
    endloop
  endfacet
  facet normal 0.913544 0.406741 0
    outer loop
      vertex 4.48109 -1.14336 -2.5
      vertex 4.79571 -1.85 -0.6
      vertex 4.79571 -1.85 -2.5
    endloop
  endfacet
  facet normal 0.669125 -0.74315 0
    outer loop
      vertex 5.25036 2.47578 -2.5
      vertex 5.8252 2.99336 -0.6
      vertex 5.25036 2.47578 -0.6
    endloop
  endfacet
  facet normal 0.669125 -0.74315 0
    outer loop
      vertex 5.8252 2.99336 -0.6
      vertex 5.25036 2.47578 -2.5
      vertex 5.8252 2.99336 -2.5
    endloop
  endfacet
  facet normal -0.978153 0.207885 0
    outer loop
      vertex 11.5189 -1.14336 -2.5
      vertex 11.6797 -0.386755 -0.6
      vertex 11.6797 -0.386755 -2.5
    endloop
  endfacet
  facet normal -0.978153 0.207885 0
    outer loop
      vertex 11.6797 -0.386755 -0.6
      vertex 11.5189 -1.14336 -2.5
      vertex 11.5189 -1.14336 -0.6
    endloop
  endfacet
  facet normal 0.913544 -0.406741 0
    outer loop
      vertex 4.48109 1.14336 -0.6
      vertex 4.79571 1.85 -2.5
      vertex 4.79571 1.85 -0.6
    endloop
  endfacet
  facet normal 0.913544 -0.406741 0
    outer loop
      vertex 4.79571 1.85 -2.5
      vertex 4.48109 1.14336 -0.6
      vertex 4.48109 1.14336 -2.5
    endloop
  endfacet
  facet normal 0.349663 0.605627 -0.714809
    outer loop
      vertex 6.55013 -1.99557 0.6
      vertex 6.49508 -3.38012 -0.6
      vertex 5.8252 -2.99336 -0.6
    endloop
  endfacet
  facet normal -0.0731088 0.69549 -0.714807
    outer loop
      vertex 8 -2.46667 0.6
      vertex 8.51285 -2.41276 0.6
      vertex 8 -3.7 -0.6
    endloop
  endfacet
  facet normal -0.0730955 0.695488 -0.71481
    outer loop
      vertex 8.51285 -2.41276 0.6
      vertex 8.76927 -3.61915 -0.6
      vertex 8 -3.7 -0.6
    endloop
  endfacet
  facet normal -0.467939 0.519704 -0.714801
    outer loop
      vertex 9.83309 -1.65052 0.6
      vertex 10.7496 -2.47578 -0.6
      vertex 9.44987 -1.99557 0.6
    endloop
  endfacet
  facet normal -0.684063 -0.145383 -0.714788
    outer loop
      vertex 11.5189 1.14336 -0.6
      vertex 11.6797 0.386755 -0.6
      vertex 10.4532 0.257836 0.6
    endloop
  endfacet
  facet normal -0.349663 0.605627 -0.714809
    outer loop
      vertex 10.1748 -2.99336 -0.6
      vertex 9.50492 -3.38012 -0.6
      vertex 9.44987 -1.99557 0.6
    endloop
  endfacet
  facet normal -0.349661 -0.605628 -0.714809
    outer loop
      vertex 9.50492 3.38012 -0.6
      vertex 9.44987 1.99557 0.6
      vertex 9.00328 2.25341 0.6
    endloop
  endfacet
  facet normal 0.216104 0.665091 -0.71481
    outer loop
      vertex 7.48715 -2.41276 0.6
      vertex 7.23073 -3.61915 -0.6
      vertex 6.49508 -3.38012 -0.6
    endloop
  endfacet
  facet normal -0.638859 -0.284423 -0.714817
    outer loop
      vertex 11.2043 1.85 -0.6
      vertex 11.5189 1.14336 -0.6
      vertex 10.3459 0.762241 0.6
    endloop
  endfacet
  facet normal -0.638884 -0.284392 -0.714807
    outer loop
      vertex 11.2043 1.85 -0.6
      vertex 10.3459 0.762241 0.6
      vertex 10.1362 1.23333 0.6
    endloop
  endfacet
  facet normal 0.565765 0.411047 -0.714807
    outer loop
      vertex 5.8638 -1.23333 0.6
      vertex 5.25036 -2.47578 -0.6
      vertex 4.79571 -1.85 -0.6
    endloop
  endfacet
  facet normal -0.216104 -0.665091 -0.71481
    outer loop
      vertex 8.76927 3.61915 -0.6
      vertex 9.50492 3.38012 -0.6
      vertex 8.51285 2.41276 0.6
    endloop
  endfacet
  facet normal 0.467934 -0.519698 -0.714809
    outer loop
      vertex 6.55013 1.99557 0.6
      vertex 6.16691 1.65052 0.6
      vertex 5.25036 2.47578 -0.6
    endloop
  endfacet
  facet normal 0.684038 -0.145395 -0.714809
    outer loop
      vertex 4.48109 1.14336 -0.6
      vertex 5.54685 0.257836 0.6
      vertex 4.32027 0.386755 -0.6
    endloop
  endfacet
  facet normal 0.349661 0.605628 -0.714809
    outer loop
      vertex 6.55013 -1.99557 0.6
      vertex 6.99672 -2.25341 0.6
      vertex 6.49508 -3.38012 -0.6
    endloop
  endfacet
  facet normal 0.638864 -0.284437 -0.714807
    outer loop
      vertex 5.8638 1.23333 0.6
      vertex 5.65406 0.762241 0.6
      vertex 4.79571 1.85 -0.6
    endloop
  endfacet
  facet normal 0.638864 0.284437 -0.714807
    outer loop
      vertex 5.65406 -0.762241 0.6
      vertex 5.8638 -1.23333 0.6
      vertex 4.79571 -1.85 -0.6
    endloop
  endfacet
  facet normal -0.349663 -0.605627 -0.714809
    outer loop
      vertex 9.50492 3.38012 -0.6
      vertex 10.1748 2.99336 -0.6
      vertex 9.44987 1.99557 0.6
    endloop
  endfacet
  facet normal -0.684001 0.145505 -0.714823
    outer loop
      vertex 10.4532 -0.257836 0.6
      vertex 11.5189 -1.14336 -0.6
      vertex 10.3459 -0.762241 0.6
    endloop
  endfacet
  facet normal -0.565744 0.411077 -0.714808
    outer loop
      vertex 11.2043 -1.85 -0.6
      vertex 10.7496 -2.47578 -0.6
      vertex 10.1362 -1.23333 0.6
    endloop
  endfacet
  facet normal -0.638859 0.284423 -0.714817
    outer loop
      vertex 11.5189 -1.14336 -0.6
      vertex 11.2043 -1.85 -0.6
      vertex 10.3459 -0.762241 0.6
    endloop
  endfacet
  facet normal -0.565766 -0.411058 -0.7148
    outer loop
      vertex 10.7496 2.47578 -0.6
      vertex 10.1362 1.23333 0.6
      vertex 9.83309 1.65052 0.6
    endloop
  endfacet
  facet normal -0.216101 0.665092 -0.714809
    outer loop
      vertex 9.00328 -2.25341 0.6
      vertex 9.50492 -3.38012 -0.6
      vertex 8.51285 -2.41276 0.6
    endloop
  endfacet
  facet normal 0.467933 -0.5197 -0.714808
    outer loop
      vertex 5.8252 2.99336 -0.6
      vertex 6.55013 1.99557 0.6
      vertex 5.25036 2.47578 -0.6
    endloop
  endfacet
  facet normal 0.467933 0.5197 -0.714808
    outer loop
      vertex 6.55013 -1.99557 0.6
      vertex 5.8252 -2.99336 -0.6
      vertex 5.25036 -2.47578 -0.6
    endloop
  endfacet
  facet normal -0.467951 0.519685 -0.714807
    outer loop
      vertex 10.7496 -2.47578 -0.6
      vertex 10.1748 -2.99336 -0.6
      vertex 9.44987 -1.99557 0.6
    endloop
  endfacet
  facet normal -0.216104 0.665091 -0.71481
    outer loop
      vertex 9.50492 -3.38012 -0.6
      vertex 8.76927 -3.61915 -0.6
      vertex 8.51285 -2.41276 0.6
    endloop
  endfacet
  facet normal 0.467934 0.519698 -0.714809
    outer loop
      vertex 6.16691 -1.65052 0.6
      vertex 6.55013 -1.99557 0.6
      vertex 5.25036 -2.47578 -0.6
    endloop
  endfacet
  facet normal 0.565765 -0.411047 -0.714807
    outer loop
      vertex 5.25036 2.47578 -0.6
      vertex 5.8638 1.23333 0.6
      vertex 4.79571 1.85 -0.6
    endloop
  endfacet
  facet normal -0.699343 0 -0.714787
    outer loop
      vertex 10.4532 -0.257836 0.6
      vertex 11.6797 0.386755 -0.6
      vertex 11.6797 -0.386755 -0.6
    endloop
  endfacet
  facet normal -0.699343 0 -0.714787
    outer loop
      vertex 11.6797 0.386755 -0.6
      vertex 10.4532 -0.257836 0.6
      vertex 10.4532 0.257836 0.6
    endloop
  endfacet
  facet normal 0.216104 -0.665091 -0.71481
    outer loop
      vertex 7.23073 3.61915 -0.6
      vertex 7.48715 2.41276 0.6
      vertex 6.49508 3.38012 -0.6
    endloop
  endfacet
  facet normal 0.0730955 -0.695488 -0.71481
    outer loop
      vertex 8 3.7 -0.6
      vertex 7.48715 2.41276 0.6
      vertex 7.23073 3.61915 -0.6
    endloop
  endfacet
  facet normal -0.349661 0.605628 -0.714809
    outer loop
      vertex 9.44987 -1.99557 0.6
      vertex 9.50492 -3.38012 -0.6
      vertex 9.00328 -2.25341 0.6
    endloop
  endfacet
  facet normal 0.63886 0.284442 -0.714808
    outer loop
      vertex 5.65406 -0.762241 0.6
      vertex 4.79571 -1.85 -0.6
      vertex 4.48109 -1.14336 -0.6
    endloop
  endfacet
  facet normal 0.0730955 0.695488 -0.71481
    outer loop
      vertex 7.48715 -2.41276 0.6
      vertex 8 -3.7 -0.6
      vertex 7.23073 -3.61915 -0.6
    endloop
  endfacet
  facet normal 0.0731088 0.69549 -0.714807
    outer loop
      vertex 8 -2.46667 0.6
      vertex 8 -3.7 -0.6
      vertex 7.48715 -2.41276 0.6
    endloop
  endfacet
  facet normal 0.349663 -0.605627 -0.714809
    outer loop
      vertex 6.49508 3.38012 -0.6
      vertex 6.55013 1.99557 0.6
      vertex 5.8252 2.99336 -0.6
    endloop
  endfacet
  facet normal -0.684063 0.145383 -0.714788
    outer loop
      vertex 11.6797 -0.386755 -0.6
      vertex 11.5189 -1.14336 -0.6
      vertex 10.4532 -0.257836 0.6
    endloop
  endfacet
  facet normal 0.63886 -0.284442 -0.714808
    outer loop
      vertex 4.79571 1.85 -0.6
      vertex 5.65406 0.762241 0.6
      vertex 4.48109 1.14336 -0.6
    endloop
  endfacet
  facet normal 0.349661 -0.605628 -0.714809
    outer loop
      vertex 6.99672 2.25341 0.6
      vertex 6.55013 1.99557 0.6
      vertex 6.49508 3.38012 -0.6
    endloop
  endfacet
  facet normal -0.467951 -0.519685 -0.714807
    outer loop
      vertex 10.1748 2.99336 -0.6
      vertex 10.7496 2.47578 -0.6
      vertex 9.44987 1.99557 0.6
    endloop
  endfacet
  facet normal 0.0731088 -0.69549 -0.714807
    outer loop
      vertex 8 3.7 -0.6
      vertex 8 2.46667 0.6
      vertex 7.48715 2.41276 0.6
    endloop
  endfacet
  facet normal 0.684038 0.145395 -0.714809
    outer loop
      vertex 5.54685 -0.257836 0.6
      vertex 4.48109 -1.14336 -0.6
      vertex 4.32027 -0.386755 -0.6
    endloop
  endfacet
  facet normal -0.565766 0.411058 -0.7148
    outer loop
      vertex 10.1362 -1.23333 0.6
      vertex 10.7496 -2.47578 -0.6
      vertex 9.83309 -1.65052 0.6
    endloop
  endfacet
  facet normal -0.216101 -0.665092 -0.714809
    outer loop
      vertex 9.50492 3.38012 -0.6
      vertex 9.00328 2.25341 0.6
      vertex 8.51285 2.41276 0.6
    endloop
  endfacet
  facet normal -0.638884 0.284392 -0.714807
    outer loop
      vertex 10.3459 -0.762241 0.6
      vertex 11.2043 -1.85 -0.6
      vertex 10.1362 -1.23333 0.6
    endloop
  endfacet
  facet normal 0.68404 -0.145391 -0.714808
    outer loop
      vertex 5.65406 0.762241 0.6
      vertex 5.54685 0.257836 0.6
      vertex 4.48109 1.14336 -0.6
    endloop
  endfacet
  facet normal 0.565759 -0.411053 -0.71481
    outer loop
      vertex 6.16691 1.65052 0.6
      vertex 5.8638 1.23333 0.6
      vertex 5.25036 2.47578 -0.6
    endloop
  endfacet
  facet normal 0.565759 0.411053 -0.71481
    outer loop
      vertex 5.8638 -1.23333 0.6
      vertex 6.16691 -1.65052 0.6
      vertex 5.25036 -2.47578 -0.6
    endloop
  endfacet
  facet normal 0.216101 -0.665092 -0.714809
    outer loop
      vertex 7.48715 2.41276 0.6
      vertex 6.99672 2.25341 0.6
      vertex 6.49508 3.38012 -0.6
    endloop
  endfacet
  facet normal 0.216101 0.665092 -0.714809
    outer loop
      vertex 6.99672 -2.25341 0.6
      vertex 7.48715 -2.41276 0.6
      vertex 6.49508 -3.38012 -0.6
    endloop
  endfacet
  facet normal 0.68404 0.145391 -0.714808
    outer loop
      vertex 5.54685 -0.257836 0.6
      vertex 5.65406 -0.762241 0.6
      vertex 4.48109 -1.14336 -0.6
    endloop
  endfacet
  facet normal -0.0730955 -0.695488 -0.71481
    outer loop
      vertex 8.76927 3.61915 -0.6
      vertex 8.51285 2.41276 0.6
      vertex 8 3.7 -0.6
    endloop
  endfacet
  facet normal -0.565744 -0.411077 -0.714808
    outer loop
      vertex 10.7496 2.47578 -0.6
      vertex 11.2043 1.85 -0.6
      vertex 10.1362 1.23333 0.6
    endloop
  endfacet
  facet normal -0.684001 -0.145505 -0.714823
    outer loop
      vertex 11.5189 1.14336 -0.6
      vertex 10.4532 0.257836 0.6
      vertex 10.3459 0.762241 0.6
    endloop
  endfacet
  facet normal -0.467939 -0.519704 -0.714801
    outer loop
      vertex 10.7496 2.47578 -0.6
      vertex 9.83309 1.65052 0.6
      vertex 9.44987 1.99557 0.6
    endloop
  endfacet
  facet normal -0.0731088 -0.69549 -0.714807
    outer loop
      vertex 8 3.7 -0.6
      vertex 8.51285 2.41276 0.6
      vertex 8 2.46667 0.6
    endloop
  endfacet
  facet normal 0 0 -1
    outer loop
      vertex 10.3459 -0.762241 0.6
      vertex 10.4532 0.257836 0.6
      vertex 10.4532 -0.257836 0.6
    endloop
  endfacet
  facet normal 0 0 -1
    outer loop
      vertex 10.3459 -0.762241 0.6
      vertex 10.3459 0.762241 0.6
      vertex 10.4532 0.257836 0.6
    endloop
  endfacet
  facet normal 0 0 -1
    outer loop
      vertex 10.1362 -1.23333 0.6
      vertex 10.3459 0.762241 0.6
      vertex 10.3459 -0.762241 0.6
    endloop
  endfacet
  facet normal 0 0 -1
    outer loop
      vertex 10.1362 -1.23333 0.6
      vertex 10.1362 1.23333 0.6
      vertex 10.3459 0.762241 0.6
    endloop
  endfacet
  facet normal 0 0 -1
    outer loop
      vertex 9.83309 -1.65052 0.6
      vertex 10.1362 1.23333 0.6
      vertex 10.1362 -1.23333 0.6
    endloop
  endfacet
  facet normal 0 0 -1
    outer loop
      vertex 9.83309 -1.65052 0.6
      vertex 9.83309 1.65052 0.6
      vertex 10.1362 1.23333 0.6
    endloop
  endfacet
  facet normal 0 0 -1
    outer loop
      vertex 9.44987 -1.99557 0.6
      vertex 9.83309 1.65052 0.6
      vertex 9.83309 -1.65052 0.6
    endloop
  endfacet
  facet normal 0 0 -1
    outer loop
      vertex 9.44987 -1.99557 0.6
      vertex 9.44987 1.99557 0.6
      vertex 9.83309 1.65052 0.6
    endloop
  endfacet
  facet normal 0 0 -1
    outer loop
      vertex 9.00328 -2.25341 0.6
      vertex 9.44987 1.99557 0.6
      vertex 9.44987 -1.99557 0.6
    endloop
  endfacet
  facet normal 0 0 -1
    outer loop
      vertex 9.00328 -2.25341 0.6
      vertex 9.00328 2.25341 0.6
      vertex 9.44987 1.99557 0.6
    endloop
  endfacet
  facet normal 0 0 -1
    outer loop
      vertex 8.51285 -2.41276 0.6
      vertex 9.00328 2.25341 0.6
      vertex 9.00328 -2.25341 0.6
    endloop
  endfacet
  facet normal 0 0 -1
    outer loop
      vertex 8.51285 -2.41276 0.6
      vertex 8.51285 2.41276 0.6
      vertex 9.00328 2.25341 0.6
    endloop
  endfacet
  facet normal 0 0 -1
    outer loop
      vertex 8 -2.46667 0.6
      vertex 8.51285 2.41276 0.6
      vertex 8.51285 -2.41276 0.6
    endloop
  endfacet
  facet normal 0 0 -1
    outer loop
      vertex 8 -2.46667 0.6
      vertex 8 2.46667 0.6
      vertex 8.51285 2.41276 0.6
    endloop
  endfacet
  facet normal 0 0 -1
    outer loop
      vertex 7.48715 -2.41276 0.6
      vertex 8 2.46667 0.6
      vertex 8 -2.46667 0.6
    endloop
  endfacet
  facet normal 0 0 -1
    outer loop
      vertex 7.48715 -2.41276 0.6
      vertex 7.48715 2.41276 0.6
      vertex 8 2.46667 0.6
    endloop
  endfacet
  facet normal 0 0 -1
    outer loop
      vertex 6.99672 -2.25341 0.6
      vertex 7.48715 2.41276 0.6
      vertex 7.48715 -2.41276 0.6
    endloop
  endfacet
  facet normal 0 0 -1
    outer loop
      vertex 6.99672 -2.25341 0.6
      vertex 6.99672 2.25341 0.6
      vertex 7.48715 2.41276 0.6
    endloop
  endfacet
  facet normal 0 0 -1
    outer loop
      vertex 6.55013 -1.99557 0.6
      vertex 6.99672 2.25341 0.6
      vertex 6.99672 -2.25341 0.6
    endloop
  endfacet
  facet normal 0 0 -1
    outer loop
      vertex 6.55013 -1.99557 0.6
      vertex 6.55013 1.99557 0.6
      vertex 6.99672 2.25341 0.6
    endloop
  endfacet
  facet normal 0 0 -1
    outer loop
      vertex 6.16691 -1.65052 0.6
      vertex 6.55013 1.99557 0.6
      vertex 6.55013 -1.99557 0.6
    endloop
  endfacet
  facet normal 0 0 -1
    outer loop
      vertex 6.16691 -1.65052 0.6
      vertex 6.16691 1.65052 0.6
      vertex 6.55013 1.99557 0.6
    endloop
  endfacet
  facet normal 0 0 -1
    outer loop
      vertex 5.8638 -1.23333 0.6
      vertex 6.16691 1.65052 0.6
      vertex 6.16691 -1.65052 0.6
    endloop
  endfacet
  facet normal 0 0 -1
    outer loop
      vertex 5.8638 -1.23333 0.6
      vertex 5.8638 1.23333 0.6
      vertex 6.16691 1.65052 0.6
    endloop
  endfacet
  facet normal 0 0 -1
    outer loop
      vertex 5.65406 -0.762241 0.6
      vertex 5.8638 1.23333 0.6
      vertex 5.8638 -1.23333 0.6
    endloop
  endfacet
  facet normal 0 0 -1
    outer loop
      vertex 5.65406 -0.762241 0.6
      vertex 5.65406 0.762241 0.6
      vertex 5.8638 1.23333 0.6
    endloop
  endfacet
  facet normal 0 0 -1
    outer loop
      vertex 5.54685 -0.257836 0.6
      vertex 5.65406 0.762241 0.6
      vertex 5.65406 -0.762241 0.6
    endloop
  endfacet
  facet normal 0 0 -1
    outer loop
      vertex 5.65406 0.762241 0.6
      vertex 5.54685 -0.257836 0.6
      vertex 5.54685 0.257836 0.6
    endloop
  endfacet
  facet normal 0.699319 0 -0.714809
    outer loop
      vertex 4.32027 -0.386755 -0.6
      vertex 5.54685 0.257836 0.6
      vertex 5.54685 -0.257836 0.6
    endloop
  endfacet
  facet normal 0.699319 0 -0.714809
    outer loop
      vertex 5.54685 0.257836 0.6
      vertex 4.32027 -0.386755 -0.6
      vertex 4.32027 0.386755 -0.6
    endloop
  endfacet
  facet normal -0.309019 0.951056 0
    outer loop
      vertex 1.70829 4.66311 -2.5
      vertex 0.873229 4.39178 -0.6
      vertex 1.70829 4.66311 -0.6
    endloop
  endfacet
  facet normal -0.309019 0.951056 0
    outer loop
      vertex 0.873229 4.39178 -0.6
      vertex 1.70829 4.66311 -2.5
      vertex 0.873229 4.39178 -2.5
    endloop
  endfacet
  facet normal -0.104528 0.994522 0
    outer loop
      vertex 0.873229 4.39178 -2.5
      vertex 0 4.3 -0.6
      vertex 0.873229 4.39178 -0.6
    endloop
  endfacet
  facet normal -0.104528 0.994522 0
    outer loop
      vertex 0 4.3 -0.6
      vertex 0.873229 4.39178 -2.5
      vertex 0 4.3 -2.5
    endloop
  endfacet
  facet normal -0.499998 0.866027 0
    outer loop
      vertex 2.4687 5.10213 -2.5
      vertex 1.70829 4.66311 -0.6
      vertex 2.4687 5.10213 -0.6
    endloop
  endfacet
  facet normal -0.499998 0.866027 0
    outer loop
      vertex 1.70829 4.66311 -0.6
      vertex 2.4687 5.10213 -2.5
      vertex 1.70829 4.66311 -2.5
    endloop
  endfacet
  facet normal 0.309019 0.951056 -0
    outer loop
      vertex -0.873229 4.39178 -2.5
      vertex -1.70829 4.66311 -0.6
      vertex -0.873229 4.39178 -0.6
    endloop
  endfacet
  facet normal 0.309019 0.951056 0
    outer loop
      vertex -1.70829 4.66311 -0.6
      vertex -0.873229 4.39178 -2.5
      vertex -1.70829 4.66311 -2.5
    endloop
  endfacet
  facet normal 0.104528 0.994522 -0
    outer loop
      vertex 0 4.3 -2.5
      vertex -0.873229 4.39178 -0.6
      vertex 0 4.3 -0.6
    endloop
  endfacet
  facet normal 0.104528 0.994522 0
    outer loop
      vertex -0.873229 4.39178 -0.6
      vertex 0 4.3 -2.5
      vertex -0.873229 4.39178 -2.5
    endloop
  endfacet
  facet normal -0.669129 0.743146 0
    outer loop
      vertex 3.12121 5.68965 -2.5
      vertex 2.4687 5.10213 -0.6
      vertex 3.12121 5.68965 -0.6
    endloop
  endfacet
  facet normal -0.669129 0.743146 0
    outer loop
      vertex 2.4687 5.10213 -0.6
      vertex 3.12121 5.68965 -2.5
      vertex 2.4687 5.10213 -2.5
    endloop
  endfacet
  facet normal 0.308988 -0.951066 0
    outer loop
      vertex -1.70829 12.3369 -2.5
      vertex -0.873229 12.6082 -0.6
      vertex -1.70829 12.3369 -0.6
    endloop
  endfacet
  facet normal 0.308988 -0.951066 0
    outer loop
      vertex -0.873229 12.6082 -0.6
      vertex -1.70829 12.3369 -2.5
      vertex -0.873229 12.6082 -2.5
    endloop
  endfacet
  facet normal -0.669179 -0.743101 0
    outer loop
      vertex 2.4687 11.8979 -2.5
      vertex 3.12121 11.3103 -0.6
      vertex 2.4687 11.8979 -0.6
    endloop
  endfacet
  facet normal -0.669179 -0.743101 -0
    outer loop
      vertex 3.12121 11.3103 -0.6
      vertex 2.4687 11.8979 -2.5
      vertex 3.12121 11.3103 -2.5
    endloop
  endfacet
  facet normal -0.308988 -0.951066 0
    outer loop
      vertex 0.873229 12.6082 -2.5
      vertex 1.70829 12.3369 -0.6
      vertex 0.873229 12.6082 -0.6
    endloop
  endfacet
  facet normal -0.308988 -0.951066 -0
    outer loop
      vertex 1.70829 12.3369 -0.6
      vertex 0.873229 12.6082 -2.5
      vertex 1.70829 12.3369 -2.5
    endloop
  endfacet
  facet normal 0.809017 0.587786 0
    outer loop
      vertex -3.12121 5.68965 -0.6
      vertex -3.63731 6.4 -2.5
      vertex -3.63731 6.4 -0.6
    endloop
  endfacet
  facet normal 0.809017 0.587786 0
    outer loop
      vertex -3.63731 6.4 -2.5
      vertex -3.12121 5.68965 -0.6
      vertex -3.12121 5.68965 -2.5
    endloop
  endfacet
  facet normal -0.808997 -0.587813 0
    outer loop
      vertex 3.63731 10.6 -2.5
      vertex 3.12121 11.3103 -0.6
      vertex 3.12121 11.3103 -2.5
    endloop
  endfacet
  facet normal -0.808997 -0.587813 0
    outer loop
      vertex 3.12121 11.3103 -0.6
      vertex 3.63731 10.6 -2.5
      vertex 3.63731 10.6 -0.6
    endloop
  endfacet
  facet normal -0.49998 -0.866037 0
    outer loop
      vertex 1.70829 12.3369 -2.5
      vertex 2.4687 11.8979 -0.6
      vertex 1.70829 12.3369 -0.6
    endloop
  endfacet
  facet normal -0.49998 -0.866037 -0
    outer loop
      vertex 2.4687 11.8979 -0.6
      vertex 1.70829 12.3369 -2.5
      vertex 2.4687 11.8979 -2.5
    endloop
  endfacet
  facet normal 0.499998 0.866027 -0
    outer loop
      vertex -1.70829 4.66311 -2.5
      vertex -2.4687 5.10213 -0.6
      vertex -1.70829 4.66311 -0.6
    endloop
  endfacet
  facet normal 0.499998 0.866027 0
    outer loop
      vertex -2.4687 5.10213 -0.6
      vertex -1.70829 4.66311 -2.5
      vertex -2.4687 5.10213 -2.5
    endloop
  endfacet
  facet normal -1 0 0
    outer loop
      vertex 4.17699 8.06098 -2.5
      vertex 4.17699 8.93902 -0.6
      vertex 4.17699 8.93902 -2.5
    endloop
  endfacet
  facet normal -1 -0 0
    outer loop
      vertex 4.17699 8.93902 -0.6
      vertex 4.17699 8.06098 -2.5
      vertex 4.17699 8.06098 -0.6
    endloop
  endfacet
  facet normal -0.913546 -0.406735 0
    outer loop
      vertex 3.99444 9.79787 -2.5
      vertex 3.63731 10.6 -0.6
      vertex 3.63731 10.6 -2.5
    endloop
  endfacet
  facet normal -0.913546 -0.406735 0
    outer loop
      vertex 3.63731 10.6 -0.6
      vertex 3.99444 9.79787 -2.5
      vertex 3.99444 9.79787 -0.6
    endloop
  endfacet
  facet normal 0.978149 -0.207907 0
    outer loop
      vertex -4.17699 8.93902 -0.6
      vertex -3.99444 9.79787 -2.5
      vertex -3.99444 9.79787 -0.6
    endloop
  endfacet
  facet normal 0.978149 -0.207907 0
    outer loop
      vertex -3.99444 9.79787 -2.5
      vertex -4.17699 8.93902 -0.6
      vertex -4.17699 8.93902 -2.5
    endloop
  endfacet
  facet normal -0.978149 -0.207907 0
    outer loop
      vertex 4.17699 8.93902 -2.5
      vertex 3.99444 9.79787 -0.6
      vertex 3.99444 9.79787 -2.5
    endloop
  endfacet
  facet normal -0.978149 -0.207907 0
    outer loop
      vertex 3.99444 9.79787 -0.6
      vertex 4.17699 8.93902 -2.5
      vertex 4.17699 8.93902 -0.6
    endloop
  endfacet
  facet normal 0.978149 0.207907 0
    outer loop
      vertex -3.99444 7.20213 -0.6
      vertex -4.17699 8.06098 -2.5
      vertex -4.17699 8.06098 -0.6
    endloop
  endfacet
  facet normal 0.978149 0.207907 0
    outer loop
      vertex -4.17699 8.06098 -2.5
      vertex -3.99444 7.20213 -0.6
      vertex -3.99444 7.20213 -2.5
    endloop
  endfacet
  facet normal 0.669129 0.743146 -0
    outer loop
      vertex -2.4687 5.10213 -2.5
      vertex -3.12121 5.68965 -0.6
      vertex -2.4687 5.10213 -0.6
    endloop
  endfacet
  facet normal 0.669129 0.743146 0
    outer loop
      vertex -3.12121 5.68965 -0.6
      vertex -2.4687 5.10213 -2.5
      vertex -3.12121 5.68965 -2.5
    endloop
  endfacet
  facet normal 0.913546 0.406735 0
    outer loop
      vertex -3.63731 6.4 -0.6
      vertex -3.99444 7.20213 -2.5
      vertex -3.99444 7.20213 -0.6
    endloop
  endfacet
  facet normal 0.913546 0.406735 0
    outer loop
      vertex -3.99444 7.20213 -2.5
      vertex -3.63731 6.4 -0.6
      vertex -3.63731 6.4 -2.5
    endloop
  endfacet
  facet normal 0.808997 -0.587813 0
    outer loop
      vertex -3.63731 10.6 -0.6
      vertex -3.12121 11.3103 -2.5
      vertex -3.12121 11.3103 -0.6
    endloop
  endfacet
  facet normal 0.808997 -0.587813 0
    outer loop
      vertex -3.12121 11.3103 -2.5
      vertex -3.63731 10.6 -0.6
      vertex -3.63731 10.6 -2.5
    endloop
  endfacet
  facet normal -0.809017 0.587786 0
    outer loop
      vertex 3.12121 5.68965 -2.5
      vertex 3.63731 6.4 -0.6
      vertex 3.63731 6.4 -2.5
    endloop
  endfacet
  facet normal -0.809017 0.587786 0
    outer loop
      vertex 3.63731 6.4 -0.6
      vertex 3.12121 5.68965 -2.5
      vertex 3.12121 5.68965 -0.6
    endloop
  endfacet
  facet normal -0.104551 -0.99452 0
    outer loop
      vertex 0 12.7 -2.5
      vertex 0.873229 12.6082 -0.6
      vertex 0 12.7 -0.6
    endloop
  endfacet
  facet normal -0.104551 -0.99452 -0
    outer loop
      vertex 0.873229 12.6082 -0.6
      vertex 0 12.7 -2.5
      vertex 0.873229 12.6082 -2.5
    endloop
  endfacet
  facet normal -0.978149 0.207907 0
    outer loop
      vertex 3.99444 7.20213 -2.5
      vertex 4.17699 8.06098 -0.6
      vertex 4.17699 8.06098 -2.5
    endloop
  endfacet
  facet normal -0.978149 0.207907 0
    outer loop
      vertex 4.17699 8.06098 -0.6
      vertex 3.99444 7.20213 -2.5
      vertex 3.99444 7.20213 -0.6
    endloop
  endfacet
  facet normal 0.49998 -0.866037 0
    outer loop
      vertex -2.4687 11.8979 -2.5
      vertex -1.70829 12.3369 -0.6
      vertex -2.4687 11.8979 -0.6
    endloop
  endfacet
  facet normal 0.49998 -0.866037 0
    outer loop
      vertex -1.70829 12.3369 -0.6
      vertex -2.4687 11.8979 -2.5
      vertex -1.70829 12.3369 -2.5
    endloop
  endfacet
  facet normal -0.913546 0.406735 0
    outer loop
      vertex 3.63731 6.4 -2.5
      vertex 3.99444 7.20213 -0.6
      vertex 3.99444 7.20213 -2.5
    endloop
  endfacet
  facet normal -0.913546 0.406735 0
    outer loop
      vertex 3.99444 7.20213 -0.6
      vertex 3.63731 6.4 -2.5
      vertex 3.63731 6.4 -0.6
    endloop
  endfacet
  facet normal 1 -0 0
    outer loop
      vertex -4.17699 8.06098 -0.6
      vertex -4.17699 8.93902 -2.5
      vertex -4.17699 8.93902 -0.6
    endloop
  endfacet
  facet normal 1 0 0
    outer loop
      vertex -4.17699 8.93902 -2.5
      vertex -4.17699 8.06098 -0.6
      vertex -4.17699 8.06098 -2.5
    endloop
  endfacet
  facet normal 0.104551 -0.99452 0
    outer loop
      vertex -0.873229 12.6082 -2.5
      vertex 0 12.7 -0.6
      vertex -0.873229 12.6082 -0.6
    endloop
  endfacet
  facet normal 0.104551 -0.99452 0
    outer loop
      vertex 0 12.7 -0.6
      vertex -0.873229 12.6082 -2.5
      vertex 0 12.7 -2.5
    endloop
  endfacet
  facet normal 0.669179 -0.743101 0
    outer loop
      vertex -3.12121 11.3103 -2.5
      vertex -2.4687 11.8979 -0.6
      vertex -3.12121 11.3103 -0.6
    endloop
  endfacet
  facet normal 0.669179 -0.743101 0
    outer loop
      vertex -2.4687 11.8979 -0.6
      vertex -3.12121 11.3103 -2.5
      vertex -2.4687 11.8979 -2.5
    endloop
  endfacet
  facet normal 0.913546 -0.406735 0
    outer loop
      vertex -3.99444 9.79787 -0.6
      vertex -3.63731 10.6 -2.5
      vertex -3.63731 10.6 -0.6
    endloop
  endfacet
  facet normal 0.913546 -0.406735 0
    outer loop
      vertex -3.63731 10.6 -2.5
      vertex -3.99444 9.79787 -0.6
      vertex -3.99444 9.79787 -2.5
    endloop
  endfacet
  facet normal 0.326424 0.565387 -0.757486
    outer loop
      vertex -1.6458 6.23475 0.6
      vertex -1.70829 4.66311 -0.6
      vertex -2.4687 5.10213 -0.6
    endloop
  endfacet
  facet normal 0.528155 -0.383754 -0.757486
    outer loop
      vertex -3.12121 11.3103 -0.6
      vertex -2.42487 9.9 0.6
      vertex -3.63731 10.6 -0.6
    endloop
  endfacet
  facet normal -0.0682452 0.649274 -0.757486
    outer loop
      vertex 0 5.7 0.6
      vertex 0.582152 5.76119 0.6
      vertex 0 4.3 -0.6
    endloop
  endfacet
  facet normal -0.0682413 0.649273 -0.757487
    outer loop
      vertex 0.582152 5.76119 0.6
      vertex 0.873229 4.39178 -0.6
      vertex 0 4.3 -0.6
    endloop
  endfacet
  facet normal -0.436844 0.48516 -0.757487
    outer loop
      vertex 2.0808 6.62643 0.6
      vertex 3.12121 5.68965 -0.6
      vertex 1.6458 6.23475 0.6
    endloop
  endfacet
  facet normal -0.638585 -0.135732 -0.757487
    outer loop
      vertex 3.99444 9.79787 -0.6
      vertex 4.17699 8.93902 -0.6
      vertex 2.78466 8.79268 0.6
    endloop
  endfacet
  facet normal -0.326424 0.565387 -0.757486
    outer loop
      vertex 2.4687 5.10213 -0.6
      vertex 1.70829 4.66311 -0.6
      vertex 1.6458 6.23475 0.6
    endloop
  endfacet
  facet normal 0.638585 -0.135732 -0.757486
    outer loop
      vertex -2.66296 9.36525 0.6
      vertex -2.78466 8.79268 0.6
      vertex -3.99444 9.79787 -0.6
    endloop
  endfacet
  facet normal -0.326404 -0.565378 -0.757501
    outer loop
      vertex 1.70829 12.3369 -0.6
      vertex 2.4687 11.8979 -0.6
      vertex 1.6458 10.7652 0.6
    endloop
  endfacet
  facet normal 0.596409 0.265538 -0.757487
    outer loop
      vertex -2.66296 7.63475 0.6
      vertex -3.63731 6.4 -0.6
      vertex -3.99444 7.20213 -0.6
    endloop
  endfacet
  facet normal -0.326437 -0.56537 -0.757493
    outer loop
      vertex 1.70829 12.3369 -0.6
      vertex 1.6458 10.7652 0.6
      vertex 1.13886 11.0579 0.6
    endloop
  endfacet
  facet normal 0.436844 0.48516 -0.757487
    outer loop
      vertex -2.0808 6.62643 0.6
      vertex -1.6458 6.23475 0.6
      vertex -3.12121 5.68965 -0.6
    endloop
  endfacet
  facet normal -0.201721 -0.620896 -0.757494
    outer loop
      vertex 1.70829 12.3369 -0.6
      vertex 1.13886 11.0579 0.6
      vertex 0.873229 12.6082 -0.6
    endloop
  endfacet
  facet normal 0.201744 0.620898 -0.757486
    outer loop
      vertex -1.13886 5.94207 0.6
      vertex -0.873229 4.39178 -0.6
      vertex -1.70829 4.66311 -0.6
    endloop
  endfacet
  facet normal -0.596406 -0.265541 -0.757488
    outer loop
      vertex 3.63731 10.6 -0.6
      vertex 2.66296 9.36525 0.6
      vertex 2.42487 9.9 0.6
    endloop
  endfacet
  facet normal -0.201744 0.620898 -0.757486
    outer loop
      vertex 1.13886 5.94207 0.6
      vertex 1.70829 4.66311 -0.6
      vertex 0.873229 4.39178 -0.6
    endloop
  endfacet
  facet normal 0.638585 0.135732 -0.757487
    outer loop
      vertex -2.78466 8.20732 0.6
      vertex -3.99444 7.20213 -0.6
      vertex -4.17699 8.06098 -0.6
    endloop
  endfacet
  facet normal 0.201757 -0.620896 -0.757484
    outer loop
      vertex -0.873229 12.6082 -0.6
      vertex -0.582152 11.2388 0.6
      vertex -1.13886 11.0579 0.6
    endloop
  endfacet
  facet normal 0.528166 0.383736 -0.757487
    outer loop
      vertex -2.42487 7.1 0.6
      vertex -3.12121 5.68965 -0.6
      vertex -3.63731 6.4 -0.6
    endloop
  endfacet
  facet normal 0.436866 -0.485124 -0.757498
    outer loop
      vertex -2.4687 11.8979 -0.6
      vertex -1.6458 10.7652 0.6
      vertex -3.12121 11.3103 -0.6
    endloop
  endfacet
  facet normal 0.326404 -0.565378 -0.757501
    outer loop
      vertex -1.70829 12.3369 -0.6
      vertex -1.6458 10.7652 0.6
      vertex -2.4687 11.8979 -0.6
    endloop
  endfacet
  facet normal -0.638585 -0.135732 -0.757486
    outer loop
      vertex 3.99444 9.79787 -0.6
      vertex 2.78466 8.79268 0.6
      vertex 2.66296 9.36525 0.6
    endloop
  endfacet
  facet normal 0.436842 0.485164 -0.757486
    outer loop
      vertex -1.6458 6.23475 0.6
      vertex -2.4687 5.10213 -0.6
      vertex -3.12121 5.68965 -0.6
    endloop
  endfacet
  facet normal -0.436842 0.485164 -0.757486
    outer loop
      vertex 3.12121 5.68965 -0.6
      vertex 2.4687 5.10213 -0.6
      vertex 1.6458 6.23475 0.6
    endloop
  endfacet
  facet normal -0.652851 0 -0.757486
    outer loop
      vertex 2.78466 8.20732 0.6
      vertex 4.17699 8.93902 -0.6
      vertex 4.17699 8.06098 -0.6
    endloop
  endfacet
  facet normal -0.652851 0 -0.757486
    outer loop
      vertex 4.17699 8.93902 -0.6
      vertex 2.78466 8.20732 0.6
      vertex 2.78466 8.79268 0.6
    endloop
  endfacet
  facet normal 0.638585 -0.135732 -0.757487
    outer loop
      vertex -3.99444 9.79787 -0.6
      vertex -2.78466 8.79268 0.6
      vertex -4.17699 8.93902 -0.6
    endloop
  endfacet
  facet normal -0.528166 0.383736 -0.757488
    outer loop
      vertex 2.42487 7.1 0.6
      vertex 3.12121 5.68965 -0.6
      vertex 2.0808 6.62643 0.6
    endloop
  endfacet
  facet normal -0.528166 0.383736 -0.757487
    outer loop
      vertex 3.63731 6.4 -0.6
      vertex 3.12121 5.68965 -0.6
      vertex 2.42487 7.1 0.6
    endloop
  endfacet
  facet normal -0.326424 0.565387 -0.757486
    outer loop
      vertex 1.6458 6.23475 0.6
      vertex 1.70829 4.66311 -0.6
      vertex 1.13886 5.94207 0.6
    endloop
  endfacet
  facet normal -0.596409 0.265538 -0.757487
    outer loop
      vertex 3.99444 7.20213 -0.6
      vertex 3.63731 6.4 -0.6
      vertex 2.66296 7.63475 0.6
    endloop
  endfacet
  facet normal -0.0682562 -0.649274 -0.757486
    outer loop
      vertex 0.873229 12.6082 -0.6
      vertex 0.582152 11.2388 0.6
      vertex 0 12.7 -0.6
    endloop
  endfacet
  facet normal 0.0682562 -0.649274 -0.757486
    outer loop
      vertex 0 12.7 -0.6
      vertex -0.582152 11.2388 0.6
      vertex -0.873229 12.6082 -0.6
    endloop
  endfacet
  facet normal -0.638585 0.135732 -0.757486
    outer loop
      vertex 2.78466 8.20732 0.6
      vertex 3.99444 7.20213 -0.6
      vertex 2.66296 7.63475 0.6
    endloop
  endfacet
  facet normal 0.0682413 0.649273 -0.757487
    outer loop
      vertex -0.582152 5.76119 0.6
      vertex 0 4.3 -0.6
      vertex -0.873229 4.39178 -0.6
    endloop
  endfacet
  facet normal 0.0682452 0.649274 -0.757486
    outer loop
      vertex 0 5.7 0.6
      vertex 0 4.3 -0.6
      vertex -0.582152 5.76119 0.6
    endloop
  endfacet
  facet normal -0.528188 -0.383728 -0.757476
    outer loop
      vertex 3.12121 11.3103 -0.6
      vertex 2.42487 9.9 0.6
      vertex 2.0808 10.3736 0.6
    endloop
  endfacet
  facet normal 0.0682563 -0.649274 -0.757486
    outer loop
      vertex 0 12.7 -0.6
      vertex 0 11.3 0.6
      vertex -0.582152 11.2388 0.6
    endloop
  endfacet
  facet normal -0.638585 0.135732 -0.757487
    outer loop
      vertex 4.17699 8.06098 -0.6
      vertex 3.99444 7.20213 -0.6
      vertex 2.78466 8.20732 0.6
    endloop
  endfacet
  facet normal 0.638585 0.135732 -0.757486
    outer loop
      vertex -2.78466 8.20732 0.6
      vertex -2.66296 7.63475 0.6
      vertex -3.99444 7.20213 -0.6
    endloop
  endfacet
  facet normal -0.201736 0.620898 -0.757488
    outer loop
      vertex 1.13886 5.94207 0.6
      vertex 0.873229 4.39178 -0.6
      vertex 0.582152 5.76119 0.6
    endloop
  endfacet
  facet normal 0.596406 0.265541 -0.757488
    outer loop
      vertex -2.66296 7.63475 0.6
      vertex -2.42487 7.1 0.6
      vertex -3.63731 6.4 -0.6
    endloop
  endfacet
  facet normal 0.528166 0.383736 -0.757488
    outer loop
      vertex -2.42487 7.1 0.6
      vertex -2.0808 6.62643 0.6
      vertex -3.12121 5.68965 -0.6
    endloop
  endfacet
  facet normal 0.436808 -0.485219 -0.75747
    outer loop
      vertex -1.6458 10.7652 0.6
      vertex -2.0808 10.3736 0.6
      vertex -3.12121 11.3103 -0.6
    endloop
  endfacet
  facet normal 0.326424 0.565387 -0.757486
    outer loop
      vertex -1.6458 6.23475 0.6
      vertex -1.13886 5.94207 0.6
      vertex -1.70829 4.66311 -0.6
    endloop
  endfacet
  facet normal 0.596409 -0.265538 -0.757487
    outer loop
      vertex -3.63731 10.6 -0.6
      vertex -2.66296 9.36525 0.6
      vertex -3.99444 9.79787 -0.6
    endloop
  endfacet
  facet normal 0.596406 -0.265541 -0.757488
    outer loop
      vertex -2.42487 9.9 0.6
      vertex -2.66296 9.36525 0.6
      vertex -3.63731 10.6 -0.6
    endloop
  endfacet
  facet normal 0.201736 0.620898 -0.757488
    outer loop
      vertex -0.582152 5.76119 0.6
      vertex -0.873229 4.39178 -0.6
      vertex -1.13886 5.94207 0.6
    endloop
  endfacet
  facet normal 0.652851 0 -0.757486
    outer loop
      vertex -4.17699 8.06098 -0.6
      vertex -2.78466 8.79268 0.6
      vertex -2.78466 8.20732 0.6
    endloop
  endfacet
  facet normal 0.652851 0 -0.757486
    outer loop
      vertex -2.78466 8.79268 0.6
      vertex -4.17699 8.06098 -0.6
      vertex -4.17699 8.93902 -0.6
    endloop
  endfacet
  facet normal -0.596406 0.265541 -0.757488
    outer loop
      vertex 2.66296 7.63475 0.6
      vertex 3.63731 6.4 -0.6
      vertex 2.42487 7.1 0.6
    endloop
  endfacet
  facet normal -0.528155 -0.383754 -0.757486
    outer loop
      vertex 3.12121 11.3103 -0.6
      vertex 3.63731 10.6 -0.6
      vertex 2.42487 9.9 0.6
    endloop
  endfacet
  facet normal -0.596409 -0.265538 -0.757487
    outer loop
      vertex 3.63731 10.6 -0.6
      vertex 3.99444 9.79787 -0.6
      vertex 2.66296 9.36525 0.6
    endloop
  endfacet
  facet normal -0.436866 -0.485124 -0.757498
    outer loop
      vertex 2.4687 11.8979 -0.6
      vertex 3.12121 11.3103 -0.6
      vertex 1.6458 10.7652 0.6
    endloop
  endfacet
  facet normal 0.528188 -0.383728 -0.757476
    outer loop
      vertex -2.0808 10.3736 0.6
      vertex -2.42487 9.9 0.6
      vertex -3.12121 11.3103 -0.6
    endloop
  endfacet
  facet normal 0.201721 -0.620896 -0.757494
    outer loop
      vertex -0.873229 12.6082 -0.6
      vertex -1.13886 11.0579 0.6
      vertex -1.70829 12.3369 -0.6
    endloop
  endfacet
  facet normal 0.326437 -0.56537 -0.757493
    outer loop
      vertex -1.13886 11.0579 0.6
      vertex -1.6458 10.7652 0.6
      vertex -1.70829 12.3369 -0.6
    endloop
  endfacet
  facet normal -0.436808 -0.485219 -0.75747
    outer loop
      vertex 3.12121 11.3103 -0.6
      vertex 2.0808 10.3736 0.6
      vertex 1.6458 10.7652 0.6
    endloop
  endfacet
  facet normal -0.0682563 -0.649274 -0.757486
    outer loop
      vertex 0 12.7 -0.6
      vertex 0.582152 11.2388 0.6
      vertex 0 11.3 0.6
    endloop
  endfacet
  facet normal -0.201757 -0.620896 -0.757484
    outer loop
      vertex 0.873229 12.6082 -0.6
      vertex 1.13886 11.0579 0.6
      vertex 0.582152 11.2388 0.6
    endloop
  endfacet
  facet normal 0 0 -1
    outer loop
      vertex 2.66296 7.63475 0.6
      vertex 2.78466 8.79268 0.6
      vertex 2.78466 8.20732 0.6
    endloop
  endfacet
  facet normal 0 0 -1
    outer loop
      vertex 2.66296 7.63475 0.6
      vertex 2.66296 9.36525 0.6
      vertex 2.78466 8.79268 0.6
    endloop
  endfacet
  facet normal 0 0 -1
    outer loop
      vertex 2.42487 7.1 0.6
      vertex 2.66296 9.36525 0.6
      vertex 2.66296 7.63475 0.6
    endloop
  endfacet
  facet normal 0 0 -1
    outer loop
      vertex 2.42487 7.1 0.6
      vertex 2.42487 9.9 0.6
      vertex 2.66296 9.36525 0.6
    endloop
  endfacet
  facet normal 0 0 -1
    outer loop
      vertex 2.0808 6.62643 0.6
      vertex 2.42487 9.9 0.6
      vertex 2.42487 7.1 0.6
    endloop
  endfacet
  facet normal 0 0 -1
    outer loop
      vertex 2.0808 6.62643 0.6
      vertex 2.0808 10.3736 0.6
      vertex 2.42487 9.9 0.6
    endloop
  endfacet
  facet normal 0 0 -1
    outer loop
      vertex 1.6458 6.23475 0.6
      vertex 2.0808 10.3736 0.6
      vertex 2.0808 6.62643 0.6
    endloop
  endfacet
  facet normal 0 0 -1
    outer loop
      vertex 1.6458 6.23475 0.6
      vertex 1.6458 10.7652 0.6
      vertex 2.0808 10.3736 0.6
    endloop
  endfacet
  facet normal 0 0 -1
    outer loop
      vertex 1.13886 5.94207 0.6
      vertex 1.6458 10.7652 0.6
      vertex 1.6458 6.23475 0.6
    endloop
  endfacet
  facet normal 0 0 -1
    outer loop
      vertex 1.13886 5.94207 0.6
      vertex 1.13886 11.0579 0.6
      vertex 1.6458 10.7652 0.6
    endloop
  endfacet
  facet normal 0 0 -1
    outer loop
      vertex 0.582152 5.76119 0.6
      vertex 1.13886 11.0579 0.6
      vertex 1.13886 5.94207 0.6
    endloop
  endfacet
  facet normal 0 0 -1
    outer loop
      vertex 0.582152 5.76119 0.6
      vertex 0.582152 11.2388 0.6
      vertex 1.13886 11.0579 0.6
    endloop
  endfacet
  facet normal 0 0 -1
    outer loop
      vertex 0 5.7 0.6
      vertex 0.582152 11.2388 0.6
      vertex 0.582152 5.76119 0.6
    endloop
  endfacet
  facet normal 0 0 -1
    outer loop
      vertex 0 5.7 0.6
      vertex 0 11.3 0.6
      vertex 0.582152 11.2388 0.6
    endloop
  endfacet
  facet normal 0 0 -1
    outer loop
      vertex -0.582152 5.76119 0.6
      vertex 0 11.3 0.6
      vertex 0 5.7 0.6
    endloop
  endfacet
  facet normal 0 0 -1
    outer loop
      vertex -0.582152 5.76119 0.6
      vertex -0.582152 11.2388 0.6
      vertex 0 11.3 0.6
    endloop
  endfacet
  facet normal 0 0 -1
    outer loop
      vertex -1.13886 5.94207 0.6
      vertex -0.582152 11.2388 0.6
      vertex -0.582152 5.76119 0.6
    endloop
  endfacet
  facet normal 0 0 -1
    outer loop
      vertex -1.13886 5.94207 0.6
      vertex -1.13886 11.0579 0.6
      vertex -0.582152 11.2388 0.6
    endloop
  endfacet
  facet normal 0 0 -1
    outer loop
      vertex -1.6458 6.23475 0.6
      vertex -1.13886 11.0579 0.6
      vertex -1.13886 5.94207 0.6
    endloop
  endfacet
  facet normal 0 0 -1
    outer loop
      vertex -1.6458 6.23475 0.6
      vertex -1.6458 10.7652 0.6
      vertex -1.13886 11.0579 0.6
    endloop
  endfacet
  facet normal 0 0 -1
    outer loop
      vertex -2.0808 6.62643 0.6
      vertex -1.6458 10.7652 0.6
      vertex -1.6458 6.23475 0.6
    endloop
  endfacet
  facet normal 0 0 -1
    outer loop
      vertex -2.0808 6.62643 0.6
      vertex -2.0808 10.3736 0.6
      vertex -1.6458 10.7652 0.6
    endloop
  endfacet
  facet normal 0 0 -1
    outer loop
      vertex -2.42487 7.1 0.6
      vertex -2.0808 10.3736 0.6
      vertex -2.0808 6.62643 0.6
    endloop
  endfacet
  facet normal 0 0 -1
    outer loop
      vertex -2.42487 7.1 0.6
      vertex -2.42487 9.9 0.6
      vertex -2.0808 10.3736 0.6
    endloop
  endfacet
  facet normal 0 0 -1
    outer loop
      vertex -2.66296 7.63475 0.6
      vertex -2.42487 9.9 0.6
      vertex -2.42487 7.1 0.6
    endloop
  endfacet
  facet normal 0 0 -1
    outer loop
      vertex -2.66296 7.63475 0.6
      vertex -2.66296 9.36525 0.6
      vertex -2.42487 9.9 0.6
    endloop
  endfacet
  facet normal 0 0 -1
    outer loop
      vertex -2.78466 8.20732 0.6
      vertex -2.66296 9.36525 0.6
      vertex -2.66296 7.63475 0.6
    endloop
  endfacet
  facet normal 0 0 -1
    outer loop
      vertex -2.66296 9.36525 0.6
      vertex -2.78466 8.20732 0.6
      vertex -2.78466 8.79268 0.6
    endloop
  endfacet
  facet normal 0.913548 -0.406731 0
    outer loop
      vertex -4.46996 -7.54762 -0.6
      vertex -4.07032 -6.65 -2.5
      vertex -4.07032 -6.65 -0.6
    endloop
  endfacet
  facet normal 0.913548 -0.406731 0
    outer loop
      vertex -4.07032 -6.65 -2.5
      vertex -4.46996 -7.54762 -0.6
      vertex -4.46996 -7.54762 -2.5
    endloop
  endfacet
  facet normal 0.309017 -0.951056 0
    outer loop
      vertex -1.91166 -4.70634 -2.5
      vertex -0.977184 -4.40271 -0.6
      vertex -1.91166 -4.70634 -0.6
    endloop
  endfacet
  facet normal 0.309017 -0.951056 0
    outer loop
      vertex -0.977184 -4.40271 -0.6
      vertex -1.91166 -4.70634 -2.5
      vertex -0.977184 -4.40271 -2.5
    endloop
  endfacet
  facet normal -0.30899 0.951065 0
    outer loop
      vertex 1.91166 -13.2937 -2.5
      vertex 0.977184 -13.5973 -0.6
      vertex 1.91166 -13.2937 -0.6
    endloop
  endfacet
  facet normal -0.30899 0.951065 0
    outer loop
      vertex 0.977184 -13.5973 -0.6
      vertex 1.91166 -13.2937 -2.5
      vertex 0.977184 -13.5973 -2.5
    endloop
  endfacet
  facet normal -0.104522 0.994523 0
    outer loop
      vertex 0.977184 -13.5973 -2.5
      vertex 0 -13.7 -0.6
      vertex 0.977184 -13.5973 -0.6
    endloop
  endfacet
  facet normal -0.104522 0.994523 0
    outer loop
      vertex 0 -13.7 -0.6
      vertex 0.977184 -13.5973 -2.5
      vertex 0 -13.7 -2.5
    endloop
  endfacet
  facet normal -0.500012 0.866019 0
    outer loop
      vertex 2.76259 -12.8024 -2.5
      vertex 1.91166 -13.2937 -0.6
      vertex 2.76259 -12.8024 -0.6
    endloop
  endfacet
  facet normal -0.500012 0.866019 0
    outer loop
      vertex 1.91166 -13.2937 -0.6
      vertex 2.76259 -12.8024 -2.5
      vertex 1.91166 -13.2937 -2.5
    endloop
  endfacet
  facet normal 0.809012 0.587793 0
    outer loop
      vertex -3.49278 -12.1449 -0.6
      vertex -4.07032 -11.35 -2.5
      vertex -4.07032 -11.35 -0.6
    endloop
  endfacet
  facet normal 0.809012 0.587793 0
    outer loop
      vertex -4.07032 -11.35 -2.5
      vertex -3.49278 -12.1449 -0.6
      vertex -3.49278 -12.1449 -2.5
    endloop
  endfacet
  facet normal -0.913544 0.406739 0
    outer loop
      vertex 4.07032 -11.35 -2.5
      vertex 4.46996 -10.4524 -0.6
      vertex 4.46996 -10.4524 -2.5
    endloop
  endfacet
  facet normal -0.913544 0.406739 0
    outer loop
      vertex 4.46996 -10.4524 -0.6
      vertex 4.07032 -11.35 -2.5
      vertex 4.07032 -11.35 -0.6
    endloop
  endfacet
  facet normal 0.104522 0.994523 -0
    outer loop
      vertex 0 -13.7 -2.5
      vertex -0.977184 -13.5973 -0.6
      vertex 0 -13.7 -0.6
    endloop
  endfacet
  facet normal 0.104522 0.994523 0
    outer loop
      vertex -0.977184 -13.5973 -0.6
      vertex 0 -13.7 -2.5
      vertex -0.977184 -13.5973 -2.5
    endloop
  endfacet
  facet normal -0.66915 0.743128 0
    outer loop
      vertex 3.49278 -12.1449 -2.5
      vertex 2.76259 -12.8024 -0.6
      vertex 3.49278 -12.1449 -0.6
    endloop
  endfacet
  facet normal -0.66915 0.743128 0
    outer loop
      vertex 2.76259 -12.8024 -0.6
      vertex 3.49278 -12.1449 -2.5
      vertex 2.76259 -12.8024 -2.5
    endloop
  endfacet
  facet normal -0.499996 -0.866027 0
    outer loop
      vertex 1.91166 -4.70634 -2.5
      vertex 2.76259 -5.19762 -0.6
      vertex 1.91166 -4.70634 -0.6
    endloop
  endfacet
  facet normal -0.499996 -0.866027 -0
    outer loop
      vertex 2.76259 -5.19762 -0.6
      vertex 1.91166 -4.70634 -2.5
      vertex 2.76259 -5.19762 -2.5
    endloop
  endfacet
  facet normal 0.66915 0.743128 -0
    outer loop
      vertex -2.76259 -12.8024 -2.5
      vertex -3.49278 -12.1449 -0.6
      vertex -2.76259 -12.8024 -0.6
    endloop
  endfacet
  facet normal 0.66915 0.743128 0
    outer loop
      vertex -3.49278 -12.1449 -0.6
      vertex -2.76259 -12.8024 -2.5
      vertex -3.49278 -12.1449 -2.5
    endloop
  endfacet
  facet normal -0.669133 -0.743143 0
    outer loop
      vertex 2.76259 -5.19762 -2.5
      vertex 3.49278 -5.85509 -0.6
      vertex 2.76259 -5.19762 -0.6
    endloop
  endfacet
  facet normal -0.669133 -0.743143 -0
    outer loop
      vertex 3.49278 -5.85509 -0.6
      vertex 2.76259 -5.19762 -2.5
      vertex 3.49278 -5.85509 -2.5
    endloop
  endfacet
  facet normal 0.500012 0.866019 -0
    outer loop
      vertex -1.91166 -13.2937 -2.5
      vertex -2.76259 -12.8024 -0.6
      vertex -1.91166 -13.2937 -0.6
    endloop
  endfacet
  facet normal 0.500012 0.866019 0
    outer loop
      vertex -2.76259 -12.8024 -0.6
      vertex -1.91166 -13.2937 -2.5
      vertex -2.76259 -12.8024 -2.5
    endloop
  endfacet
  facet normal -0.809015 -0.587788 0
    outer loop
      vertex 4.07032 -6.65 -2.5
      vertex 3.49278 -5.85509 -0.6
      vertex 3.49278 -5.85509 -2.5
    endloop
  endfacet
  facet normal -0.809015 -0.587788 0
    outer loop
      vertex 3.49278 -5.85509 -0.6
      vertex 4.07032 -6.65 -2.5
      vertex 4.07032 -6.65 -0.6
    endloop
  endfacet
  facet normal 0.30899 0.951065 -0
    outer loop
      vertex -0.977184 -13.5973 -2.5
      vertex -1.91166 -13.2937 -0.6
      vertex -0.977184 -13.5973 -0.6
    endloop
  endfacet
  facet normal 0.30899 0.951065 0
    outer loop
      vertex -1.91166 -13.2937 -0.6
      vertex -0.977184 -13.5973 -2.5
      vertex -1.91166 -13.2937 -2.5
    endloop
  endfacet
  facet normal -1 0 0
    outer loop
      vertex 4.67425 -9.49128 -2.5
      vertex 4.67425 -8.50872 -0.6
      vertex 4.67425 -8.50872 -2.5
    endloop
  endfacet
  facet normal -1 -0 0
    outer loop
      vertex 4.67425 -8.50872 -0.6
      vertex 4.67425 -9.49128 -2.5
      vertex 4.67425 -9.49128 -0.6
    endloop
  endfacet
  facet normal 0.809015 -0.587788 0
    outer loop
      vertex -4.07032 -6.65 -0.6
      vertex -3.49278 -5.85509 -2.5
      vertex -3.49278 -5.85509 -0.6
    endloop
  endfacet
  facet normal 0.809015 -0.587788 0
    outer loop
      vertex -3.49278 -5.85509 -2.5
      vertex -4.07032 -6.65 -0.6
      vertex -4.07032 -6.65 -2.5
    endloop
  endfacet
  facet normal 0.499996 -0.866027 0
    outer loop
      vertex -2.76259 -5.19762 -2.5
      vertex -1.91166 -4.70634 -0.6
      vertex -2.76259 -5.19762 -0.6
    endloop
  endfacet
  facet normal 0.499996 -0.866027 0
    outer loop
      vertex -1.91166 -4.70634 -0.6
      vertex -2.76259 -5.19762 -2.5
      vertex -1.91166 -4.70634 -2.5
    endloop
  endfacet
  facet normal -0.913548 -0.406731 0
    outer loop
      vertex 4.46996 -7.54762 -2.5
      vertex 4.07032 -6.65 -0.6
      vertex 4.07032 -6.65 -2.5
    endloop
  endfacet
  facet normal -0.913548 -0.406731 0
    outer loop
      vertex 4.07032 -6.65 -0.6
      vertex 4.46996 -7.54762 -2.5
      vertex 4.46996 -7.54762 -0.6
    endloop
  endfacet
  facet normal 0.104532 -0.994521 0
    outer loop
      vertex -0.977184 -4.40271 -2.5
      vertex 0 -4.3 -0.6
      vertex -0.977184 -4.40271 -0.6
    endloop
  endfacet
  facet normal 0.104532 -0.994521 0
    outer loop
      vertex 0 -4.3 -0.6
      vertex -0.977184 -4.40271 -2.5
      vertex 0 -4.3 -2.5
    endloop
  endfacet
  facet normal 0.669133 -0.743143 0
    outer loop
      vertex -3.49278 -5.85509 -2.5
      vertex -2.76259 -5.19762 -0.6
      vertex -3.49278 -5.85509 -0.6
    endloop
  endfacet
  facet normal 0.669133 -0.743143 0
    outer loop
      vertex -2.76259 -5.19762 -0.6
      vertex -3.49278 -5.85509 -2.5
      vertex -2.76259 -5.19762 -2.5
    endloop
  endfacet
  facet normal 0.978148 0.207909 0
    outer loop
      vertex -4.46996 -10.4524 -0.6
      vertex -4.67425 -9.49128 -2.5
      vertex -4.67425 -9.49128 -0.6
    endloop
  endfacet
  facet normal 0.978148 0.207909 0
    outer loop
      vertex -4.67425 -9.49128 -2.5
      vertex -4.46996 -10.4524 -0.6
      vertex -4.46996 -10.4524 -2.5
    endloop
  endfacet
  facet normal -0.104532 -0.994521 0
    outer loop
      vertex 0 -4.3 -2.5
      vertex 0.977184 -4.40271 -0.6
      vertex 0 -4.3 -0.6
    endloop
  endfacet
  facet normal -0.104532 -0.994521 -0
    outer loop
      vertex 0.977184 -4.40271 -0.6
      vertex 0 -4.3 -2.5
      vertex 0.977184 -4.40271 -2.5
    endloop
  endfacet
  facet normal -0.978148 0.207909 0
    outer loop
      vertex 4.46996 -10.4524 -2.5
      vertex 4.67425 -9.49128 -0.6
      vertex 4.67425 -9.49128 -2.5
    endloop
  endfacet
  facet normal -0.978148 0.207909 0
    outer loop
      vertex 4.67425 -9.49128 -0.6
      vertex 4.46996 -10.4524 -2.5
      vertex 4.46996 -10.4524 -0.6
    endloop
  endfacet
  facet normal -0.809012 0.587793 0
    outer loop
      vertex 3.49278 -12.1449 -2.5
      vertex 4.07032 -11.35 -0.6
      vertex 4.07032 -11.35 -2.5
    endloop
  endfacet
  facet normal -0.809012 0.587793 0
    outer loop
      vertex 4.07032 -11.35 -0.6
      vertex 3.49278 -12.1449 -2.5
      vertex 3.49278 -12.1449 -0.6
    endloop
  endfacet
  facet normal -0.978147 -0.207914 0
    outer loop
      vertex 4.67425 -8.50872 -2.5
      vertex 4.46996 -7.54762 -0.6
      vertex 4.46996 -7.54762 -2.5
    endloop
  endfacet
  facet normal -0.978147 -0.207914 0
    outer loop
      vertex 4.46996 -7.54762 -0.6
      vertex 4.67425 -8.50872 -2.5
      vertex 4.67425 -8.50872 -0.6
    endloop
  endfacet
  facet normal 0.913544 0.406739 0
    outer loop
      vertex -4.07032 -11.35 -0.6
      vertex -4.46996 -10.4524 -2.5
      vertex -4.46996 -10.4524 -0.6
    endloop
  endfacet
  facet normal 0.913544 0.406739 0
    outer loop
      vertex -4.46996 -10.4524 -2.5
      vertex -4.07032 -11.35 -0.6
      vertex -4.07032 -11.35 -2.5
    endloop
  endfacet
  facet normal 1 -0 0
    outer loop
      vertex -4.67425 -9.49128 -0.6
      vertex -4.67425 -8.50872 -2.5
      vertex -4.67425 -8.50872 -0.6
    endloop
  endfacet
  facet normal 1 0 0
    outer loop
      vertex -4.67425 -8.50872 -2.5
      vertex -4.67425 -9.49128 -0.6
      vertex -4.67425 -9.49128 -2.5
    endloop
  endfacet
  facet normal 0.978147 -0.207914 0
    outer loop
      vertex -4.67425 -8.50872 -0.6
      vertex -4.46996 -7.54762 -2.5
      vertex -4.46996 -7.54762 -0.6
    endloop
  endfacet
  facet normal 0.978147 -0.207914 0
    outer loop
      vertex -4.46996 -7.54762 -2.5
      vertex -4.67425 -8.50872 -0.6
      vertex -4.67425 -8.50872 -2.5
    endloop
  endfacet
  facet normal -0.309017 -0.951056 0
    outer loop
      vertex 0.977184 -4.40271 -2.5
      vertex 1.91166 -4.70634 -0.6
      vertex 0.977184 -4.40271 -0.6
    endloop
  endfacet
  facet normal -0.309017 -0.951056 -0
    outer loop
      vertex 1.91166 -4.70634 -0.6
      vertex 0.977184 -4.40271 -2.5
      vertex 1.91166 -4.70634 -2.5
    endloop
  endfacet
  facet normal -0.0637805 -0.606838 -0.792262
    outer loop
      vertex 0 -4.3 -0.6
      vertex 0.651456 -5.93514 0.6
      vertex 0 -5.86667 0.6
    endloop
  endfacet
  facet normal -0.305094 0.528421 -0.792268
    outer loop
      vertex 1.91166 -13.2937 -0.6
      vertex 1.84173 -11.5349 0.6
      vertex 2.76259 -12.8024 -0.6
    endloop
  endfacet
  facet normal -0.305064 0.528427 -0.792276
    outer loop
      vertex 1.84173 -11.5349 0.6
      vertex 1.91166 -13.2937 -0.6
      vertex 1.27444 -11.8624 0.6
    endloop
  endfacet
  facet normal 0.493646 -0.35866 -0.792261
    outer loop
      vertex -2.32852 -6.90339 0.6
      vertex -2.71355 -7.43333 0.6
      vertex -4.07032 -6.65 -0.6
    endloop
  endfacet
  facet normal -0.0637148 0.606833 -0.792271
    outer loop
      vertex 0 -12.1333 0.6
      vertex 0.651456 -12.0649 0.6
      vertex 0 -13.7 -0.6
    endloop
  endfacet
  facet normal -0.0637784 0.606847 -0.792256
    outer loop
      vertex 0.651456 -12.0649 0.6
      vertex 0.977184 -13.5973 -0.6
      vertex 0 -13.7 -0.6
    endloop
  endfacet
  facet normal 0.493644 0.35866 -0.792261
    outer loop
      vertex -2.32852 -11.0966 0.6
      vertex -3.49278 -12.1449 -0.6
      vertex -4.07032 -11.35 -0.6
    endloop
  endfacet
  facet normal -0.493646 -0.35866 -0.792261
    outer loop
      vertex 4.07032 -6.65 -0.6
      vertex 2.71355 -7.43333 0.6
      vertex 2.32852 -6.90339 0.6
    endloop
  endfacet
  facet normal -0.557428 0.248184 -0.792262
    outer loop
      vertex 4.46996 -10.4524 -0.6
      vertex 4.07032 -11.35 -0.6
      vertex 2.97998 -9.96825 0.6
    endloop
  endfacet
  facet normal 0.596849 -0.126865 -0.79226
    outer loop
      vertex -4.46996 -7.54762 -0.6
      vertex -2.97998 -8.03175 0.6
      vertex -4.67425 -8.50872 -0.6
    endloop
  endfacet
  facet normal -0.188557 -0.580317 -0.792261
    outer loop
      vertex 1.91166 -4.70634 -0.6
      vertex 1.27444 -6.13756 0.6
      vertex 0.651456 -5.93514 0.6
    endloop
  endfacet
  facet normal 0.596849 0.126863 -0.792261
    outer loop
      vertex -2.97998 -9.96825 0.6
      vertex -4.46996 -10.4524 -0.6
      vertex -4.67425 -9.49128 -0.6
    endloop
  endfacet
  facet normal -0.493637 0.358681 -0.792256
    outer loop
      vertex 2.71355 -10.5667 0.6
      vertex 4.07032 -11.35 -0.6
      vertex 2.32852 -11.0966 0.6
    endloop
  endfacet
  facet normal 0.408293 -0.453453 -0.792261
    outer loop
      vertex -1.84173 -6.46508 0.6
      vertex -2.32852 -6.90339 0.6
      vertex -2.76259 -5.19762 -0.6
    endloop
  endfacet
  facet normal 0.188557 -0.580317 -0.792261
    outer loop
      vertex -0.651456 -5.93514 0.6
      vertex -1.27444 -6.13756 0.6
      vertex -1.91166 -4.70634 -0.6
    endloop
  endfacet
  facet normal 0.408282 0.453451 -0.792267
    outer loop
      vertex -2.32852 -11.0966 0.6
      vertex -1.84173 -11.5349 0.6
      vertex -2.76259 -12.8024 -0.6
    endloop
  endfacet
  facet normal 0.596849 -0.126863 -0.792261
    outer loop
      vertex -2.97998 -8.03175 0.6
      vertex -3.11617 -8.67248 0.6
      vertex -4.67425 -8.50872 -0.6
    endloop
  endfacet
  facet normal -0.408282 0.453451 -0.792267
    outer loop
      vertex 2.32852 -11.0966 0.6
      vertex 2.76259 -12.8024 -0.6
      vertex 1.84173 -11.5349 0.6
    endloop
  endfacet
  facet normal 0.557439 0.248172 -0.792258
    outer loop
      vertex -2.97998 -9.96825 0.6
      vertex -2.71355 -10.5667 0.6
      vertex -4.07032 -11.35 -0.6
    endloop
  endfacet
  facet normal -0.596849 -0.126863 -0.792261
    outer loop
      vertex 4.67425 -8.50872 -0.6
      vertex 3.11617 -8.67248 0.6
      vertex 2.97998 -8.03175 0.6
    endloop
  endfacet
  facet normal -0.408303 0.453443 -0.792262
    outer loop
      vertex 3.49278 -12.1449 -0.6
      vertex 2.76259 -12.8024 -0.6
      vertex 2.32852 -11.0966 0.6
    endloop
  endfacet
  facet normal 0.305087 -0.528435 -0.792262
    outer loop
      vertex -1.84173 -6.46508 0.6
      vertex -1.91166 -4.70634 -0.6
      vertex -1.27444 -6.13756 0.6
    endloop
  endfacet
  facet normal 0.305089 -0.528434 -0.792261
    outer loop
      vertex -1.91166 -4.70634 -0.6
      vertex -1.84173 -6.46508 0.6
      vertex -2.76259 -5.19762 -0.6
    endloop
  endfacet
  facet normal 0.188557 -0.580317 -0.792261
    outer loop
      vertex -0.977184 -4.40271 -0.6
      vertex -0.651456 -5.93514 0.6
      vertex -1.91166 -4.70634 -0.6
    endloop
  endfacet
  facet normal 0.0637837 -0.606839 -0.792262
    outer loop
      vertex 0 -4.3 -0.6
      vertex -0.651456 -5.93514 0.6
      vertex -0.977184 -4.40271 -0.6
    endloop
  endfacet
  facet normal 0.557431 -0.248181 -0.792261
    outer loop
      vertex -2.71355 -7.43333 0.6
      vertex -2.97998 -8.03175 0.6
      vertex -4.07032 -6.65 -0.6
    endloop
  endfacet
  facet normal -0.305089 -0.528434 -0.792261
    outer loop
      vertex 1.84173 -6.46508 0.6
      vertex 1.91166 -4.70634 -0.6
      vertex 2.76259 -5.19762 -0.6
    endloop
  endfacet
  facet normal -0.305087 -0.528435 -0.792262
    outer loop
      vertex 1.91166 -4.70634 -0.6
      vertex 1.84173 -6.46508 0.6
      vertex 1.27444 -6.13756 0.6
    endloop
  endfacet
  facet normal -0.188617 0.580273 -0.792279
    outer loop
      vertex 1.27444 -11.8624 0.6
      vertex 1.91166 -13.2937 -0.6
      vertex 0.651456 -12.0649 0.6
    endloop
  endfacet
  facet normal -0.188542 0.580328 -0.792257
    outer loop
      vertex 1.91166 -13.2937 -0.6
      vertex 0.977184 -13.5973 -0.6
      vertex 0.651456 -12.0649 0.6
    endloop
  endfacet
  facet normal 0.305064 0.528427 -0.792276
    outer loop
      vertex -1.91166 -13.2937 -0.6
      vertex -1.84173 -11.5349 0.6
      vertex -1.27444 -11.8624 0.6
    endloop
  endfacet
  facet normal 0.305094 0.528421 -0.792268
    outer loop
      vertex -1.84173 -11.5349 0.6
      vertex -1.91166 -13.2937 -0.6
      vertex -2.76259 -12.8024 -0.6
    endloop
  endfacet
  facet normal 0.493637 0.358681 -0.792256
    outer loop
      vertex -2.71355 -10.5667 0.6
      vertex -2.32852 -11.0966 0.6
      vertex -4.07032 -11.35 -0.6
    endloop
  endfacet
  facet normal -0.596849 -0.126865 -0.79226
    outer loop
      vertex 4.46996 -7.54762 -0.6
      vertex 4.67425 -8.50872 -0.6
      vertex 2.97998 -8.03175 0.6
    endloop
  endfacet
  facet normal -0.493646 -0.358658 -0.792261
    outer loop
      vertex 3.49278 -5.85509 -0.6
      vertex 4.07032 -6.65 -0.6
      vertex 2.32852 -6.90339 0.6
    endloop
  endfacet
  facet normal 0.557431 -0.24818 -0.792261
    outer loop
      vertex -4.07032 -6.65 -0.6
      vertex -2.97998 -8.03175 0.6
      vertex -4.46996 -7.54762 -0.6
    endloop
  endfacet
  facet normal 0.188542 0.580328 -0.792257
    outer loop
      vertex -0.651456 -12.0649 0.6
      vertex -0.977184 -13.5973 -0.6
      vertex -1.91166 -13.2937 -0.6
    endloop
  endfacet
  facet normal 0.408293 -0.453452 -0.792261
    outer loop
      vertex -2.76259 -5.19762 -0.6
      vertex -2.32852 -6.90339 0.6
      vertex -3.49278 -5.85509 -0.6
    endloop
  endfacet
  facet normal -0.557431 -0.24818 -0.792261
    outer loop
      vertex 4.07032 -6.65 -0.6
      vertex 4.46996 -7.54762 -0.6
      vertex 2.97998 -8.03175 0.6
    endloop
  endfacet
  facet normal -0.557439 0.248172 -0.792258
    outer loop
      vertex 2.97998 -9.96825 0.6
      vertex 4.07032 -11.35 -0.6
      vertex 2.71355 -10.5667 0.6
    endloop
  endfacet
  facet normal 0.493646 -0.358658 -0.792261
    outer loop
      vertex -3.49278 -5.85509 -0.6
      vertex -2.32852 -6.90339 0.6
      vertex -4.07032 -6.65 -0.6
    endloop
  endfacet
  facet normal -0.408293 -0.453453 -0.792261
    outer loop
      vertex 2.76259 -5.19762 -0.6
      vertex 2.32852 -6.90339 0.6
      vertex 1.84173 -6.46508 0.6
    endloop
  endfacet
  facet normal 0.0637784 0.606847 -0.792256
    outer loop
      vertex -0.651456 -12.0649 0.6
      vertex 0 -13.7 -0.6
      vertex -0.977184 -13.5973 -0.6
    endloop
  endfacet
  facet normal 0.0637148 0.606833 -0.792271
    outer loop
      vertex 0 -12.1333 0.6
      vertex 0 -13.7 -0.6
      vertex -0.651456 -12.0649 0.6
    endloop
  endfacet
  facet normal -0.493644 0.35866 -0.792261
    outer loop
      vertex 4.07032 -11.35 -0.6
      vertex 3.49278 -12.1449 -0.6
      vertex 2.32852 -11.0966 0.6
    endloop
  endfacet
  facet normal -0.596849 0.126863 -0.792261
    outer loop
      vertex 3.11617 -9.32752 0.6
      vertex 4.67425 -9.49128 -0.6
      vertex 2.97998 -9.96825 0.6
    endloop
  endfacet
  facet normal 0.0637805 -0.606838 -0.792262
    outer loop
      vertex 0 -4.3 -0.6
      vertex 0 -5.86667 0.6
      vertex -0.651456 -5.93514 0.6
    endloop
  endfacet
  facet normal -0.557431 -0.248181 -0.792261
    outer loop
      vertex 4.07032 -6.65 -0.6
      vertex 2.97998 -8.03175 0.6
      vertex 2.71355 -7.43333 0.6
    endloop
  endfacet
  facet normal 0.408303 0.453443 -0.792262
    outer loop
      vertex -2.32852 -11.0966 0.6
      vertex -2.76259 -12.8024 -0.6
      vertex -3.49278 -12.1449 -0.6
    endloop
  endfacet
  facet normal -0.0637837 -0.606839 -0.792262
    outer loop
      vertex 0.977184 -4.40271 -0.6
      vertex 0.651456 -5.93514 0.6
      vertex 0 -4.3 -0.6
    endloop
  endfacet
  facet normal -0.188557 -0.580317 -0.792261
    outer loop
      vertex 0.977184 -4.40271 -0.6
      vertex 1.91166 -4.70634 -0.6
      vertex 0.651456 -5.93514 0.6
    endloop
  endfacet
  facet normal -0.610182 0 -0.792261
    outer loop
      vertex 3.11617 -9.32752 0.6
      vertex 4.67425 -8.50872 -0.6
      vertex 4.67425 -9.49128 -0.6
    endloop
  endfacet
  facet normal -0.610182 0 -0.792261
    outer loop
      vertex 4.67425 -8.50872 -0.6
      vertex 3.11617 -9.32752 0.6
      vertex 3.11617 -8.67248 0.6
    endloop
  endfacet
  facet normal 0.557428 0.248184 -0.792262
    outer loop
      vertex -2.97998 -9.96825 0.6
      vertex -4.07032 -11.35 -0.6
      vertex -4.46996 -10.4524 -0.6
    endloop
  endfacet
  facet normal 0.188617 0.580273 -0.792279
    outer loop
      vertex -1.27444 -11.8624 0.6
      vertex -0.651456 -12.0649 0.6
      vertex -1.91166 -13.2937 -0.6
    endloop
  endfacet
  facet normal -0.596849 0.126863 -0.792261
    outer loop
      vertex 4.67425 -9.49128 -0.6
      vertex 4.46996 -10.4524 -0.6
      vertex 2.97998 -9.96825 0.6
    endloop
  endfacet
  facet normal -0.408293 -0.453452 -0.792261
    outer loop
      vertex 2.76259 -5.19762 -0.6
      vertex 3.49278 -5.85509 -0.6
      vertex 2.32852 -6.90339 0.6
    endloop
  endfacet
  facet normal 0.596849 0.126863 -0.792261
    outer loop
      vertex -3.11617 -9.32752 0.6
      vertex -2.97998 -9.96825 0.6
      vertex -4.67425 -9.49128 -0.6
    endloop
  endfacet
  facet normal 0.610182 0 -0.792261
    outer loop
      vertex -4.67425 -9.49128 -0.6
      vertex -3.11617 -8.67248 0.6
      vertex -3.11617 -9.32752 0.6
    endloop
  endfacet
  facet normal 0.610182 0 -0.792261
    outer loop
      vertex -3.11617 -8.67248 0.6
      vertex -4.67425 -9.49128 -0.6
      vertex -4.67425 -8.50872 -0.6
    endloop
  endfacet
  facet normal 0 0 -1
    outer loop
      vertex 2.97998 -9.96825 0.6
      vertex 3.11617 -8.67248 0.6
      vertex 3.11617 -9.32752 0.6
    endloop
  endfacet
  facet normal 0 0 -1
    outer loop
      vertex 2.97998 -9.96825 0.6
      vertex 2.97998 -8.03175 0.6
      vertex 3.11617 -8.67248 0.6
    endloop
  endfacet
  facet normal 0 0 -1
    outer loop
      vertex 2.71355 -10.5667 0.6
      vertex 2.97998 -8.03175 0.6
      vertex 2.97998 -9.96825 0.6
    endloop
  endfacet
  facet normal 0 0 -1
    outer loop
      vertex 2.71355 -10.5667 0.6
      vertex 2.71355 -7.43333 0.6
      vertex 2.97998 -8.03175 0.6
    endloop
  endfacet
  facet normal 0 0 -1
    outer loop
      vertex 2.32852 -11.0966 0.6
      vertex 2.71355 -7.43333 0.6
      vertex 2.71355 -10.5667 0.6
    endloop
  endfacet
  facet normal 0 0 -1
    outer loop
      vertex 2.32852 -11.0966 0.6
      vertex 2.32852 -6.90339 0.6
      vertex 2.71355 -7.43333 0.6
    endloop
  endfacet
  facet normal 0 0 -1
    outer loop
      vertex 1.84173 -11.5349 0.6
      vertex 2.32852 -6.90339 0.6
      vertex 2.32852 -11.0966 0.6
    endloop
  endfacet
  facet normal 0 0 -1
    outer loop
      vertex 1.84173 -11.5349 0.6
      vertex 1.84173 -6.46508 0.6
      vertex 2.32852 -6.90339 0.6
    endloop
  endfacet
  facet normal 0 0 -1
    outer loop
      vertex 1.27444 -11.8624 0.6
      vertex 1.84173 -6.46508 0.6
      vertex 1.84173 -11.5349 0.6
    endloop
  endfacet
  facet normal 0 0 -1
    outer loop
      vertex 1.27444 -11.8624 0.6
      vertex 1.27444 -6.13756 0.6
      vertex 1.84173 -6.46508 0.6
    endloop
  endfacet
  facet normal 0 0 -1
    outer loop
      vertex 0.651456 -12.0649 0.6
      vertex 1.27444 -6.13756 0.6
      vertex 1.27444 -11.8624 0.6
    endloop
  endfacet
  facet normal 0 0 -1
    outer loop
      vertex 0.651456 -12.0649 0.6
      vertex 0.651456 -5.93514 0.6
      vertex 1.27444 -6.13756 0.6
    endloop
  endfacet
  facet normal 0 0 -1
    outer loop
      vertex 0 -12.1333 0.6
      vertex 0.651456 -5.93514 0.6
      vertex 0.651456 -12.0649 0.6
    endloop
  endfacet
  facet normal 0 0 -1
    outer loop
      vertex 0 -12.1333 0.6
      vertex 0 -5.86667 0.6
      vertex 0.651456 -5.93514 0.6
    endloop
  endfacet
  facet normal 0 0 -1
    outer loop
      vertex -0.651456 -12.0649 0.6
      vertex 0 -5.86667 0.6
      vertex 0 -12.1333 0.6
    endloop
  endfacet
  facet normal 0 0 -1
    outer loop
      vertex -0.651456 -12.0649 0.6
      vertex -0.651456 -5.93514 0.6
      vertex 0 -5.86667 0.6
    endloop
  endfacet
  facet normal 0 0 -1
    outer loop
      vertex -1.27444 -11.8624 0.6
      vertex -0.651456 -5.93514 0.6
      vertex -0.651456 -12.0649 0.6
    endloop
  endfacet
  facet normal 0 0 -1
    outer loop
      vertex -1.27444 -11.8624 0.6
      vertex -1.27444 -6.13756 0.6
      vertex -0.651456 -5.93514 0.6
    endloop
  endfacet
  facet normal 0 0 -1
    outer loop
      vertex -1.84173 -11.5349 0.6
      vertex -1.27444 -6.13756 0.6
      vertex -1.27444 -11.8624 0.6
    endloop
  endfacet
  facet normal 0 0 -1
    outer loop
      vertex -1.84173 -11.5349 0.6
      vertex -1.84173 -6.46508 0.6
      vertex -1.27444 -6.13756 0.6
    endloop
  endfacet
  facet normal 0 0 -1
    outer loop
      vertex -2.32852 -11.0966 0.6
      vertex -1.84173 -6.46508 0.6
      vertex -1.84173 -11.5349 0.6
    endloop
  endfacet
  facet normal 0 0 -1
    outer loop
      vertex -2.32852 -11.0966 0.6
      vertex -2.32852 -6.90339 0.6
      vertex -1.84173 -6.46508 0.6
    endloop
  endfacet
  facet normal 0 0 -1
    outer loop
      vertex -2.71355 -10.5667 0.6
      vertex -2.32852 -6.90339 0.6
      vertex -2.32852 -11.0966 0.6
    endloop
  endfacet
  facet normal 0 0 -1
    outer loop
      vertex -2.71355 -10.5667 0.6
      vertex -2.71355 -7.43333 0.6
      vertex -2.32852 -6.90339 0.6
    endloop
  endfacet
  facet normal 0 0 -1
    outer loop
      vertex -2.97998 -9.96825 0.6
      vertex -2.71355 -7.43333 0.6
      vertex -2.71355 -10.5667 0.6
    endloop
  endfacet
  facet normal 0 0 -1
    outer loop
      vertex -2.97998 -9.96825 0.6
      vertex -2.97998 -8.03175 0.6
      vertex -2.71355 -7.43333 0.6
    endloop
  endfacet
  facet normal 0 0 -1
    outer loop
      vertex -3.11617 -9.32752 0.6
      vertex -2.97998 -8.03175 0.6
      vertex -2.97998 -9.96825 0.6
    endloop
  endfacet
  facet normal 0 0 -1
    outer loop
      vertex -2.97998 -8.03175 0.6
      vertex -3.11617 -9.32752 0.6
      vertex -3.11617 -8.67248 0.6
    endloop
  endfacet
endsolid OpenSCAD_Model
